2025-12-12 23:05:18,648 [INFO] Activator:176 - 


2025-12-12 23:05:18,649 [INFO] Activator:177 - !SESSION log4j initialized
2025-12-12 23:05:20,403 [INFO] LogOutputStream:77 - [STDOUT_REDIRECT] 
2025-12-12 23:05:21,927 [INFO] ApplicationProperties:184 - Using Application install path: C:\ST\STM32CubeIDE_1.19.0\STM32CubeIDE\plugins\com.st.stm32cube.common.mx_6.15.0.202507011659
2025-12-12 23:05:21,941 [INFO] DbMcusXml:78 - Set database path to: C:\ST\STM32CubeIDE_1.19.0\STM32CubeIDE\plugins\com.st.stm32cube.common.mx_6.15.0.202507011659\\db\/mcu/
2025-12-12 23:05:21,941 [INFO] ApiDb:274 - Set plugin database path to: C:\ST\STM32CubeIDE_1.19.0\STM32CubeIDE\plugins\com.st.stm32cube.common.mx_6.15.0.202507011659\\db\/plugins/boardmanager/
2025-12-12 23:05:21,941 [WARN] ApiDb:259 - Overriding images path with different value:  => C:\ST\STM32CubeIDE_1.19.0\STM32CubeIDE\plugins\com.st.stm32cube.common.mx_6.15.0.202507011659\\db\/plugins/mcufinder/images/
2025-12-12 23:05:21,949 [INFO] ApiDb:250 - Set database path to: C:\Users\akash\.stmcufinder\plugins\mcufinder//mcu/
2025-12-12 23:05:21,950 [INFO] DbMcusAds:125 - Set database path to: C:\Users\akash\.stmcufinder\plugins\mcufinder//mcu/
2025-12-12 23:05:21,951 [INFO] CrossReferenceDbSqlite:203 - Set database path to: C:\Users\akash\.stmcufinder\plugins\mcufinder//mcu/cs/
2025-12-12 23:05:22,039 [INFO] RulesReader:64 - Compatibility file has been processed (317 Rules)
2025-12-12 23:05:22,095 [INFO] DbMcusXml:78 - Set database path to: C:\ST\STM32CubeIDE_1.19.0\STM32CubeIDE\plugins\com.st.stm32cube.common.mx_6.15.0.202507011659\\db\/mcu/
2025-12-12 23:05:22,095 [INFO] ApiDb:274 - Set plugin database path to: C:\ST\STM32CubeIDE_1.19.0\STM32CubeIDE\plugins\com.st.stm32cube.common.mx_6.15.0.202507011659\\db\/plugins/boardmanager/
2025-12-12 23:05:22,095 [INFO] ApiDb:261 - Set plugin images path to: C:\ST\STM32CubeIDE_1.19.0\STM32CubeIDE\plugins\com.st.stm32cube.common.mx_6.15.0.202507011659\\db\/plugins/mcufinder/images/
2025-12-12 23:05:22,095 [WARN] DbFile:41 - Overriding database path with different value: C:\Users\akash\.stmcufinder\plugins\mcufinder/ => C:\Users\akash\.stmcufinder\plugins\mcufinder
2025-12-12 23:05:22,095 [INFO] ApiDb:250 - Set database path to: C:\Users\akash\.stmcufinder\plugins\mcufinder//mcu/
2025-12-12 23:05:22,095 [WARN] DbFile:41 - Overriding database path with different value: C:\Users\akash\.stmcufinder\plugins\mcufinder/ => C:\Users\akash\.stmcufinder\plugins\mcufinder
2025-12-12 23:05:22,095 [INFO] DbMcusAds:125 - Set database path to: C:\Users\akash\.stmcufinder\plugins\mcufinder//mcu/
2025-12-12 23:05:22,096 [WARN] DbFile:41 - Overriding database path with different value: C:\Users\akash\.stmcufinder\plugins\mcufinder/ => C:\Users\akash\.stmcufinder\plugins\mcufinder
2025-12-12 23:05:22,096 [WARN] DbFile:41 - Overriding database path with different value: C:\Users\akash\.stmcufinder\plugins\mcufinder/ => C:\Users\akash\.stmcufinder\plugins\mcufinder
2025-12-12 23:05:22,096 [INFO] CrossReferenceDbSqlite:203 - Set database path to: C:\Users\akash\.stmcufinder\plugins\mcufinder//mcu/cs/
2025-12-12 23:05:22,148 [INFO] MainPanel:274 - HeapMemory: 268435456
2025-12-12 23:05:22,226 [INFO] DbMcusXml:78 - Set database path to: C:\ST\STM32CubeIDE_1.19.0\STM32CubeIDE\plugins\com.st.stm32cube.common.mx_6.15.0.202507011659\\db\/mcu/
2025-12-12 23:05:22,226 [INFO] ApiDb:274 - Set plugin database path to: C:\ST\STM32CubeIDE_1.19.0\STM32CubeIDE\plugins\com.st.stm32cube.common.mx_6.15.0.202507011659\\db\/plugins/boardmanager/
2025-12-12 23:05:22,226 [INFO] ApiDb:261 - Set plugin images path to: C:\ST\STM32CubeIDE_1.19.0\STM32CubeIDE\plugins\com.st.stm32cube.common.mx_6.15.0.202507011659\\db\/plugins/mcufinder/images/
2025-12-12 23:05:22,227 [WARN] DbFile:41 - Overriding database path with different value: C:\Users\akash\.stmcufinder\plugins\mcufinder/ => C:\Users\akash\.stmcufinder\plugins\mcufinder
2025-12-12 23:05:22,227 [INFO] ApiDb:250 - Set database path to: C:\Users\akash\.stmcufinder\plugins\mcufinder//mcu/
2025-12-12 23:05:22,227 [WARN] DbFile:41 - Overriding database path with different value: C:\Users\akash\.stmcufinder\plugins\mcufinder/ => C:\Users\akash\.stmcufinder\plugins\mcufinder
2025-12-12 23:05:22,227 [INFO] DbMcusAds:125 - Set database path to: C:\Users\akash\.stmcufinder\plugins\mcufinder//mcu/
2025-12-12 23:05:22,227 [WARN] DbFile:41 - Overriding database path with different value: C:\Users\akash\.stmcufinder\plugins\mcufinder/ => C:\Users\akash\.stmcufinder\plugins\mcufinder
2025-12-12 23:05:22,227 [WARN] DbFile:41 - Overriding database path with different value: C:\Users\akash\.stmcufinder\plugins\mcufinder/ => C:\Users\akash\.stmcufinder\plugins\mcufinder
2025-12-12 23:05:22,227 [INFO] CrossReferenceDbSqlite:203 - Set database path to: C:\Users\akash\.stmcufinder\plugins\mcufinder//mcu/cs/
2025-12-12 23:05:22,240 [INFO] ApplicationProperties:184 - Using Application install path: C:\ST\STM32CubeIDE_1.19.0\STM32CubeIDE\plugins\com.st.stm32cube.common.mx_6.15.0.202507011659
2025-12-12 23:05:22,241 [INFO] PluginManage:196 - Search for loadable plugins [exclusion list=, ]
2025-12-12 23:05:22,241 [INFO] PluginManage:310 - Check plugin analytics
2025-12-12 23:05:22,375 [INFO] AnalyticsPlugin:253 - Accepted Software Licenses: STM32CubeMX.6.15.0
2025-12-12 23:05:22,375 [INFO] AnalyticsPlugin:255 - Accepted CMSIS Pack Licenses: STMicroelectronics.X-CUBE-AZRTOS-H7.3.3.0,STMicroelectronics.X-CUBE-AZRTOS-H7.3.4.0
2025-12-12 23:05:22,375 [INFO] AnalyticsPlugin:257 - Accepted Firmware Licenses: FW.H7.1.12.0,FW.G0.1.6.0,FW.G4.1.6.0
2025-12-12 23:05:22,377 [INFO] PluginManage:359 - Loaded plugin analytics (category:tool,tabindex:-1)
2025-12-12 23:05:22,377 [INFO] PluginManage:310 - Check plugin cadmodel
2025-12-12 23:05:22,382 [INFO] CADModel:105 - Init CAD model plugin
2025-12-12 23:05:22,383 [INFO] PluginManage:359 - Loaded plugin cadmodel (category:power,tabindex:5)
2025-12-12 23:05:22,383 [INFO] PluginManage:310 - Check plugin clock
2025-12-12 23:05:22,391 [INFO] PluginManage:359 - Loaded plugin clock (category:base,tabindex:2)
2025-12-12 23:05:22,392 [INFO] PluginManage:310 - Check plugin ddr
2025-12-12 23:05:22,394 [INFO] PluginManage:359 - Loaded plugin ddr (category:tool,tabindex:6)
2025-12-12 23:05:22,394 [INFO] PluginManage:310 - Check plugin filemanager
2025-12-12 23:05:22,551 [INFO] PluginManage:359 - Loaded plugin filemanager (category:base,tabindex:10)
2025-12-12 23:05:22,551 [INFO] PluginManage:310 - Check plugin ipmanager
2025-12-12 23:05:22,556 [INFO] PluginManage:359 - Loaded plugin ipmanager (category:base,tabindex:5)
2025-12-12 23:05:22,556 [INFO] PluginManage:310 - Check plugin lpbam
2025-12-12 23:05:22,564 [INFO] PluginManage:359 - Loaded plugin lpbam (category:base,tabindex:0)
2025-12-12 23:05:22,564 [INFO] PluginManage:310 - Check plugin memorymap
2025-12-12 23:05:22,574 [INFO] PluginManage:359 - Loaded plugin memorymap (category:base,tabindex:4)
2025-12-12 23:05:22,574 [INFO] PluginManage:310 - Check plugin pinoutandconfiguration
2025-12-12 23:05:22,581 [INFO] PluginManage:359 - Loaded plugin pinoutandconfiguration (category:base,tabindex:1)
2025-12-12 23:05:22,581 [INFO] PluginManage:310 - Check plugin pinoutconfig
2025-12-12 23:05:22,646 [WARN] SupportedApi:132 - Cannot load RTOS API schema: s4s-elt-must-match.1: The content of 'definitions' must match (annotation?, (simpleType | complexType)?, (unique | key | keyref)*)). A problem was found starting at: attribute.
2025-12-12 23:05:22,745 [INFO] PluginManage:359 - Loaded plugin pinoutconfig (category:base,tabindex:0)
2025-12-12 23:05:22,746 [INFO] PluginManage:310 - Check plugin power
2025-12-12 23:05:22,753 [INFO] PluginManage:359 - Loaded plugin power (category:power,tabindex:4)
2025-12-12 23:05:22,753 [INFO] PluginManage:310 - Check plugin projectmanager
2025-12-12 23:05:22,763 [INFO] PluginManage:359 - Loaded plugin projectmanager (category:projectmanager,tabindex:4)
2025-12-12 23:05:22,763 [INFO] PluginManage:310 - Check plugin rif
2025-12-12 23:05:22,769 [INFO] PluginManage:359 - Loaded plugin rif (category:base,tabindex:3)
2025-12-12 23:05:22,769 [INFO] PluginManage:310 - Check plugin thirdparty
2025-12-12 23:05:22,862 [INFO] PluginManage:359 - Loaded plugin thirdparty (category:base,tabindex:-1)
2025-12-12 23:05:22,862 [WARN] IntegrityCheckThread:84 - waiting for thirdparty lock release [integrity check]
2025-12-12 23:05:22,862 [INFO] PluginManage:310 - Check plugin tools
2025-12-12 23:05:22,862 [INFO] IntegrityCheckThread:86 - entering critical section [integrity check]
2025-12-12 23:05:22,862 [INFO] ThirdPartyUpdaterWithRetryManager:70 - Updater plugin not ready yet. [1/15]
2025-12-12 23:05:22,864 [INFO] PluginManage:359 - Loaded plugin tools (category:base,tabindex:7)
2025-12-12 23:05:22,864 [INFO] PluginManage:310 - Check plugin tutovideos
2025-12-12 23:05:23,002 [INFO] PluginManage:359 - Loaded plugin tutovideos (category:base,tabindex:-1)
2025-12-12 23:05:23,003 [INFO] PluginManage:310 - Check plugin updater
2025-12-12 23:05:23,018 [INFO] PluginManage:359 - Loaded plugin updater (category:base,tabindex:12)
2025-12-12 23:05:23,018 [INFO] PluginManage:310 - Check plugin userauth
2025-12-12 23:05:23,021 [INFO] UserAuth:118 - Init User Auth plugin
2025-12-12 23:05:23,021 [INFO] PluginManage:359 - Loaded plugin userauth (category:base,tabindex:14)
2025-12-12 23:05:23,021 [INFO] PluginManage:283 - PluginManage : Loaded plugins [18]
2025-12-12 23:05:23,158 [INFO] PinOutPanel:1589 - setPackage(No Configuration,No Configuration)
2025-12-12 23:05:23,214 [INFO] CADModel:165 - CPN selected for project level
2025-12-12 23:05:23,214 [INFO] CADModel:114 - Register for checkConnection events
2025-12-12 23:05:23,225 [INFO] IPUIPlugin:80 - create IPUIPlugin
2025-12-12 23:05:23,226 [INFO] PluginManager:220 - loadIPPluginJar : add adc
2025-12-12 23:05:23,228 [INFO] IPUIPlugin:80 - create IPUIPlugin
2025-12-12 23:05:23,228 [INFO] PluginManager:220 - loadIPPluginJar : add aes
2025-12-12 23:05:23,229 [INFO] IPUIPlugin:80 - create IPUIPlugin
2025-12-12 23:05:23,229 [INFO] PluginManager:220 - loadIPPluginJar : add can
2025-12-12 23:05:23,231 [INFO] IPUIPlugin:80 - create IPUIPlugin
2025-12-12 23:05:23,231 [INFO] PluginManager:220 - loadIPPluginJar : add comp
2025-12-12 23:05:23,233 [INFO] IPUIPlugin:80 - create IPUIPlugin
2025-12-12 23:05:23,233 [INFO] PluginManager:220 - loadIPPluginJar : add cryp
2025-12-12 23:05:23,235 [INFO] IPUIPlugin:80 - create IPUIPlugin
2025-12-12 23:05:23,235 [INFO] PluginManager:220 - loadIPPluginJar : add ddr_ctrl_phy
2025-12-12 23:05:23,236 [INFO] IPUIPlugin:80 - create IPUIPlugin
2025-12-12 23:05:23,237 [INFO] PluginManager:220 - loadIPPluginJar : add dfsdm
2025-12-12 23:05:23,240 [INFO] IPUIPlugin:80 - create IPUIPlugin
2025-12-12 23:05:23,240 [INFO] PluginManager:220 - loadIPPluginJar : add dma
2025-12-12 23:05:23,243 [INFO] IPUIPlugin:80 - create IPUIPlugin
2025-12-12 23:05:23,244 [INFO] PluginManager:220 - loadIPPluginJar : add dma3
2025-12-12 23:05:23,246 [INFO] IPUIPlugin:80 - create IPUIPlugin
2025-12-12 23:05:23,246 [INFO] PluginManager:220 - loadIPPluginJar : add extmemmanager
2025-12-12 23:05:23,248 [INFO] IPUIPlugin:80 - create IPUIPlugin
2025-12-12 23:05:23,248 [INFO] PluginManager:220 - loadIPPluginJar : add fatfs
2025-12-12 23:05:23,251 [INFO] IPUIPlugin:80 - create IPUIPlugin
2025-12-12 23:05:23,251 [INFO] PluginManager:220 - loadIPPluginJar : add fmc
2025-12-12 23:05:23,254 [INFO] IPUIPlugin:80 - create IPUIPlugin
2025-12-12 23:05:23,256 [INFO] PluginManager:220 - loadIPPluginJar : add freertos
2025-12-12 23:05:23,256 [INFO] IPUIPlugin:80 - create IPUIPlugin
2025-12-12 23:05:23,256 [INFO] PluginManager:220 - loadIPPluginJar : add genericplugin
2025-12-12 23:05:23,258 [INFO] IPUIPlugin:80 - create IPUIPlugin
2025-12-12 23:05:23,258 [INFO] PluginManager:220 - loadIPPluginJar : add gfxmmu
2025-12-12 23:05:23,261 [INFO] IPUIPlugin:80 - create IPUIPlugin
2025-12-12 23:05:23,261 [INFO] PluginManager:220 - loadIPPluginJar : add gic
2025-12-12 23:05:23,265 [INFO] IPUIPlugin:80 - create IPUIPlugin
2025-12-12 23:05:23,265 [INFO] PluginManager:220 - loadIPPluginJar : add gpio
2025-12-12 23:05:23,266 [INFO] IPUIPlugin:80 - create IPUIPlugin
2025-12-12 23:05:23,266 [INFO] PluginManager:220 - loadIPPluginJar : add gtzc
2025-12-12 23:05:23,268 [INFO] IPUIPlugin:80 - create IPUIPlugin
2025-12-12 23:05:23,268 [INFO] PluginManager:220 - loadIPPluginJar : add hash
2025-12-12 23:05:23,270 [INFO] IPUIPlugin:80 - create IPUIPlugin
2025-12-12 23:05:23,270 [INFO] PluginManager:220 - loadIPPluginJar : add i2c
2025-12-12 23:05:23,272 [INFO] IPUIPlugin:80 - create IPUIPlugin
2025-12-12 23:05:23,272 [INFO] PluginManager:220 - loadIPPluginJar : add i2s
2025-12-12 23:05:23,275 [INFO] IPUIPlugin:80 - create IPUIPlugin
2025-12-12 23:05:23,275 [INFO] PluginManager:220 - loadIPPluginJar : add i3c
2025-12-12 23:05:23,277 [INFO] IPUIPlugin:80 - create IPUIPlugin
2025-12-12 23:05:23,277 [INFO] PluginManager:220 - loadIPPluginJar : add ipddr
2025-12-12 23:05:23,283 [INFO] IPUIPlugin:80 - create IPUIPlugin
2025-12-12 23:05:23,283 [INFO] PluginManager:220 - loadIPPluginJar : add linkedlist
2025-12-12 23:05:23,284 [INFO] IPUIPlugin:80 - create IPUIPlugin
2025-12-12 23:05:23,285 [INFO] PluginManager:220 - loadIPPluginJar : add lorawan
2025-12-12 23:05:23,286 [INFO] IPUIPlugin:80 - create IPUIPlugin
2025-12-12 23:05:23,286 [INFO] PluginManager:220 - loadIPPluginJar : add ltdc
2025-12-12 23:05:23,289 [INFO] IPUIPlugin:80 - create IPUIPlugin
2025-12-12 23:05:23,289 [INFO] PluginManager:220 - loadIPPluginJar : add mdma
2025-12-12 23:05:23,293 [INFO] IPUIPlugin:80 - create IPUIPlugin
2025-12-12 23:05:23,293 [INFO] PluginManager:220 - loadIPPluginJar : add nvic
2025-12-12 23:05:23,295 [INFO] IPUIPlugin:80 - create IPUIPlugin
2025-12-12 23:05:23,295 [INFO] PluginManager:220 - loadIPPluginJar : add opamp
2025-12-12 23:05:23,297 [INFO] IPUIPlugin:80 - create IPUIPlugin
2025-12-12 23:05:23,297 [INFO] PluginManager:220 - loadIPPluginJar : add openamp
2025-12-12 23:05:23,300 [INFO] IPUIPlugin:80 - create IPUIPlugin
2025-12-12 23:05:23,300 [INFO] PluginManager:220 - loadIPPluginJar : add pdm2pcm
2025-12-12 23:05:23,304 [INFO] IPUIPlugin:80 - create IPUIPlugin
2025-12-12 23:05:23,306 [INFO] PluginManager:220 - loadIPPluginJar : add plateformsettings
2025-12-12 23:05:23,308 [INFO] IPUIPlugin:80 - create IPUIPlugin
2025-12-12 23:05:23,308 [INFO] PluginManager:220 - loadIPPluginJar : add quadspi
2025-12-12 23:05:23,310 [INFO] IPUIPlugin:80 - create IPUIPlugin
2025-12-12 23:05:23,310 [INFO] PluginManager:220 - loadIPPluginJar : add radio
2025-12-12 23:05:23,314 [INFO] IPUIPlugin:80 - create IPUIPlugin
2025-12-12 23:05:23,314 [INFO] PluginManager:220 - loadIPPluginJar : add resmgrutility
2025-12-12 23:05:23,316 [INFO] IPUIPlugin:80 - create IPUIPlugin
2025-12-12 23:05:23,316 [INFO] PluginManager:220 - loadIPPluginJar : add sai
2025-12-12 23:05:23,318 [INFO] IPUIPlugin:80 - create IPUIPlugin
2025-12-12 23:05:23,318 [INFO] PluginManager:220 - loadIPPluginJar : add spi
2025-12-12 23:05:23,322 [INFO] IPUIPlugin:80 - create IPUIPlugin
2025-12-12 23:05:23,322 [INFO] PluginManager:220 - loadIPPluginJar : add stm32_wpan
2025-12-12 23:05:23,323 [INFO] IPUIPlugin:80 - create IPUIPlugin
2025-12-12 23:05:23,325 [INFO] PluginManager:220 - loadIPPluginJar : add tim
2025-12-12 23:05:23,327 [INFO] IPUIPlugin:80 - create IPUIPlugin
2025-12-12 23:05:23,327 [INFO] PluginManager:220 - loadIPPluginJar : add touchsensing
2025-12-12 23:05:23,328 [INFO] IPUIPlugin:80 - create IPUIPlugin
2025-12-12 23:05:23,328 [INFO] PluginManager:220 - loadIPPluginJar : add tracer_emb
2025-12-12 23:05:23,329 [INFO] IPUIPlugin:80 - create IPUIPlugin
2025-12-12 23:05:23,329 [INFO] PluginManager:220 - loadIPPluginJar : add ts
2025-12-12 23:05:23,331 [INFO] IPUIPlugin:80 - create IPUIPlugin
2025-12-12 23:05:23,331 [INFO] PluginManager:220 - loadIPPluginJar : add tsc
2025-12-12 23:05:23,332 [INFO] IPUIPlugin:80 - create IPUIPlugin
2025-12-12 23:05:23,332 [INFO] PluginManager:220 - loadIPPluginJar : add ucpd
2025-12-12 23:05:23,334 [INFO] IPUIPlugin:80 - create IPUIPlugin
2025-12-12 23:05:23,334 [INFO] PluginManager:220 - loadIPPluginJar : add usart
2025-12-12 23:05:23,336 [INFO] IPUIPlugin:80 - create IPUIPlugin
2025-12-12 23:05:23,336 [INFO] PluginManager:220 - loadIPPluginJar : add usbx
2025-12-12 23:05:23,447 [FATAL] Updater:351 - Updater called before beeing initialized
2025-12-12 23:05:23,466 [INFO] RulesReader:64 - Compatibility file has been processed (317 Rules)
2025-12-12 23:05:23,475 [INFO] RulesReader:64 - Compatibility file has been processed (317 Rules)
2025-12-12 23:05:23,479 [INFO] CADModel:165 - CPN selected for project level
2025-12-12 23:05:23,479 [INFO] CADModel:114 - Register for checkConnection events
2025-12-12 23:05:23,479 [FATAL] Updater:351 - Updater called before beeing initialized
2025-12-12 23:05:23,479 [ERROR] CADModel:125 - Updater not yet initialized, retry later 
2025-12-12 23:05:23,576 [FATAL] Updater:351 - Updater called before beeing initialized
2025-12-12 23:05:23,577 [INFO] CADModel:165 - CPN selected for project level
2025-12-12 23:05:23,577 [INFO] CADModel:114 - Register for checkConnection events
2025-12-12 23:05:23,577 [FATAL] Updater:351 - Updater called before beeing initialized
2025-12-12 23:05:23,577 [ERROR] CADModel:125 - Updater not yet initialized, retry later 
2025-12-12 23:05:23,579 [FATAL] Updater:351 - Updater called before beeing initialized
2025-12-12 23:05:23,651 [FATAL] Updater:351 - Updater called before beeing initialized
2025-12-12 23:05:23,655 [INFO] DbMcusAds:53 - JSON generation date=Mon Dec 08 06:28:09 PST 2025 (1765204089934)
2025-12-12 23:05:23,655 [FATAL] Updater:351 - Updater called before beeing initialized
2025-12-12 23:05:23,684 [WARN] DetailPanel:346 - Failed to get advertising image, set to default
2025-12-12 23:05:23,747 [FATAL] Updater:351 - Updater called before beeing initialized
2025-12-12 23:05:23,748 [FATAL] Updater:351 - Updater called before beeing initialized
2025-12-12 23:05:23,748 [FATAL] Updater:351 - Updater called before beeing initialized
2025-12-12 23:05:23,748 [WARN] DetailPanel:346 - Failed to get advertising image, set to default
2025-12-12 23:05:23,749 [FATAL] Updater:351 - Updater called before beeing initialized
2025-12-12 23:05:23,781 [ERROR] Updater:1198 - MainUpdater not yet initialized. External WinMGr cannot be set.
2025-12-12 23:05:23,782 [INFO] Updater:1134 - Updater Version found : 6.15.0
2025-12-12 23:05:23,793 [INFO] ApplicationProperties:184 - Using Application install path: C:\ST\STM32CubeIDE_1.19.0\STM32CubeIDE\plugins\com.st.stm32cube.common.mx_6.15.0.202507011659
2025-12-12 23:05:25,371 [ERROR] LogOutputStream:75 - [STDERR_REDIRECT] Dec 12, 2025 11:05:25 PM java.util.prefs.WindowsPreferences <init>
2025-12-12 23:05:25,375 [ERROR] LogOutputStream:75 - [STDERR_REDIRECT] WARNING: Could not open/create prefs root node Software\JavaSoft\Prefs at root 0xffffffff80000002. Windows RegCreateKeyEx(...) returned error code 5.
2025-12-12 23:05:25,375 [ERROR] LogOutputStream:75 - [STDERR_REDIRECT] 
2025-12-12 23:05:25,633 [INFO] MainUpdater:2872 - connection check result : 10
2025-12-12 23:05:25,633 [INFO] MainUpdater:3604 - Updater definition file requires update
2025-12-12 23:05:25,634 [INFO] MainUpdater:289 - Updater Check For Update Now.
2025-12-12 23:05:25,634 [INFO] MicroXplorer:498 - Change Database Version : DB.6.0.150
2025-12-12 23:05:25,639 [INFO] McuFinderGlobals:63 - Set McuFinder mode to 2 (CubeIDE integrated)
2025-12-12 23:05:25,640 [INFO] UserAuth:487 - Internet connection configuration mode: 1
2025-12-12 23:05:25,655 [INFO] JxBrowserEngine:152 - Initiate JxBrowser Engine with user profile folder
2025-12-12 23:05:25,689 [INFO] ServerAccessManage:452 - Complete download http(s) 200
2025-12-12 23:05:25,691 [INFO] ServerAccessManage:509 - Download File updaters.zip
2025-12-12 23:05:25,781 [INFO] FileExtend:248 - Unzip File : updaters.zip
2025-12-12 23:05:25,781 [INFO] FileExtend:263 - Standard Zip Deflate
2025-12-12 23:05:25,863 [WARN] MainUpdater:1193 - Updater busy. Cannot search thirdparties
2025-12-12 23:05:25,863 [INFO] ThirdPartyUpdaterWithRetryManager:96 - Updater plugin is busy. [1/15]
2025-12-12 23:05:26,027 [INFO] ServerAccessManage:452 - Complete download http(s) 200
2025-12-12 23:05:26,027 [INFO] ServerAccessManage:509 - Download File PacksControlFlags.xml
2025-12-12 23:05:26,121 [INFO] ServerAccessManage:452 - Complete download http(s) 200
2025-12-12 23:05:26,121 [INFO] ServerAccessManage:509 - Download File cubemx.pidx
2025-12-12 23:05:26,194 [INFO] LoadServerUpdatesThread:375 - End of LoadServerUpdate Thread
2025-12-12 23:05:26,343 [INFO] CheckServerUpdateThread:120 - End of CheckServer Thread
2025-12-12 23:05:26,667 [INFO] WebApp:169 - Instantiating new browser for Auth
2025-12-12 23:05:27,186 [INFO] WebApp:463 - Apply proxy settings
2025-12-12 23:05:27,186 [INFO] WebApp:548 - Chromium requires no authentication
2025-12-12 23:05:27,195 [INFO] WebApp:491 - Direct internet connection detected
2025-12-12 23:05:27,213 [INFO] WebApp:900 - Register for checkConnection events
2025-12-12 23:05:27,213 [INFO] WebApp:463 - Apply proxy settings
2025-12-12 23:05:27,213 [INFO] WebApp:548 - Chromium requires no authentication
2025-12-12 23:05:27,213 [INFO] WebApp:491 - Direct internet connection detected
2025-12-12 23:05:27,357 [INFO] WebApp:225 - Starting web application
2025-12-12 23:05:27,357 [INFO] WebApp:593 - Web application path used C:\ST\STM32CubeIDE_1.19.0\STM32CubeIDE\plugins\com.st.stm32cube.common.mx_6.15.0.202507011659\db\plugins\mcufinder\reactClient1\index.html
2025-12-12 23:05:27,362 [INFO] WebApp:191 - Connection restablished
2025-12-12 23:05:27,518 [INFO] UserAuth:487 - Internet connection configuration mode: 1
2025-12-12 23:05:27,758 [ERROR] LogOutputStream:75 - [STDERR_REDIRECT] [Fatal Error] :1:1: Premature end of file.
2025-12-12 23:05:27,759 [ERROR] LogOutputStream:75 - [STDERR_REDIRECT] 
2025-12-12 23:05:28,562 [ERROR] LogOutputStream:75 - [STDERR_REDIRECT] [Fatal Error] :1:1: Premature end of file.
2025-12-12 23:05:28,562 [ERROR] LogOutputStream:75 - [STDERR_REDIRECT] 
2025-12-12 23:05:29,081 [WARN] PackLoader:240 - Cannot read IP mode file for STMicroelectronics.FP-SNS-MOTENVWB1.1.4.0
2025-12-12 23:05:29,087 [WARN] PackLoader:240 - Cannot read IP mode file for STMicroelectronics.FP-ATR-ASTRA1.2.0.2
2025-12-12 23:05:29,093 [WARN] PackLoader:240 - Cannot read IP mode file for STMicroelectronics.X-CUBE-SMBUS.2.1.0
2025-12-12 23:05:29,097 [WARN] PackLoader:240 - Cannot read IP mode file for STMicroelectronics.X-CUBE-ST60.1.0.0
2025-12-12 23:05:29,120 [WARN] PackLoader:240 - Cannot read IP mode file for STMicroelectronics.X-CUBE-AZRTOS-F7.1.1.0
2025-12-12 23:05:29,127 [WARN] PackLoader:240 - Cannot read IP mode file for STMicroelectronics.FP-SNS-MOTENV1.5.1.0
2025-12-12 23:05:29,150 [WARN] PackLoader:240 - Cannot read IP mode file for Infineon.AIROC-Wi-Fi-Bluetooth-STM32.1.7.1
2025-12-12 23:05:29,176 [WARN] PackLoader:240 - Cannot read IP mode file for STMicroelectronics.X-CUBE-AZRTOS-H7.3.4.0
2025-12-12 23:05:29,337 [WARN] PackLoader:240 - Cannot read IP mode file for STMicroelectronics.X-CUBE-DISPLAY.3.0.0
2025-12-12 23:05:29,346 [WARN] PackLoader:240 - Cannot read IP mode file for STMicroelectronics.X-CUBE-NFC10.1.0.0
2025-12-12 23:05:29,350 [WARN] PackLoader:240 - Cannot read IP mode file for STMicroelectronics.X-CUBE-ST60.1.1.0
2025-12-12 23:05:29,356 [WARN] PackLoader:240 - Cannot read IP mode file for emotas.I-CUBE-CANOPEN.1.3.0
2025-12-12 23:05:29,360 [WARN] PackLoader:240 - Cannot read IP mode file for STMicroelectronics.X-CUBE-GNSS1.7.1.0
2025-12-12 23:05:29,367 [WARN] PackLoader:240 - Cannot read IP mode file for STMicroelectronics.FP-SNS-STBOX1.2.1.0
2025-12-12 23:05:29,372 [WARN] PackLoader:240 - Cannot read IP mode file for STMicroelectronics.FP-SNS-SMARTAG2.1.2.0
2025-12-12 23:05:29,374 [WARN] PackLoader:240 - Cannot read IP mode file for STMicroelectronics.FP-SNS-FLIGHT1.5.1.0
2025-12-12 23:05:29,381 [INFO] LogOutputStream:77 - [STDOUT_REDIRECT] 1 : Invalid condition id : UX_CORESTACK_Condition cause : null
2025-12-12 23:05:29,382 [INFO] LogOutputStream:77 - [STDOUT_REDIRECT] 1 : Invalid condition id : UX_CORESTACK_Condition cause : null
2025-12-12 23:05:29,382 [INFO] LogOutputStream:77 - [STDOUT_REDIRECT] 1 : Invalid condition id : UX_CORESTACK_Condition cause : null
2025-12-12 23:05:29,383 [INFO] LogOutputStream:77 - [STDOUT_REDIRECT] 1 : Invalid condition id : UX_CORESTACK_Condition cause : null
2025-12-12 23:05:29,384 [INFO] LogOutputStream:77 - [STDOUT_REDIRECT] 1 : Invalid condition id : UX_CORESTACK_Condition cause : null
2025-12-12 23:05:29,385 [WARN] PackLoader:240 - Cannot read IP mode file for STMicroelectronics.X-CUBE-AZRTOS-WL.2.0.0
2025-12-12 23:05:29,389 [WARN] PackLoader:240 - Cannot read IP mode file for STMicroelectronics.FP-SNS-MOTENV1.5.0.0
2025-12-12 23:05:29,401 [WARN] PackLoader:240 - Cannot read IP mode file for STMicroelectronics.X-CUBE-AZRTOS-H7RS.1.2.0
2025-12-12 23:05:29,408 [WARN] PackLoader:240 - Cannot read IP mode file for WES.I-CUBE-Cesium.1.3.0
2025-12-12 23:05:29,413 [WARN] PackLoader:240 - Cannot read IP mode file for STMicroelectronics.X-CUBE-BLE2.3.3.0
2025-12-12 23:05:29,423 [WARN] PackLoader:240 - Cannot read IP mode file for STMicroelectronics.X-CUBE-NFC9.1.0.0
2025-12-12 23:05:29,427 [WARN] PackLoader:240 - Cannot read IP mode file for wolfSSL.I-CUBE-wolfSSL.5.8.0
2025-12-12 23:05:29,430 [WARN] PackLoader:240 - Cannot read IP mode file for STMicroelectronics.X-CUBE-BLE1.7.1.0
2025-12-12 23:05:29,433 [WARN] PackLoader:240 - Cannot read IP mode file for wolfSSL.I-CUBE-wolfMQTT.1.19.2
2025-12-12 23:05:29,437 [WARN] PackLoader:240 - Cannot read IP mode file for STMicroelectronics.X-CUBE-FREERTOS.1.4.0
2025-12-12 23:05:29,442 [WARN] PackLoader:240 - Cannot read IP mode file for STMicroelectronics.X-CUBE-EEPRMA1.5.2.0
2025-12-12 23:05:29,447 [WARN] PackLoader:240 - Cannot read IP mode file for STMicroelectronics.X-CUBE-ST67W61.1.1.0
2025-12-12 23:05:29,451 [WARN] PackLoader:240 - Cannot read IP mode file for STMicroelectronics.X-CUBE-AI.10.1.0
2025-12-12 23:05:29,488 [WARN] PackLoader:240 - Cannot read IP mode file for STMicroelectronics.X-CUBE-MEMS1.12.0.0
2025-12-12 23:05:29,562 [WARN] PackLoader:240 - Cannot read IP mode file for STMicroelectronics.X-CUBE-AZRTOS-G0.1.1.0
2025-12-12 23:05:29,568 [ERROR] LogOutputStream:75 - [STDERR_REDIRECT] [Fatal Error] :1:1: Premature end of file.
2025-12-12 23:05:29,568 [ERROR] LogOutputStream:75 - [STDERR_REDIRECT] 
2025-12-12 23:05:29,569 [WARN] PackLoader:240 - Cannot read IP mode file for STMicroelectronics.X-CUBE-SAFEA1.1.2.2
2025-12-12 23:05:29,573 [WARN] PackLoader:240 - Cannot read IP mode file for STMicroelectronics.X-CUBE-NFC4.3.0.0
2025-12-12 23:05:29,581 [WARN] PackLoader:240 - Cannot read IP mode file for EmbeddedOffice.I-CUBE-FS-RTOS.1.0.1
2025-12-12 23:05:29,585 [WARN] PackLoader:240 - Cannot read IP mode file for STMicroelectronics.X-CUBE-WB05N.2.0.0
2025-12-12 23:05:29,588 [WARN] PackLoader:240 - Cannot read IP mode file for wolfSSL.I-CUBE-wolfTPM.3.8.0
2025-12-12 23:05:29,592 [WARN] PackLoader:240 - Cannot read IP mode file for STMicroelectronics.X-CUBE-TCPP.4.2.0
2025-12-12 23:05:29,597 [WARN] PackLoader:240 - Cannot read IP mode file for RealThread.X-CUBE-RT-Thread_Nano.4.1.1
2025-12-12 23:05:29,601 [WARN] PackLoader:240 - Cannot read IP mode file for STMicroelectronics.FP-ATR-SIGFOX1.3.2.0
2025-12-12 23:05:29,604 [WARN] PackLoader:240 - Cannot read IP mode file for ITTIA_DB.I-CUBE-ITTIADB.8.9.0
2025-12-12 23:05:29,608 [WARN] PackLoader:240 - Cannot read IP mode file for STMicroelectronics.X-CUBE-ST67W61.1.0.0
2025-12-12 23:05:29,611 [WARN] PackLoader:240 - Cannot read IP mode file for STMicroelectronics.X-CUBE-AI.10.2.0
2025-12-12 23:05:29,630 [WARN] PackLoader:240 - Cannot read IP mode file for SEGGER.I-CUBE-embOS.1.3.1
2025-12-12 23:05:29,656 [WARN] PackLoader:240 - Cannot read IP mode file for STMicroelectronics.X-CUBE-ALGOBUILD.1.4.0
2025-12-12 23:05:29,684 [WARN] PackLoader:240 - Cannot read IP mode file for STMicroelectronics.X-CUBE-MEMS1.11.3.0
2025-12-12 23:05:29,750 [WARN] PackLoader:240 - Cannot read IP mode file for STMicroelectronics.X-CUBE-PM33A1.1.0.0
2025-12-12 23:05:29,767 [WARN] PackLoader:240 - Cannot read IP mode file for STMicroelectronics.X-CUBE-AZRTOS-F4.1.1.0
2025-12-12 23:05:29,771 [WARN] PackLoader:240 - Cannot read IP mode file for Avnet-IotConnect.X-CUBE-IoTC-DA16k-PMOD.1.0.0
2025-12-12 23:05:29,773 [WARN] PackLoader:240 - Cannot read IP mode file for STMicroelectronics.X-CUBE-ISPU.2.1.0
2025-12-12 23:05:29,782 [WARN] PackLoader:240 - Cannot read IP mode file for STMicroelectronics.X-CUBE-IPS.3.2.0
2025-12-12 23:05:29,788 [WARN] PackLoader:240 - Cannot read IP mode file for STMicroelectronics.X-CUBE-NFC12.1.0.0
2025-12-12 23:05:29,798 [WARN] PackLoader:240 - Cannot read IP mode file for STMicroelectronics.X-CUBE-AZRTOS-L5.2.0.0
2025-12-12 23:05:29,804 [WARN] PackLoader:240 - Cannot read IP mode file for STMicroelectronics.X-CUBE-NFC6.3.1.0
2025-12-12 23:05:29,806 [WARN] PackLoader:240 - Cannot read IP mode file for STMicroelectronics.X-CUBE-FREERTOS.1.3.1
2025-12-12 23:05:29,810 [WARN] PackLoader:240 - Cannot read IP mode file for STMicroelectronics.X-CUBE-TOUCHGFX.4.26.0
2025-12-12 23:05:29,813 [WARN] PackLoader:240 - Cannot read IP mode file for STMicroelectronics.FP-SNS-STAIOTCFT.1.0.0
2025-12-12 23:05:29,817 [WARN] PackLoader:240 - Cannot read IP mode file for STMicroelectronics.X-CUBE-DPower.1.3.0
2025-12-12 23:05:29,827 [WARN] ConditionMgr:438 - getConditionDescription Invalid condition id : LAN8742 Phy interface Condition cause : null
2025-12-12 23:05:29,828 [WARN] PackLoader:240 - Cannot read IP mode file for STMicroelectronics.X-CUBE-AZRTOS-L4.2.0.0
2025-12-12 23:05:29,828 [WARN] ConditionMgr:1044 - genDependencies : Invalid condition id : LAN8742 Phy interface Condition cause : null
2025-12-12 23:05:29,829 [WARN] ConditionMgr:1044 - genDependencies : Invalid condition id : LAN8742 Phy interface Condition cause : null
2025-12-12 23:05:29,829 [WARN] ConditionMgr:1044 - genDependencies : Invalid condition id : LAN8742 Phy interface Condition cause : null
2025-12-12 23:05:29,833 [WARN] PackLoader:240 - Cannot read IP mode file for STMicroelectronics.X-CUBE-SFXS2LP1.4.0.0
2025-12-12 23:05:29,844 [WARN] PackLoader:240 - Cannot read IP mode file for STMicroelectronics.X-CUBE-AZRTOS-H7.3.3.0
2025-12-12 23:05:29,910 [WARN] PackLoader:240 - Cannot read IP mode file for STMicroelectronics.X-CUBE-BLEMGR.4.1.0
2025-12-12 23:05:29,919 [WARN] ConditionMgr:438 - getConditionDescription Invalid condition id : UX DEVICE CLASS RTOS Condition cause : null
2025-12-12 23:05:29,919 [WARN] ConditionMgr:438 - getConditionDescription Invalid condition id : UX DEVICE CLASS RTOS Condition cause : null
2025-12-12 23:05:29,920 [WARN] PackLoader:240 - Cannot read IP mode file for STMicroelectronics.X-CUBE-AZRTOS-WB.2.0.0
2025-12-12 23:05:29,920 [WARN] ConditionMgr:1044 - genDependencies : Invalid condition id : UX DEVICE CLASS RTOS Condition cause : null
2025-12-12 23:05:29,920 [WARN] ConditionMgr:1044 - genDependencies : Invalid condition id : UX DEVICE CLASS RTOS Condition cause : null
2025-12-12 23:05:29,921 [WARN] ConditionMgr:1044 - genDependencies : Invalid condition id : UX DEVICE CLASS RTOS Condition cause : null
2025-12-12 23:05:29,921 [WARN] ConditionMgr:1044 - genDependencies : Invalid condition id : UX DEVICE CLASS RTOS Condition cause : null
2025-12-12 23:05:29,921 [WARN] ConditionMgr:1044 - genDependencies : Invalid condition id : UX DEVICE CLASS RTOS Condition cause : null
2025-12-12 23:05:29,925 [WARN] PackLoader:240 - Cannot read IP mode file for STMicroelectronics.X-CUBE-GNSS1.7.0.1
2025-12-12 23:05:29,928 [WARN] PackLoader:240 - Cannot read IP mode file for STMicroelectronics.X-CUBE-TOUCHGFX.4.25.0
2025-12-12 23:05:29,931 [WARN] PackLoader:240 - Cannot read IP mode file for STMicroelectronics.FP-SNS-STBOX1.2.0.0
2025-12-12 23:05:29,936 [WARN] ConditionMgr:438 - getConditionDescription Invalid condition id : Cortex-A Device cause : null
2025-12-12 23:05:29,940 [WARN] ConditionMgr:1044 - genDependencies : Invalid condition id : Cortex-A Device cause : null
2025-12-12 23:05:29,940 [WARN] ConditionMgr:1044 - genDependencies : Invalid condition id : Cortex-A Device cause : null
2025-12-12 23:05:29,940 [WARN] ConditionMgr:1044 - genDependencies : Invalid condition id : Cortex-A Device cause : null
2025-12-12 23:05:29,945 [WARN] PackLoader:240 - Cannot read IP mode file for STMicroelectronics.X-CUBE-SUBG2.5.0.0
2025-12-12 23:05:29,957 [WARN] PackLoader:240 - Cannot read IP mode file for STMicroelectronics.X-CUBE-AZRTOS-H7RS.1.1.0
2025-12-12 23:05:29,962 [WARN] PackLoader:240 - Cannot read IP mode file for Cesanta.I-CUBE-Mongoose.7.13.0
2025-12-12 23:05:29,969 [WARN] PackLoader:240 - Cannot read IP mode file for STMicroelectronics.X-CUBE-AZRTOS-G4.2.0.0
2025-12-12 23:05:29,973 [WARN] PackLoader:240 - Cannot read IP mode file for wolfSSL.I-CUBE-wolfSSH.1.4.20
2025-12-12 23:05:29,976 [WARN] PackLoader:240 - Cannot read IP mode file for STMicroelectronics.X-CUBE-NFC7.2.0.0
2025-12-12 23:05:29,983 [WARN] PackLoader:240 - Cannot read IP mode file for STMicroelectronics.X-CUBE-IPS.3.1.0
2025-12-12 23:05:29,989 [WARN] PackLoader:240 - Cannot read IP mode file for STMicroelectronics.X-CUBE-ALS.1.0.2
2025-12-12 23:05:29,993 [WARN] PackLoader:240 - Cannot read IP mode file for STMicroelectronics.X-CUBE-STSE01.1.0.0
2025-12-12 23:05:29,998 [WARN] PackLoader:240 - Cannot read IP mode file for portGmbH.I-Cube-SoM-uGOAL.1.1.0
2025-12-12 23:05:30,004 [WARN] PackLoader:240 - Cannot read IP mode file for STMicroelectronics.X-CUBE-TOF1.3.4.3
2025-12-12 23:05:30,010 [INFO] ThirdParty:978 - Integrity check success = true
2025-12-12 23:05:30,010 [INFO] IntegrityCheckThread:100 - exiting critical section [integrity check]
2025-12-12 23:05:30,010 [INFO] IntegrityCheckThread:103 - End integrity checks thread
2025-12-12 23:05:30,561 [ERROR] LogOutputStream:75 - [STDERR_REDIRECT] [Fatal Error] :1:1: Premature end of file.
2025-12-12 23:05:30,562 [ERROR] LogOutputStream:75 - [STDERR_REDIRECT] 
2025-12-12 23:05:31,563 [ERROR] LogOutputStream:75 - [STDERR_REDIRECT] [Fatal Error] :1:1: Premature end of file.
2025-12-12 23:05:31,563 [ERROR] LogOutputStream:75 - [STDERR_REDIRECT] 
2025-12-12 23:05:32,580 [ERROR] LogOutputStream:75 - [STDERR_REDIRECT] [Fatal Error] :1:1: Premature end of file.
2025-12-12 23:05:32,580 [ERROR] LogOutputStream:75 - [STDERR_REDIRECT] 
2025-12-12 23:05:33,562 [ERROR] LogOutputStream:75 - [STDERR_REDIRECT] [Fatal Error] :1:1: Premature end of file.
2025-12-12 23:05:33,562 [ERROR] LogOutputStream:75 - [STDERR_REDIRECT] 
2025-12-12 23:05:34,568 [ERROR] LogOutputStream:75 - [STDERR_REDIRECT] [Fatal Error] :1:1: Premature end of file.
2025-12-12 23:05:34,568 [ERROR] LogOutputStream:75 - [STDERR_REDIRECT] 
2025-12-12 23:05:34,902 [INFO] McuFinderGlobals:63 - Set McuFinder mode to 2 (CubeIDE integrated)
2025-12-12 23:05:34,905 [INFO] MainUpdater:2872 - connection check result : 10
2025-12-12 23:05:34,906 [INFO] McuFinderGlobals:76 - Set McuFinderConnectedMode to true
2025-12-12 23:05:35,126 [INFO] ServerAccessManage:452 - Complete download http(s) 200
2025-12-12 23:05:35,127 [INFO] ServerAccessManage:509 - Download File mcusAds.json._tmp_
2025-12-12 23:05:35,234 [INFO] LoadUrlFilesThread:156 - End of LoadUrlFiles Thread
2025-12-12 23:05:35,434 [INFO] ServerAccessManage:452 - Complete download http(s) 200
2025-12-12 23:05:35,434 [INFO] ServerAccessManage:509 - Download File cube-finder-db.zip
2025-12-12 23:05:35,563 [ERROR] LogOutputStream:75 - [STDERR_REDIRECT] [Fatal Error] :1:1: Premature end of file.
2025-12-12 23:05:35,563 [ERROR] LogOutputStream:75 - [STDERR_REDIRECT] 
2025-12-12 23:05:36,157 [INFO] FileExtend:248 - Unzip File : cube-finder-db.zip
2025-12-12 23:05:36,157 [INFO] FileExtend:263 - Standard Zip Deflate
2025-12-12 23:05:36,570 [ERROR] LogOutputStream:75 - [STDERR_REDIRECT] [Fatal Error] :1:1: Premature end of file.
2025-12-12 23:05:36,571 [ERROR] LogOutputStream:75 - [STDERR_REDIRECT] 
2025-12-12 23:05:36,712 [INFO] LoadUrlFilesThread:156 - End of LoadUrlFiles Thread
2025-12-12 23:05:37,452 [INFO] ServerAccessManage:452 - Complete download http(s) 200
2025-12-12 23:05:37,453 [INFO] ServerAccessManage:509 - Download File crdb.zip
2025-12-12 23:05:37,578 [ERROR] LogOutputStream:75 - [STDERR_REDIRECT] [Fatal Error] :1:1: Premature end of file.
2025-12-12 23:05:37,579 [ERROR] LogOutputStream:75 - [STDERR_REDIRECT] 
2025-12-12 23:05:38,216 [INFO] FileExtend:248 - Unzip File : crdb.zip
2025-12-12 23:05:38,217 [INFO] FileExtend:263 - Standard Zip Deflate
2025-12-12 23:05:38,344 [INFO] LoadUrlFilesThread:156 - End of LoadUrlFiles Thread
2025-12-12 23:05:38,495 [INFO] ServerAccessManage:452 - Complete download http(s) 200
2025-12-12 23:05:38,495 [INFO] ServerAccessManage:509 - Download File tutoVideoDB.zip
2025-12-12 23:05:38,499 [INFO] FileExtend:248 - Unzip File : tutoVideoDB.zip
2025-12-12 23:05:38,499 [INFO] FileExtend:263 - Standard Zip Deflate
2025-12-12 23:05:38,561 [ERROR] LogOutputStream:75 - [STDERR_REDIRECT] [Fatal Error] :1:1: Premature end of file.
2025-12-12 23:05:38,563 [ERROR] LogOutputStream:75 - [STDERR_REDIRECT] 
2025-12-12 23:05:38,607 [INFO] LoadUrlFilesThread:156 - End of LoadUrlFiles Thread
2025-12-12 23:05:38,608 [WARN] DbFile:41 - Overriding database path with different value: C:\Users\akash\.stmcufinder\plugins\mcufinder/ => C:\Users\akash\.stmcufinder\plugins\mcufinder
2025-12-12 23:05:38,746 [INFO] ServerAccessManage:452 - Complete download http(s) 200
2025-12-12 23:05:38,747 [INFO] ServerAccessManage:509 - Download File api_config.json
2025-12-12 23:05:38,862 [INFO] LoadUrlFilesThread:156 - End of LoadUrlFiles Thread
2025-12-12 23:05:38,862 [INFO] DbMcusAds:53 - JSON generation date=Mon Dec 08 06:28:10 PST 2025 (1765204090004)
2025-12-12 23:05:38,875 [INFO] LoadUrlFilesThread:185 - End of LoadServerUrlFiles without Thread
2025-12-12 23:05:38,875 [INFO] TargetSelectorAdapter:259 - Refresh data is successful
2025-12-12 23:05:38,957 [INFO] ApiDb:581 - Connected to CubeFinder SQLite database (C:\Users\akash\.stmcufinder\plugins\mcufinder\mcu\cube-finder-db.db)
2025-12-12 23:05:39,014 [INFO] ApiDb:668 - CubeFinder database Data Model version=2.1
2025-12-12 23:05:39,014 [INFO] ApiDb:669 - CubeFinder database Configuration version=3.0.39
2025-12-12 23:05:39,014 [INFO] ApiDb:670 - CubeFinder database generation date=2025-11-05 (1762334721)
2025-12-12 23:05:39,014 [INFO] ApiDb:671 - CubeFinder database FW Pack versions=[FP-ATR-ASTRA1_V2.0.0, FP-SNS-FLIGHT1_V5.1.0, FP-SNS-MOTENV1_V5.1.0, FP-SNS-MOTENVWB1_V1.4.0, FP-SNS-SMARTAG2_V1.2.0, FP-SNS-STBOX1_V2.1.0, STM32Cube_FW_C0_V1.4.0, STM32Cube_FW_F4_V1.28.3, STM32Cube_FW_F7_V1.17.4, STM32Cube_FW_G0_V1.6.2, STM32Cube_FW_G4_V1.6.1, STM32Cube_FW_H5_V1.5.1, STM32Cube_FW_H7RS_V1.3.0, STM32Cube_FW_H7_V1.12.1, STM32Cube_FW_L0_V1.12.2, STM32Cube_FW_L4_V1.18.1, STM32Cube_FW_L5_V1.6.0, STM32Cube_FW_N6_V1.3.0, STM32Cube_FW_U0_V1.3.0, STM32Cube_FW_U3_V1.2.1, STM32Cube_FW_U5_V1.8.0, STM32Cube_FW_WB0_V1.4.0, STM32Cube_FW_WBA_V1.8.0, STM32Cube_FW_WB_V1.24.0, STM32Cube_FW_WL3_V1.3.0, STM32Cube_FW_WL_V1.4.0, X-CUBE-ALGOBUILD_V1.4.0, X-CUBE-ALS_V1.0.2, X-CUBE-AZRTOS-F4_V1.1.0, X-CUBE-AZRTOS-F7_V1.1.0, X-CUBE-AZRTOS-G0_V1.1.0, X-CUBE-AZRTOS-G4_V2.0.0, X-CUBE-AZRTOS-H7RS_V1.1.0, X-CUBE-AZRTOS-H7_V3.4.0, X-CUBE-AZRTOS-L4_V2.0.0, X-CUBE-AZRTOS-L5_V2.0.0, X-CUBE-AZRTOS-WB_V2.0.0, X-CUBE-AZRTOS-WL_V2.0.0, X-CUBE-BLE1_V7.1.0, X-CUBE-BLE2_V3.3.0, X-CUBE-BLEMGR_V4.1.0, X-CUBE-EEPRMA1_V5.2.0, X-CUBE-FREERTOS_V1.3.1, X-CUBE-GNSS1_V6.0.0, X-CUBE-MEMS1_V11.3.0, X-CUBE-NFC4_V3.0.0, X-CUBE-NFC7_V2.0.0, X-CUBE-SFXS2LP1_V4.0.0, X-CUBE-ST67W61_V1.1.0, X-CUBE-SUBG2_V5.0.0, X-CUBE-TOF1_V3.4.3]
2025-12-12 23:05:39,562 [ERROR] LogOutputStream:75 - [STDERR_REDIRECT] [Fatal Error] :1:1: Premature end of file.
2025-12-12 23:05:39,562 [ERROR] LogOutputStream:75 - [STDERR_REDIRECT] 
2025-12-12 23:05:40,561 [ERROR] LogOutputStream:75 - [STDERR_REDIRECT] [Fatal Error] :1:1: Premature end of file.
2025-12-12 23:05:40,562 [ERROR] LogOutputStream:75 - [STDERR_REDIRECT] 
2025-12-12 23:05:41,104 [INFO] ApiDb:240 - Found 880 in-development CPN: [B-G473E-ZEST1S, B-WB1M-WPAN1, B-WBA5M-WPAN, B-WL5M-SUBG1, NUCLEO-C031C6, NUCLEO-C051C8, NUCLEO-C071RB, NUCLEO-C092RC, NUCLEO-H503RB, NUCLEO-H533RE, NUCLEO-H563ZI, NUCLEO-H7S3L8, NUCLEO-N657X0-Q, NUCLEO-U031R8, NUCLEO-U083RC, NUCLEO-U385RG-Q, NUCLEO-U545RE-Q, NUCLEO-U5A5ZJ-Q, NUCLEO-WB05KZ, NUCLEO-WB07CC, NUCLEO-WB09KE, NUCLEO-WBA52CG, NUCLEO-WBA55CG, NUCLEO-WL33CC1, NUCLEO-WL33CC2, STEVAL-PROTEUS1, STEVAL-SMARTAG2, STEVAL-STWINBX1, STM320518-EVAL, STM32C0116-DK, STM32C011D6Y3TR, STM32C011D6Y6TR, STM32C011F4P3, STM32C011F4P6, STM32C011F4U3, STM32C011F4U6TR, STM32C011F6P3, STM32C011F6P6, STM32C011F6U3, STM32C011F6U6TR, STM32C011J4M3, STM32C011J4M6, STM32C011J6M3, STM32C011J6M6, STM32C0316-DK, STM32C031C4T3, STM32C031C4T6, STM32C031C4U3, STM32C031C4U6, STM32C031C6T3, STM32C031C6T6, STM32C031C6U3, STM32C031C6U6, STM32C031F4P3, STM32C031F4P6, STM32C031F6P3, STM32C031F6P6, STM32C031G4U3, STM32C031G4U6, STM32C031G6U3, STM32C031G6U6, STM32C031K4T3, STM32C031K4T6, STM32C031K4U3, STM32C031K4U6, STM32C031K6T3, STM32C031K6T6, STM32C031K6U3, STM32C031K6U6, STM32C051C6T6, STM32C051C6U6, STM32C051C8T6, STM32C051C8U6, STM32C051D8Y6TR, STM32C051F6P6, STM32C051F8P6, STM32C051G6U6, STM32C051G8U6, STM32C051K6T6, STM32C051K6U6, STM32C051K8T6, STM32C071C8T6, STM32C071C8T6N, STM32C071C8U6, STM32C071C8U6N, STM32C071CBT6, STM32C071CBT6N, STM32C071CBU6, STM32C071CBU6N, STM32C071F8P6, STM32C071F8P6N, STM32C071FBP6, STM32C071FBP6N, STM32C071FBY6TR, STM32C071G8U6, STM32C071G8U6N, STM32C071GBU6, STM32C071GBU6N, STM32C071K8T6, STM32C071K8T6N, STM32C071K8U6, STM32C071K8U6N, STM32C071KBT6, STM32C071KBT6N, STM32C071KBU6, STM32C071KBU6N, STM32C071R8T6, STM32C071R8T6N, STM32C071RBI6N, STM32C071RBT6, STM32C071RBT6N, STM32C091CBT6, STM32C091CBU6, STM32C091CCT6, STM32C091CCU6, STM32C091ECY6TR, STM32C091FBP6, STM32C091FCP6, STM32C091GBU6, STM32C091GCU6, STM32C091KBT6, STM32C091KBU6, STM32C091KCT6, STM32C091KCU6, STM32C091RBT6, STM32C091RCI6, STM32C091RCT6, STM32C092CBT6, STM32C092CBU6, STM32C092CCT6, STM32C092CCU6, STM32C092ECY6TR, STM32C092FBP6, STM32C092FCP6, STM32C092GBU6, STM32C092GCU6, STM32C092KBT6, STM32C092KBU6, STM32C092KCT6, STM32C092KCU6, STM32C092RBT6, STM32C092RCI6, STM32C092RCT6, STM32G071K8TXN, STM32G071K8UXN, STM32G081GBU6N, STM32G081KBT6N, STM32G081KBUXN, STM32G0B1CCT6N, STM32G0B1KCT6, STM32G0B1NEY6TR, STM32G0B1RCT6N, STM32G0C1CCT6, STM32G0C1CCT6N, STM32G0C1CCU6N, STM32G0C1CET6N, STM32G0C1CEU6N, STM32G0C1KCT6, STM32G0C1NEY6TR, STM32G0C1RCI6N, STM32G0C1RCT6N, STM32G0C1REI6N, STM32G0C1RET6N, STM32G0C1VCI6, STM32G0C1VEI6, STM32G411C6T3, STM32G411C6T6, STM32G411C6U3, STM32G411C6U6, STM32G411C8T3, STM32G411C8T6, STM32G411C8U3, STM32G411C8U6, STM32G411CBT3, STM32G411CBT6, STM32G411CBU3, STM32G411CBU6, STM32G411K6T3, STM32G411K6T6, STM32G411K6U3, STM32G411K6U6, STM32G411K8T3, STM32G411K8T6, STM32G411K8U3, STM32G411K8U6, STM32G411KBT3, STM32G411KBT6, STM32G411KBU3, STM32G411KBU6, STM32G411M6T3, STM32G411M6T6, STM32G411M8T3, STM32G411M8T6, STM32G411MBT3, STM32G411MBT6, STM32G411R6T3, STM32G411R6T6, STM32G411R8T3, STM32G411R8T6, STM32G411RBT3, STM32G411RBT6, STM32G414CBT3, STM32G414CBT6, STM32G414CBU3, STM32G414CBU6, STM32G414CCT3, STM32G414CCT6, STM32G414CCU3, STM32G414CCU6, STM32G414MBT3, STM32G414MBT6, STM32G414MCT3, STM32G414MCT6, STM32G414RBT3, STM32G414RBT6, STM32G414RCT3, STM32G414RCT6, STM32G414VBT3, STM32G414VBT6, STM32G414VCT3, STM32G414VCT6, STM32G431CBT3Z, STM32G431RBT3Z, STM32G471CCT6, STM32G471CCU6, STM32G471CET3, STM32G471CET6, STM32G471CEU3, STM32G471CEU6, STM32G471MCT6, STM32G471MET3, STM32G471MET6, STM32G471MEY6TR, STM32G471QCT6, STM32G471QET3, STM32G471RCT6, STM32G471RET3, STM32G471RET6, STM32G471VCH6, STM32G471VCI6, STM32G471VCT6, STM32G471VEH3, STM32G471VEH6, STM32G471VEI3, STM32G471VEI6, STM32G471VET3, STM32G471VET6, STM32G473QET3Z, STM32G473RET3Z, STM32G474CCT6, STM32G491RET3Z, STM32H503CBT6, STM32H503CBU6, STM32H503EBY6TR, STM32H503KBU6, STM32H503RBT6, STM32H523CCT6, STM32H523CCU6, STM32H523CET6, STM32H523CEU6, STM32H523HEY6TR, STM32H523RCT6, STM32H523RET6, STM32H523VCI6, STM32H523VCT6, STM32H523VEI6, STM32H523VET6, STM32H523ZCJ6, STM32H523ZCT6, STM32H523ZEJ6, STM32H523ZET6, STM32H533CET6, STM32H533CEU6, STM32H533HEY6TR, STM32H533RET6, STM32H533VEI6, STM32H533VET6, STM32H533ZEJ6, STM32H533ZET6, STM32H562AGI6, STM32H562AII6, STM32H562IGK6, STM32H562IGT6, STM32H562IIK6, STM32H562IIT6, STM32H562RGT6, STM32H562RGV6, STM32H562RIT6, STM32H562RIV6, STM32H562VGT6, STM32H562VIT6, STM32H562ZGT6, STM32H562ZIT6, STM32H563AGI6, STM32H563AII3Q, STM32H563AII6, STM32H563IGK6, STM32H563IGT6, STM32H563IIK3Q, STM32H563IIK6, STM32H563IIT3Q, STM32H563IIT6, STM32H563MIY3QTR, STM32H563RGT6, STM32H563RGV6, STM32H563RIT6, STM32H563RIV6, STM32H563VGT6, STM32H563VIT3Q, STM32H563VIT6, STM32H563ZGT6, STM32H563ZIT3Q, STM32H563ZIT6, STM32H573AII3Q, STM32H573AII6, STM32H573I-DK, STM32H573IIK3Q, STM32H573IIK6, STM32H573IIT3Q, STM32H573IIT6, STM32H573MIY3QTR, STM32H573RIT6, STM32H573RIV6, STM32H573VIT3Q, STM32H573VIT6, STM32H573ZIT3Q, STM32H573ZIT6, STM32H7R3A8I6, STM32H7R3I8K6, STM32H7R3I8T6, STM32H7R3L8H6, STM32H7R3L8H6H, STM32H7R3R8V6, STM32H7R3V8H6, STM32H7R3V8T6, STM32H7R3V8Y6TR, STM32H7R3Z8J6, STM32H7R3Z8T6, STM32H7R7A8I6, STM32H7R7I8K6, STM32H7R7I8T6, STM32H7R7L8H6, STM32H7R7L8H6H, STM32H7R7Z8J6, STM32H7S3A8I6, STM32H7S3I8K6, STM32H7S3I8T6, STM32H7S3L8H6, STM32H7S3L8H6H, STM32H7S3R8V6, STM32H7S3V8H6, STM32H7S3V8T6, STM32H7S3V8Y6TR, STM32H7S3Z8J6, STM32H7S3Z8T6, STM32H7S78-DK, STM32H7S7A8I6, STM32H7S7I8K6, STM32H7S7I8T6, STM32H7S7L8H6, STM32H7S7L8H6H, STM32H7S7Z8J6, STM32L4R5QGI6STR, STM32MP131AAE3, STM32MP131AAF3, STM32MP131AAG3, STM32MP131CAE3, STM32MP131CAF3, STM32MP131CAG3, STM32MP131DAE7, STM32MP131DAF7, STM32MP131DAG7, STM32MP131FAE7, STM32MP131FAF7, STM32MP131FAG7, STM32MP133AAE3, STM32MP133AAF3, STM32MP133AAG3, STM32MP133CAE3, STM32MP133CAF3, STM32MP133CAG3, STM32MP133DAE7, STM32MP133DAF7, STM32MP133DAG7, STM32MP133FAE7, STM32MP133FAF7, STM32MP133FAG7, STM32MP135AAE3, STM32MP135AAF3, STM32MP135AAG3, STM32MP135CAE3, STM32MP135CAF3, STM32MP135CAG3, STM32MP135DAE7, STM32MP135DAF7, STM32MP135DAG7, STM32MP135F-DK, STM32MP135FAE7, STM32MP135FAF7, STM32MP135FAF7T, STM32MP135FAF7U, STM32MP135FAG7, STM32MP211AAL3, STM32MP211AAM3, STM32MP211AAN3, STM32MP211AAO3, STM32MP211CAL3, STM32MP211CAM3, STM32MP211CAN3, STM32MP211CAO3, STM32MP211DAL3, STM32MP211DAM3, STM32MP211DAN3, STM32MP211DAO3, STM32MP211FAL3, STM32MP211FAM3, STM32MP211FAN3, STM32MP211FAO3, STM32MP213AAL3, STM32MP213AAM3, STM32MP213AAN3, STM32MP213AAO3, STM32MP213CAL3, STM32MP213CAM3, STM32MP213CAN3, STM32MP213CAO3, STM32MP213DAL3, STM32MP213DAM3, STM32MP213DAN3, STM32MP213DAO3, STM32MP213FAL3, STM32MP213FAM3, STM32MP213FAN3, STM32MP213FAO3, STM32MP215AAL3, STM32MP215AAM3, STM32MP215AAN3, STM32MP215AAO3, STM32MP215CAL3, STM32MP215CAM3, STM32MP215CAN3, STM32MP215CAO3, STM32MP215DAL3, STM32MP215DAM3, STM32MP215DAN3, STM32MP215DAO3, STM32MP215F-DK, STM32MP215FAL3, STM32MP215FAM3, STM32MP215FAN3, STM32MP215FAO3, STM32MP231AAJ3, STM32MP231AAK3, STM32MP231AAL3, STM32MP231CAJ3, STM32MP231CAK3, STM32MP231CAL3, STM32MP231DAJ3, STM32MP231DAK3, STM32MP231DAL3, STM32MP231FAJ3, STM32MP231FAK3, STM32MP231FAL3, STM32MP233AAJ3, STM32MP233AAK3, STM32MP233AAL3, STM32MP233CAJ3, STM32MP233CAK3, STM32MP233CAL3, STM32MP233DAJ3, STM32MP233DAK3, STM32MP233DAL3, STM32MP233FAJ3, STM32MP233FAK3, STM32MP233FAL3, STM32MP235AAJ3, STM32MP235AAK3, STM32MP235AAL3, STM32MP235CAJ3, STM32MP235CAK3, STM32MP235CAL3, STM32MP235DAJ3, STM32MP235DAK3, STM32MP235DAL3, STM32MP235FAJ3, STM32MP235FAK3, STM32MP235FAL3, STM32MP251AAI3, STM32MP251AAK3, STM32MP251AAL3, STM32MP251CAI3, STM32MP251CAK3, STM32MP251CAL3, STM32MP251DAI3, STM32MP251DAK3, STM32MP251DAL3, STM32MP251FAI3, STM32MP251FAK3, STM32MP251FAL3, STM32MP253AAI3, STM32MP253AAK3, STM32MP253AAL3, STM32MP253CAI3, STM32MP253CAK3, STM32MP253CAL3, STM32MP253DAI3, STM32MP253DAK3, STM32MP253DAL3, STM32MP253FAI3, STM32MP253FAK3, STM32MP253FAL3, STM32MP255AAI3, STM32MP255AAK3, STM32MP255AAL3, STM32MP255CAI3, STM32MP255CAK3, STM32MP255CAL3, STM32MP255DAI3, STM32MP255DAK3, STM32MP255DAL3, STM32MP255FAI3, STM32MP255FAK3, STM32MP255FAL3, STM32MP257AAI3, STM32MP257AAK3, STM32MP257AAL3, STM32MP257CAI3, STM32MP257CAK3, STM32MP257CAL3, STM32MP257DAI3, STM32MP257DAK3, STM32MP257DAL3, STM32MP257F-DK, STM32MP257F-EV1, STM32MP257FAI3, STM32MP257FAK3, STM32MP257FAL3, STM32N645A0H3Q, STM32N645B0H3Q, STM32N645I0H3Q, STM32N645L0H3Q, STM32N645X0H3Q, STM32N645Z0H3Q, STM32N647A0H3Q, STM32N647B0H3Q, STM32N647I0H3Q, STM32N647L0H3Q, STM32N647X0H3Q, STM32N647Z0H3Q, STM32N655A0H3Q, STM32N655B0H3Q, STM32N655I0H3Q, STM32N655L0H3Q, STM32N655X0H3Q, STM32N655Z0H3Q, STM32N6570-DK, STM32N657A0H3Q, STM32N657B0H3Q, STM32N657I0H3Q, STM32N657L0H3Q, STM32N657X0H3Q, STM32N657Z0H3Q, STM32U031C6T6, STM32U031C6U6, STM32U031C8T6, STM32U031C8U6, STM32U031F4P6, STM32U031F6P6, STM32U031F8P6, STM32U031G6Y6TR, STM32U031G8Y6TR, STM32U031K4U6, STM32U031K6U6, STM32U031K8U6, STM32U031R6I6, STM32U031R6T6, STM32U031R8I6, STM32U031R8T6, STM32U073C8T6, STM32U073C8U6, STM32U073CBT6, STM32U073CBU6, STM32U073CCT6, STM32U073CCU6, STM32U073H8Y6TR, STM32U073HBY6TR, STM32U073HCY6TR, STM32U073K8U6, STM32U073KBU6, STM32U073KCU6, STM32U073M8I6, STM32U073M8T6, STM32U073MBI6, STM32U073MBT6, STM32U073MCI6, STM32U073MCT6, STM32U073R8I6, STM32U073R8T6, STM32U073RBI6, STM32U073RBT6, STM32U073RCI6, STM32U073RCT6, STM32U083C-DK, STM32U083CCT6, STM32U083CCU6, STM32U083HCY6TR, STM32U083KCU6, STM32U083MCI6, STM32U083MCT6, STM32U083RCI6, STM32U083RCT6, STM32U375CET6, STM32U375CET6Q, STM32U375CEU6, STM32U375CEU6Q, STM32U375CEY6QTR, STM32U375CGT6, STM32U375CGT6Q, STM32U375CGU6, STM32U375CGU6Q, STM32U375CGY6QTR, STM32U375KEU6, STM32U375KGU6, STM32U375REI6, STM32U375REI6Q, STM32U375RET6, STM32U375RET6Q, STM32U375REY6GTR, STM32U375REY6QTR, STM32U375RGI6, STM32U375RGI6Q, STM32U375RGT6, STM32U375RGT6Q, STM32U375RGY6GTR, STM32U375RGY6QTR, STM32U375VEI6, STM32U375VEI6Q, STM32U375VET6, STM32U375VET6Q, STM32U375VGI6, STM32U375VGI6Q, STM32U375VGT6, STM32U375VGT6Q, STM32U385CGT6, STM32U385CGT6Q, STM32U385CGU6, STM32U385CGU6Q, STM32U385CGY6QTR, STM32U385KGU6, STM32U385RGI6, STM32U385RGI6Q, STM32U385RGT6, STM32U385RGT6Q, STM32U385RGY6GTR, STM32U385RGY6QTR, STM32U385VGI6, STM32U385VGI6Q, STM32U385VGT6, STM32U385VGT6Q, STM32U535CBT6, STM32U535CBT6Q, STM32U535CBU6, STM32U535CBU6Q, STM32U535CCT6, STM32U535CCT6Q, STM32U535CCU6, STM32U535CCU6Q, STM32U535CET6, STM32U535CET6Q, STM32U535CEU6, STM32U535CEU6Q, STM32U535JEY6QTR, STM32U535NCY6QTR, STM32U535NEY6QTR, STM32U535RBI6, STM32U535RBI6Q, STM32U535RBT6, STM32U535RBT6Q, STM32U535RCI6, STM32U535RCI6Q, STM32U535RCT6, STM32U535RCT6Q, STM32U535REI6, STM32U535REI6Q, STM32U535RET6, STM32U535RET6Q, STM32U535VCI6, STM32U535VCI6Q, STM32U535VCT6, STM32U535VCT6Q, STM32U535VEI6, STM32U535VEI6Q, STM32U535VET6, STM32U535VET6Q, STM32U545CET6, STM32U545CET6Q, STM32U545CEU6, STM32U545CEU6Q, STM32U545JEY6QTR, STM32U545NEY6QTR, STM32U545REI6, STM32U545REI6Q, STM32U545RET6, STM32U545RET6Q, STM32U545VEI6, STM32U545VEI6Q, STM32U545VET6, STM32U545VET6Q, STM32U595AIH6, STM32U595AIH6Q, STM32U595AJH6, STM32U595AJH6Q, STM32U595QII6, STM32U595QII6Q, STM32U595QJI6, STM32U595QJI6Q, STM32U595RIT6, STM32U595RIT6Q, STM32U595RJT6, STM32U595RJT6Q, STM32U595VIT6, STM32U595VIT6Q, STM32U595VJT6, STM32U595VJT6Q, STM32U595ZIT6, STM32U595ZIT6Q, STM32U595ZIY6QTR, STM32U595ZJT6, STM32U595ZJT6Q, STM32U595ZJY6QTR, STM32U599BJY6QTR, STM32U599NIH6Q, STM32U599NJH6Q, STM32U599VIT6Q, STM32U599VJT6, STM32U599VJT6Q, STM32U599ZIT6Q, STM32U599ZIY6QTR, STM32U599ZJT6Q, STM32U599ZJY6QTR, STM32U5A5AJH6, STM32U5A5AJH6Q, STM32U5A5QII3Q , STM32U5A5QJI6, STM32U5A5QJI6Q, STM32U5A5RJT6, STM32U5A5RJT6Q, STM32U5A5VJT6, STM32U5A5VJT6Q, STM32U5A5ZJT6, STM32U5A5ZJT6Q, STM32U5A5ZJY6QTR, STM32U5A9BJY6QTR, STM32U5A9J-DK, STM32U5A9NJH6Q, STM32U5A9VJT6Q, STM32U5A9ZJT6Q, STM32U5A9ZJY6QTR, STM32U5F7VIT6, STM32U5F7VIT6Q, STM32U5F7VJT6, STM32U5F7VJT6Q, STM32U5F9BJY6QTR, STM32U5F9NJH6Q, STM32U5F9VIT6Q, STM32U5F9VJT6Q, STM32U5F9ZIJ6QTR, STM32U5F9ZIT6Q, STM32U5F9ZJJ6QTR, STM32U5F9ZJT6Q, STM32U5G7VJT6, STM32U5G7VJT6Q, STM32U5G9BJY6QTR, STM32U5G9J-DK1, STM32U5G9J-DK2, STM32U5G9NJH6Q, STM32U5G9VJT6Q, STM32U5G9ZJJ6QTR, STM32U5G9ZJT6Q, STM32WB05KZV6TR, STM32WB05KZV7TR, STM32WB05TZF6TR, STM32WB05TZF7TR, STM32WB06CCF6TR, STM32WB06CCF7TR, STM32WB06CCV6TR, STM32WB06CCV7TR, STM32WB06KCV6TR, STM32WB06KCV7TR, STM32WB07CCF6TR, STM32WB07CCF7TR, STM32WB07CCV6TR, STM32WB07CCV7TR, STM32WB07KCV6TR, STM32WB07KCV7TR, STM32WB09KEV6TR, STM32WB09KEV7TR, STM32WB09TEF6TR, STM32WB09TEF7TR, STM32WB1MMCH6, STM32WBA50KGU6, STM32WBA50KGU6TR, STM32WBA52CEU6, STM32WBA52CEU6TR, STM32WBA52CEU7, STM32WBA52CEU7TR, STM32WBA52CGU6, STM32WBA52CGU6TR, STM32WBA52CGU6U, STM32WBA52CGU7, STM32WBA52CGU7TR, STM32WBA52KEU6, STM32WBA52KEU6TR, STM32WBA52KGU6, STM32WBA52KGU6TR, STM32WBA54CEU6, STM32WBA54CEU6TR, STM32WBA54CEU7, STM32WBA54CEU7TR, STM32WBA54CGU6, STM32WBA54CGU6TR, STM32WBA54CGU7, STM32WBA54CGU7TR, STM32WBA54KEU6, STM32WBA54KEU6TR, STM32WBA54KEU7, STM32WBA54KEU7TR, STM32WBA54KGU6, STM32WBA54KGU6TR, STM32WBA54KGU7, STM32WBA54KGU7TR, STM32WBA55CEU6, STM32WBA55CEU6TR, STM32WBA55CEU7, STM32WBA55CEU7TR, STM32WBA55CGU6, STM32WBA55CGU6TR, STM32WBA55CGU6U, STM32WBA55CGU7, STM32WBA55CGU7TR, STM32WBA55G-DK1, STM32WBA55HEF6, STM32WBA55HEF7, STM32WBA55HGF6, STM32WBA55HGF7, STM32WBA55UEI6, STM32WBA55UEI6TR, STM32WBA55UEI7, STM32WBA55UEI7TR, STM32WBA55UGI6, STM32WBA55UGI6TR, STM32WBA55UGI7, STM32WBA55UGI7TR, STM32WBA5MMGH6TR, STM32WBA62MGF6, STM32WBA62MIF6, STM32WBA65MGF7, STM32WBA65MIF6, STM32WBA65MIF7, STM32WL30K8V6, STM32WL30KBV6, STM32WL31C8V6, STM32WL31CBV6, STM32WL31K8V6, STM32WL31KBV6, STM32WL33C8V6, STM32WL33C8V6X, STM32WL33CBV6, STM32WL33CBV6X, STM32WL33CCV6, STM32WL33CCV6A, STM32WL33CCV6X, STM32WL33K8V7, STM32WL33K8V7X, STM32WL33KBV7 , STM32WL33KBV7X, STM32WL33KCV7, STM32WL33KCV7X, STM32WL5MOCH6, STM32WL5MOCH6TR]
2025-12-12 23:05:41,110 [INFO] DbMcus:218 - Found 4876 MCUs, 4876 are supported
2025-12-12 23:05:41,111 [INFO] ApiDb:423 - Load user favorites file C:\Users\akash/.stm32cubeide/favorites.mcus.txt: 0 item(s)
2025-12-12 23:05:41,111 [INFO] ApiDb:427 - User favorites MCUs=[]
2025-12-12 23:05:41,111 [INFO] DbMcus:224 - Set 0 / 0 favorites MCUs
2025-12-12 23:05:41,426 [INFO] ApiDb:668 - CubeFinder database Data Model version=2.1
2025-12-12 23:05:41,426 [INFO] ApiDb:669 - CubeFinder database Configuration version=3.0.39
2025-12-12 23:05:41,426 [INFO] ApiDb:670 - CubeFinder database generation date=2025-11-05 (1762334721)
2025-12-12 23:05:41,426 [INFO] ApiDb:671 - CubeFinder database FW Pack versions=[FP-ATR-ASTRA1_V2.0.0, FP-SNS-FLIGHT1_V5.1.0, FP-SNS-MOTENV1_V5.1.0, FP-SNS-MOTENVWB1_V1.4.0, FP-SNS-SMARTAG2_V1.2.0, FP-SNS-STBOX1_V2.1.0, STM32Cube_FW_C0_V1.4.0, STM32Cube_FW_F4_V1.28.3, STM32Cube_FW_F7_V1.17.4, STM32Cube_FW_G0_V1.6.2, STM32Cube_FW_G4_V1.6.1, STM32Cube_FW_H5_V1.5.1, STM32Cube_FW_H7RS_V1.3.0, STM32Cube_FW_H7_V1.12.1, STM32Cube_FW_L0_V1.12.2, STM32Cube_FW_L4_V1.18.1, STM32Cube_FW_L5_V1.6.0, STM32Cube_FW_N6_V1.3.0, STM32Cube_FW_U0_V1.3.0, STM32Cube_FW_U3_V1.2.1, STM32Cube_FW_U5_V1.8.0, STM32Cube_FW_WB0_V1.4.0, STM32Cube_FW_WBA_V1.8.0, STM32Cube_FW_WB_V1.24.0, STM32Cube_FW_WL3_V1.3.0, STM32Cube_FW_WL_V1.4.0, X-CUBE-ALGOBUILD_V1.4.0, X-CUBE-ALS_V1.0.2, X-CUBE-AZRTOS-F4_V1.1.0, X-CUBE-AZRTOS-F7_V1.1.0, X-CUBE-AZRTOS-G0_V1.1.0, X-CUBE-AZRTOS-G4_V2.0.0, X-CUBE-AZRTOS-H7RS_V1.1.0, X-CUBE-AZRTOS-H7_V3.4.0, X-CUBE-AZRTOS-L4_V2.0.0, X-CUBE-AZRTOS-L5_V2.0.0, X-CUBE-AZRTOS-WB_V2.0.0, X-CUBE-AZRTOS-WL_V2.0.0, X-CUBE-BLE1_V7.1.0, X-CUBE-BLE2_V3.3.0, X-CUBE-BLEMGR_V4.1.0, X-CUBE-EEPRMA1_V5.2.0, X-CUBE-FREERTOS_V1.3.1, X-CUBE-GNSS1_V6.0.0, X-CUBE-MEMS1_V11.3.0, X-CUBE-NFC4_V3.0.0, X-CUBE-NFC7_V2.0.0, X-CUBE-SFXS2LP1_V4.0.0, X-CUBE-ST67W61_V1.1.0, X-CUBE-SUBG2_V5.0.0, X-CUBE-TOF1_V3.4.3]
2025-12-12 23:05:41,467 [INFO] DbBoardsSqlite:226 - include board P-NUCLEO-WB55-NUCLEO as a kit item of type 'Nucleo-64'
2025-12-12 23:05:41,468 [INFO] DbBoardsSqlite:226 - include board P-NUCLEO-WB55-USBDONGLE as a kit item of type 'Nucleo USB Dongle'
2025-12-12 23:05:41,468 [INFO] DbBoardsSqlite:226 - include board STEVAL-IDP005V1 as a kit item of type 'Evaluation Board'
2025-12-12 23:05:41,468 [INFO] DbBoardsSqlite:226 - include board STEVAL-IDP005V2 as a kit item of type 'Evaluation Board'
2025-12-12 23:05:41,519 [INFO] ApiDb:240 - Found 880 in-development CPN: [B-G473E-ZEST1S, B-WB1M-WPAN1, B-WBA5M-WPAN, B-WL5M-SUBG1, NUCLEO-C031C6, NUCLEO-C051C8, NUCLEO-C071RB, NUCLEO-C092RC, NUCLEO-H503RB, NUCLEO-H533RE, NUCLEO-H563ZI, NUCLEO-H7S3L8, NUCLEO-N657X0-Q, NUCLEO-U031R8, NUCLEO-U083RC, NUCLEO-U385RG-Q, NUCLEO-U545RE-Q, NUCLEO-U5A5ZJ-Q, NUCLEO-WB05KZ, NUCLEO-WB07CC, NUCLEO-WB09KE, NUCLEO-WBA52CG, NUCLEO-WBA55CG, NUCLEO-WL33CC1, NUCLEO-WL33CC2, STEVAL-PROTEUS1, STEVAL-SMARTAG2, STEVAL-STWINBX1, STM320518-EVAL, STM32C0116-DK, STM32C011D6Y3TR, STM32C011D6Y6TR, STM32C011F4P3, STM32C011F4P6, STM32C011F4U3, STM32C011F4U6TR, STM32C011F6P3, STM32C011F6P6, STM32C011F6U3, STM32C011F6U6TR, STM32C011J4M3, STM32C011J4M6, STM32C011J6M3, STM32C011J6M6, STM32C0316-DK, STM32C031C4T3, STM32C031C4T6, STM32C031C4U3, STM32C031C4U6, STM32C031C6T3, STM32C031C6T6, STM32C031C6U3, STM32C031C6U6, STM32C031F4P3, STM32C031F4P6, STM32C031F6P3, STM32C031F6P6, STM32C031G4U3, STM32C031G4U6, STM32C031G6U3, STM32C031G6U6, STM32C031K4T3, STM32C031K4T6, STM32C031K4U3, STM32C031K4U6, STM32C031K6T3, STM32C031K6T6, STM32C031K6U3, STM32C031K6U6, STM32C051C6T6, STM32C051C6U6, STM32C051C8T6, STM32C051C8U6, STM32C051D8Y6TR, STM32C051F6P6, STM32C051F8P6, STM32C051G6U6, STM32C051G8U6, STM32C051K6T6, STM32C051K6U6, STM32C051K8T6, STM32C071C8T6, STM32C071C8T6N, STM32C071C8U6, STM32C071C8U6N, STM32C071CBT6, STM32C071CBT6N, STM32C071CBU6, STM32C071CBU6N, STM32C071F8P6, STM32C071F8P6N, STM32C071FBP6, STM32C071FBP6N, STM32C071FBY6TR, STM32C071G8U6, STM32C071G8U6N, STM32C071GBU6, STM32C071GBU6N, STM32C071K8T6, STM32C071K8T6N, STM32C071K8U6, STM32C071K8U6N, STM32C071KBT6, STM32C071KBT6N, STM32C071KBU6, STM32C071KBU6N, STM32C071R8T6, STM32C071R8T6N, STM32C071RBI6N, STM32C071RBT6, STM32C071RBT6N, STM32C091CBT6, STM32C091CBU6, STM32C091CCT6, STM32C091CCU6, STM32C091ECY6TR, STM32C091FBP6, STM32C091FCP6, STM32C091GBU6, STM32C091GCU6, STM32C091KBT6, STM32C091KBU6, STM32C091KCT6, STM32C091KCU6, STM32C091RBT6, STM32C091RCI6, STM32C091RCT6, STM32C092CBT6, STM32C092CBU6, STM32C092CCT6, STM32C092CCU6, STM32C092ECY6TR, STM32C092FBP6, STM32C092FCP6, STM32C092GBU6, STM32C092GCU6, STM32C092KBT6, STM32C092KBU6, STM32C092KCT6, STM32C092KCU6, STM32C092RBT6, STM32C092RCI6, STM32C092RCT6, STM32G071K8TXN, STM32G071K8UXN, STM32G081GBU6N, STM32G081KBT6N, STM32G081KBUXN, STM32G0B1CCT6N, STM32G0B1KCT6, STM32G0B1NEY6TR, STM32G0B1RCT6N, STM32G0C1CCT6, STM32G0C1CCT6N, STM32G0C1CCU6N, STM32G0C1CET6N, STM32G0C1CEU6N, STM32G0C1KCT6, STM32G0C1NEY6TR, STM32G0C1RCI6N, STM32G0C1RCT6N, STM32G0C1REI6N, STM32G0C1RET6N, STM32G0C1VCI6, STM32G0C1VEI6, STM32G411C6T3, STM32G411C6T6, STM32G411C6U3, STM32G411C6U6, STM32G411C8T3, STM32G411C8T6, STM32G411C8U3, STM32G411C8U6, STM32G411CBT3, STM32G411CBT6, STM32G411CBU3, STM32G411CBU6, STM32G411K6T3, STM32G411K6T6, STM32G411K6U3, STM32G411K6U6, STM32G411K8T3, STM32G411K8T6, STM32G411K8U3, STM32G411K8U6, STM32G411KBT3, STM32G411KBT6, STM32G411KBU3, STM32G411KBU6, STM32G411M6T3, STM32G411M6T6, STM32G411M8T3, STM32G411M8T6, STM32G411MBT3, STM32G411MBT6, STM32G411R6T3, STM32G411R6T6, STM32G411R8T3, STM32G411R8T6, STM32G411RBT3, STM32G411RBT6, STM32G414CBT3, STM32G414CBT6, STM32G414CBU3, STM32G414CBU6, STM32G414CCT3, STM32G414CCT6, STM32G414CCU3, STM32G414CCU6, STM32G414MBT3, STM32G414MBT6, STM32G414MCT3, STM32G414MCT6, STM32G414RBT3, STM32G414RBT6, STM32G414RCT3, STM32G414RCT6, STM32G414VBT3, STM32G414VBT6, STM32G414VCT3, STM32G414VCT6, STM32G431CBT3Z, STM32G431RBT3Z, STM32G471CCT6, STM32G471CCU6, STM32G471CET3, STM32G471CET6, STM32G471CEU3, STM32G471CEU6, STM32G471MCT6, STM32G471MET3, STM32G471MET6, STM32G471MEY6TR, STM32G471QCT6, STM32G471QET3, STM32G471RCT6, STM32G471RET3, STM32G471RET6, STM32G471VCH6, STM32G471VCI6, STM32G471VCT6, STM32G471VEH3, STM32G471VEH6, STM32G471VEI3, STM32G471VEI6, STM32G471VET3, STM32G471VET6, STM32G473QET3Z, STM32G473RET3Z, STM32G474CCT6, STM32G491RET3Z, STM32H503CBT6, STM32H503CBU6, STM32H503EBY6TR, STM32H503KBU6, STM32H503RBT6, STM32H523CCT6, STM32H523CCU6, STM32H523CET6, STM32H523CEU6, STM32H523HEY6TR, STM32H523RCT6, STM32H523RET6, STM32H523VCI6, STM32H523VCT6, STM32H523VEI6, STM32H523VET6, STM32H523ZCJ6, STM32H523ZCT6, STM32H523ZEJ6, STM32H523ZET6, STM32H533CET6, STM32H533CEU6, STM32H533HEY6TR, STM32H533RET6, STM32H533VEI6, STM32H533VET6, STM32H533ZEJ6, STM32H533ZET6, STM32H562AGI6, STM32H562AII6, STM32H562IGK6, STM32H562IGT6, STM32H562IIK6, STM32H562IIT6, STM32H562RGT6, STM32H562RGV6, STM32H562RIT6, STM32H562RIV6, STM32H562VGT6, STM32H562VIT6, STM32H562ZGT6, STM32H562ZIT6, STM32H563AGI6, STM32H563AII3Q, STM32H563AII6, STM32H563IGK6, STM32H563IGT6, STM32H563IIK3Q, STM32H563IIK6, STM32H563IIT3Q, STM32H563IIT6, STM32H563MIY3QTR, STM32H563RGT6, STM32H563RGV6, STM32H563RIT6, STM32H563RIV6, STM32H563VGT6, STM32H563VIT3Q, STM32H563VIT6, STM32H563ZGT6, STM32H563ZIT3Q, STM32H563ZIT6, STM32H573AII3Q, STM32H573AII6, STM32H573I-DK, STM32H573IIK3Q, STM32H573IIK6, STM32H573IIT3Q, STM32H573IIT6, STM32H573MIY3QTR, STM32H573RIT6, STM32H573RIV6, STM32H573VIT3Q, STM32H573VIT6, STM32H573ZIT3Q, STM32H573ZIT6, STM32H7R3A8I6, STM32H7R3I8K6, STM32H7R3I8T6, STM32H7R3L8H6, STM32H7R3L8H6H, STM32H7R3R8V6, STM32H7R3V8H6, STM32H7R3V8T6, STM32H7R3V8Y6TR, STM32H7R3Z8J6, STM32H7R3Z8T6, STM32H7R7A8I6, STM32H7R7I8K6, STM32H7R7I8T6, STM32H7R7L8H6, STM32H7R7L8H6H, STM32H7R7Z8J6, STM32H7S3A8I6, STM32H7S3I8K6, STM32H7S3I8T6, STM32H7S3L8H6, STM32H7S3L8H6H, STM32H7S3R8V6, STM32H7S3V8H6, STM32H7S3V8T6, STM32H7S3V8Y6TR, STM32H7S3Z8J6, STM32H7S3Z8T6, STM32H7S78-DK, STM32H7S7A8I6, STM32H7S7I8K6, STM32H7S7I8T6, STM32H7S7L8H6, STM32H7S7L8H6H, STM32H7S7Z8J6, STM32L4R5QGI6STR, STM32MP131AAE3, STM32MP131AAF3, STM32MP131AAG3, STM32MP131CAE3, STM32MP131CAF3, STM32MP131CAG3, STM32MP131DAE7, STM32MP131DAF7, STM32MP131DAG7, STM32MP131FAE7, STM32MP131FAF7, STM32MP131FAG7, STM32MP133AAE3, STM32MP133AAF3, STM32MP133AAG3, STM32MP133CAE3, STM32MP133CAF3, STM32MP133CAG3, STM32MP133DAE7, STM32MP133DAF7, STM32MP133DAG7, STM32MP133FAE7, STM32MP133FAF7, STM32MP133FAG7, STM32MP135AAE3, STM32MP135AAF3, STM32MP135AAG3, STM32MP135CAE3, STM32MP135CAF3, STM32MP135CAG3, STM32MP135DAE7, STM32MP135DAF7, STM32MP135DAG7, STM32MP135F-DK, STM32MP135FAE7, STM32MP135FAF7, STM32MP135FAF7T, STM32MP135FAF7U, STM32MP135FAG7, STM32MP211AAL3, STM32MP211AAM3, STM32MP211AAN3, STM32MP211AAO3, STM32MP211CAL3, STM32MP211CAM3, STM32MP211CAN3, STM32MP211CAO3, STM32MP211DAL3, STM32MP211DAM3, STM32MP211DAN3, STM32MP211DAO3, STM32MP211FAL3, STM32MP211FAM3, STM32MP211FAN3, STM32MP211FAO3, STM32MP213AAL3, STM32MP213AAM3, STM32MP213AAN3, STM32MP213AAO3, STM32MP213CAL3, STM32MP213CAM3, STM32MP213CAN3, STM32MP213CAO3, STM32MP213DAL3, STM32MP213DAM3, STM32MP213DAN3, STM32MP213DAO3, STM32MP213FAL3, STM32MP213FAM3, STM32MP213FAN3, STM32MP213FAO3, STM32MP215AAL3, STM32MP215AAM3, STM32MP215AAN3, STM32MP215AAO3, STM32MP215CAL3, STM32MP215CAM3, STM32MP215CAN3, STM32MP215CAO3, STM32MP215DAL3, STM32MP215DAM3, STM32MP215DAN3, STM32MP215DAO3, STM32MP215F-DK, STM32MP215FAL3, STM32MP215FAM3, STM32MP215FAN3, STM32MP215FAO3, STM32MP231AAJ3, STM32MP231AAK3, STM32MP231AAL3, STM32MP231CAJ3, STM32MP231CAK3, STM32MP231CAL3, STM32MP231DAJ3, STM32MP231DAK3, STM32MP231DAL3, STM32MP231FAJ3, STM32MP231FAK3, STM32MP231FAL3, STM32MP233AAJ3, STM32MP233AAK3, STM32MP233AAL3, STM32MP233CAJ3, STM32MP233CAK3, STM32MP233CAL3, STM32MP233DAJ3, STM32MP233DAK3, STM32MP233DAL3, STM32MP233FAJ3, STM32MP233FAK3, STM32MP233FAL3, STM32MP235AAJ3, STM32MP235AAK3, STM32MP235AAL3, STM32MP235CAJ3, STM32MP235CAK3, STM32MP235CAL3, STM32MP235DAJ3, STM32MP235DAK3, STM32MP235DAL3, STM32MP235FAJ3, STM32MP235FAK3, STM32MP235FAL3, STM32MP251AAI3, STM32MP251AAK3, STM32MP251AAL3, STM32MP251CAI3, STM32MP251CAK3, STM32MP251CAL3, STM32MP251DAI3, STM32MP251DAK3, STM32MP251DAL3, STM32MP251FAI3, STM32MP251FAK3, STM32MP251FAL3, STM32MP253AAI3, STM32MP253AAK3, STM32MP253AAL3, STM32MP253CAI3, STM32MP253CAK3, STM32MP253CAL3, STM32MP253DAI3, STM32MP253DAK3, STM32MP253DAL3, STM32MP253FAI3, STM32MP253FAK3, STM32MP253FAL3, STM32MP255AAI3, STM32MP255AAK3, STM32MP255AAL3, STM32MP255CAI3, STM32MP255CAK3, STM32MP255CAL3, STM32MP255DAI3, STM32MP255DAK3, STM32MP255DAL3, STM32MP255FAI3, STM32MP255FAK3, STM32MP255FAL3, STM32MP257AAI3, STM32MP257AAK3, STM32MP257AAL3, STM32MP257CAI3, STM32MP257CAK3, STM32MP257CAL3, STM32MP257DAI3, STM32MP257DAK3, STM32MP257DAL3, STM32MP257F-DK, STM32MP257F-EV1, STM32MP257FAI3, STM32MP257FAK3, STM32MP257FAL3, STM32N645A0H3Q, STM32N645B0H3Q, STM32N645I0H3Q, STM32N645L0H3Q, STM32N645X0H3Q, STM32N645Z0H3Q, STM32N647A0H3Q, STM32N647B0H3Q, STM32N647I0H3Q, STM32N647L0H3Q, STM32N647X0H3Q, STM32N647Z0H3Q, STM32N655A0H3Q, STM32N655B0H3Q, STM32N655I0H3Q, STM32N655L0H3Q, STM32N655X0H3Q, STM32N655Z0H3Q, STM32N6570-DK, STM32N657A0H3Q, STM32N657B0H3Q, STM32N657I0H3Q, STM32N657L0H3Q, STM32N657X0H3Q, STM32N657Z0H3Q, STM32U031C6T6, STM32U031C6U6, STM32U031C8T6, STM32U031C8U6, STM32U031F4P6, STM32U031F6P6, STM32U031F8P6, STM32U031G6Y6TR, STM32U031G8Y6TR, STM32U031K4U6, STM32U031K6U6, STM32U031K8U6, STM32U031R6I6, STM32U031R6T6, STM32U031R8I6, STM32U031R8T6, STM32U073C8T6, STM32U073C8U6, STM32U073CBT6, STM32U073CBU6, STM32U073CCT6, STM32U073CCU6, STM32U073H8Y6TR, STM32U073HBY6TR, STM32U073HCY6TR, STM32U073K8U6, STM32U073KBU6, STM32U073KCU6, STM32U073M8I6, STM32U073M8T6, STM32U073MBI6, STM32U073MBT6, STM32U073MCI6, STM32U073MCT6, STM32U073R8I6, STM32U073R8T6, STM32U073RBI6, STM32U073RBT6, STM32U073RCI6, STM32U073RCT6, STM32U083C-DK, STM32U083CCT6, STM32U083CCU6, STM32U083HCY6TR, STM32U083KCU6, STM32U083MCI6, STM32U083MCT6, STM32U083RCI6, STM32U083RCT6, STM32U375CET6, STM32U375CET6Q, STM32U375CEU6, STM32U375CEU6Q, STM32U375CEY6QTR, STM32U375CGT6, STM32U375CGT6Q, STM32U375CGU6, STM32U375CGU6Q, STM32U375CGY6QTR, STM32U375KEU6, STM32U375KGU6, STM32U375REI6, STM32U375REI6Q, STM32U375RET6, STM32U375RET6Q, STM32U375REY6GTR, STM32U375REY6QTR, STM32U375RGI6, STM32U375RGI6Q, STM32U375RGT6, STM32U375RGT6Q, STM32U375RGY6GTR, STM32U375RGY6QTR, STM32U375VEI6, STM32U375VEI6Q, STM32U375VET6, STM32U375VET6Q, STM32U375VGI6, STM32U375VGI6Q, STM32U375VGT6, STM32U375VGT6Q, STM32U385CGT6, STM32U385CGT6Q, STM32U385CGU6, STM32U385CGU6Q, STM32U385CGY6QTR, STM32U385KGU6, STM32U385RGI6, STM32U385RGI6Q, STM32U385RGT6, STM32U385RGT6Q, STM32U385RGY6GTR, STM32U385RGY6QTR, STM32U385VGI6, STM32U385VGI6Q, STM32U385VGT6, STM32U385VGT6Q, STM32U535CBT6, STM32U535CBT6Q, STM32U535CBU6, STM32U535CBU6Q, STM32U535CCT6, STM32U535CCT6Q, STM32U535CCU6, STM32U535CCU6Q, STM32U535CET6, STM32U535CET6Q, STM32U535CEU6, STM32U535CEU6Q, STM32U535JEY6QTR, STM32U535NCY6QTR, STM32U535NEY6QTR, STM32U535RBI6, STM32U535RBI6Q, STM32U535RBT6, STM32U535RBT6Q, STM32U535RCI6, STM32U535RCI6Q, STM32U535RCT6, STM32U535RCT6Q, STM32U535REI6, STM32U535REI6Q, STM32U535RET6, STM32U535RET6Q, STM32U535VCI6, STM32U535VCI6Q, STM32U535VCT6, STM32U535VCT6Q, STM32U535VEI6, STM32U535VEI6Q, STM32U535VET6, STM32U535VET6Q, STM32U545CET6, STM32U545CET6Q, STM32U545CEU6, STM32U545CEU6Q, STM32U545JEY6QTR, STM32U545NEY6QTR, STM32U545REI6, STM32U545REI6Q, STM32U545RET6, STM32U545RET6Q, STM32U545VEI6, STM32U545VEI6Q, STM32U545VET6, STM32U545VET6Q, STM32U595AIH6, STM32U595AIH6Q, STM32U595AJH6, STM32U595AJH6Q, STM32U595QII6, STM32U595QII6Q, STM32U595QJI6, STM32U595QJI6Q, STM32U595RIT6, STM32U595RIT6Q, STM32U595RJT6, STM32U595RJT6Q, STM32U595VIT6, STM32U595VIT6Q, STM32U595VJT6, STM32U595VJT6Q, STM32U595ZIT6, STM32U595ZIT6Q, STM32U595ZIY6QTR, STM32U595ZJT6, STM32U595ZJT6Q, STM32U595ZJY6QTR, STM32U599BJY6QTR, STM32U599NIH6Q, STM32U599NJH6Q, STM32U599VIT6Q, STM32U599VJT6, STM32U599VJT6Q, STM32U599ZIT6Q, STM32U599ZIY6QTR, STM32U599ZJT6Q, STM32U599ZJY6QTR, STM32U5A5AJH6, STM32U5A5AJH6Q, STM32U5A5QII3Q , STM32U5A5QJI6, STM32U5A5QJI6Q, STM32U5A5RJT6, STM32U5A5RJT6Q, STM32U5A5VJT6, STM32U5A5VJT6Q, STM32U5A5ZJT6, STM32U5A5ZJT6Q, STM32U5A5ZJY6QTR, STM32U5A9BJY6QTR, STM32U5A9J-DK, STM32U5A9NJH6Q, STM32U5A9VJT6Q, STM32U5A9ZJT6Q, STM32U5A9ZJY6QTR, STM32U5F7VIT6, STM32U5F7VIT6Q, STM32U5F7VJT6, STM32U5F7VJT6Q, STM32U5F9BJY6QTR, STM32U5F9NJH6Q, STM32U5F9VIT6Q, STM32U5F9VJT6Q, STM32U5F9ZIJ6QTR, STM32U5F9ZIT6Q, STM32U5F9ZJJ6QTR, STM32U5F9ZJT6Q, STM32U5G7VJT6, STM32U5G7VJT6Q, STM32U5G9BJY6QTR, STM32U5G9J-DK1, STM32U5G9J-DK2, STM32U5G9NJH6Q, STM32U5G9VJT6Q, STM32U5G9ZJJ6QTR, STM32U5G9ZJT6Q, STM32WB05KZV6TR, STM32WB05KZV7TR, STM32WB05TZF6TR, STM32WB05TZF7TR, STM32WB06CCF6TR, STM32WB06CCF7TR, STM32WB06CCV6TR, STM32WB06CCV7TR, STM32WB06KCV6TR, STM32WB06KCV7TR, STM32WB07CCF6TR, STM32WB07CCF7TR, STM32WB07CCV6TR, STM32WB07CCV7TR, STM32WB07KCV6TR, STM32WB07KCV7TR, STM32WB09KEV6TR, STM32WB09KEV7TR, STM32WB09TEF6TR, STM32WB09TEF7TR, STM32WB1MMCH6, STM32WBA50KGU6, STM32WBA50KGU6TR, STM32WBA52CEU6, STM32WBA52CEU6TR, STM32WBA52CEU7, STM32WBA52CEU7TR, STM32WBA52CGU6, STM32WBA52CGU6TR, STM32WBA52CGU6U, STM32WBA52CGU7, STM32WBA52CGU7TR, STM32WBA52KEU6, STM32WBA52KEU6TR, STM32WBA52KGU6, STM32WBA52KGU6TR, STM32WBA54CEU6, STM32WBA54CEU6TR, STM32WBA54CEU7, STM32WBA54CEU7TR, STM32WBA54CGU6, STM32WBA54CGU6TR, STM32WBA54CGU7, STM32WBA54CGU7TR, STM32WBA54KEU6, STM32WBA54KEU6TR, STM32WBA54KEU7, STM32WBA54KEU7TR, STM32WBA54KGU6, STM32WBA54KGU6TR, STM32WBA54KGU7, STM32WBA54KGU7TR, STM32WBA55CEU6, STM32WBA55CEU6TR, STM32WBA55CEU7, STM32WBA55CEU7TR, STM32WBA55CGU6, STM32WBA55CGU6TR, STM32WBA55CGU6U, STM32WBA55CGU7, STM32WBA55CGU7TR, STM32WBA55G-DK1, STM32WBA55HEF6, STM32WBA55HEF7, STM32WBA55HGF6, STM32WBA55HGF7, STM32WBA55UEI6, STM32WBA55UEI6TR, STM32WBA55UEI7, STM32WBA55UEI7TR, STM32WBA55UGI6, STM32WBA55UGI6TR, STM32WBA55UGI7, STM32WBA55UGI7TR, STM32WBA5MMGH6TR, STM32WBA62MGF6, STM32WBA62MIF6, STM32WBA65MGF7, STM32WBA65MIF6, STM32WBA65MIF7, STM32WL30K8V6, STM32WL30KBV6, STM32WL31C8V6, STM32WL31CBV6, STM32WL31K8V6, STM32WL31KBV6, STM32WL33C8V6, STM32WL33C8V6X, STM32WL33CBV6, STM32WL33CBV6X, STM32WL33CCV6, STM32WL33CCV6A, STM32WL33CCV6X, STM32WL33K8V7, STM32WL33K8V7X, STM32WL33KBV7 , STM32WL33KBV7X, STM32WL33KCV7, STM32WL33KCV7X, STM32WL5MOCH6, STM32WL5MOCH6TR]
2025-12-12 23:05:41,563 [ERROR] LogOutputStream:75 - [STDERR_REDIRECT] [Fatal Error] :1:1: Premature end of file.
2025-12-12 23:05:41,563 [ERROR] LogOutputStream:75 - [STDERR_REDIRECT] 
2025-12-12 23:05:41,750 [INFO] BoardInfo:889 - No configuration file found for board P-NUCLEO-WB55
2025-12-12 23:05:41,751 [INFO] DbBoards:161 - Kit is not supported: P-NUCLEO-WB55
2025-12-12 23:05:41,757 [INFO] BoardInfo:889 - No configuration file found for board STEVAL-BFA001V1B
2025-12-12 23:05:41,759 [INFO] DbBoards:161 - Kit is not supported: STEVAL-BFA001V1B
2025-12-12 23:05:41,759 [INFO] BoardInfo:889 - No configuration file found for board STEVAL-BFA001V2B
2025-12-12 23:05:41,761 [INFO] DbBoards:161 - Kit is not supported: STEVAL-BFA001V2B
2025-12-12 23:05:41,972 [INFO] DbBoards:168 - Found 212 boards, 209 are supported
2025-12-12 23:05:41,972 [INFO] DbBoards:169 - Found 212 boards, 43 of them is supported for  Bsp
2025-12-12 23:05:41,974 [INFO] ApiDb:423 - Load user favorites file C:\Users\akash/.stm32cubeide/favorites.boards.txt: 2 item(s)
2025-12-12 23:05:41,974 [INFO] ApiDb:427 - User favorites Boards=[NUCLEO-H755ZI-Q, STM32H747I-DISCO]
2025-12-12 23:05:41,974 [INFO] DbBoards:198 - Set 2 / 2 favorites Boards
2025-12-12 23:05:41,976 [INFO] ApiDb:668 - CubeFinder database Data Model version=2.1
2025-12-12 23:05:41,976 [INFO] ApiDb:669 - CubeFinder database Configuration version=3.0.39
2025-12-12 23:05:41,976 [INFO] ApiDb:670 - CubeFinder database generation date=2025-11-05 (1762334721)
2025-12-12 23:05:41,976 [INFO] ApiDb:671 - CubeFinder database FW Pack versions=[FP-ATR-ASTRA1_V2.0.0, FP-SNS-FLIGHT1_V5.1.0, FP-SNS-MOTENV1_V5.1.0, FP-SNS-MOTENVWB1_V1.4.0, FP-SNS-SMARTAG2_V1.2.0, FP-SNS-STBOX1_V2.1.0, STM32Cube_FW_C0_V1.4.0, STM32Cube_FW_F4_V1.28.3, STM32Cube_FW_F7_V1.17.4, STM32Cube_FW_G0_V1.6.2, STM32Cube_FW_G4_V1.6.1, STM32Cube_FW_H5_V1.5.1, STM32Cube_FW_H7RS_V1.3.0, STM32Cube_FW_H7_V1.12.1, STM32Cube_FW_L0_V1.12.2, STM32Cube_FW_L4_V1.18.1, STM32Cube_FW_L5_V1.6.0, STM32Cube_FW_N6_V1.3.0, STM32Cube_FW_U0_V1.3.0, STM32Cube_FW_U3_V1.2.1, STM32Cube_FW_U5_V1.8.0, STM32Cube_FW_WB0_V1.4.0, STM32Cube_FW_WBA_V1.8.0, STM32Cube_FW_WB_V1.24.0, STM32Cube_FW_WL3_V1.3.0, STM32Cube_FW_WL_V1.4.0, X-CUBE-ALGOBUILD_V1.4.0, X-CUBE-ALS_V1.0.2, X-CUBE-AZRTOS-F4_V1.1.0, X-CUBE-AZRTOS-F7_V1.1.0, X-CUBE-AZRTOS-G0_V1.1.0, X-CUBE-AZRTOS-G4_V2.0.0, X-CUBE-AZRTOS-H7RS_V1.1.0, X-CUBE-AZRTOS-H7_V3.4.0, X-CUBE-AZRTOS-L4_V2.0.0, X-CUBE-AZRTOS-L5_V2.0.0, X-CUBE-AZRTOS-WB_V2.0.0, X-CUBE-AZRTOS-WL_V2.0.0, X-CUBE-BLE1_V7.1.0, X-CUBE-BLE2_V3.3.0, X-CUBE-BLEMGR_V4.1.0, X-CUBE-EEPRMA1_V5.2.0, X-CUBE-FREERTOS_V1.3.1, X-CUBE-GNSS1_V6.0.0, X-CUBE-MEMS1_V11.3.0, X-CUBE-NFC4_V3.0.0, X-CUBE-NFC7_V2.0.0, X-CUBE-SFXS2LP1_V4.0.0, X-CUBE-ST67W61_V1.1.0, X-CUBE-SUBG2_V5.0.0, X-CUBE-TOF1_V3.4.3]
2025-12-12 23:05:42,504 [ERROR] DbExamplesSqlite:437 - Missing JSON key: board_cpn
2025-12-12 23:05:42,504 [ERROR] DbExamplesSqlite:437 - Missing JSON key: board_cpn
2025-12-12 23:05:42,504 [ERROR] DbExamplesSqlite:437 - Missing JSON key: board_cpn
2025-12-12 23:05:42,504 [ERROR] DbExamplesSqlite:437 - Missing JSON key: board_cpn
2025-12-12 23:05:42,567 [ERROR] LogOutputStream:75 - [STDERR_REDIRECT] [Fatal Error] :1:1: Premature end of file.
2025-12-12 23:05:42,567 [ERROR] LogOutputStream:75 - [STDERR_REDIRECT] 
2025-12-12 23:05:42,733 [ERROR] DbExamplesSqlite:437 - Missing JSON key: board_cpn
2025-12-12 23:05:42,733 [ERROR] DbExamplesSqlite:437 - Missing JSON key: board_cpn
2025-12-12 23:05:42,740 [INFO] DbExamplesSqlite:395 - Ignored 42 examples not supported by CubeIDE
2025-12-12 23:05:42,740 [INFO] DbExamplesSqlite:396 - Found 10883 examples active
2025-12-12 23:05:42,740 [INFO] DbExamplesSqlite:397 - Found 0 examples obsolete
2025-12-12 23:05:42,740 [INFO] DbExamplesSqlite:398 - Found 0 examples under development
2025-12-12 23:05:42,740 [INFO] DbExamplesSqlite:399 - Found 85 examples not building
2025-12-12 23:05:42,742 [INFO] DbExamples:125 - Found 10926 examples
2025-12-12 23:05:42,773 [ERROR] DbExamples:208 - Found 73 examples with invalid data (board or MCU)
2025-12-12 23:05:42,773 [INFO] DbExamples:222 - Found 134 boards with related examples
2025-12-12 23:05:42,774 [INFO] DbExamples:235 - Found 111 MCUs with related examples
2025-12-12 23:05:42,791 [INFO] ApiDb:423 - Load user favorites file C:\Users\akash/.stm32cubeide/favorites.examples.txt: 1 item(s)
2025-12-12 23:05:42,791 [INFO] ApiDb:427 - User favorites Examples=[X-CUBE-AZRTOS-H7-SWX-17655]
2025-12-12 23:05:42,792 [INFO] DbExamples:250 - Set 1 / 1 favorites Examples
2025-12-12 23:05:42,873 [INFO] McuFinderGlobals:76 - Set McuFinderConnectedMode to true
2025-12-12 23:05:42,879 [INFO] MultiScanPanel:200 - Auto-refresh data requested => check proxy status ongoing
2025-12-12 23:05:42,882 [INFO] FinderPluginLoader:96 - Searching for filters in installed packs
2025-12-12 23:05:43,563 [ERROR] LogOutputStream:75 - [STDERR_REDIRECT] [Fatal Error] :1:1: Premature end of file.
2025-12-12 23:05:43,563 [ERROR] LogOutputStream:75 - [STDERR_REDIRECT] 
2025-12-12 23:05:43,945 [INFO] LoadUrlFilesThread:185 - End of LoadServerUrlFiles without Thread
2025-12-12 23:05:43,988 [INFO] DetailPanel:341 - Set advertising image to C:/Users/akash/STM32Cube/Repository/\en.prom-st67w-expansion-board.png
2025-12-12 23:05:44,569 [ERROR] LogOutputStream:75 - [STDERR_REDIRECT] [Fatal Error] :1:1: Premature end of file.
2025-12-12 23:05:44,570 [ERROR] LogOutputStream:75 - [STDERR_REDIRECT] 
2025-12-12 23:05:44,812 [INFO] MultiScanPanel:200 - Auto-refresh data requested => check proxy status ongoing
2025-12-12 23:05:44,904 [INFO] LoadUrlFilesThread:185 - End of LoadServerUrlFiles without Thread
2025-12-12 23:05:44,904 [INFO] DetailPanel:341 - Set advertising image to C:/Users/akash/STM32Cube/Repository/\en.prom-st67w-expansion-board.png
2025-12-12 23:05:44,912 [INFO] DbBoards:642 - Loading board mini-images...
2025-12-12 23:05:45,564 [ERROR] LogOutputStream:75 - [STDERR_REDIRECT] [Fatal Error] :1:1: Premature end of file.
2025-12-12 23:05:45,565 [ERROR] LogOutputStream:75 - [STDERR_REDIRECT] 
2025-12-12 23:05:46,478 [ERROR] DbBoards:659 - Image file not found for board STM32MP215F-DK: C:\Users\akash\.stmcufinder\plugins\mcufinder//mcu//boards_images/STM32MP215F-DK.jpg
2025-12-12 23:05:46,564 [ERROR] LogOutputStream:75 - [STDERR_REDIRECT] [Fatal Error] :1:1: Premature end of file.
2025-12-12 23:05:46,564 [ERROR] LogOutputStream:75 - [STDERR_REDIRECT] 
2025-12-12 23:05:46,596 [INFO] DbBoards:665 - Loaded 211 board mini-images
2025-12-12 23:05:46,640 [INFO] MultiScanPanel:200 - Auto-refresh data requested => check proxy status ongoing
2025-12-12 23:05:46,648 [INFO] SoftwarePacks:127 - Download is needed for SW pack 'FP-ATR-ASTRA1_V2.0.0'
2025-12-12 23:05:46,653 [INFO] SoftwarePacks:127 - Download is needed for SW pack 'FP-SNS-FLIGHT1_V5.1.0'
2025-12-12 23:05:46,658 [INFO] SoftwarePacks:127 - Download is needed for SW pack 'FP-SNS-MOTENV1_V5.1.0'
2025-12-12 23:05:46,662 [INFO] SoftwarePacks:127 - Download is needed for SW pack 'FP-SNS-MOTENVWB1_V1.4.0'
2025-12-12 23:05:46,666 [INFO] SoftwarePacks:127 - Download is needed for SW pack 'FP-SNS-SMARTAG2_V1.2.0'
2025-12-12 23:05:46,670 [INFO] SoftwarePacks:127 - Download is needed for SW pack 'FP-SNS-STBOX1_V2.1.0'
2025-12-12 23:05:46,676 [INFO] SoftwarePacks:127 - Download is needed for SW pack 'STM32Cube_FW_C0_V1.4.0'
2025-12-12 23:05:46,681 [INFO] SoftwarePacks:127 - Download is needed for SW pack 'STM32Cube_FW_F4_V1.28.3'
2025-12-12 23:05:46,687 [INFO] SoftwarePacks:127 - Download is needed for SW pack 'STM32Cube_FW_F7_V1.17.4'
2025-12-12 23:05:46,692 [INFO] SoftwarePacks:131 - Found SW pack 'STM32Cube_FW_G0_V1.6.2' up-to-date on disk.
2025-12-12 23:05:46,696 [INFO] SoftwarePacks:131 - Found SW pack 'STM32Cube_FW_G4_V1.6.1' up-to-date on disk.
2025-12-12 23:05:46,702 [INFO] SoftwarePacks:127 - Download is needed for SW pack 'STM32Cube_FW_H5_V1.5.1'
2025-12-12 23:05:46,707 [INFO] SoftwarePacks:127 - Download is needed for SW pack 'STM32Cube_FW_H7RS_V1.3.0'
2025-12-12 23:05:46,711 [INFO] SoftwarePacks:131 - Found SW pack 'STM32Cube_FW_H7_V1.12.1' up-to-date on disk.
2025-12-12 23:05:46,717 [INFO] SoftwarePacks:127 - Download is needed for SW pack 'STM32Cube_FW_L0_V1.12.2'
2025-12-12 23:05:46,721 [INFO] SoftwarePacks:127 - Download is needed for SW pack 'STM32Cube_FW_L4_V1.18.1'
2025-12-12 23:05:46,726 [INFO] SoftwarePacks:127 - Download is needed for SW pack 'STM32Cube_FW_L5_V1.6.0'
2025-12-12 23:05:46,732 [INFO] SoftwarePacks:127 - Download is needed for SW pack 'STM32Cube_FW_N6_V1.3.0'
2025-12-12 23:05:46,737 [INFO] SoftwarePacks:127 - Download is needed for SW pack 'STM32Cube_FW_U0_V1.3.0'
2025-12-12 23:05:46,741 [INFO] SoftwarePacks:127 - Download is needed for SW pack 'STM32Cube_FW_U3_V1.2.1'
2025-12-12 23:05:46,746 [INFO] SoftwarePacks:127 - Download is needed for SW pack 'STM32Cube_FW_U5_V1.8.0'
2025-12-12 23:05:46,750 [INFO] SoftwarePacks:127 - Download is needed for SW pack 'STM32Cube_FW_WB0_V1.4.0'
2025-12-12 23:05:46,755 [INFO] SoftwarePacks:127 - Download is needed for SW pack 'STM32Cube_FW_WBA_V1.8.0'
2025-12-12 23:05:46,759 [INFO] SoftwarePacks:127 - Download is needed for SW pack 'STM32Cube_FW_WB_V1.24.0'
2025-12-12 23:05:46,767 [INFO] SoftwarePacks:127 - Download is needed for SW pack 'STM32Cube_FW_WL3_V1.3.0'
2025-12-12 23:05:46,772 [INFO] SoftwarePacks:127 - Download is needed for SW pack 'STM32Cube_FW_WL_V1.4.0'
2025-12-12 23:05:46,775 [INFO] SoftwarePacks:127 - Download is needed for SW pack 'X-CUBE-ALGOBUILD_V1.4.0'
2025-12-12 23:05:46,778 [INFO] SoftwarePacks:127 - Download is needed for SW pack 'X-CUBE-ALS_V1.0.2'
2025-12-12 23:05:46,781 [INFO] SoftwarePacks:127 - Download is needed for SW pack 'X-CUBE-AZRTOS-F4_V1.1.0'
2025-12-12 23:05:46,785 [INFO] SoftwarePacks:127 - Download is needed for SW pack 'X-CUBE-AZRTOS-F7_V1.1.0'
2025-12-12 23:05:46,788 [INFO] SoftwarePacks:127 - Download is needed for SW pack 'X-CUBE-AZRTOS-G0_V1.1.0'
2025-12-12 23:05:46,791 [INFO] SoftwarePacks:127 - Download is needed for SW pack 'X-CUBE-AZRTOS-G4_V2.0.0'
2025-12-12 23:05:46,794 [INFO] SoftwarePacks:127 - Download is needed for SW pack 'X-CUBE-AZRTOS-H7RS_V1.1.0'
2025-12-12 23:05:46,798 [INFO] SoftwarePacks:131 - Found SW pack 'X-CUBE-AZRTOS-H7_V3.4.0' up-to-date on disk.
2025-12-12 23:05:46,801 [INFO] SoftwarePacks:127 - Download is needed for SW pack 'X-CUBE-AZRTOS-L4_V2.0.0'
2025-12-12 23:05:46,804 [INFO] SoftwarePacks:127 - Download is needed for SW pack 'X-CUBE-AZRTOS-L5_V2.0.0'
2025-12-12 23:05:46,808 [INFO] SoftwarePacks:127 - Download is needed for SW pack 'X-CUBE-AZRTOS-WB_V2.0.0'
2025-12-12 23:05:46,811 [INFO] SoftwarePacks:127 - Download is needed for SW pack 'X-CUBE-AZRTOS-WL_V2.0.0'
2025-12-12 23:05:46,814 [INFO] SoftwarePacks:127 - Download is needed for SW pack 'X-CUBE-BLE1_V7.1.0'
2025-12-12 23:05:46,817 [INFO] SoftwarePacks:127 - Download is needed for SW pack 'X-CUBE-BLE2_V3.3.0'
2025-12-12 23:05:46,820 [INFO] SoftwarePacks:127 - Download is needed for SW pack 'X-CUBE-BLEMGR_V4.1.0'
2025-12-12 23:05:46,824 [INFO] SoftwarePacks:127 - Download is needed for SW pack 'X-CUBE-EEPRMA1_V5.2.0'
2025-12-12 23:05:46,827 [INFO] SoftwarePacks:127 - Download is needed for SW pack 'X-CUBE-FREERTOS_V1.3.1'
2025-12-12 23:05:46,829 [INFO] SoftwarePacks:127 - Download is needed for SW pack 'X-CUBE-GNSS1_V6.0.0'
2025-12-12 23:05:46,832 [INFO] SoftwarePacks:127 - Download is needed for SW pack 'X-CUBE-MEMS1_V11.3.0'
2025-12-12 23:05:46,835 [INFO] SoftwarePacks:127 - Download is needed for SW pack 'X-CUBE-NFC4_V3.0.0'
2025-12-12 23:05:46,838 [INFO] SoftwarePacks:127 - Download is needed for SW pack 'X-CUBE-NFC7_V2.0.0'
2025-12-12 23:05:46,842 [INFO] SoftwarePacks:127 - Download is needed for SW pack 'X-CUBE-SFXS2LP1_V4.0.0'
2025-12-12 23:05:46,845 [INFO] SoftwarePacks:127 - Download is needed for SW pack 'X-CUBE-ST67W61_V1.1.0'
2025-12-12 23:05:46,848 [INFO] SoftwarePacks:127 - Download is needed for SW pack 'X-CUBE-SUBG2_V5.0.0'
2025-12-12 23:05:46,852 [INFO] SoftwarePacks:127 - Download is needed for SW pack 'X-CUBE-TOF1_V3.4.3'
2025-12-12 23:05:47,561 [ERROR] LogOutputStream:75 - [STDERR_REDIRECT] [Fatal Error] :1:1: Premature end of file.
2025-12-12 23:05:47,561 [ERROR] LogOutputStream:75 - [STDERR_REDIRECT] 
2025-12-12 23:05:48,150 [INFO] LoadUrlFilesThread:185 - End of LoadServerUrlFiles without Thread
2025-12-12 23:05:48,150 [INFO] DetailPanel:341 - Set advertising image to C:/Users/akash/STM32Cube/Repository/\en.prom-st67w-expansion-board.png
2025-12-12 23:05:48,567 [ERROR] LogOutputStream:75 - [STDERR_REDIRECT] [Fatal Error] :1:1: Premature end of file.
2025-12-12 23:05:48,567 [ERROR] LogOutputStream:75 - [STDERR_REDIRECT] 
2025-12-12 23:05:48,650 [ERROR] AppliInfo:139 - Unknown STM32CubeMX version: 6.16.0
2025-12-12 23:05:48,650 [ERROR] AppliInfo:139 - Unknown STM32CubeMX version: 6.16.0
2025-12-12 23:05:48,650 [ERROR] AppliInfo:139 - Unknown STM32CubeMX version: 6.16.0
2025-12-12 23:05:48,650 [ERROR] AppliInfo:139 - Unknown STM32CubeMX version: 6.16.0
2025-12-12 23:05:48,650 [ERROR] AppliInfo:139 - Unknown STM32CubeMX version: 6.16.0
2025-12-12 23:05:48,673 [ERROR] AppliInfo:139 - Unknown STM32CubeMX version: 6.16.0
2025-12-12 23:05:48,673 [ERROR] AppliInfo:139 - Unknown STM32CubeMX version: 6.16.0
2025-12-12 23:05:48,674 [ERROR] AppliInfo:139 - Unknown STM32CubeMX version: 6.16.0
2025-12-12 23:05:48,677 [ERROR] AppliInfo:139 - Unknown STM32CubeMX version: 6.16.0
2025-12-12 23:05:48,862 [ERROR] AppliInfo:139 - Unknown STM32CubeMX version: 6.16.0
2025-12-12 23:05:48,864 [ERROR] AppliInfo:139 - Unknown STM32CubeMX version: 6.16.0
2025-12-12 23:05:48,885 [ERROR] AppliInfo:139 - Unknown STM32CubeMX version: 6.16.0
2025-12-12 23:05:48,886 [ERROR] AppliInfo:139 - Unknown STM32CubeMX version: 6.16.0
2025-12-12 23:05:48,887 [ERROR] AppliInfo:139 - Unknown STM32CubeMX version: 6.16.0
2025-12-12 23:05:48,887 [ERROR] AppliInfo:139 - Unknown STM32CubeMX version: 6.16.0
2025-12-12 23:05:48,887 [ERROR] AppliInfo:139 - Unknown STM32CubeMX version: 6.16.0
2025-12-12 23:05:48,887 [ERROR] AppliInfo:139 - Unknown STM32CubeMX version: 6.16.0
2025-12-12 23:05:48,888 [ERROR] AppliInfo:139 - Unknown STM32CubeMX version: 6.16.0
2025-12-12 23:05:48,888 [ERROR] AppliInfo:139 - Unknown STM32CubeMX version: 6.16.0
2025-12-12 23:05:48,888 [ERROR] AppliInfo:139 - Unknown STM32CubeMX version: 6.16.0
2025-12-12 23:05:48,888 [ERROR] AppliInfo:139 - Unknown STM32CubeMX version: 6.16.0
2025-12-12 23:05:48,888 [ERROR] AppliInfo:139 - Unknown STM32CubeMX version: 6.16.0
2025-12-12 23:05:48,889 [ERROR] AppliInfo:139 - Unknown STM32CubeMX version: 6.16.0
2025-12-12 23:05:48,889 [ERROR] AppliInfo:139 - Unknown STM32CubeMX version: 6.16.0
2025-12-12 23:05:48,890 [ERROR] AppliInfo:139 - Unknown STM32CubeMX version: 6.16.0
2025-12-12 23:05:48,890 [ERROR] AppliInfo:139 - Unknown STM32CubeMX version: 6.16.0
2025-12-12 23:05:48,891 [ERROR] AppliInfo:139 - Unknown STM32CubeMX version: 6.16.0
2025-12-12 23:05:48,891 [ERROR] AppliInfo:139 - Unknown STM32CubeMX version: 6.16.0
2025-12-12 23:05:48,891 [ERROR] AppliInfo:139 - Unknown STM32CubeMX version: 6.16.0
2025-12-12 23:05:48,893 [ERROR] AppliInfo:139 - Unknown STM32CubeMX version: 6.16.0
2025-12-12 23:05:48,894 [ERROR] AppliInfo:139 - Unknown STM32CubeMX version: 6.16.0
2025-12-12 23:05:48,894 [ERROR] AppliInfo:139 - Unknown STM32CubeMX version: 6.16.0
2025-12-12 23:05:48,894 [ERROR] AppliInfo:139 - Unknown STM32CubeMX version: 6.16.0
2025-12-12 23:05:48,894 [ERROR] AppliInfo:139 - Unknown STM32CubeMX version: 6.16.0
2025-12-12 23:05:48,895 [ERROR] AppliInfo:139 - Unknown STM32CubeMX version: 6.16.0
2025-12-12 23:05:48,896 [ERROR] AppliInfo:139 - Unknown STM32CubeMX version: 6.16.0
2025-12-12 23:05:48,896 [ERROR] AppliInfo:139 - Unknown STM32CubeMX version: 6.16.0
2025-12-12 23:05:48,897 [ERROR] AppliInfo:139 - Unknown STM32CubeMX version: 6.16.0
2025-12-12 23:05:48,897 [ERROR] AppliInfo:139 - Unknown STM32CubeMX version: 6.16.0
2025-12-12 23:05:48,897 [ERROR] AppliInfo:139 - Unknown STM32CubeMX version: 6.16.0
2025-12-12 23:05:48,898 [ERROR] AppliInfo:139 - Unknown STM32CubeMX version: 6.16.0
2025-12-12 23:05:48,898 [ERROR] AppliInfo:139 - Unknown STM32CubeMX version: 6.16.0
2025-12-12 23:05:48,899 [ERROR] AppliInfo:139 - Unknown STM32CubeMX version: 6.16.0
2025-12-12 23:05:48,900 [ERROR] AppliInfo:139 - Unknown STM32CubeMX version: 6.16.0
2025-12-12 23:05:48,900 [ERROR] AppliInfo:139 - Unknown STM32CubeMX version: 6.16.0
2025-12-12 23:05:48,901 [ERROR] AppliInfo:139 - Unknown STM32CubeMX version: 6.16.0
2025-12-12 23:05:48,902 [ERROR] AppliInfo:139 - Unknown STM32CubeMX version: 6.16.0
2025-12-12 23:05:48,903 [ERROR] AppliInfo:139 - Unknown STM32CubeMX version: 6.16.0
2025-12-12 23:05:48,903 [ERROR] AppliInfo:139 - Unknown STM32CubeMX version: 6.16.0
2025-12-12 23:05:48,903 [ERROR] AppliInfo:139 - Unknown STM32CubeMX version: 6.16.0
2025-12-12 23:05:49,003 [ERROR] AppliInfo:139 - Unknown STM32CubeMX version: 6.16.0
2025-12-12 23:05:49,011 [ERROR] AppliInfo:139 - Unknown STM32CubeMX version: 6.16.0
2025-12-12 23:05:49,011 [ERROR] AppliInfo:139 - Unknown STM32CubeMX version: 6.16.0
2025-12-12 23:05:49,011 [ERROR] AppliInfo:139 - Unknown STM32CubeMX version: 6.16.0
2025-12-12 23:05:49,011 [ERROR] AppliInfo:139 - Unknown STM32CubeMX version: 6.16.0
2025-12-12 23:05:49,011 [ERROR] AppliInfo:139 - Unknown STM32CubeMX version: 6.16.0
2025-12-12 23:05:49,012 [ERROR] AppliInfo:139 - Unknown STM32CubeMX version: 6.16.0
2025-12-12 23:05:49,035 [ERROR] AppliInfo:139 - Unknown STM32CubeMX version: 6.12.1
2025-12-12 23:05:49,035 [ERROR] AppliInfo:139 - Unknown STM32CubeMX version: 6.16.0
2025-12-12 23:05:49,035 [ERROR] AppliInfo:139 - Unknown STM32CubeMX version: 6.16.0
2025-12-12 23:05:49,035 [ERROR] AppliInfo:139 - Unknown STM32CubeMX version: 6.16.0
2025-12-12 23:05:49,036 [ERROR] AppliInfo:139 - Unknown STM32CubeMX version: 6.16.0
2025-12-12 23:05:49,036 [ERROR] AppliInfo:139 - Unknown STM32CubeMX version: 6.16.0
2025-12-12 23:05:49,036 [ERROR] AppliInfo:139 - Unknown STM32CubeMX version: 6.16.0
2025-12-12 23:05:49,036 [ERROR] AppliInfo:139 - Unknown STM32CubeMX version: 6.16.0
2025-12-12 23:05:49,036 [ERROR] AppliInfo:139 - Unknown STM32CubeMX version: 6.16.0
2025-12-12 23:05:49,036 [ERROR] AppliInfo:139 - Unknown STM32CubeMX version: 6.16.0
2025-12-12 23:05:49,036 [ERROR] AppliInfo:139 - Unknown STM32CubeMX version: 6.16.0
2025-12-12 23:05:49,037 [ERROR] AppliInfo:139 - Unknown STM32CubeMX version: 6.16.0
2025-12-12 23:05:49,037 [ERROR] AppliInfo:139 - Unknown STM32CubeMX version: 6.16.0
2025-12-12 23:05:49,037 [ERROR] AppliInfo:139 - Unknown STM32CubeMX version: 6.16.0
2025-12-12 23:05:49,037 [ERROR] AppliInfo:139 - Unknown STM32CubeMX version: 6.16.0
2025-12-12 23:05:49,037 [ERROR] AppliInfo:139 - Unknown STM32CubeMX version: 6.16.0
2025-12-12 23:05:49,037 [ERROR] AppliInfo:139 - Unknown STM32CubeMX version: 6.16.0
2025-12-12 23:05:49,038 [ERROR] AppliInfo:139 - Unknown STM32CubeMX version: 6.16.0
2025-12-12 23:05:49,038 [ERROR] AppliInfo:139 - Unknown STM32CubeMX version: 6.16.0
2025-12-12 23:05:49,038 [ERROR] AppliInfo:139 - Unknown STM32CubeMX version: 6.16.0
2025-12-12 23:05:49,038 [ERROR] AppliInfo:139 - Unknown STM32CubeMX version: 6.16.0
2025-12-12 23:05:49,038 [ERROR] AppliInfo:139 - Unknown STM32CubeMX version: 6.16.0
2025-12-12 23:05:49,042 [ERROR] AppliInfo:139 - Unknown STM32CubeMX version: 6.16.0
2025-12-12 23:05:49,042 [ERROR] AppliInfo:139 - Unknown STM32CubeMX version: 6.16.0
2025-12-12 23:05:49,042 [ERROR] AppliInfo:139 - Unknown STM32CubeMX version: 6.16.0
2025-12-12 23:05:49,042 [ERROR] AppliInfo:139 - Unknown STM32CubeMX version: 6.16.0
2025-12-12 23:05:49,042 [ERROR] AppliInfo:139 - Unknown STM32CubeMX version: 6.16.0
2025-12-12 23:05:49,042 [ERROR] AppliInfo:139 - Unknown STM32CubeMX version: 6.16.0
2025-12-12 23:05:49,042 [ERROR] AppliInfo:139 - Unknown STM32CubeMX version: 6.16.0
2025-12-12 23:05:49,042 [ERROR] AppliInfo:139 - Unknown STM32CubeMX version: 6.16.0
2025-12-12 23:05:49,042 [ERROR] AppliInfo:139 - Unknown STM32CubeMX version: 6.16.0
2025-12-12 23:05:49,044 [ERROR] AppliInfo:139 - Unknown STM32CubeMX version: 6.16.0
2025-12-12 23:05:49,044 [ERROR] AppliInfo:139 - Unknown STM32CubeMX version: 6.16.0
2025-12-12 23:05:49,044 [ERROR] AppliInfo:139 - Unknown STM32CubeMX version: 6.16.0
2025-12-12 23:05:49,044 [ERROR] AppliInfo:139 - Unknown STM32CubeMX version: 6.16.0
2025-12-12 23:05:49,044 [ERROR] AppliInfo:139 - Unknown STM32CubeMX version: 6.16.0
2025-12-12 23:05:49,044 [ERROR] AppliInfo:139 - Unknown STM32CubeMX version: 6.16.0
2025-12-12 23:05:49,044 [ERROR] AppliInfo:139 - Unknown STM32CubeMX version: 6.16.0
2025-12-12 23:05:49,045 [ERROR] AppliInfo:139 - Unknown STM32CubeMX version: 6.16.0
2025-12-12 23:05:49,045 [ERROR] AppliInfo:139 - Unknown STM32CubeMX version: 6.16.0
2025-12-12 23:05:49,045 [ERROR] AppliInfo:139 - Unknown STM32CubeMX version: 6.16.0
2025-12-12 23:05:49,045 [ERROR] AppliInfo:139 - Unknown STM32CubeMX version: 6.16.0
2025-12-12 23:05:49,045 [ERROR] AppliInfo:139 - Unknown STM32CubeMX version: 6.16.0
2025-12-12 23:05:49,048 [ERROR] AppliInfo:139 - Unknown STM32CubeMX version: 6.16.0
2025-12-12 23:05:49,048 [ERROR] AppliInfo:139 - Unknown STM32CubeMX version: 6.16.0
2025-12-12 23:05:49,049 [ERROR] AppliInfo:139 - Unknown STM32CubeMX version: 6.16.0
2025-12-12 23:05:49,049 [ERROR] AppliInfo:139 - Unknown STM32CubeMX version: 6.16.0
2025-12-12 23:05:49,049 [ERROR] AppliInfo:139 - Unknown STM32CubeMX version: 6.16.0
2025-12-12 23:05:49,049 [ERROR] AppliInfo:139 - Unknown STM32CubeMX version: 6.16.0
2025-12-12 23:05:49,049 [ERROR] AppliInfo:139 - Unknown STM32CubeMX version: 6.16.0
2025-12-12 23:05:49,049 [ERROR] AppliInfo:139 - Unknown STM32CubeMX version: 6.16.0
2025-12-12 23:05:49,049 [ERROR] AppliInfo:139 - Unknown STM32CubeMX version: 6.16.0
2025-12-12 23:05:49,049 [ERROR] AppliInfo:139 - Unknown STM32CubeMX version: 6.16.0
2025-12-12 23:05:49,050 [ERROR] AppliInfo:139 - Unknown STM32CubeMX version: 6.16.0
2025-12-12 23:05:49,050 [ERROR] AppliInfo:139 - Unknown STM32CubeMX version: 6.16.0
2025-12-12 23:05:49,050 [ERROR] AppliInfo:139 - Unknown STM32CubeMX version: 6.16.0
2025-12-12 23:05:49,050 [ERROR] AppliInfo:139 - Unknown STM32CubeMX version: 6.16.0
2025-12-12 23:05:49,050 [ERROR] AppliInfo:139 - Unknown STM32CubeMX version: 6.16.0
2025-12-12 23:05:49,050 [ERROR] AppliInfo:139 - Unknown STM32CubeMX version: 6.16.0
2025-12-12 23:05:49,050 [ERROR] AppliInfo:139 - Unknown STM32CubeMX version: 6.16.0
2025-12-12 23:05:49,051 [ERROR] AppliInfo:139 - Unknown STM32CubeMX version: 6.16.0
2025-12-12 23:05:49,051 [ERROR] AppliInfo:139 - Unknown STM32CubeMX version: 6.16.0
2025-12-12 23:05:49,051 [ERROR] AppliInfo:139 - Unknown STM32CubeMX version: 6.16.0
2025-12-12 23:05:49,051 [ERROR] AppliInfo:139 - Unknown STM32CubeMX version: 6.16.0
2025-12-12 23:05:49,059 [ERROR] AppliInfo:139 - Unknown STM32CubeMX version: 6.16.0
2025-12-12 23:05:49,059 [ERROR] AppliInfo:139 - Unknown STM32CubeMX version: 6.16.0
2025-12-12 23:05:49,059 [ERROR] AppliInfo:139 - Unknown STM32CubeMX version: 6.16.0
2025-12-12 23:05:49,059 [ERROR] AppliInfo:139 - Unknown STM32CubeMX version: 6.16.0
2025-12-12 23:05:49,059 [ERROR] AppliInfo:139 - Unknown STM32CubeMX version: 6.16.0
2025-12-12 23:05:49,059 [ERROR] AppliInfo:139 - Unknown STM32CubeMX version: 6.16.0
2025-12-12 23:05:49,060 [ERROR] AppliInfo:139 - Unknown STM32CubeMX version: 6.16.0
2025-12-12 23:05:49,060 [ERROR] AppliInfo:139 - Unknown STM32CubeMX version: 6.16.0
2025-12-12 23:05:49,060 [ERROR] AppliInfo:139 - Unknown STM32CubeMX version: 6.16.0
2025-12-12 23:05:49,061 [ERROR] AppliInfo:139 - Unknown STM32CubeMX version: 6.16.0
2025-12-12 23:05:49,061 [ERROR] AppliInfo:139 - Unknown STM32CubeMX version: 6.16.0
2025-12-12 23:05:49,061 [ERROR] AppliInfo:139 - Unknown STM32CubeMX version: 6.16.0
2025-12-12 23:05:49,061 [ERROR] AppliInfo:139 - Unknown STM32CubeMX version: 6.16.0
2025-12-12 23:05:49,061 [ERROR] AppliInfo:139 - Unknown STM32CubeMX version: 6.16.0
2025-12-12 23:05:49,061 [ERROR] AppliInfo:139 - Unknown STM32CubeMX version: 6.16.0
2025-12-12 23:05:49,062 [ERROR] AppliInfo:139 - Unknown STM32CubeMX version: 6.16.0
2025-12-12 23:05:49,062 [ERROR] AppliInfo:139 - Unknown STM32CubeMX version: 6.16.0
2025-12-12 23:05:49,062 [ERROR] AppliInfo:139 - Unknown STM32CubeMX version: 6.16.0
2025-12-12 23:05:49,063 [ERROR] AppliInfo:139 - Unknown STM32CubeMX version: 6.16.0
2025-12-12 23:05:49,063 [ERROR] AppliInfo:139 - Unknown STM32CubeMX version: 6.16.0
2025-12-12 23:05:49,063 [ERROR] AppliInfo:139 - Unknown STM32CubeMX version: 6.16.0
2025-12-12 23:05:49,063 [ERROR] AppliInfo:139 - Unknown STM32CubeMX version: 6.16.0
2025-12-12 23:05:49,063 [ERROR] AppliInfo:139 - Unknown STM32CubeMX version: 6.16.0
2025-12-12 23:05:49,064 [ERROR] AppliInfo:139 - Unknown STM32CubeMX version: 6.16.0
2025-12-12 23:05:49,064 [ERROR] AppliInfo:139 - Unknown STM32CubeMX version: 6.16.0
2025-12-12 23:05:49,065 [ERROR] AppliInfo:139 - Unknown STM32CubeMX version: 6.16.0
2025-12-12 23:05:49,065 [ERROR] AppliInfo:139 - Unknown STM32CubeMX version: 6.16.0
2025-12-12 23:05:49,065 [ERROR] AppliInfo:139 - Unknown STM32CubeMX version: 6.16.0
2025-12-12 23:05:49,065 [ERROR] AppliInfo:139 - Unknown STM32CubeMX version: 6.16.0
2025-12-12 23:05:49,065 [ERROR] AppliInfo:139 - Unknown STM32CubeMX version: 6.16.0
2025-12-12 23:05:49,066 [ERROR] AppliInfo:139 - Unknown STM32CubeMX version: 6.16.0
2025-12-12 23:05:49,066 [ERROR] AppliInfo:139 - Unknown STM32CubeMX version: 6.16.0
2025-12-12 23:05:49,066 [ERROR] AppliInfo:139 - Unknown STM32CubeMX version: 6.16.0
2025-12-12 23:05:49,066 [ERROR] AppliInfo:139 - Unknown STM32CubeMX version: 6.16.0
2025-12-12 23:05:49,066 [ERROR] AppliInfo:139 - Unknown STM32CubeMX version: 6.16.0
2025-12-12 23:05:49,066 [ERROR] AppliInfo:139 - Unknown STM32CubeMX version: 6.16.0
2025-12-12 23:05:49,066 [ERROR] AppliInfo:139 - Unknown STM32CubeMX version: 6.16.0
2025-12-12 23:05:49,067 [ERROR] AppliInfo:139 - Unknown STM32CubeMX version: 6.16.0
2025-12-12 23:05:49,067 [ERROR] AppliInfo:139 - Unknown STM32CubeMX version: 6.16.0
2025-12-12 23:05:49,067 [ERROR] AppliInfo:139 - Unknown STM32CubeMX version: 6.16.0
2025-12-12 23:05:49,067 [ERROR] AppliInfo:139 - Unknown STM32CubeMX version: 6.16.0
2025-12-12 23:05:49,067 [ERROR] AppliInfo:139 - Unknown STM32CubeMX version: 6.16.0
2025-12-12 23:05:49,068 [ERROR] AppliInfo:139 - Unknown STM32CubeMX version: 6.16.0
2025-12-12 23:05:49,068 [ERROR] AppliInfo:139 - Unknown STM32CubeMX version: 6.16.0
2025-12-12 23:05:49,069 [ERROR] AppliInfo:139 - Unknown STM32CubeMX version: 6.16.0
2025-12-12 23:05:49,069 [ERROR] AppliInfo:139 - Unknown STM32CubeMX version: 6.16.0
2025-12-12 23:05:49,069 [ERROR] AppliInfo:139 - Unknown STM32CubeMX version: 6.16.0
2025-12-12 23:05:49,070 [ERROR] AppliInfo:139 - Unknown STM32CubeMX version: 6.16.0
2025-12-12 23:05:49,070 [ERROR] AppliInfo:139 - Unknown STM32CubeMX version: 6.16.0
2025-12-12 23:05:49,070 [ERROR] AppliInfo:139 - Unknown STM32CubeMX version: 6.16.0
2025-12-12 23:05:49,070 [ERROR] AppliInfo:139 - Unknown STM32CubeMX version: 6.16.0
2025-12-12 23:05:49,071 [ERROR] AppliInfo:139 - Unknown STM32CubeMX version: 6.16.0
2025-12-12 23:05:49,071 [ERROR] AppliInfo:139 - Unknown STM32CubeMX version: 6.16.0
2025-12-12 23:05:49,071 [ERROR] AppliInfo:139 - Unknown STM32CubeMX version: 6.16.0
2025-12-12 23:05:49,071 [ERROR] AppliInfo:139 - Unknown STM32CubeMX version: 6.16.0
2025-12-12 23:05:49,071 [ERROR] AppliInfo:139 - Unknown STM32CubeMX version: 6.16.0
2025-12-12 23:05:49,071 [ERROR] AppliInfo:139 - Unknown STM32CubeMX version: 6.16.0
2025-12-12 23:05:49,072 [ERROR] AppliInfo:139 - Unknown STM32CubeMX version: 6.16.0
2025-12-12 23:05:49,072 [ERROR] AppliInfo:139 - Unknown STM32CubeMX version: 6.16.0
2025-12-12 23:05:49,072 [ERROR] AppliInfo:139 - Unknown STM32CubeMX version: 6.16.0
2025-12-12 23:05:49,072 [ERROR] AppliInfo:139 - Unknown STM32CubeMX version: 6.16.0
2025-12-12 23:05:49,073 [ERROR] AppliInfo:139 - Unknown STM32CubeMX version: 6.16.0
2025-12-12 23:05:49,073 [ERROR] AppliInfo:139 - Unknown STM32CubeMX version: 6.16.0
2025-12-12 23:05:49,073 [ERROR] AppliInfo:139 - Unknown STM32CubeMX version: 6.16.0
2025-12-12 23:05:49,073 [ERROR] AppliInfo:139 - Unknown STM32CubeMX version: 6.16.0
2025-12-12 23:05:49,073 [ERROR] AppliInfo:139 - Unknown STM32CubeMX version: 6.16.0
2025-12-12 23:05:49,079 [ERROR] AppliInfo:139 - Unknown STM32CubeMX version: 6.16.0
2025-12-12 23:05:49,080 [ERROR] AppliInfo:139 - Unknown STM32CubeMX version: 6.16.0
2025-12-12 23:05:49,089 [ERROR] AppliInfo:139 - Unknown STM32CubeMX version: 6.16.0
2025-12-12 23:05:49,089 [ERROR] AppliInfo:139 - Unknown STM32CubeMX version: 6.16.0
2025-12-12 23:05:49,090 [ERROR] AppliInfo:139 - Unknown STM32CubeMX version: 6.16.0
2025-12-12 23:05:49,090 [ERROR] AppliInfo:139 - Unknown STM32CubeMX version: 6.16.0
2025-12-12 23:05:49,090 [ERROR] AppliInfo:139 - Unknown STM32CubeMX version: 6.16.0
2025-12-12 23:05:49,090 [ERROR] AppliInfo:139 - Unknown STM32CubeMX version: 6.16.0
2025-12-12 23:05:49,090 [ERROR] AppliInfo:139 - Unknown STM32CubeMX version: 6.16.0
2025-12-12 23:05:49,091 [ERROR] AppliInfo:139 - Unknown STM32CubeMX version: 6.16.0
2025-12-12 23:05:49,091 [ERROR] AppliInfo:139 - Unknown STM32CubeMX version: 6.16.0
2025-12-12 23:05:49,091 [ERROR] AppliInfo:139 - Unknown STM32CubeMX version: 6.16.0
2025-12-12 23:05:49,092 [ERROR] AppliInfo:139 - Unknown STM32CubeMX version: 6.16.0
2025-12-12 23:05:49,092 [ERROR] AppliInfo:139 - Unknown STM32CubeMX version: 6.16.0
2025-12-12 23:05:49,093 [ERROR] AppliInfo:139 - Unknown STM32CubeMX version: 6.16.0
2025-12-12 23:05:49,093 [ERROR] AppliInfo:139 - Unknown STM32CubeMX version: 6.16.0
2025-12-12 23:05:49,093 [ERROR] AppliInfo:139 - Unknown STM32CubeMX version: 6.16.0
2025-12-12 23:05:49,093 [ERROR] AppliInfo:139 - Unknown STM32CubeMX version: 6.16.0
2025-12-12 23:05:49,093 [ERROR] AppliInfo:139 - Unknown STM32CubeMX version: 6.16.0
2025-12-12 23:05:49,093 [ERROR] AppliInfo:139 - Unknown STM32CubeMX version: 6.16.0
2025-12-12 23:05:49,093 [ERROR] AppliInfo:139 - Unknown STM32CubeMX version: 6.16.0
2025-12-12 23:05:49,094 [ERROR] AppliInfo:139 - Unknown STM32CubeMX version: 6.16.0
2025-12-12 23:05:49,094 [ERROR] AppliInfo:139 - Unknown STM32CubeMX version: 6.16.0
2025-12-12 23:05:49,094 [ERROR] AppliInfo:139 - Unknown STM32CubeMX version: 6.16.0
2025-12-12 23:05:49,094 [ERROR] AppliInfo:139 - Unknown STM32CubeMX version: 6.16.0
2025-12-12 23:05:49,094 [ERROR] AppliInfo:139 - Unknown STM32CubeMX version: 6.16.0
2025-12-12 23:05:49,094 [ERROR] AppliInfo:139 - Unknown STM32CubeMX version: 6.16.0
2025-12-12 23:05:49,094 [ERROR] AppliInfo:139 - Unknown STM32CubeMX version: 6.16.0
2025-12-12 23:05:49,095 [ERROR] AppliInfo:139 - Unknown STM32CubeMX version: 6.16.0
2025-12-12 23:05:49,095 [ERROR] AppliInfo:139 - Unknown STM32CubeMX version: 6.16.0
2025-12-12 23:05:49,095 [ERROR] AppliInfo:139 - Unknown STM32CubeMX version: 6.16.0
2025-12-12 23:05:49,095 [ERROR] AppliInfo:139 - Unknown STM32CubeMX version: 6.16.0
2025-12-12 23:05:49,095 [ERROR] AppliInfo:139 - Unknown STM32CubeMX version: 6.16.0
2025-12-12 23:05:49,095 [ERROR] AppliInfo:139 - Unknown STM32CubeMX version: 6.16.0
2025-12-12 23:05:49,095 [ERROR] AppliInfo:139 - Unknown STM32CubeMX version: 6.16.0
2025-12-12 23:05:49,096 [ERROR] AppliInfo:139 - Unknown STM32CubeMX version: 6.16.0
2025-12-12 23:05:49,096 [ERROR] AppliInfo:139 - Unknown STM32CubeMX version: 6.16.0
2025-12-12 23:05:49,096 [ERROR] AppliInfo:139 - Unknown STM32CubeMX version: 6.16.0
2025-12-12 23:05:49,096 [ERROR] AppliInfo:139 - Unknown STM32CubeMX version: 6.16.0
2025-12-12 23:05:49,096 [ERROR] AppliInfo:139 - Unknown STM32CubeMX version: 6.16.0
2025-12-12 23:05:49,096 [ERROR] AppliInfo:139 - Unknown STM32CubeMX version: 6.16.0
2025-12-12 23:05:49,097 [ERROR] AppliInfo:139 - Unknown STM32CubeMX version: 6.16.0
2025-12-12 23:05:49,098 [ERROR] AppliInfo:139 - Unknown STM32CubeMX version: 6.16.0
2025-12-12 23:05:49,098 [ERROR] AppliInfo:139 - Unknown STM32CubeMX version: 6.16.0
2025-12-12 23:05:49,098 [ERROR] AppliInfo:139 - Unknown STM32CubeMX version: 6.16.0
2025-12-12 23:05:49,098 [ERROR] AppliInfo:139 - Unknown STM32CubeMX version: 6.16.0
2025-12-12 23:05:49,099 [ERROR] AppliInfo:139 - Unknown STM32CubeMX version: 6.16.0
2025-12-12 23:05:49,099 [ERROR] AppliInfo:139 - Unknown STM32CubeMX version: 6.16.0
2025-12-12 23:05:49,099 [ERROR] AppliInfo:139 - Unknown STM32CubeMX version: 6.16.0
2025-12-12 23:05:49,099 [ERROR] AppliInfo:139 - Unknown STM32CubeMX version: 6.16.0
2025-12-12 23:05:49,099 [ERROR] AppliInfo:139 - Unknown STM32CubeMX version: 6.16.0
2025-12-12 23:05:49,099 [ERROR] AppliInfo:139 - Unknown STM32CubeMX version: 6.16.0
2025-12-12 23:05:49,100 [ERROR] AppliInfo:139 - Unknown STM32CubeMX version: 6.16.0
2025-12-12 23:05:49,100 [ERROR] AppliInfo:139 - Unknown STM32CubeMX version: 6.16.0
2025-12-12 23:05:49,100 [ERROR] AppliInfo:139 - Unknown STM32CubeMX version: 6.16.0
2025-12-12 23:05:49,100 [ERROR] AppliInfo:139 - Unknown STM32CubeMX version: 6.16.0
2025-12-12 23:05:49,100 [ERROR] AppliInfo:139 - Unknown STM32CubeMX version: 6.16.0
2025-12-12 23:05:49,100 [ERROR] AppliInfo:139 - Unknown STM32CubeMX version: 6.16.0
2025-12-12 23:05:49,100 [ERROR] AppliInfo:139 - Unknown STM32CubeMX version: 6.16.0
2025-12-12 23:05:49,101 [ERROR] AppliInfo:139 - Unknown STM32CubeMX version: 6.16.0
2025-12-12 23:05:49,101 [ERROR] AppliInfo:139 - Unknown STM32CubeMX version: 6.16.0
2025-12-12 23:05:49,101 [ERROR] AppliInfo:139 - Unknown STM32CubeMX version: 6.16.0
2025-12-12 23:05:49,101 [ERROR] AppliInfo:139 - Unknown STM32CubeMX version: 6.16.0
2025-12-12 23:05:49,103 [ERROR] AppliInfo:139 - Unknown STM32CubeMX version: 6.16.0
2025-12-12 23:05:49,103 [ERROR] AppliInfo:139 - Unknown STM32CubeMX version: 6.16.0
2025-12-12 23:05:49,103 [ERROR] AppliInfo:139 - Unknown STM32CubeMX version: 6.16.0
2025-12-12 23:05:49,103 [ERROR] AppliInfo:139 - Unknown STM32CubeMX version: 6.16.0
2025-12-12 23:05:49,103 [ERROR] AppliInfo:139 - Unknown STM32CubeMX version: 6.16.0
2025-12-12 23:05:49,104 [ERROR] AppliInfo:139 - Unknown STM32CubeMX version: 6.16.0
2025-12-12 23:05:49,104 [ERROR] AppliInfo:139 - Unknown STM32CubeMX version: 6.16.0
2025-12-12 23:05:49,104 [ERROR] AppliInfo:139 - Unknown STM32CubeMX version: 6.16.0
2025-12-12 23:05:49,104 [ERROR] AppliInfo:139 - Unknown STM32CubeMX version: 6.16.0
2025-12-12 23:05:49,104 [ERROR] AppliInfo:139 - Unknown STM32CubeMX version: 6.16.0
2025-12-12 23:05:49,104 [ERROR] AppliInfo:139 - Unknown STM32CubeMX version: 6.16.0
2025-12-12 23:05:49,105 [ERROR] AppliInfo:139 - Unknown STM32CubeMX version: 6.16.0
2025-12-12 23:05:49,105 [ERROR] AppliInfo:139 - Unknown STM32CubeMX version: 6.16.0
2025-12-12 23:05:49,105 [ERROR] AppliInfo:139 - Unknown STM32CubeMX version: 6.16.0
2025-12-12 23:05:49,105 [ERROR] AppliInfo:139 - Unknown STM32CubeMX version: 6.16.0
2025-12-12 23:05:49,105 [ERROR] AppliInfo:139 - Unknown STM32CubeMX version: 6.16.0
2025-12-12 23:05:49,105 [ERROR] AppliInfo:139 - Unknown STM32CubeMX version: 6.16.0
2025-12-12 23:05:49,106 [ERROR] AppliInfo:139 - Unknown STM32CubeMX version: 6.16.0
2025-12-12 23:05:49,106 [ERROR] AppliInfo:139 - Unknown STM32CubeMX version: 6.16.0
2025-12-12 23:05:49,106 [ERROR] AppliInfo:139 - Unknown STM32CubeMX version: 6.16.0
2025-12-12 23:05:49,107 [ERROR] AppliInfo:139 - Unknown STM32CubeMX version: 6.16.0
2025-12-12 23:05:49,107 [ERROR] AppliInfo:139 - Unknown STM32CubeMX version: 6.16.0
2025-12-12 23:05:49,107 [ERROR] AppliInfo:139 - Unknown STM32CubeMX version: 6.16.0
2025-12-12 23:05:49,107 [ERROR] AppliInfo:139 - Unknown STM32CubeMX version: 6.16.0
2025-12-12 23:05:49,107 [ERROR] AppliInfo:139 - Unknown STM32CubeMX version: 6.16.0
2025-12-12 23:05:49,107 [ERROR] AppliInfo:139 - Unknown STM32CubeMX version: 6.16.0
2025-12-12 23:05:49,108 [ERROR] AppliInfo:139 - Unknown STM32CubeMX version: 6.16.0
2025-12-12 23:05:49,108 [ERROR] AppliInfo:139 - Unknown STM32CubeMX version: 6.16.0
2025-12-12 23:05:49,108 [ERROR] AppliInfo:139 - Unknown STM32CubeMX version: 6.16.0
2025-12-12 23:05:49,108 [ERROR] AppliInfo:139 - Unknown STM32CubeMX version: 6.16.0
2025-12-12 23:05:49,108 [ERROR] AppliInfo:139 - Unknown STM32CubeMX version: 6.16.0
2025-12-12 23:05:49,108 [ERROR] AppliInfo:139 - Unknown STM32CubeMX version: 6.16.0
2025-12-12 23:05:49,108 [ERROR] AppliInfo:139 - Unknown STM32CubeMX version: 6.16.0
2025-12-12 23:05:49,108 [ERROR] AppliInfo:139 - Unknown STM32CubeMX version: 6.16.0
2025-12-12 23:05:49,109 [ERROR] AppliInfo:139 - Unknown STM32CubeMX version: 6.16.0
2025-12-12 23:05:49,109 [ERROR] AppliInfo:139 - Unknown STM32CubeMX version: 6.16.0
2025-12-12 23:05:49,111 [ERROR] AppliInfo:139 - Unknown STM32CubeMX version: 6.16.0
2025-12-12 23:05:49,111 [ERROR] AppliInfo:139 - Unknown STM32CubeMX version: 6.16.0
2025-12-12 23:05:49,111 [ERROR] AppliInfo:139 - Unknown STM32CubeMX version: 6.16.0
2025-12-12 23:05:49,111 [ERROR] AppliInfo:139 - Unknown STM32CubeMX version: 6.16.0
2025-12-12 23:05:49,111 [ERROR] AppliInfo:139 - Unknown STM32CubeMX version: 6.16.0
2025-12-12 23:05:49,112 [ERROR] AppliInfo:139 - Unknown STM32CubeMX version: 6.16.0
2025-12-12 23:05:49,112 [ERROR] AppliInfo:139 - Unknown STM32CubeMX version: 6.16.0
2025-12-12 23:05:49,112 [ERROR] AppliInfo:139 - Unknown STM32CubeMX version: 6.16.0
2025-12-12 23:05:49,112 [ERROR] AppliInfo:139 - Unknown STM32CubeMX version: 6.16.0
2025-12-12 23:05:49,112 [ERROR] AppliInfo:139 - Unknown STM32CubeMX version: 6.16.0
2025-12-12 23:05:49,115 [ERROR] AppliInfo:139 - Unknown STM32CubeMX version: 6.16.0
2025-12-12 23:05:49,115 [ERROR] AppliInfo:139 - Unknown STM32CubeMX version: 6.16.0
2025-12-12 23:05:49,116 [ERROR] AppliInfo:139 - Unknown STM32CubeMX version: 6.16.0
2025-12-12 23:05:49,116 [ERROR] AppliInfo:139 - Unknown STM32CubeMX version: 6.16.0
2025-12-12 23:05:49,116 [ERROR] AppliInfo:139 - Unknown STM32CubeMX version: 6.16.0
2025-12-12 23:05:49,116 [ERROR] AppliInfo:139 - Unknown STM32CubeMX version: 6.16.0
2025-12-12 23:05:49,116 [ERROR] AppliInfo:139 - Unknown STM32CubeMX version: 6.16.0
2025-12-12 23:05:49,116 [ERROR] AppliInfo:139 - Unknown STM32CubeMX version: 6.16.0
2025-12-12 23:05:49,117 [ERROR] AppliInfo:139 - Unknown STM32CubeMX version: 6.16.0
2025-12-12 23:05:49,117 [ERROR] AppliInfo:139 - Unknown STM32CubeMX version: 6.16.0
2025-12-12 23:05:49,117 [ERROR] AppliInfo:139 - Unknown STM32CubeMX version: 6.16.0
2025-12-12 23:05:49,117 [ERROR] AppliInfo:139 - Unknown STM32CubeMX version: 6.16.0
2025-12-12 23:05:49,117 [ERROR] AppliInfo:139 - Unknown STM32CubeMX version: 6.16.0
2025-12-12 23:05:49,117 [ERROR] AppliInfo:139 - Unknown STM32CubeMX version: 6.16.0
2025-12-12 23:05:49,118 [ERROR] AppliInfo:139 - Unknown STM32CubeMX version: 6.16.0
2025-12-12 23:05:49,118 [ERROR] AppliInfo:139 - Unknown STM32CubeMX version: 6.16.0
2025-12-12 23:05:49,120 [ERROR] AppliInfo:139 - Unknown STM32CubeMX version: 6.16.0
2025-12-12 23:05:49,120 [ERROR] AppliInfo:139 - Unknown STM32CubeMX version: 6.16.0
2025-12-12 23:05:49,120 [ERROR] AppliInfo:139 - Unknown STM32CubeMX version: 6.16.0
2025-12-12 23:05:49,120 [ERROR] AppliInfo:139 - Unknown STM32CubeMX version: 6.16.0
2025-12-12 23:05:49,121 [ERROR] AppliInfo:139 - Unknown STM32CubeMX version: 6.16.0
2025-12-12 23:05:49,121 [ERROR] AppliInfo:139 - Unknown STM32CubeMX version: 6.16.0
2025-12-12 23:05:49,121 [ERROR] AppliInfo:139 - Unknown STM32CubeMX version: 6.16.0
2025-12-12 23:05:49,135 [ERROR] AppliInfo:139 - Unknown STM32CubeMX version: 6.16.0
2025-12-12 23:05:49,135 [ERROR] AppliInfo:139 - Unknown STM32CubeMX version: 6.16.0
2025-12-12 23:05:49,136 [ERROR] AppliInfo:139 - Unknown STM32CubeMX version: 6.16.0
2025-12-12 23:05:49,136 [ERROR] AppliInfo:139 - Unknown STM32CubeMX version: 6.16.0
2025-12-12 23:05:49,136 [ERROR] AppliInfo:139 - Unknown STM32CubeMX version: 6.16.0
2025-12-12 23:05:49,136 [ERROR] AppliInfo:139 - Unknown STM32CubeMX version: 6.16.0
2025-12-12 23:05:49,136 [ERROR] AppliInfo:139 - Unknown STM32CubeMX version: 6.16.0
2025-12-12 23:05:49,136 [ERROR] AppliInfo:139 - Unknown STM32CubeMX version: 6.16.0
2025-12-12 23:05:49,137 [ERROR] AppliInfo:139 - Unknown STM32CubeMX version: 6.16.0
2025-12-12 23:05:49,137 [ERROR] AppliInfo:139 - Unknown STM32CubeMX version: 6.16.0
2025-12-12 23:05:49,137 [ERROR] AppliInfo:139 - Unknown STM32CubeMX version: 6.16.0
2025-12-12 23:05:49,137 [ERROR] AppliInfo:139 - Unknown STM32CubeMX version: 6.16.0
2025-12-12 23:05:49,137 [ERROR] AppliInfo:139 - Unknown STM32CubeMX version: 6.16.0
2025-12-12 23:05:49,137 [ERROR] AppliInfo:139 - Unknown STM32CubeMX version: 6.16.0
2025-12-12 23:05:49,137 [ERROR] AppliInfo:139 - Unknown STM32CubeMX version: 6.16.0
2025-12-12 23:05:49,137 [ERROR] AppliInfo:139 - Unknown STM32CubeMX version: 6.16.0
2025-12-12 23:05:49,137 [ERROR] AppliInfo:139 - Unknown STM32CubeMX version: 6.16.0
2025-12-12 23:05:49,138 [ERROR] AppliInfo:139 - Unknown STM32CubeMX version: 6.16.0
2025-12-12 23:05:49,138 [ERROR] AppliInfo:139 - Unknown STM32CubeMX version: 6.16.0
2025-12-12 23:05:49,138 [ERROR] AppliInfo:139 - Unknown STM32CubeMX version: 6.16.0
2025-12-12 23:05:49,138 [ERROR] AppliInfo:139 - Unknown STM32CubeMX version: 6.16.0
2025-12-12 23:05:49,138 [ERROR] AppliInfo:139 - Unknown STM32CubeMX version: 6.16.0
2025-12-12 23:05:49,138 [ERROR] AppliInfo:139 - Unknown STM32CubeMX version: 6.16.0
2025-12-12 23:05:49,152 [ERROR] AppliInfo:139 - Unknown STM32CubeMX version: 6.16.0
2025-12-12 23:05:49,154 [ERROR] AppliInfo:139 - Unknown STM32CubeMX version: 6.16.0
2025-12-12 23:05:49,154 [ERROR] AppliInfo:139 - Unknown STM32CubeMX version: 6.16.0
2025-12-12 23:05:49,154 [ERROR] AppliInfo:139 - Unknown STM32CubeMX version: 6.16.0
2025-12-12 23:05:49,154 [ERROR] AppliInfo:139 - Unknown STM32CubeMX version: 6.16.0
2025-12-12 23:05:49,154 [ERROR] AppliInfo:139 - Unknown STM32CubeMX version: 6.16.0
2025-12-12 23:05:49,154 [ERROR] AppliInfo:139 - Unknown STM32CubeMX version: 6.16.0
2025-12-12 23:05:49,154 [ERROR] AppliInfo:139 - Unknown STM32CubeMX version: 6.16.0
2025-12-12 23:05:49,154 [ERROR] AppliInfo:139 - Unknown STM32CubeMX version: 6.16.0
2025-12-12 23:05:49,154 [ERROR] AppliInfo:139 - Unknown STM32CubeMX version: 6.16.0
2025-12-12 23:05:49,155 [ERROR] AppliInfo:139 - Unknown STM32CubeMX version: 6.16.0
2025-12-12 23:05:49,155 [ERROR] AppliInfo:139 - Unknown STM32CubeMX version: 6.16.0
2025-12-12 23:05:49,155 [ERROR] AppliInfo:139 - Unknown STM32CubeMX version: 6.16.0
2025-12-12 23:05:49,155 [ERROR] AppliInfo:139 - Unknown STM32CubeMX version: 6.16.0
2025-12-12 23:05:49,155 [ERROR] AppliInfo:139 - Unknown STM32CubeMX version: 6.16.0
2025-12-12 23:05:49,155 [ERROR] AppliInfo:139 - Unknown STM32CubeMX version: 6.16.0
2025-12-12 23:05:49,155 [ERROR] AppliInfo:139 - Unknown STM32CubeMX version: 6.16.0
2025-12-12 23:05:49,156 [ERROR] AppliInfo:139 - Unknown STM32CubeMX version: 6.16.0
2025-12-12 23:05:49,156 [ERROR] AppliInfo:139 - Unknown STM32CubeMX version: 6.16.0
2025-12-12 23:05:49,170 [ERROR] AppliInfo:139 - Unknown STM32CubeMX version: 6.16.0
2025-12-12 23:05:49,170 [ERROR] AppliInfo:139 - Unknown STM32CubeMX version: 6.16.0
2025-12-12 23:05:49,170 [ERROR] AppliInfo:139 - Unknown STM32CubeMX version: 6.16.0
2025-12-12 23:05:49,170 [ERROR] AppliInfo:139 - Unknown STM32CubeMX version: 6.16.0
2025-12-12 23:05:49,170 [ERROR] AppliInfo:139 - Unknown STM32CubeMX version: 6.16.0
2025-12-12 23:05:49,170 [ERROR] AppliInfo:139 - Unknown STM32CubeMX version: 6.16.0
2025-12-12 23:05:49,170 [ERROR] AppliInfo:139 - Unknown STM32CubeMX version: 6.16.0
2025-12-12 23:05:49,170 [ERROR] AppliInfo:139 - Unknown STM32CubeMX version: 6.16.0
2025-12-12 23:05:49,171 [ERROR] AppliInfo:139 - Unknown STM32CubeMX version: 6.16.0
2025-12-12 23:05:49,171 [ERROR] AppliInfo:139 - Unknown STM32CubeMX version: 6.16.0
2025-12-12 23:05:49,171 [ERROR] AppliInfo:139 - Unknown STM32CubeMX version: 6.16.0
2025-12-12 23:05:49,171 [ERROR] AppliInfo:139 - Unknown STM32CubeMX version: 6.16.0
2025-12-12 23:05:49,171 [ERROR] AppliInfo:139 - Unknown STM32CubeMX version: 6.16.0
2025-12-12 23:05:49,171 [ERROR] AppliInfo:139 - Unknown STM32CubeMX version: 6.16.0
2025-12-12 23:05:49,171 [ERROR] AppliInfo:139 - Unknown STM32CubeMX version: 6.16.0
2025-12-12 23:05:49,171 [ERROR] AppliInfo:139 - Unknown STM32CubeMX version: 6.16.0
2025-12-12 23:05:49,171 [ERROR] AppliInfo:139 - Unknown STM32CubeMX version: 6.16.0
2025-12-12 23:05:49,172 [ERROR] AppliInfo:139 - Unknown STM32CubeMX version: 6.16.0
2025-12-12 23:05:49,172 [ERROR] AppliInfo:139 - Unknown STM32CubeMX version: 6.16.0
2025-12-12 23:05:49,172 [ERROR] AppliInfo:139 - Unknown STM32CubeMX version: 6.16.0
2025-12-12 23:05:49,172 [ERROR] AppliInfo:139 - Unknown STM32CubeMX version: 6.16.0
2025-12-12 23:05:49,178 [ERROR] AppliInfo:139 - Unknown STM32CubeMX version: 6.16.0
2025-12-12 23:05:49,179 [ERROR] AppliInfo:139 - Unknown STM32CubeMX version: 6.16.0
2025-12-12 23:05:49,179 [ERROR] AppliInfo:139 - Unknown STM32CubeMX version: 6.16.0
2025-12-12 23:05:49,186 [ERROR] AppliInfo:139 - Unknown STM32CubeMX version: 6.16.0
2025-12-12 23:05:49,186 [ERROR] AppliInfo:139 - Unknown STM32CubeMX version: 6.16.0
2025-12-12 23:05:49,186 [ERROR] AppliInfo:139 - Unknown STM32CubeMX version: 6.16.0
2025-12-12 23:05:49,186 [ERROR] AppliInfo:139 - Unknown STM32CubeMX version: 6.16.0
2025-12-12 23:05:49,186 [ERROR] AppliInfo:139 - Unknown STM32CubeMX version: 6.16.0
2025-12-12 23:05:49,186 [ERROR] AppliInfo:139 - Unknown STM32CubeMX version: 6.16.0
2025-12-12 23:05:49,187 [ERROR] AppliInfo:139 - Unknown STM32CubeMX version: 6.16.0
2025-12-12 23:05:49,187 [ERROR] AppliInfo:139 - Unknown STM32CubeMX version: 6.16.0
2025-12-12 23:05:49,187 [ERROR] AppliInfo:139 - Unknown STM32CubeMX version: 6.16.0
2025-12-12 23:05:49,187 [ERROR] AppliInfo:139 - Unknown STM32CubeMX version: 6.16.0
2025-12-12 23:05:49,187 [ERROR] AppliInfo:139 - Unknown STM32CubeMX version: 6.16.0
2025-12-12 23:05:49,187 [ERROR] AppliInfo:139 - Unknown STM32CubeMX version: 6.16.0
2025-12-12 23:05:49,188 [ERROR] AppliInfo:139 - Unknown STM32CubeMX version: 6.16.0
2025-12-12 23:05:49,188 [ERROR] AppliInfo:139 - Unknown STM32CubeMX version: 6.16.0
2025-12-12 23:05:49,188 [ERROR] AppliInfo:139 - Unknown STM32CubeMX version: 6.16.0
2025-12-12 23:05:49,188 [ERROR] AppliInfo:139 - Unknown STM32CubeMX version: 6.16.0
2025-12-12 23:05:49,188 [ERROR] AppliInfo:139 - Unknown STM32CubeMX version: 6.16.0
2025-12-12 23:05:49,188 [ERROR] AppliInfo:139 - Unknown STM32CubeMX version: 6.16.0
2025-12-12 23:05:49,188 [ERROR] AppliInfo:139 - Unknown STM32CubeMX version: 6.16.0
2025-12-12 23:05:49,189 [ERROR] AppliInfo:139 - Unknown STM32CubeMX version: 6.16.0
2025-12-12 23:05:49,189 [ERROR] AppliInfo:139 - Unknown STM32CubeMX version: 6.16.0
2025-12-12 23:05:49,189 [ERROR] AppliInfo:139 - Unknown STM32CubeMX version: 6.16.0
2025-12-12 23:05:49,189 [ERROR] AppliInfo:139 - Unknown STM32CubeMX version: 6.16.0
2025-12-12 23:05:49,189 [ERROR] AppliInfo:139 - Unknown STM32CubeMX version: 6.16.0
2025-12-12 23:05:49,189 [ERROR] AppliInfo:139 - Unknown STM32CubeMX version: 6.16.0
2025-12-12 23:05:49,189 [ERROR] AppliInfo:139 - Unknown STM32CubeMX version: 6.16.0
2025-12-12 23:05:49,189 [ERROR] AppliInfo:139 - Unknown STM32CubeMX version: 6.16.0
2025-12-12 23:05:49,190 [ERROR] AppliInfo:139 - Unknown STM32CubeMX version: 6.16.0
2025-12-12 23:05:49,190 [ERROR] AppliInfo:139 - Unknown STM32CubeMX version: 6.16.0
2025-12-12 23:05:49,190 [ERROR] AppliInfo:139 - Unknown STM32CubeMX version: 6.16.0
2025-12-12 23:05:49,190 [ERROR] AppliInfo:139 - Unknown STM32CubeMX version: 6.16.0
2025-12-12 23:05:49,190 [ERROR] AppliInfo:139 - Unknown STM32CubeMX version: 6.16.0
2025-12-12 23:05:49,190 [ERROR] AppliInfo:139 - Unknown STM32CubeMX version: 6.16.0
2025-12-12 23:05:49,190 [ERROR] AppliInfo:139 - Unknown STM32CubeMX version: 6.16.0
2025-12-12 23:05:49,190 [ERROR] AppliInfo:139 - Unknown STM32CubeMX version: 6.16.0
2025-12-12 23:05:49,190 [ERROR] AppliInfo:139 - Unknown STM32CubeMX version: 6.16.0
2025-12-12 23:05:49,190 [ERROR] AppliInfo:139 - Unknown STM32CubeMX version: 6.16.0
2025-12-12 23:05:49,191 [ERROR] AppliInfo:139 - Unknown STM32CubeMX version: 6.16.0
2025-12-12 23:05:49,191 [ERROR] AppliInfo:139 - Unknown STM32CubeMX version: 6.16.0
2025-12-12 23:05:49,191 [ERROR] AppliInfo:139 - Unknown STM32CubeMX version: 6.16.0
2025-12-12 23:05:49,191 [ERROR] AppliInfo:139 - Unknown STM32CubeMX version: 6.16.0
2025-12-12 23:05:49,191 [ERROR] AppliInfo:139 - Unknown STM32CubeMX version: 6.16.0
2025-12-12 23:05:49,191 [ERROR] AppliInfo:139 - Unknown STM32CubeMX version: 6.16.0
2025-12-12 23:05:49,191 [ERROR] AppliInfo:139 - Unknown STM32CubeMX version: 6.16.0
2025-12-12 23:05:49,191 [ERROR] AppliInfo:139 - Unknown STM32CubeMX version: 6.16.0
2025-12-12 23:05:49,191 [ERROR] AppliInfo:139 - Unknown STM32CubeMX version: 6.16.0
2025-12-12 23:05:49,192 [ERROR] AppliInfo:139 - Unknown STM32CubeMX version: 6.16.0
2025-12-12 23:05:49,192 [ERROR] AppliInfo:139 - Unknown STM32CubeMX version: 6.16.0
2025-12-12 23:05:49,192 [ERROR] AppliInfo:139 - Unknown STM32CubeMX version: 6.16.0
2025-12-12 23:05:49,192 [ERROR] AppliInfo:139 - Unknown STM32CubeMX version: 6.16.0
2025-12-12 23:05:49,192 [ERROR] AppliInfo:139 - Unknown STM32CubeMX version: 6.16.0
2025-12-12 23:05:49,192 [ERROR] AppliInfo:139 - Unknown STM32CubeMX version: 6.16.0
2025-12-12 23:05:49,192 [ERROR] AppliInfo:139 - Unknown STM32CubeMX version: 6.16.0
2025-12-12 23:05:49,192 [ERROR] AppliInfo:139 - Unknown STM32CubeMX version: 6.16.0
2025-12-12 23:05:49,192 [ERROR] AppliInfo:139 - Unknown STM32CubeMX version: 6.16.0
2025-12-12 23:05:49,193 [ERROR] AppliInfo:139 - Unknown STM32CubeMX version: 6.16.0
2025-12-12 23:05:49,193 [ERROR] AppliInfo:139 - Unknown STM32CubeMX version: 6.16.0
2025-12-12 23:05:49,193 [ERROR] AppliInfo:139 - Unknown STM32CubeMX version: 6.16.0
2025-12-12 23:05:49,193 [ERROR] AppliInfo:139 - Unknown STM32CubeMX version: 6.16.0
2025-12-12 23:05:49,193 [ERROR] AppliInfo:139 - Unknown STM32CubeMX version: 6.16.0
2025-12-12 23:05:49,569 [ERROR] LogOutputStream:75 - [STDERR_REDIRECT] [Fatal Error] :1:1: Premature end of file.
2025-12-12 23:05:49,570 [ERROR] LogOutputStream:75 - [STDERR_REDIRECT] 
2025-12-12 23:05:50,564 [ERROR] LogOutputStream:75 - [STDERR_REDIRECT] [Fatal Error] :1:1: Premature end of file.
2025-12-12 23:05:50,564 [ERROR] LogOutputStream:75 - [STDERR_REDIRECT] 
2025-12-12 23:05:51,561 [ERROR] LogOutputStream:75 - [STDERR_REDIRECT] [Fatal Error] :1:1: Premature end of file.
2025-12-12 23:05:51,562 [ERROR] LogOutputStream:75 - [STDERR_REDIRECT] 
2025-12-12 23:05:52,560 [ERROR] LogOutputStream:75 - [STDERR_REDIRECT] [Fatal Error] :1:1: Premature end of file.
2025-12-12 23:05:52,560 [ERROR] LogOutputStream:75 - [STDERR_REDIRECT] 
2025-12-12 23:05:53,561 [ERROR] LogOutputStream:75 - [STDERR_REDIRECT] [Fatal Error] :1:1: Premature end of file.
2025-12-12 23:05:53,561 [ERROR] LogOutputStream:75 - [STDERR_REDIRECT] 
2025-12-12 23:05:54,565 [ERROR] LogOutputStream:75 - [STDERR_REDIRECT] [Fatal Error] :1:1: Premature end of file.
2025-12-12 23:05:54,565 [ERROR] LogOutputStream:75 - [STDERR_REDIRECT] 
2025-12-12 23:05:55,563 [ERROR] LogOutputStream:75 - [STDERR_REDIRECT] [Fatal Error] :1:1: Premature end of file.
2025-12-12 23:05:55,564 [ERROR] LogOutputStream:75 - [STDERR_REDIRECT] 
2025-12-12 23:05:56,607 [ERROR] LogOutputStream:75 - [STDERR_REDIRECT] [Fatal Error] :1:1: Premature end of file.
2025-12-12 23:05:56,607 [ERROR] LogOutputStream:75 - [STDERR_REDIRECT] 
2025-12-12 23:05:57,561 [ERROR] LogOutputStream:75 - [STDERR_REDIRECT] [Fatal Error] :1:1: Premature end of file.
2025-12-12 23:05:57,561 [ERROR] LogOutputStream:75 - [STDERR_REDIRECT] 
2025-12-12 23:05:58,562 [ERROR] LogOutputStream:75 - [STDERR_REDIRECT] [Fatal Error] :1:1: Premature end of file.
2025-12-12 23:05:58,562 [ERROR] LogOutputStream:75 - [STDERR_REDIRECT] 
2025-12-12 23:05:59,560 [ERROR] LogOutputStream:75 - [STDERR_REDIRECT] [Fatal Error] :1:1: Premature end of file.
2025-12-12 23:05:59,560 [ERROR] LogOutputStream:75 - [STDERR_REDIRECT] 
2025-12-12 23:06:00,562 [ERROR] LogOutputStream:75 - [STDERR_REDIRECT] [Fatal Error] :1:1: Premature end of file.
2025-12-12 23:06:00,562 [ERROR] LogOutputStream:75 - [STDERR_REDIRECT] 
2025-12-12 23:06:01,561 [ERROR] LogOutputStream:75 - [STDERR_REDIRECT] [Fatal Error] :1:1: Premature end of file.
2025-12-12 23:06:01,562 [ERROR] LogOutputStream:75 - [STDERR_REDIRECT] 
2025-12-12 23:06:02,560 [ERROR] LogOutputStream:75 - [STDERR_REDIRECT] [Fatal Error] :1:1: Premature end of file.
2025-12-12 23:06:02,561 [ERROR] LogOutputStream:75 - [STDERR_REDIRECT] 
2025-12-12 23:06:03,565 [ERROR] LogOutputStream:75 - [STDERR_REDIRECT] [Fatal Error] :1:1: Premature end of file.
2025-12-12 23:06:03,565 [ERROR] LogOutputStream:75 - [STDERR_REDIRECT] 
2025-12-12 23:06:04,568 [ERROR] LogOutputStream:75 - [STDERR_REDIRECT] [Fatal Error] :1:1: Premature end of file.
2025-12-12 23:06:04,568 [ERROR] LogOutputStream:75 - [STDERR_REDIRECT] 
2025-12-12 23:06:05,579 [ERROR] LogOutputStream:75 - [STDERR_REDIRECT] [Fatal Error] :1:1: Premature end of file.
2025-12-12 23:06:05,579 [ERROR] LogOutputStream:75 - [STDERR_REDIRECT] 
2025-12-12 23:06:06,564 [ERROR] LogOutputStream:75 - [STDERR_REDIRECT] [Fatal Error] :1:1: Premature end of file.
2025-12-12 23:06:06,564 [ERROR] LogOutputStream:75 - [STDERR_REDIRECT] 
2025-12-12 23:06:07,565 [ERROR] LogOutputStream:75 - [STDERR_REDIRECT] [Fatal Error] :1:1: Premature end of file.
2025-12-12 23:06:07,565 [ERROR] LogOutputStream:75 - [STDERR_REDIRECT] 
2025-12-12 23:06:08,561 [ERROR] LogOutputStream:75 - [STDERR_REDIRECT] [Fatal Error] :1:1: Premature end of file.
2025-12-12 23:06:08,561 [ERROR] LogOutputStream:75 - [STDERR_REDIRECT] 
2025-12-12 23:06:09,569 [ERROR] LogOutputStream:75 - [STDERR_REDIRECT] [Fatal Error] :1:1: Premature end of file.
2025-12-12 23:06:09,569 [ERROR] LogOutputStream:75 - [STDERR_REDIRECT] 
2025-12-12 23:06:10,562 [ERROR] LogOutputStream:75 - [STDERR_REDIRECT] [Fatal Error] :1:1: Premature end of file.
2025-12-12 23:06:10,562 [ERROR] LogOutputStream:75 - [STDERR_REDIRECT] 
2025-12-12 23:06:11,563 [ERROR] LogOutputStream:75 - [STDERR_REDIRECT] [Fatal Error] :1:1: Premature end of file.
2025-12-12 23:06:11,563 [ERROR] LogOutputStream:75 - [STDERR_REDIRECT] 
2025-12-12 23:06:12,581 [ERROR] LogOutputStream:75 - [STDERR_REDIRECT] [Fatal Error] :1:1: Premature end of file.
2025-12-12 23:06:12,581 [ERROR] LogOutputStream:75 - [STDERR_REDIRECT] 
2025-12-12 23:06:13,561 [ERROR] LogOutputStream:75 - [STDERR_REDIRECT] [Fatal Error] :1:1: Premature end of file.
2025-12-12 23:06:13,561 [ERROR] LogOutputStream:75 - [STDERR_REDIRECT] 
2025-12-12 23:06:14,564 [ERROR] LogOutputStream:75 - [STDERR_REDIRECT] [Fatal Error] :1:1: Premature end of file.
2025-12-12 23:06:14,564 [ERROR] LogOutputStream:75 - [STDERR_REDIRECT] 
2025-12-12 23:06:15,577 [ERROR] LogOutputStream:75 - [STDERR_REDIRECT] [Fatal Error] :1:1: Premature end of file.
2025-12-12 23:06:15,577 [ERROR] LogOutputStream:75 - [STDERR_REDIRECT] 
2025-12-12 23:06:16,595 [ERROR] LogOutputStream:75 - [STDERR_REDIRECT] [Fatal Error] :1:1: Premature end of file.
2025-12-12 23:06:16,596 [ERROR] LogOutputStream:75 - [STDERR_REDIRECT] 
2025-12-12 23:06:17,561 [ERROR] LogOutputStream:75 - [STDERR_REDIRECT] [Fatal Error] :1:1: Premature end of file.
2025-12-12 23:06:17,561 [ERROR] LogOutputStream:75 - [STDERR_REDIRECT] 
2025-12-12 23:06:18,563 [ERROR] LogOutputStream:75 - [STDERR_REDIRECT] [Fatal Error] :1:1: Premature end of file.
2025-12-12 23:06:18,563 [ERROR] LogOutputStream:75 - [STDERR_REDIRECT] 
2025-12-12 23:06:18,722 [ERROR] AppliInfo:139 - Unknown STM32CubeMX version: 6.16.0
2025-12-12 23:06:18,723 [ERROR] AppliInfo:139 - Unknown STM32CubeMX version: 6.16.0
2025-12-12 23:06:18,723 [ERROR] AppliInfo:139 - Unknown STM32CubeMX version: 6.16.0
2025-12-12 23:06:18,735 [ERROR] AppliInfo:139 - Unknown STM32CubeMX version: 6.16.0
2025-12-12 23:06:18,836 [ERROR] AppliInfo:139 - Unknown STM32CubeMX version: 6.16.0
2025-12-12 23:06:18,837 [ERROR] AppliInfo:139 - Unknown STM32CubeMX version: 6.16.0
2025-12-12 23:06:18,869 [ERROR] AppliInfo:139 - Unknown STM32CubeMX version: 6.16.0
2025-12-12 23:06:18,870 [ERROR] AppliInfo:139 - Unknown STM32CubeMX version: 6.16.0
2025-12-12 23:06:18,870 [ERROR] AppliInfo:139 - Unknown STM32CubeMX version: 6.16.0
2025-12-12 23:06:18,870 [ERROR] AppliInfo:139 - Unknown STM32CubeMX version: 6.16.0
2025-12-12 23:06:18,870 [ERROR] AppliInfo:139 - Unknown STM32CubeMX version: 6.16.0
2025-12-12 23:06:18,870 [ERROR] AppliInfo:139 - Unknown STM32CubeMX version: 6.16.0
2025-12-12 23:06:18,871 [ERROR] AppliInfo:139 - Unknown STM32CubeMX version: 6.16.0
2025-12-12 23:06:18,871 [ERROR] AppliInfo:139 - Unknown STM32CubeMX version: 6.16.0
2025-12-12 23:06:18,871 [ERROR] AppliInfo:139 - Unknown STM32CubeMX version: 6.16.0
2025-12-12 23:06:18,871 [ERROR] AppliInfo:139 - Unknown STM32CubeMX version: 6.16.0
2025-12-12 23:06:18,871 [ERROR] AppliInfo:139 - Unknown STM32CubeMX version: 6.16.0
2025-12-12 23:06:18,872 [ERROR] AppliInfo:139 - Unknown STM32CubeMX version: 6.16.0
2025-12-12 23:06:18,872 [ERROR] AppliInfo:139 - Unknown STM32CubeMX version: 6.16.0
2025-12-12 23:06:18,873 [ERROR] AppliInfo:139 - Unknown STM32CubeMX version: 6.16.0
2025-12-12 23:06:18,873 [ERROR] AppliInfo:139 - Unknown STM32CubeMX version: 6.16.0
2025-12-12 23:06:18,873 [ERROR] AppliInfo:139 - Unknown STM32CubeMX version: 6.16.0
2025-12-12 23:06:18,874 [ERROR] AppliInfo:139 - Unknown STM32CubeMX version: 6.16.0
2025-12-12 23:06:18,874 [ERROR] AppliInfo:139 - Unknown STM32CubeMX version: 6.16.0
2025-12-12 23:06:18,874 [ERROR] AppliInfo:139 - Unknown STM32CubeMX version: 6.16.0
2025-12-12 23:06:18,874 [ERROR] AppliInfo:139 - Unknown STM32CubeMX version: 6.16.0
2025-12-12 23:06:18,874 [ERROR] AppliInfo:139 - Unknown STM32CubeMX version: 6.16.0
2025-12-12 23:06:18,875 [ERROR] AppliInfo:139 - Unknown STM32CubeMX version: 6.16.0
2025-12-12 23:06:18,875 [ERROR] AppliInfo:139 - Unknown STM32CubeMX version: 6.16.0
2025-12-12 23:06:18,875 [ERROR] AppliInfo:139 - Unknown STM32CubeMX version: 6.16.0
2025-12-12 23:06:18,876 [ERROR] AppliInfo:139 - Unknown STM32CubeMX version: 6.16.0
2025-12-12 23:06:18,911 [ERROR] AppliInfo:139 - Unknown STM32CubeMX version: 6.16.0
2025-12-12 23:06:18,924 [ERROR] AppliInfo:139 - Unknown STM32CubeMX version: 6.12.1
2025-12-12 23:06:18,924 [ERROR] AppliInfo:139 - Unknown STM32CubeMX version: 6.16.0
2025-12-12 23:06:18,924 [ERROR] AppliInfo:139 - Unknown STM32CubeMX version: 6.16.0
2025-12-12 23:06:18,924 [ERROR] AppliInfo:139 - Unknown STM32CubeMX version: 6.16.0
2025-12-12 23:06:18,924 [ERROR] AppliInfo:139 - Unknown STM32CubeMX version: 6.16.0
2025-12-12 23:06:18,924 [ERROR] AppliInfo:139 - Unknown STM32CubeMX version: 6.16.0
2025-12-12 23:06:18,924 [ERROR] AppliInfo:139 - Unknown STM32CubeMX version: 6.16.0
2025-12-12 23:06:18,925 [ERROR] AppliInfo:139 - Unknown STM32CubeMX version: 6.16.0
2025-12-12 23:06:18,925 [ERROR] AppliInfo:139 - Unknown STM32CubeMX version: 6.16.0
2025-12-12 23:06:18,925 [ERROR] AppliInfo:139 - Unknown STM32CubeMX version: 6.16.0
2025-12-12 23:06:18,926 [ERROR] AppliInfo:139 - Unknown STM32CubeMX version: 6.16.0
2025-12-12 23:06:18,926 [ERROR] AppliInfo:139 - Unknown STM32CubeMX version: 6.16.0
2025-12-12 23:06:18,926 [ERROR] AppliInfo:139 - Unknown STM32CubeMX version: 6.16.0
2025-12-12 23:06:18,926 [ERROR] AppliInfo:139 - Unknown STM32CubeMX version: 6.16.0
2025-12-12 23:06:18,926 [ERROR] AppliInfo:139 - Unknown STM32CubeMX version: 6.16.0
2025-12-12 23:06:18,927 [ERROR] AppliInfo:139 - Unknown STM32CubeMX version: 6.16.0
2025-12-12 23:06:18,927 [ERROR] AppliInfo:139 - Unknown STM32CubeMX version: 6.16.0
2025-12-12 23:06:18,927 [ERROR] AppliInfo:139 - Unknown STM32CubeMX version: 6.16.0
2025-12-12 23:06:18,927 [ERROR] AppliInfo:139 - Unknown STM32CubeMX version: 6.16.0
2025-12-12 23:06:18,927 [ERROR] AppliInfo:139 - Unknown STM32CubeMX version: 6.16.0
2025-12-12 23:06:18,929 [ERROR] AppliInfo:139 - Unknown STM32CubeMX version: 6.16.0
2025-12-12 23:06:18,929 [ERROR] AppliInfo:139 - Unknown STM32CubeMX version: 6.16.0
2025-12-12 23:06:18,929 [ERROR] AppliInfo:139 - Unknown STM32CubeMX version: 6.16.0
2025-12-12 23:06:18,929 [ERROR] AppliInfo:139 - Unknown STM32CubeMX version: 6.16.0
2025-12-12 23:06:18,929 [ERROR] AppliInfo:139 - Unknown STM32CubeMX version: 6.16.0
2025-12-12 23:06:18,929 [ERROR] AppliInfo:139 - Unknown STM32CubeMX version: 6.16.0
2025-12-12 23:06:18,929 [ERROR] AppliInfo:139 - Unknown STM32CubeMX version: 6.16.0
2025-12-12 23:06:18,930 [ERROR] AppliInfo:139 - Unknown STM32CubeMX version: 6.16.0
2025-12-12 23:06:18,930 [ERROR] AppliInfo:139 - Unknown STM32CubeMX version: 6.16.0
2025-12-12 23:06:18,930 [ERROR] AppliInfo:139 - Unknown STM32CubeMX version: 6.16.0
2025-12-12 23:06:18,934 [ERROR] AppliInfo:139 - Unknown STM32CubeMX version: 6.16.0
2025-12-12 23:06:18,934 [ERROR] AppliInfo:139 - Unknown STM32CubeMX version: 6.16.0
2025-12-12 23:06:18,934 [ERROR] AppliInfo:139 - Unknown STM32CubeMX version: 6.16.0
2025-12-12 23:06:18,935 [ERROR] AppliInfo:139 - Unknown STM32CubeMX version: 6.16.0
2025-12-12 23:06:18,935 [ERROR] AppliInfo:139 - Unknown STM32CubeMX version: 6.16.0
2025-12-12 23:06:18,935 [ERROR] AppliInfo:139 - Unknown STM32CubeMX version: 6.16.0
2025-12-12 23:06:18,935 [ERROR] AppliInfo:139 - Unknown STM32CubeMX version: 6.16.0
2025-12-12 23:06:18,936 [ERROR] AppliInfo:139 - Unknown STM32CubeMX version: 6.16.0
2025-12-12 23:06:18,936 [ERROR] AppliInfo:139 - Unknown STM32CubeMX version: 6.16.0
2025-12-12 23:06:18,936 [ERROR] AppliInfo:139 - Unknown STM32CubeMX version: 6.16.0
2025-12-12 23:06:18,936 [ERROR] AppliInfo:139 - Unknown STM32CubeMX version: 6.16.0
2025-12-12 23:06:18,937 [ERROR] AppliInfo:139 - Unknown STM32CubeMX version: 6.16.0
2025-12-12 23:06:18,937 [ERROR] AppliInfo:139 - Unknown STM32CubeMX version: 6.16.0
2025-12-12 23:06:18,938 [ERROR] AppliInfo:139 - Unknown STM32CubeMX version: 6.16.0
2025-12-12 23:06:18,938 [ERROR] AppliInfo:139 - Unknown STM32CubeMX version: 6.16.0
2025-12-12 23:06:18,938 [ERROR] AppliInfo:139 - Unknown STM32CubeMX version: 6.16.0
2025-12-12 23:06:18,938 [ERROR] AppliInfo:139 - Unknown STM32CubeMX version: 6.16.0
2025-12-12 23:06:18,938 [ERROR] AppliInfo:139 - Unknown STM32CubeMX version: 6.16.0
2025-12-12 23:06:18,938 [ERROR] AppliInfo:139 - Unknown STM32CubeMX version: 6.16.0
2025-12-12 23:06:18,938 [ERROR] AppliInfo:139 - Unknown STM32CubeMX version: 6.16.0
2025-12-12 23:06:18,939 [ERROR] AppliInfo:139 - Unknown STM32CubeMX version: 6.16.0
2025-12-12 23:06:18,939 [ERROR] AppliInfo:139 - Unknown STM32CubeMX version: 6.16.0
2025-12-12 23:06:18,939 [ERROR] AppliInfo:139 - Unknown STM32CubeMX version: 6.16.0
2025-12-12 23:06:18,939 [ERROR] AppliInfo:139 - Unknown STM32CubeMX version: 6.16.0
2025-12-12 23:06:18,939 [ERROR] AppliInfo:139 - Unknown STM32CubeMX version: 6.16.0
2025-12-12 23:06:18,939 [ERROR] AppliInfo:139 - Unknown STM32CubeMX version: 6.16.0
2025-12-12 23:06:18,939 [ERROR] AppliInfo:139 - Unknown STM32CubeMX version: 6.16.0
2025-12-12 23:06:18,940 [ERROR] AppliInfo:139 - Unknown STM32CubeMX version: 6.16.0
2025-12-12 23:06:18,940 [ERROR] AppliInfo:139 - Unknown STM32CubeMX version: 6.16.0
2025-12-12 23:06:18,940 [ERROR] AppliInfo:139 - Unknown STM32CubeMX version: 6.16.0
2025-12-12 23:06:18,940 [ERROR] AppliInfo:139 - Unknown STM32CubeMX version: 6.16.0
2025-12-12 23:06:18,940 [ERROR] AppliInfo:139 - Unknown STM32CubeMX version: 6.16.0
2025-12-12 23:06:18,940 [ERROR] AppliInfo:139 - Unknown STM32CubeMX version: 6.16.0
2025-12-12 23:06:18,940 [ERROR] AppliInfo:139 - Unknown STM32CubeMX version: 6.16.0
2025-12-12 23:06:18,940 [ERROR] AppliInfo:139 - Unknown STM32CubeMX version: 6.16.0
2025-12-12 23:06:18,941 [ERROR] AppliInfo:139 - Unknown STM32CubeMX version: 6.16.0
2025-12-12 23:06:18,941 [ERROR] AppliInfo:139 - Unknown STM32CubeMX version: 6.16.0
2025-12-12 23:06:18,941 [ERROR] AppliInfo:139 - Unknown STM32CubeMX version: 6.16.0
2025-12-12 23:06:18,942 [ERROR] AppliInfo:139 - Unknown STM32CubeMX version: 6.16.0
2025-12-12 23:06:18,942 [ERROR] AppliInfo:139 - Unknown STM32CubeMX version: 6.16.0
2025-12-12 23:06:18,942 [ERROR] AppliInfo:139 - Unknown STM32CubeMX version: 6.16.0
2025-12-12 23:06:18,942 [ERROR] AppliInfo:139 - Unknown STM32CubeMX version: 6.16.0
2025-12-12 23:06:18,942 [ERROR] AppliInfo:139 - Unknown STM32CubeMX version: 6.16.0
2025-12-12 23:06:18,942 [ERROR] AppliInfo:139 - Unknown STM32CubeMX version: 6.16.0
2025-12-12 23:06:18,942 [ERROR] AppliInfo:139 - Unknown STM32CubeMX version: 6.16.0
2025-12-12 23:06:18,944 [ERROR] AppliInfo:139 - Unknown STM32CubeMX version: 6.16.0
2025-12-12 23:06:18,945 [ERROR] AppliInfo:139 - Unknown STM32CubeMX version: 6.16.0
2025-12-12 23:06:18,951 [ERROR] AppliInfo:139 - Unknown STM32CubeMX version: 6.16.0
2025-12-12 23:06:18,952 [ERROR] AppliInfo:139 - Unknown STM32CubeMX version: 6.16.0
2025-12-12 23:06:18,952 [ERROR] AppliInfo:139 - Unknown STM32CubeMX version: 6.16.0
2025-12-12 23:06:18,952 [ERROR] AppliInfo:139 - Unknown STM32CubeMX version: 6.16.0
2025-12-12 23:06:18,953 [ERROR] AppliInfo:139 - Unknown STM32CubeMX version: 6.16.0
2025-12-12 23:06:18,953 [ERROR] AppliInfo:139 - Unknown STM32CubeMX version: 6.16.0
2025-12-12 23:06:18,954 [ERROR] AppliInfo:139 - Unknown STM32CubeMX version: 6.16.0
2025-12-12 23:06:18,954 [ERROR] AppliInfo:139 - Unknown STM32CubeMX version: 6.16.0
2025-12-12 23:06:18,954 [ERROR] AppliInfo:139 - Unknown STM32CubeMX version: 6.16.0
2025-12-12 23:06:18,954 [ERROR] AppliInfo:139 - Unknown STM32CubeMX version: 6.16.0
2025-12-12 23:06:18,955 [ERROR] AppliInfo:139 - Unknown STM32CubeMX version: 6.16.0
2025-12-12 23:06:18,955 [ERROR] AppliInfo:139 - Unknown STM32CubeMX version: 6.16.0
2025-12-12 23:06:18,955 [ERROR] AppliInfo:139 - Unknown STM32CubeMX version: 6.16.0
2025-12-12 23:06:18,955 [ERROR] AppliInfo:139 - Unknown STM32CubeMX version: 6.16.0
2025-12-12 23:06:18,955 [ERROR] AppliInfo:139 - Unknown STM32CubeMX version: 6.16.0
2025-12-12 23:06:18,956 [ERROR] AppliInfo:139 - Unknown STM32CubeMX version: 6.16.0
2025-12-12 23:06:18,956 [ERROR] AppliInfo:139 - Unknown STM32CubeMX version: 6.16.0
2025-12-12 23:06:18,956 [ERROR] AppliInfo:139 - Unknown STM32CubeMX version: 6.16.0
2025-12-12 23:06:18,956 [ERROR] AppliInfo:139 - Unknown STM32CubeMX version: 6.16.0
2025-12-12 23:06:18,957 [ERROR] AppliInfo:139 - Unknown STM32CubeMX version: 6.16.0
2025-12-12 23:06:18,957 [ERROR] AppliInfo:139 - Unknown STM32CubeMX version: 6.16.0
2025-12-12 23:06:18,957 [ERROR] AppliInfo:139 - Unknown STM32CubeMX version: 6.16.0
2025-12-12 23:06:18,957 [ERROR] AppliInfo:139 - Unknown STM32CubeMX version: 6.16.0
2025-12-12 23:06:18,957 [ERROR] AppliInfo:139 - Unknown STM32CubeMX version: 6.16.0
2025-12-12 23:06:18,957 [ERROR] AppliInfo:139 - Unknown STM32CubeMX version: 6.16.0
2025-12-12 23:06:18,958 [ERROR] AppliInfo:139 - Unknown STM32CubeMX version: 6.16.0
2025-12-12 23:06:18,958 [ERROR] AppliInfo:139 - Unknown STM32CubeMX version: 6.16.0
2025-12-12 23:06:18,958 [ERROR] AppliInfo:139 - Unknown STM32CubeMX version: 6.16.0
2025-12-12 23:06:18,958 [ERROR] AppliInfo:139 - Unknown STM32CubeMX version: 6.16.0
2025-12-12 23:06:18,958 [ERROR] AppliInfo:139 - Unknown STM32CubeMX version: 6.16.0
2025-12-12 23:06:18,959 [ERROR] AppliInfo:139 - Unknown STM32CubeMX version: 6.16.0
2025-12-12 23:06:18,959 [ERROR] AppliInfo:139 - Unknown STM32CubeMX version: 6.16.0
2025-12-12 23:06:18,960 [ERROR] AppliInfo:139 - Unknown STM32CubeMX version: 6.16.0
2025-12-12 23:06:18,960 [ERROR] AppliInfo:139 - Unknown STM32CubeMX version: 6.16.0
2025-12-12 23:06:18,960 [ERROR] AppliInfo:139 - Unknown STM32CubeMX version: 6.16.0
2025-12-12 23:06:18,960 [ERROR] AppliInfo:139 - Unknown STM32CubeMX version: 6.16.0
2025-12-12 23:06:18,960 [ERROR] AppliInfo:139 - Unknown STM32CubeMX version: 6.16.0
2025-12-12 23:06:18,960 [ERROR] AppliInfo:139 - Unknown STM32CubeMX version: 6.16.0
2025-12-12 23:06:18,960 [ERROR] AppliInfo:139 - Unknown STM32CubeMX version: 6.16.0
2025-12-12 23:06:18,961 [ERROR] AppliInfo:139 - Unknown STM32CubeMX version: 6.16.0
2025-12-12 23:06:18,961 [ERROR] AppliInfo:139 - Unknown STM32CubeMX version: 6.16.0
2025-12-12 23:06:18,961 [ERROR] AppliInfo:139 - Unknown STM32CubeMX version: 6.16.0
2025-12-12 23:06:18,961 [ERROR] AppliInfo:139 - Unknown STM32CubeMX version: 6.16.0
2025-12-12 23:06:18,961 [ERROR] AppliInfo:139 - Unknown STM32CubeMX version: 6.16.0
2025-12-12 23:06:18,961 [ERROR] AppliInfo:139 - Unknown STM32CubeMX version: 6.16.0
2025-12-12 23:06:18,962 [ERROR] AppliInfo:139 - Unknown STM32CubeMX version: 6.16.0
2025-12-12 23:06:18,962 [ERROR] AppliInfo:139 - Unknown STM32CubeMX version: 6.16.0
2025-12-12 23:06:18,962 [ERROR] AppliInfo:139 - Unknown STM32CubeMX version: 6.16.0
2025-12-12 23:06:18,962 [ERROR] AppliInfo:139 - Unknown STM32CubeMX version: 6.16.0
2025-12-12 23:06:18,962 [ERROR] AppliInfo:139 - Unknown STM32CubeMX version: 6.16.0
2025-12-12 23:06:18,962 [ERROR] AppliInfo:139 - Unknown STM32CubeMX version: 6.16.0
2025-12-12 23:06:18,962 [ERROR] AppliInfo:139 - Unknown STM32CubeMX version: 6.16.0
2025-12-12 23:06:18,963 [ERROR] AppliInfo:139 - Unknown STM32CubeMX version: 6.16.0
2025-12-12 23:06:18,963 [ERROR] AppliInfo:139 - Unknown STM32CubeMX version: 6.16.0
2025-12-12 23:06:18,963 [ERROR] AppliInfo:139 - Unknown STM32CubeMX version: 6.16.0
2025-12-12 23:06:18,963 [ERROR] AppliInfo:139 - Unknown STM32CubeMX version: 6.16.0
2025-12-12 23:06:18,963 [ERROR] AppliInfo:139 - Unknown STM32CubeMX version: 6.16.0
2025-12-12 23:06:18,963 [ERROR] AppliInfo:139 - Unknown STM32CubeMX version: 6.16.0
2025-12-12 23:06:18,963 [ERROR] AppliInfo:139 - Unknown STM32CubeMX version: 6.16.0
2025-12-12 23:06:18,963 [ERROR] AppliInfo:139 - Unknown STM32CubeMX version: 6.16.0
2025-12-12 23:06:18,964 [ERROR] AppliInfo:139 - Unknown STM32CubeMX version: 6.16.0
2025-12-12 23:06:18,965 [ERROR] AppliInfo:139 - Unknown STM32CubeMX version: 6.16.0
2025-12-12 23:06:18,965 [ERROR] AppliInfo:139 - Unknown STM32CubeMX version: 6.16.0
2025-12-12 23:06:18,965 [ERROR] AppliInfo:139 - Unknown STM32CubeMX version: 6.16.0
2025-12-12 23:06:18,965 [ERROR] AppliInfo:139 - Unknown STM32CubeMX version: 6.16.0
2025-12-12 23:06:18,965 [ERROR] AppliInfo:139 - Unknown STM32CubeMX version: 6.16.0
2025-12-12 23:06:18,968 [ERROR] AppliInfo:139 - Unknown STM32CubeMX version: 6.16.0
2025-12-12 23:06:18,968 [ERROR] AppliInfo:139 - Unknown STM32CubeMX version: 6.16.0
2025-12-12 23:06:18,968 [ERROR] AppliInfo:139 - Unknown STM32CubeMX version: 6.16.0
2025-12-12 23:06:18,968 [ERROR] AppliInfo:139 - Unknown STM32CubeMX version: 6.16.0
2025-12-12 23:06:18,968 [ERROR] AppliInfo:139 - Unknown STM32CubeMX version: 6.16.0
2025-12-12 23:06:18,968 [ERROR] AppliInfo:139 - Unknown STM32CubeMX version: 6.16.0
2025-12-12 23:06:18,969 [ERROR] AppliInfo:139 - Unknown STM32CubeMX version: 6.16.0
2025-12-12 23:06:18,969 [ERROR] AppliInfo:139 - Unknown STM32CubeMX version: 6.16.0
2025-12-12 23:06:18,969 [ERROR] AppliInfo:139 - Unknown STM32CubeMX version: 6.16.0
2025-12-12 23:06:18,969 [ERROR] AppliInfo:139 - Unknown STM32CubeMX version: 6.16.0
2025-12-12 23:06:18,969 [ERROR] AppliInfo:139 - Unknown STM32CubeMX version: 6.16.0
2025-12-12 23:06:18,969 [ERROR] AppliInfo:139 - Unknown STM32CubeMX version: 6.16.0
2025-12-12 23:06:18,970 [ERROR] AppliInfo:139 - Unknown STM32CubeMX version: 6.16.0
2025-12-12 23:06:18,970 [ERROR] AppliInfo:139 - Unknown STM32CubeMX version: 6.16.0
2025-12-12 23:06:18,970 [ERROR] AppliInfo:139 - Unknown STM32CubeMX version: 6.16.0
2025-12-12 23:06:18,970 [ERROR] AppliInfo:139 - Unknown STM32CubeMX version: 6.16.0
2025-12-12 23:06:18,971 [ERROR] AppliInfo:139 - Unknown STM32CubeMX version: 6.16.0
2025-12-12 23:06:18,972 [ERROR] AppliInfo:139 - Unknown STM32CubeMX version: 6.16.0
2025-12-12 23:06:18,972 [ERROR] AppliInfo:139 - Unknown STM32CubeMX version: 6.16.0
2025-12-12 23:06:18,972 [ERROR] AppliInfo:139 - Unknown STM32CubeMX version: 6.16.0
2025-12-12 23:06:18,972 [ERROR] AppliInfo:139 - Unknown STM32CubeMX version: 6.16.0
2025-12-12 23:06:18,972 [ERROR] AppliInfo:139 - Unknown STM32CubeMX version: 6.16.0
2025-12-12 23:06:18,973 [ERROR] AppliInfo:139 - Unknown STM32CubeMX version: 6.16.0
2025-12-12 23:06:18,973 [ERROR] AppliInfo:139 - Unknown STM32CubeMX version: 6.16.0
2025-12-12 23:06:18,973 [ERROR] AppliInfo:139 - Unknown STM32CubeMX version: 6.16.0
2025-12-12 23:06:18,973 [ERROR] AppliInfo:139 - Unknown STM32CubeMX version: 6.16.0
2025-12-12 23:06:18,987 [ERROR] AppliInfo:139 - Unknown STM32CubeMX version: 6.16.0
2025-12-12 23:06:18,987 [ERROR] AppliInfo:139 - Unknown STM32CubeMX version: 6.16.0
2025-12-12 23:06:18,987 [ERROR] AppliInfo:139 - Unknown STM32CubeMX version: 6.16.0
2025-12-12 23:06:18,987 [ERROR] AppliInfo:139 - Unknown STM32CubeMX version: 6.16.0
2025-12-12 23:06:18,988 [ERROR] AppliInfo:139 - Unknown STM32CubeMX version: 6.16.0
2025-12-12 23:06:18,988 [ERROR] AppliInfo:139 - Unknown STM32CubeMX version: 6.16.0
2025-12-12 23:06:18,988 [ERROR] AppliInfo:139 - Unknown STM32CubeMX version: 6.16.0
2025-12-12 23:06:18,988 [ERROR] AppliInfo:139 - Unknown STM32CubeMX version: 6.16.0
2025-12-12 23:06:19,002 [ERROR] AppliInfo:139 - Unknown STM32CubeMX version: 6.16.0
2025-12-12 23:06:19,002 [ERROR] AppliInfo:139 - Unknown STM32CubeMX version: 6.16.0
2025-12-12 23:06:19,002 [ERROR] AppliInfo:139 - Unknown STM32CubeMX version: 6.16.0
2025-12-12 23:06:19,003 [ERROR] AppliInfo:139 - Unknown STM32CubeMX version: 6.16.0
2025-12-12 23:06:19,003 [ERROR] AppliInfo:139 - Unknown STM32CubeMX version: 6.16.0
2025-12-12 23:06:19,003 [ERROR] AppliInfo:139 - Unknown STM32CubeMX version: 6.16.0
2025-12-12 23:06:19,003 [ERROR] AppliInfo:139 - Unknown STM32CubeMX version: 6.16.0
2025-12-12 23:06:19,003 [ERROR] AppliInfo:139 - Unknown STM32CubeMX version: 6.16.0
2025-12-12 23:06:19,003 [ERROR] AppliInfo:139 - Unknown STM32CubeMX version: 6.16.0
2025-12-12 23:06:19,004 [ERROR] AppliInfo:139 - Unknown STM32CubeMX version: 6.16.0
2025-12-12 23:06:19,004 [ERROR] AppliInfo:139 - Unknown STM32CubeMX version: 6.16.0
2025-12-12 23:06:19,024 [ERROR] AppliInfo:139 - Unknown STM32CubeMX version: 6.16.0
2025-12-12 23:06:19,028 [ERROR] AppliInfo:139 - Unknown STM32CubeMX version: 6.16.0
2025-12-12 23:06:19,029 [ERROR] AppliInfo:139 - Unknown STM32CubeMX version: 6.16.0
2025-12-12 23:06:19,029 [ERROR] AppliInfo:139 - Unknown STM32CubeMX version: 6.16.0
2025-12-12 23:06:19,029 [ERROR] AppliInfo:139 - Unknown STM32CubeMX version: 6.16.0
2025-12-12 23:06:19,029 [ERROR] AppliInfo:139 - Unknown STM32CubeMX version: 6.16.0
2025-12-12 23:06:19,029 [ERROR] AppliInfo:139 - Unknown STM32CubeMX version: 6.16.0
2025-12-12 23:06:19,030 [ERROR] AppliInfo:139 - Unknown STM32CubeMX version: 6.16.0
2025-12-12 23:06:19,030 [ERROR] AppliInfo:139 - Unknown STM32CubeMX version: 6.16.0
2025-12-12 23:06:19,030 [ERROR] AppliInfo:139 - Unknown STM32CubeMX version: 6.16.0
2025-12-12 23:06:19,030 [ERROR] AppliInfo:139 - Unknown STM32CubeMX version: 6.16.0
2025-12-12 23:06:19,030 [ERROR] AppliInfo:139 - Unknown STM32CubeMX version: 6.16.0
2025-12-12 23:06:19,030 [ERROR] AppliInfo:139 - Unknown STM32CubeMX version: 6.16.0
2025-12-12 23:06:19,030 [ERROR] AppliInfo:139 - Unknown STM32CubeMX version: 6.16.0
2025-12-12 23:06:19,031 [ERROR] AppliInfo:139 - Unknown STM32CubeMX version: 6.16.0
2025-12-12 23:06:19,031 [ERROR] AppliInfo:139 - Unknown STM32CubeMX version: 6.16.0
2025-12-12 23:06:19,031 [ERROR] AppliInfo:139 - Unknown STM32CubeMX version: 6.16.0
2025-12-12 23:06:19,031 [ERROR] AppliInfo:139 - Unknown STM32CubeMX version: 6.16.0
2025-12-12 23:06:19,032 [ERROR] AppliInfo:139 - Unknown STM32CubeMX version: 6.16.0
2025-12-12 23:06:19,032 [ERROR] AppliInfo:139 - Unknown STM32CubeMX version: 6.16.0
2025-12-12 23:06:19,032 [ERROR] AppliInfo:139 - Unknown STM32CubeMX version: 6.16.0
2025-12-12 23:06:19,032 [ERROR] AppliInfo:139 - Unknown STM32CubeMX version: 6.16.0
2025-12-12 23:06:19,033 [ERROR] AppliInfo:139 - Unknown STM32CubeMX version: 6.16.0
2025-12-12 23:06:19,033 [ERROR] AppliInfo:139 - Unknown STM32CubeMX version: 6.16.0
2025-12-12 23:06:19,033 [ERROR] AppliInfo:139 - Unknown STM32CubeMX version: 6.16.0
2025-12-12 23:06:19,033 [ERROR] AppliInfo:139 - Unknown STM32CubeMX version: 6.16.0
2025-12-12 23:06:19,033 [ERROR] AppliInfo:139 - Unknown STM32CubeMX version: 6.16.0
2025-12-12 23:06:19,033 [ERROR] AppliInfo:139 - Unknown STM32CubeMX version: 6.16.0
2025-12-12 23:06:19,033 [ERROR] AppliInfo:139 - Unknown STM32CubeMX version: 6.16.0
2025-12-12 23:06:19,033 [ERROR] AppliInfo:139 - Unknown STM32CubeMX version: 6.16.0
2025-12-12 23:06:19,033 [ERROR] AppliInfo:139 - Unknown STM32CubeMX version: 6.16.0
2025-12-12 23:06:19,033 [ERROR] AppliInfo:139 - Unknown STM32CubeMX version: 6.16.0
2025-12-12 23:06:19,034 [ERROR] AppliInfo:139 - Unknown STM32CubeMX version: 6.16.0
2025-12-12 23:06:19,034 [ERROR] AppliInfo:139 - Unknown STM32CubeMX version: 6.16.0
2025-12-12 23:06:19,034 [ERROR] AppliInfo:139 - Unknown STM32CubeMX version: 6.16.0
2025-12-12 23:06:19,034 [ERROR] AppliInfo:139 - Unknown STM32CubeMX version: 6.16.0
2025-12-12 23:06:19,034 [ERROR] AppliInfo:139 - Unknown STM32CubeMX version: 6.16.0
2025-12-12 23:06:19,565 [ERROR] LogOutputStream:75 - [STDERR_REDIRECT] [Fatal Error] :1:1: Premature end of file.
2025-12-12 23:06:19,565 [ERROR] LogOutputStream:75 - [STDERR_REDIRECT] 
2025-12-12 23:06:20,576 [ERROR] LogOutputStream:75 - [STDERR_REDIRECT] [Fatal Error] :1:1: Premature end of file.
2025-12-12 23:06:20,576 [ERROR] LogOutputStream:75 - [STDERR_REDIRECT] 
2025-12-12 23:06:21,570 [ERROR] LogOutputStream:75 - [STDERR_REDIRECT] [Fatal Error] :1:1: Premature end of file.
2025-12-12 23:06:21,570 [ERROR] LogOutputStream:75 - [STDERR_REDIRECT] 
2025-12-12 23:06:22,565 [ERROR] LogOutputStream:75 - [STDERR_REDIRECT] [Fatal Error] :1:1: Premature end of file.
2025-12-12 23:06:22,566 [ERROR] LogOutputStream:75 - [STDERR_REDIRECT] 
2025-12-12 23:06:23,566 [ERROR] LogOutputStream:75 - [STDERR_REDIRECT] [Fatal Error] :1:1: Premature end of file.
2025-12-12 23:06:23,567 [ERROR] LogOutputStream:75 - [STDERR_REDIRECT] 
2025-12-12 23:06:24,562 [ERROR] LogOutputStream:75 - [STDERR_REDIRECT] [Fatal Error] :1:1: Premature end of file.
2025-12-12 23:06:24,562 [ERROR] LogOutputStream:75 - [STDERR_REDIRECT] 
2025-12-12 23:06:25,422 [ERROR] AppliInfo:139 - Unknown STM32CubeMX version: 6.16.0
2025-12-12 23:06:25,422 [ERROR] AppliInfo:139 - Unknown STM32CubeMX version: 6.16.0
2025-12-12 23:06:25,422 [ERROR] AppliInfo:139 - Unknown STM32CubeMX version: 6.16.0
2025-12-12 23:06:25,423 [ERROR] AppliInfo:139 - Unknown STM32CubeMX version: 6.16.0
2025-12-12 23:06:25,423 [ERROR] AppliInfo:139 - Unknown STM32CubeMX version: 6.16.0
2025-12-12 23:06:25,434 [ERROR] AppliInfo:139 - Unknown STM32CubeMX version: 6.16.0
2025-12-12 23:06:25,434 [ERROR] AppliInfo:139 - Unknown STM32CubeMX version: 6.16.0
2025-12-12 23:06:25,434 [ERROR] AppliInfo:139 - Unknown STM32CubeMX version: 6.16.0
2025-12-12 23:06:25,436 [ERROR] AppliInfo:139 - Unknown STM32CubeMX version: 6.16.0
2025-12-12 23:06:25,554 [ERROR] AppliInfo:139 - Unknown STM32CubeMX version: 6.16.0
2025-12-12 23:06:25,556 [ERROR] AppliInfo:139 - Unknown STM32CubeMX version: 6.16.0
2025-12-12 23:06:25,568 [ERROR] LogOutputStream:75 - [STDERR_REDIRECT] [Fatal Error] :1:1: Premature end of file.
2025-12-12 23:06:25,568 [ERROR] LogOutputStream:75 - [STDERR_REDIRECT] 
2025-12-12 23:06:25,580 [ERROR] AppliInfo:139 - Unknown STM32CubeMX version: 6.16.0
2025-12-12 23:06:25,581 [ERROR] AppliInfo:139 - Unknown STM32CubeMX version: 6.16.0
2025-12-12 23:06:25,581 [ERROR] AppliInfo:139 - Unknown STM32CubeMX version: 6.16.0
2025-12-12 23:06:25,582 [ERROR] AppliInfo:139 - Unknown STM32CubeMX version: 6.16.0
2025-12-12 23:06:25,582 [ERROR] AppliInfo:139 - Unknown STM32CubeMX version: 6.16.0
2025-12-12 23:06:25,582 [ERROR] AppliInfo:139 - Unknown STM32CubeMX version: 6.16.0
2025-12-12 23:06:25,582 [ERROR] AppliInfo:139 - Unknown STM32CubeMX version: 6.16.0
2025-12-12 23:06:25,582 [ERROR] AppliInfo:139 - Unknown STM32CubeMX version: 6.16.0
2025-12-12 23:06:25,582 [ERROR] AppliInfo:139 - Unknown STM32CubeMX version: 6.16.0
2025-12-12 23:06:25,583 [ERROR] AppliInfo:139 - Unknown STM32CubeMX version: 6.16.0
2025-12-12 23:06:25,583 [ERROR] AppliInfo:139 - Unknown STM32CubeMX version: 6.16.0
2025-12-12 23:06:25,583 [ERROR] AppliInfo:139 - Unknown STM32CubeMX version: 6.16.0
2025-12-12 23:06:25,583 [ERROR] AppliInfo:139 - Unknown STM32CubeMX version: 6.16.0
2025-12-12 23:06:25,585 [ERROR] AppliInfo:139 - Unknown STM32CubeMX version: 6.16.0
2025-12-12 23:06:25,586 [ERROR] AppliInfo:139 - Unknown STM32CubeMX version: 6.16.0
2025-12-12 23:06:25,586 [ERROR] AppliInfo:139 - Unknown STM32CubeMX version: 6.16.0
2025-12-12 23:06:25,586 [ERROR] AppliInfo:139 - Unknown STM32CubeMX version: 6.16.0
2025-12-12 23:06:25,586 [ERROR] AppliInfo:139 - Unknown STM32CubeMX version: 6.16.0
2025-12-12 23:06:25,588 [ERROR] AppliInfo:139 - Unknown STM32CubeMX version: 6.16.0
2025-12-12 23:06:25,588 [ERROR] AppliInfo:139 - Unknown STM32CubeMX version: 6.16.0
2025-12-12 23:06:25,592 [ERROR] AppliInfo:139 - Unknown STM32CubeMX version: 6.16.0
2025-12-12 23:06:25,592 [ERROR] AppliInfo:139 - Unknown STM32CubeMX version: 6.16.0
2025-12-12 23:06:25,592 [ERROR] AppliInfo:139 - Unknown STM32CubeMX version: 6.16.0
2025-12-12 23:06:25,594 [ERROR] AppliInfo:139 - Unknown STM32CubeMX version: 6.16.0
2025-12-12 23:06:25,595 [ERROR] AppliInfo:139 - Unknown STM32CubeMX version: 6.16.0
2025-12-12 23:06:25,595 [ERROR] AppliInfo:139 - Unknown STM32CubeMX version: 6.16.0
2025-12-12 23:06:25,595 [ERROR] AppliInfo:139 - Unknown STM32CubeMX version: 6.16.0
2025-12-12 23:06:25,596 [ERROR] AppliInfo:139 - Unknown STM32CubeMX version: 6.16.0
2025-12-12 23:06:25,596 [ERROR] AppliInfo:139 - Unknown STM32CubeMX version: 6.16.0
2025-12-12 23:06:25,596 [ERROR] AppliInfo:139 - Unknown STM32CubeMX version: 6.16.0
2025-12-12 23:06:25,596 [ERROR] AppliInfo:139 - Unknown STM32CubeMX version: 6.16.0
2025-12-12 23:06:25,597 [ERROR] AppliInfo:139 - Unknown STM32CubeMX version: 6.16.0
2025-12-12 23:06:25,597 [ERROR] AppliInfo:139 - Unknown STM32CubeMX version: 6.16.0
2025-12-12 23:06:25,597 [ERROR] AppliInfo:139 - Unknown STM32CubeMX version: 6.16.0
2025-12-12 23:06:25,598 [ERROR] AppliInfo:139 - Unknown STM32CubeMX version: 6.16.0
2025-12-12 23:06:25,599 [ERROR] AppliInfo:139 - Unknown STM32CubeMX version: 6.16.0
2025-12-12 23:06:25,599 [ERROR] AppliInfo:139 - Unknown STM32CubeMX version: 6.16.0
2025-12-12 23:06:25,599 [ERROR] AppliInfo:139 - Unknown STM32CubeMX version: 6.16.0
2025-12-12 23:06:25,599 [ERROR] AppliInfo:139 - Unknown STM32CubeMX version: 6.16.0
2025-12-12 23:06:25,674 [ERROR] AppliInfo:139 - Unknown STM32CubeMX version: 6.16.0
2025-12-12 23:06:25,682 [ERROR] AppliInfo:139 - Unknown STM32CubeMX version: 6.16.0
2025-12-12 23:06:25,682 [ERROR] AppliInfo:139 - Unknown STM32CubeMX version: 6.16.0
2025-12-12 23:06:25,682 [ERROR] AppliInfo:139 - Unknown STM32CubeMX version: 6.16.0
2025-12-12 23:06:25,683 [ERROR] AppliInfo:139 - Unknown STM32CubeMX version: 6.16.0
2025-12-12 23:06:25,683 [ERROR] AppliInfo:139 - Unknown STM32CubeMX version: 6.16.0
2025-12-12 23:06:25,683 [ERROR] AppliInfo:139 - Unknown STM32CubeMX version: 6.16.0
2025-12-12 23:06:25,717 [ERROR] AppliInfo:139 - Unknown STM32CubeMX version: 6.12.1
2025-12-12 23:06:25,717 [ERROR] AppliInfo:139 - Unknown STM32CubeMX version: 6.16.0
2025-12-12 23:06:25,717 [ERROR] AppliInfo:139 - Unknown STM32CubeMX version: 6.16.0
2025-12-12 23:06:25,717 [ERROR] AppliInfo:139 - Unknown STM32CubeMX version: 6.16.0
2025-12-12 23:06:25,718 [ERROR] AppliInfo:139 - Unknown STM32CubeMX version: 6.16.0
2025-12-12 23:06:25,718 [ERROR] AppliInfo:139 - Unknown STM32CubeMX version: 6.16.0
2025-12-12 23:06:25,718 [ERROR] AppliInfo:139 - Unknown STM32CubeMX version: 6.16.0
2025-12-12 23:06:25,718 [ERROR] AppliInfo:139 - Unknown STM32CubeMX version: 6.16.0
2025-12-12 23:06:25,718 [ERROR] AppliInfo:139 - Unknown STM32CubeMX version: 6.16.0
2025-12-12 23:06:25,718 [ERROR] AppliInfo:139 - Unknown STM32CubeMX version: 6.16.0
2025-12-12 23:06:25,718 [ERROR] AppliInfo:139 - Unknown STM32CubeMX version: 6.16.0
2025-12-12 23:06:25,719 [ERROR] AppliInfo:139 - Unknown STM32CubeMX version: 6.16.0
2025-12-12 23:06:25,719 [ERROR] AppliInfo:139 - Unknown STM32CubeMX version: 6.16.0
2025-12-12 23:06:25,719 [ERROR] AppliInfo:139 - Unknown STM32CubeMX version: 6.16.0
2025-12-12 23:06:25,719 [ERROR] AppliInfo:139 - Unknown STM32CubeMX version: 6.16.0
2025-12-12 23:06:25,719 [ERROR] AppliInfo:139 - Unknown STM32CubeMX version: 6.16.0
2025-12-12 23:06:25,719 [ERROR] AppliInfo:139 - Unknown STM32CubeMX version: 6.16.0
2025-12-12 23:06:25,719 [ERROR] AppliInfo:139 - Unknown STM32CubeMX version: 6.16.0
2025-12-12 23:06:25,719 [ERROR] AppliInfo:139 - Unknown STM32CubeMX version: 6.16.0
2025-12-12 23:06:25,719 [ERROR] AppliInfo:139 - Unknown STM32CubeMX version: 6.16.0
2025-12-12 23:06:25,720 [ERROR] AppliInfo:139 - Unknown STM32CubeMX version: 6.16.0
2025-12-12 23:06:25,720 [ERROR] AppliInfo:139 - Unknown STM32CubeMX version: 6.16.0
2025-12-12 23:06:25,726 [ERROR] AppliInfo:139 - Unknown STM32CubeMX version: 6.16.0
2025-12-12 23:06:25,726 [ERROR] AppliInfo:139 - Unknown STM32CubeMX version: 6.16.0
2025-12-12 23:06:25,726 [ERROR] AppliInfo:139 - Unknown STM32CubeMX version: 6.16.0
2025-12-12 23:06:25,726 [ERROR] AppliInfo:139 - Unknown STM32CubeMX version: 6.16.0
2025-12-12 23:06:25,726 [ERROR] AppliInfo:139 - Unknown STM32CubeMX version: 6.16.0
2025-12-12 23:06:25,726 [ERROR] AppliInfo:139 - Unknown STM32CubeMX version: 6.16.0
2025-12-12 23:06:25,726 [ERROR] AppliInfo:139 - Unknown STM32CubeMX version: 6.16.0
2025-12-12 23:06:25,727 [ERROR] AppliInfo:139 - Unknown STM32CubeMX version: 6.16.0
2025-12-12 23:06:25,727 [ERROR] AppliInfo:139 - Unknown STM32CubeMX version: 6.16.0
2025-12-12 23:06:25,727 [ERROR] AppliInfo:139 - Unknown STM32CubeMX version: 6.16.0
2025-12-12 23:06:25,727 [ERROR] AppliInfo:139 - Unknown STM32CubeMX version: 6.16.0
2025-12-12 23:06:25,727 [ERROR] AppliInfo:139 - Unknown STM32CubeMX version: 6.16.0
2025-12-12 23:06:25,727 [ERROR] AppliInfo:139 - Unknown STM32CubeMX version: 6.16.0
2025-12-12 23:06:25,727 [ERROR] AppliInfo:139 - Unknown STM32CubeMX version: 6.16.0
2025-12-12 23:06:25,727 [ERROR] AppliInfo:139 - Unknown STM32CubeMX version: 6.16.0
2025-12-12 23:06:25,727 [ERROR] AppliInfo:139 - Unknown STM32CubeMX version: 6.16.0
2025-12-12 23:06:25,728 [ERROR] AppliInfo:139 - Unknown STM32CubeMX version: 6.16.0
2025-12-12 23:06:25,728 [ERROR] AppliInfo:139 - Unknown STM32CubeMX version: 6.16.0
2025-12-12 23:06:25,728 [ERROR] AppliInfo:139 - Unknown STM32CubeMX version: 6.16.0
2025-12-12 23:06:25,728 [ERROR] AppliInfo:139 - Unknown STM32CubeMX version: 6.16.0
2025-12-12 23:06:25,728 [ERROR] AppliInfo:139 - Unknown STM32CubeMX version: 6.16.0
2025-12-12 23:06:25,731 [ERROR] AppliInfo:139 - Unknown STM32CubeMX version: 6.16.0
2025-12-12 23:06:25,731 [ERROR] AppliInfo:139 - Unknown STM32CubeMX version: 6.16.0
2025-12-12 23:06:25,732 [ERROR] AppliInfo:139 - Unknown STM32CubeMX version: 6.16.0
2025-12-12 23:06:25,732 [ERROR] AppliInfo:139 - Unknown STM32CubeMX version: 6.16.0
2025-12-12 23:06:25,732 [ERROR] AppliInfo:139 - Unknown STM32CubeMX version: 6.16.0
2025-12-12 23:06:25,732 [ERROR] AppliInfo:139 - Unknown STM32CubeMX version: 6.16.0
2025-12-12 23:06:25,732 [ERROR] AppliInfo:139 - Unknown STM32CubeMX version: 6.16.0
2025-12-12 23:06:25,732 [ERROR] AppliInfo:139 - Unknown STM32CubeMX version: 6.16.0
2025-12-12 23:06:25,732 [ERROR] AppliInfo:139 - Unknown STM32CubeMX version: 6.16.0
2025-12-12 23:06:25,732 [ERROR] AppliInfo:139 - Unknown STM32CubeMX version: 6.16.0
2025-12-12 23:06:25,732 [ERROR] AppliInfo:139 - Unknown STM32CubeMX version: 6.16.0
2025-12-12 23:06:25,733 [ERROR] AppliInfo:139 - Unknown STM32CubeMX version: 6.16.0
2025-12-12 23:06:25,733 [ERROR] AppliInfo:139 - Unknown STM32CubeMX version: 6.16.0
2025-12-12 23:06:25,733 [ERROR] AppliInfo:139 - Unknown STM32CubeMX version: 6.16.0
2025-12-12 23:06:25,733 [ERROR] AppliInfo:139 - Unknown STM32CubeMX version: 6.16.0
2025-12-12 23:06:25,733 [ERROR] AppliInfo:139 - Unknown STM32CubeMX version: 6.16.0
2025-12-12 23:06:25,733 [ERROR] AppliInfo:139 - Unknown STM32CubeMX version: 6.16.0
2025-12-12 23:06:25,733 [ERROR] AppliInfo:139 - Unknown STM32CubeMX version: 6.16.0
2025-12-12 23:06:25,735 [ERROR] AppliInfo:139 - Unknown STM32CubeMX version: 6.16.0
2025-12-12 23:06:25,735 [ERROR] AppliInfo:139 - Unknown STM32CubeMX version: 6.16.0
2025-12-12 23:06:25,735 [ERROR] AppliInfo:139 - Unknown STM32CubeMX version: 6.16.0
2025-12-12 23:06:25,741 [ERROR] AppliInfo:139 - Unknown STM32CubeMX version: 6.16.0
2025-12-12 23:06:25,741 [ERROR] AppliInfo:139 - Unknown STM32CubeMX version: 6.16.0
2025-12-12 23:06:25,741 [ERROR] AppliInfo:139 - Unknown STM32CubeMX version: 6.16.0
2025-12-12 23:06:25,741 [ERROR] AppliInfo:139 - Unknown STM32CubeMX version: 6.16.0
2025-12-12 23:06:25,741 [ERROR] AppliInfo:139 - Unknown STM32CubeMX version: 6.16.0
2025-12-12 23:06:25,741 [ERROR] AppliInfo:139 - Unknown STM32CubeMX version: 6.16.0
2025-12-12 23:06:25,742 [ERROR] AppliInfo:139 - Unknown STM32CubeMX version: 6.16.0
2025-12-12 23:06:25,742 [ERROR] AppliInfo:139 - Unknown STM32CubeMX version: 6.16.0
2025-12-12 23:06:25,742 [ERROR] AppliInfo:139 - Unknown STM32CubeMX version: 6.16.0
2025-12-12 23:06:25,742 [ERROR] AppliInfo:139 - Unknown STM32CubeMX version: 6.16.0
2025-12-12 23:06:25,746 [ERROR] AppliInfo:139 - Unknown STM32CubeMX version: 6.16.0
2025-12-12 23:06:25,746 [ERROR] AppliInfo:139 - Unknown STM32CubeMX version: 6.16.0
2025-12-12 23:06:25,746 [ERROR] AppliInfo:139 - Unknown STM32CubeMX version: 6.16.0
2025-12-12 23:06:25,746 [ERROR] AppliInfo:139 - Unknown STM32CubeMX version: 6.16.0
2025-12-12 23:06:25,746 [ERROR] AppliInfo:139 - Unknown STM32CubeMX version: 6.16.0
2025-12-12 23:06:25,747 [ERROR] AppliInfo:139 - Unknown STM32CubeMX version: 6.16.0
2025-12-12 23:06:25,747 [ERROR] AppliInfo:139 - Unknown STM32CubeMX version: 6.16.0
2025-12-12 23:06:25,747 [ERROR] AppliInfo:139 - Unknown STM32CubeMX version: 6.16.0
2025-12-12 23:06:25,747 [ERROR] AppliInfo:139 - Unknown STM32CubeMX version: 6.16.0
2025-12-12 23:06:25,747 [ERROR] AppliInfo:139 - Unknown STM32CubeMX version: 6.16.0
2025-12-12 23:06:25,748 [ERROR] AppliInfo:139 - Unknown STM32CubeMX version: 6.16.0
2025-12-12 23:06:25,748 [ERROR] AppliInfo:139 - Unknown STM32CubeMX version: 6.16.0
2025-12-12 23:06:25,748 [ERROR] AppliInfo:139 - Unknown STM32CubeMX version: 6.16.0
2025-12-12 23:06:25,749 [ERROR] AppliInfo:139 - Unknown STM32CubeMX version: 6.16.0
2025-12-12 23:06:25,749 [ERROR] AppliInfo:139 - Unknown STM32CubeMX version: 6.16.0
2025-12-12 23:06:25,749 [ERROR] AppliInfo:139 - Unknown STM32CubeMX version: 6.16.0
2025-12-12 23:06:25,749 [ERROR] AppliInfo:139 - Unknown STM32CubeMX version: 6.16.0
2025-12-12 23:06:25,749 [ERROR] AppliInfo:139 - Unknown STM32CubeMX version: 6.16.0
2025-12-12 23:06:25,749 [ERROR] AppliInfo:139 - Unknown STM32CubeMX version: 6.16.0
2025-12-12 23:06:25,749 [ERROR] AppliInfo:139 - Unknown STM32CubeMX version: 6.16.0
2025-12-12 23:06:25,750 [ERROR] AppliInfo:139 - Unknown STM32CubeMX version: 6.16.0
2025-12-12 23:06:25,750 [ERROR] AppliInfo:139 - Unknown STM32CubeMX version: 6.16.0
2025-12-12 23:06:25,750 [ERROR] AppliInfo:139 - Unknown STM32CubeMX version: 6.16.0
2025-12-12 23:06:25,750 [ERROR] AppliInfo:139 - Unknown STM32CubeMX version: 6.16.0
2025-12-12 23:06:25,750 [ERROR] AppliInfo:139 - Unknown STM32CubeMX version: 6.16.0
2025-12-12 23:06:25,750 [ERROR] AppliInfo:139 - Unknown STM32CubeMX version: 6.16.0
2025-12-12 23:06:25,750 [ERROR] AppliInfo:139 - Unknown STM32CubeMX version: 6.16.0
2025-12-12 23:06:25,750 [ERROR] AppliInfo:139 - Unknown STM32CubeMX version: 6.16.0
2025-12-12 23:06:25,750 [ERROR] AppliInfo:139 - Unknown STM32CubeMX version: 6.16.0
2025-12-12 23:06:25,751 [ERROR] AppliInfo:139 - Unknown STM32CubeMX version: 6.16.0
2025-12-12 23:06:25,751 [ERROR] AppliInfo:139 - Unknown STM32CubeMX version: 6.16.0
2025-12-12 23:06:25,751 [ERROR] AppliInfo:139 - Unknown STM32CubeMX version: 6.16.0
2025-12-12 23:06:25,751 [ERROR] AppliInfo:139 - Unknown STM32CubeMX version: 6.16.0
2025-12-12 23:06:25,752 [ERROR] AppliInfo:139 - Unknown STM32CubeMX version: 6.16.0
2025-12-12 23:06:25,752 [ERROR] AppliInfo:139 - Unknown STM32CubeMX version: 6.16.0
2025-12-12 23:06:25,752 [ERROR] AppliInfo:139 - Unknown STM32CubeMX version: 6.16.0
2025-12-12 23:06:25,752 [ERROR] AppliInfo:139 - Unknown STM32CubeMX version: 6.16.0
2025-12-12 23:06:25,753 [ERROR] AppliInfo:139 - Unknown STM32CubeMX version: 6.16.0
2025-12-12 23:06:25,753 [ERROR] AppliInfo:139 - Unknown STM32CubeMX version: 6.16.0
2025-12-12 23:06:25,753 [ERROR] AppliInfo:139 - Unknown STM32CubeMX version: 6.16.0
2025-12-12 23:06:25,753 [ERROR] AppliInfo:139 - Unknown STM32CubeMX version: 6.16.0
2025-12-12 23:06:25,753 [ERROR] AppliInfo:139 - Unknown STM32CubeMX version: 6.16.0
2025-12-12 23:06:25,753 [ERROR] AppliInfo:139 - Unknown STM32CubeMX version: 6.16.0
2025-12-12 23:06:25,753 [ERROR] AppliInfo:139 - Unknown STM32CubeMX version: 6.16.0
2025-12-12 23:06:25,755 [ERROR] AppliInfo:139 - Unknown STM32CubeMX version: 6.16.0
2025-12-12 23:06:25,755 [ERROR] AppliInfo:139 - Unknown STM32CubeMX version: 6.16.0
2025-12-12 23:06:25,755 [ERROR] AppliInfo:139 - Unknown STM32CubeMX version: 6.16.0
2025-12-12 23:06:25,755 [ERROR] AppliInfo:139 - Unknown STM32CubeMX version: 6.16.0
2025-12-12 23:06:25,755 [ERROR] AppliInfo:139 - Unknown STM32CubeMX version: 6.16.0
2025-12-12 23:06:25,755 [ERROR] AppliInfo:139 - Unknown STM32CubeMX version: 6.16.0
2025-12-12 23:06:25,755 [ERROR] AppliInfo:139 - Unknown STM32CubeMX version: 6.16.0
2025-12-12 23:06:25,756 [ERROR] AppliInfo:139 - Unknown STM32CubeMX version: 6.16.0
2025-12-12 23:06:25,756 [ERROR] AppliInfo:139 - Unknown STM32CubeMX version: 6.16.0
2025-12-12 23:06:25,756 [ERROR] AppliInfo:139 - Unknown STM32CubeMX version: 6.16.0
2025-12-12 23:06:25,756 [ERROR] AppliInfo:139 - Unknown STM32CubeMX version: 6.16.0
2025-12-12 23:06:25,756 [ERROR] AppliInfo:139 - Unknown STM32CubeMX version: 6.16.0
2025-12-12 23:06:25,763 [ERROR] AppliInfo:139 - Unknown STM32CubeMX version: 6.16.0
2025-12-12 23:06:25,764 [ERROR] AppliInfo:139 - Unknown STM32CubeMX version: 6.16.0
2025-12-12 23:06:25,772 [ERROR] AppliInfo:139 - Unknown STM32CubeMX version: 6.16.0
2025-12-12 23:06:25,772 [ERROR] AppliInfo:139 - Unknown STM32CubeMX version: 6.16.0
2025-12-12 23:06:25,772 [ERROR] AppliInfo:139 - Unknown STM32CubeMX version: 6.16.0
2025-12-12 23:06:25,772 [ERROR] AppliInfo:139 - Unknown STM32CubeMX version: 6.16.0
2025-12-12 23:06:25,773 [ERROR] AppliInfo:139 - Unknown STM32CubeMX version: 6.16.0
2025-12-12 23:06:25,773 [ERROR] AppliInfo:139 - Unknown STM32CubeMX version: 6.16.0
2025-12-12 23:06:25,773 [ERROR] AppliInfo:139 - Unknown STM32CubeMX version: 6.16.0
2025-12-12 23:06:25,773 [ERROR] AppliInfo:139 - Unknown STM32CubeMX version: 6.16.0
2025-12-12 23:06:25,773 [ERROR] AppliInfo:139 - Unknown STM32CubeMX version: 6.16.0
2025-12-12 23:06:25,773 [ERROR] AppliInfo:139 - Unknown STM32CubeMX version: 6.16.0
2025-12-12 23:06:25,774 [ERROR] AppliInfo:139 - Unknown STM32CubeMX version: 6.16.0
2025-12-12 23:06:25,774 [ERROR] AppliInfo:139 - Unknown STM32CubeMX version: 6.16.0
2025-12-12 23:06:25,774 [ERROR] AppliInfo:139 - Unknown STM32CubeMX version: 6.16.0
2025-12-12 23:06:25,774 [ERROR] AppliInfo:139 - Unknown STM32CubeMX version: 6.16.0
2025-12-12 23:06:25,775 [ERROR] AppliInfo:139 - Unknown STM32CubeMX version: 6.16.0
2025-12-12 23:06:25,775 [ERROR] AppliInfo:139 - Unknown STM32CubeMX version: 6.16.0
2025-12-12 23:06:25,775 [ERROR] AppliInfo:139 - Unknown STM32CubeMX version: 6.16.0
2025-12-12 23:06:25,775 [ERROR] AppliInfo:139 - Unknown STM32CubeMX version: 6.16.0
2025-12-12 23:06:25,775 [ERROR] AppliInfo:139 - Unknown STM32CubeMX version: 6.16.0
2025-12-12 23:06:25,775 [ERROR] AppliInfo:139 - Unknown STM32CubeMX version: 6.16.0
2025-12-12 23:06:25,775 [ERROR] AppliInfo:139 - Unknown STM32CubeMX version: 6.16.0
2025-12-12 23:06:25,775 [ERROR] AppliInfo:139 - Unknown STM32CubeMX version: 6.16.0
2025-12-12 23:06:25,775 [ERROR] AppliInfo:139 - Unknown STM32CubeMX version: 6.16.0
2025-12-12 23:06:25,776 [ERROR] AppliInfo:139 - Unknown STM32CubeMX version: 6.16.0
2025-12-12 23:06:25,776 [ERROR] AppliInfo:139 - Unknown STM32CubeMX version: 6.16.0
2025-12-12 23:06:25,776 [ERROR] AppliInfo:139 - Unknown STM32CubeMX version: 6.16.0
2025-12-12 23:06:25,776 [ERROR] AppliInfo:139 - Unknown STM32CubeMX version: 6.16.0
2025-12-12 23:06:25,776 [ERROR] AppliInfo:139 - Unknown STM32CubeMX version: 6.16.0
2025-12-12 23:06:25,776 [ERROR] AppliInfo:139 - Unknown STM32CubeMX version: 6.16.0
2025-12-12 23:06:25,776 [ERROR] AppliInfo:139 - Unknown STM32CubeMX version: 6.16.0
2025-12-12 23:06:25,776 [ERROR] AppliInfo:139 - Unknown STM32CubeMX version: 6.16.0
2025-12-12 23:06:25,776 [ERROR] AppliInfo:139 - Unknown STM32CubeMX version: 6.16.0
2025-12-12 23:06:25,777 [ERROR] AppliInfo:139 - Unknown STM32CubeMX version: 6.16.0
2025-12-12 23:06:25,777 [ERROR] AppliInfo:139 - Unknown STM32CubeMX version: 6.16.0
2025-12-12 23:06:25,777 [ERROR] AppliInfo:139 - Unknown STM32CubeMX version: 6.16.0
2025-12-12 23:06:25,777 [ERROR] AppliInfo:139 - Unknown STM32CubeMX version: 6.16.0
2025-12-12 23:06:25,777 [ERROR] AppliInfo:139 - Unknown STM32CubeMX version: 6.16.0
2025-12-12 23:06:25,777 [ERROR] AppliInfo:139 - Unknown STM32CubeMX version: 6.16.0
2025-12-12 23:06:25,778 [ERROR] AppliInfo:139 - Unknown STM32CubeMX version: 6.16.0
2025-12-12 23:06:25,778 [ERROR] AppliInfo:139 - Unknown STM32CubeMX version: 6.16.0
2025-12-12 23:06:25,779 [ERROR] AppliInfo:139 - Unknown STM32CubeMX version: 6.16.0
2025-12-12 23:06:25,779 [ERROR] AppliInfo:139 - Unknown STM32CubeMX version: 6.16.0
2025-12-12 23:06:25,779 [ERROR] AppliInfo:139 - Unknown STM32CubeMX version: 6.16.0
2025-12-12 23:06:25,779 [ERROR] AppliInfo:139 - Unknown STM32CubeMX version: 6.16.0
2025-12-12 23:06:25,779 [ERROR] AppliInfo:139 - Unknown STM32CubeMX version: 6.16.0
2025-12-12 23:06:25,779 [ERROR] AppliInfo:139 - Unknown STM32CubeMX version: 6.16.0
2025-12-12 23:06:25,780 [ERROR] AppliInfo:139 - Unknown STM32CubeMX version: 6.16.0
2025-12-12 23:06:25,780 [ERROR] AppliInfo:139 - Unknown STM32CubeMX version: 6.16.0
2025-12-12 23:06:25,780 [ERROR] AppliInfo:139 - Unknown STM32CubeMX version: 6.16.0
2025-12-12 23:06:25,780 [ERROR] AppliInfo:139 - Unknown STM32CubeMX version: 6.16.0
2025-12-12 23:06:25,780 [ERROR] AppliInfo:139 - Unknown STM32CubeMX version: 6.16.0
2025-12-12 23:06:25,780 [ERROR] AppliInfo:139 - Unknown STM32CubeMX version: 6.16.0
2025-12-12 23:06:25,780 [ERROR] AppliInfo:139 - Unknown STM32CubeMX version: 6.16.0
2025-12-12 23:06:25,780 [ERROR] AppliInfo:139 - Unknown STM32CubeMX version: 6.16.0
2025-12-12 23:06:25,781 [ERROR] AppliInfo:139 - Unknown STM32CubeMX version: 6.16.0
2025-12-12 23:06:25,781 [ERROR] AppliInfo:139 - Unknown STM32CubeMX version: 6.16.0
2025-12-12 23:06:25,781 [ERROR] AppliInfo:139 - Unknown STM32CubeMX version: 6.16.0
2025-12-12 23:06:25,781 [ERROR] AppliInfo:139 - Unknown STM32CubeMX version: 6.16.0
2025-12-12 23:06:25,781 [ERROR] AppliInfo:139 - Unknown STM32CubeMX version: 6.16.0
2025-12-12 23:06:25,781 [ERROR] AppliInfo:139 - Unknown STM32CubeMX version: 6.16.0
2025-12-12 23:06:25,781 [ERROR] AppliInfo:139 - Unknown STM32CubeMX version: 6.16.0
2025-12-12 23:06:25,782 [ERROR] AppliInfo:139 - Unknown STM32CubeMX version: 6.16.0
2025-12-12 23:06:25,782 [ERROR] AppliInfo:139 - Unknown STM32CubeMX version: 6.16.0
2025-12-12 23:06:25,782 [ERROR] AppliInfo:139 - Unknown STM32CubeMX version: 6.16.0
2025-12-12 23:06:25,782 [ERROR] AppliInfo:139 - Unknown STM32CubeMX version: 6.16.0
2025-12-12 23:06:25,782 [ERROR] AppliInfo:139 - Unknown STM32CubeMX version: 6.16.0
2025-12-12 23:06:25,782 [ERROR] AppliInfo:139 - Unknown STM32CubeMX version: 6.16.0
2025-12-12 23:06:25,782 [ERROR] AppliInfo:139 - Unknown STM32CubeMX version: 6.16.0
2025-12-12 23:06:25,783 [ERROR] AppliInfo:139 - Unknown STM32CubeMX version: 6.16.0
2025-12-12 23:06:25,783 [ERROR] AppliInfo:139 - Unknown STM32CubeMX version: 6.16.0
2025-12-12 23:06:25,783 [ERROR] AppliInfo:139 - Unknown STM32CubeMX version: 6.16.0
2025-12-12 23:06:25,783 [ERROR] AppliInfo:139 - Unknown STM32CubeMX version: 6.16.0
2025-12-12 23:06:25,783 [ERROR] AppliInfo:139 - Unknown STM32CubeMX version: 6.16.0
2025-12-12 23:06:25,783 [ERROR] AppliInfo:139 - Unknown STM32CubeMX version: 6.16.0
2025-12-12 23:06:25,783 [ERROR] AppliInfo:139 - Unknown STM32CubeMX version: 6.16.0
2025-12-12 23:06:25,783 [ERROR] AppliInfo:139 - Unknown STM32CubeMX version: 6.16.0
2025-12-12 23:06:25,784 [ERROR] AppliInfo:139 - Unknown STM32CubeMX version: 6.16.0
2025-12-12 23:06:25,784 [ERROR] AppliInfo:139 - Unknown STM32CubeMX version: 6.16.0
2025-12-12 23:06:25,784 [ERROR] AppliInfo:139 - Unknown STM32CubeMX version: 6.16.0
2025-12-12 23:06:25,784 [ERROR] AppliInfo:139 - Unknown STM32CubeMX version: 6.16.0
2025-12-12 23:06:25,784 [ERROR] AppliInfo:139 - Unknown STM32CubeMX version: 6.16.0
2025-12-12 23:06:25,784 [ERROR] AppliInfo:139 - Unknown STM32CubeMX version: 6.16.0
2025-12-12 23:06:25,785 [ERROR] AppliInfo:139 - Unknown STM32CubeMX version: 6.16.0
2025-12-12 23:06:25,785 [ERROR] AppliInfo:139 - Unknown STM32CubeMX version: 6.16.0
2025-12-12 23:06:25,785 [ERROR] AppliInfo:139 - Unknown STM32CubeMX version: 6.16.0
2025-12-12 23:06:25,785 [ERROR] AppliInfo:139 - Unknown STM32CubeMX version: 6.16.0
2025-12-12 23:06:25,785 [ERROR] AppliInfo:139 - Unknown STM32CubeMX version: 6.16.0
2025-12-12 23:06:25,785 [ERROR] AppliInfo:139 - Unknown STM32CubeMX version: 6.16.0
2025-12-12 23:06:25,785 [ERROR] AppliInfo:139 - Unknown STM32CubeMX version: 6.16.0
2025-12-12 23:06:25,786 [ERROR] AppliInfo:139 - Unknown STM32CubeMX version: 6.16.0
2025-12-12 23:06:25,786 [ERROR] AppliInfo:139 - Unknown STM32CubeMX version: 6.16.0
2025-12-12 23:06:25,786 [ERROR] AppliInfo:139 - Unknown STM32CubeMX version: 6.16.0
2025-12-12 23:06:25,786 [ERROR] AppliInfo:139 - Unknown STM32CubeMX version: 6.16.0
2025-12-12 23:06:25,786 [ERROR] AppliInfo:139 - Unknown STM32CubeMX version: 6.16.0
2025-12-12 23:06:25,786 [ERROR] AppliInfo:139 - Unknown STM32CubeMX version: 6.16.0
2025-12-12 23:06:25,786 [ERROR] AppliInfo:139 - Unknown STM32CubeMX version: 6.16.0
2025-12-12 23:06:25,786 [ERROR] AppliInfo:139 - Unknown STM32CubeMX version: 6.16.0
2025-12-12 23:06:25,788 [ERROR] AppliInfo:139 - Unknown STM32CubeMX version: 6.16.0
2025-12-12 23:06:25,788 [ERROR] AppliInfo:139 - Unknown STM32CubeMX version: 6.16.0
2025-12-12 23:06:25,788 [ERROR] AppliInfo:139 - Unknown STM32CubeMX version: 6.16.0
2025-12-12 23:06:25,788 [ERROR] AppliInfo:139 - Unknown STM32CubeMX version: 6.16.0
2025-12-12 23:06:25,788 [ERROR] AppliInfo:139 - Unknown STM32CubeMX version: 6.16.0
2025-12-12 23:06:25,788 [ERROR] AppliInfo:139 - Unknown STM32CubeMX version: 6.16.0
2025-12-12 23:06:25,789 [ERROR] AppliInfo:139 - Unknown STM32CubeMX version: 6.16.0
2025-12-12 23:06:25,789 [ERROR] AppliInfo:139 - Unknown STM32CubeMX version: 6.16.0
2025-12-12 23:06:25,789 [ERROR] AppliInfo:139 - Unknown STM32CubeMX version: 6.16.0
2025-12-12 23:06:25,789 [ERROR] AppliInfo:139 - Unknown STM32CubeMX version: 6.16.0
2025-12-12 23:06:25,795 [ERROR] AppliInfo:139 - Unknown STM32CubeMX version: 6.16.0
2025-12-12 23:06:25,795 [ERROR] AppliInfo:139 - Unknown STM32CubeMX version: 6.16.0
2025-12-12 23:06:25,795 [ERROR] AppliInfo:139 - Unknown STM32CubeMX version: 6.16.0
2025-12-12 23:06:25,795 [ERROR] AppliInfo:139 - Unknown STM32CubeMX version: 6.16.0
2025-12-12 23:06:25,795 [ERROR] AppliInfo:139 - Unknown STM32CubeMX version: 6.16.0
2025-12-12 23:06:25,795 [ERROR] AppliInfo:139 - Unknown STM32CubeMX version: 6.16.0
2025-12-12 23:06:25,795 [ERROR] AppliInfo:139 - Unknown STM32CubeMX version: 6.16.0
2025-12-12 23:06:25,796 [ERROR] AppliInfo:139 - Unknown STM32CubeMX version: 6.16.0
2025-12-12 23:06:25,796 [ERROR] AppliInfo:139 - Unknown STM32CubeMX version: 6.16.0
2025-12-12 23:06:25,796 [ERROR] AppliInfo:139 - Unknown STM32CubeMX version: 6.16.0
2025-12-12 23:06:25,796 [ERROR] AppliInfo:139 - Unknown STM32CubeMX version: 6.16.0
2025-12-12 23:06:25,796 [ERROR] AppliInfo:139 - Unknown STM32CubeMX version: 6.16.0
2025-12-12 23:06:25,796 [ERROR] AppliInfo:139 - Unknown STM32CubeMX version: 6.16.0
2025-12-12 23:06:25,796 [ERROR] AppliInfo:139 - Unknown STM32CubeMX version: 6.16.0
2025-12-12 23:06:25,797 [ERROR] AppliInfo:139 - Unknown STM32CubeMX version: 6.16.0
2025-12-12 23:06:25,797 [ERROR] AppliInfo:139 - Unknown STM32CubeMX version: 6.16.0
2025-12-12 23:06:25,797 [ERROR] AppliInfo:139 - Unknown STM32CubeMX version: 6.16.0
2025-12-12 23:06:25,797 [ERROR] AppliInfo:139 - Unknown STM32CubeMX version: 6.16.0
2025-12-12 23:06:25,798 [ERROR] AppliInfo:139 - Unknown STM32CubeMX version: 6.16.0
2025-12-12 23:06:25,798 [ERROR] AppliInfo:139 - Unknown STM32CubeMX version: 6.16.0
2025-12-12 23:06:25,798 [ERROR] AppliInfo:139 - Unknown STM32CubeMX version: 6.16.0
2025-12-12 23:06:25,798 [ERROR] AppliInfo:139 - Unknown STM32CubeMX version: 6.16.0
2025-12-12 23:06:25,798 [ERROR] AppliInfo:139 - Unknown STM32CubeMX version: 6.16.0
2025-12-12 23:06:25,799 [ERROR] AppliInfo:139 - Unknown STM32CubeMX version: 6.16.0
2025-12-12 23:06:25,799 [ERROR] AppliInfo:139 - Unknown STM32CubeMX version: 6.16.0
2025-12-12 23:06:25,799 [ERROR] AppliInfo:139 - Unknown STM32CubeMX version: 6.16.0
2025-12-12 23:06:25,799 [ERROR] AppliInfo:139 - Unknown STM32CubeMX version: 6.16.0
2025-12-12 23:06:25,800 [ERROR] AppliInfo:139 - Unknown STM32CubeMX version: 6.16.0
2025-12-12 23:06:25,800 [ERROR] AppliInfo:139 - Unknown STM32CubeMX version: 6.16.0
2025-12-12 23:06:25,800 [ERROR] AppliInfo:139 - Unknown STM32CubeMX version: 6.16.0
2025-12-12 23:06:25,800 [ERROR] AppliInfo:139 - Unknown STM32CubeMX version: 6.16.0
2025-12-12 23:06:25,800 [ERROR] AppliInfo:139 - Unknown STM32CubeMX version: 6.16.0
2025-12-12 23:06:25,800 [ERROR] AppliInfo:139 - Unknown STM32CubeMX version: 6.16.0
2025-12-12 23:06:25,800 [ERROR] AppliInfo:139 - Unknown STM32CubeMX version: 6.16.0
2025-12-12 23:06:25,800 [ERROR] AppliInfo:139 - Unknown STM32CubeMX version: 6.16.0
2025-12-12 23:06:25,800 [ERROR] AppliInfo:139 - Unknown STM32CubeMX version: 6.16.0
2025-12-12 23:06:25,800 [ERROR] AppliInfo:139 - Unknown STM32CubeMX version: 6.16.0
2025-12-12 23:06:25,801 [ERROR] AppliInfo:139 - Unknown STM32CubeMX version: 6.16.0
2025-12-12 23:06:25,801 [ERROR] AppliInfo:139 - Unknown STM32CubeMX version: 6.16.0
2025-12-12 23:06:25,801 [ERROR] AppliInfo:139 - Unknown STM32CubeMX version: 6.16.0
2025-12-12 23:06:25,801 [ERROR] AppliInfo:139 - Unknown STM32CubeMX version: 6.16.0
2025-12-12 23:06:25,801 [ERROR] AppliInfo:139 - Unknown STM32CubeMX version: 6.16.0
2025-12-12 23:06:25,801 [ERROR] AppliInfo:139 - Unknown STM32CubeMX version: 6.16.0
2025-12-12 23:06:25,802 [ERROR] AppliInfo:139 - Unknown STM32CubeMX version: 6.16.0
2025-12-12 23:06:25,802 [ERROR] AppliInfo:139 - Unknown STM32CubeMX version: 6.16.0
2025-12-12 23:06:25,802 [ERROR] AppliInfo:139 - Unknown STM32CubeMX version: 6.16.0
2025-12-12 23:06:25,817 [ERROR] AppliInfo:139 - Unknown STM32CubeMX version: 6.16.0
2025-12-12 23:06:25,818 [ERROR] AppliInfo:139 - Unknown STM32CubeMX version: 6.16.0
2025-12-12 23:06:25,818 [ERROR] AppliInfo:139 - Unknown STM32CubeMX version: 6.16.0
2025-12-12 23:06:25,818 [ERROR] AppliInfo:139 - Unknown STM32CubeMX version: 6.16.0
2025-12-12 23:06:25,821 [ERROR] AppliInfo:139 - Unknown STM32CubeMX version: 6.16.0
2025-12-12 23:06:25,823 [ERROR] AppliInfo:139 - Unknown STM32CubeMX version: 6.16.0
2025-12-12 23:06:25,823 [ERROR] AppliInfo:139 - Unknown STM32CubeMX version: 6.16.0
2025-12-12 23:06:25,823 [ERROR] AppliInfo:139 - Unknown STM32CubeMX version: 6.16.0
2025-12-12 23:06:25,823 [ERROR] AppliInfo:139 - Unknown STM32CubeMX version: 6.16.0
2025-12-12 23:06:25,823 [ERROR] AppliInfo:139 - Unknown STM32CubeMX version: 6.16.0
2025-12-12 23:06:25,823 [ERROR] AppliInfo:139 - Unknown STM32CubeMX version: 6.16.0
2025-12-12 23:06:25,823 [ERROR] AppliInfo:139 - Unknown STM32CubeMX version: 6.16.0
2025-12-12 23:06:25,823 [ERROR] AppliInfo:139 - Unknown STM32CubeMX version: 6.16.0
2025-12-12 23:06:25,823 [ERROR] AppliInfo:139 - Unknown STM32CubeMX version: 6.16.0
2025-12-12 23:06:25,824 [ERROR] AppliInfo:139 - Unknown STM32CubeMX version: 6.16.0
2025-12-12 23:06:25,824 [ERROR] AppliInfo:139 - Unknown STM32CubeMX version: 6.16.0
2025-12-12 23:06:25,824 [ERROR] AppliInfo:139 - Unknown STM32CubeMX version: 6.16.0
2025-12-12 23:06:25,824 [ERROR] AppliInfo:139 - Unknown STM32CubeMX version: 6.16.0
2025-12-12 23:06:25,824 [ERROR] AppliInfo:139 - Unknown STM32CubeMX version: 6.16.0
2025-12-12 23:06:25,839 [ERROR] AppliInfo:139 - Unknown STM32CubeMX version: 6.16.0
2025-12-12 23:06:25,840 [ERROR] AppliInfo:139 - Unknown STM32CubeMX version: 6.16.0
2025-12-12 23:06:25,840 [ERROR] AppliInfo:139 - Unknown STM32CubeMX version: 6.16.0
2025-12-12 23:06:25,840 [ERROR] AppliInfo:139 - Unknown STM32CubeMX version: 6.16.0
2025-12-12 23:06:25,840 [ERROR] AppliInfo:139 - Unknown STM32CubeMX version: 6.16.0
2025-12-12 23:06:25,840 [ERROR] AppliInfo:139 - Unknown STM32CubeMX version: 6.16.0
2025-12-12 23:06:25,840 [ERROR] AppliInfo:139 - Unknown STM32CubeMX version: 6.16.0
2025-12-12 23:06:25,840 [ERROR] AppliInfo:139 - Unknown STM32CubeMX version: 6.16.0
2025-12-12 23:06:25,840 [ERROR] AppliInfo:139 - Unknown STM32CubeMX version: 6.16.0
2025-12-12 23:06:25,840 [ERROR] AppliInfo:139 - Unknown STM32CubeMX version: 6.16.0
2025-12-12 23:06:25,841 [ERROR] AppliInfo:139 - Unknown STM32CubeMX version: 6.16.0
2025-12-12 23:06:25,841 [ERROR] AppliInfo:139 - Unknown STM32CubeMX version: 6.16.0
2025-12-12 23:06:25,841 [ERROR] AppliInfo:139 - Unknown STM32CubeMX version: 6.16.0
2025-12-12 23:06:25,841 [ERROR] AppliInfo:139 - Unknown STM32CubeMX version: 6.16.0
2025-12-12 23:06:25,841 [ERROR] AppliInfo:139 - Unknown STM32CubeMX version: 6.16.0
2025-12-12 23:06:25,841 [ERROR] AppliInfo:139 - Unknown STM32CubeMX version: 6.16.0
2025-12-12 23:06:25,841 [ERROR] AppliInfo:139 - Unknown STM32CubeMX version: 6.16.0
2025-12-12 23:06:25,841 [ERROR] AppliInfo:139 - Unknown STM32CubeMX version: 6.16.0
2025-12-12 23:06:25,842 [ERROR] AppliInfo:139 - Unknown STM32CubeMX version: 6.16.0
2025-12-12 23:06:25,842 [ERROR] AppliInfo:139 - Unknown STM32CubeMX version: 6.16.0
2025-12-12 23:06:25,842 [ERROR] AppliInfo:139 - Unknown STM32CubeMX version: 6.16.0
2025-12-12 23:06:25,852 [ERROR] AppliInfo:139 - Unknown STM32CubeMX version: 6.16.0
2025-12-12 23:06:25,853 [ERROR] AppliInfo:139 - Unknown STM32CubeMX version: 6.16.0
2025-12-12 23:06:25,853 [ERROR] AppliInfo:139 - Unknown STM32CubeMX version: 6.16.0
2025-12-12 23:06:25,858 [ERROR] AppliInfo:139 - Unknown STM32CubeMX version: 6.16.0
2025-12-12 23:06:25,859 [ERROR] AppliInfo:139 - Unknown STM32CubeMX version: 6.16.0
2025-12-12 23:06:25,859 [ERROR] AppliInfo:139 - Unknown STM32CubeMX version: 6.16.0
2025-12-12 23:06:25,859 [ERROR] AppliInfo:139 - Unknown STM32CubeMX version: 6.16.0
2025-12-12 23:06:25,859 [ERROR] AppliInfo:139 - Unknown STM32CubeMX version: 6.16.0
2025-12-12 23:06:25,859 [ERROR] AppliInfo:139 - Unknown STM32CubeMX version: 6.16.0
2025-12-12 23:06:25,859 [ERROR] AppliInfo:139 - Unknown STM32CubeMX version: 6.16.0
2025-12-12 23:06:25,859 [ERROR] AppliInfo:139 - Unknown STM32CubeMX version: 6.16.0
2025-12-12 23:06:25,859 [ERROR] AppliInfo:139 - Unknown STM32CubeMX version: 6.16.0
2025-12-12 23:06:25,860 [ERROR] AppliInfo:139 - Unknown STM32CubeMX version: 6.16.0
2025-12-12 23:06:25,860 [ERROR] AppliInfo:139 - Unknown STM32CubeMX version: 6.16.0
2025-12-12 23:06:25,860 [ERROR] AppliInfo:139 - Unknown STM32CubeMX version: 6.16.0
2025-12-12 23:06:25,860 [ERROR] AppliInfo:139 - Unknown STM32CubeMX version: 6.16.0
2025-12-12 23:06:25,860 [ERROR] AppliInfo:139 - Unknown STM32CubeMX version: 6.16.0
2025-12-12 23:06:25,860 [ERROR] AppliInfo:139 - Unknown STM32CubeMX version: 6.16.0
2025-12-12 23:06:25,860 [ERROR] AppliInfo:139 - Unknown STM32CubeMX version: 6.16.0
2025-12-12 23:06:25,860 [ERROR] AppliInfo:139 - Unknown STM32CubeMX version: 6.16.0
2025-12-12 23:06:25,860 [ERROR] AppliInfo:139 - Unknown STM32CubeMX version: 6.16.0
2025-12-12 23:06:25,861 [ERROR] AppliInfo:139 - Unknown STM32CubeMX version: 6.16.0
2025-12-12 23:06:25,861 [ERROR] AppliInfo:139 - Unknown STM32CubeMX version: 6.16.0
2025-12-12 23:06:25,861 [ERROR] AppliInfo:139 - Unknown STM32CubeMX version: 6.16.0
2025-12-12 23:06:25,861 [ERROR] AppliInfo:139 - Unknown STM32CubeMX version: 6.16.0
2025-12-12 23:06:25,861 [ERROR] AppliInfo:139 - Unknown STM32CubeMX version: 6.16.0
2025-12-12 23:06:25,861 [ERROR] AppliInfo:139 - Unknown STM32CubeMX version: 6.16.0
2025-12-12 23:06:25,861 [ERROR] AppliInfo:139 - Unknown STM32CubeMX version: 6.16.0
2025-12-12 23:06:25,862 [ERROR] AppliInfo:139 - Unknown STM32CubeMX version: 6.16.0
2025-12-12 23:06:25,862 [ERROR] AppliInfo:139 - Unknown STM32CubeMX version: 6.16.0
2025-12-12 23:06:25,862 [ERROR] AppliInfo:139 - Unknown STM32CubeMX version: 6.16.0
2025-12-12 23:06:25,862 [ERROR] AppliInfo:139 - Unknown STM32CubeMX version: 6.16.0
2025-12-12 23:06:25,862 [ERROR] AppliInfo:139 - Unknown STM32CubeMX version: 6.16.0
2025-12-12 23:06:25,862 [ERROR] AppliInfo:139 - Unknown STM32CubeMX version: 6.16.0
2025-12-12 23:06:25,862 [ERROR] AppliInfo:139 - Unknown STM32CubeMX version: 6.16.0
2025-12-12 23:06:25,862 [ERROR] AppliInfo:139 - Unknown STM32CubeMX version: 6.16.0
2025-12-12 23:06:25,862 [ERROR] AppliInfo:139 - Unknown STM32CubeMX version: 6.16.0
2025-12-12 23:06:25,862 [ERROR] AppliInfo:139 - Unknown STM32CubeMX version: 6.16.0
2025-12-12 23:06:25,862 [ERROR] AppliInfo:139 - Unknown STM32CubeMX version: 6.16.0
2025-12-12 23:06:25,864 [ERROR] AppliInfo:139 - Unknown STM32CubeMX version: 6.16.0
2025-12-12 23:06:25,864 [ERROR] AppliInfo:139 - Unknown STM32CubeMX version: 6.16.0
2025-12-12 23:06:25,864 [ERROR] AppliInfo:139 - Unknown STM32CubeMX version: 6.16.0
2025-12-12 23:06:25,864 [ERROR] AppliInfo:139 - Unknown STM32CubeMX version: 6.16.0
2025-12-12 23:06:25,864 [ERROR] AppliInfo:139 - Unknown STM32CubeMX version: 6.16.0
2025-12-12 23:06:25,864 [ERROR] AppliInfo:139 - Unknown STM32CubeMX version: 6.16.0
2025-12-12 23:06:25,864 [ERROR] AppliInfo:139 - Unknown STM32CubeMX version: 6.16.0
2025-12-12 23:06:25,864 [ERROR] AppliInfo:139 - Unknown STM32CubeMX version: 6.16.0
2025-12-12 23:06:25,864 [ERROR] AppliInfo:139 - Unknown STM32CubeMX version: 6.16.0
2025-12-12 23:06:25,864 [ERROR] AppliInfo:139 - Unknown STM32CubeMX version: 6.16.0
2025-12-12 23:06:25,864 [ERROR] AppliInfo:139 - Unknown STM32CubeMX version: 6.16.0
2025-12-12 23:06:25,865 [ERROR] AppliInfo:139 - Unknown STM32CubeMX version: 6.16.0
2025-12-12 23:06:25,865 [ERROR] AppliInfo:139 - Unknown STM32CubeMX version: 6.16.0
2025-12-12 23:06:25,865 [ERROR] AppliInfo:139 - Unknown STM32CubeMX version: 6.16.0
2025-12-12 23:06:25,865 [ERROR] AppliInfo:139 - Unknown STM32CubeMX version: 6.16.0
2025-12-12 23:06:25,865 [ERROR] AppliInfo:139 - Unknown STM32CubeMX version: 6.16.0
2025-12-12 23:06:25,865 [ERROR] AppliInfo:139 - Unknown STM32CubeMX version: 6.16.0
2025-12-12 23:06:25,865 [ERROR] AppliInfo:139 - Unknown STM32CubeMX version: 6.16.0
2025-12-12 23:06:25,865 [ERROR] AppliInfo:139 - Unknown STM32CubeMX version: 6.16.0
2025-12-12 23:06:25,865 [ERROR] AppliInfo:139 - Unknown STM32CubeMX version: 6.16.0
2025-12-12 23:06:25,865 [ERROR] AppliInfo:139 - Unknown STM32CubeMX version: 6.16.0
2025-12-12 23:06:25,866 [ERROR] AppliInfo:139 - Unknown STM32CubeMX version: 6.16.0
2025-12-12 23:06:25,866 [ERROR] AppliInfo:139 - Unknown STM32CubeMX version: 6.16.0
2025-12-12 23:06:25,866 [ERROR] AppliInfo:139 - Unknown STM32CubeMX version: 6.16.0
2025-12-12 23:06:26,566 [ERROR] LogOutputStream:75 - [STDERR_REDIRECT] [Fatal Error] :1:1: Premature end of file.
2025-12-12 23:06:26,566 [ERROR] LogOutputStream:75 - [STDERR_REDIRECT] 
2025-12-12 23:06:27,564 [ERROR] LogOutputStream:75 - [STDERR_REDIRECT] [Fatal Error] :1:1: Premature end of file.
2025-12-12 23:06:27,564 [ERROR] LogOutputStream:75 - [STDERR_REDIRECT] 
2025-12-12 23:06:28,564 [ERROR] LogOutputStream:75 - [STDERR_REDIRECT] [Fatal Error] :1:1: Premature end of file.
2025-12-12 23:06:28,565 [ERROR] LogOutputStream:75 - [STDERR_REDIRECT] 
2025-12-12 23:06:29,564 [ERROR] LogOutputStream:75 - [STDERR_REDIRECT] [Fatal Error] :1:1: Premature end of file.
2025-12-12 23:06:29,564 [ERROR] LogOutputStream:75 - [STDERR_REDIRECT] 
2025-12-12 23:06:30,566 [ERROR] LogOutputStream:75 - [STDERR_REDIRECT] [Fatal Error] :1:1: Premature end of file.
2025-12-12 23:06:30,566 [ERROR] LogOutputStream:75 - [STDERR_REDIRECT] 
2025-12-12 23:06:31,563 [ERROR] LogOutputStream:75 - [STDERR_REDIRECT] [Fatal Error] :1:1: Premature end of file.
2025-12-12 23:06:31,564 [ERROR] LogOutputStream:75 - [STDERR_REDIRECT] 
2025-12-12 23:06:32,562 [ERROR] LogOutputStream:75 - [STDERR_REDIRECT] [Fatal Error] :1:1: Premature end of file.
2025-12-12 23:06:32,562 [ERROR] LogOutputStream:75 - [STDERR_REDIRECT] 
2025-12-12 23:06:33,563 [ERROR] LogOutputStream:75 - [STDERR_REDIRECT] [Fatal Error] :1:1: Premature end of file.
2025-12-12 23:06:33,563 [ERROR] LogOutputStream:75 - [STDERR_REDIRECT] 
2025-12-12 23:06:34,564 [ERROR] LogOutputStream:75 - [STDERR_REDIRECT] [Fatal Error] :1:1: Premature end of file.
2025-12-12 23:06:34,564 [ERROR] LogOutputStream:75 - [STDERR_REDIRECT] 
2025-12-12 23:06:35,564 [ERROR] LogOutputStream:75 - [STDERR_REDIRECT] [Fatal Error] :1:1: Premature end of file.
2025-12-12 23:06:35,564 [ERROR] LogOutputStream:75 - [STDERR_REDIRECT] 
2025-12-12 23:06:36,779 [ERROR] LogOutputStream:75 - [STDERR_REDIRECT] [Fatal Error] :1:1: Premature end of file.
2025-12-12 23:06:36,779 [ERROR] LogOutputStream:75 - [STDERR_REDIRECT] 
2025-12-12 23:06:36,867 [ERROR] AppliInfo:139 - Unknown STM32CubeMX version: 6.16.0
2025-12-12 23:06:36,867 [ERROR] AppliInfo:139 - Unknown STM32CubeMX version: 6.16.0
2025-12-12 23:06:36,867 [ERROR] AppliInfo:139 - Unknown STM32CubeMX version: 6.16.0
2025-12-12 23:06:36,867 [ERROR] AppliInfo:139 - Unknown STM32CubeMX version: 6.16.0
2025-12-12 23:06:36,868 [ERROR] AppliInfo:139 - Unknown STM32CubeMX version: 6.16.0
2025-12-12 23:06:36,885 [ERROR] AppliInfo:139 - Unknown STM32CubeMX version: 6.16.0
2025-12-12 23:06:36,885 [ERROR] AppliInfo:139 - Unknown STM32CubeMX version: 6.16.0
2025-12-12 23:06:36,885 [ERROR] AppliInfo:139 - Unknown STM32CubeMX version: 6.16.0
2025-12-12 23:06:37,048 [ERROR] AppliInfo:139 - Unknown STM32CubeMX version: 6.16.0
2025-12-12 23:06:37,071 [ERROR] AppliInfo:139 - Unknown STM32CubeMX version: 6.16.0
2025-12-12 23:06:37,071 [ERROR] AppliInfo:139 - Unknown STM32CubeMX version: 6.16.0
2025-12-12 23:06:37,072 [ERROR] AppliInfo:139 - Unknown STM32CubeMX version: 6.16.0
2025-12-12 23:06:37,074 [ERROR] AppliInfo:139 - Unknown STM32CubeMX version: 6.16.0
2025-12-12 23:06:37,074 [ERROR] AppliInfo:139 - Unknown STM32CubeMX version: 6.16.0
2025-12-12 23:06:37,075 [ERROR] AppliInfo:139 - Unknown STM32CubeMX version: 6.16.0
2025-12-12 23:06:37,075 [ERROR] AppliInfo:139 - Unknown STM32CubeMX version: 6.16.0
2025-12-12 23:06:37,075 [ERROR] AppliInfo:139 - Unknown STM32CubeMX version: 6.16.0
2025-12-12 23:06:37,075 [ERROR] AppliInfo:139 - Unknown STM32CubeMX version: 6.16.0
2025-12-12 23:06:37,075 [ERROR] AppliInfo:139 - Unknown STM32CubeMX version: 6.16.0
2025-12-12 23:06:37,076 [ERROR] AppliInfo:139 - Unknown STM32CubeMX version: 6.16.0
2025-12-12 23:06:37,078 [ERROR] AppliInfo:139 - Unknown STM32CubeMX version: 6.16.0
2025-12-12 23:06:37,079 [ERROR] AppliInfo:139 - Unknown STM32CubeMX version: 6.16.0
2025-12-12 23:06:37,080 [ERROR] AppliInfo:139 - Unknown STM32CubeMX version: 6.16.0
2025-12-12 23:06:37,081 [ERROR] AppliInfo:139 - Unknown STM32CubeMX version: 6.16.0
2025-12-12 23:06:37,081 [ERROR] AppliInfo:139 - Unknown STM32CubeMX version: 6.16.0
2025-12-12 23:06:37,081 [ERROR] AppliInfo:139 - Unknown STM32CubeMX version: 6.16.0
2025-12-12 23:06:37,086 [ERROR] AppliInfo:139 - Unknown STM32CubeMX version: 6.16.0
2025-12-12 23:06:37,087 [ERROR] AppliInfo:139 - Unknown STM32CubeMX version: 6.16.0
2025-12-12 23:06:37,087 [ERROR] AppliInfo:139 - Unknown STM32CubeMX version: 6.16.0
2025-12-12 23:06:37,087 [ERROR] AppliInfo:139 - Unknown STM32CubeMX version: 6.16.0
2025-12-12 23:06:37,088 [ERROR] AppliInfo:139 - Unknown STM32CubeMX version: 6.16.0
2025-12-12 23:06:37,089 [ERROR] AppliInfo:139 - Unknown STM32CubeMX version: 6.16.0
2025-12-12 23:06:37,091 [ERROR] AppliInfo:139 - Unknown STM32CubeMX version: 6.16.0
2025-12-12 23:06:37,091 [ERROR] AppliInfo:139 - Unknown STM32CubeMX version: 6.16.0
2025-12-12 23:06:37,093 [ERROR] AppliInfo:139 - Unknown STM32CubeMX version: 6.16.0
2025-12-12 23:06:37,094 [ERROR] AppliInfo:139 - Unknown STM32CubeMX version: 6.16.0
2025-12-12 23:06:37,094 [ERROR] AppliInfo:139 - Unknown STM32CubeMX version: 6.16.0
2025-12-12 23:06:37,095 [ERROR] AppliInfo:139 - Unknown STM32CubeMX version: 6.16.0
2025-12-12 23:06:37,095 [ERROR] AppliInfo:139 - Unknown STM32CubeMX version: 6.16.0
2025-12-12 23:06:37,096 [ERROR] AppliInfo:139 - Unknown STM32CubeMX version: 6.16.0
2025-12-12 23:06:37,097 [ERROR] AppliInfo:139 - Unknown STM32CubeMX version: 6.16.0
2025-12-12 23:06:37,097 [ERROR] AppliInfo:139 - Unknown STM32CubeMX version: 6.16.0
2025-12-12 23:06:37,098 [ERROR] AppliInfo:139 - Unknown STM32CubeMX version: 6.16.0
2025-12-12 23:06:37,101 [ERROR] AppliInfo:139 - Unknown STM32CubeMX version: 6.16.0
2025-12-12 23:06:37,102 [ERROR] AppliInfo:139 - Unknown STM32CubeMX version: 6.16.0
2025-12-12 23:06:37,102 [ERROR] AppliInfo:139 - Unknown STM32CubeMX version: 6.16.0
2025-12-12 23:06:37,102 [ERROR] AppliInfo:139 - Unknown STM32CubeMX version: 6.16.0
2025-12-12 23:06:37,241 [ERROR] AppliInfo:139 - Unknown STM32CubeMX version: 6.16.0
2025-12-12 23:06:37,268 [ERROR] AppliInfo:139 - Unknown STM32CubeMX version: 6.16.0
2025-12-12 23:06:37,268 [ERROR] AppliInfo:139 - Unknown STM32CubeMX version: 6.16.0
2025-12-12 23:06:37,268 [ERROR] AppliInfo:139 - Unknown STM32CubeMX version: 6.16.0
2025-12-12 23:06:37,269 [ERROR] AppliInfo:139 - Unknown STM32CubeMX version: 6.16.0
2025-12-12 23:06:37,269 [ERROR] AppliInfo:139 - Unknown STM32CubeMX version: 6.16.0
2025-12-12 23:06:37,269 [ERROR] AppliInfo:139 - Unknown STM32CubeMX version: 6.16.0
2025-12-12 23:06:37,287 [ERROR] AppliInfo:139 - Unknown STM32CubeMX version: 6.12.1
2025-12-12 23:06:37,287 [ERROR] AppliInfo:139 - Unknown STM32CubeMX version: 6.16.0
2025-12-12 23:06:37,287 [ERROR] AppliInfo:139 - Unknown STM32CubeMX version: 6.16.0
2025-12-12 23:06:37,287 [ERROR] AppliInfo:139 - Unknown STM32CubeMX version: 6.16.0
2025-12-12 23:06:37,287 [ERROR] AppliInfo:139 - Unknown STM32CubeMX version: 6.16.0
2025-12-12 23:06:37,287 [ERROR] AppliInfo:139 - Unknown STM32CubeMX version: 6.16.0
2025-12-12 23:06:37,288 [ERROR] AppliInfo:139 - Unknown STM32CubeMX version: 6.16.0
2025-12-12 23:06:37,288 [ERROR] AppliInfo:139 - Unknown STM32CubeMX version: 6.16.0
2025-12-12 23:06:37,288 [ERROR] AppliInfo:139 - Unknown STM32CubeMX version: 6.16.0
2025-12-12 23:06:37,288 [ERROR] AppliInfo:139 - Unknown STM32CubeMX version: 6.16.0
2025-12-12 23:06:37,288 [ERROR] AppliInfo:139 - Unknown STM32CubeMX version: 6.16.0
2025-12-12 23:06:37,288 [ERROR] AppliInfo:139 - Unknown STM32CubeMX version: 6.16.0
2025-12-12 23:06:37,288 [ERROR] AppliInfo:139 - Unknown STM32CubeMX version: 6.16.0
2025-12-12 23:06:37,288 [ERROR] AppliInfo:139 - Unknown STM32CubeMX version: 6.16.0
2025-12-12 23:06:37,288 [ERROR] AppliInfo:139 - Unknown STM32CubeMX version: 6.16.0
2025-12-12 23:06:37,289 [ERROR] AppliInfo:139 - Unknown STM32CubeMX version: 6.16.0
2025-12-12 23:06:37,289 [ERROR] AppliInfo:139 - Unknown STM32CubeMX version: 6.16.0
2025-12-12 23:06:37,289 [ERROR] AppliInfo:139 - Unknown STM32CubeMX version: 6.16.0
2025-12-12 23:06:37,289 [ERROR] AppliInfo:139 - Unknown STM32CubeMX version: 6.16.0
2025-12-12 23:06:37,289 [ERROR] AppliInfo:139 - Unknown STM32CubeMX version: 6.16.0
2025-12-12 23:06:37,289 [ERROR] AppliInfo:139 - Unknown STM32CubeMX version: 6.16.0
2025-12-12 23:06:37,293 [ERROR] AppliInfo:139 - Unknown STM32CubeMX version: 6.16.0
2025-12-12 23:06:37,293 [ERROR] AppliInfo:139 - Unknown STM32CubeMX version: 6.16.0
2025-12-12 23:06:37,293 [ERROR] AppliInfo:139 - Unknown STM32CubeMX version: 6.16.0
2025-12-12 23:06:37,293 [ERROR] AppliInfo:139 - Unknown STM32CubeMX version: 6.16.0
2025-12-12 23:06:37,294 [ERROR] AppliInfo:139 - Unknown STM32CubeMX version: 6.16.0
2025-12-12 23:06:37,294 [ERROR] AppliInfo:139 - Unknown STM32CubeMX version: 6.16.0
2025-12-12 23:06:37,294 [ERROR] AppliInfo:139 - Unknown STM32CubeMX version: 6.16.0
2025-12-12 23:06:37,294 [ERROR] AppliInfo:139 - Unknown STM32CubeMX version: 6.16.0
2025-12-12 23:06:37,294 [ERROR] AppliInfo:139 - Unknown STM32CubeMX version: 6.16.0
2025-12-12 23:06:37,294 [ERROR] AppliInfo:139 - Unknown STM32CubeMX version: 6.16.0
2025-12-12 23:06:37,294 [ERROR] AppliInfo:139 - Unknown STM32CubeMX version: 6.16.0
2025-12-12 23:06:37,294 [ERROR] AppliInfo:139 - Unknown STM32CubeMX version: 6.16.0
2025-12-12 23:06:37,294 [ERROR] AppliInfo:139 - Unknown STM32CubeMX version: 6.16.0
2025-12-12 23:06:37,295 [ERROR] AppliInfo:139 - Unknown STM32CubeMX version: 6.16.0
2025-12-12 23:06:37,295 [ERROR] AppliInfo:139 - Unknown STM32CubeMX version: 6.16.0
2025-12-12 23:06:37,295 [ERROR] AppliInfo:139 - Unknown STM32CubeMX version: 6.16.0
2025-12-12 23:06:37,295 [ERROR] AppliInfo:139 - Unknown STM32CubeMX version: 6.16.0
2025-12-12 23:06:37,295 [ERROR] AppliInfo:139 - Unknown STM32CubeMX version: 6.16.0
2025-12-12 23:06:37,295 [ERROR] AppliInfo:139 - Unknown STM32CubeMX version: 6.16.0
2025-12-12 23:06:37,295 [ERROR] AppliInfo:139 - Unknown STM32CubeMX version: 6.16.0
2025-12-12 23:06:37,295 [ERROR] AppliInfo:139 - Unknown STM32CubeMX version: 6.16.0
2025-12-12 23:06:37,298 [ERROR] AppliInfo:139 - Unknown STM32CubeMX version: 6.16.0
2025-12-12 23:06:37,298 [ERROR] AppliInfo:139 - Unknown STM32CubeMX version: 6.16.0
2025-12-12 23:06:37,299 [ERROR] AppliInfo:139 - Unknown STM32CubeMX version: 6.16.0
2025-12-12 23:06:37,299 [ERROR] AppliInfo:139 - Unknown STM32CubeMX version: 6.16.0
2025-12-12 23:06:37,299 [ERROR] AppliInfo:139 - Unknown STM32CubeMX version: 6.16.0
2025-12-12 23:06:37,299 [ERROR] AppliInfo:139 - Unknown STM32CubeMX version: 6.16.0
2025-12-12 23:06:37,299 [ERROR] AppliInfo:139 - Unknown STM32CubeMX version: 6.16.0
2025-12-12 23:06:37,299 [ERROR] AppliInfo:139 - Unknown STM32CubeMX version: 6.16.0
2025-12-12 23:06:37,299 [ERROR] AppliInfo:139 - Unknown STM32CubeMX version: 6.16.0
2025-12-12 23:06:37,299 [ERROR] AppliInfo:139 - Unknown STM32CubeMX version: 6.16.0
2025-12-12 23:06:37,299 [ERROR] AppliInfo:139 - Unknown STM32CubeMX version: 6.16.0
2025-12-12 23:06:37,299 [ERROR] AppliInfo:139 - Unknown STM32CubeMX version: 6.16.0
2025-12-12 23:06:37,300 [ERROR] AppliInfo:139 - Unknown STM32CubeMX version: 6.16.0
2025-12-12 23:06:37,300 [ERROR] AppliInfo:139 - Unknown STM32CubeMX version: 6.16.0
2025-12-12 23:06:37,300 [ERROR] AppliInfo:139 - Unknown STM32CubeMX version: 6.16.0
2025-12-12 23:06:37,300 [ERROR] AppliInfo:139 - Unknown STM32CubeMX version: 6.16.0
2025-12-12 23:06:37,300 [ERROR] AppliInfo:139 - Unknown STM32CubeMX version: 6.16.0
2025-12-12 23:06:37,300 [ERROR] AppliInfo:139 - Unknown STM32CubeMX version: 6.16.0
2025-12-12 23:06:37,300 [ERROR] AppliInfo:139 - Unknown STM32CubeMX version: 6.16.0
2025-12-12 23:06:37,300 [ERROR] AppliInfo:139 - Unknown STM32CubeMX version: 6.16.0
2025-12-12 23:06:37,300 [ERROR] AppliInfo:139 - Unknown STM32CubeMX version: 6.16.0
2025-12-12 23:06:37,307 [ERROR] AppliInfo:139 - Unknown STM32CubeMX version: 6.16.0
2025-12-12 23:06:37,307 [ERROR] AppliInfo:139 - Unknown STM32CubeMX version: 6.16.0
2025-12-12 23:06:37,307 [ERROR] AppliInfo:139 - Unknown STM32CubeMX version: 6.16.0
2025-12-12 23:06:37,307 [ERROR] AppliInfo:139 - Unknown STM32CubeMX version: 6.16.0
2025-12-12 23:06:37,307 [ERROR] AppliInfo:139 - Unknown STM32CubeMX version: 6.16.0
2025-12-12 23:06:37,307 [ERROR] AppliInfo:139 - Unknown STM32CubeMX version: 6.16.0
2025-12-12 23:06:37,307 [ERROR] AppliInfo:139 - Unknown STM32CubeMX version: 6.16.0
2025-12-12 23:06:37,307 [ERROR] AppliInfo:139 - Unknown STM32CubeMX version: 6.16.0
2025-12-12 23:06:37,307 [ERROR] AppliInfo:139 - Unknown STM32CubeMX version: 6.16.0
2025-12-12 23:06:37,308 [ERROR] AppliInfo:139 - Unknown STM32CubeMX version: 6.16.0
2025-12-12 23:06:37,308 [ERROR] AppliInfo:139 - Unknown STM32CubeMX version: 6.16.0
2025-12-12 23:06:37,308 [ERROR] AppliInfo:139 - Unknown STM32CubeMX version: 6.16.0
2025-12-12 23:06:37,308 [ERROR] AppliInfo:139 - Unknown STM32CubeMX version: 6.16.0
2025-12-12 23:06:37,309 [ERROR] AppliInfo:139 - Unknown STM32CubeMX version: 6.16.0
2025-12-12 23:06:37,309 [ERROR] AppliInfo:139 - Unknown STM32CubeMX version: 6.16.0
2025-12-12 23:06:37,309 [ERROR] AppliInfo:139 - Unknown STM32CubeMX version: 6.16.0
2025-12-12 23:06:37,310 [ERROR] AppliInfo:139 - Unknown STM32CubeMX version: 6.16.0
2025-12-12 23:06:37,310 [ERROR] AppliInfo:139 - Unknown STM32CubeMX version: 6.16.0
2025-12-12 23:06:37,310 [ERROR] AppliInfo:139 - Unknown STM32CubeMX version: 6.16.0
2025-12-12 23:06:37,310 [ERROR] AppliInfo:139 - Unknown STM32CubeMX version: 6.16.0
2025-12-12 23:06:37,310 [ERROR] AppliInfo:139 - Unknown STM32CubeMX version: 6.16.0
2025-12-12 23:06:37,310 [ERROR] AppliInfo:139 - Unknown STM32CubeMX version: 6.16.0
2025-12-12 23:06:37,310 [ERROR] AppliInfo:139 - Unknown STM32CubeMX version: 6.16.0
2025-12-12 23:06:37,312 [ERROR] AppliInfo:139 - Unknown STM32CubeMX version: 6.16.0
2025-12-12 23:06:37,312 [ERROR] AppliInfo:139 - Unknown STM32CubeMX version: 6.16.0
2025-12-12 23:06:37,313 [ERROR] AppliInfo:139 - Unknown STM32CubeMX version: 6.16.0
2025-12-12 23:06:37,313 [ERROR] AppliInfo:139 - Unknown STM32CubeMX version: 6.16.0
2025-12-12 23:06:37,313 [ERROR] AppliInfo:139 - Unknown STM32CubeMX version: 6.16.0
2025-12-12 23:06:37,313 [ERROR] AppliInfo:139 - Unknown STM32CubeMX version: 6.16.0
2025-12-12 23:06:37,313 [ERROR] AppliInfo:139 - Unknown STM32CubeMX version: 6.16.0
2025-12-12 23:06:37,313 [ERROR] AppliInfo:139 - Unknown STM32CubeMX version: 6.16.0
2025-12-12 23:06:37,313 [ERROR] AppliInfo:139 - Unknown STM32CubeMX version: 6.16.0
2025-12-12 23:06:37,313 [ERROR] AppliInfo:139 - Unknown STM32CubeMX version: 6.16.0
2025-12-12 23:06:37,314 [ERROR] AppliInfo:139 - Unknown STM32CubeMX version: 6.16.0
2025-12-12 23:06:37,314 [ERROR] AppliInfo:139 - Unknown STM32CubeMX version: 6.16.0
2025-12-12 23:06:37,314 [ERROR] AppliInfo:139 - Unknown STM32CubeMX version: 6.16.0
2025-12-12 23:06:37,314 [ERROR] AppliInfo:139 - Unknown STM32CubeMX version: 6.16.0
2025-12-12 23:06:37,314 [ERROR] AppliInfo:139 - Unknown STM32CubeMX version: 6.16.0
2025-12-12 23:06:37,314 [ERROR] AppliInfo:139 - Unknown STM32CubeMX version: 6.16.0
2025-12-12 23:06:37,314 [ERROR] AppliInfo:139 - Unknown STM32CubeMX version: 6.16.0
2025-12-12 23:06:37,315 [ERROR] AppliInfo:139 - Unknown STM32CubeMX version: 6.16.0
2025-12-12 23:06:37,315 [ERROR] AppliInfo:139 - Unknown STM32CubeMX version: 6.16.0
2025-12-12 23:06:37,315 [ERROR] AppliInfo:139 - Unknown STM32CubeMX version: 6.16.0
2025-12-12 23:06:37,315 [ERROR] AppliInfo:139 - Unknown STM32CubeMX version: 6.16.0
2025-12-12 23:06:37,316 [ERROR] AppliInfo:139 - Unknown STM32CubeMX version: 6.16.0
2025-12-12 23:06:37,316 [ERROR] AppliInfo:139 - Unknown STM32CubeMX version: 6.16.0
2025-12-12 23:06:37,316 [ERROR] AppliInfo:139 - Unknown STM32CubeMX version: 6.16.0
2025-12-12 23:06:37,317 [ERROR] AppliInfo:139 - Unknown STM32CubeMX version: 6.16.0
2025-12-12 23:06:37,317 [ERROR] AppliInfo:139 - Unknown STM32CubeMX version: 6.16.0
2025-12-12 23:06:37,317 [ERROR] AppliInfo:139 - Unknown STM32CubeMX version: 6.16.0
2025-12-12 23:06:37,317 [ERROR] AppliInfo:139 - Unknown STM32CubeMX version: 6.16.0
2025-12-12 23:06:37,317 [ERROR] AppliInfo:139 - Unknown STM32CubeMX version: 6.16.0
2025-12-12 23:06:37,317 [ERROR] AppliInfo:139 - Unknown STM32CubeMX version: 6.16.0
2025-12-12 23:06:37,318 [ERROR] AppliInfo:139 - Unknown STM32CubeMX version: 6.16.0
2025-12-12 23:06:37,318 [ERROR] AppliInfo:139 - Unknown STM32CubeMX version: 6.16.0
2025-12-12 23:06:37,318 [ERROR] AppliInfo:139 - Unknown STM32CubeMX version: 6.16.0
2025-12-12 23:06:37,318 [ERROR] AppliInfo:139 - Unknown STM32CubeMX version: 6.16.0
2025-12-12 23:06:37,318 [ERROR] AppliInfo:139 - Unknown STM32CubeMX version: 6.16.0
2025-12-12 23:06:37,318 [ERROR] AppliInfo:139 - Unknown STM32CubeMX version: 6.16.0
2025-12-12 23:06:37,318 [ERROR] AppliInfo:139 - Unknown STM32CubeMX version: 6.16.0
2025-12-12 23:06:37,319 [ERROR] AppliInfo:139 - Unknown STM32CubeMX version: 6.16.0
2025-12-12 23:06:37,319 [ERROR] AppliInfo:139 - Unknown STM32CubeMX version: 6.16.0
2025-12-12 23:06:37,319 [ERROR] AppliInfo:139 - Unknown STM32CubeMX version: 6.16.0
2025-12-12 23:06:37,319 [ERROR] AppliInfo:139 - Unknown STM32CubeMX version: 6.16.0
2025-12-12 23:06:37,319 [ERROR] AppliInfo:139 - Unknown STM32CubeMX version: 6.16.0
2025-12-12 23:06:37,319 [ERROR] AppliInfo:139 - Unknown STM32CubeMX version: 6.16.0
2025-12-12 23:06:37,325 [ERROR] AppliInfo:139 - Unknown STM32CubeMX version: 6.16.0
2025-12-12 23:06:37,327 [ERROR] AppliInfo:139 - Unknown STM32CubeMX version: 6.16.0
2025-12-12 23:06:37,335 [ERROR] AppliInfo:139 - Unknown STM32CubeMX version: 6.16.0
2025-12-12 23:06:37,336 [ERROR] AppliInfo:139 - Unknown STM32CubeMX version: 6.16.0
2025-12-12 23:06:37,336 [ERROR] AppliInfo:139 - Unknown STM32CubeMX version: 6.16.0
2025-12-12 23:06:37,336 [ERROR] AppliInfo:139 - Unknown STM32CubeMX version: 6.16.0
2025-12-12 23:06:37,336 [ERROR] AppliInfo:139 - Unknown STM32CubeMX version: 6.16.0
2025-12-12 23:06:37,336 [ERROR] AppliInfo:139 - Unknown STM32CubeMX version: 6.16.0
2025-12-12 23:06:37,336 [ERROR] AppliInfo:139 - Unknown STM32CubeMX version: 6.16.0
2025-12-12 23:06:37,337 [ERROR] AppliInfo:139 - Unknown STM32CubeMX version: 6.16.0
2025-12-12 23:06:37,337 [ERROR] AppliInfo:139 - Unknown STM32CubeMX version: 6.16.0
2025-12-12 23:06:37,337 [ERROR] AppliInfo:139 - Unknown STM32CubeMX version: 6.16.0
2025-12-12 23:06:37,337 [ERROR] AppliInfo:139 - Unknown STM32CubeMX version: 6.16.0
2025-12-12 23:06:37,337 [ERROR] AppliInfo:139 - Unknown STM32CubeMX version: 6.16.0
2025-12-12 23:06:37,337 [ERROR] AppliInfo:139 - Unknown STM32CubeMX version: 6.16.0
2025-12-12 23:06:37,337 [ERROR] AppliInfo:139 - Unknown STM32CubeMX version: 6.16.0
2025-12-12 23:06:37,338 [ERROR] AppliInfo:139 - Unknown STM32CubeMX version: 6.16.0
2025-12-12 23:06:37,338 [ERROR] AppliInfo:139 - Unknown STM32CubeMX version: 6.16.0
2025-12-12 23:06:37,338 [ERROR] AppliInfo:139 - Unknown STM32CubeMX version: 6.16.0
2025-12-12 23:06:37,338 [ERROR] AppliInfo:139 - Unknown STM32CubeMX version: 6.16.0
2025-12-12 23:06:37,338 [ERROR] AppliInfo:139 - Unknown STM32CubeMX version: 6.16.0
2025-12-12 23:06:37,338 [ERROR] AppliInfo:139 - Unknown STM32CubeMX version: 6.16.0
2025-12-12 23:06:37,338 [ERROR] AppliInfo:139 - Unknown STM32CubeMX version: 6.16.0
2025-12-12 23:06:37,339 [ERROR] AppliInfo:139 - Unknown STM32CubeMX version: 6.16.0
2025-12-12 23:06:37,339 [ERROR] AppliInfo:139 - Unknown STM32CubeMX version: 6.16.0
2025-12-12 23:06:37,339 [ERROR] AppliInfo:139 - Unknown STM32CubeMX version: 6.16.0
2025-12-12 23:06:37,339 [ERROR] AppliInfo:139 - Unknown STM32CubeMX version: 6.16.0
2025-12-12 23:06:37,339 [ERROR] AppliInfo:139 - Unknown STM32CubeMX version: 6.16.0
2025-12-12 23:06:37,339 [ERROR] AppliInfo:139 - Unknown STM32CubeMX version: 6.16.0
2025-12-12 23:06:37,340 [ERROR] AppliInfo:139 - Unknown STM32CubeMX version: 6.16.0
2025-12-12 23:06:37,340 [ERROR] AppliInfo:139 - Unknown STM32CubeMX version: 6.16.0
2025-12-12 23:06:37,340 [ERROR] AppliInfo:139 - Unknown STM32CubeMX version: 6.16.0
2025-12-12 23:06:37,340 [ERROR] AppliInfo:139 - Unknown STM32CubeMX version: 6.16.0
2025-12-12 23:06:37,340 [ERROR] AppliInfo:139 - Unknown STM32CubeMX version: 6.16.0
2025-12-12 23:06:37,340 [ERROR] AppliInfo:139 - Unknown STM32CubeMX version: 6.16.0
2025-12-12 23:06:37,341 [ERROR] AppliInfo:139 - Unknown STM32CubeMX version: 6.16.0
2025-12-12 23:06:37,341 [ERROR] AppliInfo:139 - Unknown STM32CubeMX version: 6.16.0
2025-12-12 23:06:37,342 [ERROR] AppliInfo:139 - Unknown STM32CubeMX version: 6.16.0
2025-12-12 23:06:37,342 [ERROR] AppliInfo:139 - Unknown STM32CubeMX version: 6.16.0
2025-12-12 23:06:37,342 [ERROR] AppliInfo:139 - Unknown STM32CubeMX version: 6.16.0
2025-12-12 23:06:37,342 [ERROR] AppliInfo:139 - Unknown STM32CubeMX version: 6.16.0
2025-12-12 23:06:37,342 [ERROR] AppliInfo:139 - Unknown STM32CubeMX version: 6.16.0
2025-12-12 23:06:37,342 [ERROR] AppliInfo:139 - Unknown STM32CubeMX version: 6.16.0
2025-12-12 23:06:37,342 [ERROR] AppliInfo:139 - Unknown STM32CubeMX version: 6.16.0
2025-12-12 23:06:37,342 [ERROR] AppliInfo:139 - Unknown STM32CubeMX version: 6.16.0
2025-12-12 23:06:37,343 [ERROR] AppliInfo:139 - Unknown STM32CubeMX version: 6.16.0
2025-12-12 23:06:37,343 [ERROR] AppliInfo:139 - Unknown STM32CubeMX version: 6.16.0
2025-12-12 23:06:37,343 [ERROR] AppliInfo:139 - Unknown STM32CubeMX version: 6.16.0
2025-12-12 23:06:37,343 [ERROR] AppliInfo:139 - Unknown STM32CubeMX version: 6.16.0
2025-12-12 23:06:37,343 [ERROR] AppliInfo:139 - Unknown STM32CubeMX version: 6.16.0
2025-12-12 23:06:37,343 [ERROR] AppliInfo:139 - Unknown STM32CubeMX version: 6.16.0
2025-12-12 23:06:37,343 [ERROR] AppliInfo:139 - Unknown STM32CubeMX version: 6.16.0
2025-12-12 23:06:37,344 [ERROR] AppliInfo:139 - Unknown STM32CubeMX version: 6.16.0
2025-12-12 23:06:37,344 [ERROR] AppliInfo:139 - Unknown STM32CubeMX version: 6.16.0
2025-12-12 23:06:37,344 [ERROR] AppliInfo:139 - Unknown STM32CubeMX version: 6.16.0
2025-12-12 23:06:37,344 [ERROR] AppliInfo:139 - Unknown STM32CubeMX version: 6.16.0
2025-12-12 23:06:37,344 [ERROR] AppliInfo:139 - Unknown STM32CubeMX version: 6.16.0
2025-12-12 23:06:37,345 [ERROR] AppliInfo:139 - Unknown STM32CubeMX version: 6.16.0
2025-12-12 23:06:37,345 [ERROR] AppliInfo:139 - Unknown STM32CubeMX version: 6.16.0
2025-12-12 23:06:37,345 [ERROR] AppliInfo:139 - Unknown STM32CubeMX version: 6.16.0
2025-12-12 23:06:37,345 [ERROR] AppliInfo:139 - Unknown STM32CubeMX version: 6.16.0
2025-12-12 23:06:37,345 [ERROR] AppliInfo:139 - Unknown STM32CubeMX version: 6.16.0
2025-12-12 23:06:37,345 [ERROR] AppliInfo:139 - Unknown STM32CubeMX version: 6.16.0
2025-12-12 23:06:37,345 [ERROR] AppliInfo:139 - Unknown STM32CubeMX version: 6.16.0
2025-12-12 23:06:37,347 [ERROR] AppliInfo:139 - Unknown STM32CubeMX version: 6.16.0
2025-12-12 23:06:37,347 [ERROR] AppliInfo:139 - Unknown STM32CubeMX version: 6.16.0
2025-12-12 23:06:37,347 [ERROR] AppliInfo:139 - Unknown STM32CubeMX version: 6.16.0
2025-12-12 23:06:37,347 [ERROR] AppliInfo:139 - Unknown STM32CubeMX version: 6.16.0
2025-12-12 23:06:37,347 [ERROR] AppliInfo:139 - Unknown STM32CubeMX version: 6.16.0
2025-12-12 23:06:37,347 [ERROR] AppliInfo:139 - Unknown STM32CubeMX version: 6.16.0
2025-12-12 23:06:37,348 [ERROR] AppliInfo:139 - Unknown STM32CubeMX version: 6.16.0
2025-12-12 23:06:37,348 [ERROR] AppliInfo:139 - Unknown STM32CubeMX version: 6.16.0
2025-12-12 23:06:37,348 [ERROR] AppliInfo:139 - Unknown STM32CubeMX version: 6.16.0
2025-12-12 23:06:37,348 [ERROR] AppliInfo:139 - Unknown STM32CubeMX version: 6.16.0
2025-12-12 23:06:37,348 [ERROR] AppliInfo:139 - Unknown STM32CubeMX version: 6.16.0
2025-12-12 23:06:37,349 [ERROR] AppliInfo:139 - Unknown STM32CubeMX version: 6.16.0
2025-12-12 23:06:37,349 [ERROR] AppliInfo:139 - Unknown STM32CubeMX version: 6.16.0
2025-12-12 23:06:37,349 [ERROR] AppliInfo:139 - Unknown STM32CubeMX version: 6.16.0
2025-12-12 23:06:37,349 [ERROR] AppliInfo:139 - Unknown STM32CubeMX version: 6.16.0
2025-12-12 23:06:37,349 [ERROR] AppliInfo:139 - Unknown STM32CubeMX version: 6.16.0
2025-12-12 23:06:37,349 [ERROR] AppliInfo:139 - Unknown STM32CubeMX version: 6.16.0
2025-12-12 23:06:37,349 [ERROR] AppliInfo:139 - Unknown STM32CubeMX version: 6.16.0
2025-12-12 23:06:37,350 [ERROR] AppliInfo:139 - Unknown STM32CubeMX version: 6.16.0
2025-12-12 23:06:37,350 [ERROR] AppliInfo:139 - Unknown STM32CubeMX version: 6.16.0
2025-12-12 23:06:37,350 [ERROR] AppliInfo:139 - Unknown STM32CubeMX version: 6.16.0
2025-12-12 23:06:37,350 [ERROR] AppliInfo:139 - Unknown STM32CubeMX version: 6.16.0
2025-12-12 23:06:37,350 [ERROR] AppliInfo:139 - Unknown STM32CubeMX version: 6.16.0
2025-12-12 23:06:37,350 [ERROR] AppliInfo:139 - Unknown STM32CubeMX version: 6.16.0
2025-12-12 23:06:37,353 [ERROR] AppliInfo:139 - Unknown STM32CubeMX version: 6.16.0
2025-12-12 23:06:37,353 [ERROR] AppliInfo:139 - Unknown STM32CubeMX version: 6.16.0
2025-12-12 23:06:37,353 [ERROR] AppliInfo:139 - Unknown STM32CubeMX version: 6.16.0
2025-12-12 23:06:37,353 [ERROR] AppliInfo:139 - Unknown STM32CubeMX version: 6.16.0
2025-12-12 23:06:37,353 [ERROR] AppliInfo:139 - Unknown STM32CubeMX version: 6.16.0
2025-12-12 23:06:37,353 [ERROR] AppliInfo:139 - Unknown STM32CubeMX version: 6.16.0
2025-12-12 23:06:37,354 [ERROR] AppliInfo:139 - Unknown STM32CubeMX version: 6.16.0
2025-12-12 23:06:37,354 [ERROR] AppliInfo:139 - Unknown STM32CubeMX version: 6.16.0
2025-12-12 23:06:37,354 [ERROR] AppliInfo:139 - Unknown STM32CubeMX version: 6.16.0
2025-12-12 23:06:37,354 [ERROR] AppliInfo:139 - Unknown STM32CubeMX version: 6.16.0
2025-12-12 23:06:37,354 [ERROR] AppliInfo:139 - Unknown STM32CubeMX version: 6.16.0
2025-12-12 23:06:37,354 [ERROR] AppliInfo:139 - Unknown STM32CubeMX version: 6.16.0
2025-12-12 23:06:37,354 [ERROR] AppliInfo:139 - Unknown STM32CubeMX version: 6.16.0
2025-12-12 23:06:37,355 [ERROR] AppliInfo:139 - Unknown STM32CubeMX version: 6.16.0
2025-12-12 23:06:37,355 [ERROR] AppliInfo:139 - Unknown STM32CubeMX version: 6.16.0
2025-12-12 23:06:37,356 [ERROR] AppliInfo:139 - Unknown STM32CubeMX version: 6.16.0
2025-12-12 23:06:37,356 [ERROR] AppliInfo:139 - Unknown STM32CubeMX version: 6.16.0
2025-12-12 23:06:37,357 [ERROR] AppliInfo:139 - Unknown STM32CubeMX version: 6.16.0
2025-12-12 23:06:37,358 [ERROR] AppliInfo:139 - Unknown STM32CubeMX version: 6.16.0
2025-12-12 23:06:37,358 [ERROR] AppliInfo:139 - Unknown STM32CubeMX version: 6.16.0
2025-12-12 23:06:37,358 [ERROR] AppliInfo:139 - Unknown STM32CubeMX version: 6.16.0
2025-12-12 23:06:37,359 [ERROR] AppliInfo:139 - Unknown STM32CubeMX version: 6.16.0
2025-12-12 23:06:37,359 [ERROR] AppliInfo:139 - Unknown STM32CubeMX version: 6.16.0
2025-12-12 23:06:37,359 [ERROR] AppliInfo:139 - Unknown STM32CubeMX version: 6.16.0
2025-12-12 23:06:37,359 [ERROR] AppliInfo:139 - Unknown STM32CubeMX version: 6.16.0
2025-12-12 23:06:37,359 [ERROR] AppliInfo:139 - Unknown STM32CubeMX version: 6.16.0
2025-12-12 23:06:37,359 [ERROR] AppliInfo:139 - Unknown STM32CubeMX version: 6.16.0
2025-12-12 23:06:37,360 [ERROR] AppliInfo:139 - Unknown STM32CubeMX version: 6.16.0
2025-12-12 23:06:37,360 [ERROR] AppliInfo:139 - Unknown STM32CubeMX version: 6.16.0
2025-12-12 23:06:37,360 [ERROR] AppliInfo:139 - Unknown STM32CubeMX version: 6.16.0
2025-12-12 23:06:37,360 [ERROR] AppliInfo:139 - Unknown STM32CubeMX version: 6.16.0
2025-12-12 23:06:37,360 [ERROR] AppliInfo:139 - Unknown STM32CubeMX version: 6.16.0
2025-12-12 23:06:37,360 [ERROR] AppliInfo:139 - Unknown STM32CubeMX version: 6.16.0
2025-12-12 23:06:37,360 [ERROR] AppliInfo:139 - Unknown STM32CubeMX version: 6.16.0
2025-12-12 23:06:37,360 [ERROR] AppliInfo:139 - Unknown STM32CubeMX version: 6.16.0
2025-12-12 23:06:37,361 [ERROR] AppliInfo:139 - Unknown STM32CubeMX version: 6.16.0
2025-12-12 23:06:37,361 [ERROR] AppliInfo:139 - Unknown STM32CubeMX version: 6.16.0
2025-12-12 23:06:37,361 [ERROR] AppliInfo:139 - Unknown STM32CubeMX version: 6.16.0
2025-12-12 23:06:37,361 [ERROR] AppliInfo:139 - Unknown STM32CubeMX version: 6.16.0
2025-12-12 23:06:37,362 [ERROR] AppliInfo:139 - Unknown STM32CubeMX version: 6.16.0
2025-12-12 23:06:37,385 [ERROR] AppliInfo:139 - Unknown STM32CubeMX version: 6.16.0
2025-12-12 23:06:37,385 [ERROR] AppliInfo:139 - Unknown STM32CubeMX version: 6.16.0
2025-12-12 23:06:37,385 [ERROR] AppliInfo:139 - Unknown STM32CubeMX version: 6.16.0
2025-12-12 23:06:37,385 [ERROR] AppliInfo:139 - Unknown STM32CubeMX version: 6.16.0
2025-12-12 23:06:37,385 [ERROR] AppliInfo:139 - Unknown STM32CubeMX version: 6.16.0
2025-12-12 23:06:37,386 [ERROR] AppliInfo:139 - Unknown STM32CubeMX version: 6.16.0
2025-12-12 23:06:37,386 [ERROR] AppliInfo:139 - Unknown STM32CubeMX version: 6.16.0
2025-12-12 23:06:37,386 [ERROR] AppliInfo:139 - Unknown STM32CubeMX version: 6.16.0
2025-12-12 23:06:37,386 [ERROR] AppliInfo:139 - Unknown STM32CubeMX version: 6.16.0
2025-12-12 23:06:37,386 [ERROR] AppliInfo:139 - Unknown STM32CubeMX version: 6.16.0
2025-12-12 23:06:37,386 [ERROR] AppliInfo:139 - Unknown STM32CubeMX version: 6.16.0
2025-12-12 23:06:37,387 [ERROR] AppliInfo:139 - Unknown STM32CubeMX version: 6.16.0
2025-12-12 23:06:37,387 [ERROR] AppliInfo:139 - Unknown STM32CubeMX version: 6.16.0
2025-12-12 23:06:37,387 [ERROR] AppliInfo:139 - Unknown STM32CubeMX version: 6.16.0
2025-12-12 23:06:37,387 [ERROR] AppliInfo:139 - Unknown STM32CubeMX version: 6.16.0
2025-12-12 23:06:37,387 [ERROR] AppliInfo:139 - Unknown STM32CubeMX version: 6.16.0
2025-12-12 23:06:37,388 [ERROR] AppliInfo:139 - Unknown STM32CubeMX version: 6.16.0
2025-12-12 23:06:37,388 [ERROR] AppliInfo:139 - Unknown STM32CubeMX version: 6.16.0
2025-12-12 23:06:37,388 [ERROR] AppliInfo:139 - Unknown STM32CubeMX version: 6.16.0
2025-12-12 23:06:37,414 [ERROR] AppliInfo:139 - Unknown STM32CubeMX version: 6.16.0
2025-12-12 23:06:37,414 [ERROR] AppliInfo:139 - Unknown STM32CubeMX version: 6.16.0
2025-12-12 23:06:37,414 [ERROR] AppliInfo:139 - Unknown STM32CubeMX version: 6.16.0
2025-12-12 23:06:37,414 [ERROR] AppliInfo:139 - Unknown STM32CubeMX version: 6.16.0
2025-12-12 23:06:37,414 [ERROR] AppliInfo:139 - Unknown STM32CubeMX version: 6.16.0
2025-12-12 23:06:37,414 [ERROR] AppliInfo:139 - Unknown STM32CubeMX version: 6.16.0
2025-12-12 23:06:37,415 [ERROR] AppliInfo:139 - Unknown STM32CubeMX version: 6.16.0
2025-12-12 23:06:37,415 [ERROR] AppliInfo:139 - Unknown STM32CubeMX version: 6.16.0
2025-12-12 23:06:37,415 [ERROR] AppliInfo:139 - Unknown STM32CubeMX version: 6.16.0
2025-12-12 23:06:37,415 [ERROR] AppliInfo:139 - Unknown STM32CubeMX version: 6.16.0
2025-12-12 23:06:37,415 [ERROR] AppliInfo:139 - Unknown STM32CubeMX version: 6.16.0
2025-12-12 23:06:37,416 [ERROR] AppliInfo:139 - Unknown STM32CubeMX version: 6.16.0
2025-12-12 23:06:37,416 [ERROR] AppliInfo:139 - Unknown STM32CubeMX version: 6.16.0
2025-12-12 23:06:37,427 [ERROR] AppliInfo:139 - Unknown STM32CubeMX version: 6.16.0
2025-12-12 23:06:37,428 [ERROR] AppliInfo:139 - Unknown STM32CubeMX version: 6.16.0
2025-12-12 23:06:37,428 [ERROR] AppliInfo:139 - Unknown STM32CubeMX version: 6.16.0
2025-12-12 23:06:37,439 [ERROR] AppliInfo:139 - Unknown STM32CubeMX version: 6.16.0
2025-12-12 23:06:37,439 [ERROR] AppliInfo:139 - Unknown STM32CubeMX version: 6.16.0
2025-12-12 23:06:37,439 [ERROR] AppliInfo:139 - Unknown STM32CubeMX version: 6.16.0
2025-12-12 23:06:37,440 [ERROR] AppliInfo:139 - Unknown STM32CubeMX version: 6.16.0
2025-12-12 23:06:37,440 [ERROR] AppliInfo:139 - Unknown STM32CubeMX version: 6.16.0
2025-12-12 23:06:37,440 [ERROR] AppliInfo:139 - Unknown STM32CubeMX version: 6.16.0
2025-12-12 23:06:37,440 [ERROR] AppliInfo:139 - Unknown STM32CubeMX version: 6.16.0
2025-12-12 23:06:37,440 [ERROR] AppliInfo:139 - Unknown STM32CubeMX version: 6.16.0
2025-12-12 23:06:37,440 [ERROR] AppliInfo:139 - Unknown STM32CubeMX version: 6.16.0
2025-12-12 23:06:37,441 [ERROR] AppliInfo:139 - Unknown STM32CubeMX version: 6.16.0
2025-12-12 23:06:37,441 [ERROR] AppliInfo:139 - Unknown STM32CubeMX version: 6.16.0
2025-12-12 23:06:37,442 [ERROR] AppliInfo:139 - Unknown STM32CubeMX version: 6.16.0
2025-12-12 23:06:37,442 [ERROR] AppliInfo:139 - Unknown STM32CubeMX version: 6.16.0
2025-12-12 23:06:37,442 [ERROR] AppliInfo:139 - Unknown STM32CubeMX version: 6.16.0
2025-12-12 23:06:37,442 [ERROR] AppliInfo:139 - Unknown STM32CubeMX version: 6.16.0
2025-12-12 23:06:37,442 [ERROR] AppliInfo:139 - Unknown STM32CubeMX version: 6.16.0
2025-12-12 23:06:37,442 [ERROR] AppliInfo:139 - Unknown STM32CubeMX version: 6.16.0
2025-12-12 23:06:37,442 [ERROR] AppliInfo:139 - Unknown STM32CubeMX version: 6.16.0
2025-12-12 23:06:37,443 [ERROR] AppliInfo:139 - Unknown STM32CubeMX version: 6.16.0
2025-12-12 23:06:37,443 [ERROR] AppliInfo:139 - Unknown STM32CubeMX version: 6.16.0
2025-12-12 23:06:37,444 [ERROR] AppliInfo:139 - Unknown STM32CubeMX version: 6.16.0
2025-12-12 23:06:37,444 [ERROR] AppliInfo:139 - Unknown STM32CubeMX version: 6.16.0
2025-12-12 23:06:37,444 [ERROR] AppliInfo:139 - Unknown STM32CubeMX version: 6.16.0
2025-12-12 23:06:37,444 [ERROR] AppliInfo:139 - Unknown STM32CubeMX version: 6.16.0
2025-12-12 23:06:37,444 [ERROR] AppliInfo:139 - Unknown STM32CubeMX version: 6.16.0
2025-12-12 23:06:37,444 [ERROR] AppliInfo:139 - Unknown STM32CubeMX version: 6.16.0
2025-12-12 23:06:37,444 [ERROR] AppliInfo:139 - Unknown STM32CubeMX version: 6.16.0
2025-12-12 23:06:37,445 [ERROR] AppliInfo:139 - Unknown STM32CubeMX version: 6.16.0
2025-12-12 23:06:37,445 [ERROR] AppliInfo:139 - Unknown STM32CubeMX version: 6.16.0
2025-12-12 23:06:37,445 [ERROR] AppliInfo:139 - Unknown STM32CubeMX version: 6.16.0
2025-12-12 23:06:37,445 [ERROR] AppliInfo:139 - Unknown STM32CubeMX version: 6.16.0
2025-12-12 23:06:37,445 [ERROR] AppliInfo:139 - Unknown STM32CubeMX version: 6.16.0
2025-12-12 23:06:37,445 [ERROR] AppliInfo:139 - Unknown STM32CubeMX version: 6.16.0
2025-12-12 23:06:37,446 [ERROR] AppliInfo:139 - Unknown STM32CubeMX version: 6.16.0
2025-12-12 23:06:37,446 [ERROR] AppliInfo:139 - Unknown STM32CubeMX version: 6.16.0
2025-12-12 23:06:37,446 [ERROR] AppliInfo:139 - Unknown STM32CubeMX version: 6.16.0
2025-12-12 23:06:37,446 [ERROR] AppliInfo:139 - Unknown STM32CubeMX version: 6.16.0
2025-12-12 23:06:37,446 [ERROR] AppliInfo:139 - Unknown STM32CubeMX version: 6.16.0
2025-12-12 23:06:37,446 [ERROR] AppliInfo:139 - Unknown STM32CubeMX version: 6.16.0
2025-12-12 23:06:37,446 [ERROR] AppliInfo:139 - Unknown STM32CubeMX version: 6.16.0
2025-12-12 23:06:37,447 [ERROR] AppliInfo:139 - Unknown STM32CubeMX version: 6.16.0
2025-12-12 23:06:37,447 [ERROR] AppliInfo:139 - Unknown STM32CubeMX version: 6.16.0
2025-12-12 23:06:37,447 [ERROR] AppliInfo:139 - Unknown STM32CubeMX version: 6.16.0
2025-12-12 23:06:37,447 [ERROR] AppliInfo:139 - Unknown STM32CubeMX version: 6.16.0
2025-12-12 23:06:37,447 [ERROR] AppliInfo:139 - Unknown STM32CubeMX version: 6.16.0
2025-12-12 23:06:37,447 [ERROR] AppliInfo:139 - Unknown STM32CubeMX version: 6.16.0
2025-12-12 23:06:37,448 [ERROR] AppliInfo:139 - Unknown STM32CubeMX version: 6.16.0
2025-12-12 23:06:37,448 [ERROR] AppliInfo:139 - Unknown STM32CubeMX version: 6.16.0
2025-12-12 23:06:37,448 [ERROR] AppliInfo:139 - Unknown STM32CubeMX version: 6.16.0
2025-12-12 23:06:37,448 [ERROR] AppliInfo:139 - Unknown STM32CubeMX version: 6.16.0
2025-12-12 23:06:37,448 [ERROR] AppliInfo:139 - Unknown STM32CubeMX version: 6.16.0
2025-12-12 23:06:37,448 [ERROR] AppliInfo:139 - Unknown STM32CubeMX version: 6.16.0
2025-12-12 23:06:37,449 [ERROR] AppliInfo:139 - Unknown STM32CubeMX version: 6.16.0
2025-12-12 23:06:37,449 [ERROR] AppliInfo:139 - Unknown STM32CubeMX version: 6.16.0
2025-12-12 23:06:37,449 [ERROR] AppliInfo:139 - Unknown STM32CubeMX version: 6.16.0
2025-12-12 23:06:37,449 [ERROR] AppliInfo:139 - Unknown STM32CubeMX version: 6.16.0
2025-12-12 23:06:37,449 [ERROR] AppliInfo:139 - Unknown STM32CubeMX version: 6.16.0
2025-12-12 23:06:37,449 [ERROR] AppliInfo:139 - Unknown STM32CubeMX version: 6.16.0
2025-12-12 23:06:37,449 [ERROR] AppliInfo:139 - Unknown STM32CubeMX version: 6.16.0
2025-12-12 23:06:37,450 [ERROR] AppliInfo:139 - Unknown STM32CubeMX version: 6.16.0
2025-12-12 23:06:37,565 [ERROR] LogOutputStream:75 - [STDERR_REDIRECT] [Fatal Error] :1:1: Premature end of file.
2025-12-12 23:06:37,565 [ERROR] LogOutputStream:75 - [STDERR_REDIRECT] 
2025-12-12 23:06:37,980 [ERROR] AppliInfo:139 - Unknown STM32CubeMX version: 6.16.0
2025-12-12 23:06:37,980 [ERROR] AppliInfo:139 - Unknown STM32CubeMX version: 6.16.0
2025-12-12 23:06:37,980 [ERROR] AppliInfo:139 - Unknown STM32CubeMX version: 6.16.0
2025-12-12 23:06:37,980 [ERROR] AppliInfo:139 - Unknown STM32CubeMX version: 6.16.0
2025-12-12 23:06:37,981 [ERROR] AppliInfo:139 - Unknown STM32CubeMX version: 6.16.0
2025-12-12 23:06:37,987 [ERROR] AppliInfo:139 - Unknown STM32CubeMX version: 6.16.0
2025-12-12 23:06:37,987 [ERROR] AppliInfo:139 - Unknown STM32CubeMX version: 6.16.0
2025-12-12 23:06:37,988 [ERROR] AppliInfo:139 - Unknown STM32CubeMX version: 6.16.0
2025-12-12 23:06:38,085 [ERROR] AppliInfo:139 - Unknown STM32CubeMX version: 6.16.0
2025-12-12 23:06:38,093 [ERROR] AppliInfo:139 - Unknown STM32CubeMX version: 6.16.0
2025-12-12 23:06:38,093 [ERROR] AppliInfo:139 - Unknown STM32CubeMX version: 6.16.0
2025-12-12 23:06:38,093 [ERROR] AppliInfo:139 - Unknown STM32CubeMX version: 6.16.0
2025-12-12 23:06:38,093 [ERROR] AppliInfo:139 - Unknown STM32CubeMX version: 6.16.0
2025-12-12 23:06:38,093 [ERROR] AppliInfo:139 - Unknown STM32CubeMX version: 6.16.0
2025-12-12 23:06:38,093 [ERROR] AppliInfo:139 - Unknown STM32CubeMX version: 6.16.0
2025-12-12 23:06:38,093 [ERROR] AppliInfo:139 - Unknown STM32CubeMX version: 6.16.0
2025-12-12 23:06:38,094 [ERROR] AppliInfo:139 - Unknown STM32CubeMX version: 6.16.0
2025-12-12 23:06:38,094 [ERROR] AppliInfo:139 - Unknown STM32CubeMX version: 6.16.0
2025-12-12 23:06:38,094 [ERROR] AppliInfo:139 - Unknown STM32CubeMX version: 6.16.0
2025-12-12 23:06:38,094 [ERROR] AppliInfo:139 - Unknown STM32CubeMX version: 6.16.0
2025-12-12 23:06:38,094 [ERROR] AppliInfo:139 - Unknown STM32CubeMX version: 6.16.0
2025-12-12 23:06:38,095 [ERROR] AppliInfo:139 - Unknown STM32CubeMX version: 6.16.0
2025-12-12 23:06:38,095 [ERROR] AppliInfo:139 - Unknown STM32CubeMX version: 6.16.0
2025-12-12 23:06:38,095 [ERROR] AppliInfo:139 - Unknown STM32CubeMX version: 6.16.0
2025-12-12 23:06:38,095 [ERROR] AppliInfo:139 - Unknown STM32CubeMX version: 6.16.0
2025-12-12 23:06:38,096 [ERROR] AppliInfo:139 - Unknown STM32CubeMX version: 6.16.0
2025-12-12 23:06:38,097 [ERROR] AppliInfo:139 - Unknown STM32CubeMX version: 6.16.0
2025-12-12 23:06:38,097 [ERROR] AppliInfo:139 - Unknown STM32CubeMX version: 6.16.0
2025-12-12 23:06:38,097 [ERROR] AppliInfo:139 - Unknown STM32CubeMX version: 6.16.0
2025-12-12 23:06:38,097 [ERROR] AppliInfo:139 - Unknown STM32CubeMX version: 6.16.0
2025-12-12 23:06:38,097 [ERROR] AppliInfo:139 - Unknown STM32CubeMX version: 6.16.0
2025-12-12 23:06:38,098 [ERROR] AppliInfo:139 - Unknown STM32CubeMX version: 6.16.0
2025-12-12 23:06:38,098 [ERROR] AppliInfo:139 - Unknown STM32CubeMX version: 6.16.0
2025-12-12 23:06:38,098 [ERROR] AppliInfo:139 - Unknown STM32CubeMX version: 6.16.0
2025-12-12 23:06:38,099 [ERROR] AppliInfo:139 - Unknown STM32CubeMX version: 6.16.0
2025-12-12 23:06:38,099 [ERROR] AppliInfo:139 - Unknown STM32CubeMX version: 6.16.0
2025-12-12 23:06:38,099 [ERROR] AppliInfo:139 - Unknown STM32CubeMX version: 6.16.0
2025-12-12 23:06:38,099 [ERROR] AppliInfo:139 - Unknown STM32CubeMX version: 6.16.0
2025-12-12 23:06:38,145 [ERROR] AppliInfo:139 - Unknown STM32CubeMX version: 6.16.0
2025-12-12 23:06:38,152 [ERROR] AppliInfo:139 - Unknown STM32CubeMX version: 6.16.0
2025-12-12 23:06:38,152 [ERROR] AppliInfo:139 - Unknown STM32CubeMX version: 6.16.0
2025-12-12 23:06:38,152 [ERROR] AppliInfo:139 - Unknown STM32CubeMX version: 6.16.0
2025-12-12 23:06:38,152 [ERROR] AppliInfo:139 - Unknown STM32CubeMX version: 6.16.0
2025-12-12 23:06:38,152 [ERROR] AppliInfo:139 - Unknown STM32CubeMX version: 6.16.0
2025-12-12 23:06:38,152 [ERROR] AppliInfo:139 - Unknown STM32CubeMX version: 6.16.0
2025-12-12 23:06:38,185 [ERROR] AppliInfo:139 - Unknown STM32CubeMX version: 6.12.1
2025-12-12 23:06:38,186 [ERROR] AppliInfo:139 - Unknown STM32CubeMX version: 6.16.0
2025-12-12 23:06:38,186 [ERROR] AppliInfo:139 - Unknown STM32CubeMX version: 6.16.0
2025-12-12 23:06:38,186 [ERROR] AppliInfo:139 - Unknown STM32CubeMX version: 6.16.0
2025-12-12 23:06:38,186 [ERROR] AppliInfo:139 - Unknown STM32CubeMX version: 6.16.0
2025-12-12 23:06:38,186 [ERROR] AppliInfo:139 - Unknown STM32CubeMX version: 6.16.0
2025-12-12 23:06:38,186 [ERROR] AppliInfo:139 - Unknown STM32CubeMX version: 6.16.0
2025-12-12 23:06:38,186 [ERROR] AppliInfo:139 - Unknown STM32CubeMX version: 6.16.0
2025-12-12 23:06:38,186 [ERROR] AppliInfo:139 - Unknown STM32CubeMX version: 6.16.0
2025-12-12 23:06:38,186 [ERROR] AppliInfo:139 - Unknown STM32CubeMX version: 6.16.0
2025-12-12 23:06:38,186 [ERROR] AppliInfo:139 - Unknown STM32CubeMX version: 6.16.0
2025-12-12 23:06:38,186 [ERROR] AppliInfo:139 - Unknown STM32CubeMX version: 6.16.0
2025-12-12 23:06:38,186 [ERROR] AppliInfo:139 - Unknown STM32CubeMX version: 6.16.0
2025-12-12 23:06:38,187 [ERROR] AppliInfo:139 - Unknown STM32CubeMX version: 6.16.0
2025-12-12 23:06:38,187 [ERROR] AppliInfo:139 - Unknown STM32CubeMX version: 6.16.0
2025-12-12 23:06:38,187 [ERROR] AppliInfo:139 - Unknown STM32CubeMX version: 6.16.0
2025-12-12 23:06:38,187 [ERROR] AppliInfo:139 - Unknown STM32CubeMX version: 6.16.0
2025-12-12 23:06:38,187 [ERROR] AppliInfo:139 - Unknown STM32CubeMX version: 6.16.0
2025-12-12 23:06:38,187 [ERROR] AppliInfo:139 - Unknown STM32CubeMX version: 6.16.0
2025-12-12 23:06:38,187 [ERROR] AppliInfo:139 - Unknown STM32CubeMX version: 6.16.0
2025-12-12 23:06:38,187 [ERROR] AppliInfo:139 - Unknown STM32CubeMX version: 6.16.0
2025-12-12 23:06:38,190 [ERROR] AppliInfo:139 - Unknown STM32CubeMX version: 6.16.0
2025-12-12 23:06:38,190 [ERROR] AppliInfo:139 - Unknown STM32CubeMX version: 6.16.0
2025-12-12 23:06:38,190 [ERROR] AppliInfo:139 - Unknown STM32CubeMX version: 6.16.0
2025-12-12 23:06:38,190 [ERROR] AppliInfo:139 - Unknown STM32CubeMX version: 6.16.0
2025-12-12 23:06:38,190 [ERROR] AppliInfo:139 - Unknown STM32CubeMX version: 6.16.0
2025-12-12 23:06:38,190 [ERROR] AppliInfo:139 - Unknown STM32CubeMX version: 6.16.0
2025-12-12 23:06:38,190 [ERROR] AppliInfo:139 - Unknown STM32CubeMX version: 6.16.0
2025-12-12 23:06:38,190 [ERROR] AppliInfo:139 - Unknown STM32CubeMX version: 6.16.0
2025-12-12 23:06:38,190 [ERROR] AppliInfo:139 - Unknown STM32CubeMX version: 6.16.0
2025-12-12 23:06:38,190 [ERROR] AppliInfo:139 - Unknown STM32CubeMX version: 6.16.0
2025-12-12 23:06:38,191 [ERROR] AppliInfo:139 - Unknown STM32CubeMX version: 6.16.0
2025-12-12 23:06:38,191 [ERROR] AppliInfo:139 - Unknown STM32CubeMX version: 6.16.0
2025-12-12 23:06:38,191 [ERROR] AppliInfo:139 - Unknown STM32CubeMX version: 6.16.0
2025-12-12 23:06:38,191 [ERROR] AppliInfo:139 - Unknown STM32CubeMX version: 6.16.0
2025-12-12 23:06:38,191 [ERROR] AppliInfo:139 - Unknown STM32CubeMX version: 6.16.0
2025-12-12 23:06:38,191 [ERROR] AppliInfo:139 - Unknown STM32CubeMX version: 6.16.0
2025-12-12 23:06:38,191 [ERROR] AppliInfo:139 - Unknown STM32CubeMX version: 6.16.0
2025-12-12 23:06:38,191 [ERROR] AppliInfo:139 - Unknown STM32CubeMX version: 6.16.0
2025-12-12 23:06:38,191 [ERROR] AppliInfo:139 - Unknown STM32CubeMX version: 6.16.0
2025-12-12 23:06:38,191 [ERROR] AppliInfo:139 - Unknown STM32CubeMX version: 6.16.0
2025-12-12 23:06:38,191 [ERROR] AppliInfo:139 - Unknown STM32CubeMX version: 6.16.0
2025-12-12 23:06:38,194 [ERROR] AppliInfo:139 - Unknown STM32CubeMX version: 6.16.0
2025-12-12 23:06:38,194 [ERROR] AppliInfo:139 - Unknown STM32CubeMX version: 6.16.0
2025-12-12 23:06:38,194 [ERROR] AppliInfo:139 - Unknown STM32CubeMX version: 6.16.0
2025-12-12 23:06:38,194 [ERROR] AppliInfo:139 - Unknown STM32CubeMX version: 6.16.0
2025-12-12 23:06:38,194 [ERROR] AppliInfo:139 - Unknown STM32CubeMX version: 6.16.0
2025-12-12 23:06:38,194 [ERROR] AppliInfo:139 - Unknown STM32CubeMX version: 6.16.0
2025-12-12 23:06:38,194 [ERROR] AppliInfo:139 - Unknown STM32CubeMX version: 6.16.0
2025-12-12 23:06:38,194 [ERROR] AppliInfo:139 - Unknown STM32CubeMX version: 6.16.0
2025-12-12 23:06:38,195 [ERROR] AppliInfo:139 - Unknown STM32CubeMX version: 6.16.0
2025-12-12 23:06:38,195 [ERROR] AppliInfo:139 - Unknown STM32CubeMX version: 6.16.0
2025-12-12 23:06:38,195 [ERROR] AppliInfo:139 - Unknown STM32CubeMX version: 6.16.0
2025-12-12 23:06:38,195 [ERROR] AppliInfo:139 - Unknown STM32CubeMX version: 6.16.0
2025-12-12 23:06:38,195 [ERROR] AppliInfo:139 - Unknown STM32CubeMX version: 6.16.0
2025-12-12 23:06:38,195 [ERROR] AppliInfo:139 - Unknown STM32CubeMX version: 6.16.0
2025-12-12 23:06:38,195 [ERROR] AppliInfo:139 - Unknown STM32CubeMX version: 6.16.0
2025-12-12 23:06:38,195 [ERROR] AppliInfo:139 - Unknown STM32CubeMX version: 6.16.0
2025-12-12 23:06:38,195 [ERROR] AppliInfo:139 - Unknown STM32CubeMX version: 6.16.0
2025-12-12 23:06:38,195 [ERROR] AppliInfo:139 - Unknown STM32CubeMX version: 6.16.0
2025-12-12 23:06:38,195 [ERROR] AppliInfo:139 - Unknown STM32CubeMX version: 6.16.0
2025-12-12 23:06:38,196 [ERROR] AppliInfo:139 - Unknown STM32CubeMX version: 6.16.0
2025-12-12 23:06:38,196 [ERROR] AppliInfo:139 - Unknown STM32CubeMX version: 6.16.0
2025-12-12 23:06:38,200 [ERROR] AppliInfo:139 - Unknown STM32CubeMX version: 6.16.0
2025-12-12 23:06:38,200 [ERROR] AppliInfo:139 - Unknown STM32CubeMX version: 6.16.0
2025-12-12 23:06:38,200 [ERROR] AppliInfo:139 - Unknown STM32CubeMX version: 6.16.0
2025-12-12 23:06:38,200 [ERROR] AppliInfo:139 - Unknown STM32CubeMX version: 6.16.0
2025-12-12 23:06:38,200 [ERROR] AppliInfo:139 - Unknown STM32CubeMX version: 6.16.0
2025-12-12 23:06:38,201 [ERROR] AppliInfo:139 - Unknown STM32CubeMX version: 6.16.0
2025-12-12 23:06:38,201 [ERROR] AppliInfo:139 - Unknown STM32CubeMX version: 6.16.0
2025-12-12 23:06:38,201 [ERROR] AppliInfo:139 - Unknown STM32CubeMX version: 6.16.0
2025-12-12 23:06:38,201 [ERROR] AppliInfo:139 - Unknown STM32CubeMX version: 6.16.0
2025-12-12 23:06:38,201 [ERROR] AppliInfo:139 - Unknown STM32CubeMX version: 6.16.0
2025-12-12 23:06:38,201 [ERROR] AppliInfo:139 - Unknown STM32CubeMX version: 6.16.0
2025-12-12 23:06:38,201 [ERROR] AppliInfo:139 - Unknown STM32CubeMX version: 6.16.0
2025-12-12 23:06:38,202 [ERROR] AppliInfo:139 - Unknown STM32CubeMX version: 6.16.0
2025-12-12 23:06:38,202 [ERROR] AppliInfo:139 - Unknown STM32CubeMX version: 6.16.0
2025-12-12 23:06:38,202 [ERROR] AppliInfo:139 - Unknown STM32CubeMX version: 6.16.0
2025-12-12 23:06:38,202 [ERROR] AppliInfo:139 - Unknown STM32CubeMX version: 6.16.0
2025-12-12 23:06:38,202 [ERROR] AppliInfo:139 - Unknown STM32CubeMX version: 6.16.0
2025-12-12 23:06:38,202 [ERROR] AppliInfo:139 - Unknown STM32CubeMX version: 6.16.0
2025-12-12 23:06:38,203 [ERROR] AppliInfo:139 - Unknown STM32CubeMX version: 6.16.0
2025-12-12 23:06:38,203 [ERROR] AppliInfo:139 - Unknown STM32CubeMX version: 6.16.0
2025-12-12 23:06:38,203 [ERROR] AppliInfo:139 - Unknown STM32CubeMX version: 6.16.0
2025-12-12 23:06:38,203 [ERROR] AppliInfo:139 - Unknown STM32CubeMX version: 6.16.0
2025-12-12 23:06:38,203 [ERROR] AppliInfo:139 - Unknown STM32CubeMX version: 6.16.0
2025-12-12 23:06:38,204 [ERROR] AppliInfo:139 - Unknown STM32CubeMX version: 6.16.0
2025-12-12 23:06:38,204 [ERROR] AppliInfo:139 - Unknown STM32CubeMX version: 6.16.0
2025-12-12 23:06:38,204 [ERROR] AppliInfo:139 - Unknown STM32CubeMX version: 6.16.0
2025-12-12 23:06:38,204 [ERROR] AppliInfo:139 - Unknown STM32CubeMX version: 6.16.0
2025-12-12 23:06:38,204 [ERROR] AppliInfo:139 - Unknown STM32CubeMX version: 6.16.0
2025-12-12 23:06:38,204 [ERROR] AppliInfo:139 - Unknown STM32CubeMX version: 6.16.0
2025-12-12 23:06:38,204 [ERROR] AppliInfo:139 - Unknown STM32CubeMX version: 6.16.0
2025-12-12 23:06:38,204 [ERROR] AppliInfo:139 - Unknown STM32CubeMX version: 6.16.0
2025-12-12 23:06:38,205 [ERROR] AppliInfo:139 - Unknown STM32CubeMX version: 6.16.0
2025-12-12 23:06:38,205 [ERROR] AppliInfo:139 - Unknown STM32CubeMX version: 6.16.0
2025-12-12 23:06:38,205 [ERROR] AppliInfo:139 - Unknown STM32CubeMX version: 6.16.0
2025-12-12 23:06:38,205 [ERROR] AppliInfo:139 - Unknown STM32CubeMX version: 6.16.0
2025-12-12 23:06:38,205 [ERROR] AppliInfo:139 - Unknown STM32CubeMX version: 6.16.0
2025-12-12 23:06:38,205 [ERROR] AppliInfo:139 - Unknown STM32CubeMX version: 6.16.0
2025-12-12 23:06:38,205 [ERROR] AppliInfo:139 - Unknown STM32CubeMX version: 6.16.0
2025-12-12 23:06:38,205 [ERROR] AppliInfo:139 - Unknown STM32CubeMX version: 6.16.0
2025-12-12 23:06:38,205 [ERROR] AppliInfo:139 - Unknown STM32CubeMX version: 6.16.0
2025-12-12 23:06:38,206 [ERROR] AppliInfo:139 - Unknown STM32CubeMX version: 6.16.0
2025-12-12 23:06:38,206 [ERROR] AppliInfo:139 - Unknown STM32CubeMX version: 6.16.0
2025-12-12 23:06:38,206 [ERROR] AppliInfo:139 - Unknown STM32CubeMX version: 6.16.0
2025-12-12 23:06:38,206 [ERROR] AppliInfo:139 - Unknown STM32CubeMX version: 6.16.0
2025-12-12 23:06:38,207 [ERROR] AppliInfo:139 - Unknown STM32CubeMX version: 6.16.0
2025-12-12 23:06:38,207 [ERROR] AppliInfo:139 - Unknown STM32CubeMX version: 6.16.0
2025-12-12 23:06:38,207 [ERROR] AppliInfo:139 - Unknown STM32CubeMX version: 6.16.0
2025-12-12 23:06:38,208 [ERROR] AppliInfo:139 - Unknown STM32CubeMX version: 6.16.0
2025-12-12 23:06:38,208 [ERROR] AppliInfo:139 - Unknown STM32CubeMX version: 6.16.0
2025-12-12 23:06:38,208 [ERROR] AppliInfo:139 - Unknown STM32CubeMX version: 6.16.0
2025-12-12 23:06:38,208 [ERROR] AppliInfo:139 - Unknown STM32CubeMX version: 6.16.0
2025-12-12 23:06:38,208 [ERROR] AppliInfo:139 - Unknown STM32CubeMX version: 6.16.0
2025-12-12 23:06:38,208 [ERROR] AppliInfo:139 - Unknown STM32CubeMX version: 6.16.0
2025-12-12 23:06:38,208 [ERROR] AppliInfo:139 - Unknown STM32CubeMX version: 6.16.0
2025-12-12 23:06:38,208 [ERROR] AppliInfo:139 - Unknown STM32CubeMX version: 6.16.0
2025-12-12 23:06:38,208 [ERROR] AppliInfo:139 - Unknown STM32CubeMX version: 6.16.0
2025-12-12 23:06:38,209 [ERROR] AppliInfo:139 - Unknown STM32CubeMX version: 6.16.0
2025-12-12 23:06:38,209 [ERROR] AppliInfo:139 - Unknown STM32CubeMX version: 6.16.0
2025-12-12 23:06:38,209 [ERROR] AppliInfo:139 - Unknown STM32CubeMX version: 6.16.0
2025-12-12 23:06:38,209 [ERROR] AppliInfo:139 - Unknown STM32CubeMX version: 6.16.0
2025-12-12 23:06:38,209 [ERROR] AppliInfo:139 - Unknown STM32CubeMX version: 6.16.0
2025-12-12 23:06:38,209 [ERROR] AppliInfo:139 - Unknown STM32CubeMX version: 6.16.0
2025-12-12 23:06:38,209 [ERROR] AppliInfo:139 - Unknown STM32CubeMX version: 6.16.0
2025-12-12 23:06:38,210 [ERROR] AppliInfo:139 - Unknown STM32CubeMX version: 6.16.0
2025-12-12 23:06:38,210 [ERROR] AppliInfo:139 - Unknown STM32CubeMX version: 6.16.0
2025-12-12 23:06:38,210 [ERROR] AppliInfo:139 - Unknown STM32CubeMX version: 6.16.0
2025-12-12 23:06:38,213 [ERROR] AppliInfo:139 - Unknown STM32CubeMX version: 6.16.0
2025-12-12 23:06:38,214 [ERROR] AppliInfo:139 - Unknown STM32CubeMX version: 6.16.0
2025-12-12 23:06:38,220 [ERROR] AppliInfo:139 - Unknown STM32CubeMX version: 6.16.0
2025-12-12 23:06:38,220 [ERROR] AppliInfo:139 - Unknown STM32CubeMX version: 6.16.0
2025-12-12 23:06:38,220 [ERROR] AppliInfo:139 - Unknown STM32CubeMX version: 6.16.0
2025-12-12 23:06:38,220 [ERROR] AppliInfo:139 - Unknown STM32CubeMX version: 6.16.0
2025-12-12 23:06:38,220 [ERROR] AppliInfo:139 - Unknown STM32CubeMX version: 6.16.0
2025-12-12 23:06:38,221 [ERROR] AppliInfo:139 - Unknown STM32CubeMX version: 6.16.0
2025-12-12 23:06:38,221 [ERROR] AppliInfo:139 - Unknown STM32CubeMX version: 6.16.0
2025-12-12 23:06:38,221 [ERROR] AppliInfo:139 - Unknown STM32CubeMX version: 6.16.0
2025-12-12 23:06:38,221 [ERROR] AppliInfo:139 - Unknown STM32CubeMX version: 6.16.0
2025-12-12 23:06:38,221 [ERROR] AppliInfo:139 - Unknown STM32CubeMX version: 6.16.0
2025-12-12 23:06:38,221 [ERROR] AppliInfo:139 - Unknown STM32CubeMX version: 6.16.0
2025-12-12 23:06:38,221 [ERROR] AppliInfo:139 - Unknown STM32CubeMX version: 6.16.0
2025-12-12 23:06:38,221 [ERROR] AppliInfo:139 - Unknown STM32CubeMX version: 6.16.0
2025-12-12 23:06:38,221 [ERROR] AppliInfo:139 - Unknown STM32CubeMX version: 6.16.0
2025-12-12 23:06:38,221 [ERROR] AppliInfo:139 - Unknown STM32CubeMX version: 6.16.0
2025-12-12 23:06:38,222 [ERROR] AppliInfo:139 - Unknown STM32CubeMX version: 6.16.0
2025-12-12 23:06:38,222 [ERROR] AppliInfo:139 - Unknown STM32CubeMX version: 6.16.0
2025-12-12 23:06:38,222 [ERROR] AppliInfo:139 - Unknown STM32CubeMX version: 6.16.0
2025-12-12 23:06:38,222 [ERROR] AppliInfo:139 - Unknown STM32CubeMX version: 6.16.0
2025-12-12 23:06:38,222 [ERROR] AppliInfo:139 - Unknown STM32CubeMX version: 6.16.0
2025-12-12 23:06:38,222 [ERROR] AppliInfo:139 - Unknown STM32CubeMX version: 6.16.0
2025-12-12 23:06:38,222 [ERROR] AppliInfo:139 - Unknown STM32CubeMX version: 6.16.0
2025-12-12 23:06:38,222 [ERROR] AppliInfo:139 - Unknown STM32CubeMX version: 6.16.0
2025-12-12 23:06:38,223 [ERROR] AppliInfo:139 - Unknown STM32CubeMX version: 6.16.0
2025-12-12 23:06:38,223 [ERROR] AppliInfo:139 - Unknown STM32CubeMX version: 6.16.0
2025-12-12 23:06:38,223 [ERROR] AppliInfo:139 - Unknown STM32CubeMX version: 6.16.0
2025-12-12 23:06:38,223 [ERROR] AppliInfo:139 - Unknown STM32CubeMX version: 6.16.0
2025-12-12 23:06:38,223 [ERROR] AppliInfo:139 - Unknown STM32CubeMX version: 6.16.0
2025-12-12 23:06:38,223 [ERROR] AppliInfo:139 - Unknown STM32CubeMX version: 6.16.0
2025-12-12 23:06:38,223 [ERROR] AppliInfo:139 - Unknown STM32CubeMX version: 6.16.0
2025-12-12 23:06:38,223 [ERROR] AppliInfo:139 - Unknown STM32CubeMX version: 6.16.0
2025-12-12 23:06:38,223 [ERROR] AppliInfo:139 - Unknown STM32CubeMX version: 6.16.0
2025-12-12 23:06:38,224 [ERROR] AppliInfo:139 - Unknown STM32CubeMX version: 6.16.0
2025-12-12 23:06:38,224 [ERROR] AppliInfo:139 - Unknown STM32CubeMX version: 6.16.0
2025-12-12 23:06:38,224 [ERROR] AppliInfo:139 - Unknown STM32CubeMX version: 6.16.0
2025-12-12 23:06:38,224 [ERROR] AppliInfo:139 - Unknown STM32CubeMX version: 6.16.0
2025-12-12 23:06:38,225 [ERROR] AppliInfo:139 - Unknown STM32CubeMX version: 6.16.0
2025-12-12 23:06:38,225 [ERROR] AppliInfo:139 - Unknown STM32CubeMX version: 6.16.0
2025-12-12 23:06:38,225 [ERROR] AppliInfo:139 - Unknown STM32CubeMX version: 6.16.0
2025-12-12 23:06:38,225 [ERROR] AppliInfo:139 - Unknown STM32CubeMX version: 6.16.0
2025-12-12 23:06:38,225 [ERROR] AppliInfo:139 - Unknown STM32CubeMX version: 6.16.0
2025-12-12 23:06:38,225 [ERROR] AppliInfo:139 - Unknown STM32CubeMX version: 6.16.0
2025-12-12 23:06:38,225 [ERROR] AppliInfo:139 - Unknown STM32CubeMX version: 6.16.0
2025-12-12 23:06:38,225 [ERROR] AppliInfo:139 - Unknown STM32CubeMX version: 6.16.0
2025-12-12 23:06:38,225 [ERROR] AppliInfo:139 - Unknown STM32CubeMX version: 6.16.0
2025-12-12 23:06:38,225 [ERROR] AppliInfo:139 - Unknown STM32CubeMX version: 6.16.0
2025-12-12 23:06:38,226 [ERROR] AppliInfo:139 - Unknown STM32CubeMX version: 6.16.0
2025-12-12 23:06:38,226 [ERROR] AppliInfo:139 - Unknown STM32CubeMX version: 6.16.0
2025-12-12 23:06:38,226 [ERROR] AppliInfo:139 - Unknown STM32CubeMX version: 6.16.0
2025-12-12 23:06:38,226 [ERROR] AppliInfo:139 - Unknown STM32CubeMX version: 6.16.0
2025-12-12 23:06:38,226 [ERROR] AppliInfo:139 - Unknown STM32CubeMX version: 6.16.0
2025-12-12 23:06:38,226 [ERROR] AppliInfo:139 - Unknown STM32CubeMX version: 6.16.0
2025-12-12 23:06:38,226 [ERROR] AppliInfo:139 - Unknown STM32CubeMX version: 6.16.0
2025-12-12 23:06:38,227 [ERROR] AppliInfo:139 - Unknown STM32CubeMX version: 6.16.0
2025-12-12 23:06:38,227 [ERROR] AppliInfo:139 - Unknown STM32CubeMX version: 6.16.0
2025-12-12 23:06:38,227 [ERROR] AppliInfo:139 - Unknown STM32CubeMX version: 6.16.0
2025-12-12 23:06:38,227 [ERROR] AppliInfo:139 - Unknown STM32CubeMX version: 6.16.0
2025-12-12 23:06:38,227 [ERROR] AppliInfo:139 - Unknown STM32CubeMX version: 6.16.0
2025-12-12 23:06:38,227 [ERROR] AppliInfo:139 - Unknown STM32CubeMX version: 6.16.0
2025-12-12 23:06:38,227 [ERROR] AppliInfo:139 - Unknown STM32CubeMX version: 6.16.0
2025-12-12 23:06:38,227 [ERROR] AppliInfo:139 - Unknown STM32CubeMX version: 6.16.0
2025-12-12 23:06:38,227 [ERROR] AppliInfo:139 - Unknown STM32CubeMX version: 6.16.0
2025-12-12 23:06:38,228 [ERROR] AppliInfo:139 - Unknown STM32CubeMX version: 6.16.0
2025-12-12 23:06:38,228 [ERROR] AppliInfo:139 - Unknown STM32CubeMX version: 6.16.0
2025-12-12 23:06:38,228 [ERROR] AppliInfo:139 - Unknown STM32CubeMX version: 6.16.0
2025-12-12 23:06:38,228 [ERROR] AppliInfo:139 - Unknown STM32CubeMX version: 6.16.0
2025-12-12 23:06:38,228 [ERROR] AppliInfo:139 - Unknown STM32CubeMX version: 6.16.0
2025-12-12 23:06:38,228 [ERROR] AppliInfo:139 - Unknown STM32CubeMX version: 6.16.0
2025-12-12 23:06:38,228 [ERROR] AppliInfo:139 - Unknown STM32CubeMX version: 6.16.0
2025-12-12 23:06:38,230 [ERROR] AppliInfo:139 - Unknown STM32CubeMX version: 6.16.0
2025-12-12 23:06:38,230 [ERROR] AppliInfo:139 - Unknown STM32CubeMX version: 6.16.0
2025-12-12 23:06:38,230 [ERROR] AppliInfo:139 - Unknown STM32CubeMX version: 6.16.0
2025-12-12 23:06:38,230 [ERROR] AppliInfo:139 - Unknown STM32CubeMX version: 6.16.0
2025-12-12 23:06:38,230 [ERROR] AppliInfo:139 - Unknown STM32CubeMX version: 6.16.0
2025-12-12 23:06:38,230 [ERROR] AppliInfo:139 - Unknown STM32CubeMX version: 6.16.0
2025-12-12 23:06:38,230 [ERROR] AppliInfo:139 - Unknown STM32CubeMX version: 6.16.0
2025-12-12 23:06:38,230 [ERROR] AppliInfo:139 - Unknown STM32CubeMX version: 6.16.0
2025-12-12 23:06:38,230 [ERROR] AppliInfo:139 - Unknown STM32CubeMX version: 6.16.0
2025-12-12 23:06:38,230 [ERROR] AppliInfo:139 - Unknown STM32CubeMX version: 6.16.0
2025-12-12 23:06:38,231 [ERROR] AppliInfo:139 - Unknown STM32CubeMX version: 6.16.0
2025-12-12 23:06:38,231 [ERROR] AppliInfo:139 - Unknown STM32CubeMX version: 6.16.0
2025-12-12 23:06:38,231 [ERROR] AppliInfo:139 - Unknown STM32CubeMX version: 6.16.0
2025-12-12 23:06:38,232 [ERROR] AppliInfo:139 - Unknown STM32CubeMX version: 6.16.0
2025-12-12 23:06:38,232 [ERROR] AppliInfo:139 - Unknown STM32CubeMX version: 6.16.0
2025-12-12 23:06:38,233 [ERROR] AppliInfo:139 - Unknown STM32CubeMX version: 6.16.0
2025-12-12 23:06:38,233 [ERROR] AppliInfo:139 - Unknown STM32CubeMX version: 6.16.0
2025-12-12 23:06:38,233 [ERROR] AppliInfo:139 - Unknown STM32CubeMX version: 6.16.0
2025-12-12 23:06:38,233 [ERROR] AppliInfo:139 - Unknown STM32CubeMX version: 6.16.0
2025-12-12 23:06:38,233 [ERROR] AppliInfo:139 - Unknown STM32CubeMX version: 6.16.0
2025-12-12 23:06:38,233 [ERROR] AppliInfo:139 - Unknown STM32CubeMX version: 6.16.0
2025-12-12 23:06:38,233 [ERROR] AppliInfo:139 - Unknown STM32CubeMX version: 6.16.0
2025-12-12 23:06:38,233 [ERROR] AppliInfo:139 - Unknown STM32CubeMX version: 6.16.0
2025-12-12 23:06:38,233 [ERROR] AppliInfo:139 - Unknown STM32CubeMX version: 6.16.0
2025-12-12 23:06:38,233 [ERROR] AppliInfo:139 - Unknown STM32CubeMX version: 6.16.0
2025-12-12 23:06:38,234 [ERROR] AppliInfo:139 - Unknown STM32CubeMX version: 6.16.0
2025-12-12 23:06:38,234 [ERROR] AppliInfo:139 - Unknown STM32CubeMX version: 6.16.0
2025-12-12 23:06:38,234 [ERROR] AppliInfo:139 - Unknown STM32CubeMX version: 6.16.0
2025-12-12 23:06:38,234 [ERROR] AppliInfo:139 - Unknown STM32CubeMX version: 6.16.0
2025-12-12 23:06:38,235 [ERROR] AppliInfo:139 - Unknown STM32CubeMX version: 6.16.0
2025-12-12 23:06:38,235 [ERROR] AppliInfo:139 - Unknown STM32CubeMX version: 6.16.0
2025-12-12 23:06:38,235 [ERROR] AppliInfo:139 - Unknown STM32CubeMX version: 6.16.0
2025-12-12 23:06:38,235 [ERROR] AppliInfo:139 - Unknown STM32CubeMX version: 6.16.0
2025-12-12 23:06:38,236 [ERROR] AppliInfo:139 - Unknown STM32CubeMX version: 6.16.0
2025-12-12 23:06:38,236 [ERROR] AppliInfo:139 - Unknown STM32CubeMX version: 6.16.0
2025-12-12 23:06:38,236 [ERROR] AppliInfo:139 - Unknown STM32CubeMX version: 6.16.0
2025-12-12 23:06:38,236 [ERROR] AppliInfo:139 - Unknown STM32CubeMX version: 6.16.0
2025-12-12 23:06:38,236 [ERROR] AppliInfo:139 - Unknown STM32CubeMX version: 6.16.0
2025-12-12 23:06:38,236 [ERROR] AppliInfo:139 - Unknown STM32CubeMX version: 6.16.0
2025-12-12 23:06:38,236 [ERROR] AppliInfo:139 - Unknown STM32CubeMX version: 6.16.0
2025-12-12 23:06:38,236 [ERROR] AppliInfo:139 - Unknown STM32CubeMX version: 6.16.0
2025-12-12 23:06:38,237 [ERROR] AppliInfo:139 - Unknown STM32CubeMX version: 6.16.0
2025-12-12 23:06:38,237 [ERROR] AppliInfo:139 - Unknown STM32CubeMX version: 6.16.0
2025-12-12 23:06:38,237 [ERROR] AppliInfo:139 - Unknown STM32CubeMX version: 6.16.0
2025-12-12 23:06:38,237 [ERROR] AppliInfo:139 - Unknown STM32CubeMX version: 6.16.0
2025-12-12 23:06:38,237 [ERROR] AppliInfo:139 - Unknown STM32CubeMX version: 6.16.0
2025-12-12 23:06:38,237 [ERROR] AppliInfo:139 - Unknown STM32CubeMX version: 6.16.0
2025-12-12 23:06:38,237 [ERROR] AppliInfo:139 - Unknown STM32CubeMX version: 6.16.0
2025-12-12 23:06:38,237 [ERROR] AppliInfo:139 - Unknown STM32CubeMX version: 6.16.0
2025-12-12 23:06:38,238 [ERROR] AppliInfo:139 - Unknown STM32CubeMX version: 6.16.0
2025-12-12 23:06:38,238 [ERROR] AppliInfo:139 - Unknown STM32CubeMX version: 6.16.0
2025-12-12 23:06:38,238 [ERROR] AppliInfo:139 - Unknown STM32CubeMX version: 6.16.0
2025-12-12 23:06:38,264 [ERROR] AppliInfo:139 - Unknown STM32CubeMX version: 6.16.0
2025-12-12 23:06:38,264 [ERROR] AppliInfo:139 - Unknown STM32CubeMX version: 6.16.0
2025-12-12 23:06:38,264 [ERROR] AppliInfo:139 - Unknown STM32CubeMX version: 6.16.0
2025-12-12 23:06:38,265 [ERROR] AppliInfo:139 - Unknown STM32CubeMX version: 6.16.0
2025-12-12 23:06:38,265 [ERROR] AppliInfo:139 - Unknown STM32CubeMX version: 6.16.0
2025-12-12 23:06:38,265 [ERROR] AppliInfo:139 - Unknown STM32CubeMX version: 6.16.0
2025-12-12 23:06:38,265 [ERROR] AppliInfo:139 - Unknown STM32CubeMX version: 6.16.0
2025-12-12 23:06:38,265 [ERROR] AppliInfo:139 - Unknown STM32CubeMX version: 6.16.0
2025-12-12 23:06:38,265 [ERROR] AppliInfo:139 - Unknown STM32CubeMX version: 6.16.0
2025-12-12 23:06:38,265 [ERROR] AppliInfo:139 - Unknown STM32CubeMX version: 6.16.0
2025-12-12 23:06:38,265 [ERROR] AppliInfo:139 - Unknown STM32CubeMX version: 6.16.0
2025-12-12 23:06:38,266 [ERROR] AppliInfo:139 - Unknown STM32CubeMX version: 6.16.0
2025-12-12 23:06:38,266 [ERROR] AppliInfo:139 - Unknown STM32CubeMX version: 6.16.0
2025-12-12 23:06:38,266 [ERROR] AppliInfo:139 - Unknown STM32CubeMX version: 6.16.0
2025-12-12 23:06:38,266 [ERROR] AppliInfo:139 - Unknown STM32CubeMX version: 6.16.0
2025-12-12 23:06:38,266 [ERROR] AppliInfo:139 - Unknown STM32CubeMX version: 6.16.0
2025-12-12 23:06:38,267 [ERROR] AppliInfo:139 - Unknown STM32CubeMX version: 6.16.0
2025-12-12 23:06:38,267 [ERROR] AppliInfo:139 - Unknown STM32CubeMX version: 6.16.0
2025-12-12 23:06:38,267 [ERROR] AppliInfo:139 - Unknown STM32CubeMX version: 6.16.0
2025-12-12 23:06:38,284 [ERROR] AppliInfo:139 - Unknown STM32CubeMX version: 6.16.0
2025-12-12 23:06:38,284 [ERROR] AppliInfo:139 - Unknown STM32CubeMX version: 6.16.0
2025-12-12 23:06:38,285 [ERROR] AppliInfo:139 - Unknown STM32CubeMX version: 6.16.0
2025-12-12 23:06:38,285 [ERROR] AppliInfo:139 - Unknown STM32CubeMX version: 6.16.0
2025-12-12 23:06:38,285 [ERROR] AppliInfo:139 - Unknown STM32CubeMX version: 6.16.0
2025-12-12 23:06:38,285 [ERROR] AppliInfo:139 - Unknown STM32CubeMX version: 6.16.0
2025-12-12 23:06:38,285 [ERROR] AppliInfo:139 - Unknown STM32CubeMX version: 6.16.0
2025-12-12 23:06:38,285 [ERROR] AppliInfo:139 - Unknown STM32CubeMX version: 6.16.0
2025-12-12 23:06:38,285 [ERROR] AppliInfo:139 - Unknown STM32CubeMX version: 6.16.0
2025-12-12 23:06:38,285 [ERROR] AppliInfo:139 - Unknown STM32CubeMX version: 6.16.0
2025-12-12 23:06:38,285 [ERROR] AppliInfo:139 - Unknown STM32CubeMX version: 6.16.0
2025-12-12 23:06:38,286 [ERROR] AppliInfo:139 - Unknown STM32CubeMX version: 6.16.0
2025-12-12 23:06:38,286 [ERROR] AppliInfo:139 - Unknown STM32CubeMX version: 6.16.0
2025-12-12 23:06:38,292 [ERROR] AppliInfo:139 - Unknown STM32CubeMX version: 6.16.0
2025-12-12 23:06:38,292 [ERROR] AppliInfo:139 - Unknown STM32CubeMX version: 6.16.0
2025-12-12 23:06:38,293 [ERROR] AppliInfo:139 - Unknown STM32CubeMX version: 6.16.0
2025-12-12 23:06:38,298 [ERROR] AppliInfo:139 - Unknown STM32CubeMX version: 6.16.0
2025-12-12 23:06:38,298 [ERROR] AppliInfo:139 - Unknown STM32CubeMX version: 6.16.0
2025-12-12 23:06:38,298 [ERROR] AppliInfo:139 - Unknown STM32CubeMX version: 6.16.0
2025-12-12 23:06:38,298 [ERROR] AppliInfo:139 - Unknown STM32CubeMX version: 6.16.0
2025-12-12 23:06:38,299 [ERROR] AppliInfo:139 - Unknown STM32CubeMX version: 6.16.0
2025-12-12 23:06:38,299 [ERROR] AppliInfo:139 - Unknown STM32CubeMX version: 6.16.0
2025-12-12 23:06:38,299 [ERROR] AppliInfo:139 - Unknown STM32CubeMX version: 6.16.0
2025-12-12 23:06:38,299 [ERROR] AppliInfo:139 - Unknown STM32CubeMX version: 6.16.0
2025-12-12 23:06:38,299 [ERROR] AppliInfo:139 - Unknown STM32CubeMX version: 6.16.0
2025-12-12 23:06:38,299 [ERROR] AppliInfo:139 - Unknown STM32CubeMX version: 6.16.0
2025-12-12 23:06:38,300 [ERROR] AppliInfo:139 - Unknown STM32CubeMX version: 6.16.0
2025-12-12 23:06:38,300 [ERROR] AppliInfo:139 - Unknown STM32CubeMX version: 6.16.0
2025-12-12 23:06:38,300 [ERROR] AppliInfo:139 - Unknown STM32CubeMX version: 6.16.0
2025-12-12 23:06:38,300 [ERROR] AppliInfo:139 - Unknown STM32CubeMX version: 6.16.0
2025-12-12 23:06:38,300 [ERROR] AppliInfo:139 - Unknown STM32CubeMX version: 6.16.0
2025-12-12 23:06:38,300 [ERROR] AppliInfo:139 - Unknown STM32CubeMX version: 6.16.0
2025-12-12 23:06:38,300 [ERROR] AppliInfo:139 - Unknown STM32CubeMX version: 6.16.0
2025-12-12 23:06:38,300 [ERROR] AppliInfo:139 - Unknown STM32CubeMX version: 6.16.0
2025-12-12 23:06:38,300 [ERROR] AppliInfo:139 - Unknown STM32CubeMX version: 6.16.0
2025-12-12 23:06:38,301 [ERROR] AppliInfo:139 - Unknown STM32CubeMX version: 6.16.0
2025-12-12 23:06:38,301 [ERROR] AppliInfo:139 - Unknown STM32CubeMX version: 6.16.0
2025-12-12 23:06:38,301 [ERROR] AppliInfo:139 - Unknown STM32CubeMX version: 6.16.0
2025-12-12 23:06:38,301 [ERROR] AppliInfo:139 - Unknown STM32CubeMX version: 6.16.0
2025-12-12 23:06:38,301 [ERROR] AppliInfo:139 - Unknown STM32CubeMX version: 6.16.0
2025-12-12 23:06:38,301 [ERROR] AppliInfo:139 - Unknown STM32CubeMX version: 6.16.0
2025-12-12 23:06:38,301 [ERROR] AppliInfo:139 - Unknown STM32CubeMX version: 6.16.0
2025-12-12 23:06:38,301 [ERROR] AppliInfo:139 - Unknown STM32CubeMX version: 6.16.0
2025-12-12 23:06:38,302 [ERROR] AppliInfo:139 - Unknown STM32CubeMX version: 6.16.0
2025-12-12 23:06:38,302 [ERROR] AppliInfo:139 - Unknown STM32CubeMX version: 6.16.0
2025-12-12 23:06:38,302 [ERROR] AppliInfo:139 - Unknown STM32CubeMX version: 6.16.0
2025-12-12 23:06:38,302 [ERROR] AppliInfo:139 - Unknown STM32CubeMX version: 6.16.0
2025-12-12 23:06:38,302 [ERROR] AppliInfo:139 - Unknown STM32CubeMX version: 6.16.0
2025-12-12 23:06:38,302 [ERROR] AppliInfo:139 - Unknown STM32CubeMX version: 6.16.0
2025-12-12 23:06:38,302 [ERROR] AppliInfo:139 - Unknown STM32CubeMX version: 6.16.0
2025-12-12 23:06:38,302 [ERROR] AppliInfo:139 - Unknown STM32CubeMX version: 6.16.0
2025-12-12 23:06:38,302 [ERROR] AppliInfo:139 - Unknown STM32CubeMX version: 6.16.0
2025-12-12 23:06:38,302 [ERROR] AppliInfo:139 - Unknown STM32CubeMX version: 6.16.0
2025-12-12 23:06:38,302 [ERROR] AppliInfo:139 - Unknown STM32CubeMX version: 6.16.0
2025-12-12 23:06:38,303 [ERROR] AppliInfo:139 - Unknown STM32CubeMX version: 6.16.0
2025-12-12 23:06:38,303 [ERROR] AppliInfo:139 - Unknown STM32CubeMX version: 6.16.0
2025-12-12 23:06:38,303 [ERROR] AppliInfo:139 - Unknown STM32CubeMX version: 6.16.0
2025-12-12 23:06:38,303 [ERROR] AppliInfo:139 - Unknown STM32CubeMX version: 6.16.0
2025-12-12 23:06:38,303 [ERROR] AppliInfo:139 - Unknown STM32CubeMX version: 6.16.0
2025-12-12 23:06:38,303 [ERROR] AppliInfo:139 - Unknown STM32CubeMX version: 6.16.0
2025-12-12 23:06:38,303 [ERROR] AppliInfo:139 - Unknown STM32CubeMX version: 6.16.0
2025-12-12 23:06:38,303 [ERROR] AppliInfo:139 - Unknown STM32CubeMX version: 6.16.0
2025-12-12 23:06:38,303 [ERROR] AppliInfo:139 - Unknown STM32CubeMX version: 6.16.0
2025-12-12 23:06:38,303 [ERROR] AppliInfo:139 - Unknown STM32CubeMX version: 6.16.0
2025-12-12 23:06:38,304 [ERROR] AppliInfo:139 - Unknown STM32CubeMX version: 6.16.0
2025-12-12 23:06:38,304 [ERROR] AppliInfo:139 - Unknown STM32CubeMX version: 6.16.0
2025-12-12 23:06:38,304 [ERROR] AppliInfo:139 - Unknown STM32CubeMX version: 6.16.0
2025-12-12 23:06:38,304 [ERROR] AppliInfo:139 - Unknown STM32CubeMX version: 6.16.0
2025-12-12 23:06:38,304 [ERROR] AppliInfo:139 - Unknown STM32CubeMX version: 6.16.0
2025-12-12 23:06:38,304 [ERROR] AppliInfo:139 - Unknown STM32CubeMX version: 6.16.0
2025-12-12 23:06:38,304 [ERROR] AppliInfo:139 - Unknown STM32CubeMX version: 6.16.0
2025-12-12 23:06:38,304 [ERROR] AppliInfo:139 - Unknown STM32CubeMX version: 6.16.0
2025-12-12 23:06:38,304 [ERROR] AppliInfo:139 - Unknown STM32CubeMX version: 6.16.0
2025-12-12 23:06:38,304 [ERROR] AppliInfo:139 - Unknown STM32CubeMX version: 6.16.0
2025-12-12 23:06:38,305 [ERROR] AppliInfo:139 - Unknown STM32CubeMX version: 6.16.0
2025-12-12 23:06:38,305 [ERROR] AppliInfo:139 - Unknown STM32CubeMX version: 6.16.0
2025-12-12 23:06:38,564 [ERROR] LogOutputStream:75 - [STDERR_REDIRECT] [Fatal Error] :1:1: Premature end of file.
2025-12-12 23:06:38,565 [ERROR] LogOutputStream:75 - [STDERR_REDIRECT] 
2025-12-12 23:06:39,562 [ERROR] LogOutputStream:75 - [STDERR_REDIRECT] [Fatal Error] :1:1: Premature end of file.
2025-12-12 23:06:39,562 [ERROR] LogOutputStream:75 - [STDERR_REDIRECT] 
2025-12-12 23:06:40,567 [ERROR] LogOutputStream:75 - [STDERR_REDIRECT] [Fatal Error] :1:1: Premature end of file.
2025-12-12 23:06:40,567 [ERROR] LogOutputStream:75 - [STDERR_REDIRECT] 
2025-12-12 23:06:41,210 [ERROR] AppliInfo:139 - Unknown STM32CubeMX version: 6.16.0
2025-12-12 23:06:41,210 [ERROR] AppliInfo:139 - Unknown STM32CubeMX version: 6.16.0
2025-12-12 23:06:41,211 [ERROR] AppliInfo:139 - Unknown STM32CubeMX version: 6.16.0
2025-12-12 23:06:41,211 [ERROR] AppliInfo:139 - Unknown STM32CubeMX version: 6.16.0
2025-12-12 23:06:41,211 [ERROR] AppliInfo:139 - Unknown STM32CubeMX version: 6.16.0
2025-12-12 23:06:41,216 [ERROR] AppliInfo:139 - Unknown STM32CubeMX version: 6.16.0
2025-12-12 23:06:41,216 [ERROR] AppliInfo:139 - Unknown STM32CubeMX version: 6.16.0
2025-12-12 23:06:41,217 [ERROR] AppliInfo:139 - Unknown STM32CubeMX version: 6.16.0
2025-12-12 23:06:41,582 [ERROR] LogOutputStream:75 - [STDERR_REDIRECT] [Fatal Error] :1:1: Premature end of file.
2025-12-12 23:06:41,582 [ERROR] LogOutputStream:75 - [STDERR_REDIRECT] 
2025-12-12 23:06:41,645 [ERROR] AppliInfo:139 - Unknown STM32CubeMX version: 6.16.0
2025-12-12 23:06:41,645 [ERROR] AppliInfo:139 - Unknown STM32CubeMX version: 6.16.0
2025-12-12 23:06:41,645 [ERROR] AppliInfo:139 - Unknown STM32CubeMX version: 6.16.0
2025-12-12 23:06:41,645 [ERROR] AppliInfo:139 - Unknown STM32CubeMX version: 6.16.0
2025-12-12 23:06:41,645 [ERROR] AppliInfo:139 - Unknown STM32CubeMX version: 6.16.0
2025-12-12 23:06:41,650 [ERROR] AppliInfo:139 - Unknown STM32CubeMX version: 6.16.0
2025-12-12 23:06:41,650 [ERROR] AppliInfo:139 - Unknown STM32CubeMX version: 6.16.0
2025-12-12 23:06:41,650 [ERROR] AppliInfo:139 - Unknown STM32CubeMX version: 6.16.0
2025-12-12 23:06:42,564 [ERROR] LogOutputStream:75 - [STDERR_REDIRECT] [Fatal Error] :1:1: Premature end of file.
2025-12-12 23:06:42,564 [ERROR] LogOutputStream:75 - [STDERR_REDIRECT] 
2025-12-12 23:06:43,562 [ERROR] LogOutputStream:75 - [STDERR_REDIRECT] [Fatal Error] :1:1: Premature end of file.
2025-12-12 23:06:43,563 [ERROR] LogOutputStream:75 - [STDERR_REDIRECT] 
2025-12-12 23:06:44,562 [ERROR] LogOutputStream:75 - [STDERR_REDIRECT] [Fatal Error] :1:1: Premature end of file.
2025-12-12 23:06:44,562 [ERROR] LogOutputStream:75 - [STDERR_REDIRECT] 
2025-12-12 23:06:45,561 [ERROR] LogOutputStream:75 - [STDERR_REDIRECT] [Fatal Error] :1:1: Premature end of file.
2025-12-12 23:06:45,562 [ERROR] LogOutputStream:75 - [STDERR_REDIRECT] 
2025-12-12 23:06:46,566 [ERROR] LogOutputStream:75 - [STDERR_REDIRECT] [Fatal Error] :1:1: Premature end of file.
2025-12-12 23:06:46,566 [ERROR] LogOutputStream:75 - [STDERR_REDIRECT] 
2025-12-12 23:06:47,564 [ERROR] LogOutputStream:75 - [STDERR_REDIRECT] [Fatal Error] :1:1: Premature end of file.
2025-12-12 23:06:47,564 [ERROR] LogOutputStream:75 - [STDERR_REDIRECT] 
2025-12-12 23:06:48,563 [ERROR] LogOutputStream:75 - [STDERR_REDIRECT] [Fatal Error] :1:1: Premature end of file.
2025-12-12 23:06:48,563 [ERROR] LogOutputStream:75 - [STDERR_REDIRECT] 
2025-12-12 23:06:49,560 [ERROR] LogOutputStream:75 - [STDERR_REDIRECT] [Fatal Error] :1:1: Premature end of file.
2025-12-12 23:06:49,561 [ERROR] LogOutputStream:75 - [STDERR_REDIRECT] 
2025-12-12 23:06:50,566 [ERROR] LogOutputStream:75 - [STDERR_REDIRECT] [Fatal Error] :1:1: Premature end of file.
2025-12-12 23:06:50,566 [ERROR] LogOutputStream:75 - [STDERR_REDIRECT] 
2025-12-12 23:06:51,565 [ERROR] LogOutputStream:75 - [STDERR_REDIRECT] [Fatal Error] :1:1: Premature end of file.
2025-12-12 23:06:51,565 [ERROR] LogOutputStream:75 - [STDERR_REDIRECT] 
2025-12-12 23:06:52,561 [ERROR] LogOutputStream:75 - [STDERR_REDIRECT] [Fatal Error] :1:1: Premature end of file.
2025-12-12 23:06:52,561 [ERROR] LogOutputStream:75 - [STDERR_REDIRECT] 
2025-12-12 23:06:53,565 [ERROR] LogOutputStream:75 - [STDERR_REDIRECT] [Fatal Error] :1:1: Premature end of file.
2025-12-12 23:06:53,565 [ERROR] LogOutputStream:75 - [STDERR_REDIRECT] 
2025-12-12 23:06:54,562 [ERROR] LogOutputStream:75 - [STDERR_REDIRECT] [Fatal Error] :1:1: Premature end of file.
2025-12-12 23:06:54,562 [ERROR] LogOutputStream:75 - [STDERR_REDIRECT] 
2025-12-12 23:06:55,561 [ERROR] LogOutputStream:75 - [STDERR_REDIRECT] [Fatal Error] :1:1: Premature end of file.
2025-12-12 23:06:55,563 [ERROR] LogOutputStream:75 - [STDERR_REDIRECT] 
2025-12-12 23:06:56,624 [ERROR] LogOutputStream:75 - [STDERR_REDIRECT] [Fatal Error] :1:1: Premature end of file.
2025-12-12 23:06:56,624 [ERROR] LogOutputStream:75 - [STDERR_REDIRECT] 
2025-12-12 23:06:56,629 [INFO] SoftwarePacks:190 - Size of SW pack 'X-CUBE-AZRTOS-H7_V3.4.0' is: 76.1 MB
2025-12-12 23:06:57,563 [ERROR] LogOutputStream:75 - [STDERR_REDIRECT] [Fatal Error] :1:1: Premature end of file.
2025-12-12 23:06:57,563 [ERROR] LogOutputStream:75 - [STDERR_REDIRECT] 
2025-12-12 23:06:58,572 [ERROR] LogOutputStream:75 - [STDERR_REDIRECT] [Fatal Error] :1:1: Premature end of file.
2025-12-12 23:06:58,572 [ERROR] LogOutputStream:75 - [STDERR_REDIRECT] 
2025-12-12 23:06:59,561 [ERROR] LogOutputStream:75 - [STDERR_REDIRECT] [Fatal Error] :1:1: Premature end of file.
2025-12-12 23:06:59,561 [ERROR] LogOutputStream:75 - [STDERR_REDIRECT] 
2025-12-12 23:07:00,831 [ERROR] LogOutputStream:75 - [STDERR_REDIRECT] [Fatal Error] :1:1: Premature end of file.
2025-12-12 23:07:00,831 [ERROR] LogOutputStream:75 - [STDERR_REDIRECT] 
2025-12-12 23:07:01,685 [ERROR] LogOutputStream:75 - [STDERR_REDIRECT] [Fatal Error] :1:1: Premature end of file.
2025-12-12 23:07:01,685 [ERROR] LogOutputStream:75 - [STDERR_REDIRECT] 
2025-12-12 23:07:02,563 [ERROR] LogOutputStream:75 - [STDERR_REDIRECT] [Fatal Error] :1:1: Premature end of file.
2025-12-12 23:07:02,564 [ERROR] LogOutputStream:75 - [STDERR_REDIRECT] 
2025-12-12 23:07:03,565 [ERROR] LogOutputStream:75 - [STDERR_REDIRECT] [Fatal Error] :1:1: Premature end of file.
2025-12-12 23:07:03,565 [ERROR] LogOutputStream:75 - [STDERR_REDIRECT] 
2025-12-12 23:07:04,569 [ERROR] LogOutputStream:75 - [STDERR_REDIRECT] [Fatal Error] :1:1: Premature end of file.
2025-12-12 23:07:04,571 [ERROR] LogOutputStream:75 - [STDERR_REDIRECT] 
2025-12-12 23:07:05,853 [ERROR] LogOutputStream:75 - [STDERR_REDIRECT] [Fatal Error] :1:1: Premature end of file.
2025-12-12 23:07:05,853 [ERROR] LogOutputStream:75 - [STDERR_REDIRECT] 
2025-12-12 23:07:06,592 [ERROR] LogOutputStream:75 - [STDERR_REDIRECT] [Fatal Error] :1:1: Premature end of file.
2025-12-12 23:07:06,592 [ERROR] LogOutputStream:75 - [STDERR_REDIRECT] 
2025-12-12 23:07:07,709 [ERROR] LogOutputStream:75 - [STDERR_REDIRECT] [Fatal Error] :1:1: Premature end of file.
2025-12-12 23:07:07,710 [ERROR] LogOutputStream:75 - [STDERR_REDIRECT] 
2025-12-12 23:07:08,767 [ERROR] LogOutputStream:75 - [STDERR_REDIRECT] [Fatal Error] :1:1: Premature end of file.
2025-12-12 23:07:08,767 [ERROR] LogOutputStream:75 - [STDERR_REDIRECT] 
2025-12-12 23:07:09,798 [ERROR] LogOutputStream:75 - [STDERR_REDIRECT] [Fatal Error] :1:1: Premature end of file.
2025-12-12 23:07:09,799 [ERROR] LogOutputStream:75 - [STDERR_REDIRECT] 
2025-12-12 23:07:10,802 [ERROR] LogOutputStream:75 - [STDERR_REDIRECT] [Fatal Error] :1:1: Premature end of file.
2025-12-12 23:07:10,802 [ERROR] LogOutputStream:75 - [STDERR_REDIRECT] 
2025-12-12 23:07:11,805 [ERROR] LogOutputStream:75 - [STDERR_REDIRECT] [Fatal Error] :1:1: Premature end of file.
2025-12-12 23:07:11,806 [ERROR] LogOutputStream:75 - [STDERR_REDIRECT] 
2025-12-12 23:07:12,803 [ERROR] LogOutputStream:75 - [STDERR_REDIRECT] [Fatal Error] :1:1: Premature end of file.
2025-12-12 23:07:12,804 [ERROR] LogOutputStream:75 - [STDERR_REDIRECT] 
2025-12-12 23:07:14,113 [ERROR] LogOutputStream:75 - [STDERR_REDIRECT] [Fatal Error] :1:1: Premature end of file.
2025-12-12 23:07:14,113 [ERROR] LogOutputStream:75 - [STDERR_REDIRECT] 
2025-12-12 23:07:15,060 [ERROR] LogOutputStream:75 - [STDERR_REDIRECT] [Fatal Error] :1:1: Premature end of file.
2025-12-12 23:07:15,060 [ERROR] LogOutputStream:75 - [STDERR_REDIRECT] 
2025-12-12 23:07:15,998 [ERROR] LogOutputStream:75 - [STDERR_REDIRECT] [Fatal Error] :1:1: Premature end of file.
2025-12-12 23:07:15,999 [ERROR] LogOutputStream:75 - [STDERR_REDIRECT] 
2025-12-12 23:07:16,660 [ERROR] LogOutputStream:75 - [STDERR_REDIRECT] [Fatal Error] :1:1: Premature end of file.
2025-12-12 23:07:16,660 [ERROR] LogOutputStream:75 - [STDERR_REDIRECT] 
2025-12-12 23:07:17,986 [ERROR] LogOutputStream:75 - [STDERR_REDIRECT] [Fatal Error] :1:1: Premature end of file.
2025-12-12 23:07:17,986 [ERROR] LogOutputStream:75 - [STDERR_REDIRECT] 
2025-12-12 23:07:18,829 [ERROR] LogOutputStream:75 - [STDERR_REDIRECT] [Fatal Error] :1:1: Premature end of file.
2025-12-12 23:07:18,829 [ERROR] LogOutputStream:75 - [STDERR_REDIRECT] 
2025-12-12 23:07:20,130 [ERROR] LogOutputStream:75 - [STDERR_REDIRECT] [Fatal Error] :1:1: Premature end of file.
2025-12-12 23:07:20,130 [ERROR] LogOutputStream:75 - [STDERR_REDIRECT] 
2025-12-12 23:07:21,115 [ERROR] LogOutputStream:75 - [STDERR_REDIRECT] [Fatal Error] :1:1: Premature end of file.
2025-12-12 23:07:21,115 [ERROR] LogOutputStream:75 - [STDERR_REDIRECT] 
2025-12-12 23:07:21,770 [ERROR] LogOutputStream:75 - [STDERR_REDIRECT] [Fatal Error] :1:1: Premature end of file.
2025-12-12 23:07:21,770 [ERROR] LogOutputStream:75 - [STDERR_REDIRECT] 
2025-12-12 23:07:22,955 [ERROR] LogOutputStream:75 - [STDERR_REDIRECT] [Fatal Error] :1:1: Premature end of file.
2025-12-12 23:07:22,956 [ERROR] LogOutputStream:75 - [STDERR_REDIRECT] 
2025-12-12 23:07:23,912 [ERROR] LogOutputStream:75 - [STDERR_REDIRECT] [Fatal Error] :1:1: Premature end of file.
2025-12-12 23:07:23,912 [ERROR] LogOutputStream:75 - [STDERR_REDIRECT] 
2025-12-12 23:07:23,914 [INFO] SoftwarePacks:190 - Size of SW pack 'STM32Cube_FW_H7_V1.12.1' is: 1715.0 MB
2025-12-12 23:07:24,883 [ERROR] LogOutputStream:75 - [STDERR_REDIRECT] [Fatal Error] :1:1: Premature end of file.
2025-12-12 23:07:24,884 [ERROR] LogOutputStream:75 - [STDERR_REDIRECT] 
2025-12-12 23:07:26,183 [ERROR] LogOutputStream:75 - [STDERR_REDIRECT] [Fatal Error] :1:1: Premature end of file.
2025-12-12 23:07:26,183 [ERROR] LogOutputStream:75 - [STDERR_REDIRECT] 
2025-12-12 23:07:27,179 [ERROR] LogOutputStream:75 - [STDERR_REDIRECT] [Fatal Error] :1:1: Premature end of file.
2025-12-12 23:07:27,181 [ERROR] LogOutputStream:75 - [STDERR_REDIRECT] 
2025-12-12 23:07:27,855 [ERROR] LogOutputStream:75 - [STDERR_REDIRECT] [Fatal Error] :1:1: Premature end of file.
2025-12-12 23:07:27,855 [ERROR] LogOutputStream:75 - [STDERR_REDIRECT] 
2025-12-12 23:07:28,626 [ERROR] LogOutputStream:75 - [STDERR_REDIRECT] [Fatal Error] :1:1: Premature end of file.
2025-12-12 23:07:28,626 [ERROR] LogOutputStream:75 - [STDERR_REDIRECT] 
2025-12-12 23:07:30,114 [ERROR] LogOutputStream:75 - [STDERR_REDIRECT] [Fatal Error] :1:1: Premature end of file.
2025-12-12 23:07:30,114 [ERROR] LogOutputStream:75 - [STDERR_REDIRECT] 
2025-12-12 23:07:31,081 [ERROR] LogOutputStream:75 - [STDERR_REDIRECT] [Fatal Error] :1:1: Premature end of file.
2025-12-12 23:07:31,082 [ERROR] LogOutputStream:75 - [STDERR_REDIRECT] 
2025-12-12 23:07:32,024 [ERROR] LogOutputStream:75 - [STDERR_REDIRECT] [Fatal Error] :1:1: Premature end of file.
2025-12-12 23:07:32,024 [ERROR] LogOutputStream:75 - [STDERR_REDIRECT] 
2025-12-12 23:07:33,278 [ERROR] LogOutputStream:75 - [STDERR_REDIRECT] [Fatal Error] :1:1: Premature end of file.
2025-12-12 23:07:33,279 [ERROR] LogOutputStream:75 - [STDERR_REDIRECT] 
2025-12-12 23:07:33,909 [ERROR] LogOutputStream:75 - [STDERR_REDIRECT] [Fatal Error] :1:1: Premature end of file.
2025-12-12 23:07:33,909 [ERROR] LogOutputStream:75 - [STDERR_REDIRECT] 
2025-12-12 23:07:36,531 [ERROR] LogOutputStream:75 - [STDERR_REDIRECT] [Fatal Error] :1:1: Premature end of file.
2025-12-12 23:07:36,533 [ERROR] LogOutputStream:75 - [STDERR_REDIRECT] 
2025-12-12 23:07:36,869 [ERROR] LogOutputStream:75 - [STDERR_REDIRECT] [Fatal Error] :1:1: Premature end of file.
2025-12-12 23:07:36,869 [ERROR] LogOutputStream:75 - [STDERR_REDIRECT] 
2025-12-12 23:07:37,498 [ERROR] LogOutputStream:75 - [STDERR_REDIRECT] [Fatal Error] :1:1: Premature end of file.
2025-12-12 23:07:37,498 [ERROR] LogOutputStream:75 - [STDERR_REDIRECT] 
2025-12-12 23:07:38,160 [ERROR] LogOutputStream:75 - [STDERR_REDIRECT] [Fatal Error] :1:1: Premature end of file.
2025-12-12 23:07:38,160 [ERROR] LogOutputStream:75 - [STDERR_REDIRECT] 
2025-12-12 23:07:39,163 [ERROR] LogOutputStream:75 - [STDERR_REDIRECT] [Fatal Error] :1:1: Premature end of file.
2025-12-12 23:07:39,163 [ERROR] LogOutputStream:75 - [STDERR_REDIRECT] 
2025-12-12 23:07:40,144 [ERROR] LogOutputStream:75 - [STDERR_REDIRECT] [Fatal Error] :1:1: Premature end of file.
2025-12-12 23:07:40,144 [ERROR] LogOutputStream:75 - [STDERR_REDIRECT] 
2025-12-12 23:07:41,119 [ERROR] LogOutputStream:75 - [STDERR_REDIRECT] [Fatal Error] :1:1: Premature end of file.
2025-12-12 23:07:41,119 [ERROR] LogOutputStream:75 - [STDERR_REDIRECT] 
2025-12-12 23:07:42,079 [ERROR] LogOutputStream:75 - [STDERR_REDIRECT] [Fatal Error] :1:1: Premature end of file.
2025-12-12 23:07:42,079 [ERROR] LogOutputStream:75 - [STDERR_REDIRECT] 
2025-12-12 23:07:43,039 [ERROR] LogOutputStream:75 - [STDERR_REDIRECT] [Fatal Error] :1:1: Premature end of file.
2025-12-12 23:07:43,040 [ERROR] LogOutputStream:75 - [STDERR_REDIRECT] 
2025-12-12 23:07:43,993 [ERROR] LogOutputStream:75 - [STDERR_REDIRECT] [Fatal Error] :1:1: Premature end of file.
2025-12-12 23:07:43,993 [ERROR] LogOutputStream:75 - [STDERR_REDIRECT] 
2025-12-12 23:07:44,943 [ERROR] LogOutputStream:75 - [STDERR_REDIRECT] [Fatal Error] :1:1: Premature end of file.
2025-12-12 23:07:44,943 [ERROR] LogOutputStream:75 - [STDERR_REDIRECT] 
2025-12-12 23:07:45,889 [ERROR] LogOutputStream:75 - [STDERR_REDIRECT] [Fatal Error] :1:1: Premature end of file.
2025-12-12 23:07:45,890 [ERROR] LogOutputStream:75 - [STDERR_REDIRECT] 
2025-12-12 23:07:47,165 [ERROR] LogOutputStream:75 - [STDERR_REDIRECT] [Fatal Error] :1:1: Premature end of file.
2025-12-12 23:07:47,165 [ERROR] LogOutputStream:75 - [STDERR_REDIRECT] 
2025-12-12 23:07:48,114 [ERROR] LogOutputStream:75 - [STDERR_REDIRECT] [Fatal Error] :1:1: Premature end of file.
2025-12-12 23:07:48,114 [ERROR] LogOutputStream:75 - [STDERR_REDIRECT] 
2025-12-12 23:07:49,066 [ERROR] LogOutputStream:75 - [STDERR_REDIRECT] [Fatal Error] :1:1: Premature end of file.
2025-12-12 23:07:49,066 [ERROR] LogOutputStream:75 - [STDERR_REDIRECT] 
2025-12-12 23:07:50,437 [ERROR] LogOutputStream:75 - [STDERR_REDIRECT] [Fatal Error] :1:1: Premature end of file.
2025-12-12 23:07:50,437 [ERROR] LogOutputStream:75 - [STDERR_REDIRECT] 
2025-12-12 23:07:51,069 [ERROR] LogOutputStream:75 - [STDERR_REDIRECT] [Fatal Error] :1:1: Premature end of file.
2025-12-12 23:07:51,069 [ERROR] LogOutputStream:75 - [STDERR_REDIRECT] 
2025-12-12 23:07:52,037 [ERROR] LogOutputStream:75 - [STDERR_REDIRECT] [Fatal Error] :1:1: Premature end of file.
2025-12-12 23:07:52,037 [ERROR] LogOutputStream:75 - [STDERR_REDIRECT] 
2025-12-12 23:07:53,016 [ERROR] LogOutputStream:75 - [STDERR_REDIRECT] [Fatal Error] :1:1: Premature end of file.
2025-12-12 23:07:53,016 [ERROR] LogOutputStream:75 - [STDERR_REDIRECT] 
2025-12-12 23:07:53,980 [ERROR] LogOutputStream:75 - [STDERR_REDIRECT] [Fatal Error] :1:1: Premature end of file.
2025-12-12 23:07:53,980 [ERROR] LogOutputStream:75 - [STDERR_REDIRECT] 
2025-12-12 23:07:54,951 [ERROR] LogOutputStream:75 - [STDERR_REDIRECT] [Fatal Error] :1:1: Premature end of file.
2025-12-12 23:07:54,951 [ERROR] LogOutputStream:75 - [STDERR_REDIRECT] 
2025-12-12 23:07:55,920 [ERROR] LogOutputStream:75 - [STDERR_REDIRECT] [Fatal Error] :1:1: Premature end of file.
2025-12-12 23:07:55,920 [ERROR] LogOutputStream:75 - [STDERR_REDIRECT] 
2025-12-12 23:07:56,887 [INFO] ExampleToolKit:675 - [info] 2025/12/12 23:07:56
2025-12-12 23:07:56,887 [INFO] ExampleToolKit:723 - [info] Start Project: LwIP_TCP_Echo_Server
2025-12-12 23:07:56,889 [ERROR] LogOutputStream:75 - [STDERR_REDIRECT] [Fatal Error] :1:1: Premature end of file.
2025-12-12 23:07:56,890 [ERROR] LogOutputStream:75 - [STDERR_REDIRECT] 
2025-12-12 23:07:56,891 [WARN] ExampleToolKit:785 - [WARNING] IDE PROJECT 'SW4STM32' NOT FOUND
2025-12-12 23:07:56,891 [INFO] ExampleToolKit:817 - [info] Project path: C:\Users\akash\Documents\git\STMPlayground\H723\LwIP_TCP_Echo_Server
2025-12-12 23:07:57,864 [ERROR] LogOutputStream:75 - [STDERR_REDIRECT] [Fatal Error] :1:1: Premature end of file.
2025-12-12 23:07:57,864 [ERROR] LogOutputStream:75 - [STDERR_REDIRECT] 
2025-12-12 23:07:59,132 [ERROR] LogOutputStream:75 - [STDERR_REDIRECT] [Fatal Error] :1:1: Premature end of file.
2025-12-12 23:07:59,133 [ERROR] LogOutputStream:75 - [STDERR_REDIRECT] 
2025-12-12 23:08:00,082 [ERROR] LogOutputStream:75 - [STDERR_REDIRECT] [Fatal Error] :1:1: Premature end of file.
2025-12-12 23:08:00,082 [ERROR] LogOutputStream:75 - [STDERR_REDIRECT] 
2025-12-12 23:08:01,032 [ERROR] LogOutputStream:75 - [STDERR_REDIRECT] [Fatal Error] :1:1: Premature end of file.
2025-12-12 23:08:01,032 [ERROR] LogOutputStream:75 - [STDERR_REDIRECT] 
2025-12-12 23:08:01,980 [ERROR] LogOutputStream:75 - [STDERR_REDIRECT] [Fatal Error] :1:1: Premature end of file.
2025-12-12 23:08:01,980 [ERROR] LogOutputStream:75 - [STDERR_REDIRECT] 
2025-12-12 23:08:02,932 [ERROR] LogOutputStream:75 - [STDERR_REDIRECT] [Fatal Error] :1:1: Premature end of file.
2025-12-12 23:08:02,932 [ERROR] LogOutputStream:75 - [STDERR_REDIRECT] 
2025-12-12 23:08:03,881 [ERROR] LogOutputStream:75 - [STDERR_REDIRECT] [Fatal Error] :1:1: Premature end of file.
2025-12-12 23:08:04,585 [ERROR] LogOutputStream:75 - [STDERR_REDIRECT] 
2025-12-12 23:08:05,217 [ERROR] LogOutputStream:75 - [STDERR_REDIRECT] [Fatal Error] :1:1: Premature end of file.
2025-12-12 23:08:05,218 [ERROR] LogOutputStream:75 - [STDERR_REDIRECT] 
2025-12-12 23:08:53,472 [ERROR] LogOutputStream:75 - [STDERR_REDIRECT] Exception in thread "D3D Screen Updater" Exception in thread "Serial Ports Filter" Error while logging event loop exception:
2025-12-12 23:08:53,473 [ERROR] LogOutputStream:75 - [STDERR_REDIRECT] Exception in thread "JNA Cleaner" java.lang.OutOfMemoryError: Java heap space
2025-12-12 23:08:53,474 [ERROR] LogOutputStream:75 - [STDERR_REDIRECT] Exception in thread "Thread-17" java.lang.OutOfMemoryError: Java heap space
2025-12-12 23:08:53,475 [ERROR] LogOutputStream:75 - [STDERR_REDIRECT] java.lang.OutOfMemoryError: Java heap space
2025-12-12 23:08:53,476 [ERROR] LogOutputStream:75 - [STDERR_REDIRECT] java.lang.OutOfMemoryError: Java heap space
2025-12-12 23:08:53,476 [ERROR] LogOutputStream:75 - [STDERR_REDIRECT] 	at java.base/java.lang.StringBuilder.toString(StringBuilder.java:475)
2025-12-12 23:08:53,762 [ERROR] LogOutputStream:75 - [STDERR_REDIRECT] 	at org.apache.commons.io.output.StringBuilderWriter.toString(StringBuilderWriter.java:140)
2025-12-12 23:08:53,763 [ERROR] LogOutputStream:75 - [STDERR_REDIRECT] 	at org.apache.commons.io.IOUtils.toString(IOUtils.java:3169)
2025-12-12 23:08:53,764 [ERROR] LogOutputStream:75 - [STDERR_REDIRECT] 	at com.st.stm32cube.ide.mpu.remote.serial.internal.SerialPortProviderWindows.run(SerialPortProviderWindows.java:117)
2025-12-12 23:08:53,764 [ERROR] LogOutputStream:75 - [STDERR_REDIRECT] 	at java.base/java.util.TimerThread.mainLoop(Timer.java:566)
2025-12-12 23:08:53,765 [ERROR] LogOutputStream:75 - [STDERR_REDIRECT] 	at java.base/java.util.TimerThread.run(Timer.java:516)
2025-12-12 23:08:53,766 [ERROR] LogOutputStream:75 - [STDERR_REDIRECT] Exception in thread "HttpClient-1-SelectorManager" java.lang.OutOfMemoryError: Java heap space
2025-12-12 23:08:53,767 [ERROR] LogOutputStream:75 - [STDERR_REDIRECT] java.lang.OutOfMemoryError: Java heap space
2025-12-12 23:08:53,767 [ERROR] LogOutputStream:75 - [STDERR_REDIRECT] Logging exception:
2025-12-12 23:08:53,768 [ERROR] LogOutputStream:75 - [STDERR_REDIRECT] java.lang.OutOfMemoryError: Java heap space
2025-12-12 23:10:26,262 [INFO] WebApp:403 - JxBrowser engine has been closed 
