2025-12-13 09:27:07,568 [INFO] Activator:176 - 


2025-12-13 09:27:07,572 [INFO] Activator:177 - !SESSION log4j initialized
2025-12-13 09:27:09,840 [INFO] LogOutputStream:77 - [STDOUT_REDIRECT] 
2025-12-13 09:27:11,381 [INFO] ApplicationProperties:184 - Using Application install path: C:\ST\STM32CubeIDE_1.19.0\STM32CubeIDE\plugins\com.st.stm32cube.common.mx_6.15.0.202507011659
2025-12-13 09:27:11,394 [INFO] DbMcusXml:78 - Set database path to: C:\ST\STM32CubeIDE_1.19.0\STM32CubeIDE\plugins\com.st.stm32cube.common.mx_6.15.0.202507011659\\db\/mcu/
2025-12-13 09:27:11,394 [INFO] ApiDb:274 - Set plugin database path to: C:\ST\STM32CubeIDE_1.19.0\STM32CubeIDE\plugins\com.st.stm32cube.common.mx_6.15.0.202507011659\\db\/plugins/boardmanager/
2025-12-13 09:27:11,395 [WARN] ApiDb:259 - Overriding images path with different value:  => C:\ST\STM32CubeIDE_1.19.0\STM32CubeIDE\plugins\com.st.stm32cube.common.mx_6.15.0.202507011659\\db\/plugins/mcufinder/images/
2025-12-13 09:27:11,400 [INFO] ApiDb:250 - Set database path to: C:\Users\akash\.stmcufinder\plugins\mcufinder//mcu/
2025-12-13 09:27:11,401 [INFO] DbMcusAds:125 - Set database path to: C:\Users\akash\.stmcufinder\plugins\mcufinder//mcu/
2025-12-13 09:27:11,403 [INFO] CrossReferenceDbSqlite:203 - Set database path to: C:\Users\akash\.stmcufinder\plugins\mcufinder//mcu/cs/
2025-12-13 09:27:11,495 [INFO] RulesReader:64 - Compatibility file has been processed (317 Rules)
2025-12-13 09:27:11,553 [INFO] DbMcusXml:78 - Set database path to: C:\ST\STM32CubeIDE_1.19.0\STM32CubeIDE\plugins\com.st.stm32cube.common.mx_6.15.0.202507011659\\db\/mcu/
2025-12-13 09:27:11,553 [INFO] ApiDb:274 - Set plugin database path to: C:\ST\STM32CubeIDE_1.19.0\STM32CubeIDE\plugins\com.st.stm32cube.common.mx_6.15.0.202507011659\\db\/plugins/boardmanager/
2025-12-13 09:27:11,553 [INFO] ApiDb:261 - Set plugin images path to: C:\ST\STM32CubeIDE_1.19.0\STM32CubeIDE\plugins\com.st.stm32cube.common.mx_6.15.0.202507011659\\db\/plugins/mcufinder/images/
2025-12-13 09:27:11,553 [WARN] DbFile:41 - Overriding database path with different value: C:\Users\akash\.stmcufinder\plugins\mcufinder/ => C:\Users\akash\.stmcufinder\plugins\mcufinder
2025-12-13 09:27:11,553 [INFO] ApiDb:250 - Set database path to: C:\Users\akash\.stmcufinder\plugins\mcufinder//mcu/
2025-12-13 09:27:11,554 [WARN] DbFile:41 - Overriding database path with different value: C:\Users\akash\.stmcufinder\plugins\mcufinder/ => C:\Users\akash\.stmcufinder\plugins\mcufinder
2025-12-13 09:27:11,554 [INFO] DbMcusAds:125 - Set database path to: C:\Users\akash\.stmcufinder\plugins\mcufinder//mcu/
2025-12-13 09:27:11,554 [WARN] DbFile:41 - Overriding database path with different value: C:\Users\akash\.stmcufinder\plugins\mcufinder/ => C:\Users\akash\.stmcufinder\plugins\mcufinder
2025-12-13 09:27:11,554 [WARN] DbFile:41 - Overriding database path with different value: C:\Users\akash\.stmcufinder\plugins\mcufinder/ => C:\Users\akash\.stmcufinder\plugins\mcufinder
2025-12-13 09:27:11,554 [INFO] CrossReferenceDbSqlite:203 - Set database path to: C:\Users\akash\.stmcufinder\plugins\mcufinder//mcu/cs/
2025-12-13 09:27:11,608 [INFO] MainPanel:274 - HeapMemory: 268435456
2025-12-13 09:27:11,684 [INFO] DbMcusXml:78 - Set database path to: C:\ST\STM32CubeIDE_1.19.0\STM32CubeIDE\plugins\com.st.stm32cube.common.mx_6.15.0.202507011659\\db\/mcu/
2025-12-13 09:27:11,684 [INFO] ApiDb:274 - Set plugin database path to: C:\ST\STM32CubeIDE_1.19.0\STM32CubeIDE\plugins\com.st.stm32cube.common.mx_6.15.0.202507011659\\db\/plugins/boardmanager/
2025-12-13 09:27:11,684 [INFO] ApiDb:261 - Set plugin images path to: C:\ST\STM32CubeIDE_1.19.0\STM32CubeIDE\plugins\com.st.stm32cube.common.mx_6.15.0.202507011659\\db\/plugins/mcufinder/images/
2025-12-13 09:27:11,684 [WARN] DbFile:41 - Overriding database path with different value: C:\Users\akash\.stmcufinder\plugins\mcufinder/ => C:\Users\akash\.stmcufinder\plugins\mcufinder
2025-12-13 09:27:11,684 [INFO] ApiDb:250 - Set database path to: C:\Users\akash\.stmcufinder\plugins\mcufinder//mcu/
2025-12-13 09:27:11,684 [WARN] DbFile:41 - Overriding database path with different value: C:\Users\akash\.stmcufinder\plugins\mcufinder/ => C:\Users\akash\.stmcufinder\plugins\mcufinder
2025-12-13 09:27:11,684 [INFO] DbMcusAds:125 - Set database path to: C:\Users\akash\.stmcufinder\plugins\mcufinder//mcu/
2025-12-13 09:27:11,684 [WARN] DbFile:41 - Overriding database path with different value: C:\Users\akash\.stmcufinder\plugins\mcufinder/ => C:\Users\akash\.stmcufinder\plugins\mcufinder
2025-12-13 09:27:11,684 [WARN] DbFile:41 - Overriding database path with different value: C:\Users\akash\.stmcufinder\plugins\mcufinder/ => C:\Users\akash\.stmcufinder\plugins\mcufinder
2025-12-13 09:27:11,685 [INFO] CrossReferenceDbSqlite:203 - Set database path to: C:\Users\akash\.stmcufinder\plugins\mcufinder//mcu/cs/
2025-12-13 09:27:11,697 [INFO] ApplicationProperties:184 - Using Application install path: C:\ST\STM32CubeIDE_1.19.0\STM32CubeIDE\plugins\com.st.stm32cube.common.mx_6.15.0.202507011659
2025-12-13 09:27:11,698 [INFO] PluginManage:196 - Search for loadable plugins [exclusion list=, ]
2025-12-13 09:27:11,698 [INFO] PluginManage:310 - Check plugin analytics
2025-12-13 09:27:11,837 [INFO] AnalyticsPlugin:253 - Accepted Software Licenses: STM32CubeMX.6.15.0
2025-12-13 09:27:11,837 [INFO] AnalyticsPlugin:255 - Accepted CMSIS Pack Licenses: STMicroelectronics.X-CUBE-AZRTOS-H7.3.3.0,STMicroelectronics.X-CUBE-AZRTOS-H7.3.4.0
2025-12-13 09:27:11,837 [INFO] AnalyticsPlugin:257 - Accepted Firmware Licenses: FW.H7.1.12.0,FW.G0.1.6.0,FW.G4.1.6.0
2025-12-13 09:27:11,840 [INFO] PluginManage:359 - Loaded plugin analytics (category:tool,tabindex:-1)
2025-12-13 09:27:11,840 [INFO] PluginManage:310 - Check plugin cadmodel
2025-12-13 09:27:11,845 [INFO] CADModel:105 - Init CAD model plugin
2025-12-13 09:27:11,845 [INFO] PluginManage:359 - Loaded plugin cadmodel (category:power,tabindex:5)
2025-12-13 09:27:11,845 [INFO] PluginManage:310 - Check plugin clock
2025-12-13 09:27:11,852 [INFO] PluginManage:359 - Loaded plugin clock (category:base,tabindex:2)
2025-12-13 09:27:11,852 [INFO] PluginManage:310 - Check plugin ddr
2025-12-13 09:27:11,854 [INFO] PluginManage:359 - Loaded plugin ddr (category:tool,tabindex:6)
2025-12-13 09:27:11,854 [INFO] PluginManage:310 - Check plugin filemanager
2025-12-13 09:27:12,000 [INFO] PluginManage:359 - Loaded plugin filemanager (category:base,tabindex:10)
2025-12-13 09:27:12,000 [INFO] PluginManage:310 - Check plugin ipmanager
2025-12-13 09:27:12,007 [INFO] PluginManage:359 - Loaded plugin ipmanager (category:base,tabindex:5)
2025-12-13 09:27:12,007 [INFO] PluginManage:310 - Check plugin lpbam
2025-12-13 09:27:12,014 [INFO] PluginManage:359 - Loaded plugin lpbam (category:base,tabindex:0)
2025-12-13 09:27:12,014 [INFO] PluginManage:310 - Check plugin memorymap
2025-12-13 09:27:12,026 [INFO] PluginManage:359 - Loaded plugin memorymap (category:base,tabindex:4)
2025-12-13 09:27:12,026 [INFO] PluginManage:310 - Check plugin pinoutandconfiguration
2025-12-13 09:27:12,032 [INFO] PluginManage:359 - Loaded plugin pinoutandconfiguration (category:base,tabindex:1)
2025-12-13 09:27:12,032 [INFO] PluginManage:310 - Check plugin pinoutconfig
2025-12-13 09:27:12,092 [WARN] SupportedApi:132 - Cannot load RTOS API schema: s4s-elt-must-match.1: The content of 'definitions' must match (annotation?, (simpleType | complexType)?, (unique | key | keyref)*)). A problem was found starting at: attribute.
2025-12-13 09:27:12,196 [INFO] PluginManage:359 - Loaded plugin pinoutconfig (category:base,tabindex:0)
2025-12-13 09:27:12,197 [INFO] PluginManage:310 - Check plugin power
2025-12-13 09:27:12,203 [INFO] PluginManage:359 - Loaded plugin power (category:power,tabindex:4)
2025-12-13 09:27:12,204 [INFO] PluginManage:310 - Check plugin projectmanager
2025-12-13 09:27:12,215 [INFO] PluginManage:359 - Loaded plugin projectmanager (category:projectmanager,tabindex:4)
2025-12-13 09:27:12,215 [INFO] PluginManage:310 - Check plugin rif
2025-12-13 09:27:12,222 [INFO] PluginManage:359 - Loaded plugin rif (category:base,tabindex:3)
2025-12-13 09:27:12,223 [INFO] PluginManage:310 - Check plugin thirdparty
2025-12-13 09:27:12,317 [INFO] PluginManage:359 - Loaded plugin thirdparty (category:base,tabindex:-1)
2025-12-13 09:27:12,317 [WARN] IntegrityCheckThread:84 - waiting for thirdparty lock release [integrity check]
2025-12-13 09:27:12,317 [INFO] PluginManage:310 - Check plugin tools
2025-12-13 09:27:12,317 [INFO] IntegrityCheckThread:86 - entering critical section [integrity check]
2025-12-13 09:27:12,317 [INFO] ThirdPartyUpdaterWithRetryManager:70 - Updater plugin not ready yet. [1/15]
2025-12-13 09:27:12,319 [INFO] PluginManage:359 - Loaded plugin tools (category:base,tabindex:7)
2025-12-13 09:27:12,319 [INFO] PluginManage:310 - Check plugin tutovideos
2025-12-13 09:27:12,460 [INFO] PluginManage:359 - Loaded plugin tutovideos (category:base,tabindex:-1)
2025-12-13 09:27:12,461 [INFO] PluginManage:310 - Check plugin updater
2025-12-13 09:27:12,476 [INFO] PluginManage:359 - Loaded plugin updater (category:base,tabindex:12)
2025-12-13 09:27:12,476 [INFO] PluginManage:310 - Check plugin userauth
2025-12-13 09:27:12,479 [INFO] UserAuth:118 - Init User Auth plugin
2025-12-13 09:27:12,480 [INFO] PluginManage:359 - Loaded plugin userauth (category:base,tabindex:14)
2025-12-13 09:27:12,480 [INFO] PluginManage:283 - PluginManage : Loaded plugins [18]
2025-12-13 09:27:12,634 [INFO] PinOutPanel:1589 - setPackage(No Configuration,No Configuration)
2025-12-13 09:27:12,695 [INFO] CADModel:165 - CPN selected for project level
2025-12-13 09:27:12,695 [INFO] CADModel:114 - Register for checkConnection events
2025-12-13 09:27:12,706 [INFO] IPUIPlugin:80 - create IPUIPlugin
2025-12-13 09:27:12,706 [INFO] PluginManager:220 - loadIPPluginJar : add adc
2025-12-13 09:27:12,708 [INFO] IPUIPlugin:80 - create IPUIPlugin
2025-12-13 09:27:12,708 [INFO] PluginManager:220 - loadIPPluginJar : add aes
2025-12-13 09:27:12,710 [INFO] IPUIPlugin:80 - create IPUIPlugin
2025-12-13 09:27:12,710 [INFO] PluginManager:220 - loadIPPluginJar : add can
2025-12-13 09:27:12,711 [INFO] IPUIPlugin:80 - create IPUIPlugin
2025-12-13 09:27:12,711 [INFO] PluginManager:220 - loadIPPluginJar : add comp
2025-12-13 09:27:12,712 [INFO] IPUIPlugin:80 - create IPUIPlugin
2025-12-13 09:27:12,712 [INFO] PluginManager:220 - loadIPPluginJar : add cryp
2025-12-13 09:27:12,715 [INFO] IPUIPlugin:80 - create IPUIPlugin
2025-12-13 09:27:12,715 [INFO] PluginManager:220 - loadIPPluginJar : add ddr_ctrl_phy
2025-12-13 09:27:12,718 [INFO] IPUIPlugin:80 - create IPUIPlugin
2025-12-13 09:27:12,718 [INFO] PluginManager:220 - loadIPPluginJar : add dfsdm
2025-12-13 09:27:12,721 [INFO] IPUIPlugin:80 - create IPUIPlugin
2025-12-13 09:27:12,721 [INFO] PluginManager:220 - loadIPPluginJar : add dma
2025-12-13 09:27:12,723 [INFO] IPUIPlugin:80 - create IPUIPlugin
2025-12-13 09:27:12,723 [INFO] PluginManager:220 - loadIPPluginJar : add dma3
2025-12-13 09:27:12,725 [INFO] IPUIPlugin:80 - create IPUIPlugin
2025-12-13 09:27:12,725 [INFO] PluginManager:220 - loadIPPluginJar : add extmemmanager
2025-12-13 09:27:12,726 [INFO] IPUIPlugin:80 - create IPUIPlugin
2025-12-13 09:27:12,726 [INFO] PluginManager:220 - loadIPPluginJar : add fatfs
2025-12-13 09:27:12,728 [INFO] IPUIPlugin:80 - create IPUIPlugin
2025-12-13 09:27:12,728 [INFO] PluginManager:220 - loadIPPluginJar : add fmc
2025-12-13 09:27:12,732 [INFO] IPUIPlugin:80 - create IPUIPlugin
2025-12-13 09:27:12,732 [INFO] PluginManager:220 - loadIPPluginJar : add freertos
2025-12-13 09:27:12,733 [INFO] IPUIPlugin:80 - create IPUIPlugin
2025-12-13 09:27:12,733 [INFO] PluginManager:220 - loadIPPluginJar : add genericplugin
2025-12-13 09:27:12,735 [INFO] IPUIPlugin:80 - create IPUIPlugin
2025-12-13 09:27:12,735 [INFO] PluginManager:220 - loadIPPluginJar : add gfxmmu
2025-12-13 09:27:12,739 [INFO] IPUIPlugin:80 - create IPUIPlugin
2025-12-13 09:27:12,739 [INFO] PluginManager:220 - loadIPPluginJar : add gic
2025-12-13 09:27:12,741 [INFO] IPUIPlugin:80 - create IPUIPlugin
2025-12-13 09:27:12,741 [INFO] PluginManager:220 - loadIPPluginJar : add gpio
2025-12-13 09:27:12,744 [INFO] IPUIPlugin:80 - create IPUIPlugin
2025-12-13 09:27:12,744 [INFO] PluginManager:220 - loadIPPluginJar : add gtzc
2025-12-13 09:27:12,745 [INFO] IPUIPlugin:80 - create IPUIPlugin
2025-12-13 09:27:12,745 [INFO] PluginManager:220 - loadIPPluginJar : add hash
2025-12-13 09:27:12,747 [INFO] IPUIPlugin:80 - create IPUIPlugin
2025-12-13 09:27:12,748 [INFO] PluginManager:220 - loadIPPluginJar : add i2c
2025-12-13 09:27:12,750 [INFO] IPUIPlugin:80 - create IPUIPlugin
2025-12-13 09:27:12,750 [INFO] PluginManager:220 - loadIPPluginJar : add i2s
2025-12-13 09:27:12,753 [INFO] IPUIPlugin:80 - create IPUIPlugin
2025-12-13 09:27:12,753 [INFO] PluginManager:220 - loadIPPluginJar : add i3c
2025-12-13 09:27:12,755 [INFO] IPUIPlugin:80 - create IPUIPlugin
2025-12-13 09:27:12,755 [INFO] PluginManager:220 - loadIPPluginJar : add ipddr
2025-12-13 09:27:12,759 [INFO] IPUIPlugin:80 - create IPUIPlugin
2025-12-13 09:27:12,759 [INFO] PluginManager:220 - loadIPPluginJar : add linkedlist
2025-12-13 09:27:12,761 [INFO] IPUIPlugin:80 - create IPUIPlugin
2025-12-13 09:27:12,761 [INFO] PluginManager:220 - loadIPPluginJar : add lorawan
2025-12-13 09:27:12,763 [INFO] IPUIPlugin:80 - create IPUIPlugin
2025-12-13 09:27:12,763 [INFO] PluginManager:220 - loadIPPluginJar : add ltdc
2025-12-13 09:27:12,766 [INFO] IPUIPlugin:80 - create IPUIPlugin
2025-12-13 09:27:12,766 [INFO] PluginManager:220 - loadIPPluginJar : add mdma
2025-12-13 09:27:12,768 [INFO] IPUIPlugin:80 - create IPUIPlugin
2025-12-13 09:27:12,768 [INFO] PluginManager:220 - loadIPPluginJar : add nvic
2025-12-13 09:27:12,771 [INFO] IPUIPlugin:80 - create IPUIPlugin
2025-12-13 09:27:12,771 [INFO] PluginManager:220 - loadIPPluginJar : add opamp
2025-12-13 09:27:12,773 [INFO] IPUIPlugin:80 - create IPUIPlugin
2025-12-13 09:27:12,773 [INFO] PluginManager:220 - loadIPPluginJar : add openamp
2025-12-13 09:27:12,775 [INFO] IPUIPlugin:80 - create IPUIPlugin
2025-12-13 09:27:12,775 [INFO] PluginManager:220 - loadIPPluginJar : add pdm2pcm
2025-12-13 09:27:12,780 [INFO] IPUIPlugin:80 - create IPUIPlugin
2025-12-13 09:27:12,781 [INFO] PluginManager:220 - loadIPPluginJar : add plateformsettings
2025-12-13 09:27:12,782 [INFO] IPUIPlugin:80 - create IPUIPlugin
2025-12-13 09:27:12,782 [INFO] PluginManager:220 - loadIPPluginJar : add quadspi
2025-12-13 09:27:12,783 [INFO] IPUIPlugin:80 - create IPUIPlugin
2025-12-13 09:27:12,783 [INFO] PluginManager:220 - loadIPPluginJar : add radio
2025-12-13 09:27:12,786 [INFO] IPUIPlugin:80 - create IPUIPlugin
2025-12-13 09:27:12,786 [INFO] PluginManager:220 - loadIPPluginJar : add resmgrutility
2025-12-13 09:27:12,788 [INFO] IPUIPlugin:80 - create IPUIPlugin
2025-12-13 09:27:12,788 [INFO] PluginManager:220 - loadIPPluginJar : add sai
2025-12-13 09:27:12,789 [INFO] IPUIPlugin:80 - create IPUIPlugin
2025-12-13 09:27:12,789 [INFO] PluginManager:220 - loadIPPluginJar : add spi
2025-12-13 09:27:12,793 [INFO] IPUIPlugin:80 - create IPUIPlugin
2025-12-13 09:27:12,793 [INFO] PluginManager:220 - loadIPPluginJar : add stm32_wpan
2025-12-13 09:27:12,794 [INFO] IPUIPlugin:80 - create IPUIPlugin
2025-12-13 09:27:12,794 [INFO] PluginManager:220 - loadIPPluginJar : add tim
2025-12-13 09:27:12,797 [INFO] IPUIPlugin:80 - create IPUIPlugin
2025-12-13 09:27:12,797 [INFO] PluginManager:220 - loadIPPluginJar : add touchsensing
2025-12-13 09:27:12,798 [INFO] IPUIPlugin:80 - create IPUIPlugin
2025-12-13 09:27:12,798 [INFO] PluginManager:220 - loadIPPluginJar : add tracer_emb
2025-12-13 09:27:12,799 [INFO] IPUIPlugin:80 - create IPUIPlugin
2025-12-13 09:27:12,799 [INFO] PluginManager:220 - loadIPPluginJar : add ts
2025-12-13 09:27:12,800 [INFO] IPUIPlugin:80 - create IPUIPlugin
2025-12-13 09:27:12,800 [INFO] PluginManager:220 - loadIPPluginJar : add tsc
2025-12-13 09:27:12,801 [INFO] IPUIPlugin:80 - create IPUIPlugin
2025-12-13 09:27:12,801 [INFO] PluginManager:220 - loadIPPluginJar : add ucpd
2025-12-13 09:27:12,803 [INFO] IPUIPlugin:80 - create IPUIPlugin
2025-12-13 09:27:12,804 [INFO] PluginManager:220 - loadIPPluginJar : add usart
2025-12-13 09:27:12,805 [INFO] IPUIPlugin:80 - create IPUIPlugin
2025-12-13 09:27:12,805 [INFO] PluginManager:220 - loadIPPluginJar : add usbx
2025-12-13 09:27:12,915 [FATAL] Updater:351 - Updater called before beeing initialized
2025-12-13 09:27:12,938 [INFO] RulesReader:64 - Compatibility file has been processed (317 Rules)
2025-12-13 09:27:12,948 [INFO] RulesReader:64 - Compatibility file has been processed (317 Rules)
2025-12-13 09:27:12,954 [INFO] CADModel:165 - CPN selected for project level
2025-12-13 09:27:12,954 [INFO] CADModel:114 - Register for checkConnection events
2025-12-13 09:27:12,954 [FATAL] Updater:351 - Updater called before beeing initialized
2025-12-13 09:27:12,954 [ERROR] CADModel:125 - Updater not yet initialized, retry later 
2025-12-13 09:27:13,048 [FATAL] Updater:351 - Updater called before beeing initialized
2025-12-13 09:27:13,050 [INFO] CADModel:165 - CPN selected for project level
2025-12-13 09:27:13,050 [INFO] CADModel:114 - Register for checkConnection events
2025-12-13 09:27:13,050 [FATAL] Updater:351 - Updater called before beeing initialized
2025-12-13 09:27:13,050 [ERROR] CADModel:125 - Updater not yet initialized, retry later 
2025-12-13 09:27:13,051 [FATAL] Updater:351 - Updater called before beeing initialized
2025-12-13 09:27:13,124 [FATAL] Updater:351 - Updater called before beeing initialized
2025-12-13 09:27:13,128 [INFO] DbMcusAds:53 - JSON generation date=Mon Dec 08 06:28:10 PST 2025 (1765204090004)
2025-12-13 09:27:13,128 [FATAL] Updater:351 - Updater called before beeing initialized
2025-12-13 09:27:13,157 [WARN] DetailPanel:346 - Failed to get advertising image, set to default
2025-12-13 09:27:13,220 [FATAL] Updater:351 - Updater called before beeing initialized
2025-12-13 09:27:13,221 [FATAL] Updater:351 - Updater called before beeing initialized
2025-12-13 09:27:13,221 [FATAL] Updater:351 - Updater called before beeing initialized
2025-12-13 09:27:13,222 [WARN] DetailPanel:346 - Failed to get advertising image, set to default
2025-12-13 09:27:13,222 [FATAL] Updater:351 - Updater called before beeing initialized
2025-12-13 09:27:13,255 [ERROR] Updater:1198 - MainUpdater not yet initialized. External WinMGr cannot be set.
2025-12-13 09:27:13,256 [INFO] Updater:1134 - Updater Version found : 6.15.0
2025-12-13 09:27:13,268 [INFO] ApplicationProperties:184 - Using Application install path: C:\ST\STM32CubeIDE_1.19.0\STM32CubeIDE\plugins\com.st.stm32cube.common.mx_6.15.0.202507011659
2025-12-13 09:27:14,834 [ERROR] LogOutputStream:75 - [STDERR_REDIRECT] Dec 13, 2025 9:27:14 AM java.util.prefs.WindowsPreferences <init>
2025-12-13 09:27:14,835 [ERROR] LogOutputStream:75 - [STDERR_REDIRECT] WARNING: Could not open/create prefs root node Software\JavaSoft\Prefs at root 0xffffffff80000002. Windows RegCreateKeyEx(...) returned error code 5.
2025-12-13 09:27:14,835 [ERROR] LogOutputStream:75 - [STDERR_REDIRECT] 
2025-12-13 09:27:15,055 [INFO] MainUpdater:2872 - connection check result : 10
2025-12-13 09:27:15,055 [INFO] MainUpdater:289 - Updater Check For Update Now.
2025-12-13 09:27:15,057 [INFO] MicroXplorer:498 - Change Database Version : DB.6.0.150
2025-12-13 09:27:15,062 [INFO] McuFinderGlobals:63 - Set McuFinder mode to 2 (CubeIDE integrated)
2025-12-13 09:27:15,063 [INFO] UserAuth:487 - Internet connection configuration mode: 1
2025-12-13 09:27:15,078 [INFO] JxBrowserEngine:152 - Initiate JxBrowser Engine with user profile folder
2025-12-13 09:27:15,229 [INFO] CheckServerUpdateThread:120 - End of CheckServer Thread
2025-12-13 09:27:15,498 [WARN] PackLoader:240 - Cannot read IP mode file for STMicroelectronics.FP-SNS-MOTENVWB1.1.4.0
2025-12-13 09:27:15,505 [WARN] PackLoader:240 - Cannot read IP mode file for STMicroelectronics.FP-ATR-ASTRA1.2.0.2
2025-12-13 09:27:15,510 [WARN] PackLoader:240 - Cannot read IP mode file for STMicroelectronics.X-CUBE-SMBUS.2.1.0
2025-12-13 09:27:15,514 [WARN] PackLoader:240 - Cannot read IP mode file for STMicroelectronics.X-CUBE-ST60.1.0.0
2025-12-13 09:27:15,536 [WARN] PackLoader:240 - Cannot read IP mode file for STMicroelectronics.X-CUBE-AZRTOS-F7.1.1.0
2025-12-13 09:27:15,542 [WARN] PackLoader:240 - Cannot read IP mode file for STMicroelectronics.FP-SNS-MOTENV1.5.1.0
2025-12-13 09:27:15,561 [WARN] PackLoader:240 - Cannot read IP mode file for Infineon.AIROC-Wi-Fi-Bluetooth-STM32.1.7.1
2025-12-13 09:27:15,582 [WARN] PackLoader:240 - Cannot read IP mode file for STMicroelectronics.X-CUBE-AZRTOS-H7.3.4.0
2025-12-13 09:27:15,737 [WARN] PackLoader:240 - Cannot read IP mode file for STMicroelectronics.X-CUBE-DISPLAY.3.0.0
2025-12-13 09:27:15,745 [WARN] PackLoader:240 - Cannot read IP mode file for STMicroelectronics.X-CUBE-NFC10.1.0.0
2025-12-13 09:27:15,749 [WARN] PackLoader:240 - Cannot read IP mode file for STMicroelectronics.X-CUBE-ST60.1.1.0
2025-12-13 09:27:15,758 [WARN] PackLoader:240 - Cannot read IP mode file for emotas.I-CUBE-CANOPEN.1.3.0
2025-12-13 09:27:15,764 [WARN] PackLoader:240 - Cannot read IP mode file for STMicroelectronics.X-CUBE-GNSS1.7.1.0
2025-12-13 09:27:15,833 [WARN] PackLoader:240 - Cannot read IP mode file for STMicroelectronics.FP-SNS-STBOX1.2.1.0
2025-12-13 09:27:15,838 [WARN] PackLoader:240 - Cannot read IP mode file for STMicroelectronics.FP-SNS-SMARTAG2.1.2.0
2025-12-13 09:27:15,842 [WARN] PackLoader:240 - Cannot read IP mode file for STMicroelectronics.FP-SNS-FLIGHT1.5.1.0
2025-12-13 09:27:15,847 [INFO] LogOutputStream:77 - [STDOUT_REDIRECT] 1 : Invalid condition id : UX_CORESTACK_Condition cause : null
2025-12-13 09:27:15,848 [INFO] LogOutputStream:77 - [STDOUT_REDIRECT] 1 : Invalid condition id : UX_CORESTACK_Condition cause : null
2025-12-13 09:27:15,849 [INFO] LogOutputStream:77 - [STDOUT_REDIRECT] 1 : Invalid condition id : UX_CORESTACK_Condition cause : null
2025-12-13 09:27:15,849 [INFO] LogOutputStream:77 - [STDOUT_REDIRECT] 1 : Invalid condition id : UX_CORESTACK_Condition cause : null
2025-12-13 09:27:15,850 [INFO] LogOutputStream:77 - [STDOUT_REDIRECT] 1 : Invalid condition id : UX_CORESTACK_Condition cause : null
2025-12-13 09:27:15,853 [WARN] PackLoader:240 - Cannot read IP mode file for STMicroelectronics.X-CUBE-AZRTOS-WL.2.0.0
2025-12-13 09:27:15,857 [WARN] PackLoader:240 - Cannot read IP mode file for STMicroelectronics.FP-SNS-MOTENV1.5.0.0
2025-12-13 09:27:15,870 [WARN] PackLoader:240 - Cannot read IP mode file for STMicroelectronics.X-CUBE-AZRTOS-H7RS.1.2.0
2025-12-13 09:27:15,877 [WARN] PackLoader:240 - Cannot read IP mode file for WES.I-CUBE-Cesium.1.3.0
2025-12-13 09:27:15,882 [WARN] PackLoader:240 - Cannot read IP mode file for STMicroelectronics.X-CUBE-BLE2.3.3.0
2025-12-13 09:27:15,894 [WARN] PackLoader:240 - Cannot read IP mode file for STMicroelectronics.X-CUBE-NFC9.1.0.0
2025-12-13 09:27:15,897 [WARN] PackLoader:240 - Cannot read IP mode file for wolfSSL.I-CUBE-wolfSSL.5.8.0
2025-12-13 09:27:15,901 [WARN] PackLoader:240 - Cannot read IP mode file for STMicroelectronics.X-CUBE-BLE1.7.1.0
2025-12-13 09:27:15,904 [WARN] PackLoader:240 - Cannot read IP mode file for wolfSSL.I-CUBE-wolfMQTT.1.19.2
2025-12-13 09:27:15,907 [WARN] PackLoader:240 - Cannot read IP mode file for STMicroelectronics.X-CUBE-FREERTOS.1.4.0
2025-12-13 09:27:15,912 [WARN] PackLoader:240 - Cannot read IP mode file for STMicroelectronics.X-CUBE-EEPRMA1.5.2.0
2025-12-13 09:27:15,916 [WARN] PackLoader:240 - Cannot read IP mode file for STMicroelectronics.X-CUBE-ST67W61.1.1.0
2025-12-13 09:27:15,920 [WARN] PackLoader:240 - Cannot read IP mode file for STMicroelectronics.X-CUBE-AI.10.1.0
2025-12-13 09:27:15,944 [WARN] PackLoader:240 - Cannot read IP mode file for STMicroelectronics.X-CUBE-MEMS1.12.0.0
2025-12-13 09:27:16,066 [WARN] PackLoader:240 - Cannot read IP mode file for STMicroelectronics.X-CUBE-AZRTOS-G0.1.1.0
2025-12-13 09:27:16,074 [WARN] PackLoader:240 - Cannot read IP mode file for STMicroelectronics.X-CUBE-SAFEA1.1.2.2
2025-12-13 09:27:16,094 [WARN] PackLoader:240 - Cannot read IP mode file for STMicroelectronics.X-CUBE-NFC4.3.0.0
2025-12-13 09:27:16,104 [WARN] PackLoader:240 - Cannot read IP mode file for EmbeddedOffice.I-CUBE-FS-RTOS.1.0.1
2025-12-13 09:27:16,110 [WARN] PackLoader:240 - Cannot read IP mode file for STMicroelectronics.X-CUBE-WB05N.2.0.0
2025-12-13 09:27:16,114 [WARN] PackLoader:240 - Cannot read IP mode file for wolfSSL.I-CUBE-wolfTPM.3.8.0
2025-12-13 09:27:16,119 [WARN] PackLoader:240 - Cannot read IP mode file for STMicroelectronics.X-CUBE-TCPP.4.2.0
2025-12-13 09:27:16,124 [WARN] PackLoader:240 - Cannot read IP mode file for RealThread.X-CUBE-RT-Thread_Nano.4.1.1
2025-12-13 09:27:16,128 [WARN] PackLoader:240 - Cannot read IP mode file for STMicroelectronics.FP-ATR-SIGFOX1.3.2.0
2025-12-13 09:27:16,132 [WARN] PackLoader:240 - Cannot read IP mode file for ITTIA_DB.I-CUBE-ITTIADB.8.9.0
2025-12-13 09:27:16,137 [WARN] PackLoader:240 - Cannot read IP mode file for STMicroelectronics.X-CUBE-ST67W61.1.0.0
2025-12-13 09:27:16,139 [WARN] PackLoader:240 - Cannot read IP mode file for STMicroelectronics.X-CUBE-AI.10.2.0
2025-12-13 09:27:16,160 [WARN] PackLoader:240 - Cannot read IP mode file for SEGGER.I-CUBE-embOS.1.3.1
2025-12-13 09:27:16,197 [WARN] PackLoader:240 - Cannot read IP mode file for STMicroelectronics.X-CUBE-ALGOBUILD.1.4.0
2025-12-13 09:27:16,222 [WARN] PackLoader:240 - Cannot read IP mode file for STMicroelectronics.X-CUBE-MEMS1.11.3.0
2025-12-13 09:27:16,234 [INFO] WebApp:169 - Instantiating new browser for Auth
2025-12-13 09:27:16,308 [WARN] PackLoader:240 - Cannot read IP mode file for STMicroelectronics.X-CUBE-PM33A1.1.0.0
2025-12-13 09:27:16,323 [WARN] PackLoader:240 - Cannot read IP mode file for STMicroelectronics.X-CUBE-AZRTOS-F4.1.1.0
2025-12-13 09:27:16,327 [WARN] PackLoader:240 - Cannot read IP mode file for Avnet-IotConnect.X-CUBE-IoTC-DA16k-PMOD.1.0.0
2025-12-13 09:27:16,331 [WARN] PackLoader:240 - Cannot read IP mode file for STMicroelectronics.X-CUBE-ISPU.2.1.0
2025-12-13 09:27:16,339 [WARN] PackLoader:240 - Cannot read IP mode file for STMicroelectronics.X-CUBE-IPS.3.2.0
2025-12-13 09:27:16,346 [WARN] PackLoader:240 - Cannot read IP mode file for STMicroelectronics.X-CUBE-NFC12.1.0.0
2025-12-13 09:27:16,356 [WARN] PackLoader:240 - Cannot read IP mode file for STMicroelectronics.X-CUBE-AZRTOS-L5.2.0.0
2025-12-13 09:27:16,361 [WARN] PackLoader:240 - Cannot read IP mode file for STMicroelectronics.X-CUBE-NFC6.3.1.0
2025-12-13 09:27:16,365 [WARN] PackLoader:240 - Cannot read IP mode file for STMicroelectronics.X-CUBE-FREERTOS.1.3.1
2025-12-13 09:27:16,368 [WARN] PackLoader:240 - Cannot read IP mode file for STMicroelectronics.X-CUBE-TOUCHGFX.4.26.0
2025-12-13 09:27:16,372 [WARN] PackLoader:240 - Cannot read IP mode file for STMicroelectronics.FP-SNS-STAIOTCFT.1.0.0
2025-12-13 09:27:16,377 [WARN] PackLoader:240 - Cannot read IP mode file for STMicroelectronics.X-CUBE-DPower.1.3.0
2025-12-13 09:27:16,386 [WARN] ConditionMgr:438 - getConditionDescription Invalid condition id : LAN8742 Phy interface Condition cause : null
2025-12-13 09:27:16,386 [WARN] PackLoader:240 - Cannot read IP mode file for STMicroelectronics.X-CUBE-AZRTOS-L4.2.0.0
2025-12-13 09:27:16,388 [WARN] ConditionMgr:1044 - genDependencies : Invalid condition id : LAN8742 Phy interface Condition cause : null
2025-12-13 09:27:16,388 [WARN] ConditionMgr:1044 - genDependencies : Invalid condition id : LAN8742 Phy interface Condition cause : null
2025-12-13 09:27:16,388 [WARN] ConditionMgr:1044 - genDependencies : Invalid condition id : LAN8742 Phy interface Condition cause : null
2025-12-13 09:27:16,392 [WARN] PackLoader:240 - Cannot read IP mode file for STMicroelectronics.X-CUBE-SFXS2LP1.4.0.0
2025-12-13 09:27:16,408 [WARN] PackLoader:240 - Cannot read IP mode file for STMicroelectronics.X-CUBE-AZRTOS-H7.3.3.0
2025-12-13 09:27:16,483 [WARN] PackLoader:240 - Cannot read IP mode file for STMicroelectronics.X-CUBE-BLEMGR.4.1.0
2025-12-13 09:27:16,491 [WARN] ConditionMgr:438 - getConditionDescription Invalid condition id : UX DEVICE CLASS RTOS Condition cause : null
2025-12-13 09:27:16,492 [WARN] ConditionMgr:438 - getConditionDescription Invalid condition id : UX DEVICE CLASS RTOS Condition cause : null
2025-12-13 09:27:16,492 [WARN] PackLoader:240 - Cannot read IP mode file for STMicroelectronics.X-CUBE-AZRTOS-WB.2.0.0
2025-12-13 09:27:16,493 [WARN] ConditionMgr:1044 - genDependencies : Invalid condition id : UX DEVICE CLASS RTOS Condition cause : null
2025-12-13 09:27:16,493 [WARN] ConditionMgr:1044 - genDependencies : Invalid condition id : UX DEVICE CLASS RTOS Condition cause : null
2025-12-13 09:27:16,493 [WARN] ConditionMgr:1044 - genDependencies : Invalid condition id : UX DEVICE CLASS RTOS Condition cause : null
2025-12-13 09:27:16,493 [WARN] ConditionMgr:1044 - genDependencies : Invalid condition id : UX DEVICE CLASS RTOS Condition cause : null
2025-12-13 09:27:16,493 [WARN] ConditionMgr:1044 - genDependencies : Invalid condition id : UX DEVICE CLASS RTOS Condition cause : null
2025-12-13 09:27:16,496 [WARN] PackLoader:240 - Cannot read IP mode file for STMicroelectronics.X-CUBE-GNSS1.7.0.1
2025-12-13 09:27:16,499 [WARN] PackLoader:240 - Cannot read IP mode file for STMicroelectronics.X-CUBE-TOUCHGFX.4.25.0
2025-12-13 09:27:16,502 [WARN] PackLoader:240 - Cannot read IP mode file for STMicroelectronics.FP-SNS-STBOX1.2.0.0
2025-12-13 09:27:16,506 [WARN] ConditionMgr:438 - getConditionDescription Invalid condition id : Cortex-A Device cause : null
2025-12-13 09:27:16,510 [WARN] ConditionMgr:1044 - genDependencies : Invalid condition id : Cortex-A Device cause : null
2025-12-13 09:27:16,510 [WARN] ConditionMgr:1044 - genDependencies : Invalid condition id : Cortex-A Device cause : null
2025-12-13 09:27:16,510 [WARN] ConditionMgr:1044 - genDependencies : Invalid condition id : Cortex-A Device cause : null
2025-12-13 09:27:16,516 [WARN] PackLoader:240 - Cannot read IP mode file for STMicroelectronics.X-CUBE-SUBG2.5.0.0
2025-12-13 09:27:16,531 [WARN] PackLoader:240 - Cannot read IP mode file for STMicroelectronics.X-CUBE-AZRTOS-H7RS.1.1.0
2025-12-13 09:27:16,538 [WARN] PackLoader:240 - Cannot read IP mode file for Cesanta.I-CUBE-Mongoose.7.13.0
2025-12-13 09:27:16,552 [WARN] PackLoader:240 - Cannot read IP mode file for STMicroelectronics.X-CUBE-AZRTOS-G4.2.0.0
2025-12-13 09:27:16,558 [WARN] PackLoader:240 - Cannot read IP mode file for wolfSSL.I-CUBE-wolfSSH.1.4.20
2025-12-13 09:27:16,562 [WARN] PackLoader:240 - Cannot read IP mode file for STMicroelectronics.X-CUBE-NFC7.2.0.0
2025-12-13 09:27:16,572 [WARN] PackLoader:240 - Cannot read IP mode file for STMicroelectronics.X-CUBE-IPS.3.1.0
2025-12-13 09:27:16,585 [WARN] PackLoader:240 - Cannot read IP mode file for STMicroelectronics.X-CUBE-ALS.1.0.2
2025-12-13 09:27:16,591 [WARN] PackLoader:240 - Cannot read IP mode file for STMicroelectronics.X-CUBE-STSE01.1.0.0
2025-12-13 09:27:16,597 [WARN] PackLoader:240 - Cannot read IP mode file for portGmbH.I-Cube-SoM-uGOAL.1.1.0
2025-12-13 09:27:16,606 [WARN] PackLoader:240 - Cannot read IP mode file for STMicroelectronics.X-CUBE-TOF1.3.4.3
2025-12-13 09:27:16,616 [INFO] ThirdParty:978 - Integrity check success = true
2025-12-13 09:27:16,616 [INFO] IntegrityCheckThread:100 - exiting critical section [integrity check]
2025-12-13 09:27:16,616 [INFO] IntegrityCheckThread:103 - End integrity checks thread
2025-12-13 09:27:16,939 [INFO] WebApp:463 - Apply proxy settings
2025-12-13 09:27:16,939 [INFO] WebApp:548 - Chromium requires no authentication
2025-12-13 09:27:16,947 [INFO] WebApp:491 - Direct internet connection detected
2025-12-13 09:27:16,965 [INFO] WebApp:900 - Register for checkConnection events
2025-12-13 09:27:16,965 [INFO] WebApp:463 - Apply proxy settings
2025-12-13 09:27:16,965 [INFO] WebApp:548 - Chromium requires no authentication
2025-12-13 09:27:16,966 [INFO] WebApp:491 - Direct internet connection detected
2025-12-13 09:27:17,102 [INFO] WebApp:225 - Starting web application
2025-12-13 09:27:17,102 [INFO] WebApp:593 - Web application path used C:\ST\STM32CubeIDE_1.19.0\STM32CubeIDE\plugins\com.st.stm32cube.common.mx_6.15.0.202507011659\db\plugins\mcufinder\reactClient1\index.html
2025-12-13 09:27:17,122 [INFO] WebApp:191 - Connection restablished
2025-12-13 09:27:17,248 [INFO] UserAuth:487 - Internet connection configuration mode: 1
2025-12-13 09:27:17,491 [ERROR] LogOutputStream:75 - [STDERR_REDIRECT] [Fatal Error] :1:1: Premature end of file.
2025-12-13 09:27:17,491 [ERROR] LogOutputStream:75 - [STDERR_REDIRECT] 
2025-12-13 09:27:18,370 [ERROR] LogOutputStream:75 - [STDERR_REDIRECT] [Fatal Error] :1:1: Premature end of file.
2025-12-13 09:27:18,370 [ERROR] LogOutputStream:75 - [STDERR_REDIRECT] 
2025-12-13 09:27:19,293 [ERROR] LogOutputStream:75 - [STDERR_REDIRECT] [Fatal Error] :1:1: Premature end of file.
2025-12-13 09:27:19,293 [ERROR] LogOutputStream:75 - [STDERR_REDIRECT] 
2025-12-13 09:27:20,322 [ERROR] LogOutputStream:75 - [STDERR_REDIRECT] [Fatal Error] :1:1: Premature end of file.
2025-12-13 09:27:20,322 [ERROR] LogOutputStream:75 - [STDERR_REDIRECT] 
2025-12-13 09:27:21,321 [ERROR] LogOutputStream:75 - [STDERR_REDIRECT] [Fatal Error] :1:1: Premature end of file.
2025-12-13 09:27:21,322 [ERROR] LogOutputStream:75 - [STDERR_REDIRECT] 
2025-12-13 09:27:22,303 [ERROR] LogOutputStream:75 - [STDERR_REDIRECT] [Fatal Error] :1:1: Premature end of file.
2025-12-13 09:27:22,304 [ERROR] LogOutputStream:75 - [STDERR_REDIRECT] 
2025-12-13 09:27:23,303 [ERROR] LogOutputStream:75 - [STDERR_REDIRECT] [Fatal Error] :1:1: Premature end of file.
2025-12-13 09:27:23,303 [ERROR] LogOutputStream:75 - [STDERR_REDIRECT] 
2025-12-13 09:27:24,316 [ERROR] LogOutputStream:75 - [STDERR_REDIRECT] [Fatal Error] :1:1: Premature end of file.
2025-12-13 09:27:24,316 [ERROR] LogOutputStream:75 - [STDERR_REDIRECT] 
2025-12-13 09:27:25,322 [ERROR] LogOutputStream:75 - [STDERR_REDIRECT] [Fatal Error] :1:1: Premature end of file.
2025-12-13 09:27:25,322 [ERROR] LogOutputStream:75 - [STDERR_REDIRECT] 
2025-12-13 09:27:26,293 [ERROR] LogOutputStream:75 - [STDERR_REDIRECT] [Fatal Error] :1:1: Premature end of file.
2025-12-13 09:27:26,293 [ERROR] LogOutputStream:75 - [STDERR_REDIRECT] 
2025-12-13 09:27:27,305 [ERROR] LogOutputStream:75 - [STDERR_REDIRECT] [Fatal Error] :1:1: Premature end of file.
2025-12-13 09:27:27,305 [ERROR] LogOutputStream:75 - [STDERR_REDIRECT] 
2025-12-13 09:27:28,305 [ERROR] LogOutputStream:75 - [STDERR_REDIRECT] [Fatal Error] :1:1: Premature end of file.
2025-12-13 09:27:28,306 [ERROR] LogOutputStream:75 - [STDERR_REDIRECT] 
2025-12-13 09:27:29,312 [ERROR] LogOutputStream:75 - [STDERR_REDIRECT] [Fatal Error] :1:1: Premature end of file.
2025-12-13 09:27:29,314 [ERROR] LogOutputStream:75 - [STDERR_REDIRECT] 
2025-12-13 09:27:30,315 [ERROR] LogOutputStream:75 - [STDERR_REDIRECT] [Fatal Error] :1:1: Premature end of file.
2025-12-13 09:27:30,315 [ERROR] LogOutputStream:75 - [STDERR_REDIRECT] 
2025-12-13 09:27:31,321 [ERROR] LogOutputStream:75 - [STDERR_REDIRECT] [Fatal Error] :1:1: Premature end of file.
2025-12-13 09:27:31,321 [ERROR] LogOutputStream:75 - [STDERR_REDIRECT] 
2025-12-13 09:27:32,307 [ERROR] LogOutputStream:75 - [STDERR_REDIRECT] [Fatal Error] :1:1: Premature end of file.
2025-12-13 09:27:32,307 [ERROR] LogOutputStream:75 - [STDERR_REDIRECT] 
2025-12-13 09:27:33,304 [ERROR] LogOutputStream:75 - [STDERR_REDIRECT] [Fatal Error] :1:1: Premature end of file.
2025-12-13 09:27:33,304 [ERROR] LogOutputStream:75 - [STDERR_REDIRECT] 
2025-12-13 09:27:34,309 [ERROR] LogOutputStream:75 - [STDERR_REDIRECT] [Fatal Error] :1:1: Premature end of file.
2025-12-13 09:27:34,309 [ERROR] LogOutputStream:75 - [STDERR_REDIRECT] 
2025-12-13 09:27:35,312 [ERROR] LogOutputStream:75 - [STDERR_REDIRECT] [Fatal Error] :1:1: Premature end of file.
2025-12-13 09:27:35,312 [ERROR] LogOutputStream:75 - [STDERR_REDIRECT] 
2025-12-13 09:27:36,319 [ERROR] LogOutputStream:75 - [STDERR_REDIRECT] [Fatal Error] :1:1: Premature end of file.
2025-12-13 09:27:36,319 [ERROR] LogOutputStream:75 - [STDERR_REDIRECT] 
2025-12-13 09:27:37,326 [ERROR] LogOutputStream:75 - [STDERR_REDIRECT] [Fatal Error] :1:1: Premature end of file.
2025-12-13 09:27:37,326 [ERROR] LogOutputStream:75 - [STDERR_REDIRECT] 
2025-12-13 09:27:38,304 [ERROR] LogOutputStream:75 - [STDERR_REDIRECT] [Fatal Error] :1:1: Premature end of file.
2025-12-13 09:27:38,304 [ERROR] LogOutputStream:75 - [STDERR_REDIRECT] 
2025-12-13 09:27:39,298 [ERROR] LogOutputStream:75 - [STDERR_REDIRECT] [Fatal Error] :1:1: Premature end of file.
2025-12-13 09:27:39,298 [ERROR] LogOutputStream:75 - [STDERR_REDIRECT] 
2025-12-13 09:27:40,294 [ERROR] LogOutputStream:75 - [STDERR_REDIRECT] [Fatal Error] :1:1: Premature end of file.
2025-12-13 09:27:40,294 [ERROR] LogOutputStream:75 - [STDERR_REDIRECT] 
2025-12-13 09:27:41,301 [ERROR] LogOutputStream:75 - [STDERR_REDIRECT] [Fatal Error] :1:1: Premature end of file.
2025-12-13 09:27:41,301 [ERROR] LogOutputStream:75 - [STDERR_REDIRECT] 
2025-12-13 09:27:42,302 [ERROR] LogOutputStream:75 - [STDERR_REDIRECT] [Fatal Error] :1:1: Premature end of file.
2025-12-13 09:27:42,302 [ERROR] LogOutputStream:75 - [STDERR_REDIRECT] 
2025-12-13 09:27:43,298 [ERROR] LogOutputStream:75 - [STDERR_REDIRECT] [Fatal Error] :1:1: Premature end of file.
2025-12-13 09:27:43,298 [ERROR] LogOutputStream:75 - [STDERR_REDIRECT] 
2025-12-13 09:27:44,293 [ERROR] LogOutputStream:75 - [STDERR_REDIRECT] [Fatal Error] :1:1: Premature end of file.
2025-12-13 09:27:44,293 [ERROR] LogOutputStream:75 - [STDERR_REDIRECT] 
2025-12-13 09:27:45,293 [ERROR] LogOutputStream:75 - [STDERR_REDIRECT] [Fatal Error] :1:1: Premature end of file.
2025-12-13 09:27:45,293 [ERROR] LogOutputStream:75 - [STDERR_REDIRECT] 
2025-12-13 09:27:46,297 [ERROR] LogOutputStream:75 - [STDERR_REDIRECT] [Fatal Error] :1:1: Premature end of file.
2025-12-13 09:27:46,297 [ERROR] LogOutputStream:75 - [STDERR_REDIRECT] 
2025-12-13 09:27:47,292 [ERROR] LogOutputStream:75 - [STDERR_REDIRECT] [Fatal Error] :1:1: Premature end of file.
2025-12-13 09:27:47,293 [ERROR] LogOutputStream:75 - [STDERR_REDIRECT] 
2025-12-13 09:27:48,296 [ERROR] LogOutputStream:75 - [STDERR_REDIRECT] [Fatal Error] :1:1: Premature end of file.
2025-12-13 09:27:48,297 [ERROR] LogOutputStream:75 - [STDERR_REDIRECT] 
2025-12-13 09:27:49,296 [ERROR] LogOutputStream:75 - [STDERR_REDIRECT] [Fatal Error] :1:1: Premature end of file.
2025-12-13 09:27:49,297 [ERROR] LogOutputStream:75 - [STDERR_REDIRECT] 
2025-12-13 09:27:50,309 [ERROR] LogOutputStream:75 - [STDERR_REDIRECT] [Fatal Error] :1:1: Premature end of file.
2025-12-13 09:27:50,309 [ERROR] LogOutputStream:75 - [STDERR_REDIRECT] 
2025-12-13 09:27:51,296 [ERROR] LogOutputStream:75 - [STDERR_REDIRECT] [Fatal Error] :1:1: Premature end of file.
2025-12-13 09:27:51,296 [ERROR] LogOutputStream:75 - [STDERR_REDIRECT] 
2025-12-13 09:27:52,316 [ERROR] LogOutputStream:75 - [STDERR_REDIRECT] [Fatal Error] :1:1: Premature end of file.
2025-12-13 09:27:52,316 [ERROR] LogOutputStream:75 - [STDERR_REDIRECT] 
2025-12-13 09:27:53,294 [ERROR] LogOutputStream:75 - [STDERR_REDIRECT] [Fatal Error] :1:1: Premature end of file.
2025-12-13 09:27:53,295 [ERROR] LogOutputStream:75 - [STDERR_REDIRECT] 
2025-12-13 09:27:54,294 [ERROR] LogOutputStream:75 - [STDERR_REDIRECT] [Fatal Error] :1:1: Premature end of file.
2025-12-13 09:27:54,294 [ERROR] LogOutputStream:75 - [STDERR_REDIRECT] 
2025-12-13 09:27:55,295 [ERROR] LogOutputStream:75 - [STDERR_REDIRECT] [Fatal Error] :1:1: Premature end of file.
2025-12-13 09:27:55,295 [ERROR] LogOutputStream:75 - [STDERR_REDIRECT] 
2025-12-13 09:27:56,308 [ERROR] LogOutputStream:75 - [STDERR_REDIRECT] [Fatal Error] :1:1: Premature end of file.
2025-12-13 09:27:56,308 [ERROR] LogOutputStream:75 - [STDERR_REDIRECT] 
2025-12-13 09:27:57,298 [ERROR] LogOutputStream:75 - [STDERR_REDIRECT] [Fatal Error] :1:1: Premature end of file.
2025-12-13 09:27:57,298 [ERROR] LogOutputStream:75 - [STDERR_REDIRECT] 
2025-12-13 09:27:58,318 [ERROR] LogOutputStream:75 - [STDERR_REDIRECT] [Fatal Error] :1:1: Premature end of file.
2025-12-13 09:27:58,319 [ERROR] LogOutputStream:75 - [STDERR_REDIRECT] 
2025-12-13 09:27:59,293 [ERROR] LogOutputStream:75 - [STDERR_REDIRECT] [Fatal Error] :1:1: Premature end of file.
2025-12-13 09:27:59,293 [ERROR] LogOutputStream:75 - [STDERR_REDIRECT] 
2025-12-13 09:28:00,321 [ERROR] LogOutputStream:75 - [STDERR_REDIRECT] [Fatal Error] :1:1: Premature end of file.
2025-12-13 09:28:00,322 [ERROR] LogOutputStream:75 - [STDERR_REDIRECT] 
2025-12-13 09:28:01,298 [ERROR] LogOutputStream:75 - [STDERR_REDIRECT] [Fatal Error] :1:1: Premature end of file.
2025-12-13 09:28:01,298 [ERROR] LogOutputStream:75 - [STDERR_REDIRECT] 
2025-12-13 09:28:02,304 [ERROR] LogOutputStream:75 - [STDERR_REDIRECT] [Fatal Error] :1:1: Premature end of file.
2025-12-13 09:28:02,304 [ERROR] LogOutputStream:75 - [STDERR_REDIRECT] 
2025-12-13 09:28:03,295 [ERROR] LogOutputStream:75 - [STDERR_REDIRECT] [Fatal Error] :1:1: Premature end of file.
2025-12-13 09:28:03,295 [ERROR] LogOutputStream:75 - [STDERR_REDIRECT] 
2025-12-13 09:28:04,293 [ERROR] LogOutputStream:75 - [STDERR_REDIRECT] [Fatal Error] :1:1: Premature end of file.
2025-12-13 09:28:04,295 [ERROR] LogOutputStream:75 - [STDERR_REDIRECT] 
2025-12-13 09:28:05,294 [ERROR] LogOutputStream:75 - [STDERR_REDIRECT] [Fatal Error] :1:1: Premature end of file.
2025-12-13 09:28:05,294 [ERROR] LogOutputStream:75 - [STDERR_REDIRECT] 
2025-12-13 09:28:06,296 [ERROR] LogOutputStream:75 - [STDERR_REDIRECT] [Fatal Error] :1:1: Premature end of file.
2025-12-13 09:28:06,297 [ERROR] LogOutputStream:75 - [STDERR_REDIRECT] 
2025-12-13 09:28:06,299 [INFO] McuFinderGlobals:63 - Set McuFinder mode to 2 (CubeIDE integrated)
2025-12-13 09:28:06,304 [INFO] MainUpdater:2872 - connection check result : 10
2025-12-13 09:28:06,591 [INFO] ApiDb:581 - Connected to CubeFinder SQLite database (C:\Users\akash\.stmcufinder\plugins\mcufinder\mcu\cube-finder-db.db)
2025-12-13 09:28:06,677 [INFO] ApiDb:668 - CubeFinder database Data Model version=2.1
2025-12-13 09:28:06,677 [INFO] ApiDb:669 - CubeFinder database Configuration version=3.0.39
2025-12-13 09:28:06,678 [INFO] ApiDb:670 - CubeFinder database generation date=2025-11-05 (1762334721)
2025-12-13 09:28:06,678 [INFO] ApiDb:671 - CubeFinder database FW Pack versions=[FP-ATR-ASTRA1_V2.0.0, FP-SNS-FLIGHT1_V5.1.0, FP-SNS-MOTENV1_V5.1.0, FP-SNS-MOTENVWB1_V1.4.0, FP-SNS-SMARTAG2_V1.2.0, FP-SNS-STBOX1_V2.1.0, STM32Cube_FW_C0_V1.4.0, STM32Cube_FW_F4_V1.28.3, STM32Cube_FW_F7_V1.17.4, STM32Cube_FW_G0_V1.6.2, STM32Cube_FW_G4_V1.6.1, STM32Cube_FW_H5_V1.5.1, STM32Cube_FW_H7RS_V1.3.0, STM32Cube_FW_H7_V1.12.1, STM32Cube_FW_L0_V1.12.2, STM32Cube_FW_L4_V1.18.1, STM32Cube_FW_L5_V1.6.0, STM32Cube_FW_N6_V1.3.0, STM32Cube_FW_U0_V1.3.0, STM32Cube_FW_U3_V1.2.1, STM32Cube_FW_U5_V1.8.0, STM32Cube_FW_WB0_V1.4.0, STM32Cube_FW_WBA_V1.8.0, STM32Cube_FW_WB_V1.24.0, STM32Cube_FW_WL3_V1.3.0, STM32Cube_FW_WL_V1.4.0, X-CUBE-ALGOBUILD_V1.4.0, X-CUBE-ALS_V1.0.2, X-CUBE-AZRTOS-F4_V1.1.0, X-CUBE-AZRTOS-F7_V1.1.0, X-CUBE-AZRTOS-G0_V1.1.0, X-CUBE-AZRTOS-G4_V2.0.0, X-CUBE-AZRTOS-H7RS_V1.1.0, X-CUBE-AZRTOS-H7_V3.4.0, X-CUBE-AZRTOS-L4_V2.0.0, X-CUBE-AZRTOS-L5_V2.0.0, X-CUBE-AZRTOS-WB_V2.0.0, X-CUBE-AZRTOS-WL_V2.0.0, X-CUBE-BLE1_V7.1.0, X-CUBE-BLE2_V3.3.0, X-CUBE-BLEMGR_V4.1.0, X-CUBE-EEPRMA1_V5.2.0, X-CUBE-FREERTOS_V1.3.1, X-CUBE-GNSS1_V6.0.0, X-CUBE-MEMS1_V11.3.0, X-CUBE-NFC4_V3.0.0, X-CUBE-NFC7_V2.0.0, X-CUBE-SFXS2LP1_V4.0.0, X-CUBE-ST67W61_V1.1.0, X-CUBE-SUBG2_V5.0.0, X-CUBE-TOF1_V3.4.3]
2025-12-13 09:28:07,292 [ERROR] LogOutputStream:75 - [STDERR_REDIRECT] [Fatal Error] :1:1: Premature end of file.
2025-12-13 09:28:07,294 [ERROR] LogOutputStream:75 - [STDERR_REDIRECT] 
2025-12-13 09:28:08,295 [ERROR] LogOutputStream:75 - [STDERR_REDIRECT] [Fatal Error] :1:1: Premature end of file.
2025-12-13 09:28:08,295 [ERROR] LogOutputStream:75 - [STDERR_REDIRECT] 
2025-12-13 09:28:09,036 [INFO] ApiDb:240 - Found 880 in-development CPN: [B-G473E-ZEST1S, B-WB1M-WPAN1, B-WBA5M-WPAN, B-WL5M-SUBG1, NUCLEO-C031C6, NUCLEO-C051C8, NUCLEO-C071RB, NUCLEO-C092RC, NUCLEO-H503RB, NUCLEO-H533RE, NUCLEO-H563ZI, NUCLEO-H7S3L8, NUCLEO-N657X0-Q, NUCLEO-U031R8, NUCLEO-U083RC, NUCLEO-U385RG-Q, NUCLEO-U545RE-Q, NUCLEO-U5A5ZJ-Q, NUCLEO-WB05KZ, NUCLEO-WB07CC, NUCLEO-WB09KE, NUCLEO-WBA52CG, NUCLEO-WBA55CG, NUCLEO-WL33CC1, NUCLEO-WL33CC2, STEVAL-PROTEUS1, STEVAL-SMARTAG2, STEVAL-STWINBX1, STM320518-EVAL, STM32C0116-DK, STM32C011D6Y3TR, STM32C011D6Y6TR, STM32C011F4P3, STM32C011F4P6, STM32C011F4U3, STM32C011F4U6TR, STM32C011F6P3, STM32C011F6P6, STM32C011F6U3, STM32C011F6U6TR, STM32C011J4M3, STM32C011J4M6, STM32C011J6M3, STM32C011J6M6, STM32C0316-DK, STM32C031C4T3, STM32C031C4T6, STM32C031C4U3, STM32C031C4U6, STM32C031C6T3, STM32C031C6T6, STM32C031C6U3, STM32C031C6U6, STM32C031F4P3, STM32C031F4P6, STM32C031F6P3, STM32C031F6P6, STM32C031G4U3, STM32C031G4U6, STM32C031G6U3, STM32C031G6U6, STM32C031K4T3, STM32C031K4T6, STM32C031K4U3, STM32C031K4U6, STM32C031K6T3, STM32C031K6T6, STM32C031K6U3, STM32C031K6U6, STM32C051C6T6, STM32C051C6U6, STM32C051C8T6, STM32C051C8U6, STM32C051D8Y6TR, STM32C051F6P6, STM32C051F8P6, STM32C051G6U6, STM32C051G8U6, STM32C051K6T6, STM32C051K6U6, STM32C051K8T6, STM32C071C8T6, STM32C071C8T6N, STM32C071C8U6, STM32C071C8U6N, STM32C071CBT6, STM32C071CBT6N, STM32C071CBU6, STM32C071CBU6N, STM32C071F8P6, STM32C071F8P6N, STM32C071FBP6, STM32C071FBP6N, STM32C071FBY6TR, STM32C071G8U6, STM32C071G8U6N, STM32C071GBU6, STM32C071GBU6N, STM32C071K8T6, STM32C071K8T6N, STM32C071K8U6, STM32C071K8U6N, STM32C071KBT6, STM32C071KBT6N, STM32C071KBU6, STM32C071KBU6N, STM32C071R8T6, STM32C071R8T6N, STM32C071RBI6N, STM32C071RBT6, STM32C071RBT6N, STM32C091CBT6, STM32C091CBU6, STM32C091CCT6, STM32C091CCU6, STM32C091ECY6TR, STM32C091FBP6, STM32C091FCP6, STM32C091GBU6, STM32C091GCU6, STM32C091KBT6, STM32C091KBU6, STM32C091KCT6, STM32C091KCU6, STM32C091RBT6, STM32C091RCI6, STM32C091RCT6, STM32C092CBT6, STM32C092CBU6, STM32C092CCT6, STM32C092CCU6, STM32C092ECY6TR, STM32C092FBP6, STM32C092FCP6, STM32C092GBU6, STM32C092GCU6, STM32C092KBT6, STM32C092KBU6, STM32C092KCT6, STM32C092KCU6, STM32C092RBT6, STM32C092RCI6, STM32C092RCT6, STM32G071K8TXN, STM32G071K8UXN, STM32G081GBU6N, STM32G081KBT6N, STM32G081KBUXN, STM32G0B1CCT6N, STM32G0B1KCT6, STM32G0B1NEY6TR, STM32G0B1RCT6N, STM32G0C1CCT6, STM32G0C1CCT6N, STM32G0C1CCU6N, STM32G0C1CET6N, STM32G0C1CEU6N, STM32G0C1KCT6, STM32G0C1NEY6TR, STM32G0C1RCI6N, STM32G0C1RCT6N, STM32G0C1REI6N, STM32G0C1RET6N, STM32G0C1VCI6, STM32G0C1VEI6, STM32G411C6T3, STM32G411C6T6, STM32G411C6U3, STM32G411C6U6, STM32G411C8T3, STM32G411C8T6, STM32G411C8U3, STM32G411C8U6, STM32G411CBT3, STM32G411CBT6, STM32G411CBU3, STM32G411CBU6, STM32G411K6T3, STM32G411K6T6, STM32G411K6U3, STM32G411K6U6, STM32G411K8T3, STM32G411K8T6, STM32G411K8U3, STM32G411K8U6, STM32G411KBT3, STM32G411KBT6, STM32G411KBU3, STM32G411KBU6, STM32G411M6T3, STM32G411M6T6, STM32G411M8T3, STM32G411M8T6, STM32G411MBT3, STM32G411MBT6, STM32G411R6T3, STM32G411R6T6, STM32G411R8T3, STM32G411R8T6, STM32G411RBT3, STM32G411RBT6, STM32G414CBT3, STM32G414CBT6, STM32G414CBU3, STM32G414CBU6, STM32G414CCT3, STM32G414CCT6, STM32G414CCU3, STM32G414CCU6, STM32G414MBT3, STM32G414MBT6, STM32G414MCT3, STM32G414MCT6, STM32G414RBT3, STM32G414RBT6, STM32G414RCT3, STM32G414RCT6, STM32G414VBT3, STM32G414VBT6, STM32G414VCT3, STM32G414VCT6, STM32G431CBT3Z, STM32G431RBT3Z, STM32G471CCT6, STM32G471CCU6, STM32G471CET3, STM32G471CET6, STM32G471CEU3, STM32G471CEU6, STM32G471MCT6, STM32G471MET3, STM32G471MET6, STM32G471MEY6TR, STM32G471QCT6, STM32G471QET3, STM32G471RCT6, STM32G471RET3, STM32G471RET6, STM32G471VCH6, STM32G471VCI6, STM32G471VCT6, STM32G471VEH3, STM32G471VEH6, STM32G471VEI3, STM32G471VEI6, STM32G471VET3, STM32G471VET6, STM32G473QET3Z, STM32G473RET3Z, STM32G474CCT6, STM32G491RET3Z, STM32H503CBT6, STM32H503CBU6, STM32H503EBY6TR, STM32H503KBU6, STM32H503RBT6, STM32H523CCT6, STM32H523CCU6, STM32H523CET6, STM32H523CEU6, STM32H523HEY6TR, STM32H523RCT6, STM32H523RET6, STM32H523VCI6, STM32H523VCT6, STM32H523VEI6, STM32H523VET6, STM32H523ZCJ6, STM32H523ZCT6, STM32H523ZEJ6, STM32H523ZET6, STM32H533CET6, STM32H533CEU6, STM32H533HEY6TR, STM32H533RET6, STM32H533VEI6, STM32H533VET6, STM32H533ZEJ6, STM32H533ZET6, STM32H562AGI6, STM32H562AII6, STM32H562IGK6, STM32H562IGT6, STM32H562IIK6, STM32H562IIT6, STM32H562RGT6, STM32H562RGV6, STM32H562RIT6, STM32H562RIV6, STM32H562VGT6, STM32H562VIT6, STM32H562ZGT6, STM32H562ZIT6, STM32H563AGI6, STM32H563AII3Q, STM32H563AII6, STM32H563IGK6, STM32H563IGT6, STM32H563IIK3Q, STM32H563IIK6, STM32H563IIT3Q, STM32H563IIT6, STM32H563MIY3QTR, STM32H563RGT6, STM32H563RGV6, STM32H563RIT6, STM32H563RIV6, STM32H563VGT6, STM32H563VIT3Q, STM32H563VIT6, STM32H563ZGT6, STM32H563ZIT3Q, STM32H563ZIT6, STM32H573AII3Q, STM32H573AII6, STM32H573I-DK, STM32H573IIK3Q, STM32H573IIK6, STM32H573IIT3Q, STM32H573IIT6, STM32H573MIY3QTR, STM32H573RIT6, STM32H573RIV6, STM32H573VIT3Q, STM32H573VIT6, STM32H573ZIT3Q, STM32H573ZIT6, STM32H7R3A8I6, STM32H7R3I8K6, STM32H7R3I8T6, STM32H7R3L8H6, STM32H7R3L8H6H, STM32H7R3R8V6, STM32H7R3V8H6, STM32H7R3V8T6, STM32H7R3V8Y6TR, STM32H7R3Z8J6, STM32H7R3Z8T6, STM32H7R7A8I6, STM32H7R7I8K6, STM32H7R7I8T6, STM32H7R7L8H6, STM32H7R7L8H6H, STM32H7R7Z8J6, STM32H7S3A8I6, STM32H7S3I8K6, STM32H7S3I8T6, STM32H7S3L8H6, STM32H7S3L8H6H, STM32H7S3R8V6, STM32H7S3V8H6, STM32H7S3V8T6, STM32H7S3V8Y6TR, STM32H7S3Z8J6, STM32H7S3Z8T6, STM32H7S78-DK, STM32H7S7A8I6, STM32H7S7I8K6, STM32H7S7I8T6, STM32H7S7L8H6, STM32H7S7L8H6H, STM32H7S7Z8J6, STM32L4R5QGI6STR, STM32MP131AAE3, STM32MP131AAF3, STM32MP131AAG3, STM32MP131CAE3, STM32MP131CAF3, STM32MP131CAG3, STM32MP131DAE7, STM32MP131DAF7, STM32MP131DAG7, STM32MP131FAE7, STM32MP131FAF7, STM32MP131FAG7, STM32MP133AAE3, STM32MP133AAF3, STM32MP133AAG3, STM32MP133CAE3, STM32MP133CAF3, STM32MP133CAG3, STM32MP133DAE7, STM32MP133DAF7, STM32MP133DAG7, STM32MP133FAE7, STM32MP133FAF7, STM32MP133FAG7, STM32MP135AAE3, STM32MP135AAF3, STM32MP135AAG3, STM32MP135CAE3, STM32MP135CAF3, STM32MP135CAG3, STM32MP135DAE7, STM32MP135DAF7, STM32MP135DAG7, STM32MP135F-DK, STM32MP135FAE7, STM32MP135FAF7, STM32MP135FAF7T, STM32MP135FAF7U, STM32MP135FAG7, STM32MP211AAL3, STM32MP211AAM3, STM32MP211AAN3, STM32MP211AAO3, STM32MP211CAL3, STM32MP211CAM3, STM32MP211CAN3, STM32MP211CAO3, STM32MP211DAL3, STM32MP211DAM3, STM32MP211DAN3, STM32MP211DAO3, STM32MP211FAL3, STM32MP211FAM3, STM32MP211FAN3, STM32MP211FAO3, STM32MP213AAL3, STM32MP213AAM3, STM32MP213AAN3, STM32MP213AAO3, STM32MP213CAL3, STM32MP213CAM3, STM32MP213CAN3, STM32MP213CAO3, STM32MP213DAL3, STM32MP213DAM3, STM32MP213DAN3, STM32MP213DAO3, STM32MP213FAL3, STM32MP213FAM3, STM32MP213FAN3, STM32MP213FAO3, STM32MP215AAL3, STM32MP215AAM3, STM32MP215AAN3, STM32MP215AAO3, STM32MP215CAL3, STM32MP215CAM3, STM32MP215CAN3, STM32MP215CAO3, STM32MP215DAL3, STM32MP215DAM3, STM32MP215DAN3, STM32MP215DAO3, STM32MP215F-DK, STM32MP215FAL3, STM32MP215FAM3, STM32MP215FAN3, STM32MP215FAO3, STM32MP231AAJ3, STM32MP231AAK3, STM32MP231AAL3, STM32MP231CAJ3, STM32MP231CAK3, STM32MP231CAL3, STM32MP231DAJ3, STM32MP231DAK3, STM32MP231DAL3, STM32MP231FAJ3, STM32MP231FAK3, STM32MP231FAL3, STM32MP233AAJ3, STM32MP233AAK3, STM32MP233AAL3, STM32MP233CAJ3, STM32MP233CAK3, STM32MP233CAL3, STM32MP233DAJ3, STM32MP233DAK3, STM32MP233DAL3, STM32MP233FAJ3, STM32MP233FAK3, STM32MP233FAL3, STM32MP235AAJ3, STM32MP235AAK3, STM32MP235AAL3, STM32MP235CAJ3, STM32MP235CAK3, STM32MP235CAL3, STM32MP235DAJ3, STM32MP235DAK3, STM32MP235DAL3, STM32MP235FAJ3, STM32MP235FAK3, STM32MP235FAL3, STM32MP251AAI3, STM32MP251AAK3, STM32MP251AAL3, STM32MP251CAI3, STM32MP251CAK3, STM32MP251CAL3, STM32MP251DAI3, STM32MP251DAK3, STM32MP251DAL3, STM32MP251FAI3, STM32MP251FAK3, STM32MP251FAL3, STM32MP253AAI3, STM32MP253AAK3, STM32MP253AAL3, STM32MP253CAI3, STM32MP253CAK3, STM32MP253CAL3, STM32MP253DAI3, STM32MP253DAK3, STM32MP253DAL3, STM32MP253FAI3, STM32MP253FAK3, STM32MP253FAL3, STM32MP255AAI3, STM32MP255AAK3, STM32MP255AAL3, STM32MP255CAI3, STM32MP255CAK3, STM32MP255CAL3, STM32MP255DAI3, STM32MP255DAK3, STM32MP255DAL3, STM32MP255FAI3, STM32MP255FAK3, STM32MP255FAL3, STM32MP257AAI3, STM32MP257AAK3, STM32MP257AAL3, STM32MP257CAI3, STM32MP257CAK3, STM32MP257CAL3, STM32MP257DAI3, STM32MP257DAK3, STM32MP257DAL3, STM32MP257F-DK, STM32MP257F-EV1, STM32MP257FAI3, STM32MP257FAK3, STM32MP257FAL3, STM32N645A0H3Q, STM32N645B0H3Q, STM32N645I0H3Q, STM32N645L0H3Q, STM32N645X0H3Q, STM32N645Z0H3Q, STM32N647A0H3Q, STM32N647B0H3Q, STM32N647I0H3Q, STM32N647L0H3Q, STM32N647X0H3Q, STM32N647Z0H3Q, STM32N655A0H3Q, STM32N655B0H3Q, STM32N655I0H3Q, STM32N655L0H3Q, STM32N655X0H3Q, STM32N655Z0H3Q, STM32N6570-DK, STM32N657A0H3Q, STM32N657B0H3Q, STM32N657I0H3Q, STM32N657L0H3Q, STM32N657X0H3Q, STM32N657Z0H3Q, STM32U031C6T6, STM32U031C6U6, STM32U031C8T6, STM32U031C8U6, STM32U031F4P6, STM32U031F6P6, STM32U031F8P6, STM32U031G6Y6TR, STM32U031G8Y6TR, STM32U031K4U6, STM32U031K6U6, STM32U031K8U6, STM32U031R6I6, STM32U031R6T6, STM32U031R8I6, STM32U031R8T6, STM32U073C8T6, STM32U073C8U6, STM32U073CBT6, STM32U073CBU6, STM32U073CCT6, STM32U073CCU6, STM32U073H8Y6TR, STM32U073HBY6TR, STM32U073HCY6TR, STM32U073K8U6, STM32U073KBU6, STM32U073KCU6, STM32U073M8I6, STM32U073M8T6, STM32U073MBI6, STM32U073MBT6, STM32U073MCI6, STM32U073MCT6, STM32U073R8I6, STM32U073R8T6, STM32U073RBI6, STM32U073RBT6, STM32U073RCI6, STM32U073RCT6, STM32U083C-DK, STM32U083CCT6, STM32U083CCU6, STM32U083HCY6TR, STM32U083KCU6, STM32U083MCI6, STM32U083MCT6, STM32U083RCI6, STM32U083RCT6, STM32U375CET6, STM32U375CET6Q, STM32U375CEU6, STM32U375CEU6Q, STM32U375CEY6QTR, STM32U375CGT6, STM32U375CGT6Q, STM32U375CGU6, STM32U375CGU6Q, STM32U375CGY6QTR, STM32U375KEU6, STM32U375KGU6, STM32U375REI6, STM32U375REI6Q, STM32U375RET6, STM32U375RET6Q, STM32U375REY6GTR, STM32U375REY6QTR, STM32U375RGI6, STM32U375RGI6Q, STM32U375RGT6, STM32U375RGT6Q, STM32U375RGY6GTR, STM32U375RGY6QTR, STM32U375VEI6, STM32U375VEI6Q, STM32U375VET6, STM32U375VET6Q, STM32U375VGI6, STM32U375VGI6Q, STM32U375VGT6, STM32U375VGT6Q, STM32U385CGT6, STM32U385CGT6Q, STM32U385CGU6, STM32U385CGU6Q, STM32U385CGY6QTR, STM32U385KGU6, STM32U385RGI6, STM32U385RGI6Q, STM32U385RGT6, STM32U385RGT6Q, STM32U385RGY6GTR, STM32U385RGY6QTR, STM32U385VGI6, STM32U385VGI6Q, STM32U385VGT6, STM32U385VGT6Q, STM32U535CBT6, STM32U535CBT6Q, STM32U535CBU6, STM32U535CBU6Q, STM32U535CCT6, STM32U535CCT6Q, STM32U535CCU6, STM32U535CCU6Q, STM32U535CET6, STM32U535CET6Q, STM32U535CEU6, STM32U535CEU6Q, STM32U535JEY6QTR, STM32U535NCY6QTR, STM32U535NEY6QTR, STM32U535RBI6, STM32U535RBI6Q, STM32U535RBT6, STM32U535RBT6Q, STM32U535RCI6, STM32U535RCI6Q, STM32U535RCT6, STM32U535RCT6Q, STM32U535REI6, STM32U535REI6Q, STM32U535RET6, STM32U535RET6Q, STM32U535VCI6, STM32U535VCI6Q, STM32U535VCT6, STM32U535VCT6Q, STM32U535VEI6, STM32U535VEI6Q, STM32U535VET6, STM32U535VET6Q, STM32U545CET6, STM32U545CET6Q, STM32U545CEU6, STM32U545CEU6Q, STM32U545JEY6QTR, STM32U545NEY6QTR, STM32U545REI6, STM32U545REI6Q, STM32U545RET6, STM32U545RET6Q, STM32U545VEI6, STM32U545VEI6Q, STM32U545VET6, STM32U545VET6Q, STM32U595AIH6, STM32U595AIH6Q, STM32U595AJH6, STM32U595AJH6Q, STM32U595QII6, STM32U595QII6Q, STM32U595QJI6, STM32U595QJI6Q, STM32U595RIT6, STM32U595RIT6Q, STM32U595RJT6, STM32U595RJT6Q, STM32U595VIT6, STM32U595VIT6Q, STM32U595VJT6, STM32U595VJT6Q, STM32U595ZIT6, STM32U595ZIT6Q, STM32U595ZIY6QTR, STM32U595ZJT6, STM32U595ZJT6Q, STM32U595ZJY6QTR, STM32U599BJY6QTR, STM32U599NIH6Q, STM32U599NJH6Q, STM32U599VIT6Q, STM32U599VJT6, STM32U599VJT6Q, STM32U599ZIT6Q, STM32U599ZIY6QTR, STM32U599ZJT6Q, STM32U599ZJY6QTR, STM32U5A5AJH6, STM32U5A5AJH6Q, STM32U5A5QII3Q , STM32U5A5QJI6, STM32U5A5QJI6Q, STM32U5A5RJT6, STM32U5A5RJT6Q, STM32U5A5VJT6, STM32U5A5VJT6Q, STM32U5A5ZJT6, STM32U5A5ZJT6Q, STM32U5A5ZJY6QTR, STM32U5A9BJY6QTR, STM32U5A9J-DK, STM32U5A9NJH6Q, STM32U5A9VJT6Q, STM32U5A9ZJT6Q, STM32U5A9ZJY6QTR, STM32U5F7VIT6, STM32U5F7VIT6Q, STM32U5F7VJT6, STM32U5F7VJT6Q, STM32U5F9BJY6QTR, STM32U5F9NJH6Q, STM32U5F9VIT6Q, STM32U5F9VJT6Q, STM32U5F9ZIJ6QTR, STM32U5F9ZIT6Q, STM32U5F9ZJJ6QTR, STM32U5F9ZJT6Q, STM32U5G7VJT6, STM32U5G7VJT6Q, STM32U5G9BJY6QTR, STM32U5G9J-DK1, STM32U5G9J-DK2, STM32U5G9NJH6Q, STM32U5G9VJT6Q, STM32U5G9ZJJ6QTR, STM32U5G9ZJT6Q, STM32WB05KZV6TR, STM32WB05KZV7TR, STM32WB05TZF6TR, STM32WB05TZF7TR, STM32WB06CCF6TR, STM32WB06CCF7TR, STM32WB06CCV6TR, STM32WB06CCV7TR, STM32WB06KCV6TR, STM32WB06KCV7TR, STM32WB07CCF6TR, STM32WB07CCF7TR, STM32WB07CCV6TR, STM32WB07CCV7TR, STM32WB07KCV6TR, STM32WB07KCV7TR, STM32WB09KEV6TR, STM32WB09KEV7TR, STM32WB09TEF6TR, STM32WB09TEF7TR, STM32WB1MMCH6, STM32WBA50KGU6, STM32WBA50KGU6TR, STM32WBA52CEU6, STM32WBA52CEU6TR, STM32WBA52CEU7, STM32WBA52CEU7TR, STM32WBA52CGU6, STM32WBA52CGU6TR, STM32WBA52CGU6U, STM32WBA52CGU7, STM32WBA52CGU7TR, STM32WBA52KEU6, STM32WBA52KEU6TR, STM32WBA52KGU6, STM32WBA52KGU6TR, STM32WBA54CEU6, STM32WBA54CEU6TR, STM32WBA54CEU7, STM32WBA54CEU7TR, STM32WBA54CGU6, STM32WBA54CGU6TR, STM32WBA54CGU7, STM32WBA54CGU7TR, STM32WBA54KEU6, STM32WBA54KEU6TR, STM32WBA54KEU7, STM32WBA54KEU7TR, STM32WBA54KGU6, STM32WBA54KGU6TR, STM32WBA54KGU7, STM32WBA54KGU7TR, STM32WBA55CEU6, STM32WBA55CEU6TR, STM32WBA55CEU7, STM32WBA55CEU7TR, STM32WBA55CGU6, STM32WBA55CGU6TR, STM32WBA55CGU6U, STM32WBA55CGU7, STM32WBA55CGU7TR, STM32WBA55G-DK1, STM32WBA55HEF6, STM32WBA55HEF7, STM32WBA55HGF6, STM32WBA55HGF7, STM32WBA55UEI6, STM32WBA55UEI6TR, STM32WBA55UEI7, STM32WBA55UEI7TR, STM32WBA55UGI6, STM32WBA55UGI6TR, STM32WBA55UGI7, STM32WBA55UGI7TR, STM32WBA5MMGH6TR, STM32WBA62MGF6, STM32WBA62MIF6, STM32WBA65MGF7, STM32WBA65MIF6, STM32WBA65MIF7, STM32WL30K8V6, STM32WL30KBV6, STM32WL31C8V6, STM32WL31CBV6, STM32WL31K8V6, STM32WL31KBV6, STM32WL33C8V6, STM32WL33C8V6X, STM32WL33CBV6, STM32WL33CBV6X, STM32WL33CCV6, STM32WL33CCV6A, STM32WL33CCV6X, STM32WL33K8V7, STM32WL33K8V7X, STM32WL33KBV7 , STM32WL33KBV7X, STM32WL33KCV7, STM32WL33KCV7X, STM32WL5MOCH6, STM32WL5MOCH6TR]
2025-12-13 09:28:09,043 [INFO] DbMcus:218 - Found 4876 MCUs, 4876 are supported
2025-12-13 09:28:09,044 [INFO] ApiDb:423 - Load user favorites file C:\Users\akash/.stm32cubeide/favorites.mcus.txt: 0 item(s)
2025-12-13 09:28:09,044 [INFO] ApiDb:427 - User favorites MCUs=[]
2025-12-13 09:28:09,044 [INFO] DbMcus:224 - Set 0 / 0 favorites MCUs
2025-12-13 09:28:09,297 [ERROR] LogOutputStream:75 - [STDERR_REDIRECT] [Fatal Error] :1:1: Premature end of file.
2025-12-13 09:28:09,297 [ERROR] LogOutputStream:75 - [STDERR_REDIRECT] 
2025-12-13 09:28:09,376 [INFO] ApiDb:668 - CubeFinder database Data Model version=2.1
2025-12-13 09:28:09,376 [INFO] ApiDb:669 - CubeFinder database Configuration version=3.0.39
2025-12-13 09:28:09,376 [INFO] ApiDb:670 - CubeFinder database generation date=2025-11-05 (1762334721)
2025-12-13 09:28:09,376 [INFO] ApiDb:671 - CubeFinder database FW Pack versions=[FP-ATR-ASTRA1_V2.0.0, FP-SNS-FLIGHT1_V5.1.0, FP-SNS-MOTENV1_V5.1.0, FP-SNS-MOTENVWB1_V1.4.0, FP-SNS-SMARTAG2_V1.2.0, FP-SNS-STBOX1_V2.1.0, STM32Cube_FW_C0_V1.4.0, STM32Cube_FW_F4_V1.28.3, STM32Cube_FW_F7_V1.17.4, STM32Cube_FW_G0_V1.6.2, STM32Cube_FW_G4_V1.6.1, STM32Cube_FW_H5_V1.5.1, STM32Cube_FW_H7RS_V1.3.0, STM32Cube_FW_H7_V1.12.1, STM32Cube_FW_L0_V1.12.2, STM32Cube_FW_L4_V1.18.1, STM32Cube_FW_L5_V1.6.0, STM32Cube_FW_N6_V1.3.0, STM32Cube_FW_U0_V1.3.0, STM32Cube_FW_U3_V1.2.1, STM32Cube_FW_U5_V1.8.0, STM32Cube_FW_WB0_V1.4.0, STM32Cube_FW_WBA_V1.8.0, STM32Cube_FW_WB_V1.24.0, STM32Cube_FW_WL3_V1.3.0, STM32Cube_FW_WL_V1.4.0, X-CUBE-ALGOBUILD_V1.4.0, X-CUBE-ALS_V1.0.2, X-CUBE-AZRTOS-F4_V1.1.0, X-CUBE-AZRTOS-F7_V1.1.0, X-CUBE-AZRTOS-G0_V1.1.0, X-CUBE-AZRTOS-G4_V2.0.0, X-CUBE-AZRTOS-H7RS_V1.1.0, X-CUBE-AZRTOS-H7_V3.4.0, X-CUBE-AZRTOS-L4_V2.0.0, X-CUBE-AZRTOS-L5_V2.0.0, X-CUBE-AZRTOS-WB_V2.0.0, X-CUBE-AZRTOS-WL_V2.0.0, X-CUBE-BLE1_V7.1.0, X-CUBE-BLE2_V3.3.0, X-CUBE-BLEMGR_V4.1.0, X-CUBE-EEPRMA1_V5.2.0, X-CUBE-FREERTOS_V1.3.1, X-CUBE-GNSS1_V6.0.0, X-CUBE-MEMS1_V11.3.0, X-CUBE-NFC4_V3.0.0, X-CUBE-NFC7_V2.0.0, X-CUBE-SFXS2LP1_V4.0.0, X-CUBE-ST67W61_V1.1.0, X-CUBE-SUBG2_V5.0.0, X-CUBE-TOF1_V3.4.3]
2025-12-13 09:28:09,433 [INFO] DbBoardsSqlite:226 - include board P-NUCLEO-WB55-NUCLEO as a kit item of type 'Nucleo-64'
2025-12-13 09:28:09,433 [INFO] DbBoardsSqlite:226 - include board P-NUCLEO-WB55-USBDONGLE as a kit item of type 'Nucleo USB Dongle'
2025-12-13 09:28:09,433 [INFO] DbBoardsSqlite:226 - include board STEVAL-IDP005V1 as a kit item of type 'Evaluation Board'
2025-12-13 09:28:09,433 [INFO] DbBoardsSqlite:226 - include board STEVAL-IDP005V2 as a kit item of type 'Evaluation Board'
2025-12-13 09:28:09,500 [INFO] ApiDb:240 - Found 880 in-development CPN: [B-G473E-ZEST1S, B-WB1M-WPAN1, B-WBA5M-WPAN, B-WL5M-SUBG1, NUCLEO-C031C6, NUCLEO-C051C8, NUCLEO-C071RB, NUCLEO-C092RC, NUCLEO-H503RB, NUCLEO-H533RE, NUCLEO-H563ZI, NUCLEO-H7S3L8, NUCLEO-N657X0-Q, NUCLEO-U031R8, NUCLEO-U083RC, NUCLEO-U385RG-Q, NUCLEO-U545RE-Q, NUCLEO-U5A5ZJ-Q, NUCLEO-WB05KZ, NUCLEO-WB07CC, NUCLEO-WB09KE, NUCLEO-WBA52CG, NUCLEO-WBA55CG, NUCLEO-WL33CC1, NUCLEO-WL33CC2, STEVAL-PROTEUS1, STEVAL-SMARTAG2, STEVAL-STWINBX1, STM320518-EVAL, STM32C0116-DK, STM32C011D6Y3TR, STM32C011D6Y6TR, STM32C011F4P3, STM32C011F4P6, STM32C011F4U3, STM32C011F4U6TR, STM32C011F6P3, STM32C011F6P6, STM32C011F6U3, STM32C011F6U6TR, STM32C011J4M3, STM32C011J4M6, STM32C011J6M3, STM32C011J6M6, STM32C0316-DK, STM32C031C4T3, STM32C031C4T6, STM32C031C4U3, STM32C031C4U6, STM32C031C6T3, STM32C031C6T6, STM32C031C6U3, STM32C031C6U6, STM32C031F4P3, STM32C031F4P6, STM32C031F6P3, STM32C031F6P6, STM32C031G4U3, STM32C031G4U6, STM32C031G6U3, STM32C031G6U6, STM32C031K4T3, STM32C031K4T6, STM32C031K4U3, STM32C031K4U6, STM32C031K6T3, STM32C031K6T6, STM32C031K6U3, STM32C031K6U6, STM32C051C6T6, STM32C051C6U6, STM32C051C8T6, STM32C051C8U6, STM32C051D8Y6TR, STM32C051F6P6, STM32C051F8P6, STM32C051G6U6, STM32C051G8U6, STM32C051K6T6, STM32C051K6U6, STM32C051K8T6, STM32C071C8T6, STM32C071C8T6N, STM32C071C8U6, STM32C071C8U6N, STM32C071CBT6, STM32C071CBT6N, STM32C071CBU6, STM32C071CBU6N, STM32C071F8P6, STM32C071F8P6N, STM32C071FBP6, STM32C071FBP6N, STM32C071FBY6TR, STM32C071G8U6, STM32C071G8U6N, STM32C071GBU6, STM32C071GBU6N, STM32C071K8T6, STM32C071K8T6N, STM32C071K8U6, STM32C071K8U6N, STM32C071KBT6, STM32C071KBT6N, STM32C071KBU6, STM32C071KBU6N, STM32C071R8T6, STM32C071R8T6N, STM32C071RBI6N, STM32C071RBT6, STM32C071RBT6N, STM32C091CBT6, STM32C091CBU6, STM32C091CCT6, STM32C091CCU6, STM32C091ECY6TR, STM32C091FBP6, STM32C091FCP6, STM32C091GBU6, STM32C091GCU6, STM32C091KBT6, STM32C091KBU6, STM32C091KCT6, STM32C091KCU6, STM32C091RBT6, STM32C091RCI6, STM32C091RCT6, STM32C092CBT6, STM32C092CBU6, STM32C092CCT6, STM32C092CCU6, STM32C092ECY6TR, STM32C092FBP6, STM32C092FCP6, STM32C092GBU6, STM32C092GCU6, STM32C092KBT6, STM32C092KBU6, STM32C092KCT6, STM32C092KCU6, STM32C092RBT6, STM32C092RCI6, STM32C092RCT6, STM32G071K8TXN, STM32G071K8UXN, STM32G081GBU6N, STM32G081KBT6N, STM32G081KBUXN, STM32G0B1CCT6N, STM32G0B1KCT6, STM32G0B1NEY6TR, STM32G0B1RCT6N, STM32G0C1CCT6, STM32G0C1CCT6N, STM32G0C1CCU6N, STM32G0C1CET6N, STM32G0C1CEU6N, STM32G0C1KCT6, STM32G0C1NEY6TR, STM32G0C1RCI6N, STM32G0C1RCT6N, STM32G0C1REI6N, STM32G0C1RET6N, STM32G0C1VCI6, STM32G0C1VEI6, STM32G411C6T3, STM32G411C6T6, STM32G411C6U3, STM32G411C6U6, STM32G411C8T3, STM32G411C8T6, STM32G411C8U3, STM32G411C8U6, STM32G411CBT3, STM32G411CBT6, STM32G411CBU3, STM32G411CBU6, STM32G411K6T3, STM32G411K6T6, STM32G411K6U3, STM32G411K6U6, STM32G411K8T3, STM32G411K8T6, STM32G411K8U3, STM32G411K8U6, STM32G411KBT3, STM32G411KBT6, STM32G411KBU3, STM32G411KBU6, STM32G411M6T3, STM32G411M6T6, STM32G411M8T3, STM32G411M8T6, STM32G411MBT3, STM32G411MBT6, STM32G411R6T3, STM32G411R6T6, STM32G411R8T3, STM32G411R8T6, STM32G411RBT3, STM32G411RBT6, STM32G414CBT3, STM32G414CBT6, STM32G414CBU3, STM32G414CBU6, STM32G414CCT3, STM32G414CCT6, STM32G414CCU3, STM32G414CCU6, STM32G414MBT3, STM32G414MBT6, STM32G414MCT3, STM32G414MCT6, STM32G414RBT3, STM32G414RBT6, STM32G414RCT3, STM32G414RCT6, STM32G414VBT3, STM32G414VBT6, STM32G414VCT3, STM32G414VCT6, STM32G431CBT3Z, STM32G431RBT3Z, STM32G471CCT6, STM32G471CCU6, STM32G471CET3, STM32G471CET6, STM32G471CEU3, STM32G471CEU6, STM32G471MCT6, STM32G471MET3, STM32G471MET6, STM32G471MEY6TR, STM32G471QCT6, STM32G471QET3, STM32G471RCT6, STM32G471RET3, STM32G471RET6, STM32G471VCH6, STM32G471VCI6, STM32G471VCT6, STM32G471VEH3, STM32G471VEH6, STM32G471VEI3, STM32G471VEI6, STM32G471VET3, STM32G471VET6, STM32G473QET3Z, STM32G473RET3Z, STM32G474CCT6, STM32G491RET3Z, STM32H503CBT6, STM32H503CBU6, STM32H503EBY6TR, STM32H503KBU6, STM32H503RBT6, STM32H523CCT6, STM32H523CCU6, STM32H523CET6, STM32H523CEU6, STM32H523HEY6TR, STM32H523RCT6, STM32H523RET6, STM32H523VCI6, STM32H523VCT6, STM32H523VEI6, STM32H523VET6, STM32H523ZCJ6, STM32H523ZCT6, STM32H523ZEJ6, STM32H523ZET6, STM32H533CET6, STM32H533CEU6, STM32H533HEY6TR, STM32H533RET6, STM32H533VEI6, STM32H533VET6, STM32H533ZEJ6, STM32H533ZET6, STM32H562AGI6, STM32H562AII6, STM32H562IGK6, STM32H562IGT6, STM32H562IIK6, STM32H562IIT6, STM32H562RGT6, STM32H562RGV6, STM32H562RIT6, STM32H562RIV6, STM32H562VGT6, STM32H562VIT6, STM32H562ZGT6, STM32H562ZIT6, STM32H563AGI6, STM32H563AII3Q, STM32H563AII6, STM32H563IGK6, STM32H563IGT6, STM32H563IIK3Q, STM32H563IIK6, STM32H563IIT3Q, STM32H563IIT6, STM32H563MIY3QTR, STM32H563RGT6, STM32H563RGV6, STM32H563RIT6, STM32H563RIV6, STM32H563VGT6, STM32H563VIT3Q, STM32H563VIT6, STM32H563ZGT6, STM32H563ZIT3Q, STM32H563ZIT6, STM32H573AII3Q, STM32H573AII6, STM32H573I-DK, STM32H573IIK3Q, STM32H573IIK6, STM32H573IIT3Q, STM32H573IIT6, STM32H573MIY3QTR, STM32H573RIT6, STM32H573RIV6, STM32H573VIT3Q, STM32H573VIT6, STM32H573ZIT3Q, STM32H573ZIT6, STM32H7R3A8I6, STM32H7R3I8K6, STM32H7R3I8T6, STM32H7R3L8H6, STM32H7R3L8H6H, STM32H7R3R8V6, STM32H7R3V8H6, STM32H7R3V8T6, STM32H7R3V8Y6TR, STM32H7R3Z8J6, STM32H7R3Z8T6, STM32H7R7A8I6, STM32H7R7I8K6, STM32H7R7I8T6, STM32H7R7L8H6, STM32H7R7L8H6H, STM32H7R7Z8J6, STM32H7S3A8I6, STM32H7S3I8K6, STM32H7S3I8T6, STM32H7S3L8H6, STM32H7S3L8H6H, STM32H7S3R8V6, STM32H7S3V8H6, STM32H7S3V8T6, STM32H7S3V8Y6TR, STM32H7S3Z8J6, STM32H7S3Z8T6, STM32H7S78-DK, STM32H7S7A8I6, STM32H7S7I8K6, STM32H7S7I8T6, STM32H7S7L8H6, STM32H7S7L8H6H, STM32H7S7Z8J6, STM32L4R5QGI6STR, STM32MP131AAE3, STM32MP131AAF3, STM32MP131AAG3, STM32MP131CAE3, STM32MP131CAF3, STM32MP131CAG3, STM32MP131DAE7, STM32MP131DAF7, STM32MP131DAG7, STM32MP131FAE7, STM32MP131FAF7, STM32MP131FAG7, STM32MP133AAE3, STM32MP133AAF3, STM32MP133AAG3, STM32MP133CAE3, STM32MP133CAF3, STM32MP133CAG3, STM32MP133DAE7, STM32MP133DAF7, STM32MP133DAG7, STM32MP133FAE7, STM32MP133FAF7, STM32MP133FAG7, STM32MP135AAE3, STM32MP135AAF3, STM32MP135AAG3, STM32MP135CAE3, STM32MP135CAF3, STM32MP135CAG3, STM32MP135DAE7, STM32MP135DAF7, STM32MP135DAG7, STM32MP135F-DK, STM32MP135FAE7, STM32MP135FAF7, STM32MP135FAF7T, STM32MP135FAF7U, STM32MP135FAG7, STM32MP211AAL3, STM32MP211AAM3, STM32MP211AAN3, STM32MP211AAO3, STM32MP211CAL3, STM32MP211CAM3, STM32MP211CAN3, STM32MP211CAO3, STM32MP211DAL3, STM32MP211DAM3, STM32MP211DAN3, STM32MP211DAO3, STM32MP211FAL3, STM32MP211FAM3, STM32MP211FAN3, STM32MP211FAO3, STM32MP213AAL3, STM32MP213AAM3, STM32MP213AAN3, STM32MP213AAO3, STM32MP213CAL3, STM32MP213CAM3, STM32MP213CAN3, STM32MP213CAO3, STM32MP213DAL3, STM32MP213DAM3, STM32MP213DAN3, STM32MP213DAO3, STM32MP213FAL3, STM32MP213FAM3, STM32MP213FAN3, STM32MP213FAO3, STM32MP215AAL3, STM32MP215AAM3, STM32MP215AAN3, STM32MP215AAO3, STM32MP215CAL3, STM32MP215CAM3, STM32MP215CAN3, STM32MP215CAO3, STM32MP215DAL3, STM32MP215DAM3, STM32MP215DAN3, STM32MP215DAO3, STM32MP215F-DK, STM32MP215FAL3, STM32MP215FAM3, STM32MP215FAN3, STM32MP215FAO3, STM32MP231AAJ3, STM32MP231AAK3, STM32MP231AAL3, STM32MP231CAJ3, STM32MP231CAK3, STM32MP231CAL3, STM32MP231DAJ3, STM32MP231DAK3, STM32MP231DAL3, STM32MP231FAJ3, STM32MP231FAK3, STM32MP231FAL3, STM32MP233AAJ3, STM32MP233AAK3, STM32MP233AAL3, STM32MP233CAJ3, STM32MP233CAK3, STM32MP233CAL3, STM32MP233DAJ3, STM32MP233DAK3, STM32MP233DAL3, STM32MP233FAJ3, STM32MP233FAK3, STM32MP233FAL3, STM32MP235AAJ3, STM32MP235AAK3, STM32MP235AAL3, STM32MP235CAJ3, STM32MP235CAK3, STM32MP235CAL3, STM32MP235DAJ3, STM32MP235DAK3, STM32MP235DAL3, STM32MP235FAJ3, STM32MP235FAK3, STM32MP235FAL3, STM32MP251AAI3, STM32MP251AAK3, STM32MP251AAL3, STM32MP251CAI3, STM32MP251CAK3, STM32MP251CAL3, STM32MP251DAI3, STM32MP251DAK3, STM32MP251DAL3, STM32MP251FAI3, STM32MP251FAK3, STM32MP251FAL3, STM32MP253AAI3, STM32MP253AAK3, STM32MP253AAL3, STM32MP253CAI3, STM32MP253CAK3, STM32MP253CAL3, STM32MP253DAI3, STM32MP253DAK3, STM32MP253DAL3, STM32MP253FAI3, STM32MP253FAK3, STM32MP253FAL3, STM32MP255AAI3, STM32MP255AAK3, STM32MP255AAL3, STM32MP255CAI3, STM32MP255CAK3, STM32MP255CAL3, STM32MP255DAI3, STM32MP255DAK3, STM32MP255DAL3, STM32MP255FAI3, STM32MP255FAK3, STM32MP255FAL3, STM32MP257AAI3, STM32MP257AAK3, STM32MP257AAL3, STM32MP257CAI3, STM32MP257CAK3, STM32MP257CAL3, STM32MP257DAI3, STM32MP257DAK3, STM32MP257DAL3, STM32MP257F-DK, STM32MP257F-EV1, STM32MP257FAI3, STM32MP257FAK3, STM32MP257FAL3, STM32N645A0H3Q, STM32N645B0H3Q, STM32N645I0H3Q, STM32N645L0H3Q, STM32N645X0H3Q, STM32N645Z0H3Q, STM32N647A0H3Q, STM32N647B0H3Q, STM32N647I0H3Q, STM32N647L0H3Q, STM32N647X0H3Q, STM32N647Z0H3Q, STM32N655A0H3Q, STM32N655B0H3Q, STM32N655I0H3Q, STM32N655L0H3Q, STM32N655X0H3Q, STM32N655Z0H3Q, STM32N6570-DK, STM32N657A0H3Q, STM32N657B0H3Q, STM32N657I0H3Q, STM32N657L0H3Q, STM32N657X0H3Q, STM32N657Z0H3Q, STM32U031C6T6, STM32U031C6U6, STM32U031C8T6, STM32U031C8U6, STM32U031F4P6, STM32U031F6P6, STM32U031F8P6, STM32U031G6Y6TR, STM32U031G8Y6TR, STM32U031K4U6, STM32U031K6U6, STM32U031K8U6, STM32U031R6I6, STM32U031R6T6, STM32U031R8I6, STM32U031R8T6, STM32U073C8T6, STM32U073C8U6, STM32U073CBT6, STM32U073CBU6, STM32U073CCT6, STM32U073CCU6, STM32U073H8Y6TR, STM32U073HBY6TR, STM32U073HCY6TR, STM32U073K8U6, STM32U073KBU6, STM32U073KCU6, STM32U073M8I6, STM32U073M8T6, STM32U073MBI6, STM32U073MBT6, STM32U073MCI6, STM32U073MCT6, STM32U073R8I6, STM32U073R8T6, STM32U073RBI6, STM32U073RBT6, STM32U073RCI6, STM32U073RCT6, STM32U083C-DK, STM32U083CCT6, STM32U083CCU6, STM32U083HCY6TR, STM32U083KCU6, STM32U083MCI6, STM32U083MCT6, STM32U083RCI6, STM32U083RCT6, STM32U375CET6, STM32U375CET6Q, STM32U375CEU6, STM32U375CEU6Q, STM32U375CEY6QTR, STM32U375CGT6, STM32U375CGT6Q, STM32U375CGU6, STM32U375CGU6Q, STM32U375CGY6QTR, STM32U375KEU6, STM32U375KGU6, STM32U375REI6, STM32U375REI6Q, STM32U375RET6, STM32U375RET6Q, STM32U375REY6GTR, STM32U375REY6QTR, STM32U375RGI6, STM32U375RGI6Q, STM32U375RGT6, STM32U375RGT6Q, STM32U375RGY6GTR, STM32U375RGY6QTR, STM32U375VEI6, STM32U375VEI6Q, STM32U375VET6, STM32U375VET6Q, STM32U375VGI6, STM32U375VGI6Q, STM32U375VGT6, STM32U375VGT6Q, STM32U385CGT6, STM32U385CGT6Q, STM32U385CGU6, STM32U385CGU6Q, STM32U385CGY6QTR, STM32U385KGU6, STM32U385RGI6, STM32U385RGI6Q, STM32U385RGT6, STM32U385RGT6Q, STM32U385RGY6GTR, STM32U385RGY6QTR, STM32U385VGI6, STM32U385VGI6Q, STM32U385VGT6, STM32U385VGT6Q, STM32U535CBT6, STM32U535CBT6Q, STM32U535CBU6, STM32U535CBU6Q, STM32U535CCT6, STM32U535CCT6Q, STM32U535CCU6, STM32U535CCU6Q, STM32U535CET6, STM32U535CET6Q, STM32U535CEU6, STM32U535CEU6Q, STM32U535JEY6QTR, STM32U535NCY6QTR, STM32U535NEY6QTR, STM32U535RBI6, STM32U535RBI6Q, STM32U535RBT6, STM32U535RBT6Q, STM32U535RCI6, STM32U535RCI6Q, STM32U535RCT6, STM32U535RCT6Q, STM32U535REI6, STM32U535REI6Q, STM32U535RET6, STM32U535RET6Q, STM32U535VCI6, STM32U535VCI6Q, STM32U535VCT6, STM32U535VCT6Q, STM32U535VEI6, STM32U535VEI6Q, STM32U535VET6, STM32U535VET6Q, STM32U545CET6, STM32U545CET6Q, STM32U545CEU6, STM32U545CEU6Q, STM32U545JEY6QTR, STM32U545NEY6QTR, STM32U545REI6, STM32U545REI6Q, STM32U545RET6, STM32U545RET6Q, STM32U545VEI6, STM32U545VEI6Q, STM32U545VET6, STM32U545VET6Q, STM32U595AIH6, STM32U595AIH6Q, STM32U595AJH6, STM32U595AJH6Q, STM32U595QII6, STM32U595QII6Q, STM32U595QJI6, STM32U595QJI6Q, STM32U595RIT6, STM32U595RIT6Q, STM32U595RJT6, STM32U595RJT6Q, STM32U595VIT6, STM32U595VIT6Q, STM32U595VJT6, STM32U595VJT6Q, STM32U595ZIT6, STM32U595ZIT6Q, STM32U595ZIY6QTR, STM32U595ZJT6, STM32U595ZJT6Q, STM32U595ZJY6QTR, STM32U599BJY6QTR, STM32U599NIH6Q, STM32U599NJH6Q, STM32U599VIT6Q, STM32U599VJT6, STM32U599VJT6Q, STM32U599ZIT6Q, STM32U599ZIY6QTR, STM32U599ZJT6Q, STM32U599ZJY6QTR, STM32U5A5AJH6, STM32U5A5AJH6Q, STM32U5A5QII3Q , STM32U5A5QJI6, STM32U5A5QJI6Q, STM32U5A5RJT6, STM32U5A5RJT6Q, STM32U5A5VJT6, STM32U5A5VJT6Q, STM32U5A5ZJT6, STM32U5A5ZJT6Q, STM32U5A5ZJY6QTR, STM32U5A9BJY6QTR, STM32U5A9J-DK, STM32U5A9NJH6Q, STM32U5A9VJT6Q, STM32U5A9ZJT6Q, STM32U5A9ZJY6QTR, STM32U5F7VIT6, STM32U5F7VIT6Q, STM32U5F7VJT6, STM32U5F7VJT6Q, STM32U5F9BJY6QTR, STM32U5F9NJH6Q, STM32U5F9VIT6Q, STM32U5F9VJT6Q, STM32U5F9ZIJ6QTR, STM32U5F9ZIT6Q, STM32U5F9ZJJ6QTR, STM32U5F9ZJT6Q, STM32U5G7VJT6, STM32U5G7VJT6Q, STM32U5G9BJY6QTR, STM32U5G9J-DK1, STM32U5G9J-DK2, STM32U5G9NJH6Q, STM32U5G9VJT6Q, STM32U5G9ZJJ6QTR, STM32U5G9ZJT6Q, STM32WB05KZV6TR, STM32WB05KZV7TR, STM32WB05TZF6TR, STM32WB05TZF7TR, STM32WB06CCF6TR, STM32WB06CCF7TR, STM32WB06CCV6TR, STM32WB06CCV7TR, STM32WB06KCV6TR, STM32WB06KCV7TR, STM32WB07CCF6TR, STM32WB07CCF7TR, STM32WB07CCV6TR, STM32WB07CCV7TR, STM32WB07KCV6TR, STM32WB07KCV7TR, STM32WB09KEV6TR, STM32WB09KEV7TR, STM32WB09TEF6TR, STM32WB09TEF7TR, STM32WB1MMCH6, STM32WBA50KGU6, STM32WBA50KGU6TR, STM32WBA52CEU6, STM32WBA52CEU6TR, STM32WBA52CEU7, STM32WBA52CEU7TR, STM32WBA52CGU6, STM32WBA52CGU6TR, STM32WBA52CGU6U, STM32WBA52CGU7, STM32WBA52CGU7TR, STM32WBA52KEU6, STM32WBA52KEU6TR, STM32WBA52KGU6, STM32WBA52KGU6TR, STM32WBA54CEU6, STM32WBA54CEU6TR, STM32WBA54CEU7, STM32WBA54CEU7TR, STM32WBA54CGU6, STM32WBA54CGU6TR, STM32WBA54CGU7, STM32WBA54CGU7TR, STM32WBA54KEU6, STM32WBA54KEU6TR, STM32WBA54KEU7, STM32WBA54KEU7TR, STM32WBA54KGU6, STM32WBA54KGU6TR, STM32WBA54KGU7, STM32WBA54KGU7TR, STM32WBA55CEU6, STM32WBA55CEU6TR, STM32WBA55CEU7, STM32WBA55CEU7TR, STM32WBA55CGU6, STM32WBA55CGU6TR, STM32WBA55CGU6U, STM32WBA55CGU7, STM32WBA55CGU7TR, STM32WBA55G-DK1, STM32WBA55HEF6, STM32WBA55HEF7, STM32WBA55HGF6, STM32WBA55HGF7, STM32WBA55UEI6, STM32WBA55UEI6TR, STM32WBA55UEI7, STM32WBA55UEI7TR, STM32WBA55UGI6, STM32WBA55UGI6TR, STM32WBA55UGI7, STM32WBA55UGI7TR, STM32WBA5MMGH6TR, STM32WBA62MGF6, STM32WBA62MIF6, STM32WBA65MGF7, STM32WBA65MIF6, STM32WBA65MIF7, STM32WL30K8V6, STM32WL30KBV6, STM32WL31C8V6, STM32WL31CBV6, STM32WL31K8V6, STM32WL31KBV6, STM32WL33C8V6, STM32WL33C8V6X, STM32WL33CBV6, STM32WL33CBV6X, STM32WL33CCV6, STM32WL33CCV6A, STM32WL33CCV6X, STM32WL33K8V7, STM32WL33K8V7X, STM32WL33KBV7 , STM32WL33KBV7X, STM32WL33KCV7, STM32WL33KCV7X, STM32WL5MOCH6, STM32WL5MOCH6TR]
2025-12-13 09:28:09,731 [INFO] BoardInfo:889 - No configuration file found for board P-NUCLEO-WB55
2025-12-13 09:28:09,733 [INFO] DbBoards:161 - Kit is not supported: P-NUCLEO-WB55
2025-12-13 09:28:09,740 [INFO] BoardInfo:889 - No configuration file found for board STEVAL-BFA001V1B
2025-12-13 09:28:09,741 [INFO] DbBoards:161 - Kit is not supported: STEVAL-BFA001V1B
2025-12-13 09:28:09,742 [INFO] BoardInfo:889 - No configuration file found for board STEVAL-BFA001V2B
2025-12-13 09:28:09,744 [INFO] DbBoards:161 - Kit is not supported: STEVAL-BFA001V2B
2025-12-13 09:28:09,989 [INFO] DbBoards:168 - Found 212 boards, 209 are supported
2025-12-13 09:28:09,990 [INFO] DbBoards:169 - Found 212 boards, 43 of them is supported for  Bsp
2025-12-13 09:28:09,992 [INFO] ApiDb:423 - Load user favorites file C:\Users\akash/.stm32cubeide/favorites.boards.txt: 2 item(s)
2025-12-13 09:28:09,992 [INFO] ApiDb:427 - User favorites Boards=[NUCLEO-H755ZI-Q, STM32H747I-DISCO]
2025-12-13 09:28:09,992 [INFO] DbBoards:198 - Set 2 / 2 favorites Boards
2025-12-13 09:28:09,992 [INFO] McuFinderGlobals:76 - Set McuFinderConnectedMode to true
2025-12-13 09:28:09,998 [INFO] MultiScanPanel:200 - Auto-refresh data requested => check proxy status ongoing
2025-12-13 09:28:09,999 [INFO] FinderPluginLoader:96 - Searching for filters in installed packs
2025-12-13 09:28:10,293 [ERROR] LogOutputStream:75 - [STDERR_REDIRECT] [Fatal Error] :1:1: Premature end of file.
2025-12-13 09:28:10,293 [ERROR] LogOutputStream:75 - [STDERR_REDIRECT] 
2025-12-13 09:28:11,103 [INFO] LoadUrlFilesThread:185 - End of LoadServerUrlFiles without Thread
2025-12-13 09:28:11,118 [INFO] DetailPanel:341 - Set advertising image to C:/Users/akash/STM32Cube/Repository/\en.prom-st67w-expansion-board.png
2025-12-13 09:28:11,295 [ERROR] LogOutputStream:75 - [STDERR_REDIRECT] [Fatal Error] :1:1: Premature end of file.
2025-12-13 09:28:11,295 [ERROR] LogOutputStream:75 - [STDERR_REDIRECT] 
2025-12-13 09:28:11,940 [INFO] MultiScanPanel:200 - Auto-refresh data requested => check proxy status ongoing
2025-12-13 09:28:12,064 [INFO] LoadUrlFilesThread:185 - End of LoadServerUrlFiles without Thread
2025-12-13 09:28:12,064 [INFO] DetailPanel:341 - Set advertising image to C:/Users/akash/STM32Cube/Repository/\en.prom-st67w-expansion-board.png
2025-12-13 09:28:12,076 [INFO] DbBoards:642 - Loading board mini-images...
2025-12-13 09:28:12,297 [ERROR] LogOutputStream:75 - [STDERR_REDIRECT] [Fatal Error] :1:1: Premature end of file.
2025-12-13 09:28:12,297 [ERROR] LogOutputStream:75 - [STDERR_REDIRECT] 
2025-12-13 09:28:13,296 [ERROR] LogOutputStream:75 - [STDERR_REDIRECT] [Fatal Error] :1:1: Premature end of file.
2025-12-13 09:28:13,296 [ERROR] LogOutputStream:75 - [STDERR_REDIRECT] 
2025-12-13 09:28:13,893 [ERROR] DbBoards:659 - Image file not found for board STM32MP215F-DK: C:\Users\akash\.stmcufinder\plugins\mcufinder//mcu//boards_images/STM32MP215F-DK.jpg
2025-12-13 09:28:14,022 [INFO] DbBoards:665 - Loaded 211 board mini-images
2025-12-13 09:28:14,093 [INFO] MultiScanPanel:200 - Auto-refresh data requested => check proxy status ongoing
2025-12-13 09:28:14,096 [INFO] ApiDb:668 - CubeFinder database Data Model version=2.1
2025-12-13 09:28:14,096 [INFO] ApiDb:669 - CubeFinder database Configuration version=3.0.39
2025-12-13 09:28:14,096 [INFO] ApiDb:670 - CubeFinder database generation date=2025-11-05 (1762334721)
2025-12-13 09:28:14,096 [INFO] ApiDb:671 - CubeFinder database FW Pack versions=[FP-ATR-ASTRA1_V2.0.0, FP-SNS-FLIGHT1_V5.1.0, FP-SNS-MOTENV1_V5.1.0, FP-SNS-MOTENVWB1_V1.4.0, FP-SNS-SMARTAG2_V1.2.0, FP-SNS-STBOX1_V2.1.0, STM32Cube_FW_C0_V1.4.0, STM32Cube_FW_F4_V1.28.3, STM32Cube_FW_F7_V1.17.4, STM32Cube_FW_G0_V1.6.2, STM32Cube_FW_G4_V1.6.1, STM32Cube_FW_H5_V1.5.1, STM32Cube_FW_H7RS_V1.3.0, STM32Cube_FW_H7_V1.12.1, STM32Cube_FW_L0_V1.12.2, STM32Cube_FW_L4_V1.18.1, STM32Cube_FW_L5_V1.6.0, STM32Cube_FW_N6_V1.3.0, STM32Cube_FW_U0_V1.3.0, STM32Cube_FW_U3_V1.2.1, STM32Cube_FW_U5_V1.8.0, STM32Cube_FW_WB0_V1.4.0, STM32Cube_FW_WBA_V1.8.0, STM32Cube_FW_WB_V1.24.0, STM32Cube_FW_WL3_V1.3.0, STM32Cube_FW_WL_V1.4.0, X-CUBE-ALGOBUILD_V1.4.0, X-CUBE-ALS_V1.0.2, X-CUBE-AZRTOS-F4_V1.1.0, X-CUBE-AZRTOS-F7_V1.1.0, X-CUBE-AZRTOS-G0_V1.1.0, X-CUBE-AZRTOS-G4_V2.0.0, X-CUBE-AZRTOS-H7RS_V1.1.0, X-CUBE-AZRTOS-H7_V3.4.0, X-CUBE-AZRTOS-L4_V2.0.0, X-CUBE-AZRTOS-L5_V2.0.0, X-CUBE-AZRTOS-WB_V2.0.0, X-CUBE-AZRTOS-WL_V2.0.0, X-CUBE-BLE1_V7.1.0, X-CUBE-BLE2_V3.3.0, X-CUBE-BLEMGR_V4.1.0, X-CUBE-EEPRMA1_V5.2.0, X-CUBE-FREERTOS_V1.3.1, X-CUBE-GNSS1_V6.0.0, X-CUBE-MEMS1_V11.3.0, X-CUBE-NFC4_V3.0.0, X-CUBE-NFC7_V2.0.0, X-CUBE-SFXS2LP1_V4.0.0, X-CUBE-ST67W61_V1.1.0, X-CUBE-SUBG2_V5.0.0, X-CUBE-TOF1_V3.4.3]
2025-12-13 09:28:14,293 [ERROR] LogOutputStream:75 - [STDERR_REDIRECT] [Fatal Error] :1:1: Premature end of file.
2025-12-13 09:28:14,293 [ERROR] LogOutputStream:75 - [STDERR_REDIRECT] 
2025-12-13 09:28:14,700 [ERROR] DbExamplesSqlite:437 - Missing JSON key: board_cpn
2025-12-13 09:28:14,700 [ERROR] DbExamplesSqlite:437 - Missing JSON key: board_cpn
2025-12-13 09:28:14,700 [ERROR] DbExamplesSqlite:437 - Missing JSON key: board_cpn
2025-12-13 09:28:14,700 [ERROR] DbExamplesSqlite:437 - Missing JSON key: board_cpn
2025-12-13 09:28:14,949 [ERROR] DbExamplesSqlite:437 - Missing JSON key: board_cpn
2025-12-13 09:28:14,950 [ERROR] DbExamplesSqlite:437 - Missing JSON key: board_cpn
2025-12-13 09:28:14,957 [INFO] DbExamplesSqlite:395 - Ignored 42 examples not supported by CubeIDE
2025-12-13 09:28:14,957 [INFO] DbExamplesSqlite:396 - Found 10883 examples active
2025-12-13 09:28:14,959 [INFO] DbExamplesSqlite:397 - Found 0 examples obsolete
2025-12-13 09:28:14,959 [INFO] DbExamplesSqlite:398 - Found 0 examples under development
2025-12-13 09:28:14,959 [INFO] DbExamplesSqlite:399 - Found 85 examples not building
2025-12-13 09:28:14,961 [INFO] DbExamples:125 - Found 10926 examples
2025-12-13 09:28:15,002 [ERROR] DbExamples:208 - Found 73 examples with invalid data (board or MCU)
2025-12-13 09:28:15,002 [INFO] DbExamples:222 - Found 134 boards with related examples
2025-12-13 09:28:15,003 [INFO] DbExamples:235 - Found 111 MCUs with related examples
2025-12-13 09:28:15,023 [INFO] ApiDb:423 - Load user favorites file C:\Users\akash/.stm32cubeide/favorites.examples.txt: 1 item(s)
2025-12-13 09:28:15,023 [INFO] ApiDb:427 - User favorites Examples=[X-CUBE-AZRTOS-H7-SWX-17655]
2025-12-13 09:28:15,023 [INFO] DbExamples:250 - Set 1 / 1 favorites Examples
2025-12-13 09:28:15,296 [ERROR] LogOutputStream:75 - [STDERR_REDIRECT] [Fatal Error] :1:1: Premature end of file.
2025-12-13 09:28:15,296 [ERROR] LogOutputStream:75 - [STDERR_REDIRECT] 
2025-12-13 09:28:15,842 [INFO] SoftwarePacks:127 - Download is needed for SW pack 'FP-ATR-ASTRA1_V2.0.0'
2025-12-13 09:28:15,848 [INFO] SoftwarePacks:127 - Download is needed for SW pack 'FP-SNS-FLIGHT1_V5.1.0'
2025-12-13 09:28:15,855 [INFO] SoftwarePacks:127 - Download is needed for SW pack 'FP-SNS-MOTENV1_V5.1.0'
2025-12-13 09:28:15,861 [INFO] SoftwarePacks:127 - Download is needed for SW pack 'FP-SNS-MOTENVWB1_V1.4.0'
2025-12-13 09:28:15,865 [INFO] SoftwarePacks:127 - Download is needed for SW pack 'FP-SNS-SMARTAG2_V1.2.0'
2025-12-13 09:28:15,871 [INFO] SoftwarePacks:127 - Download is needed for SW pack 'FP-SNS-STBOX1_V2.1.0'
2025-12-13 09:28:15,881 [INFO] SoftwarePacks:127 - Download is needed for SW pack 'STM32Cube_FW_C0_V1.4.0'
2025-12-13 09:28:15,888 [INFO] SoftwarePacks:127 - Download is needed for SW pack 'STM32Cube_FW_F4_V1.28.3'
2025-12-13 09:28:15,896 [INFO] SoftwarePacks:127 - Download is needed for SW pack 'STM32Cube_FW_F7_V1.17.4'
2025-12-13 09:28:15,903 [INFO] SoftwarePacks:131 - Found SW pack 'STM32Cube_FW_G0_V1.6.2' up-to-date on disk.
2025-12-13 09:28:15,911 [INFO] SoftwarePacks:131 - Found SW pack 'STM32Cube_FW_G4_V1.6.1' up-to-date on disk.
2025-12-13 09:28:15,917 [INFO] SoftwarePacks:127 - Download is needed for SW pack 'STM32Cube_FW_H5_V1.5.1'
2025-12-13 09:28:15,923 [INFO] SoftwarePacks:127 - Download is needed for SW pack 'STM32Cube_FW_H7RS_V1.3.0'
2025-12-13 09:28:15,929 [INFO] SoftwarePacks:131 - Found SW pack 'STM32Cube_FW_H7_V1.12.1' up-to-date on disk.
2025-12-13 09:28:15,934 [INFO] SoftwarePacks:127 - Download is needed for SW pack 'STM32Cube_FW_L0_V1.12.2'
2025-12-13 09:28:15,941 [INFO] SoftwarePacks:127 - Download is needed for SW pack 'STM32Cube_FW_L4_V1.18.1'
2025-12-13 09:28:15,947 [INFO] SoftwarePacks:127 - Download is needed for SW pack 'STM32Cube_FW_L5_V1.6.0'
2025-12-13 09:28:15,953 [INFO] SoftwarePacks:127 - Download is needed for SW pack 'STM32Cube_FW_N6_V1.3.0'
2025-12-13 09:28:15,959 [INFO] SoftwarePacks:127 - Download is needed for SW pack 'STM32Cube_FW_U0_V1.3.0'
2025-12-13 09:28:15,965 [INFO] SoftwarePacks:127 - Download is needed for SW pack 'STM32Cube_FW_U3_V1.2.1'
2025-12-13 09:28:15,971 [INFO] SoftwarePacks:127 - Download is needed for SW pack 'STM32Cube_FW_U5_V1.8.0'
2025-12-13 09:28:15,979 [INFO] SoftwarePacks:127 - Download is needed for SW pack 'STM32Cube_FW_WB0_V1.4.0'
2025-12-13 09:28:15,985 [INFO] SoftwarePacks:127 - Download is needed for SW pack 'STM32Cube_FW_WBA_V1.8.0'
2025-12-13 09:28:15,992 [INFO] SoftwarePacks:127 - Download is needed for SW pack 'STM32Cube_FW_WB_V1.24.0'
2025-12-13 09:28:15,997 [INFO] SoftwarePacks:127 - Download is needed for SW pack 'STM32Cube_FW_WL3_V1.3.0'
2025-12-13 09:28:16,008 [INFO] SoftwarePacks:127 - Download is needed for SW pack 'STM32Cube_FW_WL_V1.4.0'
2025-12-13 09:28:16,013 [INFO] SoftwarePacks:127 - Download is needed for SW pack 'X-CUBE-ALGOBUILD_V1.4.0'
2025-12-13 09:28:16,017 [INFO] SoftwarePacks:127 - Download is needed for SW pack 'X-CUBE-ALS_V1.0.2'
2025-12-13 09:28:16,022 [INFO] SoftwarePacks:127 - Download is needed for SW pack 'X-CUBE-AZRTOS-F4_V1.1.0'
2025-12-13 09:28:16,030 [INFO] SoftwarePacks:127 - Download is needed for SW pack 'X-CUBE-AZRTOS-F7_V1.1.0'
2025-12-13 09:28:16,034 [INFO] SoftwarePacks:127 - Download is needed for SW pack 'X-CUBE-AZRTOS-G0_V1.1.0'
2025-12-13 09:28:16,038 [INFO] SoftwarePacks:127 - Download is needed for SW pack 'X-CUBE-AZRTOS-G4_V2.0.0'
2025-12-13 09:28:16,043 [INFO] SoftwarePacks:127 - Download is needed for SW pack 'X-CUBE-AZRTOS-H7RS_V1.1.0'
2025-12-13 09:28:16,048 [INFO] SoftwarePacks:131 - Found SW pack 'X-CUBE-AZRTOS-H7_V3.4.0' up-to-date on disk.
2025-12-13 09:28:16,052 [INFO] SoftwarePacks:127 - Download is needed for SW pack 'X-CUBE-AZRTOS-L4_V2.0.0'
2025-12-13 09:28:16,057 [INFO] SoftwarePacks:127 - Download is needed for SW pack 'X-CUBE-AZRTOS-L5_V2.0.0'
2025-12-13 09:28:16,061 [INFO] SoftwarePacks:127 - Download is needed for SW pack 'X-CUBE-AZRTOS-WB_V2.0.0'
2025-12-13 09:28:16,066 [INFO] SoftwarePacks:127 - Download is needed for SW pack 'X-CUBE-AZRTOS-WL_V2.0.0'
2025-12-13 09:28:16,069 [INFO] SoftwarePacks:127 - Download is needed for SW pack 'X-CUBE-BLE1_V7.1.0'
2025-12-13 09:28:16,072 [INFO] SoftwarePacks:127 - Download is needed for SW pack 'X-CUBE-BLE2_V3.3.0'
2025-12-13 09:28:16,076 [INFO] SoftwarePacks:127 - Download is needed for SW pack 'X-CUBE-BLEMGR_V4.1.0'
2025-12-13 09:28:16,080 [INFO] SoftwarePacks:127 - Download is needed for SW pack 'X-CUBE-EEPRMA1_V5.2.0'
2025-12-13 09:28:16,083 [INFO] SoftwarePacks:127 - Download is needed for SW pack 'X-CUBE-FREERTOS_V1.3.1'
2025-12-13 09:28:16,087 [INFO] SoftwarePacks:127 - Download is needed for SW pack 'X-CUBE-GNSS1_V6.0.0'
2025-12-13 09:28:16,090 [INFO] SoftwarePacks:127 - Download is needed for SW pack 'X-CUBE-MEMS1_V11.3.0'
2025-12-13 09:28:16,095 [INFO] SoftwarePacks:127 - Download is needed for SW pack 'X-CUBE-NFC4_V3.0.0'
2025-12-13 09:28:16,099 [INFO] SoftwarePacks:127 - Download is needed for SW pack 'X-CUBE-NFC7_V2.0.0'
2025-12-13 09:28:16,101 [INFO] SoftwarePacks:127 - Download is needed for SW pack 'X-CUBE-SFXS2LP1_V4.0.0'
2025-12-13 09:28:16,105 [INFO] SoftwarePacks:127 - Download is needed for SW pack 'X-CUBE-ST67W61_V1.1.0'
2025-12-13 09:28:16,109 [INFO] SoftwarePacks:127 - Download is needed for SW pack 'X-CUBE-SUBG2_V5.0.0'
2025-12-13 09:28:16,113 [INFO] SoftwarePacks:127 - Download is needed for SW pack 'X-CUBE-TOF1_V3.4.3'
2025-12-13 09:28:16,296 [ERROR] LogOutputStream:75 - [STDERR_REDIRECT] [Fatal Error] :1:1: Premature end of file.
2025-12-13 09:28:16,296 [ERROR] LogOutputStream:75 - [STDERR_REDIRECT] 
2025-12-13 09:28:17,296 [ERROR] LogOutputStream:75 - [STDERR_REDIRECT] [Fatal Error] :1:1: Premature end of file.
2025-12-13 09:28:17,296 [ERROR] LogOutputStream:75 - [STDERR_REDIRECT] 
2025-12-13 09:28:17,659 [INFO] LoadUrlFilesThread:185 - End of LoadServerUrlFiles without Thread
2025-12-13 09:28:17,660 [INFO] DetailPanel:341 - Set advertising image to C:/Users/akash/STM32Cube/Repository/\en.prom-st67w-expansion-board.png
2025-12-13 09:28:18,385 [ERROR] LogOutputStream:75 - [STDERR_REDIRECT] [Fatal Error] :1:1: Premature end of file.
2025-12-13 09:28:18,386 [ERROR] LogOutputStream:75 - [STDERR_REDIRECT] 
2025-12-13 09:28:18,519 [ERROR] AppliInfo:139 - Unknown STM32CubeMX version: 6.16.0
2025-12-13 09:28:18,520 [ERROR] AppliInfo:139 - Unknown STM32CubeMX version: 6.16.0
2025-12-13 09:28:18,520 [ERROR] AppliInfo:139 - Unknown STM32CubeMX version: 6.16.0
2025-12-13 09:28:18,520 [ERROR] AppliInfo:139 - Unknown STM32CubeMX version: 6.16.0
2025-12-13 09:28:18,520 [ERROR] AppliInfo:139 - Unknown STM32CubeMX version: 6.16.0
2025-12-13 09:28:18,542 [ERROR] AppliInfo:139 - Unknown STM32CubeMX version: 6.16.0
2025-12-13 09:28:18,542 [ERROR] AppliInfo:139 - Unknown STM32CubeMX version: 6.16.0
2025-12-13 09:28:18,543 [ERROR] AppliInfo:139 - Unknown STM32CubeMX version: 6.16.0
2025-12-13 09:28:18,545 [ERROR] AppliInfo:139 - Unknown STM32CubeMX version: 6.16.0
2025-12-13 09:28:18,712 [ERROR] AppliInfo:139 - Unknown STM32CubeMX version: 6.16.0
2025-12-13 09:28:18,714 [ERROR] AppliInfo:139 - Unknown STM32CubeMX version: 6.16.0
2025-12-13 09:28:18,749 [ERROR] AppliInfo:139 - Unknown STM32CubeMX version: 6.16.0
2025-12-13 09:28:18,752 [ERROR] AppliInfo:139 - Unknown STM32CubeMX version: 6.16.0
2025-12-13 09:28:18,753 [ERROR] AppliInfo:139 - Unknown STM32CubeMX version: 6.16.0
2025-12-13 09:28:18,753 [ERROR] AppliInfo:139 - Unknown STM32CubeMX version: 6.16.0
2025-12-13 09:28:18,754 [ERROR] AppliInfo:139 - Unknown STM32CubeMX version: 6.16.0
2025-12-13 09:28:18,754 [ERROR] AppliInfo:139 - Unknown STM32CubeMX version: 6.16.0
2025-12-13 09:28:18,755 [ERROR] AppliInfo:139 - Unknown STM32CubeMX version: 6.16.0
2025-12-13 09:28:18,755 [ERROR] AppliInfo:139 - Unknown STM32CubeMX version: 6.16.0
2025-12-13 09:28:18,755 [ERROR] AppliInfo:139 - Unknown STM32CubeMX version: 6.16.0
2025-12-13 09:28:18,755 [ERROR] AppliInfo:139 - Unknown STM32CubeMX version: 6.16.0
2025-12-13 09:28:18,755 [ERROR] AppliInfo:139 - Unknown STM32CubeMX version: 6.16.0
2025-12-13 09:28:18,756 [ERROR] AppliInfo:139 - Unknown STM32CubeMX version: 6.16.0
2025-12-13 09:28:18,758 [ERROR] AppliInfo:139 - Unknown STM32CubeMX version: 6.16.0
2025-12-13 09:28:18,758 [ERROR] AppliInfo:139 - Unknown STM32CubeMX version: 6.16.0
2025-12-13 09:28:18,759 [ERROR] AppliInfo:139 - Unknown STM32CubeMX version: 6.16.0
2025-12-13 09:28:18,760 [ERROR] AppliInfo:139 - Unknown STM32CubeMX version: 6.16.0
2025-12-13 09:28:18,760 [ERROR] AppliInfo:139 - Unknown STM32CubeMX version: 6.16.0
2025-12-13 09:28:18,760 [ERROR] AppliInfo:139 - Unknown STM32CubeMX version: 6.16.0
2025-12-13 09:28:18,763 [ERROR] AppliInfo:139 - Unknown STM32CubeMX version: 6.16.0
2025-12-13 09:28:18,763 [ERROR] AppliInfo:139 - Unknown STM32CubeMX version: 6.16.0
2025-12-13 09:28:18,763 [ERROR] AppliInfo:139 - Unknown STM32CubeMX version: 6.16.0
2025-12-13 09:28:18,764 [ERROR] AppliInfo:139 - Unknown STM32CubeMX version: 6.16.0
2025-12-13 09:28:18,764 [ERROR] AppliInfo:139 - Unknown STM32CubeMX version: 6.16.0
2025-12-13 09:28:18,765 [ERROR] AppliInfo:139 - Unknown STM32CubeMX version: 6.16.0
2025-12-13 09:28:18,767 [ERROR] AppliInfo:139 - Unknown STM32CubeMX version: 6.16.0
2025-12-13 09:28:18,768 [ERROR] AppliInfo:139 - Unknown STM32CubeMX version: 6.16.0
2025-12-13 09:28:18,769 [ERROR] AppliInfo:139 - Unknown STM32CubeMX version: 6.16.0
2025-12-13 09:28:18,769 [ERROR] AppliInfo:139 - Unknown STM32CubeMX version: 6.16.0
2025-12-13 09:28:18,769 [ERROR] AppliInfo:139 - Unknown STM32CubeMX version: 6.16.0
2025-12-13 09:28:18,770 [ERROR] AppliInfo:139 - Unknown STM32CubeMX version: 6.16.0
2025-12-13 09:28:18,770 [ERROR] AppliInfo:139 - Unknown STM32CubeMX version: 6.16.0
2025-12-13 09:28:18,771 [ERROR] AppliInfo:139 - Unknown STM32CubeMX version: 6.16.0
2025-12-13 09:28:18,771 [ERROR] AppliInfo:139 - Unknown STM32CubeMX version: 6.16.0
2025-12-13 09:28:18,771 [ERROR] AppliInfo:139 - Unknown STM32CubeMX version: 6.16.0
2025-12-13 09:28:18,772 [ERROR] AppliInfo:139 - Unknown STM32CubeMX version: 6.16.0
2025-12-13 09:28:18,774 [ERROR] AppliInfo:139 - Unknown STM32CubeMX version: 6.16.0
2025-12-13 09:28:18,774 [ERROR] AppliInfo:139 - Unknown STM32CubeMX version: 6.16.0
2025-12-13 09:28:18,774 [ERROR] AppliInfo:139 - Unknown STM32CubeMX version: 6.16.0
2025-12-13 09:28:18,774 [ERROR] AppliInfo:139 - Unknown STM32CubeMX version: 6.16.0
2025-12-13 09:28:18,921 [ERROR] AppliInfo:139 - Unknown STM32CubeMX version: 6.16.0
2025-12-13 09:28:18,934 [ERROR] AppliInfo:139 - Unknown STM32CubeMX version: 6.16.0
2025-12-13 09:28:18,934 [ERROR] AppliInfo:139 - Unknown STM32CubeMX version: 6.16.0
2025-12-13 09:28:18,934 [ERROR] AppliInfo:139 - Unknown STM32CubeMX version: 6.16.0
2025-12-13 09:28:18,934 [ERROR] AppliInfo:139 - Unknown STM32CubeMX version: 6.16.0
2025-12-13 09:28:18,934 [ERROR] AppliInfo:139 - Unknown STM32CubeMX version: 6.16.0
2025-12-13 09:28:18,935 [ERROR] AppliInfo:139 - Unknown STM32CubeMX version: 6.16.0
2025-12-13 09:28:18,982 [ERROR] AppliInfo:139 - Unknown STM32CubeMX version: 6.12.1
2025-12-13 09:28:18,983 [ERROR] AppliInfo:139 - Unknown STM32CubeMX version: 6.16.0
2025-12-13 09:28:18,983 [ERROR] AppliInfo:139 - Unknown STM32CubeMX version: 6.16.0
2025-12-13 09:28:18,984 [ERROR] AppliInfo:139 - Unknown STM32CubeMX version: 6.16.0
2025-12-13 09:28:18,984 [ERROR] AppliInfo:139 - Unknown STM32CubeMX version: 6.16.0
2025-12-13 09:28:18,984 [ERROR] AppliInfo:139 - Unknown STM32CubeMX version: 6.16.0
2025-12-13 09:28:18,984 [ERROR] AppliInfo:139 - Unknown STM32CubeMX version: 6.16.0
2025-12-13 09:28:18,985 [ERROR] AppliInfo:139 - Unknown STM32CubeMX version: 6.16.0
2025-12-13 09:28:18,985 [ERROR] AppliInfo:139 - Unknown STM32CubeMX version: 6.16.0
2025-12-13 09:28:18,985 [ERROR] AppliInfo:139 - Unknown STM32CubeMX version: 6.16.0
2025-12-13 09:28:18,985 [ERROR] AppliInfo:139 - Unknown STM32CubeMX version: 6.16.0
2025-12-13 09:28:18,986 [ERROR] AppliInfo:139 - Unknown STM32CubeMX version: 6.16.0
2025-12-13 09:28:18,986 [ERROR] AppliInfo:139 - Unknown STM32CubeMX version: 6.16.0
2025-12-13 09:28:18,986 [ERROR] AppliInfo:139 - Unknown STM32CubeMX version: 6.16.0
2025-12-13 09:28:18,987 [ERROR] AppliInfo:139 - Unknown STM32CubeMX version: 6.16.0
2025-12-13 09:28:18,987 [ERROR] AppliInfo:139 - Unknown STM32CubeMX version: 6.16.0
2025-12-13 09:28:18,987 [ERROR] AppliInfo:139 - Unknown STM32CubeMX version: 6.16.0
2025-12-13 09:28:18,987 [ERROR] AppliInfo:139 - Unknown STM32CubeMX version: 6.16.0
2025-12-13 09:28:18,988 [ERROR] AppliInfo:139 - Unknown STM32CubeMX version: 6.16.0
2025-12-13 09:28:18,988 [ERROR] AppliInfo:139 - Unknown STM32CubeMX version: 6.16.0
2025-12-13 09:28:18,988 [ERROR] AppliInfo:139 - Unknown STM32CubeMX version: 6.16.0
2025-12-13 09:28:18,988 [ERROR] AppliInfo:139 - Unknown STM32CubeMX version: 6.16.0
2025-12-13 09:28:18,996 [ERROR] AppliInfo:139 - Unknown STM32CubeMX version: 6.16.0
2025-12-13 09:28:18,997 [ERROR] AppliInfo:139 - Unknown STM32CubeMX version: 6.16.0
2025-12-13 09:28:18,997 [ERROR] AppliInfo:139 - Unknown STM32CubeMX version: 6.16.0
2025-12-13 09:28:18,997 [ERROR] AppliInfo:139 - Unknown STM32CubeMX version: 6.16.0
2025-12-13 09:28:18,998 [ERROR] AppliInfo:139 - Unknown STM32CubeMX version: 6.16.0
2025-12-13 09:28:18,998 [ERROR] AppliInfo:139 - Unknown STM32CubeMX version: 6.16.0
2025-12-13 09:28:18,998 [ERROR] AppliInfo:139 - Unknown STM32CubeMX version: 6.16.0
2025-12-13 09:28:18,998 [ERROR] AppliInfo:139 - Unknown STM32CubeMX version: 6.16.0
2025-12-13 09:28:18,999 [ERROR] AppliInfo:139 - Unknown STM32CubeMX version: 6.16.0
2025-12-13 09:28:18,999 [ERROR] AppliInfo:139 - Unknown STM32CubeMX version: 6.16.0
2025-12-13 09:28:18,999 [ERROR] AppliInfo:139 - Unknown STM32CubeMX version: 6.16.0
2025-12-13 09:28:18,999 [ERROR] AppliInfo:139 - Unknown STM32CubeMX version: 6.16.0
2025-12-13 09:28:18,999 [ERROR] AppliInfo:139 - Unknown STM32CubeMX version: 6.16.0
2025-12-13 09:28:19,000 [ERROR] AppliInfo:139 - Unknown STM32CubeMX version: 6.16.0
2025-12-13 09:28:19,000 [ERROR] AppliInfo:139 - Unknown STM32CubeMX version: 6.16.0
2025-12-13 09:28:19,000 [ERROR] AppliInfo:139 - Unknown STM32CubeMX version: 6.16.0
2025-12-13 09:28:19,000 [ERROR] AppliInfo:139 - Unknown STM32CubeMX version: 6.16.0
2025-12-13 09:28:19,000 [ERROR] AppliInfo:139 - Unknown STM32CubeMX version: 6.16.0
2025-12-13 09:28:19,001 [ERROR] AppliInfo:139 - Unknown STM32CubeMX version: 6.16.0
2025-12-13 09:28:19,001 [ERROR] AppliInfo:139 - Unknown STM32CubeMX version: 6.16.0
2025-12-13 09:28:19,001 [ERROR] AppliInfo:139 - Unknown STM32CubeMX version: 6.16.0
2025-12-13 09:28:19,006 [ERROR] AppliInfo:139 - Unknown STM32CubeMX version: 6.16.0
2025-12-13 09:28:19,006 [ERROR] AppliInfo:139 - Unknown STM32CubeMX version: 6.16.0
2025-12-13 09:28:19,006 [ERROR] AppliInfo:139 - Unknown STM32CubeMX version: 6.16.0
2025-12-13 09:28:19,007 [ERROR] AppliInfo:139 - Unknown STM32CubeMX version: 6.16.0
2025-12-13 09:28:19,007 [ERROR] AppliInfo:139 - Unknown STM32CubeMX version: 6.16.0
2025-12-13 09:28:19,007 [ERROR] AppliInfo:139 - Unknown STM32CubeMX version: 6.16.0
2025-12-13 09:28:19,007 [ERROR] AppliInfo:139 - Unknown STM32CubeMX version: 6.16.0
2025-12-13 09:28:19,007 [ERROR] AppliInfo:139 - Unknown STM32CubeMX version: 6.16.0
2025-12-13 09:28:19,007 [ERROR] AppliInfo:139 - Unknown STM32CubeMX version: 6.16.0
2025-12-13 09:28:19,008 [ERROR] AppliInfo:139 - Unknown STM32CubeMX version: 6.16.0
2025-12-13 09:28:19,009 [ERROR] AppliInfo:139 - Unknown STM32CubeMX version: 6.16.0
2025-12-13 09:28:19,009 [ERROR] AppliInfo:139 - Unknown STM32CubeMX version: 6.16.0
2025-12-13 09:28:19,009 [ERROR] AppliInfo:139 - Unknown STM32CubeMX version: 6.16.0
2025-12-13 09:28:19,010 [ERROR] AppliInfo:139 - Unknown STM32CubeMX version: 6.16.0
2025-12-13 09:28:19,010 [ERROR] AppliInfo:139 - Unknown STM32CubeMX version: 6.16.0
2025-12-13 09:28:19,010 [ERROR] AppliInfo:139 - Unknown STM32CubeMX version: 6.16.0
2025-12-13 09:28:19,011 [ERROR] AppliInfo:139 - Unknown STM32CubeMX version: 6.16.0
2025-12-13 09:28:19,011 [ERROR] AppliInfo:139 - Unknown STM32CubeMX version: 6.16.0
2025-12-13 09:28:19,011 [ERROR] AppliInfo:139 - Unknown STM32CubeMX version: 6.16.0
2025-12-13 09:28:19,011 [ERROR] AppliInfo:139 - Unknown STM32CubeMX version: 6.16.0
2025-12-13 09:28:19,012 [ERROR] AppliInfo:139 - Unknown STM32CubeMX version: 6.16.0
2025-12-13 09:28:19,023 [ERROR] AppliInfo:139 - Unknown STM32CubeMX version: 6.16.0
2025-12-13 09:28:19,023 [ERROR] AppliInfo:139 - Unknown STM32CubeMX version: 6.16.0
2025-12-13 09:28:19,023 [ERROR] AppliInfo:139 - Unknown STM32CubeMX version: 6.16.0
2025-12-13 09:28:19,024 [ERROR] AppliInfo:139 - Unknown STM32CubeMX version: 6.16.0
2025-12-13 09:28:19,024 [ERROR] AppliInfo:139 - Unknown STM32CubeMX version: 6.16.0
2025-12-13 09:28:19,024 [ERROR] AppliInfo:139 - Unknown STM32CubeMX version: 6.16.0
2025-12-13 09:28:19,024 [ERROR] AppliInfo:139 - Unknown STM32CubeMX version: 6.16.0
2025-12-13 09:28:19,024 [ERROR] AppliInfo:139 - Unknown STM32CubeMX version: 6.16.0
2025-12-13 09:28:19,024 [ERROR] AppliInfo:139 - Unknown STM32CubeMX version: 6.16.0
2025-12-13 09:28:19,027 [ERROR] AppliInfo:139 - Unknown STM32CubeMX version: 6.16.0
2025-12-13 09:28:19,027 [ERROR] AppliInfo:139 - Unknown STM32CubeMX version: 6.16.0
2025-12-13 09:28:19,027 [ERROR] AppliInfo:139 - Unknown STM32CubeMX version: 6.16.0
2025-12-13 09:28:19,028 [ERROR] AppliInfo:139 - Unknown STM32CubeMX version: 6.16.0
2025-12-13 09:28:19,028 [ERROR] AppliInfo:139 - Unknown STM32CubeMX version: 6.16.0
2025-12-13 09:28:19,028 [ERROR] AppliInfo:139 - Unknown STM32CubeMX version: 6.16.0
2025-12-13 09:28:19,030 [ERROR] AppliInfo:139 - Unknown STM32CubeMX version: 6.16.0
2025-12-13 09:28:19,030 [ERROR] AppliInfo:139 - Unknown STM32CubeMX version: 6.16.0
2025-12-13 09:28:19,030 [ERROR] AppliInfo:139 - Unknown STM32CubeMX version: 6.16.0
2025-12-13 09:28:19,031 [ERROR] AppliInfo:139 - Unknown STM32CubeMX version: 6.16.0
2025-12-13 09:28:19,031 [ERROR] AppliInfo:139 - Unknown STM32CubeMX version: 6.16.0
2025-12-13 09:28:19,031 [ERROR] AppliInfo:139 - Unknown STM32CubeMX version: 6.16.0
2025-12-13 09:28:19,031 [ERROR] AppliInfo:139 - Unknown STM32CubeMX version: 6.16.0
2025-12-13 09:28:19,031 [ERROR] AppliInfo:139 - Unknown STM32CubeMX version: 6.16.0
2025-12-13 09:28:19,033 [ERROR] AppliInfo:139 - Unknown STM32CubeMX version: 6.16.0
2025-12-13 09:28:19,033 [ERROR] AppliInfo:139 - Unknown STM32CubeMX version: 6.16.0
2025-12-13 09:28:19,034 [ERROR] AppliInfo:139 - Unknown STM32CubeMX version: 6.16.0
2025-12-13 09:28:19,034 [ERROR] AppliInfo:139 - Unknown STM32CubeMX version: 6.16.0
2025-12-13 09:28:19,034 [ERROR] AppliInfo:139 - Unknown STM32CubeMX version: 6.16.0
2025-12-13 09:28:19,035 [ERROR] AppliInfo:139 - Unknown STM32CubeMX version: 6.16.0
2025-12-13 09:28:19,035 [ERROR] AppliInfo:139 - Unknown STM32CubeMX version: 6.16.0
2025-12-13 09:28:19,035 [ERROR] AppliInfo:139 - Unknown STM32CubeMX version: 6.16.0
2025-12-13 09:28:19,035 [ERROR] AppliInfo:139 - Unknown STM32CubeMX version: 6.16.0
2025-12-13 09:28:19,036 [ERROR] AppliInfo:139 - Unknown STM32CubeMX version: 6.16.0
2025-12-13 09:28:19,036 [ERROR] AppliInfo:139 - Unknown STM32CubeMX version: 6.16.0
2025-12-13 09:28:19,036 [ERROR] AppliInfo:139 - Unknown STM32CubeMX version: 6.16.0
2025-12-13 09:28:19,036 [ERROR] AppliInfo:139 - Unknown STM32CubeMX version: 6.16.0
2025-12-13 09:28:19,036 [ERROR] AppliInfo:139 - Unknown STM32CubeMX version: 6.16.0
2025-12-13 09:28:19,037 [ERROR] AppliInfo:139 - Unknown STM32CubeMX version: 6.16.0
2025-12-13 09:28:19,037 [ERROR] AppliInfo:139 - Unknown STM32CubeMX version: 6.16.0
2025-12-13 09:28:19,038 [ERROR] AppliInfo:139 - Unknown STM32CubeMX version: 6.16.0
2025-12-13 09:28:19,038 [ERROR] AppliInfo:139 - Unknown STM32CubeMX version: 6.16.0
2025-12-13 09:28:19,038 [ERROR] AppliInfo:139 - Unknown STM32CubeMX version: 6.16.0
2025-12-13 09:28:19,038 [ERROR] AppliInfo:139 - Unknown STM32CubeMX version: 6.16.0
2025-12-13 09:28:19,039 [ERROR] AppliInfo:139 - Unknown STM32CubeMX version: 6.16.0
2025-12-13 09:28:19,039 [ERROR] AppliInfo:139 - Unknown STM32CubeMX version: 6.16.0
2025-12-13 09:28:19,040 [ERROR] AppliInfo:139 - Unknown STM32CubeMX version: 6.16.0
2025-12-13 09:28:19,040 [ERROR] AppliInfo:139 - Unknown STM32CubeMX version: 6.16.0
2025-12-13 09:28:19,041 [ERROR] AppliInfo:139 - Unknown STM32CubeMX version: 6.16.0
2025-12-13 09:28:19,041 [ERROR] AppliInfo:139 - Unknown STM32CubeMX version: 6.16.0
2025-12-13 09:28:19,042 [ERROR] AppliInfo:139 - Unknown STM32CubeMX version: 6.16.0
2025-12-13 09:28:19,042 [ERROR] AppliInfo:139 - Unknown STM32CubeMX version: 6.16.0
2025-12-13 09:28:19,042 [ERROR] AppliInfo:139 - Unknown STM32CubeMX version: 6.16.0
2025-12-13 09:28:19,042 [ERROR] AppliInfo:139 - Unknown STM32CubeMX version: 6.16.0
2025-12-13 09:28:19,043 [ERROR] AppliInfo:139 - Unknown STM32CubeMX version: 6.16.0
2025-12-13 09:28:19,043 [ERROR] AppliInfo:139 - Unknown STM32CubeMX version: 6.16.0
2025-12-13 09:28:19,043 [ERROR] AppliInfo:139 - Unknown STM32CubeMX version: 6.16.0
2025-12-13 09:28:19,043 [ERROR] AppliInfo:139 - Unknown STM32CubeMX version: 6.16.0
2025-12-13 09:28:19,043 [ERROR] AppliInfo:139 - Unknown STM32CubeMX version: 6.16.0
2025-12-13 09:28:19,044 [ERROR] AppliInfo:139 - Unknown STM32CubeMX version: 6.16.0
2025-12-13 09:28:19,044 [ERROR] AppliInfo:139 - Unknown STM32CubeMX version: 6.16.0
2025-12-13 09:28:19,044 [ERROR] AppliInfo:139 - Unknown STM32CubeMX version: 6.16.0
2025-12-13 09:28:19,044 [ERROR] AppliInfo:139 - Unknown STM32CubeMX version: 6.16.0
2025-12-13 09:28:19,045 [ERROR] AppliInfo:139 - Unknown STM32CubeMX version: 6.16.0
2025-12-13 09:28:19,045 [ERROR] AppliInfo:139 - Unknown STM32CubeMX version: 6.16.0
2025-12-13 09:28:19,045 [ERROR] AppliInfo:139 - Unknown STM32CubeMX version: 6.16.0
2025-12-13 09:28:19,045 [ERROR] AppliInfo:139 - Unknown STM32CubeMX version: 6.16.0
2025-12-13 09:28:19,051 [ERROR] AppliInfo:139 - Unknown STM32CubeMX version: 6.16.0
2025-12-13 09:28:19,052 [ERROR] AppliInfo:139 - Unknown STM32CubeMX version: 6.16.0
2025-12-13 09:28:19,063 [ERROR] AppliInfo:139 - Unknown STM32CubeMX version: 6.16.0
2025-12-13 09:28:19,064 [ERROR] AppliInfo:139 - Unknown STM32CubeMX version: 6.16.0
2025-12-13 09:28:19,064 [ERROR] AppliInfo:139 - Unknown STM32CubeMX version: 6.16.0
2025-12-13 09:28:19,064 [ERROR] AppliInfo:139 - Unknown STM32CubeMX version: 6.16.0
2025-12-13 09:28:19,065 [ERROR] AppliInfo:139 - Unknown STM32CubeMX version: 6.16.0
2025-12-13 09:28:19,065 [ERROR] AppliInfo:139 - Unknown STM32CubeMX version: 6.16.0
2025-12-13 09:28:19,065 [ERROR] AppliInfo:139 - Unknown STM32CubeMX version: 6.16.0
2025-12-13 09:28:19,065 [ERROR] AppliInfo:139 - Unknown STM32CubeMX version: 6.16.0
2025-12-13 09:28:19,066 [ERROR] AppliInfo:139 - Unknown STM32CubeMX version: 6.16.0
2025-12-13 09:28:19,066 [ERROR] AppliInfo:139 - Unknown STM32CubeMX version: 6.16.0
2025-12-13 09:28:19,068 [ERROR] AppliInfo:139 - Unknown STM32CubeMX version: 6.16.0
2025-12-13 09:28:19,068 [ERROR] AppliInfo:139 - Unknown STM32CubeMX version: 6.16.0
2025-12-13 09:28:19,069 [ERROR] AppliInfo:139 - Unknown STM32CubeMX version: 6.16.0
2025-12-13 09:28:19,069 [ERROR] AppliInfo:139 - Unknown STM32CubeMX version: 6.16.0
2025-12-13 09:28:19,069 [ERROR] AppliInfo:139 - Unknown STM32CubeMX version: 6.16.0
2025-12-13 09:28:19,069 [ERROR] AppliInfo:139 - Unknown STM32CubeMX version: 6.16.0
2025-12-13 09:28:19,070 [ERROR] AppliInfo:139 - Unknown STM32CubeMX version: 6.16.0
2025-12-13 09:28:19,070 [ERROR] AppliInfo:139 - Unknown STM32CubeMX version: 6.16.0
2025-12-13 09:28:19,070 [ERROR] AppliInfo:139 - Unknown STM32CubeMX version: 6.16.0
2025-12-13 09:28:19,070 [ERROR] AppliInfo:139 - Unknown STM32CubeMX version: 6.16.0
2025-12-13 09:28:19,070 [ERROR] AppliInfo:139 - Unknown STM32CubeMX version: 6.16.0
2025-12-13 09:28:19,070 [ERROR] AppliInfo:139 - Unknown STM32CubeMX version: 6.16.0
2025-12-13 09:28:19,071 [ERROR] AppliInfo:139 - Unknown STM32CubeMX version: 6.16.0
2025-12-13 09:28:19,071 [ERROR] AppliInfo:139 - Unknown STM32CubeMX version: 6.16.0
2025-12-13 09:28:19,071 [ERROR] AppliInfo:139 - Unknown STM32CubeMX version: 6.16.0
2025-12-13 09:28:19,071 [ERROR] AppliInfo:139 - Unknown STM32CubeMX version: 6.16.0
2025-12-13 09:28:19,071 [ERROR] AppliInfo:139 - Unknown STM32CubeMX version: 6.16.0
2025-12-13 09:28:19,073 [ERROR] AppliInfo:139 - Unknown STM32CubeMX version: 6.16.0
2025-12-13 09:28:19,073 [ERROR] AppliInfo:139 - Unknown STM32CubeMX version: 6.16.0
2025-12-13 09:28:19,073 [ERROR] AppliInfo:139 - Unknown STM32CubeMX version: 6.16.0
2025-12-13 09:28:19,073 [ERROR] AppliInfo:139 - Unknown STM32CubeMX version: 6.16.0
2025-12-13 09:28:19,073 [ERROR] AppliInfo:139 - Unknown STM32CubeMX version: 6.16.0
2025-12-13 09:28:19,074 [ERROR] AppliInfo:139 - Unknown STM32CubeMX version: 6.16.0
2025-12-13 09:28:19,074 [ERROR] AppliInfo:139 - Unknown STM32CubeMX version: 6.16.0
2025-12-13 09:28:19,074 [ERROR] AppliInfo:139 - Unknown STM32CubeMX version: 6.16.0
2025-12-13 09:28:19,074 [ERROR] AppliInfo:139 - Unknown STM32CubeMX version: 6.16.0
2025-12-13 09:28:19,074 [ERROR] AppliInfo:139 - Unknown STM32CubeMX version: 6.16.0
2025-12-13 09:28:19,075 [ERROR] AppliInfo:139 - Unknown STM32CubeMX version: 6.16.0
2025-12-13 09:28:19,075 [ERROR] AppliInfo:139 - Unknown STM32CubeMX version: 6.16.0
2025-12-13 09:28:19,076 [ERROR] AppliInfo:139 - Unknown STM32CubeMX version: 6.16.0
2025-12-13 09:28:19,078 [ERROR] AppliInfo:139 - Unknown STM32CubeMX version: 6.16.0
2025-12-13 09:28:19,078 [ERROR] AppliInfo:139 - Unknown STM32CubeMX version: 6.16.0
2025-12-13 09:28:19,079 [ERROR] AppliInfo:139 - Unknown STM32CubeMX version: 6.16.0
2025-12-13 09:28:19,079 [ERROR] AppliInfo:139 - Unknown STM32CubeMX version: 6.16.0
2025-12-13 09:28:19,079 [ERROR] AppliInfo:139 - Unknown STM32CubeMX version: 6.16.0
2025-12-13 09:28:19,079 [ERROR] AppliInfo:139 - Unknown STM32CubeMX version: 6.16.0
2025-12-13 09:28:19,079 [ERROR] AppliInfo:139 - Unknown STM32CubeMX version: 6.16.0
2025-12-13 09:28:19,079 [ERROR] AppliInfo:139 - Unknown STM32CubeMX version: 6.16.0
2025-12-13 09:28:19,079 [ERROR] AppliInfo:139 - Unknown STM32CubeMX version: 6.16.0
2025-12-13 09:28:19,079 [ERROR] AppliInfo:139 - Unknown STM32CubeMX version: 6.16.0
2025-12-13 09:28:19,080 [ERROR] AppliInfo:139 - Unknown STM32CubeMX version: 6.16.0
2025-12-13 09:28:19,080 [ERROR] AppliInfo:139 - Unknown STM32CubeMX version: 6.16.0
2025-12-13 09:28:19,080 [ERROR] AppliInfo:139 - Unknown STM32CubeMX version: 6.16.0
2025-12-13 09:28:19,080 [ERROR] AppliInfo:139 - Unknown STM32CubeMX version: 6.16.0
2025-12-13 09:28:19,080 [ERROR] AppliInfo:139 - Unknown STM32CubeMX version: 6.16.0
2025-12-13 09:28:19,081 [ERROR] AppliInfo:139 - Unknown STM32CubeMX version: 6.16.0
2025-12-13 09:28:19,081 [ERROR] AppliInfo:139 - Unknown STM32CubeMX version: 6.16.0
2025-12-13 09:28:19,081 [ERROR] AppliInfo:139 - Unknown STM32CubeMX version: 6.16.0
2025-12-13 09:28:19,081 [ERROR] AppliInfo:139 - Unknown STM32CubeMX version: 6.16.0
2025-12-13 09:28:19,082 [ERROR] AppliInfo:139 - Unknown STM32CubeMX version: 6.16.0
2025-12-13 09:28:19,082 [ERROR] AppliInfo:139 - Unknown STM32CubeMX version: 6.16.0
2025-12-13 09:28:19,083 [ERROR] AppliInfo:139 - Unknown STM32CubeMX version: 6.16.0
2025-12-13 09:28:19,083 [ERROR] AppliInfo:139 - Unknown STM32CubeMX version: 6.16.0
2025-12-13 09:28:19,083 [ERROR] AppliInfo:139 - Unknown STM32CubeMX version: 6.16.0
2025-12-13 09:28:19,083 [ERROR] AppliInfo:139 - Unknown STM32CubeMX version: 6.16.0
2025-12-13 09:28:19,084 [ERROR] AppliInfo:139 - Unknown STM32CubeMX version: 6.16.0
2025-12-13 09:28:19,084 [ERROR] AppliInfo:139 - Unknown STM32CubeMX version: 6.16.0
2025-12-13 09:28:19,084 [ERROR] AppliInfo:139 - Unknown STM32CubeMX version: 6.16.0
2025-12-13 09:28:19,084 [ERROR] AppliInfo:139 - Unknown STM32CubeMX version: 6.16.0
2025-12-13 09:28:19,085 [ERROR] AppliInfo:139 - Unknown STM32CubeMX version: 6.16.0
2025-12-13 09:28:19,085 [ERROR] AppliInfo:139 - Unknown STM32CubeMX version: 6.16.0
2025-12-13 09:28:19,085 [ERROR] AppliInfo:139 - Unknown STM32CubeMX version: 6.16.0
2025-12-13 09:28:19,085 [ERROR] AppliInfo:139 - Unknown STM32CubeMX version: 6.16.0
2025-12-13 09:28:19,086 [ERROR] AppliInfo:139 - Unknown STM32CubeMX version: 6.16.0
2025-12-13 09:28:19,086 [ERROR] AppliInfo:139 - Unknown STM32CubeMX version: 6.16.0
2025-12-13 09:28:19,086 [ERROR] AppliInfo:139 - Unknown STM32CubeMX version: 6.16.0
2025-12-13 09:28:19,087 [ERROR] AppliInfo:139 - Unknown STM32CubeMX version: 6.16.0
2025-12-13 09:28:19,087 [ERROR] AppliInfo:139 - Unknown STM32CubeMX version: 6.16.0
2025-12-13 09:28:19,087 [ERROR] AppliInfo:139 - Unknown STM32CubeMX version: 6.16.0
2025-12-13 09:28:19,088 [ERROR] AppliInfo:139 - Unknown STM32CubeMX version: 6.16.0
2025-12-13 09:28:19,088 [ERROR] AppliInfo:139 - Unknown STM32CubeMX version: 6.16.0
2025-12-13 09:28:19,089 [ERROR] AppliInfo:139 - Unknown STM32CubeMX version: 6.16.0
2025-12-13 09:28:19,089 [ERROR] AppliInfo:139 - Unknown STM32CubeMX version: 6.16.0
2025-12-13 09:28:19,089 [ERROR] AppliInfo:139 - Unknown STM32CubeMX version: 6.16.0
2025-12-13 09:28:19,089 [ERROR] AppliInfo:139 - Unknown STM32CubeMX version: 6.16.0
2025-12-13 09:28:19,090 [ERROR] AppliInfo:139 - Unknown STM32CubeMX version: 6.16.0
2025-12-13 09:28:19,090 [ERROR] AppliInfo:139 - Unknown STM32CubeMX version: 6.16.0
2025-12-13 09:28:19,090 [ERROR] AppliInfo:139 - Unknown STM32CubeMX version: 6.16.0
2025-12-13 09:28:19,090 [ERROR] AppliInfo:139 - Unknown STM32CubeMX version: 6.16.0
2025-12-13 09:28:19,090 [ERROR] AppliInfo:139 - Unknown STM32CubeMX version: 6.16.0
2025-12-13 09:28:19,090 [ERROR] AppliInfo:139 - Unknown STM32CubeMX version: 6.16.0
2025-12-13 09:28:19,091 [ERROR] AppliInfo:139 - Unknown STM32CubeMX version: 6.16.0
2025-12-13 09:28:19,091 [ERROR] AppliInfo:139 - Unknown STM32CubeMX version: 6.16.0
2025-12-13 09:28:19,092 [ERROR] AppliInfo:139 - Unknown STM32CubeMX version: 6.16.0
2025-12-13 09:28:19,092 [ERROR] AppliInfo:139 - Unknown STM32CubeMX version: 6.16.0
2025-12-13 09:28:19,092 [ERROR] AppliInfo:139 - Unknown STM32CubeMX version: 6.16.0
2025-12-13 09:28:19,094 [ERROR] AppliInfo:139 - Unknown STM32CubeMX version: 6.16.0
2025-12-13 09:28:19,097 [ERROR] AppliInfo:139 - Unknown STM32CubeMX version: 6.16.0
2025-12-13 09:28:19,098 [ERROR] AppliInfo:139 - Unknown STM32CubeMX version: 6.16.0
2025-12-13 09:28:19,098 [ERROR] AppliInfo:139 - Unknown STM32CubeMX version: 6.16.0
2025-12-13 09:28:19,098 [ERROR] AppliInfo:139 - Unknown STM32CubeMX version: 6.16.0
2025-12-13 09:28:19,098 [ERROR] AppliInfo:139 - Unknown STM32CubeMX version: 6.16.0
2025-12-13 09:28:19,099 [ERROR] AppliInfo:139 - Unknown STM32CubeMX version: 6.16.0
2025-12-13 09:28:19,099 [ERROR] AppliInfo:139 - Unknown STM32CubeMX version: 6.16.0
2025-12-13 09:28:19,099 [ERROR] AppliInfo:139 - Unknown STM32CubeMX version: 6.16.0
2025-12-13 09:28:19,099 [ERROR] AppliInfo:139 - Unknown STM32CubeMX version: 6.16.0
2025-12-13 09:28:19,099 [ERROR] AppliInfo:139 - Unknown STM32CubeMX version: 6.16.0
2025-12-13 09:28:19,104 [ERROR] AppliInfo:139 - Unknown STM32CubeMX version: 6.16.0
2025-12-13 09:28:19,105 [ERROR] AppliInfo:139 - Unknown STM32CubeMX version: 6.16.0
2025-12-13 09:28:19,105 [ERROR] AppliInfo:139 - Unknown STM32CubeMX version: 6.16.0
2025-12-13 09:28:19,105 [ERROR] AppliInfo:139 - Unknown STM32CubeMX version: 6.16.0
2025-12-13 09:28:19,105 [ERROR] AppliInfo:139 - Unknown STM32CubeMX version: 6.16.0
2025-12-13 09:28:19,106 [ERROR] AppliInfo:139 - Unknown STM32CubeMX version: 6.16.0
2025-12-13 09:28:19,106 [ERROR] AppliInfo:139 - Unknown STM32CubeMX version: 6.16.0
2025-12-13 09:28:19,106 [ERROR] AppliInfo:139 - Unknown STM32CubeMX version: 6.16.0
2025-12-13 09:28:19,106 [ERROR] AppliInfo:139 - Unknown STM32CubeMX version: 6.16.0
2025-12-13 09:28:19,107 [ERROR] AppliInfo:139 - Unknown STM32CubeMX version: 6.16.0
2025-12-13 09:28:19,107 [ERROR] AppliInfo:139 - Unknown STM32CubeMX version: 6.16.0
2025-12-13 09:28:19,107 [ERROR] AppliInfo:139 - Unknown STM32CubeMX version: 6.16.0
2025-12-13 09:28:19,107 [ERROR] AppliInfo:139 - Unknown STM32CubeMX version: 6.16.0
2025-12-13 09:28:19,108 [ERROR] AppliInfo:139 - Unknown STM32CubeMX version: 6.16.0
2025-12-13 09:28:19,109 [ERROR] AppliInfo:139 - Unknown STM32CubeMX version: 6.16.0
2025-12-13 09:28:19,110 [ERROR] AppliInfo:139 - Unknown STM32CubeMX version: 6.16.0
2025-12-13 09:28:19,110 [ERROR] AppliInfo:139 - Unknown STM32CubeMX version: 6.16.0
2025-12-13 09:28:19,111 [ERROR] AppliInfo:139 - Unknown STM32CubeMX version: 6.16.0
2025-12-13 09:28:19,111 [ERROR] AppliInfo:139 - Unknown STM32CubeMX version: 6.16.0
2025-12-13 09:28:19,112 [ERROR] AppliInfo:139 - Unknown STM32CubeMX version: 6.16.0
2025-12-13 09:28:19,112 [ERROR] AppliInfo:139 - Unknown STM32CubeMX version: 6.16.0
2025-12-13 09:28:19,113 [ERROR] AppliInfo:139 - Unknown STM32CubeMX version: 6.16.0
2025-12-13 09:28:19,113 [ERROR] AppliInfo:139 - Unknown STM32CubeMX version: 6.16.0
2025-12-13 09:28:19,114 [ERROR] AppliInfo:139 - Unknown STM32CubeMX version: 6.16.0
2025-12-13 09:28:19,115 [ERROR] AppliInfo:139 - Unknown STM32CubeMX version: 6.16.0
2025-12-13 09:28:19,115 [ERROR] AppliInfo:139 - Unknown STM32CubeMX version: 6.16.0
2025-12-13 09:28:19,115 [ERROR] AppliInfo:139 - Unknown STM32CubeMX version: 6.16.0
2025-12-13 09:28:19,116 [ERROR] AppliInfo:139 - Unknown STM32CubeMX version: 6.16.0
2025-12-13 09:28:19,116 [ERROR] AppliInfo:139 - Unknown STM32CubeMX version: 6.16.0
2025-12-13 09:28:19,117 [ERROR] AppliInfo:139 - Unknown STM32CubeMX version: 6.16.0
2025-12-13 09:28:19,117 [ERROR] AppliInfo:139 - Unknown STM32CubeMX version: 6.16.0
2025-12-13 09:28:19,117 [ERROR] AppliInfo:139 - Unknown STM32CubeMX version: 6.16.0
2025-12-13 09:28:19,117 [ERROR] AppliInfo:139 - Unknown STM32CubeMX version: 6.16.0
2025-12-13 09:28:19,117 [ERROR] AppliInfo:139 - Unknown STM32CubeMX version: 6.16.0
2025-12-13 09:28:19,118 [ERROR] AppliInfo:139 - Unknown STM32CubeMX version: 6.16.0
2025-12-13 09:28:19,118 [ERROR] AppliInfo:139 - Unknown STM32CubeMX version: 6.16.0
2025-12-13 09:28:19,118 [ERROR] AppliInfo:139 - Unknown STM32CubeMX version: 6.16.0
2025-12-13 09:28:19,118 [ERROR] AppliInfo:139 - Unknown STM32CubeMX version: 6.16.0
2025-12-13 09:28:19,119 [ERROR] AppliInfo:139 - Unknown STM32CubeMX version: 6.16.0
2025-12-13 09:28:19,119 [ERROR] AppliInfo:139 - Unknown STM32CubeMX version: 6.16.0
2025-12-13 09:28:19,119 [ERROR] AppliInfo:139 - Unknown STM32CubeMX version: 6.16.0
2025-12-13 09:28:19,119 [ERROR] AppliInfo:139 - Unknown STM32CubeMX version: 6.16.0
2025-12-13 09:28:19,120 [ERROR] AppliInfo:139 - Unknown STM32CubeMX version: 6.16.0
2025-12-13 09:28:19,121 [ERROR] AppliInfo:139 - Unknown STM32CubeMX version: 6.16.0
2025-12-13 09:28:19,121 [ERROR] AppliInfo:139 - Unknown STM32CubeMX version: 6.16.0
2025-12-13 09:28:19,121 [ERROR] AppliInfo:139 - Unknown STM32CubeMX version: 6.16.0
2025-12-13 09:28:19,160 [ERROR] AppliInfo:139 - Unknown STM32CubeMX version: 6.16.0
2025-12-13 09:28:19,160 [ERROR] AppliInfo:139 - Unknown STM32CubeMX version: 6.16.0
2025-12-13 09:28:19,161 [ERROR] AppliInfo:139 - Unknown STM32CubeMX version: 6.16.0
2025-12-13 09:28:19,161 [ERROR] AppliInfo:139 - Unknown STM32CubeMX version: 6.16.0
2025-12-13 09:28:19,161 [ERROR] AppliInfo:139 - Unknown STM32CubeMX version: 6.16.0
2025-12-13 09:28:19,161 [ERROR] AppliInfo:139 - Unknown STM32CubeMX version: 6.16.0
2025-12-13 09:28:19,161 [ERROR] AppliInfo:139 - Unknown STM32CubeMX version: 6.16.0
2025-12-13 09:28:19,161 [ERROR] AppliInfo:139 - Unknown STM32CubeMX version: 6.16.0
2025-12-13 09:28:19,161 [ERROR] AppliInfo:139 - Unknown STM32CubeMX version: 6.16.0
2025-12-13 09:28:19,161 [ERROR] AppliInfo:139 - Unknown STM32CubeMX version: 6.16.0
2025-12-13 09:28:19,162 [ERROR] AppliInfo:139 - Unknown STM32CubeMX version: 6.16.0
2025-12-13 09:28:19,162 [ERROR] AppliInfo:139 - Unknown STM32CubeMX version: 6.16.0
2025-12-13 09:28:19,162 [ERROR] AppliInfo:139 - Unknown STM32CubeMX version: 6.16.0
2025-12-13 09:28:19,162 [ERROR] AppliInfo:139 - Unknown STM32CubeMX version: 6.16.0
2025-12-13 09:28:19,162 [ERROR] AppliInfo:139 - Unknown STM32CubeMX version: 6.16.0
2025-12-13 09:28:19,162 [ERROR] AppliInfo:139 - Unknown STM32CubeMX version: 6.16.0
2025-12-13 09:28:19,163 [ERROR] AppliInfo:139 - Unknown STM32CubeMX version: 6.16.0
2025-12-13 09:28:19,163 [ERROR] AppliInfo:139 - Unknown STM32CubeMX version: 6.16.0
2025-12-13 09:28:19,163 [ERROR] AppliInfo:139 - Unknown STM32CubeMX version: 6.16.0
2025-12-13 09:28:19,181 [ERROR] AppliInfo:139 - Unknown STM32CubeMX version: 6.16.0
2025-12-13 09:28:19,181 [ERROR] AppliInfo:139 - Unknown STM32CubeMX version: 6.16.0
2025-12-13 09:28:19,181 [ERROR] AppliInfo:139 - Unknown STM32CubeMX version: 6.16.0
2025-12-13 09:28:19,181 [ERROR] AppliInfo:139 - Unknown STM32CubeMX version: 6.16.0
2025-12-13 09:28:19,182 [ERROR] AppliInfo:139 - Unknown STM32CubeMX version: 6.16.0
2025-12-13 09:28:19,182 [ERROR] AppliInfo:139 - Unknown STM32CubeMX version: 6.16.0
2025-12-13 09:28:19,182 [ERROR] AppliInfo:139 - Unknown STM32CubeMX version: 6.16.0
2025-12-13 09:28:19,182 [ERROR] AppliInfo:139 - Unknown STM32CubeMX version: 6.16.0
2025-12-13 09:28:19,182 [ERROR] AppliInfo:139 - Unknown STM32CubeMX version: 6.16.0
2025-12-13 09:28:19,182 [ERROR] AppliInfo:139 - Unknown STM32CubeMX version: 6.16.0
2025-12-13 09:28:19,182 [ERROR] AppliInfo:139 - Unknown STM32CubeMX version: 6.16.0
2025-12-13 09:28:19,182 [ERROR] AppliInfo:139 - Unknown STM32CubeMX version: 6.16.0
2025-12-13 09:28:19,183 [ERROR] AppliInfo:139 - Unknown STM32CubeMX version: 6.16.0
2025-12-13 09:28:19,183 [ERROR] AppliInfo:139 - Unknown STM32CubeMX version: 6.16.0
2025-12-13 09:28:19,183 [ERROR] AppliInfo:139 - Unknown STM32CubeMX version: 6.16.0
2025-12-13 09:28:19,183 [ERROR] AppliInfo:139 - Unknown STM32CubeMX version: 6.16.0
2025-12-13 09:28:19,183 [ERROR] AppliInfo:139 - Unknown STM32CubeMX version: 6.16.0
2025-12-13 09:28:19,183 [ERROR] AppliInfo:139 - Unknown STM32CubeMX version: 6.16.0
2025-12-13 09:28:19,184 [ERROR] AppliInfo:139 - Unknown STM32CubeMX version: 6.16.0
2025-12-13 09:28:19,184 [ERROR] AppliInfo:139 - Unknown STM32CubeMX version: 6.16.0
2025-12-13 09:28:19,184 [ERROR] AppliInfo:139 - Unknown STM32CubeMX version: 6.16.0
2025-12-13 09:28:19,191 [ERROR] AppliInfo:139 - Unknown STM32CubeMX version: 6.16.0
2025-12-13 09:28:19,193 [ERROR] AppliInfo:139 - Unknown STM32CubeMX version: 6.16.0
2025-12-13 09:28:19,193 [ERROR] AppliInfo:139 - Unknown STM32CubeMX version: 6.16.0
2025-12-13 09:28:19,201 [ERROR] AppliInfo:139 - Unknown STM32CubeMX version: 6.16.0
2025-12-13 09:28:19,201 [ERROR] AppliInfo:139 - Unknown STM32CubeMX version: 6.16.0
2025-12-13 09:28:19,201 [ERROR] AppliInfo:139 - Unknown STM32CubeMX version: 6.16.0
2025-12-13 09:28:19,201 [ERROR] AppliInfo:139 - Unknown STM32CubeMX version: 6.16.0
2025-12-13 09:28:19,201 [ERROR] AppliInfo:139 - Unknown STM32CubeMX version: 6.16.0
2025-12-13 09:28:19,201 [ERROR] AppliInfo:139 - Unknown STM32CubeMX version: 6.16.0
2025-12-13 09:28:19,201 [ERROR] AppliInfo:139 - Unknown STM32CubeMX version: 6.16.0
2025-12-13 09:28:19,201 [ERROR] AppliInfo:139 - Unknown STM32CubeMX version: 6.16.0
2025-12-13 09:28:19,202 [ERROR] AppliInfo:139 - Unknown STM32CubeMX version: 6.16.0
2025-12-13 09:28:19,202 [ERROR] AppliInfo:139 - Unknown STM32CubeMX version: 6.16.0
2025-12-13 09:28:19,202 [ERROR] AppliInfo:139 - Unknown STM32CubeMX version: 6.16.0
2025-12-13 09:28:19,202 [ERROR] AppliInfo:139 - Unknown STM32CubeMX version: 6.16.0
2025-12-13 09:28:19,202 [ERROR] AppliInfo:139 - Unknown STM32CubeMX version: 6.16.0
2025-12-13 09:28:19,202 [ERROR] AppliInfo:139 - Unknown STM32CubeMX version: 6.16.0
2025-12-13 09:28:19,202 [ERROR] AppliInfo:139 - Unknown STM32CubeMX version: 6.16.0
2025-12-13 09:28:19,202 [ERROR] AppliInfo:139 - Unknown STM32CubeMX version: 6.16.0
2025-12-13 09:28:19,204 [ERROR] AppliInfo:139 - Unknown STM32CubeMX version: 6.16.0
2025-12-13 09:28:19,204 [ERROR] AppliInfo:139 - Unknown STM32CubeMX version: 6.16.0
2025-12-13 09:28:19,204 [ERROR] AppliInfo:139 - Unknown STM32CubeMX version: 6.16.0
2025-12-13 09:28:19,204 [ERROR] AppliInfo:139 - Unknown STM32CubeMX version: 6.16.0
2025-12-13 09:28:19,204 [ERROR] AppliInfo:139 - Unknown STM32CubeMX version: 6.16.0
2025-12-13 09:28:19,205 [ERROR] AppliInfo:139 - Unknown STM32CubeMX version: 6.16.0
2025-12-13 09:28:19,205 [ERROR] AppliInfo:139 - Unknown STM32CubeMX version: 6.16.0
2025-12-13 09:28:19,205 [ERROR] AppliInfo:139 - Unknown STM32CubeMX version: 6.16.0
2025-12-13 09:28:19,205 [ERROR] AppliInfo:139 - Unknown STM32CubeMX version: 6.16.0
2025-12-13 09:28:19,205 [ERROR] AppliInfo:139 - Unknown STM32CubeMX version: 6.16.0
2025-12-13 09:28:19,205 [ERROR] AppliInfo:139 - Unknown STM32CubeMX version: 6.16.0
2025-12-13 09:28:19,205 [ERROR] AppliInfo:139 - Unknown STM32CubeMX version: 6.16.0
2025-12-13 09:28:19,205 [ERROR] AppliInfo:139 - Unknown STM32CubeMX version: 6.16.0
2025-12-13 09:28:19,206 [ERROR] AppliInfo:139 - Unknown STM32CubeMX version: 6.16.0
2025-12-13 09:28:19,206 [ERROR] AppliInfo:139 - Unknown STM32CubeMX version: 6.16.0
2025-12-13 09:28:19,206 [ERROR] AppliInfo:139 - Unknown STM32CubeMX version: 6.16.0
2025-12-13 09:28:19,206 [ERROR] AppliInfo:139 - Unknown STM32CubeMX version: 6.16.0
2025-12-13 09:28:19,206 [ERROR] AppliInfo:139 - Unknown STM32CubeMX version: 6.16.0
2025-12-13 09:28:19,206 [ERROR] AppliInfo:139 - Unknown STM32CubeMX version: 6.16.0
2025-12-13 09:28:19,206 [ERROR] AppliInfo:139 - Unknown STM32CubeMX version: 6.16.0
2025-12-13 09:28:19,206 [ERROR] AppliInfo:139 - Unknown STM32CubeMX version: 6.16.0
2025-12-13 09:28:19,206 [ERROR] AppliInfo:139 - Unknown STM32CubeMX version: 6.16.0
2025-12-13 09:28:19,207 [ERROR] AppliInfo:139 - Unknown STM32CubeMX version: 6.16.0
2025-12-13 09:28:19,207 [ERROR] AppliInfo:139 - Unknown STM32CubeMX version: 6.16.0
2025-12-13 09:28:19,207 [ERROR] AppliInfo:139 - Unknown STM32CubeMX version: 6.16.0
2025-12-13 09:28:19,207 [ERROR] AppliInfo:139 - Unknown STM32CubeMX version: 6.16.0
2025-12-13 09:28:19,207 [ERROR] AppliInfo:139 - Unknown STM32CubeMX version: 6.16.0
2025-12-13 09:28:19,207 [ERROR] AppliInfo:139 - Unknown STM32CubeMX version: 6.16.0
2025-12-13 09:28:19,207 [ERROR] AppliInfo:139 - Unknown STM32CubeMX version: 6.16.0
2025-12-13 09:28:19,208 [ERROR] AppliInfo:139 - Unknown STM32CubeMX version: 6.16.0
2025-12-13 09:28:19,208 [ERROR] AppliInfo:139 - Unknown STM32CubeMX version: 6.16.0
2025-12-13 09:28:19,208 [ERROR] AppliInfo:139 - Unknown STM32CubeMX version: 6.16.0
2025-12-13 09:28:19,208 [ERROR] AppliInfo:139 - Unknown STM32CubeMX version: 6.16.0
2025-12-13 09:28:19,208 [ERROR] AppliInfo:139 - Unknown STM32CubeMX version: 6.16.0
2025-12-13 09:28:19,208 [ERROR] AppliInfo:139 - Unknown STM32CubeMX version: 6.16.0
2025-12-13 09:28:19,208 [ERROR] AppliInfo:139 - Unknown STM32CubeMX version: 6.16.0
2025-12-13 09:28:19,208 [ERROR] AppliInfo:139 - Unknown STM32CubeMX version: 6.16.0
2025-12-13 09:28:19,209 [ERROR] AppliInfo:139 - Unknown STM32CubeMX version: 6.16.0
2025-12-13 09:28:19,209 [ERROR] AppliInfo:139 - Unknown STM32CubeMX version: 6.16.0
2025-12-13 09:28:19,209 [ERROR] AppliInfo:139 - Unknown STM32CubeMX version: 6.16.0
2025-12-13 09:28:19,209 [ERROR] AppliInfo:139 - Unknown STM32CubeMX version: 6.16.0
2025-12-13 09:28:19,209 [ERROR] AppliInfo:139 - Unknown STM32CubeMX version: 6.16.0
2025-12-13 09:28:19,210 [ERROR] AppliInfo:139 - Unknown STM32CubeMX version: 6.16.0
2025-12-13 09:28:19,210 [ERROR] AppliInfo:139 - Unknown STM32CubeMX version: 6.16.0
2025-12-13 09:28:19,299 [ERROR] LogOutputStream:75 - [STDERR_REDIRECT] [Fatal Error] :1:1: Premature end of file.
2025-12-13 09:28:19,299 [ERROR] LogOutputStream:75 - [STDERR_REDIRECT] 
2025-12-13 09:28:20,296 [ERROR] LogOutputStream:75 - [STDERR_REDIRECT] [Fatal Error] :1:1: Premature end of file.
2025-12-13 09:28:20,296 [ERROR] LogOutputStream:75 - [STDERR_REDIRECT] 
2025-12-13 09:28:21,295 [ERROR] LogOutputStream:75 - [STDERR_REDIRECT] [Fatal Error] :1:1: Premature end of file.
2025-12-13 09:28:21,295 [ERROR] LogOutputStream:75 - [STDERR_REDIRECT] 
2025-12-13 09:28:22,295 [ERROR] LogOutputStream:75 - [STDERR_REDIRECT] [Fatal Error] :1:1: Premature end of file.
2025-12-13 09:28:22,295 [ERROR] LogOutputStream:75 - [STDERR_REDIRECT] 
2025-12-13 09:28:23,296 [ERROR] LogOutputStream:75 - [STDERR_REDIRECT] [Fatal Error] :1:1: Premature end of file.
2025-12-13 09:28:23,296 [ERROR] LogOutputStream:75 - [STDERR_REDIRECT] 
2025-12-13 09:28:24,296 [ERROR] LogOutputStream:75 - [STDERR_REDIRECT] [Fatal Error] :1:1: Premature end of file.
2025-12-13 09:28:24,296 [ERROR] LogOutputStream:75 - [STDERR_REDIRECT] 
2025-12-13 09:28:25,295 [ERROR] LogOutputStream:75 - [STDERR_REDIRECT] [Fatal Error] :1:1: Premature end of file.
2025-12-13 09:28:25,295 [ERROR] LogOutputStream:75 - [STDERR_REDIRECT] 
2025-12-13 09:28:26,295 [ERROR] LogOutputStream:75 - [STDERR_REDIRECT] [Fatal Error] :1:1: Premature end of file.
2025-12-13 09:28:26,295 [ERROR] LogOutputStream:75 - [STDERR_REDIRECT] 
2025-12-13 09:28:27,294 [ERROR] LogOutputStream:75 - [STDERR_REDIRECT] [Fatal Error] :1:1: Premature end of file.
2025-12-13 09:28:27,294 [ERROR] LogOutputStream:75 - [STDERR_REDIRECT] 
2025-12-13 09:28:28,294 [ERROR] LogOutputStream:75 - [STDERR_REDIRECT] [Fatal Error] :1:1: Premature end of file.
2025-12-13 09:28:28,295 [ERROR] LogOutputStream:75 - [STDERR_REDIRECT] 
2025-12-13 09:28:29,293 [ERROR] LogOutputStream:75 - [STDERR_REDIRECT] [Fatal Error] :1:1: Premature end of file.
2025-12-13 09:28:29,293 [ERROR] LogOutputStream:75 - [STDERR_REDIRECT] 
2025-12-13 09:28:30,294 [ERROR] LogOutputStream:75 - [STDERR_REDIRECT] [Fatal Error] :1:1: Premature end of file.
2025-12-13 09:28:30,294 [ERROR] LogOutputStream:75 - [STDERR_REDIRECT] 
2025-12-13 09:28:31,293 [ERROR] LogOutputStream:75 - [STDERR_REDIRECT] [Fatal Error] :1:1: Premature end of file.
2025-12-13 09:28:31,294 [ERROR] LogOutputStream:75 - [STDERR_REDIRECT] 
2025-12-13 09:28:32,296 [ERROR] LogOutputStream:75 - [STDERR_REDIRECT] [Fatal Error] :1:1: Premature end of file.
2025-12-13 09:28:32,296 [ERROR] LogOutputStream:75 - [STDERR_REDIRECT] 
2025-12-13 09:28:33,407 [ERROR] LogOutputStream:75 - [STDERR_REDIRECT] [Fatal Error] :1:1: Premature end of file.
2025-12-13 09:28:33,408 [ERROR] LogOutputStream:75 - [STDERR_REDIRECT] 
2025-12-13 09:28:34,296 [ERROR] LogOutputStream:75 - [STDERR_REDIRECT] [Fatal Error] :1:1: Premature end of file.
2025-12-13 09:28:34,296 [ERROR] LogOutputStream:75 - [STDERR_REDIRECT] 
2025-12-13 09:28:35,311 [ERROR] LogOutputStream:75 - [STDERR_REDIRECT] [Fatal Error] :1:1: Premature end of file.
2025-12-13 09:28:35,311 [ERROR] LogOutputStream:75 - [STDERR_REDIRECT] 
2025-12-13 09:28:36,312 [ERROR] LogOutputStream:75 - [STDERR_REDIRECT] [Fatal Error] :1:1: Premature end of file.
2025-12-13 09:28:36,312 [ERROR] LogOutputStream:75 - [STDERR_REDIRECT] 
2025-12-13 09:28:37,302 [ERROR] LogOutputStream:75 - [STDERR_REDIRECT] [Fatal Error] :1:1: Premature end of file.
2025-12-13 09:28:37,302 [ERROR] LogOutputStream:75 - [STDERR_REDIRECT] 
2025-12-13 09:28:38,305 [ERROR] LogOutputStream:75 - [STDERR_REDIRECT] [Fatal Error] :1:1: Premature end of file.
2025-12-13 09:28:38,306 [ERROR] LogOutputStream:75 - [STDERR_REDIRECT] 
2025-12-13 09:28:39,298 [ERROR] LogOutputStream:75 - [STDERR_REDIRECT] [Fatal Error] :1:1: Premature end of file.
2025-12-13 09:28:39,298 [ERROR] LogOutputStream:75 - [STDERR_REDIRECT] 
2025-12-13 09:28:40,307 [ERROR] LogOutputStream:75 - [STDERR_REDIRECT] [Fatal Error] :1:1: Premature end of file.
2025-12-13 09:28:40,308 [ERROR] LogOutputStream:75 - [STDERR_REDIRECT] 
2025-12-13 09:28:41,374 [ERROR] LogOutputStream:75 - [STDERR_REDIRECT] [Fatal Error] :1:1: Premature end of file.
2025-12-13 09:28:41,375 [ERROR] LogOutputStream:75 - [STDERR_REDIRECT] 
2025-12-13 09:28:42,320 [ERROR] LogOutputStream:75 - [STDERR_REDIRECT] [Fatal Error] :1:1: Premature end of file.
2025-12-13 09:28:42,320 [ERROR] LogOutputStream:75 - [STDERR_REDIRECT] 
2025-12-13 09:28:43,311 [ERROR] LogOutputStream:75 - [STDERR_REDIRECT] [Fatal Error] :1:1: Premature end of file.
2025-12-13 09:28:43,311 [ERROR] LogOutputStream:75 - [STDERR_REDIRECT] 
2025-12-13 09:28:44,331 [ERROR] LogOutputStream:75 - [STDERR_REDIRECT] [Fatal Error] :1:1: Premature end of file.
2025-12-13 09:28:44,331 [ERROR] LogOutputStream:75 - [STDERR_REDIRECT] 
2025-12-13 09:28:45,305 [ERROR] LogOutputStream:75 - [STDERR_REDIRECT] [Fatal Error] :1:1: Premature end of file.
2025-12-13 09:28:45,305 [ERROR] LogOutputStream:75 - [STDERR_REDIRECT] 
2025-12-13 09:28:46,303 [ERROR] LogOutputStream:75 - [STDERR_REDIRECT] [Fatal Error] :1:1: Premature end of file.
2025-12-13 09:28:46,303 [ERROR] LogOutputStream:75 - [STDERR_REDIRECT] 
2025-12-13 09:28:47,294 [ERROR] LogOutputStream:75 - [STDERR_REDIRECT] [Fatal Error] :1:1: Premature end of file.
2025-12-13 09:28:47,294 [ERROR] LogOutputStream:75 - [STDERR_REDIRECT] 
2025-12-13 09:28:48,296 [ERROR] LogOutputStream:75 - [STDERR_REDIRECT] [Fatal Error] :1:1: Premature end of file.
2025-12-13 09:28:48,296 [ERROR] LogOutputStream:75 - [STDERR_REDIRECT] 
2025-12-13 09:28:48,565 [ERROR] AppliInfo:139 - Unknown STM32CubeMX version: 6.16.0
2025-12-13 09:28:48,565 [ERROR] AppliInfo:139 - Unknown STM32CubeMX version: 6.16.0
2025-12-13 09:28:48,565 [ERROR] AppliInfo:139 - Unknown STM32CubeMX version: 6.16.0
2025-12-13 09:28:48,565 [ERROR] AppliInfo:139 - Unknown STM32CubeMX version: 6.16.0
2025-12-13 09:28:48,565 [ERROR] AppliInfo:139 - Unknown STM32CubeMX version: 6.16.0
2025-12-13 09:28:48,579 [ERROR] AppliInfo:139 - Unknown STM32CubeMX version: 6.16.0
2025-12-13 09:28:48,579 [ERROR] AppliInfo:139 - Unknown STM32CubeMX version: 6.16.0
2025-12-13 09:28:48,580 [ERROR] AppliInfo:139 - Unknown STM32CubeMX version: 6.16.0
2025-12-13 09:28:48,643 [ERROR] AppliInfo:139 - Unknown STM32CubeMX version: 6.16.0
2025-12-13 09:28:48,661 [ERROR] AppliInfo:139 - Unknown STM32CubeMX version: 6.16.0
2025-12-13 09:28:48,662 [ERROR] AppliInfo:139 - Unknown STM32CubeMX version: 6.16.0
2025-12-13 09:28:48,662 [ERROR] AppliInfo:139 - Unknown STM32CubeMX version: 6.16.0
2025-12-13 09:28:48,662 [ERROR] AppliInfo:139 - Unknown STM32CubeMX version: 6.16.0
2025-12-13 09:28:48,662 [ERROR] AppliInfo:139 - Unknown STM32CubeMX version: 6.16.0
2025-12-13 09:28:48,662 [ERROR] AppliInfo:139 - Unknown STM32CubeMX version: 6.16.0
2025-12-13 09:28:48,662 [ERROR] AppliInfo:139 - Unknown STM32CubeMX version: 6.16.0
2025-12-13 09:28:48,663 [ERROR] AppliInfo:139 - Unknown STM32CubeMX version: 6.16.0
2025-12-13 09:28:48,663 [ERROR] AppliInfo:139 - Unknown STM32CubeMX version: 6.16.0
2025-12-13 09:28:48,663 [ERROR] AppliInfo:139 - Unknown STM32CubeMX version: 6.16.0
2025-12-13 09:28:48,665 [ERROR] AppliInfo:139 - Unknown STM32CubeMX version: 6.16.0
2025-12-13 09:28:48,937 [ERROR] AppliInfo:139 - Unknown STM32CubeMX version: 6.16.0
2025-12-13 09:28:48,937 [ERROR] AppliInfo:139 - Unknown STM32CubeMX version: 6.16.0
2025-12-13 09:28:48,938 [ERROR] AppliInfo:139 - Unknown STM32CubeMX version: 6.16.0
2025-12-13 09:28:48,938 [ERROR] AppliInfo:139 - Unknown STM32CubeMX version: 6.16.0
2025-12-13 09:28:48,939 [ERROR] AppliInfo:139 - Unknown STM32CubeMX version: 6.16.0
2025-12-13 09:28:48,939 [ERROR] AppliInfo:139 - Unknown STM32CubeMX version: 6.16.0
2025-12-13 09:28:48,941 [ERROR] AppliInfo:139 - Unknown STM32CubeMX version: 6.16.0
2025-12-13 09:28:48,941 [ERROR] AppliInfo:139 - Unknown STM32CubeMX version: 6.16.0
2025-12-13 09:28:48,941 [ERROR] AppliInfo:139 - Unknown STM32CubeMX version: 6.16.0
2025-12-13 09:28:48,941 [ERROR] AppliInfo:139 - Unknown STM32CubeMX version: 6.16.0
2025-12-13 09:28:48,942 [ERROR] AppliInfo:139 - Unknown STM32CubeMX version: 6.16.0
2025-12-13 09:28:48,942 [ERROR] AppliInfo:139 - Unknown STM32CubeMX version: 6.16.0
2025-12-13 09:28:48,943 [ERROR] AppliInfo:139 - Unknown STM32CubeMX version: 6.16.0
2025-12-13 09:28:48,943 [ERROR] AppliInfo:139 - Unknown STM32CubeMX version: 6.16.0
2025-12-13 09:28:48,943 [ERROR] AppliInfo:139 - Unknown STM32CubeMX version: 6.16.0
2025-12-13 09:28:48,944 [ERROR] AppliInfo:139 - Unknown STM32CubeMX version: 6.16.0
2025-12-13 09:28:48,944 [ERROR] AppliInfo:139 - Unknown STM32CubeMX version: 6.16.0
2025-12-13 09:28:48,944 [ERROR] AppliInfo:139 - Unknown STM32CubeMX version: 6.16.0
2025-12-13 09:28:48,944 [ERROR] AppliInfo:139 - Unknown STM32CubeMX version: 6.16.0
2025-12-13 09:28:48,944 [ERROR] AppliInfo:139 - Unknown STM32CubeMX version: 6.16.0
2025-12-13 09:28:48,945 [ERROR] AppliInfo:139 - Unknown STM32CubeMX version: 6.16.0
2025-12-13 09:28:48,945 [ERROR] AppliInfo:139 - Unknown STM32CubeMX version: 6.16.0
2025-12-13 09:28:48,945 [ERROR] AppliInfo:139 - Unknown STM32CubeMX version: 6.16.0
2025-12-13 09:28:48,946 [ERROR] AppliInfo:139 - Unknown STM32CubeMX version: 6.16.0
2025-12-13 09:28:48,946 [ERROR] AppliInfo:139 - Unknown STM32CubeMX version: 6.16.0
2025-12-13 09:28:48,946 [ERROR] AppliInfo:139 - Unknown STM32CubeMX version: 6.16.0
2025-12-13 09:28:48,946 [ERROR] AppliInfo:139 - Unknown STM32CubeMX version: 6.16.0
2025-12-13 09:28:48,991 [ERROR] AppliInfo:139 - Unknown STM32CubeMX version: 6.16.0
2025-12-13 09:28:49,003 [ERROR] AppliInfo:139 - Unknown STM32CubeMX version: 6.16.0
2025-12-13 09:28:49,003 [ERROR] AppliInfo:139 - Unknown STM32CubeMX version: 6.16.0
2025-12-13 09:28:49,003 [ERROR] AppliInfo:139 - Unknown STM32CubeMX version: 6.16.0
2025-12-13 09:28:49,003 [ERROR] AppliInfo:139 - Unknown STM32CubeMX version: 6.16.0
2025-12-13 09:28:49,003 [ERROR] AppliInfo:139 - Unknown STM32CubeMX version: 6.16.0
2025-12-13 09:28:49,003 [ERROR] AppliInfo:139 - Unknown STM32CubeMX version: 6.16.0
2025-12-13 09:28:49,024 [ERROR] AppliInfo:139 - Unknown STM32CubeMX version: 6.12.1
2025-12-13 09:28:49,024 [ERROR] AppliInfo:139 - Unknown STM32CubeMX version: 6.16.0
2025-12-13 09:28:49,024 [ERROR] AppliInfo:139 - Unknown STM32CubeMX version: 6.16.0
2025-12-13 09:28:49,025 [ERROR] AppliInfo:139 - Unknown STM32CubeMX version: 6.16.0
2025-12-13 09:28:49,025 [ERROR] AppliInfo:139 - Unknown STM32CubeMX version: 6.16.0
2025-12-13 09:28:49,025 [ERROR] AppliInfo:139 - Unknown STM32CubeMX version: 6.16.0
2025-12-13 09:28:49,025 [ERROR] AppliInfo:139 - Unknown STM32CubeMX version: 6.16.0
2025-12-13 09:28:49,025 [ERROR] AppliInfo:139 - Unknown STM32CubeMX version: 6.16.0
2025-12-13 09:28:49,025 [ERROR] AppliInfo:139 - Unknown STM32CubeMX version: 6.16.0
2025-12-13 09:28:49,025 [ERROR] AppliInfo:139 - Unknown STM32CubeMX version: 6.16.0
2025-12-13 09:28:49,025 [ERROR] AppliInfo:139 - Unknown STM32CubeMX version: 6.16.0
2025-12-13 09:28:49,025 [ERROR] AppliInfo:139 - Unknown STM32CubeMX version: 6.16.0
2025-12-13 09:28:49,026 [ERROR] AppliInfo:139 - Unknown STM32CubeMX version: 6.16.0
2025-12-13 09:28:49,026 [ERROR] AppliInfo:139 - Unknown STM32CubeMX version: 6.16.0
2025-12-13 09:28:49,026 [ERROR] AppliInfo:139 - Unknown STM32CubeMX version: 6.16.0
2025-12-13 09:28:49,026 [ERROR] AppliInfo:139 - Unknown STM32CubeMX version: 6.16.0
2025-12-13 09:28:49,026 [ERROR] AppliInfo:139 - Unknown STM32CubeMX version: 6.16.0
2025-12-13 09:28:49,026 [ERROR] AppliInfo:139 - Unknown STM32CubeMX version: 6.16.0
2025-12-13 09:28:49,026 [ERROR] AppliInfo:139 - Unknown STM32CubeMX version: 6.16.0
2025-12-13 09:28:49,026 [ERROR] AppliInfo:139 - Unknown STM32CubeMX version: 6.16.0
2025-12-13 09:28:49,026 [ERROR] AppliInfo:139 - Unknown STM32CubeMX version: 6.16.0
2025-12-13 09:28:49,030 [ERROR] AppliInfo:139 - Unknown STM32CubeMX version: 6.16.0
2025-12-13 09:28:49,030 [ERROR] AppliInfo:139 - Unknown STM32CubeMX version: 6.16.0
2025-12-13 09:28:49,030 [ERROR] AppliInfo:139 - Unknown STM32CubeMX version: 6.16.0
2025-12-13 09:28:49,030 [ERROR] AppliInfo:139 - Unknown STM32CubeMX version: 6.16.0
2025-12-13 09:28:49,030 [ERROR] AppliInfo:139 - Unknown STM32CubeMX version: 6.16.0
2025-12-13 09:28:49,030 [ERROR] AppliInfo:139 - Unknown STM32CubeMX version: 6.16.0
2025-12-13 09:28:49,030 [ERROR] AppliInfo:139 - Unknown STM32CubeMX version: 6.16.0
2025-12-13 09:28:49,030 [ERROR] AppliInfo:139 - Unknown STM32CubeMX version: 6.16.0
2025-12-13 09:28:49,030 [ERROR] AppliInfo:139 - Unknown STM32CubeMX version: 6.16.0
2025-12-13 09:28:49,030 [ERROR] AppliInfo:139 - Unknown STM32CubeMX version: 6.16.0
2025-12-13 09:28:49,031 [ERROR] AppliInfo:139 - Unknown STM32CubeMX version: 6.16.0
2025-12-13 09:28:49,031 [ERROR] AppliInfo:139 - Unknown STM32CubeMX version: 6.16.0
2025-12-13 09:28:49,031 [ERROR] AppliInfo:139 - Unknown STM32CubeMX version: 6.16.0
2025-12-13 09:28:49,031 [ERROR] AppliInfo:139 - Unknown STM32CubeMX version: 6.16.0
2025-12-13 09:28:49,031 [ERROR] AppliInfo:139 - Unknown STM32CubeMX version: 6.16.0
2025-12-13 09:28:49,031 [ERROR] AppliInfo:139 - Unknown STM32CubeMX version: 6.16.0
2025-12-13 09:28:49,031 [ERROR] AppliInfo:139 - Unknown STM32CubeMX version: 6.16.0
2025-12-13 09:28:49,031 [ERROR] AppliInfo:139 - Unknown STM32CubeMX version: 6.16.0
2025-12-13 09:28:49,031 [ERROR] AppliInfo:139 - Unknown STM32CubeMX version: 6.16.0
2025-12-13 09:28:49,031 [ERROR] AppliInfo:139 - Unknown STM32CubeMX version: 6.16.0
2025-12-13 09:28:49,031 [ERROR] AppliInfo:139 - Unknown STM32CubeMX version: 6.16.0
2025-12-13 09:28:49,035 [ERROR] AppliInfo:139 - Unknown STM32CubeMX version: 6.16.0
2025-12-13 09:28:49,035 [ERROR] AppliInfo:139 - Unknown STM32CubeMX version: 6.16.0
2025-12-13 09:28:49,035 [ERROR] AppliInfo:139 - Unknown STM32CubeMX version: 6.16.0
2025-12-13 09:28:49,035 [ERROR] AppliInfo:139 - Unknown STM32CubeMX version: 6.16.0
2025-12-13 09:28:49,035 [ERROR] AppliInfo:139 - Unknown STM32CubeMX version: 6.16.0
2025-12-13 09:28:49,035 [ERROR] AppliInfo:139 - Unknown STM32CubeMX version: 6.16.0
2025-12-13 09:28:49,036 [ERROR] AppliInfo:139 - Unknown STM32CubeMX version: 6.16.0
2025-12-13 09:28:49,036 [ERROR] AppliInfo:139 - Unknown STM32CubeMX version: 6.16.0
2025-12-13 09:28:49,036 [ERROR] AppliInfo:139 - Unknown STM32CubeMX version: 6.16.0
2025-12-13 09:28:49,036 [ERROR] AppliInfo:139 - Unknown STM32CubeMX version: 6.16.0
2025-12-13 09:28:49,036 [ERROR] AppliInfo:139 - Unknown STM32CubeMX version: 6.16.0
2025-12-13 09:28:49,036 [ERROR] AppliInfo:139 - Unknown STM32CubeMX version: 6.16.0
2025-12-13 09:28:49,036 [ERROR] AppliInfo:139 - Unknown STM32CubeMX version: 6.16.0
2025-12-13 09:28:49,036 [ERROR] AppliInfo:139 - Unknown STM32CubeMX version: 6.16.0
2025-12-13 09:28:49,036 [ERROR] AppliInfo:139 - Unknown STM32CubeMX version: 6.16.0
2025-12-13 09:28:49,036 [ERROR] AppliInfo:139 - Unknown STM32CubeMX version: 6.16.0
2025-12-13 09:28:49,037 [ERROR] AppliInfo:139 - Unknown STM32CubeMX version: 6.16.0
2025-12-13 09:28:49,037 [ERROR] AppliInfo:139 - Unknown STM32CubeMX version: 6.16.0
2025-12-13 09:28:49,037 [ERROR] AppliInfo:139 - Unknown STM32CubeMX version: 6.16.0
2025-12-13 09:28:49,037 [ERROR] AppliInfo:139 - Unknown STM32CubeMX version: 6.16.0
2025-12-13 09:28:49,037 [ERROR] AppliInfo:139 - Unknown STM32CubeMX version: 6.16.0
2025-12-13 09:28:49,042 [ERROR] AppliInfo:139 - Unknown STM32CubeMX version: 6.16.0
2025-12-13 09:28:49,042 [ERROR] AppliInfo:139 - Unknown STM32CubeMX version: 6.16.0
2025-12-13 09:28:49,042 [ERROR] AppliInfo:139 - Unknown STM32CubeMX version: 6.16.0
2025-12-13 09:28:49,042 [ERROR] AppliInfo:139 - Unknown STM32CubeMX version: 6.16.0
2025-12-13 09:28:49,042 [ERROR] AppliInfo:139 - Unknown STM32CubeMX version: 6.16.0
2025-12-13 09:28:49,042 [ERROR] AppliInfo:139 - Unknown STM32CubeMX version: 6.16.0
2025-12-13 09:28:49,042 [ERROR] AppliInfo:139 - Unknown STM32CubeMX version: 6.16.0
2025-12-13 09:28:49,043 [ERROR] AppliInfo:139 - Unknown STM32CubeMX version: 6.16.0
2025-12-13 09:28:49,043 [ERROR] AppliInfo:139 - Unknown STM32CubeMX version: 6.16.0
2025-12-13 09:28:49,043 [ERROR] AppliInfo:139 - Unknown STM32CubeMX version: 6.16.0
2025-12-13 09:28:49,043 [ERROR] AppliInfo:139 - Unknown STM32CubeMX version: 6.16.0
2025-12-13 09:28:49,043 [ERROR] AppliInfo:139 - Unknown STM32CubeMX version: 6.16.0
2025-12-13 09:28:49,043 [ERROR] AppliInfo:139 - Unknown STM32CubeMX version: 6.16.0
2025-12-13 09:28:49,043 [ERROR] AppliInfo:139 - Unknown STM32CubeMX version: 6.16.0
2025-12-13 09:28:49,044 [ERROR] AppliInfo:139 - Unknown STM32CubeMX version: 6.16.0
2025-12-13 09:28:49,044 [ERROR] AppliInfo:139 - Unknown STM32CubeMX version: 6.16.0
2025-12-13 09:28:49,044 [ERROR] AppliInfo:139 - Unknown STM32CubeMX version: 6.16.0
2025-12-13 09:28:49,044 [ERROR] AppliInfo:139 - Unknown STM32CubeMX version: 6.16.0
2025-12-13 09:28:49,045 [ERROR] AppliInfo:139 - Unknown STM32CubeMX version: 6.16.0
2025-12-13 09:28:49,045 [ERROR] AppliInfo:139 - Unknown STM32CubeMX version: 6.16.0
2025-12-13 09:28:49,045 [ERROR] AppliInfo:139 - Unknown STM32CubeMX version: 6.16.0
2025-12-13 09:28:49,045 [ERROR] AppliInfo:139 - Unknown STM32CubeMX version: 6.16.0
2025-12-13 09:28:49,045 [ERROR] AppliInfo:139 - Unknown STM32CubeMX version: 6.16.0
2025-12-13 09:28:49,046 [ERROR] AppliInfo:139 - Unknown STM32CubeMX version: 6.16.0
2025-12-13 09:28:49,046 [ERROR] AppliInfo:139 - Unknown STM32CubeMX version: 6.16.0
2025-12-13 09:28:49,046 [ERROR] AppliInfo:139 - Unknown STM32CubeMX version: 6.16.0
2025-12-13 09:28:49,046 [ERROR] AppliInfo:139 - Unknown STM32CubeMX version: 6.16.0
2025-12-13 09:28:49,046 [ERROR] AppliInfo:139 - Unknown STM32CubeMX version: 6.16.0
2025-12-13 09:28:49,046 [ERROR] AppliInfo:139 - Unknown STM32CubeMX version: 6.16.0
2025-12-13 09:28:49,046 [ERROR] AppliInfo:139 - Unknown STM32CubeMX version: 6.16.0
2025-12-13 09:28:49,047 [ERROR] AppliInfo:139 - Unknown STM32CubeMX version: 6.16.0
2025-12-13 09:28:49,047 [ERROR] AppliInfo:139 - Unknown STM32CubeMX version: 6.16.0
2025-12-13 09:28:49,047 [ERROR] AppliInfo:139 - Unknown STM32CubeMX version: 6.16.0
2025-12-13 09:28:49,047 [ERROR] AppliInfo:139 - Unknown STM32CubeMX version: 6.16.0
2025-12-13 09:28:49,047 [ERROR] AppliInfo:139 - Unknown STM32CubeMX version: 6.16.0
2025-12-13 09:28:49,047 [ERROR] AppliInfo:139 - Unknown STM32CubeMX version: 6.16.0
2025-12-13 09:28:49,047 [ERROR] AppliInfo:139 - Unknown STM32CubeMX version: 6.16.0
2025-12-13 09:28:49,047 [ERROR] AppliInfo:139 - Unknown STM32CubeMX version: 6.16.0
2025-12-13 09:28:49,047 [ERROR] AppliInfo:139 - Unknown STM32CubeMX version: 6.16.0
2025-12-13 09:28:49,047 [ERROR] AppliInfo:139 - Unknown STM32CubeMX version: 6.16.0
2025-12-13 09:28:49,049 [ERROR] AppliInfo:139 - Unknown STM32CubeMX version: 6.16.0
2025-12-13 09:28:49,049 [ERROR] AppliInfo:139 - Unknown STM32CubeMX version: 6.16.0
2025-12-13 09:28:49,049 [ERROR] AppliInfo:139 - Unknown STM32CubeMX version: 6.16.0
2025-12-13 09:28:49,049 [ERROR] AppliInfo:139 - Unknown STM32CubeMX version: 6.16.0
2025-12-13 09:28:49,049 [ERROR] AppliInfo:139 - Unknown STM32CubeMX version: 6.16.0
2025-12-13 09:28:49,050 [ERROR] AppliInfo:139 - Unknown STM32CubeMX version: 6.16.0
2025-12-13 09:28:49,050 [ERROR] AppliInfo:139 - Unknown STM32CubeMX version: 6.16.0
2025-12-13 09:28:49,050 [ERROR] AppliInfo:139 - Unknown STM32CubeMX version: 6.16.0
2025-12-13 09:28:49,050 [ERROR] AppliInfo:139 - Unknown STM32CubeMX version: 6.16.0
2025-12-13 09:28:49,051 [ERROR] AppliInfo:139 - Unknown STM32CubeMX version: 6.16.0
2025-12-13 09:28:49,051 [ERROR] AppliInfo:139 - Unknown STM32CubeMX version: 6.16.0
2025-12-13 09:28:49,051 [ERROR] AppliInfo:139 - Unknown STM32CubeMX version: 6.16.0
2025-12-13 09:28:49,051 [ERROR] AppliInfo:139 - Unknown STM32CubeMX version: 6.16.0
2025-12-13 09:28:49,051 [ERROR] AppliInfo:139 - Unknown STM32CubeMX version: 6.16.0
2025-12-13 09:28:49,051 [ERROR] AppliInfo:139 - Unknown STM32CubeMX version: 6.16.0
2025-12-13 09:28:49,051 [ERROR] AppliInfo:139 - Unknown STM32CubeMX version: 6.16.0
2025-12-13 09:28:49,051 [ERROR] AppliInfo:139 - Unknown STM32CubeMX version: 6.16.0
2025-12-13 09:28:49,051 [ERROR] AppliInfo:139 - Unknown STM32CubeMX version: 6.16.0
2025-12-13 09:28:49,058 [ERROR] AppliInfo:139 - Unknown STM32CubeMX version: 6.16.0
2025-12-13 09:28:49,059 [ERROR] AppliInfo:139 - Unknown STM32CubeMX version: 6.16.0
2025-12-13 09:28:49,059 [ERROR] AppliInfo:139 - Unknown STM32CubeMX version: 6.16.0
2025-12-13 09:28:49,059 [ERROR] AppliInfo:139 - Unknown STM32CubeMX version: 6.16.0
2025-12-13 09:28:49,059 [ERROR] AppliInfo:139 - Unknown STM32CubeMX version: 6.16.0
2025-12-13 09:28:49,059 [ERROR] AppliInfo:139 - Unknown STM32CubeMX version: 6.16.0
2025-12-13 09:28:49,059 [ERROR] AppliInfo:139 - Unknown STM32CubeMX version: 6.16.0
2025-12-13 09:28:49,060 [ERROR] AppliInfo:139 - Unknown STM32CubeMX version: 6.16.0
2025-12-13 09:28:49,067 [ERROR] AppliInfo:139 - Unknown STM32CubeMX version: 6.16.0
2025-12-13 09:28:49,068 [ERROR] AppliInfo:139 - Unknown STM32CubeMX version: 6.16.0
2025-12-13 09:28:49,077 [ERROR] AppliInfo:139 - Unknown STM32CubeMX version: 6.16.0
2025-12-13 09:28:49,077 [ERROR] AppliInfo:139 - Unknown STM32CubeMX version: 6.16.0
2025-12-13 09:28:49,077 [ERROR] AppliInfo:139 - Unknown STM32CubeMX version: 6.16.0
2025-12-13 09:28:49,077 [ERROR] AppliInfo:139 - Unknown STM32CubeMX version: 6.16.0
2025-12-13 09:28:49,078 [ERROR] AppliInfo:139 - Unknown STM32CubeMX version: 6.16.0
2025-12-13 09:28:49,078 [ERROR] AppliInfo:139 - Unknown STM32CubeMX version: 6.16.0
2025-12-13 09:28:49,078 [ERROR] AppliInfo:139 - Unknown STM32CubeMX version: 6.16.0
2025-12-13 09:28:49,078 [ERROR] AppliInfo:139 - Unknown STM32CubeMX version: 6.16.0
2025-12-13 09:28:49,078 [ERROR] AppliInfo:139 - Unknown STM32CubeMX version: 6.16.0
2025-12-13 09:28:49,078 [ERROR] AppliInfo:139 - Unknown STM32CubeMX version: 6.16.0
2025-12-13 09:28:49,078 [ERROR] AppliInfo:139 - Unknown STM32CubeMX version: 6.16.0
2025-12-13 09:28:49,078 [ERROR] AppliInfo:139 - Unknown STM32CubeMX version: 6.16.0
2025-12-13 09:28:49,079 [ERROR] AppliInfo:139 - Unknown STM32CubeMX version: 6.16.0
2025-12-13 09:28:49,079 [ERROR] AppliInfo:139 - Unknown STM32CubeMX version: 6.16.0
2025-12-13 09:28:49,079 [ERROR] AppliInfo:139 - Unknown STM32CubeMX version: 6.16.0
2025-12-13 09:28:49,079 [ERROR] AppliInfo:139 - Unknown STM32CubeMX version: 6.16.0
2025-12-13 09:28:49,079 [ERROR] AppliInfo:139 - Unknown STM32CubeMX version: 6.16.0
2025-12-13 09:28:49,079 [ERROR] AppliInfo:139 - Unknown STM32CubeMX version: 6.16.0
2025-12-13 09:28:49,079 [ERROR] AppliInfo:139 - Unknown STM32CubeMX version: 6.16.0
2025-12-13 09:28:49,079 [ERROR] AppliInfo:139 - Unknown STM32CubeMX version: 6.16.0
2025-12-13 09:28:49,079 [ERROR] AppliInfo:139 - Unknown STM32CubeMX version: 6.16.0
2025-12-13 09:28:49,079 [ERROR] AppliInfo:139 - Unknown STM32CubeMX version: 6.16.0
2025-12-13 09:28:49,080 [ERROR] AppliInfo:139 - Unknown STM32CubeMX version: 6.16.0
2025-12-13 09:28:49,080 [ERROR] AppliInfo:139 - Unknown STM32CubeMX version: 6.16.0
2025-12-13 09:28:49,080 [ERROR] AppliInfo:139 - Unknown STM32CubeMX version: 6.16.0
2025-12-13 09:28:49,080 [ERROR] AppliInfo:139 - Unknown STM32CubeMX version: 6.16.0
2025-12-13 09:28:49,080 [ERROR] AppliInfo:139 - Unknown STM32CubeMX version: 6.16.0
2025-12-13 09:28:49,080 [ERROR] AppliInfo:139 - Unknown STM32CubeMX version: 6.16.0
2025-12-13 09:28:49,080 [ERROR] AppliInfo:139 - Unknown STM32CubeMX version: 6.16.0
2025-12-13 09:28:49,080 [ERROR] AppliInfo:139 - Unknown STM32CubeMX version: 6.16.0
2025-12-13 09:28:49,081 [ERROR] AppliInfo:139 - Unknown STM32CubeMX version: 6.16.0
2025-12-13 09:28:49,081 [ERROR] AppliInfo:139 - Unknown STM32CubeMX version: 6.16.0
2025-12-13 09:28:49,081 [ERROR] AppliInfo:139 - Unknown STM32CubeMX version: 6.16.0
2025-12-13 09:28:49,081 [ERROR] AppliInfo:139 - Unknown STM32CubeMX version: 6.16.0
2025-12-13 09:28:49,082 [ERROR] AppliInfo:139 - Unknown STM32CubeMX version: 6.16.0
2025-12-13 09:28:49,082 [ERROR] AppliInfo:139 - Unknown STM32CubeMX version: 6.16.0
2025-12-13 09:28:49,082 [ERROR] AppliInfo:139 - Unknown STM32CubeMX version: 6.16.0
2025-12-13 09:28:49,082 [ERROR] AppliInfo:139 - Unknown STM32CubeMX version: 6.16.0
2025-12-13 09:28:49,082 [ERROR] AppliInfo:139 - Unknown STM32CubeMX version: 6.16.0
2025-12-13 09:28:49,082 [ERROR] AppliInfo:139 - Unknown STM32CubeMX version: 6.16.0
2025-12-13 09:28:49,082 [ERROR] AppliInfo:139 - Unknown STM32CubeMX version: 6.16.0
2025-12-13 09:28:49,082 [ERROR] AppliInfo:139 - Unknown STM32CubeMX version: 6.16.0
2025-12-13 09:28:49,082 [ERROR] AppliInfo:139 - Unknown STM32CubeMX version: 6.16.0
2025-12-13 09:28:49,083 [ERROR] AppliInfo:139 - Unknown STM32CubeMX version: 6.16.0
2025-12-13 09:28:49,083 [ERROR] AppliInfo:139 - Unknown STM32CubeMX version: 6.16.0
2025-12-13 09:28:49,083 [ERROR] AppliInfo:139 - Unknown STM32CubeMX version: 6.16.0
2025-12-13 09:28:49,083 [ERROR] AppliInfo:139 - Unknown STM32CubeMX version: 6.16.0
2025-12-13 09:28:49,083 [ERROR] AppliInfo:139 - Unknown STM32CubeMX version: 6.16.0
2025-12-13 09:28:49,083 [ERROR] AppliInfo:139 - Unknown STM32CubeMX version: 6.16.0
2025-12-13 09:28:49,083 [ERROR] AppliInfo:139 - Unknown STM32CubeMX version: 6.16.0
2025-12-13 09:28:49,084 [ERROR] AppliInfo:139 - Unknown STM32CubeMX version: 6.16.0
2025-12-13 09:28:49,084 [ERROR] AppliInfo:139 - Unknown STM32CubeMX version: 6.16.0
2025-12-13 09:28:49,084 [ERROR] AppliInfo:139 - Unknown STM32CubeMX version: 6.16.0
2025-12-13 09:28:49,084 [ERROR] AppliInfo:139 - Unknown STM32CubeMX version: 6.16.0
2025-12-13 09:28:49,084 [ERROR] AppliInfo:139 - Unknown STM32CubeMX version: 6.16.0
2025-12-13 09:28:49,084 [ERROR] AppliInfo:139 - Unknown STM32CubeMX version: 6.16.0
2025-12-13 09:28:49,084 [ERROR] AppliInfo:139 - Unknown STM32CubeMX version: 6.16.0
2025-12-13 09:28:49,084 [ERROR] AppliInfo:139 - Unknown STM32CubeMX version: 6.16.0
2025-12-13 09:28:49,085 [ERROR] AppliInfo:139 - Unknown STM32CubeMX version: 6.16.0
2025-12-13 09:28:49,085 [ERROR] AppliInfo:139 - Unknown STM32CubeMX version: 6.16.0
2025-12-13 09:28:49,085 [ERROR] AppliInfo:139 - Unknown STM32CubeMX version: 6.16.0
2025-12-13 09:28:49,085 [ERROR] AppliInfo:139 - Unknown STM32CubeMX version: 6.16.0
2025-12-13 09:28:49,085 [ERROR] AppliInfo:139 - Unknown STM32CubeMX version: 6.16.0
2025-12-13 09:28:49,085 [ERROR] AppliInfo:139 - Unknown STM32CubeMX version: 6.16.0
2025-12-13 09:28:49,085 [ERROR] AppliInfo:139 - Unknown STM32CubeMX version: 6.16.0
2025-12-13 09:28:49,085 [ERROR] AppliInfo:139 - Unknown STM32CubeMX version: 6.16.0
2025-12-13 09:28:49,086 [ERROR] AppliInfo:139 - Unknown STM32CubeMX version: 6.16.0
2025-12-13 09:28:49,086 [ERROR] AppliInfo:139 - Unknown STM32CubeMX version: 6.16.0
2025-12-13 09:28:49,086 [ERROR] AppliInfo:139 - Unknown STM32CubeMX version: 6.16.0
2025-12-13 09:28:49,086 [ERROR] AppliInfo:139 - Unknown STM32CubeMX version: 6.16.0
2025-12-13 09:28:49,086 [ERROR] AppliInfo:139 - Unknown STM32CubeMX version: 6.16.0
2025-12-13 09:28:49,087 [ERROR] AppliInfo:139 - Unknown STM32CubeMX version: 6.16.0
2025-12-13 09:28:49,087 [ERROR] AppliInfo:139 - Unknown STM32CubeMX version: 6.16.0
2025-12-13 09:28:49,087 [ERROR] AppliInfo:139 - Unknown STM32CubeMX version: 6.16.0
2025-12-13 09:28:49,087 [ERROR] AppliInfo:139 - Unknown STM32CubeMX version: 6.16.0
2025-12-13 09:28:49,087 [ERROR] AppliInfo:139 - Unknown STM32CubeMX version: 6.16.0
2025-12-13 09:28:49,087 [ERROR] AppliInfo:139 - Unknown STM32CubeMX version: 6.16.0
2025-12-13 09:28:49,087 [ERROR] AppliInfo:139 - Unknown STM32CubeMX version: 6.16.0
2025-12-13 09:28:49,087 [ERROR] AppliInfo:139 - Unknown STM32CubeMX version: 6.16.0
2025-12-13 09:28:49,087 [ERROR] AppliInfo:139 - Unknown STM32CubeMX version: 6.16.0
2025-12-13 09:28:49,088 [ERROR] AppliInfo:139 - Unknown STM32CubeMX version: 6.16.0
2025-12-13 09:28:49,088 [ERROR] AppliInfo:139 - Unknown STM32CubeMX version: 6.16.0
2025-12-13 09:28:49,088 [ERROR] AppliInfo:139 - Unknown STM32CubeMX version: 6.16.0
2025-12-13 09:28:49,088 [ERROR] AppliInfo:139 - Unknown STM32CubeMX version: 6.16.0
2025-12-13 09:28:49,088 [ERROR] AppliInfo:139 - Unknown STM32CubeMX version: 6.16.0
2025-12-13 09:28:49,088 [ERROR] AppliInfo:139 - Unknown STM32CubeMX version: 6.16.0
2025-12-13 09:28:49,091 [ERROR] AppliInfo:139 - Unknown STM32CubeMX version: 6.16.0
2025-12-13 09:28:49,091 [ERROR] AppliInfo:139 - Unknown STM32CubeMX version: 6.16.0
2025-12-13 09:28:49,091 [ERROR] AppliInfo:139 - Unknown STM32CubeMX version: 6.16.0
2025-12-13 09:28:49,091 [ERROR] AppliInfo:139 - Unknown STM32CubeMX version: 6.16.0
2025-12-13 09:28:49,091 [ERROR] AppliInfo:139 - Unknown STM32CubeMX version: 6.16.0
2025-12-13 09:28:49,091 [ERROR] AppliInfo:139 - Unknown STM32CubeMX version: 6.16.0
2025-12-13 09:28:49,091 [ERROR] AppliInfo:139 - Unknown STM32CubeMX version: 6.16.0
2025-12-13 09:28:49,092 [ERROR] AppliInfo:139 - Unknown STM32CubeMX version: 6.16.0
2025-12-13 09:28:49,092 [ERROR] AppliInfo:139 - Unknown STM32CubeMX version: 6.16.0
2025-12-13 09:28:49,092 [ERROR] AppliInfo:139 - Unknown STM32CubeMX version: 6.16.0
2025-12-13 09:28:49,092 [ERROR] AppliInfo:139 - Unknown STM32CubeMX version: 6.16.0
2025-12-13 09:28:49,092 [ERROR] AppliInfo:139 - Unknown STM32CubeMX version: 6.16.0
2025-12-13 09:28:49,092 [ERROR] AppliInfo:139 - Unknown STM32CubeMX version: 6.16.0
2025-12-13 09:28:49,092 [ERROR] AppliInfo:139 - Unknown STM32CubeMX version: 6.16.0
2025-12-13 09:28:49,093 [ERROR] AppliInfo:139 - Unknown STM32CubeMX version: 6.16.0
2025-12-13 09:28:49,093 [ERROR] AppliInfo:139 - Unknown STM32CubeMX version: 6.16.0
2025-12-13 09:28:49,093 [ERROR] AppliInfo:139 - Unknown STM32CubeMX version: 6.16.0
2025-12-13 09:28:49,094 [ERROR] AppliInfo:139 - Unknown STM32CubeMX version: 6.16.0
2025-12-13 09:28:49,094 [ERROR] AppliInfo:139 - Unknown STM32CubeMX version: 6.16.0
2025-12-13 09:28:49,094 [ERROR] AppliInfo:139 - Unknown STM32CubeMX version: 6.16.0
2025-12-13 09:28:49,094 [ERROR] AppliInfo:139 - Unknown STM32CubeMX version: 6.16.0
2025-12-13 09:28:49,095 [ERROR] AppliInfo:139 - Unknown STM32CubeMX version: 6.16.0
2025-12-13 09:28:49,095 [ERROR] AppliInfo:139 - Unknown STM32CubeMX version: 6.16.0
2025-12-13 09:28:49,095 [ERROR] AppliInfo:139 - Unknown STM32CubeMX version: 6.16.0
2025-12-13 09:28:49,095 [ERROR] AppliInfo:139 - Unknown STM32CubeMX version: 6.16.0
2025-12-13 09:28:49,095 [ERROR] AppliInfo:139 - Unknown STM32CubeMX version: 6.16.0
2025-12-13 09:28:49,095 [ERROR] AppliInfo:139 - Unknown STM32CubeMX version: 6.16.0
2025-12-13 09:28:49,095 [ERROR] AppliInfo:139 - Unknown STM32CubeMX version: 6.16.0
2025-12-13 09:28:49,095 [ERROR] AppliInfo:139 - Unknown STM32CubeMX version: 6.16.0
2025-12-13 09:28:49,096 [ERROR] AppliInfo:139 - Unknown STM32CubeMX version: 6.16.0
2025-12-13 09:28:49,096 [ERROR] AppliInfo:139 - Unknown STM32CubeMX version: 6.16.0
2025-12-13 09:28:49,096 [ERROR] AppliInfo:139 - Unknown STM32CubeMX version: 6.16.0
2025-12-13 09:28:49,096 [ERROR] AppliInfo:139 - Unknown STM32CubeMX version: 6.16.0
2025-12-13 09:28:49,096 [ERROR] AppliInfo:139 - Unknown STM32CubeMX version: 6.16.0
2025-12-13 09:28:49,096 [ERROR] AppliInfo:139 - Unknown STM32CubeMX version: 6.16.0
2025-12-13 09:28:49,096 [ERROR] AppliInfo:139 - Unknown STM32CubeMX version: 6.16.0
2025-12-13 09:28:49,096 [ERROR] AppliInfo:139 - Unknown STM32CubeMX version: 6.16.0
2025-12-13 09:28:49,097 [ERROR] AppliInfo:139 - Unknown STM32CubeMX version: 6.16.0
2025-12-13 09:28:49,097 [ERROR] AppliInfo:139 - Unknown STM32CubeMX version: 6.16.0
2025-12-13 09:28:49,097 [ERROR] AppliInfo:139 - Unknown STM32CubeMX version: 6.16.0
2025-12-13 09:28:49,116 [ERROR] AppliInfo:139 - Unknown STM32CubeMX version: 6.16.0
2025-12-13 09:28:49,116 [ERROR] AppliInfo:139 - Unknown STM32CubeMX version: 6.16.0
2025-12-13 09:28:49,116 [ERROR] AppliInfo:139 - Unknown STM32CubeMX version: 6.16.0
2025-12-13 09:28:49,116 [ERROR] AppliInfo:139 - Unknown STM32CubeMX version: 6.16.0
2025-12-13 09:28:49,116 [ERROR] AppliInfo:139 - Unknown STM32CubeMX version: 6.16.0
2025-12-13 09:28:49,117 [ERROR] AppliInfo:139 - Unknown STM32CubeMX version: 6.16.0
2025-12-13 09:28:49,117 [ERROR] AppliInfo:139 - Unknown STM32CubeMX version: 6.16.0
2025-12-13 09:28:49,117 [ERROR] AppliInfo:139 - Unknown STM32CubeMX version: 6.16.0
2025-12-13 09:28:49,117 [ERROR] AppliInfo:139 - Unknown STM32CubeMX version: 6.16.0
2025-12-13 09:28:49,117 [ERROR] AppliInfo:139 - Unknown STM32CubeMX version: 6.16.0
2025-12-13 09:28:49,117 [ERROR] AppliInfo:139 - Unknown STM32CubeMX version: 6.16.0
2025-12-13 09:28:49,117 [ERROR] AppliInfo:139 - Unknown STM32CubeMX version: 6.16.0
2025-12-13 09:28:49,117 [ERROR] AppliInfo:139 - Unknown STM32CubeMX version: 6.16.0
2025-12-13 09:28:49,117 [ERROR] AppliInfo:139 - Unknown STM32CubeMX version: 6.16.0
2025-12-13 09:28:49,117 [ERROR] AppliInfo:139 - Unknown STM32CubeMX version: 6.16.0
2025-12-13 09:28:49,117 [ERROR] AppliInfo:139 - Unknown STM32CubeMX version: 6.16.0
2025-12-13 09:28:49,118 [ERROR] AppliInfo:139 - Unknown STM32CubeMX version: 6.16.0
2025-12-13 09:28:49,118 [ERROR] AppliInfo:139 - Unknown STM32CubeMX version: 6.16.0
2025-12-13 09:28:49,118 [ERROR] AppliInfo:139 - Unknown STM32CubeMX version: 6.16.0
2025-12-13 09:28:49,133 [ERROR] AppliInfo:139 - Unknown STM32CubeMX version: 6.16.0
2025-12-13 09:28:49,134 [ERROR] AppliInfo:139 - Unknown STM32CubeMX version: 6.16.0
2025-12-13 09:28:49,134 [ERROR] AppliInfo:139 - Unknown STM32CubeMX version: 6.16.0
2025-12-13 09:28:49,134 [ERROR] AppliInfo:139 - Unknown STM32CubeMX version: 6.16.0
2025-12-13 09:28:49,134 [ERROR] AppliInfo:139 - Unknown STM32CubeMX version: 6.16.0
2025-12-13 09:28:49,134 [ERROR] AppliInfo:139 - Unknown STM32CubeMX version: 6.16.0
2025-12-13 09:28:49,134 [ERROR] AppliInfo:139 - Unknown STM32CubeMX version: 6.16.0
2025-12-13 09:28:49,134 [ERROR] AppliInfo:139 - Unknown STM32CubeMX version: 6.16.0
2025-12-13 09:28:49,134 [ERROR] AppliInfo:139 - Unknown STM32CubeMX version: 6.16.0
2025-12-13 09:28:49,134 [ERROR] AppliInfo:139 - Unknown STM32CubeMX version: 6.16.0
2025-12-13 09:28:49,135 [ERROR] AppliInfo:139 - Unknown STM32CubeMX version: 6.16.0
2025-12-13 09:28:49,135 [ERROR] AppliInfo:139 - Unknown STM32CubeMX version: 6.16.0
2025-12-13 09:28:49,135 [ERROR] AppliInfo:139 - Unknown STM32CubeMX version: 6.16.0
2025-12-13 09:28:49,142 [ERROR] AppliInfo:139 - Unknown STM32CubeMX version: 6.16.0
2025-12-13 09:28:49,143 [ERROR] AppliInfo:139 - Unknown STM32CubeMX version: 6.16.0
2025-12-13 09:28:49,143 [ERROR] AppliInfo:139 - Unknown STM32CubeMX version: 6.16.0
2025-12-13 09:28:49,156 [ERROR] AppliInfo:139 - Unknown STM32CubeMX version: 6.16.0
2025-12-13 09:28:49,156 [ERROR] AppliInfo:139 - Unknown STM32CubeMX version: 6.16.0
2025-12-13 09:28:49,156 [ERROR] AppliInfo:139 - Unknown STM32CubeMX version: 6.16.0
2025-12-13 09:28:49,157 [ERROR] AppliInfo:139 - Unknown STM32CubeMX version: 6.16.0
2025-12-13 09:28:49,157 [ERROR] AppliInfo:139 - Unknown STM32CubeMX version: 6.16.0
2025-12-13 09:28:49,157 [ERROR] AppliInfo:139 - Unknown STM32CubeMX version: 6.16.0
2025-12-13 09:28:49,157 [ERROR] AppliInfo:139 - Unknown STM32CubeMX version: 6.16.0
2025-12-13 09:28:49,157 [ERROR] AppliInfo:139 - Unknown STM32CubeMX version: 6.16.0
2025-12-13 09:28:49,157 [ERROR] AppliInfo:139 - Unknown STM32CubeMX version: 6.16.0
2025-12-13 09:28:49,157 [ERROR] AppliInfo:139 - Unknown STM32CubeMX version: 6.16.0
2025-12-13 09:28:49,157 [ERROR] AppliInfo:139 - Unknown STM32CubeMX version: 6.16.0
2025-12-13 09:28:49,157 [ERROR] AppliInfo:139 - Unknown STM32CubeMX version: 6.16.0
2025-12-13 09:28:49,157 [ERROR] AppliInfo:139 - Unknown STM32CubeMX version: 6.16.0
2025-12-13 09:28:49,158 [ERROR] AppliInfo:139 - Unknown STM32CubeMX version: 6.16.0
2025-12-13 09:28:49,158 [ERROR] AppliInfo:139 - Unknown STM32CubeMX version: 6.16.0
2025-12-13 09:28:49,158 [ERROR] AppliInfo:139 - Unknown STM32CubeMX version: 6.16.0
2025-12-13 09:28:49,158 [ERROR] AppliInfo:139 - Unknown STM32CubeMX version: 6.16.0
2025-12-13 09:28:49,158 [ERROR] AppliInfo:139 - Unknown STM32CubeMX version: 6.16.0
2025-12-13 09:28:49,158 [ERROR] AppliInfo:139 - Unknown STM32CubeMX version: 6.16.0
2025-12-13 09:28:49,158 [ERROR] AppliInfo:139 - Unknown STM32CubeMX version: 6.16.0
2025-12-13 09:28:49,159 [ERROR] AppliInfo:139 - Unknown STM32CubeMX version: 6.16.0
2025-12-13 09:28:49,159 [ERROR] AppliInfo:139 - Unknown STM32CubeMX version: 6.16.0
2025-12-13 09:28:49,159 [ERROR] AppliInfo:139 - Unknown STM32CubeMX version: 6.16.0
2025-12-13 09:28:49,159 [ERROR] AppliInfo:139 - Unknown STM32CubeMX version: 6.16.0
2025-12-13 09:28:49,159 [ERROR] AppliInfo:139 - Unknown STM32CubeMX version: 6.16.0
2025-12-13 09:28:49,159 [ERROR] AppliInfo:139 - Unknown STM32CubeMX version: 6.16.0
2025-12-13 09:28:49,159 [ERROR] AppliInfo:139 - Unknown STM32CubeMX version: 6.16.0
2025-12-13 09:28:49,159 [ERROR] AppliInfo:139 - Unknown STM32CubeMX version: 6.16.0
2025-12-13 09:28:49,159 [ERROR] AppliInfo:139 - Unknown STM32CubeMX version: 6.16.0
2025-12-13 09:28:49,159 [ERROR] AppliInfo:139 - Unknown STM32CubeMX version: 6.16.0
2025-12-13 09:28:49,159 [ERROR] AppliInfo:139 - Unknown STM32CubeMX version: 6.16.0
2025-12-13 09:28:49,160 [ERROR] AppliInfo:139 - Unknown STM32CubeMX version: 6.16.0
2025-12-13 09:28:49,160 [ERROR] AppliInfo:139 - Unknown STM32CubeMX version: 6.16.0
2025-12-13 09:28:49,160 [ERROR] AppliInfo:139 - Unknown STM32CubeMX version: 6.16.0
2025-12-13 09:28:49,160 [ERROR] AppliInfo:139 - Unknown STM32CubeMX version: 6.16.0
2025-12-13 09:28:49,160 [ERROR] AppliInfo:139 - Unknown STM32CubeMX version: 6.16.0
2025-12-13 09:28:49,160 [ERROR] AppliInfo:139 - Unknown STM32CubeMX version: 6.16.0
2025-12-13 09:28:49,160 [ERROR] AppliInfo:139 - Unknown STM32CubeMX version: 6.16.0
2025-12-13 09:28:49,160 [ERROR] AppliInfo:139 - Unknown STM32CubeMX version: 6.16.0
2025-12-13 09:28:49,160 [ERROR] AppliInfo:139 - Unknown STM32CubeMX version: 6.16.0
2025-12-13 09:28:49,160 [ERROR] AppliInfo:139 - Unknown STM32CubeMX version: 6.16.0
2025-12-13 09:28:49,160 [ERROR] AppliInfo:139 - Unknown STM32CubeMX version: 6.16.0
2025-12-13 09:28:49,161 [ERROR] AppliInfo:139 - Unknown STM32CubeMX version: 6.16.0
2025-12-13 09:28:49,161 [ERROR] AppliInfo:139 - Unknown STM32CubeMX version: 6.16.0
2025-12-13 09:28:49,161 [ERROR] AppliInfo:139 - Unknown STM32CubeMX version: 6.16.0
2025-12-13 09:28:49,161 [ERROR] AppliInfo:139 - Unknown STM32CubeMX version: 6.16.0
2025-12-13 09:28:49,161 [ERROR] AppliInfo:139 - Unknown STM32CubeMX version: 6.16.0
2025-12-13 09:28:49,161 [ERROR] AppliInfo:139 - Unknown STM32CubeMX version: 6.16.0
2025-12-13 09:28:49,161 [ERROR] AppliInfo:139 - Unknown STM32CubeMX version: 6.16.0
2025-12-13 09:28:49,161 [ERROR] AppliInfo:139 - Unknown STM32CubeMX version: 6.16.0
2025-12-13 09:28:49,161 [ERROR] AppliInfo:139 - Unknown STM32CubeMX version: 6.16.0
2025-12-13 09:28:49,161 [ERROR] AppliInfo:139 - Unknown STM32CubeMX version: 6.16.0
2025-12-13 09:28:49,161 [ERROR] AppliInfo:139 - Unknown STM32CubeMX version: 6.16.0
2025-12-13 09:28:49,162 [ERROR] AppliInfo:139 - Unknown STM32CubeMX version: 6.16.0
2025-12-13 09:28:49,162 [ERROR] AppliInfo:139 - Unknown STM32CubeMX version: 6.16.0
2025-12-13 09:28:49,162 [ERROR] AppliInfo:139 - Unknown STM32CubeMX version: 6.16.0
2025-12-13 09:28:49,162 [ERROR] AppliInfo:139 - Unknown STM32CubeMX version: 6.16.0
2025-12-13 09:28:49,162 [ERROR] AppliInfo:139 - Unknown STM32CubeMX version: 6.16.0
2025-12-13 09:28:49,162 [ERROR] AppliInfo:139 - Unknown STM32CubeMX version: 6.16.0
2025-12-13 09:28:49,162 [ERROR] AppliInfo:139 - Unknown STM32CubeMX version: 6.16.0
2025-12-13 09:28:49,300 [ERROR] LogOutputStream:75 - [STDERR_REDIRECT] [Fatal Error] :1:1: Premature end of file.
2025-12-13 09:28:49,300 [ERROR] LogOutputStream:75 - [STDERR_REDIRECT] 
2025-12-13 09:28:49,671 [ERROR] AppliInfo:139 - Unknown STM32CubeMX version: 6.16.0
2025-12-13 09:28:49,672 [ERROR] AppliInfo:139 - Unknown STM32CubeMX version: 6.16.0
2025-12-13 09:28:49,672 [ERROR] AppliInfo:139 - Unknown STM32CubeMX version: 6.16.0
2025-12-13 09:28:49,672 [ERROR] AppliInfo:139 - Unknown STM32CubeMX version: 6.16.0
2025-12-13 09:28:49,672 [ERROR] AppliInfo:139 - Unknown STM32CubeMX version: 6.16.0
2025-12-13 09:28:49,686 [ERROR] AppliInfo:139 - Unknown STM32CubeMX version: 6.16.0
2025-12-13 09:28:49,686 [ERROR] AppliInfo:139 - Unknown STM32CubeMX version: 6.16.0
2025-12-13 09:28:49,686 [ERROR] AppliInfo:139 - Unknown STM32CubeMX version: 6.16.0
2025-12-13 09:28:49,747 [ERROR] AppliInfo:139 - Unknown STM32CubeMX version: 6.16.0
2025-12-13 09:28:49,762 [ERROR] AppliInfo:139 - Unknown STM32CubeMX version: 6.16.0
2025-12-13 09:28:49,762 [ERROR] AppliInfo:139 - Unknown STM32CubeMX version: 6.16.0
2025-12-13 09:28:49,762 [ERROR] AppliInfo:139 - Unknown STM32CubeMX version: 6.16.0
2025-12-13 09:28:49,762 [ERROR] AppliInfo:139 - Unknown STM32CubeMX version: 6.16.0
2025-12-13 09:28:49,762 [ERROR] AppliInfo:139 - Unknown STM32CubeMX version: 6.16.0
2025-12-13 09:28:49,763 [ERROR] AppliInfo:139 - Unknown STM32CubeMX version: 6.16.0
2025-12-13 09:28:49,763 [ERROR] AppliInfo:139 - Unknown STM32CubeMX version: 6.16.0
2025-12-13 09:28:49,763 [ERROR] AppliInfo:139 - Unknown STM32CubeMX version: 6.16.0
2025-12-13 09:28:49,763 [ERROR] AppliInfo:139 - Unknown STM32CubeMX version: 6.16.0
2025-12-13 09:28:49,763 [ERROR] AppliInfo:139 - Unknown STM32CubeMX version: 6.16.0
2025-12-13 09:28:49,763 [ERROR] AppliInfo:139 - Unknown STM32CubeMX version: 6.16.0
2025-12-13 09:28:49,764 [ERROR] AppliInfo:139 - Unknown STM32CubeMX version: 6.16.0
2025-12-13 09:28:49,764 [ERROR] AppliInfo:139 - Unknown STM32CubeMX version: 6.16.0
2025-12-13 09:28:49,765 [ERROR] AppliInfo:139 - Unknown STM32CubeMX version: 6.16.0
2025-12-13 09:28:49,765 [ERROR] AppliInfo:139 - Unknown STM32CubeMX version: 6.16.0
2025-12-13 09:28:49,765 [ERROR] AppliInfo:139 - Unknown STM32CubeMX version: 6.16.0
2025-12-13 09:28:49,765 [ERROR] AppliInfo:139 - Unknown STM32CubeMX version: 6.16.0
2025-12-13 09:28:49,767 [ERROR] AppliInfo:139 - Unknown STM32CubeMX version: 6.16.0
2025-12-13 09:28:49,767 [ERROR] AppliInfo:139 - Unknown STM32CubeMX version: 6.16.0
2025-12-13 09:28:49,767 [ERROR] AppliInfo:139 - Unknown STM32CubeMX version: 6.16.0
2025-12-13 09:28:49,767 [ERROR] AppliInfo:139 - Unknown STM32CubeMX version: 6.16.0
2025-12-13 09:28:49,767 [ERROR] AppliInfo:139 - Unknown STM32CubeMX version: 6.16.0
2025-12-13 09:28:50,056 [ERROR] AppliInfo:139 - Unknown STM32CubeMX version: 6.16.0
2025-12-13 09:28:50,056 [ERROR] AppliInfo:139 - Unknown STM32CubeMX version: 6.16.0
2025-12-13 09:28:50,057 [ERROR] AppliInfo:139 - Unknown STM32CubeMX version: 6.16.0
2025-12-13 09:28:50,057 [ERROR] AppliInfo:139 - Unknown STM32CubeMX version: 6.16.0
2025-12-13 09:28:50,057 [ERROR] AppliInfo:139 - Unknown STM32CubeMX version: 6.16.0
2025-12-13 09:28:50,057 [ERROR] AppliInfo:139 - Unknown STM32CubeMX version: 6.16.0
2025-12-13 09:28:50,057 [ERROR] AppliInfo:139 - Unknown STM32CubeMX version: 6.16.0
2025-12-13 09:28:50,103 [ERROR] AppliInfo:139 - Unknown STM32CubeMX version: 6.16.0
2025-12-13 09:28:50,110 [ERROR] AppliInfo:139 - Unknown STM32CubeMX version: 6.16.0
2025-12-13 09:28:50,110 [ERROR] AppliInfo:139 - Unknown STM32CubeMX version: 6.16.0
2025-12-13 09:28:50,110 [ERROR] AppliInfo:139 - Unknown STM32CubeMX version: 6.16.0
2025-12-13 09:28:50,110 [ERROR] AppliInfo:139 - Unknown STM32CubeMX version: 6.16.0
2025-12-13 09:28:50,110 [ERROR] AppliInfo:139 - Unknown STM32CubeMX version: 6.16.0
2025-12-13 09:28:50,111 [ERROR] AppliInfo:139 - Unknown STM32CubeMX version: 6.16.0
2025-12-13 09:28:50,134 [ERROR] AppliInfo:139 - Unknown STM32CubeMX version: 6.12.1
2025-12-13 09:28:50,134 [ERROR] AppliInfo:139 - Unknown STM32CubeMX version: 6.16.0
2025-12-13 09:28:50,134 [ERROR] AppliInfo:139 - Unknown STM32CubeMX version: 6.16.0
2025-12-13 09:28:50,134 [ERROR] AppliInfo:139 - Unknown STM32CubeMX version: 6.16.0
2025-12-13 09:28:50,134 [ERROR] AppliInfo:139 - Unknown STM32CubeMX version: 6.16.0
2025-12-13 09:28:50,134 [ERROR] AppliInfo:139 - Unknown STM32CubeMX version: 6.16.0
2025-12-13 09:28:50,134 [ERROR] AppliInfo:139 - Unknown STM32CubeMX version: 6.16.0
2025-12-13 09:28:50,135 [ERROR] AppliInfo:139 - Unknown STM32CubeMX version: 6.16.0
2025-12-13 09:28:50,135 [ERROR] AppliInfo:139 - Unknown STM32CubeMX version: 6.16.0
2025-12-13 09:28:50,135 [ERROR] AppliInfo:139 - Unknown STM32CubeMX version: 6.16.0
2025-12-13 09:28:50,135 [ERROR] AppliInfo:139 - Unknown STM32CubeMX version: 6.16.0
2025-12-13 09:28:50,138 [ERROR] AppliInfo:139 - Unknown STM32CubeMX version: 6.16.0
2025-12-13 09:28:50,138 [ERROR] AppliInfo:139 - Unknown STM32CubeMX version: 6.16.0
2025-12-13 09:28:50,139 [ERROR] AppliInfo:139 - Unknown STM32CubeMX version: 6.16.0
2025-12-13 09:28:50,139 [ERROR] AppliInfo:139 - Unknown STM32CubeMX version: 6.16.0
2025-12-13 09:28:50,139 [ERROR] AppliInfo:139 - Unknown STM32CubeMX version: 6.16.0
2025-12-13 09:28:50,139 [ERROR] AppliInfo:139 - Unknown STM32CubeMX version: 6.16.0
2025-12-13 09:28:50,139 [ERROR] AppliInfo:139 - Unknown STM32CubeMX version: 6.16.0
2025-12-13 09:28:50,139 [ERROR] AppliInfo:139 - Unknown STM32CubeMX version: 6.16.0
2025-12-13 09:28:50,140 [ERROR] AppliInfo:139 - Unknown STM32CubeMX version: 6.16.0
2025-12-13 09:28:50,140 [ERROR] AppliInfo:139 - Unknown STM32CubeMX version: 6.16.0
2025-12-13 09:28:50,147 [ERROR] AppliInfo:139 - Unknown STM32CubeMX version: 6.16.0
2025-12-13 09:28:50,147 [ERROR] AppliInfo:139 - Unknown STM32CubeMX version: 6.16.0
2025-12-13 09:28:50,147 [ERROR] AppliInfo:139 - Unknown STM32CubeMX version: 6.16.0
2025-12-13 09:28:50,147 [ERROR] AppliInfo:139 - Unknown STM32CubeMX version: 6.16.0
2025-12-13 09:28:50,147 [ERROR] AppliInfo:139 - Unknown STM32CubeMX version: 6.16.0
2025-12-13 09:28:50,147 [ERROR] AppliInfo:139 - Unknown STM32CubeMX version: 6.16.0
2025-12-13 09:28:50,147 [ERROR] AppliInfo:139 - Unknown STM32CubeMX version: 6.16.0
2025-12-13 09:28:50,148 [ERROR] AppliInfo:139 - Unknown STM32CubeMX version: 6.16.0
2025-12-13 09:28:50,148 [ERROR] AppliInfo:139 - Unknown STM32CubeMX version: 6.16.0
2025-12-13 09:28:50,148 [ERROR] AppliInfo:139 - Unknown STM32CubeMX version: 6.16.0
2025-12-13 09:28:50,148 [ERROR] AppliInfo:139 - Unknown STM32CubeMX version: 6.16.0
2025-12-13 09:28:50,148 [ERROR] AppliInfo:139 - Unknown STM32CubeMX version: 6.16.0
2025-12-13 09:28:50,148 [ERROR] AppliInfo:139 - Unknown STM32CubeMX version: 6.16.0
2025-12-13 09:28:50,148 [ERROR] AppliInfo:139 - Unknown STM32CubeMX version: 6.16.0
2025-12-13 09:28:50,148 [ERROR] AppliInfo:139 - Unknown STM32CubeMX version: 6.16.0
2025-12-13 09:28:50,148 [ERROR] AppliInfo:139 - Unknown STM32CubeMX version: 6.16.0
2025-12-13 09:28:50,148 [ERROR] AppliInfo:139 - Unknown STM32CubeMX version: 6.16.0
2025-12-13 09:28:50,148 [ERROR] AppliInfo:139 - Unknown STM32CubeMX version: 6.16.0
2025-12-13 09:28:50,149 [ERROR] AppliInfo:139 - Unknown STM32CubeMX version: 6.16.0
2025-12-13 09:28:50,149 [ERROR] AppliInfo:139 - Unknown STM32CubeMX version: 6.16.0
2025-12-13 09:28:50,149 [ERROR] AppliInfo:139 - Unknown STM32CubeMX version: 6.16.0
2025-12-13 09:28:50,154 [ERROR] AppliInfo:139 - Unknown STM32CubeMX version: 6.16.0
2025-12-13 09:28:50,154 [ERROR] AppliInfo:139 - Unknown STM32CubeMX version: 6.16.0
2025-12-13 09:28:50,154 [ERROR] AppliInfo:139 - Unknown STM32CubeMX version: 6.16.0
2025-12-13 09:28:50,154 [ERROR] AppliInfo:139 - Unknown STM32CubeMX version: 6.16.0
2025-12-13 09:28:50,154 [ERROR] AppliInfo:139 - Unknown STM32CubeMX version: 6.16.0
2025-12-13 09:28:50,154 [ERROR] AppliInfo:139 - Unknown STM32CubeMX version: 6.16.0
2025-12-13 09:28:50,155 [ERROR] AppliInfo:139 - Unknown STM32CubeMX version: 6.16.0
2025-12-13 09:28:50,158 [ERROR] AppliInfo:139 - Unknown STM32CubeMX version: 6.16.0
2025-12-13 09:28:50,158 [ERROR] AppliInfo:139 - Unknown STM32CubeMX version: 6.16.0
2025-12-13 09:28:50,158 [ERROR] AppliInfo:139 - Unknown STM32CubeMX version: 6.16.0
2025-12-13 09:28:50,158 [ERROR] AppliInfo:139 - Unknown STM32CubeMX version: 6.16.0
2025-12-13 09:28:50,158 [ERROR] AppliInfo:139 - Unknown STM32CubeMX version: 6.16.0
2025-12-13 09:28:50,159 [ERROR] AppliInfo:139 - Unknown STM32CubeMX version: 6.16.0
2025-12-13 09:28:50,159 [ERROR] AppliInfo:139 - Unknown STM32CubeMX version: 6.16.0
2025-12-13 09:28:50,159 [ERROR] AppliInfo:139 - Unknown STM32CubeMX version: 6.16.0
2025-12-13 09:28:50,159 [ERROR] AppliInfo:139 - Unknown STM32CubeMX version: 6.16.0
2025-12-13 09:28:50,159 [ERROR] AppliInfo:139 - Unknown STM32CubeMX version: 6.16.0
2025-12-13 09:28:50,159 [ERROR] AppliInfo:139 - Unknown STM32CubeMX version: 6.16.0
2025-12-13 09:28:50,160 [ERROR] AppliInfo:139 - Unknown STM32CubeMX version: 6.16.0
2025-12-13 09:28:50,160 [ERROR] AppliInfo:139 - Unknown STM32CubeMX version: 6.16.0
2025-12-13 09:28:50,160 [ERROR] AppliInfo:139 - Unknown STM32CubeMX version: 6.16.0
2025-12-13 09:28:50,456 [ERROR] AppliInfo:139 - Unknown STM32CubeMX version: 6.16.0
2025-12-13 09:28:50,456 [ERROR] AppliInfo:139 - Unknown STM32CubeMX version: 6.16.0
2025-12-13 09:28:50,456 [ERROR] AppliInfo:139 - Unknown STM32CubeMX version: 6.16.0
2025-12-13 09:28:50,458 [ERROR] AppliInfo:139 - Unknown STM32CubeMX version: 6.16.0
2025-12-13 09:28:50,458 [ERROR] AppliInfo:139 - Unknown STM32CubeMX version: 6.16.0
2025-12-13 09:28:50,458 [ERROR] AppliInfo:139 - Unknown STM32CubeMX version: 6.16.0
2025-12-13 09:28:50,458 [ERROR] AppliInfo:139 - Unknown STM32CubeMX version: 6.16.0
2025-12-13 09:28:50,458 [ERROR] AppliInfo:139 - Unknown STM32CubeMX version: 6.16.0
2025-12-13 09:28:50,458 [ERROR] AppliInfo:139 - Unknown STM32CubeMX version: 6.16.0
2025-12-13 09:28:50,459 [ERROR] AppliInfo:139 - Unknown STM32CubeMX version: 6.16.0
2025-12-13 09:28:50,459 [ERROR] AppliInfo:139 - Unknown STM32CubeMX version: 6.16.0
2025-12-13 09:28:50,459 [ERROR] AppliInfo:139 - Unknown STM32CubeMX version: 6.16.0
2025-12-13 09:28:50,459 [ERROR] AppliInfo:139 - Unknown STM32CubeMX version: 6.16.0
2025-12-13 09:28:50,459 [ERROR] AppliInfo:139 - Unknown STM32CubeMX version: 6.16.0
2025-12-13 09:28:50,459 [ERROR] AppliInfo:139 - Unknown STM32CubeMX version: 6.16.0
2025-12-13 09:28:50,460 [ERROR] AppliInfo:139 - Unknown STM32CubeMX version: 6.16.0
2025-12-13 09:28:50,460 [ERROR] AppliInfo:139 - Unknown STM32CubeMX version: 6.16.0
2025-12-13 09:28:50,460 [ERROR] AppliInfo:139 - Unknown STM32CubeMX version: 6.16.0
2025-12-13 09:28:50,460 [ERROR] AppliInfo:139 - Unknown STM32CubeMX version: 6.16.0
2025-12-13 09:28:50,460 [ERROR] AppliInfo:139 - Unknown STM32CubeMX version: 6.16.0
2025-12-13 09:28:50,460 [ERROR] AppliInfo:139 - Unknown STM32CubeMX version: 6.16.0
2025-12-13 09:28:50,460 [ERROR] AppliInfo:139 - Unknown STM32CubeMX version: 6.16.0
2025-12-13 09:28:50,460 [ERROR] AppliInfo:139 - Unknown STM32CubeMX version: 6.16.0
2025-12-13 09:28:50,461 [ERROR] AppliInfo:139 - Unknown STM32CubeMX version: 6.16.0
2025-12-13 09:28:50,461 [ERROR] AppliInfo:139 - Unknown STM32CubeMX version: 6.16.0
2025-12-13 09:28:50,461 [ERROR] AppliInfo:139 - Unknown STM32CubeMX version: 6.16.0
2025-12-13 09:28:50,461 [ERROR] AppliInfo:139 - Unknown STM32CubeMX version: 6.16.0
2025-12-13 09:28:50,462 [ERROR] AppliInfo:139 - Unknown STM32CubeMX version: 6.16.0
2025-12-13 09:28:50,462 [ERROR] AppliInfo:139 - Unknown STM32CubeMX version: 6.16.0
2025-12-13 09:28:50,462 [ERROR] AppliInfo:139 - Unknown STM32CubeMX version: 6.16.0
2025-12-13 09:28:50,462 [ERROR] AppliInfo:139 - Unknown STM32CubeMX version: 6.16.0
2025-12-13 09:28:50,462 [ERROR] AppliInfo:139 - Unknown STM32CubeMX version: 6.16.0
2025-12-13 09:28:50,462 [ERROR] AppliInfo:139 - Unknown STM32CubeMX version: 6.16.0
2025-12-13 09:28:50,462 [ERROR] AppliInfo:139 - Unknown STM32CubeMX version: 6.16.0
2025-12-13 09:28:50,462 [ERROR] AppliInfo:139 - Unknown STM32CubeMX version: 6.16.0
2025-12-13 09:28:50,462 [ERROR] AppliInfo:139 - Unknown STM32CubeMX version: 6.16.0
2025-12-13 09:28:50,462 [ERROR] AppliInfo:139 - Unknown STM32CubeMX version: 6.16.0
2025-12-13 09:28:50,463 [ERROR] AppliInfo:139 - Unknown STM32CubeMX version: 6.16.0
2025-12-13 09:28:50,463 [ERROR] AppliInfo:139 - Unknown STM32CubeMX version: 6.16.0
2025-12-13 09:28:50,463 [ERROR] AppliInfo:139 - Unknown STM32CubeMX version: 6.16.0
2025-12-13 09:28:50,463 [ERROR] AppliInfo:139 - Unknown STM32CubeMX version: 6.16.0
2025-12-13 09:28:50,463 [ERROR] AppliInfo:139 - Unknown STM32CubeMX version: 6.16.0
2025-12-13 09:28:50,463 [ERROR] AppliInfo:139 - Unknown STM32CubeMX version: 6.16.0
2025-12-13 09:28:50,463 [ERROR] AppliInfo:139 - Unknown STM32CubeMX version: 6.16.0
2025-12-13 09:28:50,464 [ERROR] AppliInfo:139 - Unknown STM32CubeMX version: 6.16.0
2025-12-13 09:28:50,464 [ERROR] AppliInfo:139 - Unknown STM32CubeMX version: 6.16.0
2025-12-13 09:28:50,464 [ERROR] AppliInfo:139 - Unknown STM32CubeMX version: 6.16.0
2025-12-13 09:28:50,465 [ERROR] AppliInfo:139 - Unknown STM32CubeMX version: 6.16.0
2025-12-13 09:28:50,465 [ERROR] AppliInfo:139 - Unknown STM32CubeMX version: 6.16.0
2025-12-13 09:28:50,465 [ERROR] AppliInfo:139 - Unknown STM32CubeMX version: 6.16.0
2025-12-13 09:28:50,465 [ERROR] AppliInfo:139 - Unknown STM32CubeMX version: 6.16.0
2025-12-13 09:28:50,465 [ERROR] AppliInfo:139 - Unknown STM32CubeMX version: 6.16.0
2025-12-13 09:28:50,465 [ERROR] AppliInfo:139 - Unknown STM32CubeMX version: 6.16.0
2025-12-13 09:28:50,465 [ERROR] AppliInfo:139 - Unknown STM32CubeMX version: 6.16.0
2025-12-13 09:28:50,465 [ERROR] AppliInfo:139 - Unknown STM32CubeMX version: 6.16.0
2025-12-13 09:28:50,466 [ERROR] AppliInfo:139 - Unknown STM32CubeMX version: 6.16.0
2025-12-13 09:28:50,466 [ERROR] AppliInfo:139 - Unknown STM32CubeMX version: 6.16.0
2025-12-13 09:28:50,466 [ERROR] AppliInfo:139 - Unknown STM32CubeMX version: 6.16.0
2025-12-13 09:28:50,466 [ERROR] AppliInfo:139 - Unknown STM32CubeMX version: 6.16.0
2025-12-13 09:28:50,466 [ERROR] AppliInfo:139 - Unknown STM32CubeMX version: 6.16.0
2025-12-13 09:28:50,466 [ERROR] AppliInfo:139 - Unknown STM32CubeMX version: 6.16.0
2025-12-13 09:28:50,466 [ERROR] AppliInfo:139 - Unknown STM32CubeMX version: 6.16.0
2025-12-13 09:28:50,466 [ERROR] AppliInfo:139 - Unknown STM32CubeMX version: 6.16.0
2025-12-13 09:28:50,467 [ERROR] AppliInfo:139 - Unknown STM32CubeMX version: 6.16.0
2025-12-13 09:28:50,467 [ERROR] AppliInfo:139 - Unknown STM32CubeMX version: 6.16.0
2025-12-13 09:28:50,467 [ERROR] AppliInfo:139 - Unknown STM32CubeMX version: 6.16.0
2025-12-13 09:28:50,470 [ERROR] AppliInfo:139 - Unknown STM32CubeMX version: 6.16.0
2025-12-13 09:28:50,471 [ERROR] AppliInfo:139 - Unknown STM32CubeMX version: 6.16.0
2025-12-13 09:28:50,472 [ERROR] LogOutputStream:75 - [STDERR_REDIRECT] [Fatal Error] :1:1: Premature end of file.
2025-12-13 09:28:50,472 [ERROR] LogOutputStream:75 - [STDERR_REDIRECT] 
2025-12-13 09:28:50,478 [ERROR] AppliInfo:139 - Unknown STM32CubeMX version: 6.16.0
2025-12-13 09:28:50,478 [ERROR] AppliInfo:139 - Unknown STM32CubeMX version: 6.16.0
2025-12-13 09:28:50,478 [ERROR] AppliInfo:139 - Unknown STM32CubeMX version: 6.16.0
2025-12-13 09:28:50,478 [ERROR] AppliInfo:139 - Unknown STM32CubeMX version: 6.16.0
2025-12-13 09:28:50,479 [ERROR] AppliInfo:139 - Unknown STM32CubeMX version: 6.16.0
2025-12-13 09:28:50,479 [ERROR] AppliInfo:139 - Unknown STM32CubeMX version: 6.16.0
2025-12-13 09:28:50,479 [ERROR] AppliInfo:139 - Unknown STM32CubeMX version: 6.16.0
2025-12-13 09:28:50,479 [ERROR] AppliInfo:139 - Unknown STM32CubeMX version: 6.16.0
2025-12-13 09:28:50,479 [ERROR] AppliInfo:139 - Unknown STM32CubeMX version: 6.16.0
2025-12-13 09:28:50,479 [ERROR] AppliInfo:139 - Unknown STM32CubeMX version: 6.16.0
2025-12-13 09:28:50,479 [ERROR] AppliInfo:139 - Unknown STM32CubeMX version: 6.16.0
2025-12-13 09:28:50,479 [ERROR] AppliInfo:139 - Unknown STM32CubeMX version: 6.16.0
2025-12-13 09:28:50,479 [ERROR] AppliInfo:139 - Unknown STM32CubeMX version: 6.16.0
2025-12-13 09:28:50,480 [ERROR] AppliInfo:139 - Unknown STM32CubeMX version: 6.16.0
2025-12-13 09:28:50,480 [ERROR] AppliInfo:139 - Unknown STM32CubeMX version: 6.16.0
2025-12-13 09:28:50,480 [ERROR] AppliInfo:139 - Unknown STM32CubeMX version: 6.16.0
2025-12-13 09:28:50,480 [ERROR] AppliInfo:139 - Unknown STM32CubeMX version: 6.16.0
2025-12-13 09:28:50,480 [ERROR] AppliInfo:139 - Unknown STM32CubeMX version: 6.16.0
2025-12-13 09:28:50,480 [ERROR] AppliInfo:139 - Unknown STM32CubeMX version: 6.16.0
2025-12-13 09:28:50,480 [ERROR] AppliInfo:139 - Unknown STM32CubeMX version: 6.16.0
2025-12-13 09:28:50,480 [ERROR] AppliInfo:139 - Unknown STM32CubeMX version: 6.16.0
2025-12-13 09:28:50,480 [ERROR] AppliInfo:139 - Unknown STM32CubeMX version: 6.16.0
2025-12-13 09:28:50,480 [ERROR] AppliInfo:139 - Unknown STM32CubeMX version: 6.16.0
2025-12-13 09:28:50,481 [ERROR] AppliInfo:139 - Unknown STM32CubeMX version: 6.16.0
2025-12-13 09:28:50,481 [ERROR] AppliInfo:139 - Unknown STM32CubeMX version: 6.16.0
2025-12-13 09:28:50,481 [ERROR] AppliInfo:139 - Unknown STM32CubeMX version: 6.16.0
2025-12-13 09:28:50,481 [ERROR] AppliInfo:139 - Unknown STM32CubeMX version: 6.16.0
2025-12-13 09:28:50,481 [ERROR] AppliInfo:139 - Unknown STM32CubeMX version: 6.16.0
2025-12-13 09:28:50,481 [ERROR] AppliInfo:139 - Unknown STM32CubeMX version: 6.16.0
2025-12-13 09:28:50,481 [ERROR] AppliInfo:139 - Unknown STM32CubeMX version: 6.16.0
2025-12-13 09:28:50,481 [ERROR] AppliInfo:139 - Unknown STM32CubeMX version: 6.16.0
2025-12-13 09:28:50,481 [ERROR] AppliInfo:139 - Unknown STM32CubeMX version: 6.16.0
2025-12-13 09:28:50,482 [ERROR] AppliInfo:139 - Unknown STM32CubeMX version: 6.16.0
2025-12-13 09:28:50,482 [ERROR] AppliInfo:139 - Unknown STM32CubeMX version: 6.16.0
2025-12-13 09:28:50,482 [ERROR] AppliInfo:139 - Unknown STM32CubeMX version: 6.16.0
2025-12-13 09:28:50,482 [ERROR] AppliInfo:139 - Unknown STM32CubeMX version: 6.16.0
2025-12-13 09:28:50,482 [ERROR] AppliInfo:139 - Unknown STM32CubeMX version: 6.16.0
2025-12-13 09:28:50,483 [ERROR] AppliInfo:139 - Unknown STM32CubeMX version: 6.16.0
2025-12-13 09:28:50,483 [ERROR] AppliInfo:139 - Unknown STM32CubeMX version: 6.16.0
2025-12-13 09:28:50,483 [ERROR] AppliInfo:139 - Unknown STM32CubeMX version: 6.16.0
2025-12-13 09:28:50,483 [ERROR] AppliInfo:139 - Unknown STM32CubeMX version: 6.16.0
2025-12-13 09:28:50,483 [ERROR] AppliInfo:139 - Unknown STM32CubeMX version: 6.16.0
2025-12-13 09:28:50,483 [ERROR] AppliInfo:139 - Unknown STM32CubeMX version: 6.16.0
2025-12-13 09:28:50,483 [ERROR] AppliInfo:139 - Unknown STM32CubeMX version: 6.16.0
2025-12-13 09:28:50,483 [ERROR] AppliInfo:139 - Unknown STM32CubeMX version: 6.16.0
2025-12-13 09:28:50,483 [ERROR] AppliInfo:139 - Unknown STM32CubeMX version: 6.16.0
2025-12-13 09:28:50,484 [ERROR] AppliInfo:139 - Unknown STM32CubeMX version: 6.16.0
2025-12-13 09:28:50,484 [ERROR] AppliInfo:139 - Unknown STM32CubeMX version: 6.16.0
2025-12-13 09:28:50,484 [ERROR] AppliInfo:139 - Unknown STM32CubeMX version: 6.16.0
2025-12-13 09:28:50,484 [ERROR] AppliInfo:139 - Unknown STM32CubeMX version: 6.16.0
2025-12-13 09:28:50,484 [ERROR] AppliInfo:139 - Unknown STM32CubeMX version: 6.16.0
2025-12-13 09:28:50,484 [ERROR] AppliInfo:139 - Unknown STM32CubeMX version: 6.16.0
2025-12-13 09:28:50,484 [ERROR] AppliInfo:139 - Unknown STM32CubeMX version: 6.16.0
2025-12-13 09:28:50,484 [ERROR] AppliInfo:139 - Unknown STM32CubeMX version: 6.16.0
2025-12-13 09:28:50,485 [ERROR] AppliInfo:139 - Unknown STM32CubeMX version: 6.16.0
2025-12-13 09:28:50,485 [ERROR] AppliInfo:139 - Unknown STM32CubeMX version: 6.16.0
2025-12-13 09:28:50,485 [ERROR] AppliInfo:139 - Unknown STM32CubeMX version: 6.16.0
2025-12-13 09:28:50,485 [ERROR] AppliInfo:139 - Unknown STM32CubeMX version: 6.16.0
2025-12-13 09:28:50,485 [ERROR] AppliInfo:139 - Unknown STM32CubeMX version: 6.16.0
2025-12-13 09:28:50,485 [ERROR] AppliInfo:139 - Unknown STM32CubeMX version: 6.16.0
2025-12-13 09:28:50,485 [ERROR] AppliInfo:139 - Unknown STM32CubeMX version: 6.16.0
2025-12-13 09:28:50,485 [ERROR] AppliInfo:139 - Unknown STM32CubeMX version: 6.16.0
2025-12-13 09:28:50,486 [ERROR] AppliInfo:139 - Unknown STM32CubeMX version: 6.16.0
2025-12-13 09:28:50,486 [ERROR] AppliInfo:139 - Unknown STM32CubeMX version: 6.16.0
2025-12-13 09:28:50,486 [ERROR] AppliInfo:139 - Unknown STM32CubeMX version: 6.16.0
2025-12-13 09:28:50,486 [ERROR] AppliInfo:139 - Unknown STM32CubeMX version: 6.16.0
2025-12-13 09:28:50,486 [ERROR] AppliInfo:139 - Unknown STM32CubeMX version: 6.16.0
2025-12-13 09:28:50,486 [ERROR] AppliInfo:139 - Unknown STM32CubeMX version: 6.16.0
2025-12-13 09:28:50,487 [ERROR] AppliInfo:139 - Unknown STM32CubeMX version: 6.16.0
2025-12-13 09:28:50,487 [ERROR] AppliInfo:139 - Unknown STM32CubeMX version: 6.16.0
2025-12-13 09:28:50,487 [ERROR] AppliInfo:139 - Unknown STM32CubeMX version: 6.16.0
2025-12-13 09:28:50,487 [ERROR] AppliInfo:139 - Unknown STM32CubeMX version: 6.16.0
2025-12-13 09:28:50,487 [ERROR] AppliInfo:139 - Unknown STM32CubeMX version: 6.16.0
2025-12-13 09:28:50,487 [ERROR] AppliInfo:139 - Unknown STM32CubeMX version: 6.16.0
2025-12-13 09:28:50,487 [ERROR] AppliInfo:139 - Unknown STM32CubeMX version: 6.16.0
2025-12-13 09:28:50,487 [ERROR] AppliInfo:139 - Unknown STM32CubeMX version: 6.16.0
2025-12-13 09:28:50,487 [ERROR] AppliInfo:139 - Unknown STM32CubeMX version: 6.16.0
2025-12-13 09:28:50,487 [ERROR] AppliInfo:139 - Unknown STM32CubeMX version: 6.16.0
2025-12-13 09:28:50,488 [ERROR] AppliInfo:139 - Unknown STM32CubeMX version: 6.16.0
2025-12-13 09:28:50,488 [ERROR] AppliInfo:139 - Unknown STM32CubeMX version: 6.16.0
2025-12-13 09:28:50,488 [ERROR] AppliInfo:139 - Unknown STM32CubeMX version: 6.16.0
2025-12-13 09:28:50,488 [ERROR] AppliInfo:139 - Unknown STM32CubeMX version: 6.16.0
2025-12-13 09:28:50,774 [ERROR] AppliInfo:139 - Unknown STM32CubeMX version: 6.16.0
2025-12-13 09:28:50,774 [ERROR] AppliInfo:139 - Unknown STM32CubeMX version: 6.16.0
2025-12-13 09:28:50,775 [ERROR] AppliInfo:139 - Unknown STM32CubeMX version: 6.16.0
2025-12-13 09:28:50,775 [ERROR] AppliInfo:139 - Unknown STM32CubeMX version: 6.16.0
2025-12-13 09:28:50,775 [ERROR] AppliInfo:139 - Unknown STM32CubeMX version: 6.16.0
2025-12-13 09:28:50,775 [ERROR] AppliInfo:139 - Unknown STM32CubeMX version: 6.16.0
2025-12-13 09:28:50,775 [ERROR] AppliInfo:139 - Unknown STM32CubeMX version: 6.16.0
2025-12-13 09:28:50,775 [ERROR] AppliInfo:139 - Unknown STM32CubeMX version: 6.16.0
2025-12-13 09:28:50,775 [ERROR] AppliInfo:139 - Unknown STM32CubeMX version: 6.16.0
2025-12-13 09:28:50,775 [ERROR] AppliInfo:139 - Unknown STM32CubeMX version: 6.16.0
2025-12-13 09:28:50,775 [ERROR] AppliInfo:139 - Unknown STM32CubeMX version: 6.16.0
2025-12-13 09:28:50,775 [ERROR] AppliInfo:139 - Unknown STM32CubeMX version: 6.16.0
2025-12-13 09:28:50,776 [ERROR] AppliInfo:139 - Unknown STM32CubeMX version: 6.16.0
2025-12-13 09:28:50,776 [ERROR] AppliInfo:139 - Unknown STM32CubeMX version: 6.16.0
2025-12-13 09:28:50,776 [ERROR] AppliInfo:139 - Unknown STM32CubeMX version: 6.16.0
2025-12-13 09:28:50,777 [ERROR] AppliInfo:139 - Unknown STM32CubeMX version: 6.16.0
2025-12-13 09:28:50,777 [ERROR] AppliInfo:139 - Unknown STM32CubeMX version: 6.16.0
2025-12-13 09:28:50,777 [ERROR] AppliInfo:139 - Unknown STM32CubeMX version: 6.16.0
2025-12-13 09:28:50,777 [ERROR] AppliInfo:139 - Unknown STM32CubeMX version: 6.16.0
2025-12-13 09:28:50,777 [ERROR] AppliInfo:139 - Unknown STM32CubeMX version: 6.16.0
2025-12-13 09:28:50,778 [ERROR] AppliInfo:139 - Unknown STM32CubeMX version: 6.16.0
2025-12-13 09:28:50,778 [ERROR] AppliInfo:139 - Unknown STM32CubeMX version: 6.16.0
2025-12-13 09:28:50,778 [ERROR] AppliInfo:139 - Unknown STM32CubeMX version: 6.16.0
2025-12-13 09:28:50,778 [ERROR] AppliInfo:139 - Unknown STM32CubeMX version: 6.16.0
2025-12-13 09:28:50,778 [ERROR] AppliInfo:139 - Unknown STM32CubeMX version: 6.16.0
2025-12-13 09:28:50,778 [ERROR] AppliInfo:139 - Unknown STM32CubeMX version: 6.16.0
2025-12-13 09:28:50,778 [ERROR] AppliInfo:139 - Unknown STM32CubeMX version: 6.16.0
2025-12-13 09:28:50,779 [ERROR] AppliInfo:139 - Unknown STM32CubeMX version: 6.16.0
2025-12-13 09:28:50,779 [ERROR] AppliInfo:139 - Unknown STM32CubeMX version: 6.16.0
2025-12-13 09:28:50,779 [ERROR] AppliInfo:139 - Unknown STM32CubeMX version: 6.16.0
2025-12-13 09:28:50,779 [ERROR] AppliInfo:139 - Unknown STM32CubeMX version: 6.16.0
2025-12-13 09:28:50,779 [ERROR] AppliInfo:139 - Unknown STM32CubeMX version: 6.16.0
2025-12-13 09:28:50,779 [ERROR] AppliInfo:139 - Unknown STM32CubeMX version: 6.16.0
2025-12-13 09:28:50,779 [ERROR] AppliInfo:139 - Unknown STM32CubeMX version: 6.16.0
2025-12-13 09:28:50,779 [ERROR] AppliInfo:139 - Unknown STM32CubeMX version: 6.16.0
2025-12-13 09:28:50,779 [ERROR] AppliInfo:139 - Unknown STM32CubeMX version: 6.16.0
2025-12-13 09:28:50,780 [ERROR] AppliInfo:139 - Unknown STM32CubeMX version: 6.16.0
2025-12-13 09:28:50,780 [ERROR] AppliInfo:139 - Unknown STM32CubeMX version: 6.16.0
2025-12-13 09:28:50,780 [ERROR] AppliInfo:139 - Unknown STM32CubeMX version: 6.16.0
2025-12-13 09:28:50,795 [ERROR] AppliInfo:139 - Unknown STM32CubeMX version: 6.16.0
2025-12-13 09:28:50,795 [ERROR] AppliInfo:139 - Unknown STM32CubeMX version: 6.16.0
2025-12-13 09:28:50,795 [ERROR] AppliInfo:139 - Unknown STM32CubeMX version: 6.16.0
2025-12-13 09:28:50,795 [ERROR] AppliInfo:139 - Unknown STM32CubeMX version: 6.16.0
2025-12-13 09:28:50,796 [ERROR] AppliInfo:139 - Unknown STM32CubeMX version: 6.16.0
2025-12-13 09:28:50,796 [ERROR] AppliInfo:139 - Unknown STM32CubeMX version: 6.16.0
2025-12-13 09:28:50,796 [ERROR] AppliInfo:139 - Unknown STM32CubeMX version: 6.16.0
2025-12-13 09:28:50,796 [ERROR] AppliInfo:139 - Unknown STM32CubeMX version: 6.16.0
2025-12-13 09:28:50,796 [ERROR] AppliInfo:139 - Unknown STM32CubeMX version: 6.16.0
2025-12-13 09:28:50,796 [ERROR] AppliInfo:139 - Unknown STM32CubeMX version: 6.16.0
2025-12-13 09:28:50,796 [ERROR] AppliInfo:139 - Unknown STM32CubeMX version: 6.16.0
2025-12-13 09:28:50,796 [ERROR] AppliInfo:139 - Unknown STM32CubeMX version: 6.16.0
2025-12-13 09:28:50,796 [ERROR] AppliInfo:139 - Unknown STM32CubeMX version: 6.16.0
2025-12-13 09:28:50,796 [ERROR] AppliInfo:139 - Unknown STM32CubeMX version: 6.16.0
2025-12-13 09:28:50,797 [ERROR] AppliInfo:139 - Unknown STM32CubeMX version: 6.16.0
2025-12-13 09:28:50,797 [ERROR] AppliInfo:139 - Unknown STM32CubeMX version: 6.16.0
2025-12-13 09:28:50,797 [ERROR] AppliInfo:139 - Unknown STM32CubeMX version: 6.16.0
2025-12-13 09:28:50,797 [ERROR] AppliInfo:139 - Unknown STM32CubeMX version: 6.16.0
2025-12-13 09:28:50,797 [ERROR] AppliInfo:139 - Unknown STM32CubeMX version: 6.16.0
2025-12-13 09:28:51,100 [ERROR] AppliInfo:139 - Unknown STM32CubeMX version: 6.16.0
2025-12-13 09:28:51,101 [ERROR] AppliInfo:139 - Unknown STM32CubeMX version: 6.16.0
2025-12-13 09:28:51,101 [ERROR] AppliInfo:139 - Unknown STM32CubeMX version: 6.16.0
2025-12-13 09:28:51,101 [ERROR] AppliInfo:139 - Unknown STM32CubeMX version: 6.16.0
2025-12-13 09:28:51,101 [ERROR] AppliInfo:139 - Unknown STM32CubeMX version: 6.16.0
2025-12-13 09:28:51,101 [ERROR] AppliInfo:139 - Unknown STM32CubeMX version: 6.16.0
2025-12-13 09:28:51,101 [ERROR] AppliInfo:139 - Unknown STM32CubeMX version: 6.16.0
2025-12-13 09:28:51,101 [ERROR] AppliInfo:139 - Unknown STM32CubeMX version: 6.16.0
2025-12-13 09:28:51,101 [ERROR] AppliInfo:139 - Unknown STM32CubeMX version: 6.16.0
2025-12-13 09:28:51,102 [ERROR] AppliInfo:139 - Unknown STM32CubeMX version: 6.16.0
2025-12-13 09:28:51,102 [ERROR] AppliInfo:139 - Unknown STM32CubeMX version: 6.16.0
2025-12-13 09:28:51,102 [ERROR] AppliInfo:139 - Unknown STM32CubeMX version: 6.16.0
2025-12-13 09:28:51,102 [ERROR] AppliInfo:139 - Unknown STM32CubeMX version: 6.16.0
2025-12-13 09:28:51,108 [ERROR] AppliInfo:139 - Unknown STM32CubeMX version: 6.16.0
2025-12-13 09:28:51,109 [ERROR] AppliInfo:139 - Unknown STM32CubeMX version: 6.16.0
2025-12-13 09:28:51,109 [ERROR] AppliInfo:139 - Unknown STM32CubeMX version: 6.16.0
2025-12-13 09:28:51,403 [ERROR] AppliInfo:139 - Unknown STM32CubeMX version: 6.16.0
2025-12-13 09:28:51,403 [ERROR] AppliInfo:139 - Unknown STM32CubeMX version: 6.16.0
2025-12-13 09:28:51,403 [ERROR] AppliInfo:139 - Unknown STM32CubeMX version: 6.16.0
2025-12-13 09:28:51,403 [ERROR] AppliInfo:139 - Unknown STM32CubeMX version: 6.16.0
2025-12-13 09:28:51,403 [ERROR] AppliInfo:139 - Unknown STM32CubeMX version: 6.16.0
2025-12-13 09:28:51,403 [ERROR] AppliInfo:139 - Unknown STM32CubeMX version: 6.16.0
2025-12-13 09:28:51,404 [ERROR] AppliInfo:139 - Unknown STM32CubeMX version: 6.16.0
2025-12-13 09:28:51,404 [ERROR] AppliInfo:139 - Unknown STM32CubeMX version: 6.16.0
2025-12-13 09:28:51,404 [ERROR] AppliInfo:139 - Unknown STM32CubeMX version: 6.16.0
2025-12-13 09:28:51,404 [ERROR] AppliInfo:139 - Unknown STM32CubeMX version: 6.16.0
2025-12-13 09:28:51,404 [ERROR] AppliInfo:139 - Unknown STM32CubeMX version: 6.16.0
2025-12-13 09:28:51,405 [ERROR] AppliInfo:139 - Unknown STM32CubeMX version: 6.16.0
2025-12-13 09:28:51,405 [ERROR] AppliInfo:139 - Unknown STM32CubeMX version: 6.16.0
2025-12-13 09:28:51,405 [ERROR] AppliInfo:139 - Unknown STM32CubeMX version: 6.16.0
2025-12-13 09:28:51,405 [ERROR] AppliInfo:139 - Unknown STM32CubeMX version: 6.16.0
2025-12-13 09:28:51,405 [ERROR] AppliInfo:139 - Unknown STM32CubeMX version: 6.16.0
2025-12-13 09:28:51,405 [ERROR] AppliInfo:139 - Unknown STM32CubeMX version: 6.16.0
2025-12-13 09:28:51,405 [ERROR] AppliInfo:139 - Unknown STM32CubeMX version: 6.16.0
2025-12-13 09:28:51,405 [ERROR] AppliInfo:139 - Unknown STM32CubeMX version: 6.16.0
2025-12-13 09:28:51,406 [ERROR] AppliInfo:139 - Unknown STM32CubeMX version: 6.16.0
2025-12-13 09:28:51,406 [ERROR] AppliInfo:139 - Unknown STM32CubeMX version: 6.16.0
2025-12-13 09:28:51,406 [ERROR] AppliInfo:139 - Unknown STM32CubeMX version: 6.16.0
2025-12-13 09:28:51,406 [ERROR] AppliInfo:139 - Unknown STM32CubeMX version: 6.16.0
2025-12-13 09:28:51,407 [ERROR] AppliInfo:139 - Unknown STM32CubeMX version: 6.16.0
2025-12-13 09:28:51,407 [ERROR] AppliInfo:139 - Unknown STM32CubeMX version: 6.16.0
2025-12-13 09:28:51,407 [ERROR] AppliInfo:139 - Unknown STM32CubeMX version: 6.16.0
2025-12-13 09:28:51,407 [ERROR] AppliInfo:139 - Unknown STM32CubeMX version: 6.16.0
2025-12-13 09:28:51,407 [ERROR] AppliInfo:139 - Unknown STM32CubeMX version: 6.16.0
2025-12-13 09:28:51,407 [ERROR] AppliInfo:139 - Unknown STM32CubeMX version: 6.16.0
2025-12-13 09:28:51,407 [ERROR] AppliInfo:139 - Unknown STM32CubeMX version: 6.16.0
2025-12-13 09:28:51,407 [ERROR] AppliInfo:139 - Unknown STM32CubeMX version: 6.16.0
2025-12-13 09:28:51,407 [ERROR] AppliInfo:139 - Unknown STM32CubeMX version: 6.16.0
2025-12-13 09:28:51,408 [ERROR] AppliInfo:139 - Unknown STM32CubeMX version: 6.16.0
2025-12-13 09:28:51,408 [ERROR] AppliInfo:139 - Unknown STM32CubeMX version: 6.16.0
2025-12-13 09:28:51,408 [ERROR] AppliInfo:139 - Unknown STM32CubeMX version: 6.16.0
2025-12-13 09:28:51,408 [ERROR] AppliInfo:139 - Unknown STM32CubeMX version: 6.16.0
2025-12-13 09:28:51,408 [ERROR] AppliInfo:139 - Unknown STM32CubeMX version: 6.16.0
2025-12-13 09:28:51,408 [ERROR] AppliInfo:139 - Unknown STM32CubeMX version: 6.16.0
2025-12-13 09:28:51,408 [ERROR] AppliInfo:139 - Unknown STM32CubeMX version: 6.16.0
2025-12-13 09:28:51,408 [ERROR] AppliInfo:139 - Unknown STM32CubeMX version: 6.16.0
2025-12-13 09:28:51,409 [ERROR] AppliInfo:139 - Unknown STM32CubeMX version: 6.16.0
2025-12-13 09:28:51,409 [ERROR] AppliInfo:139 - Unknown STM32CubeMX version: 6.16.0
2025-12-13 09:28:51,409 [ERROR] AppliInfo:139 - Unknown STM32CubeMX version: 6.16.0
2025-12-13 09:28:51,409 [ERROR] AppliInfo:139 - Unknown STM32CubeMX version: 6.16.0
2025-12-13 09:28:51,409 [ERROR] AppliInfo:139 - Unknown STM32CubeMX version: 6.16.0
2025-12-13 09:28:51,409 [ERROR] AppliInfo:139 - Unknown STM32CubeMX version: 6.16.0
2025-12-13 09:28:51,409 [ERROR] AppliInfo:139 - Unknown STM32CubeMX version: 6.16.0
2025-12-13 09:28:51,409 [ERROR] AppliInfo:139 - Unknown STM32CubeMX version: 6.16.0
2025-12-13 09:28:51,409 [ERROR] AppliInfo:139 - Unknown STM32CubeMX version: 6.16.0
2025-12-13 09:28:51,410 [ERROR] AppliInfo:139 - Unknown STM32CubeMX version: 6.16.0
2025-12-13 09:28:51,410 [ERROR] AppliInfo:139 - Unknown STM32CubeMX version: 6.16.0
2025-12-13 09:28:51,410 [ERROR] AppliInfo:139 - Unknown STM32CubeMX version: 6.16.0
2025-12-13 09:28:51,410 [ERROR] AppliInfo:139 - Unknown STM32CubeMX version: 6.16.0
2025-12-13 09:28:51,410 [ERROR] AppliInfo:139 - Unknown STM32CubeMX version: 6.16.0
2025-12-13 09:28:51,410 [ERROR] AppliInfo:139 - Unknown STM32CubeMX version: 6.16.0
2025-12-13 09:28:51,410 [ERROR] AppliInfo:139 - Unknown STM32CubeMX version: 6.16.0
2025-12-13 09:28:51,410 [ERROR] AppliInfo:139 - Unknown STM32CubeMX version: 6.16.0
2025-12-13 09:28:51,410 [ERROR] AppliInfo:139 - Unknown STM32CubeMX version: 6.16.0
2025-12-13 09:28:51,411 [ERROR] AppliInfo:139 - Unknown STM32CubeMX version: 6.16.0
2025-12-13 09:28:51,411 [ERROR] AppliInfo:139 - Unknown STM32CubeMX version: 6.16.0
2025-12-13 09:28:51,415 [ERROR] LogOutputStream:75 - [STDERR_REDIRECT] [Fatal Error] :1:1: Premature end of file.
2025-12-13 09:28:51,415 [ERROR] LogOutputStream:75 - [STDERR_REDIRECT] 
2025-12-13 09:28:52,350 [ERROR] LogOutputStream:75 - [STDERR_REDIRECT] [Fatal Error] :1:1: Premature end of file.
2025-12-13 09:28:52,352 [ERROR] LogOutputStream:75 - [STDERR_REDIRECT] 
2025-12-13 09:28:53,318 [ERROR] LogOutputStream:75 - [STDERR_REDIRECT] [Fatal Error] :1:1: Premature end of file.
2025-12-13 09:28:53,318 [ERROR] LogOutputStream:75 - [STDERR_REDIRECT] 
2025-12-13 09:28:54,314 [ERROR] LogOutputStream:75 - [STDERR_REDIRECT] [Fatal Error] :1:1: Premature end of file.
2025-12-13 09:28:54,314 [ERROR] LogOutputStream:75 - [STDERR_REDIRECT] 
2025-12-13 09:28:55,294 [ERROR] LogOutputStream:75 - [STDERR_REDIRECT] [Fatal Error] :1:1: Premature end of file.
2025-12-13 09:28:55,294 [ERROR] LogOutputStream:75 - [STDERR_REDIRECT] 
2025-12-13 09:28:56,866 [ERROR] LogOutputStream:75 - [STDERR_REDIRECT] [Fatal Error] :1:1: Premature end of file.
2025-12-13 09:28:56,866 [ERROR] LogOutputStream:75 - [STDERR_REDIRECT] 
2025-12-13 09:28:57,780 [ERROR] LogOutputStream:75 - [STDERR_REDIRECT] [Fatal Error] :1:1: Premature end of file.
2025-12-13 09:28:57,780 [ERROR] LogOutputStream:75 - [STDERR_REDIRECT] 
2025-12-13 09:28:58,095 [ERROR] AppliInfo:139 - Unknown STM32CubeMX version: 6.16.0
2025-12-13 09:28:58,095 [ERROR] AppliInfo:139 - Unknown STM32CubeMX version: 6.16.0
2025-12-13 09:28:58,095 [ERROR] AppliInfo:139 - Unknown STM32CubeMX version: 6.16.0
2025-12-13 09:28:58,095 [ERROR] AppliInfo:139 - Unknown STM32CubeMX version: 6.16.0
2025-12-13 09:28:58,095 [ERROR] AppliInfo:139 - Unknown STM32CubeMX version: 6.16.0
2025-12-13 09:28:58,712 [ERROR] AppliInfo:139 - Unknown STM32CubeMX version: 6.16.0
2025-12-13 09:28:58,712 [ERROR] LogOutputStream:75 - [STDERR_REDIRECT] [Fatal Error] :1:1: Premature end of file.
2025-12-13 09:28:58,712 [ERROR] AppliInfo:139 - Unknown STM32CubeMX version: 6.16.0
2025-12-13 09:28:58,712 [ERROR] LogOutputStream:75 - [STDERR_REDIRECT] 
2025-12-13 09:28:58,712 [ERROR] AppliInfo:139 - Unknown STM32CubeMX version: 6.16.0
2025-12-13 09:28:59,628 [ERROR] LogOutputStream:75 - [STDERR_REDIRECT] [Fatal Error] :1:1: Premature end of file.
2025-12-13 09:28:59,628 [ERROR] LogOutputStream:75 - [STDERR_REDIRECT] 
2025-12-13 09:29:01,137 [ERROR] LogOutputStream:75 - [STDERR_REDIRECT] [Fatal Error] :1:1: Premature end of file.
2025-12-13 09:29:01,137 [ERROR] LogOutputStream:75 - [STDERR_REDIRECT] 
2025-12-13 09:29:02,073 [ERROR] LogOutputStream:75 - [STDERR_REDIRECT] [Fatal Error] :1:1: Premature end of file.
2025-12-13 09:29:02,073 [ERROR] LogOutputStream:75 - [STDERR_REDIRECT] 
2025-12-13 09:29:03,118 [ERROR] LogOutputStream:75 - [STDERR_REDIRECT] [Fatal Error] :1:1: Premature end of file.
2025-12-13 09:29:03,118 [ERROR] LogOutputStream:75 - [STDERR_REDIRECT] 
2025-12-13 09:29:03,728 [ERROR] LogOutputStream:75 - [STDERR_REDIRECT] [Fatal Error] :1:1: Premature end of file.
2025-12-13 09:29:03,728 [ERROR] LogOutputStream:75 - [STDERR_REDIRECT] 
2025-12-13 09:29:04,641 [ERROR] LogOutputStream:75 - [STDERR_REDIRECT] [Fatal Error] :1:1: Premature end of file.
2025-12-13 09:29:04,641 [ERROR] LogOutputStream:75 - [STDERR_REDIRECT] 
2025-12-13 09:29:06,145 [ERROR] LogOutputStream:75 - [STDERR_REDIRECT] [Fatal Error] :1:1: Premature end of file.
2025-12-13 09:29:06,147 [ERROR] LogOutputStream:75 - [STDERR_REDIRECT] 
2025-12-13 09:29:20,948 [ERROR] LogOutputStream:75 - [STDERR_REDIRECT] Exception in thread "Chromium Process Logger" Exception in thread "AWT-EventQueue-0" Exception in thread "Serial Ports Filter" java.lang.OutOfMemoryError: Java heap space: failed reallocation of scalar replaced objects
2025-12-13 09:29:20,949 [ERROR] LogOutputStream:75 - [STDERR_REDIRECT] java.lang.OutOfMemoryError: Java heap space
2025-12-13 09:29:20,950 [ERROR] LogOutputStream:75 - [STDERR_REDIRECT] java.lang.OutOfMemoryError: Java heap space
2025-12-13 09:29:21,950 [ERROR] LogOutputStream:75 - [STDERR_REDIRECT] 	at java.base/java.util.HashMap.newNode(HashMap.java:1909)
2025-12-13 09:29:21,951 [ERROR] LogOutputStream:75 - [STDERR_REDIRECT] 	at java.base/java.util.HashMap.putVal(HashMap.java:637)
2025-12-13 09:29:21,951 [ERROR] LogOutputStream:75 - [STDERR_REDIRECT] 	at java.base/java.util.HashMap.putMapEntries(HashMap.java:522)
2025-12-13 09:29:21,952 [ERROR] LogOutputStream:75 - [STDERR_REDIRECT] 	at java.base/java.util.HashMap.<init>(HashMap.java:492)
2025-12-13 09:29:24,004 [ERROR] LogOutputStream:75 - [STDERR_REDIRECT] 	at java.base/java.util.PropertyResourceBundle.<init>(PropertyResourceBundle.java:193)
2025-12-13 09:29:24,005 [ERROR] LogOutputStream:75 - [STDERR_REDIRECT] 	at java.base/java.util.PropertyResourceBundle.<init>(PropertyResourceBundle.java:169)
2025-12-13 09:29:24,006 [ERROR] LogOutputStream:75 - [STDERR_REDIRECT] 	at java.base/java.util.ResourceBundle$ResourceBundleProviderHelper.loadPropertyResourceBundle(ResourceBundle.java:3730)
2025-12-13 09:29:24,006 [ERROR] LogOutputStream:75 - [STDERR_REDIRECT] 	at java.base/java.util.ResourceBundle.loadBundle(ResourceBundle.java:1853)
2025-12-13 09:29:24,007 [ERROR] LogOutputStream:75 - [STDERR_REDIRECT] 	at java.base/java.util.ResourceBundle.findBundle(ResourceBundle.java:1782)
2025-12-13 09:29:24,008 [ERROR] LogOutputStream:75 - [STDERR_REDIRECT] 	at java.base/java.util.ResourceBundle.findBundle(ResourceBundle.java:1736)
2025-12-13 09:29:24,009 [ERROR] LogOutputStream:75 - [STDERR_REDIRECT] 	at java.base/java.util.ResourceBundle.findBundle(ResourceBundle.java:1736)
2025-12-13 09:29:49,536 [ERROR] LogOutputStream:75 - [STDERR_REDIRECT] 	at java.base/jException in thread "AWT-EventQueue-0" Error while logging event loop exception:
2025-12-13 09:29:49,537 [ERROR] LogOutputStream:75 - [STDERR_REDIRECT] java.lang.OutOfMemoryError: Java heap space
2025-12-13 09:29:49,538 [ERROR] LogOutputStream:75 - [STDERR_REDIRECT] 	at java.base/java.lang.Long.valueOf(Long.java:1206)
2025-12-13 09:29:49,539 [ERROR] LogOutputStream:75 - [STDERR_REDIRECT] 	at org.eclipse.swt.widgets.Display.getControl(Display.java:1658)
2025-12-13 09:29:49,540 [ERROR] LogOutputStream:75 - [STDERR_REDIRECT] 	at org.eclipse.swt.widgets.Control.hasFocus(Control.java:1699)
2025-12-13 09:29:49,541 [ERROR] LogOutputStream:75 - [STDERR_REDIRECT] 	at org.eclipse.swt.widgets.Control.isFocusControl(Control.java:1864)
2025-12-13 09:29:49,542 [ERROR] LogOutputStream:75 - [STDERR_REDIRECT] 	at org.eclipse.swt.ole.win32.OleFrame.lambda$1(OleFrame.java:151)
2025-12-13 09:29:50,243 [ERROR] LogOutputStream:75 - [STDERR_REDIRECT] 	at org.eclipse.swt.ole.win32.OleFrame$$Lambda/0x00000001008d5670.run(Unknown Source)
2025-12-13 09:29:50,244 [ERROR] LogOutputStream:75 - [STDERR_REDIRECT] 	at org.eclipse.swt.widgets.Display.runTimer(Display.java:4222)
2025-12-13 09:29:50,245 [ERROR] LogOutputStream:75 - [STDERR_REDIRECT] 	at org.eclipse.swt.widgets.Display.messageProc(Display.java:3343)
2025-12-13 09:29:50,247 [ERROR] LogOutputStream:75 - [STDERR_REDIRECT] 	at org.eclipse.swt.internal.win32.OS.DispatchMessage(Native Method)
2025-12-13 09:29:50,249 [ERROR] LogOutputStream:75 - [STDERR_REDIRECT] 	at org.eclipse.swt.widgets.Display.readAndDispatch(Display.java:3710)
2025-12-13 09:29:50,250 [ERROR] LogOutputStream:75 - [STDERR_REDIRECT] 	at org.eclipse.jface.window.Window.runEventLoop(Window.java:823)
2025-12-13 09:29:50,251 [ERROR] LogOutputStream:75 - [STDERR_REDIRECT] 	at org.eclipse.jface.window.Window.open(Window.java:799)
2025-12-13 09:29:50,552 [ERROR] LogOutputStream:75 - [STDERR_REDIRECT] 	at com.st.stm32cube.ide.mcu.informationcenter.WelcomePageAction.run(WelcomePageAction.java:54)
2025-12-13 09:29:50,553 [ERROR] LogOutputStream:75 - [STDERR_REDIRECT] 	at org.eclipse.ui.internal.intro.impl.model.url.IntroURL.runAction(IntroURL.java:272)
2025-12-13 09:29:50,554 [ERROR] LogOutputStream:75 - [STDERR_REDIRECT] 	at org.eclipse.ui.internal.intro.impl.model.url.IntroURL.doExecute(IntroURL.java:187)
2025-12-13 09:29:50,555 [ERROR] LogOutputStream:75 - [STDERR_REDIRECT] 	at org.eclipse.ui.internal.intro.impl.model.url.IntroURL.lambda$0(IntroURL.java:142)
2025-12-13 09:29:50,556 [ERROR] LogOutputStream:75 - [STDERR_REDIRECT] 	at org.eclipse.ui.internal.intro.impl.model.url.IntroURL$$Lambda/0x00000001008e1128.run(Unknown Source)
2025-12-13 09:29:50,857 [ERROR] LogOutputStream:75 - [STDERR_REDIRECT] 	at org.eclipse.swt.custom.BusyIndicator.showWhile(BusyIndicator.java:67)
2025-12-13 09:29:50,859 [ERROR] LogOutputStream:75 - [STDERR_REDIRECT] 	at org.eclipse.ui.internal.intro.impl.model.url.IntroURL.execute(IntroURL.java:142)
2025-12-13 09:29:50,860 [ERROR] LogOutputStream:75 - [STDERR_REDIRECT] 	at org.eclipse.ui.internal.intro.impl.presentations.BrowserIntroPartLocationListener.changing(BrowserIntroPartLocationListener.java:130)
2025-12-13 09:29:50,861 [ERROR] LogOutputStream:75 - [STDERR_REDIRECT] 	at org.eclipse.swt.browser.IE.lambda$6(IE.java:525)
2025-12-13 09:29:50,862 [ERROR] LogOutputStream:75 - [STDERR_REDIRECT] 	at org.eclipse.swt.browser.IE$$Lambda/0x00000001008dcdf8.handleEvent(Unknown Source)
2025-12-13 09:29:50,863 [ERROR] LogOutputStream:75 - [STDERR_REDIRECT] 	at org.eclipse.swt.ole.win32.OleEventTable.sendEvent(OleEventTable.java:57)
2025-12-13 09:29:51,163 [ERROR] LogOutputStream:75 - [STDERR_REDIRECT] 	at org.eclipse.swt.ole.win32.OleEventSink.notifyListener(OleEventSink.java:160)
2025-12-13 09:29:51,164 [ERROR] LogOutputStream:75 - [STDERR_REDIRECT] 	at org.eclipse.swt.ole.win32.OleEventSink.Invoke(OleEventSink.java:128)
2025-12-13 09:29:51,165 [ERROR] LogOutputStream:75 - [STDERR_REDIRECT] 	at org.eclipse.swt.ole.win32.OleEventSink$1.method6(OleEventSink.java:79)
2025-12-13 09:29:51,166 [ERROR] LogOutputStream:75 - [STDERR_REDIRECT] 	at org.eclipse.swt.internal.ole.win32.COMObject.callback6(COMObject.java:120)
2025-12-13 09:29:51,167 [ERROR] LogOutputStream:75 - [STDERR_REDIRECT] 	at org.eclipse.swt.internal.win32.OS.DispatchMessage(Native Method)
2025-12-13 09:29:51,168 [ERROR] LogOutputStream:75 - [STDERR_REDIRECT] 	at org.eclipse.swt.widgets.Display.readAndDispatch(Display.java:3710)
2025-12-13 09:29:51,470 [ERROR] LogOutputStream:75 - [STDERR_REDIRECT] 	at org.eclipse.e4.ui.internal.workbench.swt.PartRenderingEngine$5.run(PartRenderingEngine.java:1151)
2025-12-13 09:29:51,471 [ERROR] LogOutputStream:75 - [STDERR_REDIRECT] 	at org.eclipse.core.databinding.observable.Realm.runWithDefault(Realm.java:339)
2025-12-13 09:29:51,472 [ERROR] LogOutputStream:75 - [STDERR_REDIRECT] 	at org.eclipse.e4.ui.internal.workbench.swt.PartRenderingEngine.run(PartRenderingEngine.java:1042)
2025-12-13 09:29:51,472 [ERROR] LogOutputStream:75 - [STDERR_REDIRECT] Logging exception:
2025-12-13 09:29:51,473 [ERROR] LogOutputStream:75 - [STDERR_REDIRECT] java.lang.OutOfMemoryError: Java heap space
2025-12-13 09:29:53,137 [ERROR] LogOutputStream:75 - [STDERR_REDIRECT] Exception in thread "AWT-EventQueue-0" java.lang.OutOfMemoryError: Java heap space
2025-12-13 09:30:15,928 [INFO] McuFinderGlobals:76 - Set McuFinderConnectedMode to true
2025-12-13 09:30:18,231 [INFO] ApiDb:448 - Save user favorites file C:\Users\akash/.stm32cubeide/favorites.mcus.txt: 0 item(s)
2025-12-13 09:30:18,232 [INFO] ApiDb:452 - User favorites MCUs=[]
2025-12-13 09:30:18,233 [INFO] ApiDb:448 - Save user favorites file C:\Users\akash/.stm32cubeide/favorites.boards.txt: 2 item(s)
2025-12-13 09:30:18,233 [INFO] ApiDb:452 - User favorites Boards=[NUCLEO-H755ZI-Q, STM32H747I-DISCO]
2025-12-13 09:30:18,236 [INFO] ApiDb:448 - Save user favorites file C:\Users\akash/.stm32cubeide/favorites.examples.txt: 1 item(s)
2025-12-13 09:30:18,236 [INFO] ApiDb:452 - User favorites Examples=[X-CUBE-AZRTOS-H7-SWX-17655]
2025-12-13 09:30:18,540 [ERROR] LogOutputStream:75 - [STDERR_REDIRECT] Exception in thread "AWT-EventQueue-0" java.lang.NullPointerException: Cannot invoke "com.st.stm32cube.common.mx.targetselector.IdeMcuFinder.cleanUp(boolean)" because "this.this$0.mcuFinder" is null
2025-12-13 09:30:18,542 [ERROR] LogOutputStream:75 - [STDERR_REDIRECT] 	at com.st.stm32cube.common.mx.targetselector.TargetSelectorAdapter$7.run(TargetSelectorAdapter.java:353)
2025-12-13 09:30:18,543 [ERROR] LogOutputStream:75 - [STDERR_REDIRECT] 	at com.st.stm32cube.common.mx.oss.core.awtswtbridge.AwtEnvironment$2.run(AwtEnvironment.java:166)
2025-12-13 09:30:18,544 [ERROR] LogOutputStream:75 - [STDERR_REDIRECT] 	at java.desktop/java.awt.event.InvocationEvent.dispatch(InvocationEvent.java:318)
2025-12-13 09:30:18,545 [ERROR] LogOutputStream:75 - [STDERR_REDIRECT] 	at java.desktop/java.awt.EventQueue.dispatchEventImpl(EventQueue.java:773)
2025-12-13 09:30:18,547 [ERROR] LogOutputStream:75 - [STDERR_REDIRECT] 	at java.desktop/java.awt.EventQueue$4.run(EventQueue.java:720)
2025-12-13 09:30:18,547 [ERROR] LogOutputStream:75 - [STDERR_REDIRECT] 	at java.desktop/java.awt.EventQueue$4.run(EventQueue.java:714)
2025-12-13 09:30:18,548 [ERROR] LogOutputStream:75 - [STDERR_REDIRECT] 	at java.base/java.security.AccessController.doPrivileged(AccessController.java:400)
2025-12-13 09:30:18,549 [ERROR] LogOutputStream:75 - [STDERR_REDIRECT] 	at java.base/java.security.ProtectionDomain$JavaSecurityAccessImpl.doIntersectionPrivilege(ProtectionDomain.java:87)
2025-12-13 09:30:18,549 [ERROR] LogOutputStream:75 - [STDERR_REDIRECT] 	at java.desktop/java.awt.EventQueue.dispatchEvent(EventQueue.java:742)
2025-12-13 09:30:18,550 [ERROR] LogOutputStream:75 - [STDERR_REDIRECT] 	at java.desktop/java.awt.EventDispatchThread.pumpOneEventForFilters(EventDispatchThread.java:203)
2025-12-13 09:30:18,552 [ERROR] LogOutputStream:75 - [STDERR_REDIRECT] 	at java.desktop/java.awt.EventDispatchThread.pumpEventsForFilter(EventDispatchThread.java:124)
2025-12-13 09:30:18,553 [ERROR] LogOutputStream:75 - [STDERR_REDIRECT] 	at java.desktop/java.awt.EventDispatchThread.pumpEventsForHierarchy(EventDispatchThread.java:113)
2025-12-13 09:30:18,553 [ERROR] LogOutputStream:75 - [STDERR_REDIRECT] 	at java.desktop/java.awt.EventDispatchThread.pumpEvents(EventDispatchThread.java:109)
2025-12-13 09:30:18,554 [ERROR] LogOutputStream:75 - [STDERR_REDIRECT] 	at java.desktop/java.awt.EventDispatchThread.pumpEvents(EventDispatchThread.java:101)
2025-12-13 09:30:18,555 [ERROR] LogOutputStream:75 - [STDERR_REDIRECT] 	at java.desktop/java.awt.EventDispatchThread.run(EventDispatchThread.java:90)
2025-12-13 09:30:20,204 [INFO] MainUpdater:2872 - connection check result : 10
2025-12-13 09:30:20,290 [INFO] McuFinderGlobals:76 - Set McuFinderConnectedMode to true
2025-12-13 09:30:20,290 [INFO] MultiScanPanel:200 - Auto-refresh data requested => check proxy status ongoing
2025-12-13 09:30:20,290 [INFO] FinderPluginLoader:96 - Searching for filters in installed packs
2025-12-13 09:30:21,021 [INFO] LoadUrlFilesThread:185 - End of LoadServerUrlFiles without Thread
2025-12-13 09:30:21,021 [INFO] DetailPanel:341 - Set advertising image to C:/Users/akash/STM32Cube/Repository/\en.prom-st67w-expansion-board.png
2025-12-13 09:30:21,474 [INFO] MultiScanPanel:728 - adjusting invalid saved split location: -0.07
2025-12-13 09:30:21,595 [INFO] MultiScanPanel:728 - adjusting invalid saved split location: -0.07
2025-12-13 09:30:21,596 [INFO] MultiScanPanel:200 - Auto-refresh data requested => check proxy status ongoing
2025-12-13 09:30:21,643 [INFO] LoadUrlFilesThread:185 - End of LoadServerUrlFiles without Thread
2025-12-13 09:30:21,643 [INFO] DetailPanel:341 - Set advertising image to C:/Users/akash/STM32Cube/Repository/\en.prom-st67w-expansion-board.png
2025-12-13 09:30:21,647 [INFO] MultiScanPanel:728 - adjusting invalid saved split location: -0.06
2025-12-13 09:30:21,667 [INFO] MultiScanPanel:728 - adjusting invalid saved split location: -0.06
2025-12-13 09:30:21,667 [INFO] MultiScanPanel:200 - Auto-refresh data requested => check proxy status ongoing
2025-12-13 09:30:21,668 [INFO] ApiDb:581 - Connected to CubeFinder SQLite database (C:\Users\akash\.stmcufinder\plugins\mcufinder\mcu\cube-finder-db.db)
2025-12-13 09:30:21,725 [INFO] ApiDb:668 - CubeFinder database Data Model version=2.1
2025-12-13 09:30:21,725 [INFO] ApiDb:669 - CubeFinder database Configuration version=3.0.39
2025-12-13 09:30:21,725 [INFO] ApiDb:670 - CubeFinder database generation date=2025-11-05 (1762334721)
2025-12-13 09:30:21,725 [INFO] ApiDb:671 - CubeFinder database FW Pack versions=[FP-ATR-ASTRA1_V2.0.0, FP-SNS-FLIGHT1_V5.1.0, FP-SNS-MOTENV1_V5.1.0, FP-SNS-MOTENVWB1_V1.4.0, FP-SNS-SMARTAG2_V1.2.0, FP-SNS-STBOX1_V2.1.0, STM32Cube_FW_C0_V1.4.0, STM32Cube_FW_F4_V1.28.3, STM32Cube_FW_F7_V1.17.4, STM32Cube_FW_G0_V1.6.2, STM32Cube_FW_G4_V1.6.1, STM32Cube_FW_H5_V1.5.1, STM32Cube_FW_H7RS_V1.3.0, STM32Cube_FW_H7_V1.12.1, STM32Cube_FW_L0_V1.12.2, STM32Cube_FW_L4_V1.18.1, STM32Cube_FW_L5_V1.6.0, STM32Cube_FW_N6_V1.3.0, STM32Cube_FW_U0_V1.3.0, STM32Cube_FW_U3_V1.2.1, STM32Cube_FW_U5_V1.8.0, STM32Cube_FW_WB0_V1.4.0, STM32Cube_FW_WBA_V1.8.0, STM32Cube_FW_WB_V1.24.0, STM32Cube_FW_WL3_V1.3.0, STM32Cube_FW_WL_V1.4.0, X-CUBE-ALGOBUILD_V1.4.0, X-CUBE-ALS_V1.0.2, X-CUBE-AZRTOS-F4_V1.1.0, X-CUBE-AZRTOS-F7_V1.1.0, X-CUBE-AZRTOS-G0_V1.1.0, X-CUBE-AZRTOS-G4_V2.0.0, X-CUBE-AZRTOS-H7RS_V1.1.0, X-CUBE-AZRTOS-H7_V3.4.0, X-CUBE-AZRTOS-L4_V2.0.0, X-CUBE-AZRTOS-L5_V2.0.0, X-CUBE-AZRTOS-WB_V2.0.0, X-CUBE-AZRTOS-WL_V2.0.0, X-CUBE-BLE1_V7.1.0, X-CUBE-BLE2_V3.3.0, X-CUBE-BLEMGR_V4.1.0, X-CUBE-EEPRMA1_V5.2.0, X-CUBE-FREERTOS_V1.3.1, X-CUBE-GNSS1_V6.0.0, X-CUBE-MEMS1_V11.3.0, X-CUBE-NFC4_V3.0.0, X-CUBE-NFC7_V2.0.0, X-CUBE-SFXS2LP1_V4.0.0, X-CUBE-ST67W61_V1.1.0, X-CUBE-SUBG2_V5.0.0, X-CUBE-TOF1_V3.4.3]
2025-12-13 09:30:22,325 [ERROR] DbExamplesSqlite:437 - Missing JSON key: board_cpn
2025-12-13 09:30:22,326 [ERROR] DbExamplesSqlite:437 - Missing JSON key: board_cpn
2025-12-13 09:30:22,326 [ERROR] DbExamplesSqlite:437 - Missing JSON key: board_cpn
2025-12-13 09:30:22,326 [ERROR] DbExamplesSqlite:437 - Missing JSON key: board_cpn
2025-12-13 09:30:22,555 [ERROR] DbExamplesSqlite:437 - Missing JSON key: board_cpn
2025-12-13 09:30:22,555 [ERROR] DbExamplesSqlite:437 - Missing JSON key: board_cpn
2025-12-13 09:30:22,561 [INFO] DbExamplesSqlite:395 - Ignored 42 examples not supported by CubeIDE
2025-12-13 09:30:22,562 [INFO] DbExamplesSqlite:396 - Found 10883 examples active
2025-12-13 09:30:22,562 [INFO] DbExamplesSqlite:397 - Found 0 examples obsolete
2025-12-13 09:30:22,562 [INFO] DbExamplesSqlite:398 - Found 0 examples under development
2025-12-13 09:30:22,562 [INFO] DbExamplesSqlite:399 - Found 85 examples not building
2025-12-13 09:30:22,567 [INFO] DbExamples:125 - Found 10926 examples
2025-12-13 09:30:22,605 [ERROR] DbExamples:208 - Found 73 examples with invalid data (board or MCU)
2025-12-13 09:30:22,606 [INFO] DbExamples:222 - Found 134 boards with related examples
2025-12-13 09:30:22,606 [INFO] DbExamples:235 - Found 111 MCUs with related examples
2025-12-13 09:30:22,628 [INFO] ApiDb:423 - Load user favorites file C:\Users\akash/.stm32cubeide/favorites.examples.txt: 1 item(s)
2025-12-13 09:30:22,629 [INFO] ApiDb:427 - User favorites Examples=[X-CUBE-AZRTOS-H7-SWX-17655]
2025-12-13 09:30:22,629 [INFO] DbExamples:250 - Set 1 / 1 favorites Examples
2025-12-13 09:30:23,285 [INFO] SoftwarePacks:127 - Download is needed for SW pack 'FP-ATR-ASTRA1_V2.0.0'
2025-12-13 09:30:23,290 [INFO] SoftwarePacks:127 - Download is needed for SW pack 'FP-SNS-FLIGHT1_V5.1.0'
2025-12-13 09:30:23,295 [INFO] SoftwarePacks:127 - Download is needed for SW pack 'FP-SNS-MOTENV1_V5.1.0'
2025-12-13 09:30:23,300 [INFO] SoftwarePacks:127 - Download is needed for SW pack 'FP-SNS-MOTENVWB1_V1.4.0'
2025-12-13 09:30:23,305 [INFO] SoftwarePacks:127 - Download is needed for SW pack 'FP-SNS-SMARTAG2_V1.2.0'
2025-12-13 09:30:23,309 [INFO] SoftwarePacks:127 - Download is needed for SW pack 'FP-SNS-STBOX1_V2.1.0'
2025-12-13 09:30:23,316 [INFO] SoftwarePacks:127 - Download is needed for SW pack 'STM32Cube_FW_C0_V1.4.0'
2025-12-13 09:30:23,324 [INFO] SoftwarePacks:127 - Download is needed for SW pack 'STM32Cube_FW_F4_V1.28.3'
2025-12-13 09:30:23,330 [INFO] SoftwarePacks:127 - Download is needed for SW pack 'STM32Cube_FW_F7_V1.17.4'
2025-12-13 09:30:23,336 [INFO] SoftwarePacks:131 - Found SW pack 'STM32Cube_FW_G0_V1.6.2' up-to-date on disk.
2025-12-13 09:30:23,342 [INFO] SoftwarePacks:131 - Found SW pack 'STM32Cube_FW_G4_V1.6.1' up-to-date on disk.
2025-12-13 09:30:23,347 [INFO] SoftwarePacks:127 - Download is needed for SW pack 'STM32Cube_FW_H5_V1.5.1'
2025-12-13 09:30:23,353 [INFO] SoftwarePacks:127 - Download is needed for SW pack 'STM32Cube_FW_H7RS_V1.3.0'
2025-12-13 09:30:23,359 [INFO] SoftwarePacks:131 - Found SW pack 'STM32Cube_FW_H7_V1.12.1' up-to-date on disk.
2025-12-13 09:30:23,364 [INFO] SoftwarePacks:127 - Download is needed for SW pack 'STM32Cube_FW_L0_V1.12.2'
2025-12-13 09:30:23,370 [INFO] SoftwarePacks:127 - Download is needed for SW pack 'STM32Cube_FW_L4_V1.18.1'
2025-12-13 09:30:23,376 [INFO] SoftwarePacks:127 - Download is needed for SW pack 'STM32Cube_FW_L5_V1.6.0'
2025-12-13 09:30:23,381 [INFO] SoftwarePacks:127 - Download is needed for SW pack 'STM32Cube_FW_N6_V1.3.0'
2025-12-13 09:30:23,386 [INFO] SoftwarePacks:127 - Download is needed for SW pack 'STM32Cube_FW_U0_V1.3.0'
2025-12-13 09:30:23,391 [INFO] SoftwarePacks:127 - Download is needed for SW pack 'STM32Cube_FW_U3_V1.2.1'
2025-12-13 09:30:23,397 [INFO] SoftwarePacks:127 - Download is needed for SW pack 'STM32Cube_FW_U5_V1.8.0'
2025-12-13 09:30:23,402 [INFO] SoftwarePacks:127 - Download is needed for SW pack 'STM32Cube_FW_WB0_V1.4.0'
2025-12-13 09:30:23,407 [INFO] SoftwarePacks:127 - Download is needed for SW pack 'STM32Cube_FW_WBA_V1.8.0'
2025-12-13 09:30:23,412 [INFO] SoftwarePacks:127 - Download is needed for SW pack 'STM32Cube_FW_WB_V1.24.0'
2025-12-13 09:30:23,417 [INFO] SoftwarePacks:127 - Download is needed for SW pack 'STM32Cube_FW_WL3_V1.3.0'
2025-12-13 09:30:23,422 [INFO] SoftwarePacks:127 - Download is needed for SW pack 'STM32Cube_FW_WL_V1.4.0'
2025-12-13 09:30:23,425 [INFO] SoftwarePacks:127 - Download is needed for SW pack 'X-CUBE-ALGOBUILD_V1.4.0'
2025-12-13 09:30:23,428 [INFO] SoftwarePacks:127 - Download is needed for SW pack 'X-CUBE-ALS_V1.0.2'
2025-12-13 09:30:23,432 [INFO] SoftwarePacks:127 - Download is needed for SW pack 'X-CUBE-AZRTOS-F4_V1.1.0'
2025-12-13 09:30:23,435 [INFO] SoftwarePacks:127 - Download is needed for SW pack 'X-CUBE-AZRTOS-F7_V1.1.0'
2025-12-13 09:30:23,438 [INFO] SoftwarePacks:127 - Download is needed for SW pack 'X-CUBE-AZRTOS-G0_V1.1.0'
2025-12-13 09:30:23,441 [INFO] SoftwarePacks:127 - Download is needed for SW pack 'X-CUBE-AZRTOS-G4_V2.0.0'
2025-12-13 09:30:23,444 [INFO] SoftwarePacks:127 - Download is needed for SW pack 'X-CUBE-AZRTOS-H7RS_V1.1.0'
2025-12-13 09:30:23,448 [INFO] SoftwarePacks:131 - Found SW pack 'X-CUBE-AZRTOS-H7_V3.4.0' up-to-date on disk.
2025-12-13 09:30:23,451 [INFO] SoftwarePacks:127 - Download is needed for SW pack 'X-CUBE-AZRTOS-L4_V2.0.0'
2025-12-13 09:30:23,454 [INFO] SoftwarePacks:127 - Download is needed for SW pack 'X-CUBE-AZRTOS-L5_V2.0.0'
2025-12-13 09:30:23,457 [INFO] SoftwarePacks:127 - Download is needed for SW pack 'X-CUBE-AZRTOS-WB_V2.0.0'
2025-12-13 09:30:23,460 [INFO] SoftwarePacks:127 - Download is needed for SW pack 'X-CUBE-AZRTOS-WL_V2.0.0'
2025-12-13 09:30:23,464 [INFO] SoftwarePacks:127 - Download is needed for SW pack 'X-CUBE-BLE1_V7.1.0'
2025-12-13 09:30:23,467 [INFO] SoftwarePacks:127 - Download is needed for SW pack 'X-CUBE-BLE2_V3.3.0'
2025-12-13 09:30:23,470 [INFO] SoftwarePacks:127 - Download is needed for SW pack 'X-CUBE-BLEMGR_V4.1.0'
2025-12-13 09:30:23,472 [INFO] SoftwarePacks:127 - Download is needed for SW pack 'X-CUBE-EEPRMA1_V5.2.0'
2025-12-13 09:30:23,475 [INFO] SoftwarePacks:127 - Download is needed for SW pack 'X-CUBE-FREERTOS_V1.3.1'
2025-12-13 09:30:23,478 [INFO] SoftwarePacks:127 - Download is needed for SW pack 'X-CUBE-GNSS1_V6.0.0'
2025-12-13 09:30:23,482 [INFO] SoftwarePacks:127 - Download is needed for SW pack 'X-CUBE-MEMS1_V11.3.0'
2025-12-13 09:30:23,485 [INFO] SoftwarePacks:127 - Download is needed for SW pack 'X-CUBE-NFC4_V3.0.0'
2025-12-13 09:30:23,488 [INFO] SoftwarePacks:127 - Download is needed for SW pack 'X-CUBE-NFC7_V2.0.0'
2025-12-13 09:30:23,491 [INFO] SoftwarePacks:127 - Download is needed for SW pack 'X-CUBE-SFXS2LP1_V4.0.0'
2025-12-13 09:30:23,494 [INFO] SoftwarePacks:127 - Download is needed for SW pack 'X-CUBE-ST67W61_V1.1.0'
2025-12-13 09:30:23,497 [INFO] SoftwarePacks:127 - Download is needed for SW pack 'X-CUBE-SUBG2_V5.0.0'
2025-12-13 09:30:23,500 [INFO] SoftwarePacks:127 - Download is needed for SW pack 'X-CUBE-TOF1_V3.4.3'
2025-12-13 09:30:24,753 [INFO] LoadUrlFilesThread:185 - End of LoadServerUrlFiles without Thread
2025-12-13 09:30:24,753 [INFO] DetailPanel:341 - Set advertising image to C:/Users/akash/STM32Cube/Repository/\en.prom-st67w-expansion-board.png
2025-12-13 09:30:25,356 [ERROR] AppliInfo:139 - Unknown STM32CubeMX version: 6.16.0
2025-12-13 09:30:25,356 [ERROR] AppliInfo:139 - Unknown STM32CubeMX version: 6.16.0
2025-12-13 09:30:25,356 [ERROR] AppliInfo:139 - Unknown STM32CubeMX version: 6.16.0
2025-12-13 09:30:25,356 [ERROR] AppliInfo:139 - Unknown STM32CubeMX version: 6.16.0
2025-12-13 09:30:25,356 [ERROR] AppliInfo:139 - Unknown STM32CubeMX version: 6.16.0
2025-12-13 09:30:25,372 [ERROR] AppliInfo:139 - Unknown STM32CubeMX version: 6.16.0
2025-12-13 09:30:25,372 [ERROR] AppliInfo:139 - Unknown STM32CubeMX version: 6.16.0
2025-12-13 09:30:25,372 [ERROR] AppliInfo:139 - Unknown STM32CubeMX version: 6.16.0
2025-12-13 09:30:25,373 [ERROR] AppliInfo:139 - Unknown STM32CubeMX version: 6.16.0
2025-12-13 09:30:25,475 [ERROR] AppliInfo:139 - Unknown STM32CubeMX version: 6.16.0
2025-12-13 09:30:25,477 [ERROR] AppliInfo:139 - Unknown STM32CubeMX version: 6.16.0
2025-12-13 09:30:25,495 [ERROR] AppliInfo:139 - Unknown STM32CubeMX version: 6.16.0
2025-12-13 09:30:25,503 [ERROR] AppliInfo:139 - Unknown STM32CubeMX version: 6.16.0
2025-12-13 09:30:25,503 [ERROR] AppliInfo:139 - Unknown STM32CubeMX version: 6.16.0
2025-12-13 09:30:25,505 [ERROR] AppliInfo:139 - Unknown STM32CubeMX version: 6.16.0
2025-12-13 09:30:25,505 [ERROR] AppliInfo:139 - Unknown STM32CubeMX version: 6.16.0
2025-12-13 09:30:25,505 [ERROR] AppliInfo:139 - Unknown STM32CubeMX version: 6.16.0
2025-12-13 09:30:25,505 [ERROR] AppliInfo:139 - Unknown STM32CubeMX version: 6.16.0
2025-12-13 09:30:25,505 [ERROR] AppliInfo:139 - Unknown STM32CubeMX version: 6.16.0
2025-12-13 09:30:25,506 [ERROR] AppliInfo:139 - Unknown STM32CubeMX version: 6.16.0
2025-12-13 09:30:25,506 [ERROR] AppliInfo:139 - Unknown STM32CubeMX version: 6.16.0
2025-12-13 09:30:25,506 [ERROR] AppliInfo:139 - Unknown STM32CubeMX version: 6.16.0
2025-12-13 09:30:25,506 [ERROR] AppliInfo:139 - Unknown STM32CubeMX version: 6.16.0
2025-12-13 09:30:25,507 [ERROR] AppliInfo:139 - Unknown STM32CubeMX version: 6.16.0
2025-12-13 09:30:25,507 [ERROR] AppliInfo:139 - Unknown STM32CubeMX version: 6.16.0
2025-12-13 09:30:25,508 [ERROR] AppliInfo:139 - Unknown STM32CubeMX version: 6.16.0
2025-12-13 09:30:25,509 [ERROR] AppliInfo:139 - Unknown STM32CubeMX version: 6.16.0
2025-12-13 09:30:25,509 [ERROR] AppliInfo:139 - Unknown STM32CubeMX version: 6.16.0
2025-12-13 09:30:25,509 [ERROR] AppliInfo:139 - Unknown STM32CubeMX version: 6.16.0
2025-12-13 09:30:25,511 [ERROR] AppliInfo:139 - Unknown STM32CubeMX version: 6.16.0
2025-12-13 09:30:25,512 [ERROR] AppliInfo:139 - Unknown STM32CubeMX version: 6.16.0
2025-12-13 09:30:25,512 [ERROR] AppliInfo:139 - Unknown STM32CubeMX version: 6.16.0
2025-12-13 09:30:25,512 [ERROR] AppliInfo:139 - Unknown STM32CubeMX version: 6.16.0
2025-12-13 09:30:25,512 [ERROR] AppliInfo:139 - Unknown STM32CubeMX version: 6.16.0
2025-12-13 09:30:25,513 [ERROR] AppliInfo:139 - Unknown STM32CubeMX version: 6.16.0
2025-12-13 09:30:25,513 [ERROR] AppliInfo:139 - Unknown STM32CubeMX version: 6.16.0
2025-12-13 09:30:25,514 [ERROR] AppliInfo:139 - Unknown STM32CubeMX version: 6.16.0
2025-12-13 09:30:25,514 [ERROR] AppliInfo:139 - Unknown STM32CubeMX version: 6.16.0
2025-12-13 09:30:25,514 [ERROR] AppliInfo:139 - Unknown STM32CubeMX version: 6.16.0
2025-12-13 09:30:25,515 [ERROR] AppliInfo:139 - Unknown STM32CubeMX version: 6.16.0
2025-12-13 09:30:25,515 [ERROR] AppliInfo:139 - Unknown STM32CubeMX version: 6.16.0
2025-12-13 09:30:25,515 [ERROR] AppliInfo:139 - Unknown STM32CubeMX version: 6.16.0
2025-12-13 09:30:25,515 [ERROR] AppliInfo:139 - Unknown STM32CubeMX version: 6.16.0
2025-12-13 09:30:25,516 [ERROR] AppliInfo:139 - Unknown STM32CubeMX version: 6.16.0
2025-12-13 09:30:25,516 [ERROR] AppliInfo:139 - Unknown STM32CubeMX version: 6.16.0
2025-12-13 09:30:25,516 [ERROR] AppliInfo:139 - Unknown STM32CubeMX version: 6.16.0
2025-12-13 09:30:25,517 [ERROR] AppliInfo:139 - Unknown STM32CubeMX version: 6.16.0
2025-12-13 09:30:25,517 [ERROR] AppliInfo:139 - Unknown STM32CubeMX version: 6.16.0
2025-12-13 09:30:25,517 [ERROR] AppliInfo:139 - Unknown STM32CubeMX version: 6.16.0
2025-12-13 09:30:25,518 [ERROR] AppliInfo:139 - Unknown STM32CubeMX version: 6.16.0
2025-12-13 09:30:25,584 [ERROR] AppliInfo:139 - Unknown STM32CubeMX version: 6.16.0
2025-12-13 09:30:25,591 [ERROR] AppliInfo:139 - Unknown STM32CubeMX version: 6.16.0
2025-12-13 09:30:25,591 [ERROR] AppliInfo:139 - Unknown STM32CubeMX version: 6.16.0
2025-12-13 09:30:25,591 [ERROR] AppliInfo:139 - Unknown STM32CubeMX version: 6.16.0
2025-12-13 09:30:25,592 [ERROR] AppliInfo:139 - Unknown STM32CubeMX version: 6.16.0
2025-12-13 09:30:25,592 [ERROR] AppliInfo:139 - Unknown STM32CubeMX version: 6.16.0
2025-12-13 09:30:25,592 [ERROR] AppliInfo:139 - Unknown STM32CubeMX version: 6.16.0
2025-12-13 09:30:25,623 [ERROR] AppliInfo:139 - Unknown STM32CubeMX version: 6.12.1
2025-12-13 09:30:25,623 [ERROR] AppliInfo:139 - Unknown STM32CubeMX version: 6.16.0
2025-12-13 09:30:25,623 [ERROR] AppliInfo:139 - Unknown STM32CubeMX version: 6.16.0
2025-12-13 09:30:25,623 [ERROR] AppliInfo:139 - Unknown STM32CubeMX version: 6.16.0
2025-12-13 09:30:25,623 [ERROR] AppliInfo:139 - Unknown STM32CubeMX version: 6.16.0
2025-12-13 09:30:25,623 [ERROR] AppliInfo:139 - Unknown STM32CubeMX version: 6.16.0
2025-12-13 09:30:25,623 [ERROR] AppliInfo:139 - Unknown STM32CubeMX version: 6.16.0
2025-12-13 09:30:25,624 [ERROR] AppliInfo:139 - Unknown STM32CubeMX version: 6.16.0
2025-12-13 09:30:25,624 [ERROR] AppliInfo:139 - Unknown STM32CubeMX version: 6.16.0
2025-12-13 09:30:25,624 [ERROR] AppliInfo:139 - Unknown STM32CubeMX version: 6.16.0
2025-12-13 09:30:25,624 [ERROR] AppliInfo:139 - Unknown STM32CubeMX version: 6.16.0
2025-12-13 09:30:25,624 [ERROR] AppliInfo:139 - Unknown STM32CubeMX version: 6.16.0
2025-12-13 09:30:25,624 [ERROR] AppliInfo:139 - Unknown STM32CubeMX version: 6.16.0
2025-12-13 09:30:25,624 [ERROR] AppliInfo:139 - Unknown STM32CubeMX version: 6.16.0
2025-12-13 09:30:25,624 [ERROR] AppliInfo:139 - Unknown STM32CubeMX version: 6.16.0
2025-12-13 09:30:25,624 [ERROR] AppliInfo:139 - Unknown STM32CubeMX version: 6.16.0
2025-12-13 09:30:25,624 [ERROR] AppliInfo:139 - Unknown STM32CubeMX version: 6.16.0
2025-12-13 09:30:25,625 [ERROR] AppliInfo:139 - Unknown STM32CubeMX version: 6.16.0
2025-12-13 09:30:25,625 [ERROR] AppliInfo:139 - Unknown STM32CubeMX version: 6.16.0
2025-12-13 09:30:25,625 [ERROR] AppliInfo:139 - Unknown STM32CubeMX version: 6.16.0
2025-12-13 09:30:25,625 [ERROR] AppliInfo:139 - Unknown STM32CubeMX version: 6.16.0
2025-12-13 09:30:25,625 [ERROR] AppliInfo:139 - Unknown STM32CubeMX version: 6.16.0
2025-12-13 09:30:25,628 [ERROR] AppliInfo:139 - Unknown STM32CubeMX version: 6.16.0
2025-12-13 09:30:25,628 [ERROR] AppliInfo:139 - Unknown STM32CubeMX version: 6.16.0
2025-12-13 09:30:25,628 [ERROR] AppliInfo:139 - Unknown STM32CubeMX version: 6.16.0
2025-12-13 09:30:25,628 [ERROR] AppliInfo:139 - Unknown STM32CubeMX version: 6.16.0
2025-12-13 09:30:25,628 [ERROR] AppliInfo:139 - Unknown STM32CubeMX version: 6.16.0
2025-12-13 09:30:25,628 [ERROR] AppliInfo:139 - Unknown STM32CubeMX version: 6.16.0
2025-12-13 09:30:25,628 [ERROR] AppliInfo:139 - Unknown STM32CubeMX version: 6.16.0
2025-12-13 09:30:25,629 [ERROR] AppliInfo:139 - Unknown STM32CubeMX version: 6.16.0
2025-12-13 09:30:25,629 [ERROR] AppliInfo:139 - Unknown STM32CubeMX version: 6.16.0
2025-12-13 09:30:25,629 [ERROR] AppliInfo:139 - Unknown STM32CubeMX version: 6.16.0
2025-12-13 09:30:25,629 [ERROR] AppliInfo:139 - Unknown STM32CubeMX version: 6.16.0
2025-12-13 09:30:25,629 [ERROR] AppliInfo:139 - Unknown STM32CubeMX version: 6.16.0
2025-12-13 09:30:25,629 [ERROR] AppliInfo:139 - Unknown STM32CubeMX version: 6.16.0
2025-12-13 09:30:25,629 [ERROR] AppliInfo:139 - Unknown STM32CubeMX version: 6.16.0
2025-12-13 09:30:25,629 [ERROR] AppliInfo:139 - Unknown STM32CubeMX version: 6.16.0
2025-12-13 09:30:25,629 [ERROR] AppliInfo:139 - Unknown STM32CubeMX version: 6.16.0
2025-12-13 09:30:25,629 [ERROR] AppliInfo:139 - Unknown STM32CubeMX version: 6.16.0
2025-12-13 09:30:25,630 [ERROR] AppliInfo:139 - Unknown STM32CubeMX version: 6.16.0
2025-12-13 09:30:25,630 [ERROR] AppliInfo:139 - Unknown STM32CubeMX version: 6.16.0
2025-12-13 09:30:25,630 [ERROR] AppliInfo:139 - Unknown STM32CubeMX version: 6.16.0
2025-12-13 09:30:25,630 [ERROR] AppliInfo:139 - Unknown STM32CubeMX version: 6.16.0
2025-12-13 09:30:25,634 [ERROR] AppliInfo:139 - Unknown STM32CubeMX version: 6.16.0
2025-12-13 09:30:25,634 [ERROR] AppliInfo:139 - Unknown STM32CubeMX version: 6.16.0
2025-12-13 09:30:25,634 [ERROR] AppliInfo:139 - Unknown STM32CubeMX version: 6.16.0
2025-12-13 09:30:25,634 [ERROR] AppliInfo:139 - Unknown STM32CubeMX version: 6.16.0
2025-12-13 09:30:25,634 [ERROR] AppliInfo:139 - Unknown STM32CubeMX version: 6.16.0
2025-12-13 09:30:25,634 [ERROR] AppliInfo:139 - Unknown STM32CubeMX version: 6.16.0
2025-12-13 09:30:25,634 [ERROR] AppliInfo:139 - Unknown STM32CubeMX version: 6.16.0
2025-12-13 09:30:25,634 [ERROR] AppliInfo:139 - Unknown STM32CubeMX version: 6.16.0
2025-12-13 09:30:25,634 [ERROR] AppliInfo:139 - Unknown STM32CubeMX version: 6.16.0
2025-12-13 09:30:25,635 [ERROR] AppliInfo:139 - Unknown STM32CubeMX version: 6.16.0
2025-12-13 09:30:25,635 [ERROR] AppliInfo:139 - Unknown STM32CubeMX version: 6.16.0
2025-12-13 09:30:25,635 [ERROR] AppliInfo:139 - Unknown STM32CubeMX version: 6.16.0
2025-12-13 09:30:25,635 [ERROR] AppliInfo:139 - Unknown STM32CubeMX version: 6.16.0
2025-12-13 09:30:25,635 [ERROR] AppliInfo:139 - Unknown STM32CubeMX version: 6.16.0
2025-12-13 09:30:25,635 [ERROR] AppliInfo:139 - Unknown STM32CubeMX version: 6.16.0
2025-12-13 09:30:25,635 [ERROR] AppliInfo:139 - Unknown STM32CubeMX version: 6.16.0
2025-12-13 09:30:25,635 [ERROR] AppliInfo:139 - Unknown STM32CubeMX version: 6.16.0
2025-12-13 09:30:25,635 [ERROR] AppliInfo:139 - Unknown STM32CubeMX version: 6.16.0
2025-12-13 09:30:25,635 [ERROR] AppliInfo:139 - Unknown STM32CubeMX version: 6.16.0
2025-12-13 09:30:25,635 [ERROR] AppliInfo:139 - Unknown STM32CubeMX version: 6.16.0
2025-12-13 09:30:25,636 [ERROR] AppliInfo:139 - Unknown STM32CubeMX version: 6.16.0
2025-12-13 09:30:25,641 [ERROR] AppliInfo:139 - Unknown STM32CubeMX version: 6.16.0
2025-12-13 09:30:25,641 [ERROR] AppliInfo:139 - Unknown STM32CubeMX version: 6.16.0
2025-12-13 09:30:25,641 [ERROR] AppliInfo:139 - Unknown STM32CubeMX version: 6.16.0
2025-12-13 09:30:25,641 [ERROR] AppliInfo:139 - Unknown STM32CubeMX version: 6.16.0
2025-12-13 09:30:25,641 [ERROR] AppliInfo:139 - Unknown STM32CubeMX version: 6.16.0
2025-12-13 09:30:25,641 [ERROR] AppliInfo:139 - Unknown STM32CubeMX version: 6.16.0
2025-12-13 09:30:25,641 [ERROR] AppliInfo:139 - Unknown STM32CubeMX version: 6.16.0
2025-12-13 09:30:25,641 [ERROR] AppliInfo:139 - Unknown STM32CubeMX version: 6.16.0
2025-12-13 09:30:25,642 [ERROR] AppliInfo:139 - Unknown STM32CubeMX version: 6.16.0
2025-12-13 09:30:25,642 [ERROR] AppliInfo:139 - Unknown STM32CubeMX version: 6.16.0
2025-12-13 09:30:25,642 [ERROR] AppliInfo:139 - Unknown STM32CubeMX version: 6.16.0
2025-12-13 09:30:25,642 [ERROR] AppliInfo:139 - Unknown STM32CubeMX version: 6.16.0
2025-12-13 09:30:25,642 [ERROR] AppliInfo:139 - Unknown STM32CubeMX version: 6.16.0
2025-12-13 09:30:25,643 [ERROR] AppliInfo:139 - Unknown STM32CubeMX version: 6.16.0
2025-12-13 09:30:25,643 [ERROR] AppliInfo:139 - Unknown STM32CubeMX version: 6.16.0
2025-12-13 09:30:25,643 [ERROR] AppliInfo:139 - Unknown STM32CubeMX version: 6.16.0
2025-12-13 09:30:25,643 [ERROR] AppliInfo:139 - Unknown STM32CubeMX version: 6.16.0
2025-12-13 09:30:25,644 [ERROR] AppliInfo:139 - Unknown STM32CubeMX version: 6.16.0
2025-12-13 09:30:25,644 [ERROR] AppliInfo:139 - Unknown STM32CubeMX version: 6.16.0
2025-12-13 09:30:25,644 [ERROR] AppliInfo:139 - Unknown STM32CubeMX version: 6.16.0
2025-12-13 09:30:25,644 [ERROR] AppliInfo:139 - Unknown STM32CubeMX version: 6.16.0
2025-12-13 09:30:25,644 [ERROR] AppliInfo:139 - Unknown STM32CubeMX version: 6.16.0
2025-12-13 09:30:25,644 [ERROR] AppliInfo:139 - Unknown STM32CubeMX version: 6.16.0
2025-12-13 09:30:25,645 [ERROR] AppliInfo:139 - Unknown STM32CubeMX version: 6.16.0
2025-12-13 09:30:25,645 [ERROR] AppliInfo:139 - Unknown STM32CubeMX version: 6.16.0
2025-12-13 09:30:25,645 [ERROR] AppliInfo:139 - Unknown STM32CubeMX version: 6.16.0
2025-12-13 09:30:25,645 [ERROR] AppliInfo:139 - Unknown STM32CubeMX version: 6.16.0
2025-12-13 09:30:25,645 [ERROR] AppliInfo:139 - Unknown STM32CubeMX version: 6.16.0
2025-12-13 09:30:25,646 [ERROR] AppliInfo:139 - Unknown STM32CubeMX version: 6.16.0
2025-12-13 09:30:25,646 [ERROR] AppliInfo:139 - Unknown STM32CubeMX version: 6.16.0
2025-12-13 09:30:25,646 [ERROR] AppliInfo:139 - Unknown STM32CubeMX version: 6.16.0
2025-12-13 09:30:25,646 [ERROR] AppliInfo:139 - Unknown STM32CubeMX version: 6.16.0
2025-12-13 09:30:25,646 [ERROR] AppliInfo:139 - Unknown STM32CubeMX version: 6.16.0
2025-12-13 09:30:25,646 [ERROR] AppliInfo:139 - Unknown STM32CubeMX version: 6.16.0
2025-12-13 09:30:25,646 [ERROR] AppliInfo:139 - Unknown STM32CubeMX version: 6.16.0
2025-12-13 09:30:25,646 [ERROR] AppliInfo:139 - Unknown STM32CubeMX version: 6.16.0
2025-12-13 09:30:25,646 [ERROR] AppliInfo:139 - Unknown STM32CubeMX version: 6.16.0
2025-12-13 09:30:25,647 [ERROR] AppliInfo:139 - Unknown STM32CubeMX version: 6.16.0
2025-12-13 09:30:25,647 [ERROR] AppliInfo:139 - Unknown STM32CubeMX version: 6.16.0
2025-12-13 09:30:25,653 [ERROR] AppliInfo:139 - Unknown STM32CubeMX version: 6.16.0
2025-12-13 09:30:25,654 [ERROR] AppliInfo:139 - Unknown STM32CubeMX version: 6.16.0
2025-12-13 09:30:25,654 [ERROR] AppliInfo:139 - Unknown STM32CubeMX version: 6.16.0
2025-12-13 09:30:25,654 [ERROR] AppliInfo:139 - Unknown STM32CubeMX version: 6.16.0
2025-12-13 09:30:25,654 [ERROR] AppliInfo:139 - Unknown STM32CubeMX version: 6.16.0
2025-12-13 09:30:25,655 [ERROR] AppliInfo:139 - Unknown STM32CubeMX version: 6.16.0
2025-12-13 09:30:25,655 [ERROR] AppliInfo:139 - Unknown STM32CubeMX version: 6.16.0
2025-12-13 09:30:25,655 [ERROR] AppliInfo:139 - Unknown STM32CubeMX version: 6.16.0
2025-12-13 09:30:25,657 [ERROR] AppliInfo:139 - Unknown STM32CubeMX version: 6.16.0
2025-12-13 09:30:25,657 [ERROR] AppliInfo:139 - Unknown STM32CubeMX version: 6.16.0
2025-12-13 09:30:25,657 [ERROR] AppliInfo:139 - Unknown STM32CubeMX version: 6.16.0
2025-12-13 09:30:25,657 [ERROR] AppliInfo:139 - Unknown STM32CubeMX version: 6.16.0
2025-12-13 09:30:25,657 [ERROR] AppliInfo:139 - Unknown STM32CubeMX version: 6.16.0
2025-12-13 09:30:25,657 [ERROR] AppliInfo:139 - Unknown STM32CubeMX version: 6.16.0
2025-12-13 09:30:25,657 [ERROR] AppliInfo:139 - Unknown STM32CubeMX version: 6.16.0
2025-12-13 09:30:25,658 [ERROR] AppliInfo:139 - Unknown STM32CubeMX version: 6.16.0
2025-12-13 09:30:25,658 [ERROR] AppliInfo:139 - Unknown STM32CubeMX version: 6.16.0
2025-12-13 09:30:25,658 [ERROR] AppliInfo:139 - Unknown STM32CubeMX version: 6.16.0
2025-12-13 09:30:25,658 [ERROR] AppliInfo:139 - Unknown STM32CubeMX version: 6.16.0
2025-12-13 09:30:25,658 [ERROR] AppliInfo:139 - Unknown STM32CubeMX version: 6.16.0
2025-12-13 09:30:25,658 [ERROR] AppliInfo:139 - Unknown STM32CubeMX version: 6.16.0
2025-12-13 09:30:25,659 [ERROR] AppliInfo:139 - Unknown STM32CubeMX version: 6.16.0
2025-12-13 09:30:25,659 [ERROR] AppliInfo:139 - Unknown STM32CubeMX version: 6.16.0
2025-12-13 09:30:25,659 [ERROR] AppliInfo:139 - Unknown STM32CubeMX version: 6.16.0
2025-12-13 09:30:25,659 [ERROR] AppliInfo:139 - Unknown STM32CubeMX version: 6.16.0
2025-12-13 09:30:25,659 [ERROR] AppliInfo:139 - Unknown STM32CubeMX version: 6.16.0
2025-12-13 09:30:25,659 [ERROR] AppliInfo:139 - Unknown STM32CubeMX version: 6.16.0
2025-12-13 09:30:25,664 [ERROR] AppliInfo:139 - Unknown STM32CubeMX version: 6.16.0
2025-12-13 09:30:25,665 [ERROR] AppliInfo:139 - Unknown STM32CubeMX version: 6.16.0
2025-12-13 09:30:25,673 [ERROR] AppliInfo:139 - Unknown STM32CubeMX version: 6.16.0
2025-12-13 09:30:25,673 [ERROR] AppliInfo:139 - Unknown STM32CubeMX version: 6.16.0
2025-12-13 09:30:25,673 [ERROR] AppliInfo:139 - Unknown STM32CubeMX version: 6.16.0
2025-12-13 09:30:25,673 [ERROR] AppliInfo:139 - Unknown STM32CubeMX version: 6.16.0
2025-12-13 09:30:25,674 [ERROR] AppliInfo:139 - Unknown STM32CubeMX version: 6.16.0
2025-12-13 09:30:25,674 [ERROR] AppliInfo:139 - Unknown STM32CubeMX version: 6.16.0
2025-12-13 09:30:25,674 [ERROR] AppliInfo:139 - Unknown STM32CubeMX version: 6.16.0
2025-12-13 09:30:25,674 [ERROR] AppliInfo:139 - Unknown STM32CubeMX version: 6.16.0
2025-12-13 09:30:25,674 [ERROR] AppliInfo:139 - Unknown STM32CubeMX version: 6.16.0
2025-12-13 09:30:25,674 [ERROR] AppliInfo:139 - Unknown STM32CubeMX version: 6.16.0
2025-12-13 09:30:25,675 [ERROR] AppliInfo:139 - Unknown STM32CubeMX version: 6.16.0
2025-12-13 09:30:25,675 [ERROR] AppliInfo:139 - Unknown STM32CubeMX version: 6.16.0
2025-12-13 09:30:25,675 [ERROR] AppliInfo:139 - Unknown STM32CubeMX version: 6.16.0
2025-12-13 09:30:25,676 [ERROR] AppliInfo:139 - Unknown STM32CubeMX version: 6.16.0
2025-12-13 09:30:25,676 [ERROR] AppliInfo:139 - Unknown STM32CubeMX version: 6.16.0
2025-12-13 09:30:25,676 [ERROR] AppliInfo:139 - Unknown STM32CubeMX version: 6.16.0
2025-12-13 09:30:25,676 [ERROR] AppliInfo:139 - Unknown STM32CubeMX version: 6.16.0
2025-12-13 09:30:25,676 [ERROR] AppliInfo:139 - Unknown STM32CubeMX version: 6.16.0
2025-12-13 09:30:25,676 [ERROR] AppliInfo:139 - Unknown STM32CubeMX version: 6.16.0
2025-12-13 09:30:25,676 [ERROR] AppliInfo:139 - Unknown STM32CubeMX version: 6.16.0
2025-12-13 09:30:25,676 [ERROR] AppliInfo:139 - Unknown STM32CubeMX version: 6.16.0
2025-12-13 09:30:25,676 [ERROR] AppliInfo:139 - Unknown STM32CubeMX version: 6.16.0
2025-12-13 09:30:25,677 [ERROR] AppliInfo:139 - Unknown STM32CubeMX version: 6.16.0
2025-12-13 09:30:25,677 [ERROR] AppliInfo:139 - Unknown STM32CubeMX version: 6.16.0
2025-12-13 09:30:25,677 [ERROR] AppliInfo:139 - Unknown STM32CubeMX version: 6.16.0
2025-12-13 09:30:25,677 [ERROR] AppliInfo:139 - Unknown STM32CubeMX version: 6.16.0
2025-12-13 09:30:25,677 [ERROR] AppliInfo:139 - Unknown STM32CubeMX version: 6.16.0
2025-12-13 09:30:25,677 [ERROR] AppliInfo:139 - Unknown STM32CubeMX version: 6.16.0
2025-12-13 09:30:25,677 [ERROR] AppliInfo:139 - Unknown STM32CubeMX version: 6.16.0
2025-12-13 09:30:25,677 [ERROR] AppliInfo:139 - Unknown STM32CubeMX version: 6.16.0
2025-12-13 09:30:25,678 [ERROR] AppliInfo:139 - Unknown STM32CubeMX version: 6.16.0
2025-12-13 09:30:25,678 [ERROR] AppliInfo:139 - Unknown STM32CubeMX version: 6.16.0
2025-12-13 09:30:25,678 [ERROR] AppliInfo:139 - Unknown STM32CubeMX version: 6.16.0
2025-12-13 09:30:25,678 [ERROR] AppliInfo:139 - Unknown STM32CubeMX version: 6.16.0
2025-12-13 09:30:25,678 [ERROR] AppliInfo:139 - Unknown STM32CubeMX version: 6.16.0
2025-12-13 09:30:25,678 [ERROR] AppliInfo:139 - Unknown STM32CubeMX version: 6.16.0
2025-12-13 09:30:25,678 [ERROR] AppliInfo:139 - Unknown STM32CubeMX version: 6.16.0
2025-12-13 09:30:25,678 [ERROR] AppliInfo:139 - Unknown STM32CubeMX version: 6.16.0
2025-12-13 09:30:25,678 [ERROR] AppliInfo:139 - Unknown STM32CubeMX version: 6.16.0
2025-12-13 09:30:25,679 [ERROR] AppliInfo:139 - Unknown STM32CubeMX version: 6.16.0
2025-12-13 09:30:25,680 [ERROR] AppliInfo:139 - Unknown STM32CubeMX version: 6.16.0
2025-12-13 09:30:25,680 [ERROR] AppliInfo:139 - Unknown STM32CubeMX version: 6.16.0
2025-12-13 09:30:25,680 [ERROR] AppliInfo:139 - Unknown STM32CubeMX version: 6.16.0
2025-12-13 09:30:25,680 [ERROR] AppliInfo:139 - Unknown STM32CubeMX version: 6.16.0
2025-12-13 09:30:25,680 [ERROR] AppliInfo:139 - Unknown STM32CubeMX version: 6.16.0
2025-12-13 09:30:25,681 [ERROR] AppliInfo:139 - Unknown STM32CubeMX version: 6.16.0
2025-12-13 09:30:25,681 [ERROR] AppliInfo:139 - Unknown STM32CubeMX version: 6.16.0
2025-12-13 09:30:25,681 [ERROR] AppliInfo:139 - Unknown STM32CubeMX version: 6.16.0
2025-12-13 09:30:25,681 [ERROR] AppliInfo:139 - Unknown STM32CubeMX version: 6.16.0
2025-12-13 09:30:25,681 [ERROR] AppliInfo:139 - Unknown STM32CubeMX version: 6.16.0
2025-12-13 09:30:25,681 [ERROR] AppliInfo:139 - Unknown STM32CubeMX version: 6.16.0
2025-12-13 09:30:25,682 [ERROR] AppliInfo:139 - Unknown STM32CubeMX version: 6.16.0
2025-12-13 09:30:25,682 [ERROR] AppliInfo:139 - Unknown STM32CubeMX version: 6.16.0
2025-12-13 09:30:25,682 [ERROR] AppliInfo:139 - Unknown STM32CubeMX version: 6.16.0
2025-12-13 09:30:25,682 [ERROR] AppliInfo:139 - Unknown STM32CubeMX version: 6.16.0
2025-12-13 09:30:25,682 [ERROR] AppliInfo:139 - Unknown STM32CubeMX version: 6.16.0
2025-12-13 09:30:25,682 [ERROR] AppliInfo:139 - Unknown STM32CubeMX version: 6.16.0
2025-12-13 09:30:25,682 [ERROR] AppliInfo:139 - Unknown STM32CubeMX version: 6.16.0
2025-12-13 09:30:25,682 [ERROR] AppliInfo:139 - Unknown STM32CubeMX version: 6.16.0
2025-12-13 09:30:25,683 [ERROR] AppliInfo:139 - Unknown STM32CubeMX version: 6.16.0
2025-12-13 09:30:25,683 [ERROR] AppliInfo:139 - Unknown STM32CubeMX version: 6.16.0
2025-12-13 09:30:25,683 [ERROR] AppliInfo:139 - Unknown STM32CubeMX version: 6.16.0
2025-12-13 09:30:25,683 [ERROR] AppliInfo:139 - Unknown STM32CubeMX version: 6.16.0
2025-12-13 09:30:25,683 [ERROR] AppliInfo:139 - Unknown STM32CubeMX version: 6.16.0
2025-12-13 09:30:25,684 [ERROR] AppliInfo:139 - Unknown STM32CubeMX version: 6.16.0
2025-12-13 09:30:25,684 [ERROR] AppliInfo:139 - Unknown STM32CubeMX version: 6.16.0
2025-12-13 09:30:25,684 [ERROR] AppliInfo:139 - Unknown STM32CubeMX version: 6.16.0
2025-12-13 09:30:25,684 [ERROR] AppliInfo:139 - Unknown STM32CubeMX version: 6.16.0
2025-12-13 09:30:25,684 [ERROR] AppliInfo:139 - Unknown STM32CubeMX version: 6.16.0
2025-12-13 09:30:25,684 [ERROR] AppliInfo:139 - Unknown STM32CubeMX version: 6.16.0
2025-12-13 09:30:25,684 [ERROR] AppliInfo:139 - Unknown STM32CubeMX version: 6.16.0
2025-12-13 09:30:25,685 [ERROR] AppliInfo:139 - Unknown STM32CubeMX version: 6.16.0
2025-12-13 09:30:25,685 [ERROR] AppliInfo:139 - Unknown STM32CubeMX version: 6.16.0
2025-12-13 09:30:25,685 [ERROR] AppliInfo:139 - Unknown STM32CubeMX version: 6.16.0
2025-12-13 09:30:25,685 [ERROR] AppliInfo:139 - Unknown STM32CubeMX version: 6.16.0
2025-12-13 09:30:25,685 [ERROR] AppliInfo:139 - Unknown STM32CubeMX version: 6.16.0
2025-12-13 09:30:25,685 [ERROR] AppliInfo:139 - Unknown STM32CubeMX version: 6.16.0
2025-12-13 09:30:25,685 [ERROR] AppliInfo:139 - Unknown STM32CubeMX version: 6.16.0
2025-12-13 09:30:25,685 [ERROR] AppliInfo:139 - Unknown STM32CubeMX version: 6.16.0
2025-12-13 09:30:25,686 [ERROR] AppliInfo:139 - Unknown STM32CubeMX version: 6.16.0
2025-12-13 09:30:25,686 [ERROR] AppliInfo:139 - Unknown STM32CubeMX version: 6.16.0
2025-12-13 09:30:25,686 [ERROR] AppliInfo:139 - Unknown STM32CubeMX version: 6.16.0
2025-12-13 09:30:25,686 [ERROR] AppliInfo:139 - Unknown STM32CubeMX version: 6.16.0
2025-12-13 09:30:25,686 [ERROR] AppliInfo:139 - Unknown STM32CubeMX version: 6.16.0
2025-12-13 09:30:25,687 [ERROR] AppliInfo:139 - Unknown STM32CubeMX version: 6.16.0
2025-12-13 09:30:25,687 [ERROR] AppliInfo:139 - Unknown STM32CubeMX version: 6.16.0
2025-12-13 09:30:25,687 [ERROR] AppliInfo:139 - Unknown STM32CubeMX version: 6.16.0
2025-12-13 09:30:25,687 [ERROR] AppliInfo:139 - Unknown STM32CubeMX version: 6.16.0
2025-12-13 09:30:25,687 [ERROR] AppliInfo:139 - Unknown STM32CubeMX version: 6.16.0
2025-12-13 09:30:25,687 [ERROR] AppliInfo:139 - Unknown STM32CubeMX version: 6.16.0
2025-12-13 09:30:25,687 [ERROR] AppliInfo:139 - Unknown STM32CubeMX version: 6.16.0
2025-12-13 09:30:25,687 [ERROR] AppliInfo:139 - Unknown STM32CubeMX version: 6.16.0
2025-12-13 09:30:25,687 [ERROR] AppliInfo:139 - Unknown STM32CubeMX version: 6.16.0
2025-12-13 09:30:25,688 [ERROR] AppliInfo:139 - Unknown STM32CubeMX version: 6.16.0
2025-12-13 09:30:25,688 [ERROR] AppliInfo:139 - Unknown STM32CubeMX version: 6.16.0
2025-12-13 09:30:25,688 [ERROR] AppliInfo:139 - Unknown STM32CubeMX version: 6.16.0
2025-12-13 09:30:25,688 [ERROR] AppliInfo:139 - Unknown STM32CubeMX version: 6.16.0
2025-12-13 09:30:25,690 [ERROR] AppliInfo:139 - Unknown STM32CubeMX version: 6.16.0
2025-12-13 09:30:25,690 [ERROR] AppliInfo:139 - Unknown STM32CubeMX version: 6.16.0
2025-12-13 09:30:25,690 [ERROR] AppliInfo:139 - Unknown STM32CubeMX version: 6.16.0
2025-12-13 09:30:25,690 [ERROR] AppliInfo:139 - Unknown STM32CubeMX version: 6.16.0
2025-12-13 09:30:25,690 [ERROR] AppliInfo:139 - Unknown STM32CubeMX version: 6.16.0
2025-12-13 09:30:25,690 [ERROR] AppliInfo:139 - Unknown STM32CubeMX version: 6.16.0
2025-12-13 09:30:25,690 [ERROR] AppliInfo:139 - Unknown STM32CubeMX version: 6.16.0
2025-12-13 09:30:25,690 [ERROR] AppliInfo:139 - Unknown STM32CubeMX version: 6.16.0
2025-12-13 09:30:25,691 [ERROR] AppliInfo:139 - Unknown STM32CubeMX version: 6.16.0
2025-12-13 09:30:25,691 [ERROR] AppliInfo:139 - Unknown STM32CubeMX version: 6.16.0
2025-12-13 09:30:25,693 [ERROR] AppliInfo:139 - Unknown STM32CubeMX version: 6.16.0
2025-12-13 09:30:25,693 [ERROR] AppliInfo:139 - Unknown STM32CubeMX version: 6.16.0
2025-12-13 09:30:25,693 [ERROR] AppliInfo:139 - Unknown STM32CubeMX version: 6.16.0
2025-12-13 09:30:25,693 [ERROR] AppliInfo:139 - Unknown STM32CubeMX version: 6.16.0
2025-12-13 09:30:25,694 [ERROR] AppliInfo:139 - Unknown STM32CubeMX version: 6.16.0
2025-12-13 09:30:25,694 [ERROR] AppliInfo:139 - Unknown STM32CubeMX version: 6.16.0
2025-12-13 09:30:25,694 [ERROR] AppliInfo:139 - Unknown STM32CubeMX version: 6.16.0
2025-12-13 09:30:25,694 [ERROR] AppliInfo:139 - Unknown STM32CubeMX version: 6.16.0
2025-12-13 09:30:25,694 [ERROR] AppliInfo:139 - Unknown STM32CubeMX version: 6.16.0
2025-12-13 09:30:25,694 [ERROR] AppliInfo:139 - Unknown STM32CubeMX version: 6.16.0
2025-12-13 09:30:25,694 [ERROR] AppliInfo:139 - Unknown STM32CubeMX version: 6.16.0
2025-12-13 09:30:25,694 [ERROR] AppliInfo:139 - Unknown STM32CubeMX version: 6.16.0
2025-12-13 09:30:25,695 [ERROR] AppliInfo:139 - Unknown STM32CubeMX version: 6.16.0
2025-12-13 09:30:25,695 [ERROR] AppliInfo:139 - Unknown STM32CubeMX version: 6.16.0
2025-12-13 09:30:25,695 [ERROR] AppliInfo:139 - Unknown STM32CubeMX version: 6.16.0
2025-12-13 09:30:25,696 [ERROR] AppliInfo:139 - Unknown STM32CubeMX version: 6.16.0
2025-12-13 09:30:25,696 [ERROR] AppliInfo:139 - Unknown STM32CubeMX version: 6.16.0
2025-12-13 09:30:25,696 [ERROR] AppliInfo:139 - Unknown STM32CubeMX version: 6.16.0
2025-12-13 09:30:25,696 [ERROR] AppliInfo:139 - Unknown STM32CubeMX version: 6.16.0
2025-12-13 09:30:25,696 [ERROR] AppliInfo:139 - Unknown STM32CubeMX version: 6.16.0
2025-12-13 09:30:25,696 [ERROR] AppliInfo:139 - Unknown STM32CubeMX version: 6.16.0
2025-12-13 09:30:25,697 [ERROR] AppliInfo:139 - Unknown STM32CubeMX version: 6.16.0
2025-12-13 09:30:25,697 [ERROR] AppliInfo:139 - Unknown STM32CubeMX version: 6.16.0
2025-12-13 09:30:25,698 [ERROR] AppliInfo:139 - Unknown STM32CubeMX version: 6.16.0
2025-12-13 09:30:25,699 [ERROR] AppliInfo:139 - Unknown STM32CubeMX version: 6.16.0
2025-12-13 09:30:25,699 [ERROR] AppliInfo:139 - Unknown STM32CubeMX version: 6.16.0
2025-12-13 09:30:25,699 [ERROR] AppliInfo:139 - Unknown STM32CubeMX version: 6.16.0
2025-12-13 09:30:25,699 [ERROR] AppliInfo:139 - Unknown STM32CubeMX version: 6.16.0
2025-12-13 09:30:25,700 [ERROR] AppliInfo:139 - Unknown STM32CubeMX version: 6.16.0
2025-12-13 09:30:25,700 [ERROR] AppliInfo:139 - Unknown STM32CubeMX version: 6.16.0
2025-12-13 09:30:25,700 [ERROR] AppliInfo:139 - Unknown STM32CubeMX version: 6.16.0
2025-12-13 09:30:25,700 [ERROR] AppliInfo:139 - Unknown STM32CubeMX version: 6.16.0
2025-12-13 09:30:25,700 [ERROR] AppliInfo:139 - Unknown STM32CubeMX version: 6.16.0
2025-12-13 09:30:25,700 [ERROR] AppliInfo:139 - Unknown STM32CubeMX version: 6.16.0
2025-12-13 09:30:25,700 [ERROR] AppliInfo:139 - Unknown STM32CubeMX version: 6.16.0
2025-12-13 09:30:25,700 [ERROR] AppliInfo:139 - Unknown STM32CubeMX version: 6.16.0
2025-12-13 09:30:25,700 [ERROR] AppliInfo:139 - Unknown STM32CubeMX version: 6.16.0
2025-12-13 09:30:25,701 [ERROR] AppliInfo:139 - Unknown STM32CubeMX version: 6.16.0
2025-12-13 09:30:25,701 [ERROR] AppliInfo:139 - Unknown STM32CubeMX version: 6.16.0
2025-12-13 09:30:25,701 [ERROR] AppliInfo:139 - Unknown STM32CubeMX version: 6.16.0
2025-12-13 09:30:25,701 [ERROR] AppliInfo:139 - Unknown STM32CubeMX version: 6.16.0
2025-12-13 09:30:25,701 [ERROR] AppliInfo:139 - Unknown STM32CubeMX version: 6.16.0
2025-12-13 09:30:25,701 [ERROR] AppliInfo:139 - Unknown STM32CubeMX version: 6.16.0
2025-12-13 09:30:25,702 [ERROR] AppliInfo:139 - Unknown STM32CubeMX version: 6.16.0
2025-12-13 09:30:25,702 [ERROR] AppliInfo:139 - Unknown STM32CubeMX version: 6.16.0
2025-12-13 09:30:25,702 [ERROR] AppliInfo:139 - Unknown STM32CubeMX version: 6.16.0
2025-12-13 09:30:25,729 [ERROR] AppliInfo:139 - Unknown STM32CubeMX version: 6.16.0
2025-12-13 09:30:25,729 [ERROR] AppliInfo:139 - Unknown STM32CubeMX version: 6.16.0
2025-12-13 09:30:25,729 [ERROR] AppliInfo:139 - Unknown STM32CubeMX version: 6.16.0
2025-12-13 09:30:25,730 [ERROR] AppliInfo:139 - Unknown STM32CubeMX version: 6.16.0
2025-12-13 09:30:25,730 [ERROR] AppliInfo:139 - Unknown STM32CubeMX version: 6.16.0
2025-12-13 09:30:25,730 [ERROR] AppliInfo:139 - Unknown STM32CubeMX version: 6.16.0
2025-12-13 09:30:25,730 [ERROR] AppliInfo:139 - Unknown STM32CubeMX version: 6.16.0
2025-12-13 09:30:25,730 [ERROR] AppliInfo:139 - Unknown STM32CubeMX version: 6.16.0
2025-12-13 09:30:25,730 [ERROR] AppliInfo:139 - Unknown STM32CubeMX version: 6.16.0
2025-12-13 09:30:25,730 [ERROR] AppliInfo:139 - Unknown STM32CubeMX version: 6.16.0
2025-12-13 09:30:25,730 [ERROR] AppliInfo:139 - Unknown STM32CubeMX version: 6.16.0
2025-12-13 09:30:25,730 [ERROR] AppliInfo:139 - Unknown STM32CubeMX version: 6.16.0
2025-12-13 09:30:25,731 [ERROR] AppliInfo:139 - Unknown STM32CubeMX version: 6.16.0
2025-12-13 09:30:25,731 [ERROR] AppliInfo:139 - Unknown STM32CubeMX version: 6.16.0
2025-12-13 09:30:25,731 [ERROR] AppliInfo:139 - Unknown STM32CubeMX version: 6.16.0
2025-12-13 09:30:25,731 [ERROR] AppliInfo:139 - Unknown STM32CubeMX version: 6.16.0
2025-12-13 09:30:25,732 [ERROR] AppliInfo:139 - Unknown STM32CubeMX version: 6.16.0
2025-12-13 09:30:25,732 [ERROR] AppliInfo:139 - Unknown STM32CubeMX version: 6.16.0
2025-12-13 09:30:25,732 [ERROR] AppliInfo:139 - Unknown STM32CubeMX version: 6.16.0
2025-12-13 09:30:25,748 [ERROR] AppliInfo:139 - Unknown STM32CubeMX version: 6.16.0
2025-12-13 09:30:25,748 [ERROR] AppliInfo:139 - Unknown STM32CubeMX version: 6.16.0
2025-12-13 09:30:25,749 [ERROR] AppliInfo:139 - Unknown STM32CubeMX version: 6.16.0
2025-12-13 09:30:25,749 [ERROR] AppliInfo:139 - Unknown STM32CubeMX version: 6.16.0
2025-12-13 09:30:25,749 [ERROR] AppliInfo:139 - Unknown STM32CubeMX version: 6.16.0
2025-12-13 09:30:25,749 [ERROR] AppliInfo:139 - Unknown STM32CubeMX version: 6.16.0
2025-12-13 09:30:25,749 [ERROR] AppliInfo:139 - Unknown STM32CubeMX version: 6.16.0
2025-12-13 09:30:25,749 [ERROR] AppliInfo:139 - Unknown STM32CubeMX version: 6.16.0
2025-12-13 09:30:25,749 [ERROR] AppliInfo:139 - Unknown STM32CubeMX version: 6.16.0
2025-12-13 09:30:25,749 [ERROR] AppliInfo:139 - Unknown STM32CubeMX version: 6.16.0
2025-12-13 09:30:25,750 [ERROR] AppliInfo:139 - Unknown STM32CubeMX version: 6.16.0
2025-12-13 09:30:25,750 [ERROR] AppliInfo:139 - Unknown STM32CubeMX version: 6.16.0
2025-12-13 09:30:25,750 [ERROR] AppliInfo:139 - Unknown STM32CubeMX version: 6.16.0
2025-12-13 09:30:25,750 [ERROR] AppliInfo:139 - Unknown STM32CubeMX version: 6.16.0
2025-12-13 09:30:25,750 [ERROR] AppliInfo:139 - Unknown STM32CubeMX version: 6.16.0
2025-12-13 09:30:25,750 [ERROR] AppliInfo:139 - Unknown STM32CubeMX version: 6.16.0
2025-12-13 09:30:25,750 [ERROR] AppliInfo:139 - Unknown STM32CubeMX version: 6.16.0
2025-12-13 09:30:25,750 [ERROR] AppliInfo:139 - Unknown STM32CubeMX version: 6.16.0
2025-12-13 09:30:25,751 [ERROR] AppliInfo:139 - Unknown STM32CubeMX version: 6.16.0
2025-12-13 09:30:25,751 [ERROR] AppliInfo:139 - Unknown STM32CubeMX version: 6.16.0
2025-12-13 09:30:25,751 [ERROR] AppliInfo:139 - Unknown STM32CubeMX version: 6.16.0
2025-12-13 09:30:25,763 [ERROR] AppliInfo:139 - Unknown STM32CubeMX version: 6.16.0
2025-12-13 09:30:25,764 [ERROR] AppliInfo:139 - Unknown STM32CubeMX version: 6.16.0
2025-12-13 09:30:25,764 [ERROR] AppliInfo:139 - Unknown STM32CubeMX version: 6.16.0
2025-12-13 09:30:25,771 [ERROR] AppliInfo:139 - Unknown STM32CubeMX version: 6.16.0
2025-12-13 09:30:25,771 [ERROR] AppliInfo:139 - Unknown STM32CubeMX version: 6.16.0
2025-12-13 09:30:25,771 [ERROR] AppliInfo:139 - Unknown STM32CubeMX version: 6.16.0
2025-12-13 09:30:25,771 [ERROR] AppliInfo:139 - Unknown STM32CubeMX version: 6.16.0
2025-12-13 09:30:25,771 [ERROR] AppliInfo:139 - Unknown STM32CubeMX version: 6.16.0
2025-12-13 09:30:25,771 [ERROR] AppliInfo:139 - Unknown STM32CubeMX version: 6.16.0
2025-12-13 09:30:25,771 [ERROR] AppliInfo:139 - Unknown STM32CubeMX version: 6.16.0
2025-12-13 09:30:25,772 [ERROR] AppliInfo:139 - Unknown STM32CubeMX version: 6.16.0
2025-12-13 09:30:25,772 [ERROR] AppliInfo:139 - Unknown STM32CubeMX version: 6.16.0
2025-12-13 09:30:25,772 [ERROR] AppliInfo:139 - Unknown STM32CubeMX version: 6.16.0
2025-12-13 09:30:25,772 [ERROR] AppliInfo:139 - Unknown STM32CubeMX version: 6.16.0
2025-12-13 09:30:25,773 [ERROR] AppliInfo:139 - Unknown STM32CubeMX version: 6.16.0
2025-12-13 09:30:25,773 [ERROR] AppliInfo:139 - Unknown STM32CubeMX version: 6.16.0
2025-12-13 09:30:25,773 [ERROR] AppliInfo:139 - Unknown STM32CubeMX version: 6.16.0
2025-12-13 09:30:25,773 [ERROR] AppliInfo:139 - Unknown STM32CubeMX version: 6.16.0
2025-12-13 09:30:25,773 [ERROR] AppliInfo:139 - Unknown STM32CubeMX version: 6.16.0
2025-12-13 09:30:25,773 [ERROR] AppliInfo:139 - Unknown STM32CubeMX version: 6.16.0
2025-12-13 09:30:25,774 [ERROR] AppliInfo:139 - Unknown STM32CubeMX version: 6.16.0
2025-12-13 09:30:25,774 [ERROR] AppliInfo:139 - Unknown STM32CubeMX version: 6.16.0
2025-12-13 09:30:25,774 [ERROR] AppliInfo:139 - Unknown STM32CubeMX version: 6.16.0
2025-12-13 09:30:25,774 [ERROR] AppliInfo:139 - Unknown STM32CubeMX version: 6.16.0
2025-12-13 09:30:25,774 [ERROR] AppliInfo:139 - Unknown STM32CubeMX version: 6.16.0
2025-12-13 09:30:25,775 [ERROR] AppliInfo:139 - Unknown STM32CubeMX version: 6.16.0
2025-12-13 09:30:25,775 [ERROR] AppliInfo:139 - Unknown STM32CubeMX version: 6.16.0
2025-12-13 09:30:25,775 [ERROR] AppliInfo:139 - Unknown STM32CubeMX version: 6.16.0
2025-12-13 09:30:25,775 [ERROR] AppliInfo:139 - Unknown STM32CubeMX version: 6.16.0
2025-12-13 09:30:25,775 [ERROR] AppliInfo:139 - Unknown STM32CubeMX version: 6.16.0
2025-12-13 09:30:25,775 [ERROR] AppliInfo:139 - Unknown STM32CubeMX version: 6.16.0
2025-12-13 09:30:25,775 [ERROR] AppliInfo:139 - Unknown STM32CubeMX version: 6.16.0
2025-12-13 09:30:25,775 [ERROR] AppliInfo:139 - Unknown STM32CubeMX version: 6.16.0
2025-12-13 09:30:25,775 [ERROR] AppliInfo:139 - Unknown STM32CubeMX version: 6.16.0
2025-12-13 09:30:25,775 [ERROR] AppliInfo:139 - Unknown STM32CubeMX version: 6.16.0
2025-12-13 09:30:25,776 [ERROR] AppliInfo:139 - Unknown STM32CubeMX version: 6.16.0
2025-12-13 09:30:25,776 [ERROR] AppliInfo:139 - Unknown STM32CubeMX version: 6.16.0
2025-12-13 09:30:25,776 [ERROR] AppliInfo:139 - Unknown STM32CubeMX version: 6.16.0
2025-12-13 09:30:25,776 [ERROR] AppliInfo:139 - Unknown STM32CubeMX version: 6.16.0
2025-12-13 09:30:25,776 [ERROR] AppliInfo:139 - Unknown STM32CubeMX version: 6.16.0
2025-12-13 09:30:25,776 [ERROR] AppliInfo:139 - Unknown STM32CubeMX version: 6.16.0
2025-12-13 09:30:25,776 [ERROR] AppliInfo:139 - Unknown STM32CubeMX version: 6.16.0
2025-12-13 09:30:25,776 [ERROR] AppliInfo:139 - Unknown STM32CubeMX version: 6.16.0
2025-12-13 09:30:25,776 [ERROR] AppliInfo:139 - Unknown STM32CubeMX version: 6.16.0
2025-12-13 09:30:25,777 [ERROR] AppliInfo:139 - Unknown STM32CubeMX version: 6.16.0
2025-12-13 09:30:25,777 [ERROR] AppliInfo:139 - Unknown STM32CubeMX version: 6.16.0
2025-12-13 09:30:25,777 [ERROR] AppliInfo:139 - Unknown STM32CubeMX version: 6.16.0
2025-12-13 09:30:25,777 [ERROR] AppliInfo:139 - Unknown STM32CubeMX version: 6.16.0
2025-12-13 09:30:25,777 [ERROR] AppliInfo:139 - Unknown STM32CubeMX version: 6.16.0
2025-12-13 09:30:25,777 [ERROR] AppliInfo:139 - Unknown STM32CubeMX version: 6.16.0
2025-12-13 09:30:25,777 [ERROR] AppliInfo:139 - Unknown STM32CubeMX version: 6.16.0
2025-12-13 09:30:25,777 [ERROR] AppliInfo:139 - Unknown STM32CubeMX version: 6.16.0
2025-12-13 09:30:25,777 [ERROR] AppliInfo:139 - Unknown STM32CubeMX version: 6.16.0
2025-12-13 09:30:25,777 [ERROR] AppliInfo:139 - Unknown STM32CubeMX version: 6.16.0
2025-12-13 09:30:25,778 [ERROR] AppliInfo:139 - Unknown STM32CubeMX version: 6.16.0
2025-12-13 09:30:25,778 [ERROR] AppliInfo:139 - Unknown STM32CubeMX version: 6.16.0
2025-12-13 09:30:25,778 [ERROR] AppliInfo:139 - Unknown STM32CubeMX version: 6.16.0
2025-12-13 09:30:25,778 [ERROR] AppliInfo:139 - Unknown STM32CubeMX version: 6.16.0
2025-12-13 09:30:25,778 [ERROR] AppliInfo:139 - Unknown STM32CubeMX version: 6.16.0
2025-12-13 09:30:25,778 [ERROR] AppliInfo:139 - Unknown STM32CubeMX version: 6.16.0
2025-12-13 09:30:25,778 [ERROR] AppliInfo:139 - Unknown STM32CubeMX version: 6.16.0
2025-12-13 09:30:25,778 [ERROR] AppliInfo:139 - Unknown STM32CubeMX version: 6.16.0
2025-12-13 09:30:25,779 [ERROR] AppliInfo:139 - Unknown STM32CubeMX version: 6.16.0
2025-12-13 09:30:46,232 [ERROR] AppliInfo:139 - Unknown STM32CubeMX version: 6.16.0
2025-12-13 09:30:46,232 [ERROR] AppliInfo:139 - Unknown STM32CubeMX version: 6.16.0
2025-12-13 09:30:46,232 [ERROR] AppliInfo:139 - Unknown STM32CubeMX version: 6.16.0
2025-12-13 09:30:46,232 [ERROR] AppliInfo:139 - Unknown STM32CubeMX version: 6.16.0
2025-12-13 09:30:46,232 [ERROR] AppliInfo:139 - Unknown STM32CubeMX version: 6.16.0
2025-12-13 09:30:46,247 [ERROR] AppliInfo:139 - Unknown STM32CubeMX version: 6.16.0
2025-12-13 09:30:46,247 [ERROR] AppliInfo:139 - Unknown STM32CubeMX version: 6.16.0
2025-12-13 09:30:46,247 [ERROR] AppliInfo:139 - Unknown STM32CubeMX version: 6.16.0
2025-12-13 09:30:46,319 [ERROR] AppliInfo:139 - Unknown STM32CubeMX version: 6.16.0
2025-12-13 09:30:46,332 [ERROR] AppliInfo:139 - Unknown STM32CubeMX version: 6.16.0
2025-12-13 09:30:46,333 [ERROR] AppliInfo:139 - Unknown STM32CubeMX version: 6.16.0
2025-12-13 09:30:46,333 [ERROR] AppliInfo:139 - Unknown STM32CubeMX version: 6.16.0
2025-12-13 09:30:46,333 [ERROR] AppliInfo:139 - Unknown STM32CubeMX version: 6.16.0
2025-12-13 09:30:46,333 [ERROR] AppliInfo:139 - Unknown STM32CubeMX version: 6.16.0
2025-12-13 09:30:46,334 [ERROR] AppliInfo:139 - Unknown STM32CubeMX version: 6.16.0
2025-12-13 09:30:46,334 [ERROR] AppliInfo:139 - Unknown STM32CubeMX version: 6.16.0
2025-12-13 09:30:46,334 [ERROR] AppliInfo:139 - Unknown STM32CubeMX version: 6.16.0
2025-12-13 09:30:46,334 [ERROR] AppliInfo:139 - Unknown STM32CubeMX version: 6.16.0
2025-12-13 09:30:46,334 [ERROR] AppliInfo:139 - Unknown STM32CubeMX version: 6.16.0
2025-12-13 09:30:46,334 [ERROR] AppliInfo:139 - Unknown STM32CubeMX version: 6.16.0
2025-12-13 09:30:46,336 [ERROR] AppliInfo:139 - Unknown STM32CubeMX version: 6.16.0
2025-12-13 09:30:46,336 [ERROR] AppliInfo:139 - Unknown STM32CubeMX version: 6.16.0
2025-12-13 09:30:46,337 [ERROR] AppliInfo:139 - Unknown STM32CubeMX version: 6.16.0
2025-12-13 09:30:46,337 [ERROR] AppliInfo:139 - Unknown STM32CubeMX version: 6.16.0
2025-12-13 09:30:46,337 [ERROR] AppliInfo:139 - Unknown STM32CubeMX version: 6.16.0
2025-12-13 09:30:46,337 [ERROR] AppliInfo:139 - Unknown STM32CubeMX version: 6.16.0
2025-12-13 09:30:46,339 [ERROR] AppliInfo:139 - Unknown STM32CubeMX version: 6.16.0
2025-12-13 09:30:46,340 [ERROR] AppliInfo:139 - Unknown STM32CubeMX version: 6.16.0
2025-12-13 09:30:46,340 [ERROR] AppliInfo:139 - Unknown STM32CubeMX version: 6.16.0
2025-12-13 09:30:46,340 [ERROR] AppliInfo:139 - Unknown STM32CubeMX version: 6.16.0
2025-12-13 09:30:46,340 [ERROR] AppliInfo:139 - Unknown STM32CubeMX version: 6.16.0
2025-12-13 09:30:46,341 [ERROR] AppliInfo:139 - Unknown STM32CubeMX version: 6.16.0
2025-12-13 09:30:46,341 [ERROR] AppliInfo:139 - Unknown STM32CubeMX version: 6.16.0
2025-12-13 09:30:46,341 [ERROR] AppliInfo:139 - Unknown STM32CubeMX version: 6.16.0
2025-12-13 09:30:46,342 [ERROR] AppliInfo:139 - Unknown STM32CubeMX version: 6.16.0
2025-12-13 09:30:46,342 [ERROR] AppliInfo:139 - Unknown STM32CubeMX version: 6.16.0
2025-12-13 09:30:46,342 [ERROR] AppliInfo:139 - Unknown STM32CubeMX version: 6.16.0
2025-12-13 09:30:46,342 [ERROR] AppliInfo:139 - Unknown STM32CubeMX version: 6.16.0
2025-12-13 09:30:46,343 [ERROR] AppliInfo:139 - Unknown STM32CubeMX version: 6.16.0
2025-12-13 09:30:46,343 [ERROR] AppliInfo:139 - Unknown STM32CubeMX version: 6.16.0
2025-12-13 09:30:46,343 [ERROR] AppliInfo:139 - Unknown STM32CubeMX version: 6.16.0
2025-12-13 09:30:46,343 [ERROR] AppliInfo:139 - Unknown STM32CubeMX version: 6.16.0
2025-12-13 09:30:46,344 [ERROR] AppliInfo:139 - Unknown STM32CubeMX version: 6.16.0
2025-12-13 09:30:46,344 [ERROR] AppliInfo:139 - Unknown STM32CubeMX version: 6.16.0
2025-12-13 09:30:46,345 [ERROR] AppliInfo:139 - Unknown STM32CubeMX version: 6.16.0
2025-12-13 09:30:46,345 [ERROR] AppliInfo:139 - Unknown STM32CubeMX version: 6.16.0
2025-12-13 09:30:46,345 [ERROR] AppliInfo:139 - Unknown STM32CubeMX version: 6.16.0
2025-12-13 09:30:46,395 [ERROR] AppliInfo:139 - Unknown STM32CubeMX version: 6.16.0
2025-12-13 09:30:46,410 [ERROR] AppliInfo:139 - Unknown STM32CubeMX version: 6.16.0
2025-12-13 09:30:46,410 [ERROR] AppliInfo:139 - Unknown STM32CubeMX version: 6.16.0
2025-12-13 09:30:46,410 [ERROR] AppliInfo:139 - Unknown STM32CubeMX version: 6.16.0
2025-12-13 09:30:46,410 [ERROR] AppliInfo:139 - Unknown STM32CubeMX version: 6.16.0
2025-12-13 09:30:46,410 [ERROR] AppliInfo:139 - Unknown STM32CubeMX version: 6.16.0
2025-12-13 09:30:46,410 [ERROR] AppliInfo:139 - Unknown STM32CubeMX version: 6.16.0
2025-12-13 09:30:46,430 [ERROR] AppliInfo:139 - Unknown STM32CubeMX version: 6.12.1
2025-12-13 09:30:46,431 [ERROR] AppliInfo:139 - Unknown STM32CubeMX version: 6.16.0
2025-12-13 09:30:46,431 [ERROR] AppliInfo:139 - Unknown STM32CubeMX version: 6.16.0
2025-12-13 09:30:46,431 [ERROR] AppliInfo:139 - Unknown STM32CubeMX version: 6.16.0
2025-12-13 09:30:46,431 [ERROR] AppliInfo:139 - Unknown STM32CubeMX version: 6.16.0
2025-12-13 09:30:46,431 [ERROR] AppliInfo:139 - Unknown STM32CubeMX version: 6.16.0
2025-12-13 09:30:46,431 [ERROR] AppliInfo:139 - Unknown STM32CubeMX version: 6.16.0
2025-12-13 09:30:46,431 [ERROR] AppliInfo:139 - Unknown STM32CubeMX version: 6.16.0
2025-12-13 09:30:46,431 [ERROR] AppliInfo:139 - Unknown STM32CubeMX version: 6.16.0
2025-12-13 09:30:46,431 [ERROR] AppliInfo:139 - Unknown STM32CubeMX version: 6.16.0
2025-12-13 09:30:46,431 [ERROR] AppliInfo:139 - Unknown STM32CubeMX version: 6.16.0
2025-12-13 09:30:46,431 [ERROR] AppliInfo:139 - Unknown STM32CubeMX version: 6.16.0
2025-12-13 09:30:46,432 [ERROR] AppliInfo:139 - Unknown STM32CubeMX version: 6.16.0
2025-12-13 09:30:46,432 [ERROR] AppliInfo:139 - Unknown STM32CubeMX version: 6.16.0
2025-12-13 09:30:46,432 [ERROR] AppliInfo:139 - Unknown STM32CubeMX version: 6.16.0
2025-12-13 09:30:46,432 [ERROR] AppliInfo:139 - Unknown STM32CubeMX version: 6.16.0
2025-12-13 09:30:46,432 [ERROR] AppliInfo:139 - Unknown STM32CubeMX version: 6.16.0
2025-12-13 09:30:46,432 [ERROR] AppliInfo:139 - Unknown STM32CubeMX version: 6.16.0
2025-12-13 09:30:46,432 [ERROR] AppliInfo:139 - Unknown STM32CubeMX version: 6.16.0
2025-12-13 09:30:46,432 [ERROR] AppliInfo:139 - Unknown STM32CubeMX version: 6.16.0
2025-12-13 09:30:46,432 [ERROR] AppliInfo:139 - Unknown STM32CubeMX version: 6.16.0
2025-12-13 09:30:46,435 [ERROR] AppliInfo:139 - Unknown STM32CubeMX version: 6.16.0
2025-12-13 09:30:46,435 [ERROR] AppliInfo:139 - Unknown STM32CubeMX version: 6.16.0
2025-12-13 09:30:46,435 [ERROR] AppliInfo:139 - Unknown STM32CubeMX version: 6.16.0
2025-12-13 09:30:46,435 [ERROR] AppliInfo:139 - Unknown STM32CubeMX version: 6.16.0
2025-12-13 09:30:46,435 [ERROR] AppliInfo:139 - Unknown STM32CubeMX version: 6.16.0
2025-12-13 09:30:46,436 [ERROR] AppliInfo:139 - Unknown STM32CubeMX version: 6.16.0
2025-12-13 09:30:46,436 [ERROR] AppliInfo:139 - Unknown STM32CubeMX version: 6.16.0
2025-12-13 09:30:46,436 [ERROR] AppliInfo:139 - Unknown STM32CubeMX version: 6.16.0
2025-12-13 09:30:46,436 [ERROR] AppliInfo:139 - Unknown STM32CubeMX version: 6.16.0
2025-12-13 09:30:46,436 [ERROR] AppliInfo:139 - Unknown STM32CubeMX version: 6.16.0
2025-12-13 09:30:46,436 [ERROR] AppliInfo:139 - Unknown STM32CubeMX version: 6.16.0
2025-12-13 09:30:46,436 [ERROR] AppliInfo:139 - Unknown STM32CubeMX version: 6.16.0
2025-12-13 09:30:46,436 [ERROR] AppliInfo:139 - Unknown STM32CubeMX version: 6.16.0
2025-12-13 09:30:46,436 [ERROR] AppliInfo:139 - Unknown STM32CubeMX version: 6.16.0
2025-12-13 09:30:46,436 [ERROR] AppliInfo:139 - Unknown STM32CubeMX version: 6.16.0
2025-12-13 09:30:46,437 [ERROR] AppliInfo:139 - Unknown STM32CubeMX version: 6.16.0
2025-12-13 09:30:46,437 [ERROR] AppliInfo:139 - Unknown STM32CubeMX version: 6.16.0
2025-12-13 09:30:46,437 [ERROR] AppliInfo:139 - Unknown STM32CubeMX version: 6.16.0
2025-12-13 09:30:46,437 [ERROR] AppliInfo:139 - Unknown STM32CubeMX version: 6.16.0
2025-12-13 09:30:46,437 [ERROR] AppliInfo:139 - Unknown STM32CubeMX version: 6.16.0
2025-12-13 09:30:46,437 [ERROR] AppliInfo:139 - Unknown STM32CubeMX version: 6.16.0
2025-12-13 09:30:46,446 [ERROR] AppliInfo:139 - Unknown STM32CubeMX version: 6.16.0
2025-12-13 09:30:46,446 [ERROR] AppliInfo:139 - Unknown STM32CubeMX version: 6.16.0
2025-12-13 09:30:46,446 [ERROR] AppliInfo:139 - Unknown STM32CubeMX version: 6.16.0
2025-12-13 09:30:46,446 [ERROR] AppliInfo:139 - Unknown STM32CubeMX version: 6.16.0
2025-12-13 09:30:46,446 [ERROR] AppliInfo:139 - Unknown STM32CubeMX version: 6.16.0
2025-12-13 09:30:46,446 [ERROR] AppliInfo:139 - Unknown STM32CubeMX version: 6.16.0
2025-12-13 09:30:46,446 [ERROR] AppliInfo:139 - Unknown STM32CubeMX version: 6.16.0
2025-12-13 09:30:46,446 [ERROR] AppliInfo:139 - Unknown STM32CubeMX version: 6.16.0
2025-12-13 09:30:46,446 [ERROR] AppliInfo:139 - Unknown STM32CubeMX version: 6.16.0
2025-12-13 09:30:46,446 [ERROR] AppliInfo:139 - Unknown STM32CubeMX version: 6.16.0
2025-12-13 09:30:46,446 [ERROR] AppliInfo:139 - Unknown STM32CubeMX version: 6.16.0
2025-12-13 09:30:46,447 [ERROR] AppliInfo:139 - Unknown STM32CubeMX version: 6.16.0
2025-12-13 09:30:46,447 [ERROR] AppliInfo:139 - Unknown STM32CubeMX version: 6.16.0
2025-12-13 09:30:46,447 [ERROR] AppliInfo:139 - Unknown STM32CubeMX version: 6.16.0
2025-12-13 09:30:46,447 [ERROR] AppliInfo:139 - Unknown STM32CubeMX version: 6.16.0
2025-12-13 09:30:46,447 [ERROR] AppliInfo:139 - Unknown STM32CubeMX version: 6.16.0
2025-12-13 09:30:46,447 [ERROR] AppliInfo:139 - Unknown STM32CubeMX version: 6.16.0
2025-12-13 09:30:46,447 [ERROR] AppliInfo:139 - Unknown STM32CubeMX version: 6.16.0
2025-12-13 09:30:46,447 [ERROR] AppliInfo:139 - Unknown STM32CubeMX version: 6.16.0
2025-12-13 09:30:46,447 [ERROR] AppliInfo:139 - Unknown STM32CubeMX version: 6.16.0
2025-12-13 09:30:46,447 [ERROR] AppliInfo:139 - Unknown STM32CubeMX version: 6.16.0
2025-12-13 09:30:46,452 [ERROR] AppliInfo:139 - Unknown STM32CubeMX version: 6.16.0
2025-12-13 09:30:46,452 [ERROR] AppliInfo:139 - Unknown STM32CubeMX version: 6.16.0
2025-12-13 09:30:46,452 [ERROR] AppliInfo:139 - Unknown STM32CubeMX version: 6.16.0
2025-12-13 09:30:46,452 [ERROR] AppliInfo:139 - Unknown STM32CubeMX version: 6.16.0
2025-12-13 09:30:46,452 [ERROR] AppliInfo:139 - Unknown STM32CubeMX version: 6.16.0
2025-12-13 09:30:46,453 [ERROR] AppliInfo:139 - Unknown STM32CubeMX version: 6.16.0
2025-12-13 09:30:46,453 [ERROR] AppliInfo:139 - Unknown STM32CubeMX version: 6.16.0
2025-12-13 09:30:46,453 [ERROR] AppliInfo:139 - Unknown STM32CubeMX version: 6.16.0
2025-12-13 09:30:46,453 [ERROR] AppliInfo:139 - Unknown STM32CubeMX version: 6.16.0
2025-12-13 09:30:46,453 [ERROR] AppliInfo:139 - Unknown STM32CubeMX version: 6.16.0
2025-12-13 09:30:46,453 [ERROR] AppliInfo:139 - Unknown STM32CubeMX version: 6.16.0
2025-12-13 09:30:46,453 [ERROR] AppliInfo:139 - Unknown STM32CubeMX version: 6.16.0
2025-12-13 09:30:46,454 [ERROR] AppliInfo:139 - Unknown STM32CubeMX version: 6.16.0
2025-12-13 09:30:46,454 [ERROR] AppliInfo:139 - Unknown STM32CubeMX version: 6.16.0
2025-12-13 09:30:46,454 [ERROR] AppliInfo:139 - Unknown STM32CubeMX version: 6.16.0
2025-12-13 09:30:46,454 [ERROR] AppliInfo:139 - Unknown STM32CubeMX version: 6.16.0
2025-12-13 09:30:46,455 [ERROR] AppliInfo:139 - Unknown STM32CubeMX version: 6.16.0
2025-12-13 09:30:46,455 [ERROR] AppliInfo:139 - Unknown STM32CubeMX version: 6.16.0
2025-12-13 09:30:46,455 [ERROR] AppliInfo:139 - Unknown STM32CubeMX version: 6.16.0
2025-12-13 09:30:46,455 [ERROR] AppliInfo:139 - Unknown STM32CubeMX version: 6.16.0
2025-12-13 09:30:46,455 [ERROR] AppliInfo:139 - Unknown STM32CubeMX version: 6.16.0
2025-12-13 09:30:46,455 [ERROR] AppliInfo:139 - Unknown STM32CubeMX version: 6.16.0
2025-12-13 09:30:46,455 [ERROR] AppliInfo:139 - Unknown STM32CubeMX version: 6.16.0
2025-12-13 09:30:46,456 [ERROR] AppliInfo:139 - Unknown STM32CubeMX version: 6.16.0
2025-12-13 09:30:46,456 [ERROR] AppliInfo:139 - Unknown STM32CubeMX version: 6.16.0
2025-12-13 09:30:46,456 [ERROR] AppliInfo:139 - Unknown STM32CubeMX version: 6.16.0
2025-12-13 09:30:46,456 [ERROR] AppliInfo:139 - Unknown STM32CubeMX version: 6.16.0
2025-12-13 09:30:46,456 [ERROR] AppliInfo:139 - Unknown STM32CubeMX version: 6.16.0
2025-12-13 09:30:46,457 [ERROR] AppliInfo:139 - Unknown STM32CubeMX version: 6.16.0
2025-12-13 09:30:46,457 [ERROR] AppliInfo:139 - Unknown STM32CubeMX version: 6.16.0
2025-12-13 09:30:46,457 [ERROR] AppliInfo:139 - Unknown STM32CubeMX version: 6.16.0
2025-12-13 09:30:46,457 [ERROR] AppliInfo:139 - Unknown STM32CubeMX version: 6.16.0
2025-12-13 09:30:46,457 [ERROR] AppliInfo:139 - Unknown STM32CubeMX version: 6.16.0
2025-12-13 09:30:46,457 [ERROR] AppliInfo:139 - Unknown STM32CubeMX version: 6.16.0
2025-12-13 09:30:46,457 [ERROR] AppliInfo:139 - Unknown STM32CubeMX version: 6.16.0
2025-12-13 09:30:46,458 [ERROR] AppliInfo:139 - Unknown STM32CubeMX version: 6.16.0
2025-12-13 09:30:46,458 [ERROR] AppliInfo:139 - Unknown STM32CubeMX version: 6.16.0
2025-12-13 09:30:46,458 [ERROR] AppliInfo:139 - Unknown STM32CubeMX version: 6.16.0
2025-12-13 09:30:46,458 [ERROR] AppliInfo:139 - Unknown STM32CubeMX version: 6.16.0
2025-12-13 09:30:46,458 [ERROR] AppliInfo:139 - Unknown STM32CubeMX version: 6.16.0
2025-12-13 09:30:46,459 [ERROR] AppliInfo:139 - Unknown STM32CubeMX version: 6.16.0
2025-12-13 09:30:46,459 [ERROR] AppliInfo:139 - Unknown STM32CubeMX version: 6.16.0
2025-12-13 09:30:46,459 [ERROR] AppliInfo:139 - Unknown STM32CubeMX version: 6.16.0
2025-12-13 09:30:46,459 [ERROR] AppliInfo:139 - Unknown STM32CubeMX version: 6.16.0
2025-12-13 09:30:46,459 [ERROR] AppliInfo:139 - Unknown STM32CubeMX version: 6.16.0
2025-12-13 09:30:46,460 [ERROR] AppliInfo:139 - Unknown STM32CubeMX version: 6.16.0
2025-12-13 09:30:46,460 [ERROR] AppliInfo:139 - Unknown STM32CubeMX version: 6.16.0
2025-12-13 09:30:46,461 [ERROR] AppliInfo:139 - Unknown STM32CubeMX version: 6.16.0
2025-12-13 09:30:46,461 [ERROR] AppliInfo:139 - Unknown STM32CubeMX version: 6.16.0
2025-12-13 09:30:46,461 [ERROR] AppliInfo:139 - Unknown STM32CubeMX version: 6.16.0
2025-12-13 09:30:46,461 [ERROR] AppliInfo:139 - Unknown STM32CubeMX version: 6.16.0
2025-12-13 09:30:46,461 [ERROR] AppliInfo:139 - Unknown STM32CubeMX version: 6.16.0
2025-12-13 09:30:46,461 [ERROR] AppliInfo:139 - Unknown STM32CubeMX version: 6.16.0
2025-12-13 09:30:46,461 [ERROR] AppliInfo:139 - Unknown STM32CubeMX version: 6.16.0
2025-12-13 09:30:46,461 [ERROR] AppliInfo:139 - Unknown STM32CubeMX version: 6.16.0
2025-12-13 09:30:46,461 [ERROR] AppliInfo:139 - Unknown STM32CubeMX version: 6.16.0
2025-12-13 09:30:46,462 [ERROR] AppliInfo:139 - Unknown STM32CubeMX version: 6.16.0
2025-12-13 09:30:46,462 [ERROR] AppliInfo:139 - Unknown STM32CubeMX version: 6.16.0
2025-12-13 09:30:46,462 [ERROR] AppliInfo:139 - Unknown STM32CubeMX version: 6.16.0
2025-12-13 09:30:46,462 [ERROR] AppliInfo:139 - Unknown STM32CubeMX version: 6.16.0
2025-12-13 09:30:46,462 [ERROR] AppliInfo:139 - Unknown STM32CubeMX version: 6.16.0
2025-12-13 09:30:46,462 [ERROR] AppliInfo:139 - Unknown STM32CubeMX version: 6.16.0
2025-12-13 09:30:46,462 [ERROR] AppliInfo:139 - Unknown STM32CubeMX version: 6.16.0
2025-12-13 09:30:46,463 [ERROR] AppliInfo:139 - Unknown STM32CubeMX version: 6.16.0
2025-12-13 09:30:46,463 [ERROR] AppliInfo:139 - Unknown STM32CubeMX version: 6.16.0
2025-12-13 09:30:46,463 [ERROR] AppliInfo:139 - Unknown STM32CubeMX version: 6.16.0
2025-12-13 09:30:46,467 [ERROR] AppliInfo:139 - Unknown STM32CubeMX version: 6.16.0
2025-12-13 09:30:46,467 [ERROR] AppliInfo:139 - Unknown STM32CubeMX version: 6.16.0
2025-12-13 09:30:46,473 [ERROR] AppliInfo:139 - Unknown STM32CubeMX version: 6.16.0
2025-12-13 09:30:46,473 [ERROR] AppliInfo:139 - Unknown STM32CubeMX version: 6.16.0
2025-12-13 09:30:46,473 [ERROR] AppliInfo:139 - Unknown STM32CubeMX version: 6.16.0
2025-12-13 09:30:46,474 [ERROR] AppliInfo:139 - Unknown STM32CubeMX version: 6.16.0
2025-12-13 09:30:46,474 [ERROR] AppliInfo:139 - Unknown STM32CubeMX version: 6.16.0
2025-12-13 09:30:46,474 [ERROR] AppliInfo:139 - Unknown STM32CubeMX version: 6.16.0
2025-12-13 09:30:46,474 [ERROR] AppliInfo:139 - Unknown STM32CubeMX version: 6.16.0
2025-12-13 09:30:46,475 [ERROR] AppliInfo:139 - Unknown STM32CubeMX version: 6.16.0
2025-12-13 09:30:46,475 [ERROR] AppliInfo:139 - Unknown STM32CubeMX version: 6.16.0
2025-12-13 09:30:46,475 [ERROR] AppliInfo:139 - Unknown STM32CubeMX version: 6.16.0
2025-12-13 09:30:46,475 [ERROR] AppliInfo:139 - Unknown STM32CubeMX version: 6.16.0
2025-12-13 09:30:46,475 [ERROR] AppliInfo:139 - Unknown STM32CubeMX version: 6.16.0
2025-12-13 09:30:46,475 [ERROR] AppliInfo:139 - Unknown STM32CubeMX version: 6.16.0
2025-12-13 09:30:46,475 [ERROR] AppliInfo:139 - Unknown STM32CubeMX version: 6.16.0
2025-12-13 09:30:46,475 [ERROR] AppliInfo:139 - Unknown STM32CubeMX version: 6.16.0
2025-12-13 09:30:46,476 [ERROR] AppliInfo:139 - Unknown STM32CubeMX version: 6.16.0
2025-12-13 09:30:46,476 [ERROR] AppliInfo:139 - Unknown STM32CubeMX version: 6.16.0
2025-12-13 09:30:46,476 [ERROR] AppliInfo:139 - Unknown STM32CubeMX version: 6.16.0
2025-12-13 09:30:46,476 [ERROR] AppliInfo:139 - Unknown STM32CubeMX version: 6.16.0
2025-12-13 09:30:46,476 [ERROR] AppliInfo:139 - Unknown STM32CubeMX version: 6.16.0
2025-12-13 09:30:46,476 [ERROR] AppliInfo:139 - Unknown STM32CubeMX version: 6.16.0
2025-12-13 09:30:46,476 [ERROR] AppliInfo:139 - Unknown STM32CubeMX version: 6.16.0
2025-12-13 09:30:46,476 [ERROR] AppliInfo:139 - Unknown STM32CubeMX version: 6.16.0
2025-12-13 09:30:46,476 [ERROR] AppliInfo:139 - Unknown STM32CubeMX version: 6.16.0
2025-12-13 09:30:46,476 [ERROR] AppliInfo:139 - Unknown STM32CubeMX version: 6.16.0
2025-12-13 09:30:46,477 [ERROR] AppliInfo:139 - Unknown STM32CubeMX version: 6.16.0
2025-12-13 09:30:46,481 [ERROR] AppliInfo:139 - Unknown STM32CubeMX version: 6.16.0
2025-12-13 09:30:46,481 [ERROR] AppliInfo:139 - Unknown STM32CubeMX version: 6.16.0
2025-12-13 09:30:46,481 [ERROR] AppliInfo:139 - Unknown STM32CubeMX version: 6.16.0
2025-12-13 09:30:46,481 [ERROR] AppliInfo:139 - Unknown STM32CubeMX version: 6.16.0
2025-12-13 09:30:46,482 [ERROR] AppliInfo:139 - Unknown STM32CubeMX version: 6.16.0
2025-12-13 09:30:46,482 [ERROR] AppliInfo:139 - Unknown STM32CubeMX version: 6.16.0
2025-12-13 09:30:46,482 [ERROR] AppliInfo:139 - Unknown STM32CubeMX version: 6.16.0
2025-12-13 09:30:46,483 [ERROR] AppliInfo:139 - Unknown STM32CubeMX version: 6.16.0
2025-12-13 09:30:46,483 [ERROR] AppliInfo:139 - Unknown STM32CubeMX version: 6.16.0
2025-12-13 09:30:46,483 [ERROR] AppliInfo:139 - Unknown STM32CubeMX version: 6.16.0
2025-12-13 09:30:46,483 [ERROR] AppliInfo:139 - Unknown STM32CubeMX version: 6.16.0
2025-12-13 09:30:46,484 [ERROR] AppliInfo:139 - Unknown STM32CubeMX version: 6.16.0
2025-12-13 09:30:46,484 [ERROR] AppliInfo:139 - Unknown STM32CubeMX version: 6.16.0
2025-12-13 09:30:46,484 [ERROR] AppliInfo:139 - Unknown STM32CubeMX version: 6.16.0
2025-12-13 09:30:46,484 [ERROR] AppliInfo:139 - Unknown STM32CubeMX version: 6.16.0
2025-12-13 09:30:46,484 [ERROR] AppliInfo:139 - Unknown STM32CubeMX version: 6.16.0
2025-12-13 09:30:46,484 [ERROR] AppliInfo:139 - Unknown STM32CubeMX version: 6.16.0
2025-12-13 09:30:46,484 [ERROR] AppliInfo:139 - Unknown STM32CubeMX version: 6.16.0
2025-12-13 09:30:46,484 [ERROR] AppliInfo:139 - Unknown STM32CubeMX version: 6.16.0
2025-12-13 09:30:46,486 [ERROR] AppliInfo:139 - Unknown STM32CubeMX version: 6.16.0
2025-12-13 09:30:46,486 [ERROR] AppliInfo:139 - Unknown STM32CubeMX version: 6.16.0
2025-12-13 09:30:46,486 [ERROR] AppliInfo:139 - Unknown STM32CubeMX version: 6.16.0
2025-12-13 09:30:46,486 [ERROR] AppliInfo:139 - Unknown STM32CubeMX version: 6.16.0
2025-12-13 09:30:46,486 [ERROR] AppliInfo:139 - Unknown STM32CubeMX version: 6.16.0
2025-12-13 09:30:46,487 [ERROR] AppliInfo:139 - Unknown STM32CubeMX version: 6.16.0
2025-12-13 09:30:46,487 [ERROR] AppliInfo:139 - Unknown STM32CubeMX version: 6.16.0
2025-12-13 09:30:46,487 [ERROR] AppliInfo:139 - Unknown STM32CubeMX version: 6.16.0
2025-12-13 09:30:46,487 [ERROR] AppliInfo:139 - Unknown STM32CubeMX version: 6.16.0
2025-12-13 09:30:46,487 [ERROR] AppliInfo:139 - Unknown STM32CubeMX version: 6.16.0
2025-12-13 09:30:46,488 [ERROR] AppliInfo:139 - Unknown STM32CubeMX version: 6.16.0
2025-12-13 09:30:46,488 [ERROR] AppliInfo:139 - Unknown STM32CubeMX version: 6.16.0
2025-12-13 09:30:46,488 [ERROR] AppliInfo:139 - Unknown STM32CubeMX version: 6.16.0
2025-12-13 09:30:46,488 [ERROR] AppliInfo:139 - Unknown STM32CubeMX version: 6.16.0
2025-12-13 09:30:46,488 [ERROR] AppliInfo:139 - Unknown STM32CubeMX version: 6.16.0
2025-12-13 09:30:46,488 [ERROR] AppliInfo:139 - Unknown STM32CubeMX version: 6.16.0
2025-12-13 09:30:46,488 [ERROR] AppliInfo:139 - Unknown STM32CubeMX version: 6.16.0
2025-12-13 09:30:46,488 [ERROR] AppliInfo:139 - Unknown STM32CubeMX version: 6.16.0
2025-12-13 09:30:46,489 [ERROR] AppliInfo:139 - Unknown STM32CubeMX version: 6.16.0
2025-12-13 09:30:46,489 [ERROR] AppliInfo:139 - Unknown STM32CubeMX version: 6.16.0
2025-12-13 09:30:46,489 [ERROR] AppliInfo:139 - Unknown STM32CubeMX version: 6.16.0
2025-12-13 09:30:46,489 [ERROR] AppliInfo:139 - Unknown STM32CubeMX version: 6.16.0
2025-12-13 09:30:46,489 [ERROR] AppliInfo:139 - Unknown STM32CubeMX version: 6.16.0
2025-12-13 09:30:46,489 [ERROR] AppliInfo:139 - Unknown STM32CubeMX version: 6.16.0
2025-12-13 09:30:46,489 [ERROR] AppliInfo:139 - Unknown STM32CubeMX version: 6.16.0
2025-12-13 09:30:46,490 [ERROR] AppliInfo:139 - Unknown STM32CubeMX version: 6.16.0
2025-12-13 09:30:46,490 [ERROR] AppliInfo:139 - Unknown STM32CubeMX version: 6.16.0
2025-12-13 09:30:46,490 [ERROR] AppliInfo:139 - Unknown STM32CubeMX version: 6.16.0
2025-12-13 09:30:46,490 [ERROR] AppliInfo:139 - Unknown STM32CubeMX version: 6.16.0
2025-12-13 09:30:46,490 [ERROR] AppliInfo:139 - Unknown STM32CubeMX version: 6.16.0
2025-12-13 09:30:46,490 [ERROR] AppliInfo:139 - Unknown STM32CubeMX version: 6.16.0
2025-12-13 09:30:46,490 [ERROR] AppliInfo:139 - Unknown STM32CubeMX version: 6.16.0
2025-12-13 09:30:46,490 [ERROR] AppliInfo:139 - Unknown STM32CubeMX version: 6.16.0
2025-12-13 09:30:46,491 [ERROR] AppliInfo:139 - Unknown STM32CubeMX version: 6.16.0
2025-12-13 09:30:46,491 [ERROR] AppliInfo:139 - Unknown STM32CubeMX version: 6.16.0
2025-12-13 09:30:46,491 [ERROR] AppliInfo:139 - Unknown STM32CubeMX version: 6.16.0
2025-12-13 09:30:46,491 [ERROR] AppliInfo:139 - Unknown STM32CubeMX version: 6.16.0
2025-12-13 09:30:46,491 [ERROR] AppliInfo:139 - Unknown STM32CubeMX version: 6.16.0
2025-12-13 09:30:46,491 [ERROR] AppliInfo:139 - Unknown STM32CubeMX version: 6.16.0
2025-12-13 09:30:46,491 [ERROR] AppliInfo:139 - Unknown STM32CubeMX version: 6.16.0
2025-12-13 09:30:46,491 [ERROR] AppliInfo:139 - Unknown STM32CubeMX version: 6.16.0
2025-12-13 09:30:46,493 [ERROR] AppliInfo:139 - Unknown STM32CubeMX version: 6.16.0
2025-12-13 09:30:46,493 [ERROR] AppliInfo:139 - Unknown STM32CubeMX version: 6.16.0
2025-12-13 09:30:46,493 [ERROR] AppliInfo:139 - Unknown STM32CubeMX version: 6.16.0
2025-12-13 09:30:46,493 [ERROR] AppliInfo:139 - Unknown STM32CubeMX version: 6.16.0
2025-12-13 09:30:46,493 [ERROR] AppliInfo:139 - Unknown STM32CubeMX version: 6.16.0
2025-12-13 09:30:46,494 [ERROR] AppliInfo:139 - Unknown STM32CubeMX version: 6.16.0
2025-12-13 09:30:46,494 [ERROR] AppliInfo:139 - Unknown STM32CubeMX version: 6.16.0
2025-12-13 09:30:46,494 [ERROR] AppliInfo:139 - Unknown STM32CubeMX version: 6.16.0
2025-12-13 09:30:46,494 [ERROR] AppliInfo:139 - Unknown STM32CubeMX version: 6.16.0
2025-12-13 09:30:46,494 [ERROR] AppliInfo:139 - Unknown STM32CubeMX version: 6.16.0
2025-12-13 09:30:46,494 [ERROR] AppliInfo:139 - Unknown STM32CubeMX version: 6.16.0
2025-12-13 09:30:46,494 [ERROR] AppliInfo:139 - Unknown STM32CubeMX version: 6.16.0
2025-12-13 09:30:46,494 [ERROR] AppliInfo:139 - Unknown STM32CubeMX version: 6.16.0
2025-12-13 09:30:46,494 [ERROR] AppliInfo:139 - Unknown STM32CubeMX version: 6.16.0
2025-12-13 09:30:46,495 [ERROR] AppliInfo:139 - Unknown STM32CubeMX version: 6.16.0
2025-12-13 09:30:46,495 [ERROR] AppliInfo:139 - Unknown STM32CubeMX version: 6.16.0
2025-12-13 09:30:46,495 [ERROR] AppliInfo:139 - Unknown STM32CubeMX version: 6.16.0
2025-12-13 09:30:46,496 [ERROR] AppliInfo:139 - Unknown STM32CubeMX version: 6.16.0
2025-12-13 09:30:46,496 [ERROR] AppliInfo:139 - Unknown STM32CubeMX version: 6.16.0
2025-12-13 09:30:46,496 [ERROR] AppliInfo:139 - Unknown STM32CubeMX version: 6.16.0
2025-12-13 09:30:46,496 [ERROR] AppliInfo:139 - Unknown STM32CubeMX version: 6.16.0
2025-12-13 09:30:46,497 [ERROR] AppliInfo:139 - Unknown STM32CubeMX version: 6.16.0
2025-12-13 09:30:46,497 [ERROR] AppliInfo:139 - Unknown STM32CubeMX version: 6.16.0
2025-12-13 09:30:46,497 [ERROR] AppliInfo:139 - Unknown STM32CubeMX version: 6.16.0
2025-12-13 09:30:46,497 [ERROR] AppliInfo:139 - Unknown STM32CubeMX version: 6.16.0
2025-12-13 09:30:46,497 [ERROR] AppliInfo:139 - Unknown STM32CubeMX version: 6.16.0
2025-12-13 09:30:46,497 [ERROR] AppliInfo:139 - Unknown STM32CubeMX version: 6.16.0
2025-12-13 09:30:46,497 [ERROR] AppliInfo:139 - Unknown STM32CubeMX version: 6.16.0
2025-12-13 09:30:46,497 [ERROR] AppliInfo:139 - Unknown STM32CubeMX version: 6.16.0
2025-12-13 09:30:46,497 [ERROR] AppliInfo:139 - Unknown STM32CubeMX version: 6.16.0
2025-12-13 09:30:46,497 [ERROR] AppliInfo:139 - Unknown STM32CubeMX version: 6.16.0
2025-12-13 09:30:46,498 [ERROR] AppliInfo:139 - Unknown STM32CubeMX version: 6.16.0
2025-12-13 09:30:46,498 [ERROR] AppliInfo:139 - Unknown STM32CubeMX version: 6.16.0
2025-12-13 09:30:46,498 [ERROR] AppliInfo:139 - Unknown STM32CubeMX version: 6.16.0
2025-12-13 09:30:46,498 [ERROR] AppliInfo:139 - Unknown STM32CubeMX version: 6.16.0
2025-12-13 09:30:46,498 [ERROR] AppliInfo:139 - Unknown STM32CubeMX version: 6.16.0
2025-12-13 09:30:46,498 [ERROR] AppliInfo:139 - Unknown STM32CubeMX version: 6.16.0
2025-12-13 09:30:46,498 [ERROR] AppliInfo:139 - Unknown STM32CubeMX version: 6.16.0
2025-12-13 09:30:46,498 [ERROR] AppliInfo:139 - Unknown STM32CubeMX version: 6.16.0
2025-12-13 09:30:46,499 [ERROR] AppliInfo:139 - Unknown STM32CubeMX version: 6.16.0
2025-12-13 09:30:46,818 [ERROR] AppliInfo:139 - Unknown STM32CubeMX version: 6.16.0
2025-12-13 09:30:46,818 [ERROR] AppliInfo:139 - Unknown STM32CubeMX version: 6.16.0
2025-12-13 09:30:46,818 [ERROR] AppliInfo:139 - Unknown STM32CubeMX version: 6.16.0
2025-12-13 09:30:46,818 [ERROR] AppliInfo:139 - Unknown STM32CubeMX version: 6.16.0
2025-12-13 09:30:46,818 [ERROR] AppliInfo:139 - Unknown STM32CubeMX version: 6.16.0
2025-12-13 09:30:46,818 [ERROR] AppliInfo:139 - Unknown STM32CubeMX version: 6.16.0
2025-12-13 09:30:46,818 [ERROR] AppliInfo:139 - Unknown STM32CubeMX version: 6.16.0
2025-12-13 09:30:46,819 [ERROR] AppliInfo:139 - Unknown STM32CubeMX version: 6.16.0
2025-12-13 09:30:46,819 [ERROR] AppliInfo:139 - Unknown STM32CubeMX version: 6.16.0
2025-12-13 09:30:46,819 [ERROR] AppliInfo:139 - Unknown STM32CubeMX version: 6.16.0
2025-12-13 09:30:46,819 [ERROR] AppliInfo:139 - Unknown STM32CubeMX version: 6.16.0
2025-12-13 09:30:46,819 [ERROR] AppliInfo:139 - Unknown STM32CubeMX version: 6.16.0
2025-12-13 09:30:46,819 [ERROR] AppliInfo:139 - Unknown STM32CubeMX version: 6.16.0
2025-12-13 09:30:46,819 [ERROR] AppliInfo:139 - Unknown STM32CubeMX version: 6.16.0
2025-12-13 09:30:46,819 [ERROR] AppliInfo:139 - Unknown STM32CubeMX version: 6.16.0
2025-12-13 09:30:46,819 [ERROR] AppliInfo:139 - Unknown STM32CubeMX version: 6.16.0
2025-12-13 09:30:46,820 [ERROR] AppliInfo:139 - Unknown STM32CubeMX version: 6.16.0
2025-12-13 09:30:46,820 [ERROR] AppliInfo:139 - Unknown STM32CubeMX version: 6.16.0
2025-12-13 09:30:46,820 [ERROR] AppliInfo:139 - Unknown STM32CubeMX version: 6.16.0
2025-12-13 09:30:46,832 [ERROR] AppliInfo:139 - Unknown STM32CubeMX version: 6.16.0
2025-12-13 09:30:46,832 [ERROR] AppliInfo:139 - Unknown STM32CubeMX version: 6.16.0
2025-12-13 09:30:46,832 [ERROR] AppliInfo:139 - Unknown STM32CubeMX version: 6.16.0
2025-12-13 09:30:46,833 [ERROR] AppliInfo:139 - Unknown STM32CubeMX version: 6.16.0
2025-12-13 09:30:46,833 [ERROR] AppliInfo:139 - Unknown STM32CubeMX version: 6.16.0
2025-12-13 09:30:46,833 [ERROR] AppliInfo:139 - Unknown STM32CubeMX version: 6.16.0
2025-12-13 09:30:46,833 [ERROR] AppliInfo:139 - Unknown STM32CubeMX version: 6.16.0
2025-12-13 09:30:46,833 [ERROR] AppliInfo:139 - Unknown STM32CubeMX version: 6.16.0
2025-12-13 09:30:46,833 [ERROR] AppliInfo:139 - Unknown STM32CubeMX version: 6.16.0
2025-12-13 09:30:46,833 [ERROR] AppliInfo:139 - Unknown STM32CubeMX version: 6.16.0
2025-12-13 09:30:46,833 [ERROR] AppliInfo:139 - Unknown STM32CubeMX version: 6.16.0
2025-12-13 09:30:46,834 [ERROR] AppliInfo:139 - Unknown STM32CubeMX version: 6.16.0
2025-12-13 09:30:46,834 [ERROR] AppliInfo:139 - Unknown STM32CubeMX version: 6.16.0
2025-12-13 09:30:46,839 [ERROR] AppliInfo:139 - Unknown STM32CubeMX version: 6.16.0
2025-12-13 09:30:46,839 [ERROR] AppliInfo:139 - Unknown STM32CubeMX version: 6.16.0
2025-12-13 09:30:46,839 [ERROR] AppliInfo:139 - Unknown STM32CubeMX version: 6.16.0
2025-12-13 09:30:46,845 [ERROR] AppliInfo:139 - Unknown STM32CubeMX version: 6.16.0
2025-12-13 09:30:46,845 [ERROR] AppliInfo:139 - Unknown STM32CubeMX version: 6.16.0
2025-12-13 09:30:46,845 [ERROR] AppliInfo:139 - Unknown STM32CubeMX version: 6.16.0
2025-12-13 09:30:46,845 [ERROR] AppliInfo:139 - Unknown STM32CubeMX version: 6.16.0
2025-12-13 09:30:46,845 [ERROR] AppliInfo:139 - Unknown STM32CubeMX version: 6.16.0
2025-12-13 09:30:46,845 [ERROR] AppliInfo:139 - Unknown STM32CubeMX version: 6.16.0
2025-12-13 09:30:46,845 [ERROR] AppliInfo:139 - Unknown STM32CubeMX version: 6.16.0
2025-12-13 09:30:46,845 [ERROR] AppliInfo:139 - Unknown STM32CubeMX version: 6.16.0
2025-12-13 09:30:46,845 [ERROR] AppliInfo:139 - Unknown STM32CubeMX version: 6.16.0
2025-12-13 09:30:46,846 [ERROR] AppliInfo:139 - Unknown STM32CubeMX version: 6.16.0
2025-12-13 09:30:46,846 [ERROR] AppliInfo:139 - Unknown STM32CubeMX version: 6.16.0
2025-12-13 09:30:46,846 [ERROR] AppliInfo:139 - Unknown STM32CubeMX version: 6.16.0
2025-12-13 09:30:46,846 [ERROR] AppliInfo:139 - Unknown STM32CubeMX version: 6.16.0
2025-12-13 09:30:46,846 [ERROR] AppliInfo:139 - Unknown STM32CubeMX version: 6.16.0
2025-12-13 09:30:46,846 [ERROR] AppliInfo:139 - Unknown STM32CubeMX version: 6.16.0
2025-12-13 09:30:46,846 [ERROR] AppliInfo:139 - Unknown STM32CubeMX version: 6.16.0
2025-12-13 09:30:46,846 [ERROR] AppliInfo:139 - Unknown STM32CubeMX version: 6.16.0
2025-12-13 09:30:46,847 [ERROR] AppliInfo:139 - Unknown STM32CubeMX version: 6.16.0
2025-12-13 09:30:46,847 [ERROR] AppliInfo:139 - Unknown STM32CubeMX version: 6.16.0
2025-12-13 09:30:46,847 [ERROR] AppliInfo:139 - Unknown STM32CubeMX version: 6.16.0
2025-12-13 09:30:46,847 [ERROR] AppliInfo:139 - Unknown STM32CubeMX version: 6.16.0
2025-12-13 09:30:46,847 [ERROR] AppliInfo:139 - Unknown STM32CubeMX version: 6.16.0
2025-12-13 09:30:46,847 [ERROR] AppliInfo:139 - Unknown STM32CubeMX version: 6.16.0
2025-12-13 09:30:46,847 [ERROR] AppliInfo:139 - Unknown STM32CubeMX version: 6.16.0
2025-12-13 09:30:46,847 [ERROR] AppliInfo:139 - Unknown STM32CubeMX version: 6.16.0
2025-12-13 09:30:46,848 [ERROR] AppliInfo:139 - Unknown STM32CubeMX version: 6.16.0
2025-12-13 09:30:46,848 [ERROR] AppliInfo:139 - Unknown STM32CubeMX version: 6.16.0
2025-12-13 09:30:46,848 [ERROR] AppliInfo:139 - Unknown STM32CubeMX version: 6.16.0
2025-12-13 09:30:46,848 [ERROR] AppliInfo:139 - Unknown STM32CubeMX version: 6.16.0
2025-12-13 09:30:46,848 [ERROR] AppliInfo:139 - Unknown STM32CubeMX version: 6.16.0
2025-12-13 09:30:46,848 [ERROR] AppliInfo:139 - Unknown STM32CubeMX version: 6.16.0
2025-12-13 09:30:46,848 [ERROR] AppliInfo:139 - Unknown STM32CubeMX version: 6.16.0
2025-12-13 09:30:46,852 [ERROR] AppliInfo:139 - Unknown STM32CubeMX version: 6.16.0
2025-12-13 09:30:46,852 [ERROR] AppliInfo:139 - Unknown STM32CubeMX version: 6.16.0
2025-12-13 09:30:46,852 [ERROR] AppliInfo:139 - Unknown STM32CubeMX version: 6.16.0
2025-12-13 09:30:46,852 [ERROR] AppliInfo:139 - Unknown STM32CubeMX version: 6.16.0
2025-12-13 09:30:46,852 [ERROR] AppliInfo:139 - Unknown STM32CubeMX version: 6.16.0
2025-12-13 09:30:46,852 [ERROR] AppliInfo:139 - Unknown STM32CubeMX version: 6.16.0
2025-12-13 09:30:46,852 [ERROR] AppliInfo:139 - Unknown STM32CubeMX version: 6.16.0
2025-12-13 09:30:46,852 [ERROR] AppliInfo:139 - Unknown STM32CubeMX version: 6.16.0
2025-12-13 09:30:46,852 [ERROR] AppliInfo:139 - Unknown STM32CubeMX version: 6.16.0
2025-12-13 09:30:46,853 [ERROR] AppliInfo:139 - Unknown STM32CubeMX version: 6.16.0
2025-12-13 09:30:46,853 [ERROR] AppliInfo:139 - Unknown STM32CubeMX version: 6.16.0
2025-12-13 09:30:46,853 [ERROR] AppliInfo:139 - Unknown STM32CubeMX version: 6.16.0
2025-12-13 09:30:46,853 [ERROR] AppliInfo:139 - Unknown STM32CubeMX version: 6.16.0
2025-12-13 09:30:46,853 [ERROR] AppliInfo:139 - Unknown STM32CubeMX version: 6.16.0
2025-12-13 09:30:46,853 [ERROR] AppliInfo:139 - Unknown STM32CubeMX version: 6.16.0
2025-12-13 09:30:46,853 [ERROR] AppliInfo:139 - Unknown STM32CubeMX version: 6.16.0
2025-12-13 09:30:46,853 [ERROR] AppliInfo:139 - Unknown STM32CubeMX version: 6.16.0
2025-12-13 09:30:46,853 [ERROR] AppliInfo:139 - Unknown STM32CubeMX version: 6.16.0
2025-12-13 09:30:46,853 [ERROR] AppliInfo:139 - Unknown STM32CubeMX version: 6.16.0
2025-12-13 09:30:46,853 [ERROR] AppliInfo:139 - Unknown STM32CubeMX version: 6.16.0
2025-12-13 09:30:46,853 [ERROR] AppliInfo:139 - Unknown STM32CubeMX version: 6.16.0
2025-12-13 09:30:46,853 [ERROR] AppliInfo:139 - Unknown STM32CubeMX version: 6.16.0
2025-12-13 09:30:46,854 [ERROR] AppliInfo:139 - Unknown STM32CubeMX version: 6.16.0
2025-12-13 09:30:46,854 [ERROR] AppliInfo:139 - Unknown STM32CubeMX version: 6.16.0
2025-12-13 09:30:46,854 [ERROR] AppliInfo:139 - Unknown STM32CubeMX version: 6.16.0
2025-12-13 09:30:46,854 [ERROR] AppliInfo:139 - Unknown STM32CubeMX version: 6.16.0
2025-12-13 09:30:46,854 [ERROR] AppliInfo:139 - Unknown STM32CubeMX version: 6.16.0
2025-12-13 09:30:46,854 [ERROR] AppliInfo:139 - Unknown STM32CubeMX version: 6.16.0
2025-12-13 09:30:47,327 [ERROR] AppliInfo:139 - Unknown STM32CubeMX version: 6.16.0
2025-12-13 09:30:47,327 [ERROR] AppliInfo:139 - Unknown STM32CubeMX version: 6.16.0
2025-12-13 09:30:47,327 [ERROR] AppliInfo:139 - Unknown STM32CubeMX version: 6.16.0
2025-12-13 09:30:47,328 [ERROR] AppliInfo:139 - Unknown STM32CubeMX version: 6.16.0
2025-12-13 09:30:47,328 [ERROR] AppliInfo:139 - Unknown STM32CubeMX version: 6.16.0
2025-12-13 09:30:47,340 [ERROR] AppliInfo:139 - Unknown STM32CubeMX version: 6.16.0
2025-12-13 09:30:47,342 [ERROR] AppliInfo:139 - Unknown STM32CubeMX version: 6.16.0
2025-12-13 09:30:47,342 [ERROR] AppliInfo:139 - Unknown STM32CubeMX version: 6.16.0
2025-12-13 09:30:47,414 [ERROR] AppliInfo:139 - Unknown STM32CubeMX version: 6.16.0
2025-12-13 09:30:47,428 [ERROR] AppliInfo:139 - Unknown STM32CubeMX version: 6.16.0
2025-12-13 09:30:47,428 [ERROR] AppliInfo:139 - Unknown STM32CubeMX version: 6.16.0
2025-12-13 09:30:47,428 [ERROR] AppliInfo:139 - Unknown STM32CubeMX version: 6.16.0
2025-12-13 09:30:47,428 [ERROR] AppliInfo:139 - Unknown STM32CubeMX version: 6.16.0
2025-12-13 09:30:47,429 [ERROR] AppliInfo:139 - Unknown STM32CubeMX version: 6.16.0
2025-12-13 09:30:47,429 [ERROR] AppliInfo:139 - Unknown STM32CubeMX version: 6.16.0
2025-12-13 09:30:47,429 [ERROR] AppliInfo:139 - Unknown STM32CubeMX version: 6.16.0
2025-12-13 09:30:47,429 [ERROR] AppliInfo:139 - Unknown STM32CubeMX version: 6.16.0
2025-12-13 09:30:47,429 [ERROR] AppliInfo:139 - Unknown STM32CubeMX version: 6.16.0
2025-12-13 09:30:47,429 [ERROR] AppliInfo:139 - Unknown STM32CubeMX version: 6.16.0
2025-12-13 09:30:47,429 [ERROR] AppliInfo:139 - Unknown STM32CubeMX version: 6.16.0
2025-12-13 09:30:47,430 [ERROR] AppliInfo:139 - Unknown STM32CubeMX version: 6.16.0
2025-12-13 09:30:47,430 [ERROR] AppliInfo:139 - Unknown STM32CubeMX version: 6.16.0
2025-12-13 09:30:47,431 [ERROR] AppliInfo:139 - Unknown STM32CubeMX version: 6.16.0
2025-12-13 09:30:47,431 [ERROR] AppliInfo:139 - Unknown STM32CubeMX version: 6.16.0
2025-12-13 09:30:47,431 [ERROR] AppliInfo:139 - Unknown STM32CubeMX version: 6.16.0
2025-12-13 09:30:47,431 [ERROR] AppliInfo:139 - Unknown STM32CubeMX version: 6.16.0
2025-12-13 09:30:47,432 [ERROR] AppliInfo:139 - Unknown STM32CubeMX version: 6.16.0
2025-12-13 09:30:47,433 [ERROR] AppliInfo:139 - Unknown STM32CubeMX version: 6.16.0
2025-12-13 09:30:47,433 [ERROR] AppliInfo:139 - Unknown STM32CubeMX version: 6.16.0
2025-12-13 09:30:47,433 [ERROR] AppliInfo:139 - Unknown STM32CubeMX version: 6.16.0
2025-12-13 09:30:47,433 [ERROR] AppliInfo:139 - Unknown STM32CubeMX version: 6.16.0
2025-12-13 09:30:47,433 [ERROR] AppliInfo:139 - Unknown STM32CubeMX version: 6.16.0
2025-12-13 09:30:47,433 [ERROR] AppliInfo:139 - Unknown STM32CubeMX version: 6.16.0
2025-12-13 09:30:47,434 [ERROR] AppliInfo:139 - Unknown STM32CubeMX version: 6.16.0
2025-12-13 09:30:47,437 [ERROR] AppliInfo:139 - Unknown STM32CubeMX version: 6.16.0
2025-12-13 09:30:47,437 [ERROR] AppliInfo:139 - Unknown STM32CubeMX version: 6.16.0
2025-12-13 09:30:47,437 [ERROR] AppliInfo:139 - Unknown STM32CubeMX version: 6.16.0
2025-12-13 09:30:47,438 [ERROR] AppliInfo:139 - Unknown STM32CubeMX version: 6.16.0
2025-12-13 09:30:48,054 [ERROR] AppliInfo:139 - Unknown STM32CubeMX version: 6.16.0
2025-12-13 09:30:48,060 [ERROR] AppliInfo:139 - Unknown STM32CubeMX version: 6.16.0
2025-12-13 09:30:48,060 [ERROR] AppliInfo:139 - Unknown STM32CubeMX version: 6.16.0
2025-12-13 09:30:48,060 [ERROR] AppliInfo:139 - Unknown STM32CubeMX version: 6.16.0
2025-12-13 09:30:48,061 [ERROR] AppliInfo:139 - Unknown STM32CubeMX version: 6.16.0
2025-12-13 09:30:48,061 [ERROR] AppliInfo:139 - Unknown STM32CubeMX version: 6.16.0
2025-12-13 09:30:48,061 [ERROR] AppliInfo:139 - Unknown STM32CubeMX version: 6.16.0
2025-12-13 09:30:48,078 [ERROR] AppliInfo:139 - Unknown STM32CubeMX version: 6.12.1
2025-12-13 09:30:48,078 [ERROR] AppliInfo:139 - Unknown STM32CubeMX version: 6.16.0
2025-12-13 09:30:48,078 [ERROR] AppliInfo:139 - Unknown STM32CubeMX version: 6.16.0
2025-12-13 09:30:48,078 [ERROR] AppliInfo:139 - Unknown STM32CubeMX version: 6.16.0
2025-12-13 09:30:48,078 [ERROR] AppliInfo:139 - Unknown STM32CubeMX version: 6.16.0
2025-12-13 09:30:48,078 [ERROR] AppliInfo:139 - Unknown STM32CubeMX version: 6.16.0
2025-12-13 09:30:48,078 [ERROR] AppliInfo:139 - Unknown STM32CubeMX version: 6.16.0
2025-12-13 09:30:48,078 [ERROR] AppliInfo:139 - Unknown STM32CubeMX version: 6.16.0
2025-12-13 09:30:48,079 [ERROR] AppliInfo:139 - Unknown STM32CubeMX version: 6.16.0
2025-12-13 09:30:48,079 [ERROR] AppliInfo:139 - Unknown STM32CubeMX version: 6.16.0
2025-12-13 09:30:48,079 [ERROR] AppliInfo:139 - Unknown STM32CubeMX version: 6.16.0
2025-12-13 09:30:48,079 [ERROR] AppliInfo:139 - Unknown STM32CubeMX version: 6.16.0
2025-12-13 09:30:48,079 [ERROR] AppliInfo:139 - Unknown STM32CubeMX version: 6.16.0
2025-12-13 09:30:48,079 [ERROR] AppliInfo:139 - Unknown STM32CubeMX version: 6.16.0
2025-12-13 09:30:48,079 [ERROR] AppliInfo:139 - Unknown STM32CubeMX version: 6.16.0
2025-12-13 09:30:48,079 [ERROR] AppliInfo:139 - Unknown STM32CubeMX version: 6.16.0
2025-12-13 09:30:48,079 [ERROR] AppliInfo:139 - Unknown STM32CubeMX version: 6.16.0
2025-12-13 09:30:48,079 [ERROR] AppliInfo:139 - Unknown STM32CubeMX version: 6.16.0
2025-12-13 09:30:48,079 [ERROR] AppliInfo:139 - Unknown STM32CubeMX version: 6.16.0
2025-12-13 09:30:48,080 [ERROR] AppliInfo:139 - Unknown STM32CubeMX version: 6.16.0
2025-12-13 09:30:48,080 [ERROR] AppliInfo:139 - Unknown STM32CubeMX version: 6.16.0
2025-12-13 09:30:48,368 [ERROR] AppliInfo:139 - Unknown STM32CubeMX version: 6.16.0
2025-12-13 09:30:48,368 [ERROR] AppliInfo:139 - Unknown STM32CubeMX version: 6.16.0
2025-12-13 09:30:48,368 [ERROR] AppliInfo:139 - Unknown STM32CubeMX version: 6.16.0
2025-12-13 09:30:48,368 [ERROR] AppliInfo:139 - Unknown STM32CubeMX version: 6.16.0
2025-12-13 09:30:48,368 [ERROR] AppliInfo:139 - Unknown STM32CubeMX version: 6.16.0
2025-12-13 09:30:48,368 [ERROR] AppliInfo:139 - Unknown STM32CubeMX version: 6.16.0
2025-12-13 09:30:48,368 [ERROR] AppliInfo:139 - Unknown STM32CubeMX version: 6.16.0
2025-12-13 09:30:48,369 [ERROR] AppliInfo:139 - Unknown STM32CubeMX version: 6.16.0
2025-12-13 09:30:48,369 [ERROR] AppliInfo:139 - Unknown STM32CubeMX version: 6.16.0
2025-12-13 09:30:48,369 [ERROR] AppliInfo:139 - Unknown STM32CubeMX version: 6.16.0
2025-12-13 09:30:48,369 [ERROR] AppliInfo:139 - Unknown STM32CubeMX version: 6.16.0
2025-12-13 09:30:48,369 [ERROR] AppliInfo:139 - Unknown STM32CubeMX version: 6.16.0
2025-12-13 09:30:48,369 [ERROR] AppliInfo:139 - Unknown STM32CubeMX version: 6.16.0
2025-12-13 09:30:48,369 [ERROR] AppliInfo:139 - Unknown STM32CubeMX version: 6.16.0
2025-12-13 09:30:48,369 [ERROR] AppliInfo:139 - Unknown STM32CubeMX version: 6.16.0
2025-12-13 09:30:48,369 [ERROR] AppliInfo:139 - Unknown STM32CubeMX version: 6.16.0
2025-12-13 09:30:48,369 [ERROR] AppliInfo:139 - Unknown STM32CubeMX version: 6.16.0
2025-12-13 09:30:48,370 [ERROR] AppliInfo:139 - Unknown STM32CubeMX version: 6.16.0
2025-12-13 09:30:48,370 [ERROR] AppliInfo:139 - Unknown STM32CubeMX version: 6.16.0
2025-12-13 09:30:48,370 [ERROR] AppliInfo:139 - Unknown STM32CubeMX version: 6.16.0
2025-12-13 09:30:48,370 [ERROR] AppliInfo:139 - Unknown STM32CubeMX version: 6.16.0
2025-12-13 09:30:48,373 [ERROR] AppliInfo:139 - Unknown STM32CubeMX version: 6.16.0
2025-12-13 09:30:48,373 [ERROR] AppliInfo:139 - Unknown STM32CubeMX version: 6.16.0
2025-12-13 09:30:48,373 [ERROR] AppliInfo:139 - Unknown STM32CubeMX version: 6.16.0
2025-12-13 09:30:48,373 [ERROR] AppliInfo:139 - Unknown STM32CubeMX version: 6.16.0
2025-12-13 09:30:48,373 [ERROR] AppliInfo:139 - Unknown STM32CubeMX version: 6.16.0
2025-12-13 09:30:48,373 [ERROR] AppliInfo:139 - Unknown STM32CubeMX version: 6.16.0
2025-12-13 09:30:48,373 [ERROR] AppliInfo:139 - Unknown STM32CubeMX version: 6.16.0
2025-12-13 09:30:48,375 [ERROR] AppliInfo:139 - Unknown STM32CubeMX version: 6.16.0
2025-12-13 09:30:48,375 [ERROR] AppliInfo:139 - Unknown STM32CubeMX version: 6.16.0
2025-12-13 09:30:48,375 [ERROR] AppliInfo:139 - Unknown STM32CubeMX version: 6.16.0
2025-12-13 09:30:48,375 [ERROR] AppliInfo:139 - Unknown STM32CubeMX version: 6.16.0
2025-12-13 09:30:48,375 [ERROR] AppliInfo:139 - Unknown STM32CubeMX version: 6.16.0
2025-12-13 09:30:48,375 [ERROR] AppliInfo:139 - Unknown STM32CubeMX version: 6.16.0
2025-12-13 09:30:48,375 [ERROR] AppliInfo:139 - Unknown STM32CubeMX version: 6.16.0
2025-12-13 09:30:48,375 [ERROR] AppliInfo:139 - Unknown STM32CubeMX version: 6.16.0
2025-12-13 09:30:48,375 [ERROR] AppliInfo:139 - Unknown STM32CubeMX version: 6.16.0
2025-12-13 09:30:48,376 [ERROR] AppliInfo:139 - Unknown STM32CubeMX version: 6.16.0
2025-12-13 09:30:48,376 [ERROR] AppliInfo:139 - Unknown STM32CubeMX version: 6.16.0
2025-12-13 09:30:48,376 [ERROR] AppliInfo:139 - Unknown STM32CubeMX version: 6.16.0
2025-12-13 09:30:48,376 [ERROR] AppliInfo:139 - Unknown STM32CubeMX version: 6.16.0
2025-12-13 09:30:48,376 [ERROR] AppliInfo:139 - Unknown STM32CubeMX version: 6.16.0
2025-12-13 09:30:48,381 [ERROR] AppliInfo:139 - Unknown STM32CubeMX version: 6.16.0
2025-12-13 09:30:48,381 [ERROR] AppliInfo:139 - Unknown STM32CubeMX version: 6.16.0
2025-12-13 09:30:48,381 [ERROR] AppliInfo:139 - Unknown STM32CubeMX version: 6.16.0
2025-12-13 09:30:48,381 [ERROR] AppliInfo:139 - Unknown STM32CubeMX version: 6.16.0
2025-12-13 09:30:48,381 [ERROR] AppliInfo:139 - Unknown STM32CubeMX version: 6.16.0
2025-12-13 09:30:48,381 [ERROR] AppliInfo:139 - Unknown STM32CubeMX version: 6.16.0
2025-12-13 09:30:48,381 [ERROR] AppliInfo:139 - Unknown STM32CubeMX version: 6.16.0
2025-12-13 09:30:48,381 [ERROR] AppliInfo:139 - Unknown STM32CubeMX version: 6.16.0
2025-12-13 09:30:48,382 [ERROR] AppliInfo:139 - Unknown STM32CubeMX version: 6.16.0
2025-12-13 09:30:48,382 [ERROR] AppliInfo:139 - Unknown STM32CubeMX version: 6.16.0
2025-12-13 09:30:48,382 [ERROR] AppliInfo:139 - Unknown STM32CubeMX version: 6.16.0
2025-12-13 09:30:48,382 [ERROR] AppliInfo:139 - Unknown STM32CubeMX version: 6.16.0
2025-12-13 09:30:48,382 [ERROR] AppliInfo:139 - Unknown STM32CubeMX version: 6.16.0
2025-12-13 09:30:48,383 [ERROR] AppliInfo:139 - Unknown STM32CubeMX version: 6.16.0
2025-12-13 09:30:48,383 [ERROR] AppliInfo:139 - Unknown STM32CubeMX version: 6.16.0
2025-12-13 09:30:48,383 [ERROR] AppliInfo:139 - Unknown STM32CubeMX version: 6.16.0
2025-12-13 09:30:48,383 [ERROR] AppliInfo:139 - Unknown STM32CubeMX version: 6.16.0
2025-12-13 09:30:48,384 [ERROR] AppliInfo:139 - Unknown STM32CubeMX version: 6.16.0
2025-12-13 09:30:48,384 [ERROR] AppliInfo:139 - Unknown STM32CubeMX version: 6.16.0
2025-12-13 09:30:48,384 [ERROR] AppliInfo:139 - Unknown STM32CubeMX version: 6.16.0
2025-12-13 09:30:48,384 [ERROR] AppliInfo:139 - Unknown STM32CubeMX version: 6.16.0
2025-12-13 09:30:48,384 [ERROR] AppliInfo:139 - Unknown STM32CubeMX version: 6.16.0
2025-12-13 09:30:48,384 [ERROR] AppliInfo:139 - Unknown STM32CubeMX version: 6.16.0
2025-12-13 09:30:48,385 [ERROR] AppliInfo:139 - Unknown STM32CubeMX version: 6.16.0
2025-12-13 09:30:48,385 [ERROR] AppliInfo:139 - Unknown STM32CubeMX version: 6.16.0
2025-12-13 09:30:48,385 [ERROR] AppliInfo:139 - Unknown STM32CubeMX version: 6.16.0
2025-12-13 09:30:48,385 [ERROR] AppliInfo:139 - Unknown STM32CubeMX version: 6.16.0
2025-12-13 09:30:48,385 [ERROR] AppliInfo:139 - Unknown STM32CubeMX version: 6.16.0
2025-12-13 09:30:48,386 [ERROR] AppliInfo:139 - Unknown STM32CubeMX version: 6.16.0
2025-12-13 09:30:48,386 [ERROR] AppliInfo:139 - Unknown STM32CubeMX version: 6.16.0
2025-12-13 09:30:48,386 [ERROR] AppliInfo:139 - Unknown STM32CubeMX version: 6.16.0
2025-12-13 09:30:48,386 [ERROR] AppliInfo:139 - Unknown STM32CubeMX version: 6.16.0
2025-12-13 09:30:48,386 [ERROR] AppliInfo:139 - Unknown STM32CubeMX version: 6.16.0
2025-12-13 09:30:48,386 [ERROR] AppliInfo:139 - Unknown STM32CubeMX version: 6.16.0
2025-12-13 09:30:48,386 [ERROR] AppliInfo:139 - Unknown STM32CubeMX version: 6.16.0
2025-12-13 09:30:48,386 [ERROR] AppliInfo:139 - Unknown STM32CubeMX version: 6.16.0
2025-12-13 09:30:48,386 [ERROR] AppliInfo:139 - Unknown STM32CubeMX version: 6.16.0
2025-12-13 09:30:48,387 [ERROR] AppliInfo:139 - Unknown STM32CubeMX version: 6.16.0
2025-12-13 09:30:48,387 [ERROR] AppliInfo:139 - Unknown STM32CubeMX version: 6.16.0
2025-12-13 09:30:48,387 [ERROR] AppliInfo:139 - Unknown STM32CubeMX version: 6.16.0
2025-12-13 09:30:48,387 [ERROR] AppliInfo:139 - Unknown STM32CubeMX version: 6.16.0
2025-12-13 09:30:48,387 [ERROR] AppliInfo:139 - Unknown STM32CubeMX version: 6.16.0
2025-12-13 09:30:48,387 [ERROR] AppliInfo:139 - Unknown STM32CubeMX version: 6.16.0
2025-12-13 09:30:48,388 [ERROR] AppliInfo:139 - Unknown STM32CubeMX version: 6.16.0
2025-12-13 09:30:48,388 [ERROR] AppliInfo:139 - Unknown STM32CubeMX version: 6.16.0
2025-12-13 09:30:48,388 [ERROR] AppliInfo:139 - Unknown STM32CubeMX version: 6.16.0
2025-12-13 09:30:48,388 [ERROR] AppliInfo:139 - Unknown STM32CubeMX version: 6.16.0
2025-12-13 09:30:48,389 [ERROR] AppliInfo:139 - Unknown STM32CubeMX version: 6.16.0
2025-12-13 09:30:48,389 [ERROR] AppliInfo:139 - Unknown STM32CubeMX version: 6.16.0
2025-12-13 09:30:48,389 [ERROR] AppliInfo:139 - Unknown STM32CubeMX version: 6.16.0
2025-12-13 09:30:48,389 [ERROR] AppliInfo:139 - Unknown STM32CubeMX version: 6.16.0
2025-12-13 09:30:48,390 [ERROR] AppliInfo:139 - Unknown STM32CubeMX version: 6.16.0
2025-12-13 09:30:48,390 [ERROR] AppliInfo:139 - Unknown STM32CubeMX version: 6.16.0
2025-12-13 09:30:48,390 [ERROR] AppliInfo:139 - Unknown STM32CubeMX version: 6.16.0
2025-12-13 09:30:48,390 [ERROR] AppliInfo:139 - Unknown STM32CubeMX version: 6.16.0
2025-12-13 09:30:48,390 [ERROR] AppliInfo:139 - Unknown STM32CubeMX version: 6.16.0
2025-12-13 09:30:48,390 [ERROR] AppliInfo:139 - Unknown STM32CubeMX version: 6.16.0
2025-12-13 09:30:48,390 [ERROR] AppliInfo:139 - Unknown STM32CubeMX version: 6.16.0
2025-12-13 09:30:48,390 [ERROR] AppliInfo:139 - Unknown STM32CubeMX version: 6.16.0
2025-12-13 09:30:48,390 [ERROR] AppliInfo:139 - Unknown STM32CubeMX version: 6.16.0
2025-12-13 09:30:48,391 [ERROR] AppliInfo:139 - Unknown STM32CubeMX version: 6.16.0
2025-12-13 09:30:48,391 [ERROR] AppliInfo:139 - Unknown STM32CubeMX version: 6.16.0
2025-12-13 09:30:48,391 [ERROR] AppliInfo:139 - Unknown STM32CubeMX version: 6.16.0
2025-12-13 09:30:48,391 [ERROR] AppliInfo:139 - Unknown STM32CubeMX version: 6.16.0
2025-12-13 09:30:48,391 [ERROR] AppliInfo:139 - Unknown STM32CubeMX version: 6.16.0
2025-12-13 09:30:48,391 [ERROR] AppliInfo:139 - Unknown STM32CubeMX version: 6.16.0
2025-12-13 09:30:48,395 [ERROR] AppliInfo:139 - Unknown STM32CubeMX version: 6.16.0
2025-12-13 09:30:48,396 [ERROR] AppliInfo:139 - Unknown STM32CubeMX version: 6.16.0
2025-12-13 09:30:48,688 [ERROR] AppliInfo:139 - Unknown STM32CubeMX version: 6.16.0
2025-12-13 09:30:48,688 [ERROR] AppliInfo:139 - Unknown STM32CubeMX version: 6.16.0
2025-12-13 09:30:48,688 [ERROR] AppliInfo:139 - Unknown STM32CubeMX version: 6.16.0
2025-12-13 09:30:48,688 [ERROR] AppliInfo:139 - Unknown STM32CubeMX version: 6.16.0
2025-12-13 09:30:48,689 [ERROR] AppliInfo:139 - Unknown STM32CubeMX version: 6.16.0
2025-12-13 09:30:48,689 [ERROR] AppliInfo:139 - Unknown STM32CubeMX version: 6.16.0
2025-12-13 09:30:48,689 [ERROR] AppliInfo:139 - Unknown STM32CubeMX version: 6.16.0
2025-12-13 09:30:48,689 [ERROR] AppliInfo:139 - Unknown STM32CubeMX version: 6.16.0
2025-12-13 09:30:48,689 [ERROR] AppliInfo:139 - Unknown STM32CubeMX version: 6.16.0
2025-12-13 09:30:48,689 [ERROR] AppliInfo:139 - Unknown STM32CubeMX version: 6.16.0
2025-12-13 09:30:48,689 [ERROR] AppliInfo:139 - Unknown STM32CubeMX version: 6.16.0
2025-12-13 09:30:48,690 [ERROR] AppliInfo:139 - Unknown STM32CubeMX version: 6.16.0
2025-12-13 09:30:48,690 [ERROR] AppliInfo:139 - Unknown STM32CubeMX version: 6.16.0
2025-12-13 09:30:48,690 [ERROR] AppliInfo:139 - Unknown STM32CubeMX version: 6.16.0
2025-12-13 09:30:48,690 [ERROR] AppliInfo:139 - Unknown STM32CubeMX version: 6.16.0
2025-12-13 09:30:48,690 [ERROR] AppliInfo:139 - Unknown STM32CubeMX version: 6.16.0
2025-12-13 09:30:48,690 [ERROR] AppliInfo:139 - Unknown STM32CubeMX version: 6.16.0
2025-12-13 09:30:48,690 [ERROR] AppliInfo:139 - Unknown STM32CubeMX version: 6.16.0
2025-12-13 09:30:48,690 [ERROR] AppliInfo:139 - Unknown STM32CubeMX version: 6.16.0
2025-12-13 09:30:48,690 [ERROR] AppliInfo:139 - Unknown STM32CubeMX version: 6.16.0
2025-12-13 09:30:48,691 [ERROR] AppliInfo:139 - Unknown STM32CubeMX version: 6.16.0
2025-12-13 09:30:48,691 [ERROR] AppliInfo:139 - Unknown STM32CubeMX version: 6.16.0
2025-12-13 09:30:48,691 [ERROR] AppliInfo:139 - Unknown STM32CubeMX version: 6.16.0
2025-12-13 09:30:48,691 [ERROR] AppliInfo:139 - Unknown STM32CubeMX version: 6.16.0
2025-12-13 09:30:48,691 [ERROR] AppliInfo:139 - Unknown STM32CubeMX version: 6.16.0
2025-12-13 09:30:48,691 [ERROR] AppliInfo:139 - Unknown STM32CubeMX version: 6.16.0
2025-12-13 09:30:48,691 [ERROR] AppliInfo:139 - Unknown STM32CubeMX version: 6.16.0
2025-12-13 09:30:48,691 [ERROR] AppliInfo:139 - Unknown STM32CubeMX version: 6.16.0
2025-12-13 09:30:48,692 [ERROR] AppliInfo:139 - Unknown STM32CubeMX version: 6.16.0
2025-12-13 09:30:48,692 [ERROR] AppliInfo:139 - Unknown STM32CubeMX version: 6.16.0
2025-12-13 09:30:48,692 [ERROR] AppliInfo:139 - Unknown STM32CubeMX version: 6.16.0
2025-12-13 09:30:48,692 [ERROR] AppliInfo:139 - Unknown STM32CubeMX version: 6.16.0
2025-12-13 09:30:48,692 [ERROR] AppliInfo:139 - Unknown STM32CubeMX version: 6.16.0
2025-12-13 09:30:48,693 [ERROR] AppliInfo:139 - Unknown STM32CubeMX version: 6.16.0
2025-12-13 09:30:48,693 [ERROR] AppliInfo:139 - Unknown STM32CubeMX version: 6.16.0
2025-12-13 09:30:48,693 [ERROR] AppliInfo:139 - Unknown STM32CubeMX version: 6.16.0
2025-12-13 09:30:48,693 [ERROR] AppliInfo:139 - Unknown STM32CubeMX version: 6.16.0
2025-12-13 09:30:48,693 [ERROR] AppliInfo:139 - Unknown STM32CubeMX version: 6.16.0
2025-12-13 09:30:48,693 [ERROR] AppliInfo:139 - Unknown STM32CubeMX version: 6.16.0
2025-12-13 09:30:48,693 [ERROR] AppliInfo:139 - Unknown STM32CubeMX version: 6.16.0
2025-12-13 09:30:48,693 [ERROR] AppliInfo:139 - Unknown STM32CubeMX version: 6.16.0
2025-12-13 09:30:48,694 [ERROR] AppliInfo:139 - Unknown STM32CubeMX version: 6.16.0
2025-12-13 09:30:48,694 [ERROR] AppliInfo:139 - Unknown STM32CubeMX version: 6.16.0
2025-12-13 09:30:48,694 [ERROR] AppliInfo:139 - Unknown STM32CubeMX version: 6.16.0
2025-12-13 09:30:48,694 [ERROR] AppliInfo:139 - Unknown STM32CubeMX version: 6.16.0
2025-12-13 09:30:48,694 [ERROR] AppliInfo:139 - Unknown STM32CubeMX version: 6.16.0
2025-12-13 09:30:48,694 [ERROR] AppliInfo:139 - Unknown STM32CubeMX version: 6.16.0
2025-12-13 09:30:48,695 [ERROR] AppliInfo:139 - Unknown STM32CubeMX version: 6.16.0
2025-12-13 09:30:48,695 [ERROR] AppliInfo:139 - Unknown STM32CubeMX version: 6.16.0
2025-12-13 09:30:48,695 [ERROR] AppliInfo:139 - Unknown STM32CubeMX version: 6.16.0
2025-12-13 09:30:48,695 [ERROR] AppliInfo:139 - Unknown STM32CubeMX version: 6.16.0
2025-12-13 09:30:48,695 [ERROR] AppliInfo:139 - Unknown STM32CubeMX version: 6.16.0
2025-12-13 09:30:48,695 [ERROR] AppliInfo:139 - Unknown STM32CubeMX version: 6.16.0
2025-12-13 09:30:48,695 [ERROR] AppliInfo:139 - Unknown STM32CubeMX version: 6.16.0
2025-12-13 09:30:48,695 [ERROR] AppliInfo:139 - Unknown STM32CubeMX version: 6.16.0
2025-12-13 09:30:48,696 [ERROR] AppliInfo:139 - Unknown STM32CubeMX version: 6.16.0
2025-12-13 09:30:48,696 [ERROR] AppliInfo:139 - Unknown STM32CubeMX version: 6.16.0
2025-12-13 09:30:48,696 [ERROR] AppliInfo:139 - Unknown STM32CubeMX version: 6.16.0
2025-12-13 09:30:48,696 [ERROR] AppliInfo:139 - Unknown STM32CubeMX version: 6.16.0
2025-12-13 09:30:48,696 [ERROR] AppliInfo:139 - Unknown STM32CubeMX version: 6.16.0
2025-12-13 09:30:48,696 [ERROR] AppliInfo:139 - Unknown STM32CubeMX version: 6.16.0
2025-12-13 09:30:48,696 [ERROR] AppliInfo:139 - Unknown STM32CubeMX version: 6.16.0
2025-12-13 09:30:48,696 [ERROR] AppliInfo:139 - Unknown STM32CubeMX version: 6.16.0
2025-12-13 09:30:48,697 [ERROR] AppliInfo:139 - Unknown STM32CubeMX version: 6.16.0
2025-12-13 09:30:48,697 [ERROR] AppliInfo:139 - Unknown STM32CubeMX version: 6.16.0
2025-12-13 09:30:48,697 [ERROR] AppliInfo:139 - Unknown STM32CubeMX version: 6.16.0
2025-12-13 09:30:48,697 [ERROR] AppliInfo:139 - Unknown STM32CubeMX version: 6.16.0
2025-12-13 09:30:48,697 [ERROR] AppliInfo:139 - Unknown STM32CubeMX version: 6.16.0
2025-12-13 09:30:48,698 [ERROR] AppliInfo:139 - Unknown STM32CubeMX version: 6.16.0
2025-12-13 09:30:48,698 [ERROR] AppliInfo:139 - Unknown STM32CubeMX version: 6.16.0
2025-12-13 09:30:48,698 [ERROR] AppliInfo:139 - Unknown STM32CubeMX version: 6.16.0
2025-12-13 09:30:48,698 [ERROR] AppliInfo:139 - Unknown STM32CubeMX version: 6.16.0
2025-12-13 09:30:48,698 [ERROR] AppliInfo:139 - Unknown STM32CubeMX version: 6.16.0
2025-12-13 09:30:48,698 [ERROR] AppliInfo:139 - Unknown STM32CubeMX version: 6.16.0
2025-12-13 09:30:48,698 [ERROR] AppliInfo:139 - Unknown STM32CubeMX version: 6.16.0
2025-12-13 09:30:48,698 [ERROR] AppliInfo:139 - Unknown STM32CubeMX version: 6.16.0
2025-12-13 09:30:48,698 [ERROR] AppliInfo:139 - Unknown STM32CubeMX version: 6.16.0
2025-12-13 09:30:48,699 [ERROR] AppliInfo:139 - Unknown STM32CubeMX version: 6.16.0
2025-12-13 09:30:48,699 [ERROR] AppliInfo:139 - Unknown STM32CubeMX version: 6.16.0
2025-12-13 09:30:48,699 [ERROR] AppliInfo:139 - Unknown STM32CubeMX version: 6.16.0
2025-12-13 09:30:48,699 [ERROR] AppliInfo:139 - Unknown STM32CubeMX version: 6.16.0
2025-12-13 09:30:48,699 [ERROR] AppliInfo:139 - Unknown STM32CubeMX version: 6.16.0
2025-12-13 09:30:48,701 [ERROR] AppliInfo:139 - Unknown STM32CubeMX version: 6.16.0
2025-12-13 09:30:48,701 [ERROR] AppliInfo:139 - Unknown STM32CubeMX version: 6.16.0
2025-12-13 09:30:48,701 [ERROR] AppliInfo:139 - Unknown STM32CubeMX version: 6.16.0
2025-12-13 09:30:48,701 [ERROR] AppliInfo:139 - Unknown STM32CubeMX version: 6.16.0
2025-12-13 09:30:48,701 [ERROR] AppliInfo:139 - Unknown STM32CubeMX version: 6.16.0
2025-12-13 09:30:48,701 [ERROR] AppliInfo:139 - Unknown STM32CubeMX version: 6.16.0
2025-12-13 09:30:48,701 [ERROR] AppliInfo:139 - Unknown STM32CubeMX version: 6.16.0
2025-12-13 09:30:48,702 [ERROR] AppliInfo:139 - Unknown STM32CubeMX version: 6.16.0
2025-12-13 09:30:48,702 [ERROR] AppliInfo:139 - Unknown STM32CubeMX version: 6.16.0
2025-12-13 09:30:48,702 [ERROR] AppliInfo:139 - Unknown STM32CubeMX version: 6.16.0
2025-12-13 09:30:48,702 [ERROR] AppliInfo:139 - Unknown STM32CubeMX version: 6.16.0
2025-12-13 09:30:48,702 [ERROR] AppliInfo:139 - Unknown STM32CubeMX version: 6.16.0
2025-12-13 09:30:48,702 [ERROR] AppliInfo:139 - Unknown STM32CubeMX version: 6.16.0
2025-12-13 09:30:48,702 [ERROR] AppliInfo:139 - Unknown STM32CubeMX version: 6.16.0
2025-12-13 09:30:48,703 [ERROR] AppliInfo:139 - Unknown STM32CubeMX version: 6.16.0
2025-12-13 09:30:48,703 [ERROR] AppliInfo:139 - Unknown STM32CubeMX version: 6.16.0
2025-12-13 09:30:48,703 [ERROR] AppliInfo:139 - Unknown STM32CubeMX version: 6.16.0
2025-12-13 09:30:48,704 [ERROR] AppliInfo:139 - Unknown STM32CubeMX version: 6.16.0
2025-12-13 09:30:48,704 [ERROR] AppliInfo:139 - Unknown STM32CubeMX version: 6.16.0
2025-12-13 09:30:48,704 [ERROR] AppliInfo:139 - Unknown STM32CubeMX version: 6.16.0
2025-12-13 09:30:48,705 [ERROR] AppliInfo:139 - Unknown STM32CubeMX version: 6.16.0
2025-12-13 09:30:48,705 [ERROR] AppliInfo:139 - Unknown STM32CubeMX version: 6.16.0
2025-12-13 09:30:48,705 [ERROR] AppliInfo:139 - Unknown STM32CubeMX version: 6.16.0
2025-12-13 09:30:48,705 [ERROR] AppliInfo:139 - Unknown STM32CubeMX version: 6.16.0
2025-12-13 09:30:48,705 [ERROR] AppliInfo:139 - Unknown STM32CubeMX version: 6.16.0
2025-12-13 09:30:48,705 [ERROR] AppliInfo:139 - Unknown STM32CubeMX version: 6.16.0
2025-12-13 09:30:48,705 [ERROR] AppliInfo:139 - Unknown STM32CubeMX version: 6.16.0
2025-12-13 09:30:48,706 [ERROR] AppliInfo:139 - Unknown STM32CubeMX version: 6.16.0
2025-12-13 09:30:48,706 [ERROR] AppliInfo:139 - Unknown STM32CubeMX version: 6.16.0
2025-12-13 09:30:48,706 [ERROR] AppliInfo:139 - Unknown STM32CubeMX version: 6.16.0
2025-12-13 09:30:48,706 [ERROR] AppliInfo:139 - Unknown STM32CubeMX version: 6.16.0
2025-12-13 09:30:48,706 [ERROR] AppliInfo:139 - Unknown STM32CubeMX version: 6.16.0
2025-12-13 09:30:48,706 [ERROR] AppliInfo:139 - Unknown STM32CubeMX version: 6.16.0
2025-12-13 09:30:48,706 [ERROR] AppliInfo:139 - Unknown STM32CubeMX version: 6.16.0
2025-12-13 09:30:48,706 [ERROR] AppliInfo:139 - Unknown STM32CubeMX version: 6.16.0
2025-12-13 09:30:48,706 [ERROR] AppliInfo:139 - Unknown STM32CubeMX version: 6.16.0
2025-12-13 09:30:48,707 [ERROR] AppliInfo:139 - Unknown STM32CubeMX version: 6.16.0
2025-12-13 09:30:48,707 [ERROR] AppliInfo:139 - Unknown STM32CubeMX version: 6.16.0
2025-12-13 09:30:48,707 [ERROR] AppliInfo:139 - Unknown STM32CubeMX version: 6.16.0
2025-12-13 09:30:49,011 [ERROR] AppliInfo:139 - Unknown STM32CubeMX version: 6.16.0
2025-12-13 09:30:49,011 [ERROR] AppliInfo:139 - Unknown STM32CubeMX version: 6.16.0
2025-12-13 09:30:49,011 [ERROR] AppliInfo:139 - Unknown STM32CubeMX version: 6.16.0
2025-12-13 09:30:49,011 [ERROR] AppliInfo:139 - Unknown STM32CubeMX version: 6.16.0
2025-12-13 09:30:49,011 [ERROR] AppliInfo:139 - Unknown STM32CubeMX version: 6.16.0
2025-12-13 09:30:49,011 [ERROR] AppliInfo:139 - Unknown STM32CubeMX version: 6.16.0
2025-12-13 09:30:49,012 [ERROR] AppliInfo:139 - Unknown STM32CubeMX version: 6.16.0
2025-12-13 09:30:49,012 [ERROR] AppliInfo:139 - Unknown STM32CubeMX version: 6.16.0
2025-12-13 09:30:49,012 [ERROR] AppliInfo:139 - Unknown STM32CubeMX version: 6.16.0
2025-12-13 09:30:49,012 [ERROR] AppliInfo:139 - Unknown STM32CubeMX version: 6.16.0
2025-12-13 09:30:49,012 [ERROR] AppliInfo:139 - Unknown STM32CubeMX version: 6.16.0
2025-12-13 09:30:49,012 [ERROR] AppliInfo:139 - Unknown STM32CubeMX version: 6.16.0
2025-12-13 09:30:49,012 [ERROR] AppliInfo:139 - Unknown STM32CubeMX version: 6.16.0
2025-12-13 09:30:49,012 [ERROR] AppliInfo:139 - Unknown STM32CubeMX version: 6.16.0
2025-12-13 09:30:49,012 [ERROR] AppliInfo:139 - Unknown STM32CubeMX version: 6.16.0
2025-12-13 09:30:49,013 [ERROR] AppliInfo:139 - Unknown STM32CubeMX version: 6.16.0
2025-12-13 09:30:49,013 [ERROR] AppliInfo:139 - Unknown STM32CubeMX version: 6.16.0
2025-12-13 09:30:49,013 [ERROR] AppliInfo:139 - Unknown STM32CubeMX version: 6.16.0
2025-12-13 09:30:49,013 [ERROR] AppliInfo:139 - Unknown STM32CubeMX version: 6.16.0
2025-12-13 09:30:49,322 [ERROR] AppliInfo:139 - Unknown STM32CubeMX version: 6.16.0
2025-12-13 09:30:49,322 [ERROR] AppliInfo:139 - Unknown STM32CubeMX version: 6.16.0
2025-12-13 09:30:49,323 [ERROR] AppliInfo:139 - Unknown STM32CubeMX version: 6.16.0
2025-12-13 09:30:49,323 [ERROR] AppliInfo:139 - Unknown STM32CubeMX version: 6.16.0
2025-12-13 09:30:49,323 [ERROR] AppliInfo:139 - Unknown STM32CubeMX version: 6.16.0
2025-12-13 09:30:49,323 [ERROR] AppliInfo:139 - Unknown STM32CubeMX version: 6.16.0
2025-12-13 09:30:49,323 [ERROR] AppliInfo:139 - Unknown STM32CubeMX version: 6.16.0
2025-12-13 09:30:49,323 [ERROR] AppliInfo:139 - Unknown STM32CubeMX version: 6.16.0
2025-12-13 09:30:49,323 [ERROR] AppliInfo:139 - Unknown STM32CubeMX version: 6.16.0
2025-12-13 09:30:49,324 [ERROR] AppliInfo:139 - Unknown STM32CubeMX version: 6.16.0
2025-12-13 09:30:49,324 [ERROR] AppliInfo:139 - Unknown STM32CubeMX version: 6.16.0
2025-12-13 09:30:49,324 [ERROR] AppliInfo:139 - Unknown STM32CubeMX version: 6.16.0
2025-12-13 09:30:49,325 [ERROR] AppliInfo:139 - Unknown STM32CubeMX version: 6.16.0
2025-12-13 09:30:49,332 [ERROR] AppliInfo:139 - Unknown STM32CubeMX version: 6.16.0
2025-12-13 09:30:49,333 [ERROR] AppliInfo:139 - Unknown STM32CubeMX version: 6.16.0
2025-12-13 09:30:49,333 [ERROR] AppliInfo:139 - Unknown STM32CubeMX version: 6.16.0
2025-12-13 09:30:49,632 [ERROR] AppliInfo:139 - Unknown STM32CubeMX version: 6.16.0
2025-12-13 09:30:49,632 [ERROR] AppliInfo:139 - Unknown STM32CubeMX version: 6.16.0
2025-12-13 09:30:49,632 [ERROR] AppliInfo:139 - Unknown STM32CubeMX version: 6.16.0
2025-12-13 09:30:49,632 [ERROR] AppliInfo:139 - Unknown STM32CubeMX version: 6.16.0
2025-12-13 09:30:49,633 [ERROR] AppliInfo:139 - Unknown STM32CubeMX version: 6.16.0
2025-12-13 09:30:49,633 [ERROR] AppliInfo:139 - Unknown STM32CubeMX version: 6.16.0
2025-12-13 09:30:49,633 [ERROR] AppliInfo:139 - Unknown STM32CubeMX version: 6.16.0
2025-12-13 09:30:49,633 [ERROR] AppliInfo:139 - Unknown STM32CubeMX version: 6.16.0
2025-12-13 09:30:49,633 [ERROR] AppliInfo:139 - Unknown STM32CubeMX version: 6.16.0
2025-12-13 09:30:49,634 [ERROR] AppliInfo:139 - Unknown STM32CubeMX version: 6.16.0
2025-12-13 09:30:49,634 [ERROR] AppliInfo:139 - Unknown STM32CubeMX version: 6.16.0
2025-12-13 09:30:49,634 [ERROR] AppliInfo:139 - Unknown STM32CubeMX version: 6.16.0
2025-12-13 09:30:49,634 [ERROR] AppliInfo:139 - Unknown STM32CubeMX version: 6.16.0
2025-12-13 09:30:49,634 [ERROR] AppliInfo:139 - Unknown STM32CubeMX version: 6.16.0
2025-12-13 09:30:49,634 [ERROR] AppliInfo:139 - Unknown STM32CubeMX version: 6.16.0
2025-12-13 09:30:49,635 [ERROR] AppliInfo:139 - Unknown STM32CubeMX version: 6.16.0
2025-12-13 09:30:49,635 [ERROR] AppliInfo:139 - Unknown STM32CubeMX version: 6.16.0
2025-12-13 09:30:49,635 [ERROR] AppliInfo:139 - Unknown STM32CubeMX version: 6.16.0
2025-12-13 09:30:49,635 [ERROR] AppliInfo:139 - Unknown STM32CubeMX version: 6.16.0
2025-12-13 09:30:49,636 [ERROR] AppliInfo:139 - Unknown STM32CubeMX version: 6.16.0
2025-12-13 09:30:49,636 [ERROR] AppliInfo:139 - Unknown STM32CubeMX version: 6.16.0
2025-12-13 09:30:49,636 [ERROR] AppliInfo:139 - Unknown STM32CubeMX version: 6.16.0
2025-12-13 09:30:49,636 [ERROR] AppliInfo:139 - Unknown STM32CubeMX version: 6.16.0
2025-12-13 09:30:49,636 [ERROR] AppliInfo:139 - Unknown STM32CubeMX version: 6.16.0
2025-12-13 09:30:49,636 [ERROR] AppliInfo:139 - Unknown STM32CubeMX version: 6.16.0
2025-12-13 09:30:49,636 [ERROR] AppliInfo:139 - Unknown STM32CubeMX version: 6.16.0
2025-12-13 09:30:49,636 [ERROR] AppliInfo:139 - Unknown STM32CubeMX version: 6.16.0
2025-12-13 09:30:49,637 [ERROR] AppliInfo:139 - Unknown STM32CubeMX version: 6.16.0
2025-12-13 09:30:49,637 [ERROR] AppliInfo:139 - Unknown STM32CubeMX version: 6.16.0
2025-12-13 09:30:49,637 [ERROR] AppliInfo:139 - Unknown STM32CubeMX version: 6.16.0
2025-12-13 09:30:49,637 [ERROR] AppliInfo:139 - Unknown STM32CubeMX version: 6.16.0
2025-12-13 09:30:49,637 [ERROR] AppliInfo:139 - Unknown STM32CubeMX version: 6.16.0
2025-12-13 09:30:49,637 [ERROR] AppliInfo:139 - Unknown STM32CubeMX version: 6.16.0
2025-12-13 09:30:49,637 [ERROR] AppliInfo:139 - Unknown STM32CubeMX version: 6.16.0
2025-12-13 09:30:49,637 [ERROR] AppliInfo:139 - Unknown STM32CubeMX version: 6.16.0
2025-12-13 09:30:49,638 [ERROR] AppliInfo:139 - Unknown STM32CubeMX version: 6.16.0
2025-12-13 09:30:49,638 [ERROR] AppliInfo:139 - Unknown STM32CubeMX version: 6.16.0
2025-12-13 09:30:49,638 [ERROR] AppliInfo:139 - Unknown STM32CubeMX version: 6.16.0
2025-12-13 09:30:49,638 [ERROR] AppliInfo:139 - Unknown STM32CubeMX version: 6.16.0
2025-12-13 09:30:49,638 [ERROR] AppliInfo:139 - Unknown STM32CubeMX version: 6.16.0
2025-12-13 09:30:49,638 [ERROR] AppliInfo:139 - Unknown STM32CubeMX version: 6.16.0
2025-12-13 09:30:49,638 [ERROR] AppliInfo:139 - Unknown STM32CubeMX version: 6.16.0
2025-12-13 09:30:49,639 [ERROR] AppliInfo:139 - Unknown STM32CubeMX version: 6.16.0
2025-12-13 09:30:49,639 [ERROR] AppliInfo:139 - Unknown STM32CubeMX version: 6.16.0
2025-12-13 09:30:49,639 [ERROR] AppliInfo:139 - Unknown STM32CubeMX version: 6.16.0
2025-12-13 09:30:49,639 [ERROR] AppliInfo:139 - Unknown STM32CubeMX version: 6.16.0
2025-12-13 09:30:49,639 [ERROR] AppliInfo:139 - Unknown STM32CubeMX version: 6.16.0
2025-12-13 09:30:49,639 [ERROR] AppliInfo:139 - Unknown STM32CubeMX version: 6.16.0
2025-12-13 09:30:49,639 [ERROR] AppliInfo:139 - Unknown STM32CubeMX version: 6.16.0
2025-12-13 09:30:49,639 [ERROR] AppliInfo:139 - Unknown STM32CubeMX version: 6.16.0
2025-12-13 09:30:49,640 [ERROR] AppliInfo:139 - Unknown STM32CubeMX version: 6.16.0
2025-12-13 09:30:49,640 [ERROR] AppliInfo:139 - Unknown STM32CubeMX version: 6.16.0
2025-12-13 09:30:49,640 [ERROR] AppliInfo:139 - Unknown STM32CubeMX version: 6.16.0
2025-12-13 09:30:49,640 [ERROR] AppliInfo:139 - Unknown STM32CubeMX version: 6.16.0
2025-12-13 09:30:49,640 [ERROR] AppliInfo:139 - Unknown STM32CubeMX version: 6.16.0
2025-12-13 09:30:49,640 [ERROR] AppliInfo:139 - Unknown STM32CubeMX version: 6.16.0
2025-12-13 09:30:49,640 [ERROR] AppliInfo:139 - Unknown STM32CubeMX version: 6.16.0
2025-12-13 09:30:49,640 [ERROR] AppliInfo:139 - Unknown STM32CubeMX version: 6.16.0
2025-12-13 09:30:49,641 [ERROR] AppliInfo:139 - Unknown STM32CubeMX version: 6.16.0
2025-12-13 09:30:49,641 [ERROR] AppliInfo:139 - Unknown STM32CubeMX version: 6.16.0
2025-12-13 09:30:52,848 [ERROR] AppliInfo:139 - Unknown STM32CubeMX version: 6.16.0
2025-12-13 09:30:52,848 [ERROR] AppliInfo:139 - Unknown STM32CubeMX version: 6.16.0
2025-12-13 09:30:52,848 [ERROR] AppliInfo:139 - Unknown STM32CubeMX version: 6.16.0
2025-12-13 09:30:52,849 [ERROR] AppliInfo:139 - Unknown STM32CubeMX version: 6.16.0
2025-12-13 09:30:52,849 [ERROR] AppliInfo:139 - Unknown STM32CubeMX version: 6.16.0
2025-12-13 09:30:52,855 [ERROR] AppliInfo:139 - Unknown STM32CubeMX version: 6.16.0
2025-12-13 09:30:52,855 [ERROR] AppliInfo:139 - Unknown STM32CubeMX version: 6.16.0
2025-12-13 09:30:52,855 [ERROR] AppliInfo:139 - Unknown STM32CubeMX version: 6.16.0
2025-12-13 09:30:53,625 [ERROR] AppliInfo:139 - Unknown STM32CubeMX version: 6.16.0
2025-12-13 09:30:53,625 [ERROR] AppliInfo:139 - Unknown STM32CubeMX version: 6.16.0
2025-12-13 09:30:53,625 [ERROR] AppliInfo:139 - Unknown STM32CubeMX version: 6.16.0
2025-12-13 09:30:53,625 [ERROR] AppliInfo:139 - Unknown STM32CubeMX version: 6.16.0
2025-12-13 09:30:53,625 [ERROR] AppliInfo:139 - Unknown STM32CubeMX version: 6.16.0
2025-12-13 09:30:53,926 [ERROR] AppliInfo:139 - Unknown STM32CubeMX version: 6.16.0
2025-12-13 09:30:53,926 [ERROR] AppliInfo:139 - Unknown STM32CubeMX version: 6.16.0
2025-12-13 09:30:53,926 [ERROR] AppliInfo:139 - Unknown STM32CubeMX version: 6.16.0
2025-12-13 09:31:00,865 [INFO] SoftwarePacks:190 - Size of SW pack 'STM32Cube_FW_H7_V1.12.1' is: 1715.0 MB
2025-12-13 09:31:45,474 [INFO] ExampleToolKit:675 - [info] 2025/12/13 09:31:45
2025-12-13 09:31:45,474 [INFO] ExampleToolKit:723 - [info] Start Project: LwIP_TCP_Echo_Server
2025-12-13 09:31:45,477 [WARN] ExampleToolKit:785 - [WARNING] IDE PROJECT 'SW4STM32' NOT FOUND
2025-12-13 09:31:45,477 [INFO] ExampleToolKit:817 - [info] Project path: C:\Users\akash\Documents\git\STMPlayground\H723\LwIP_TCP_Echo_Server
2025-12-13 09:31:46,143 [WARN] ExampleToolKit:2178 - [WARNING] IDE PROJECT 'SW4STM32'NOT FOUND
2025-12-13 09:31:46,454 [INFO] ExampleToolKit:1070 - [info] SW Package located in: C:\Users\akash\STM32Cube\Repository\STM32Cube_FW_H7_V1.12.1
2025-12-13 09:31:46,455 [INFO] ExampleToolKit:1075 - [info] SW Package copy: LITE
2025-12-13 09:32:50,948 [INFO] ExampleToolKit:889 - [info] Project 'LwIP_TCP_Echo_Server' installed successfully
2025-12-13 09:32:50,948 [INFO] ExampleToolKit:915 - [info] 2025/12/13 09:32:50
2025-12-13 09:32:50,950 [INFO] ExampleToolKit:1034 - [info] Elapsed time: 0h 1m 5s 475ms
2025-12-13 09:33:24,505 [INFO] McuFinderGlobals:76 - Set McuFinderConnectedMode to true
2025-12-13 09:33:24,508 [INFO] ApiDb:448 - Save user favorites file C:\Users\akash/.stm32cubeide/favorites.mcus.txt: 0 item(s)
2025-12-13 09:33:24,508 [INFO] ApiDb:452 - User favorites MCUs=[]
2025-12-13 09:33:24,509 [INFO] ApiDb:448 - Save user favorites file C:\Users\akash/.stm32cubeide/favorites.boards.txt: 2 item(s)
2025-12-13 09:33:24,509 [INFO] ApiDb:452 - User favorites Boards=[NUCLEO-H755ZI-Q, STM32H747I-DISCO]
2025-12-13 09:33:24,802 [INFO] ApiDb:448 - Save user favorites file C:\Users\akash/.stm32cubeide/favorites.examples.txt: 1 item(s)
2025-12-13 09:33:24,802 [INFO] ApiDb:452 - User favorites Examples=[X-CUBE-AZRTOS-H7-SWX-17655]
2025-12-13 09:34:22,193 [ERROR] LogOutputStream:75 - [STDERR_REDIRECT] 
2025-12-13 09:34:22,194 [ERROR] LogOutputStream:75 - [STDERR_REDIRECT] 
2025-12-13 09:35:14,179 [INFO] Activator:176 - 


2025-12-13 09:35:14,180 [INFO] Activator:177 - !SESSION log4j initialized
2025-12-13 09:35:17,531 [INFO] LogOutputStream:77 - [STDOUT_REDIRECT] 
2025-12-13 09:35:18,165 [INFO] ApplicationProperties:184 - Using Application install path: C:\ST\STM32CubeIDE_1.19.0\STM32CubeIDE\plugins\com.st.stm32cube.common.mx_6.15.0.202507011659
2025-12-13 09:35:18,177 [INFO] DbMcusXml:78 - Set database path to: C:\ST\STM32CubeIDE_1.19.0\STM32CubeIDE\plugins\com.st.stm32cube.common.mx_6.15.0.202507011659\\db\/mcu/
2025-12-13 09:35:18,177 [INFO] ApiDb:274 - Set plugin database path to: C:\ST\STM32CubeIDE_1.19.0\STM32CubeIDE\plugins\com.st.stm32cube.common.mx_6.15.0.202507011659\\db\/plugins/boardmanager/
2025-12-13 09:35:18,177 [WARN] ApiDb:259 - Overriding images path with different value:  => C:\ST\STM32CubeIDE_1.19.0\STM32CubeIDE\plugins\com.st.stm32cube.common.mx_6.15.0.202507011659\\db\/plugins/mcufinder/images/
2025-12-13 09:35:18,181 [INFO] ApiDb:250 - Set database path to: C:\Users\akash\.stmcufinder\plugins\mcufinder//mcu/
2025-12-13 09:35:18,182 [INFO] DbMcusAds:125 - Set database path to: C:\Users\akash\.stmcufinder\plugins\mcufinder//mcu/
2025-12-13 09:35:18,183 [INFO] CrossReferenceDbSqlite:203 - Set database path to: C:\Users\akash\.stmcufinder\plugins\mcufinder//mcu/cs/
2025-12-13 09:35:18,283 [INFO] RulesReader:64 - Compatibility file has been processed (317 Rules)
2025-12-13 09:35:18,329 [INFO] DbMcusXml:78 - Set database path to: C:\ST\STM32CubeIDE_1.19.0\STM32CubeIDE\plugins\com.st.stm32cube.common.mx_6.15.0.202507011659\\db\/mcu/
2025-12-13 09:35:18,330 [INFO] ApiDb:274 - Set plugin database path to: C:\ST\STM32CubeIDE_1.19.0\STM32CubeIDE\plugins\com.st.stm32cube.common.mx_6.15.0.202507011659\\db\/plugins/boardmanager/
2025-12-13 09:35:18,330 [INFO] ApiDb:261 - Set plugin images path to: C:\ST\STM32CubeIDE_1.19.0\STM32CubeIDE\plugins\com.st.stm32cube.common.mx_6.15.0.202507011659\\db\/plugins/mcufinder/images/
2025-12-13 09:35:18,330 [WARN] DbFile:41 - Overriding database path with different value: C:\Users\akash\.stmcufinder\plugins\mcufinder/ => C:\Users\akash\.stmcufinder\plugins\mcufinder
2025-12-13 09:35:18,330 [INFO] ApiDb:250 - Set database path to: C:\Users\akash\.stmcufinder\plugins\mcufinder//mcu/
2025-12-13 09:35:18,330 [WARN] DbFile:41 - Overriding database path with different value: C:\Users\akash\.stmcufinder\plugins\mcufinder/ => C:\Users\akash\.stmcufinder\plugins\mcufinder
2025-12-13 09:35:18,330 [INFO] DbMcusAds:125 - Set database path to: C:\Users\akash\.stmcufinder\plugins\mcufinder//mcu/
2025-12-13 09:35:18,330 [WARN] DbFile:41 - Overriding database path with different value: C:\Users\akash\.stmcufinder\plugins\mcufinder/ => C:\Users\akash\.stmcufinder\plugins\mcufinder
2025-12-13 09:35:18,330 [WARN] DbFile:41 - Overriding database path with different value: C:\Users\akash\.stmcufinder\plugins\mcufinder/ => C:\Users\akash\.stmcufinder\plugins\mcufinder
2025-12-13 09:35:18,330 [INFO] CrossReferenceDbSqlite:203 - Set database path to: C:\Users\akash\.stmcufinder\plugins\mcufinder//mcu/cs/
2025-12-13 09:35:18,374 [INFO] MainPanel:274 - HeapMemory: 268435456
2025-12-13 09:35:18,428 [INFO] DbMcusXml:78 - Set database path to: C:\ST\STM32CubeIDE_1.19.0\STM32CubeIDE\plugins\com.st.stm32cube.common.mx_6.15.0.202507011659\\db\/mcu/
2025-12-13 09:35:18,428 [INFO] ApiDb:274 - Set plugin database path to: C:\ST\STM32CubeIDE_1.19.0\STM32CubeIDE\plugins\com.st.stm32cube.common.mx_6.15.0.202507011659\\db\/plugins/boardmanager/
2025-12-13 09:35:18,428 [INFO] ApiDb:261 - Set plugin images path to: C:\ST\STM32CubeIDE_1.19.0\STM32CubeIDE\plugins\com.st.stm32cube.common.mx_6.15.0.202507011659\\db\/plugins/mcufinder/images/
2025-12-13 09:35:18,428 [WARN] DbFile:41 - Overriding database path with different value: C:\Users\akash\.stmcufinder\plugins\mcufinder/ => C:\Users\akash\.stmcufinder\plugins\mcufinder
2025-12-13 09:35:18,428 [INFO] ApiDb:250 - Set database path to: C:\Users\akash\.stmcufinder\plugins\mcufinder//mcu/
2025-12-13 09:35:18,428 [WARN] DbFile:41 - Overriding database path with different value: C:\Users\akash\.stmcufinder\plugins\mcufinder/ => C:\Users\akash\.stmcufinder\plugins\mcufinder
2025-12-13 09:35:18,428 [INFO] DbMcusAds:125 - Set database path to: C:\Users\akash\.stmcufinder\plugins\mcufinder//mcu/
2025-12-13 09:35:18,428 [WARN] DbFile:41 - Overriding database path with different value: C:\Users\akash\.stmcufinder\plugins\mcufinder/ => C:\Users\akash\.stmcufinder\plugins\mcufinder
2025-12-13 09:35:18,428 [WARN] DbFile:41 - Overriding database path with different value: C:\Users\akash\.stmcufinder\plugins\mcufinder/ => C:\Users\akash\.stmcufinder\plugins\mcufinder
2025-12-13 09:35:18,428 [INFO] CrossReferenceDbSqlite:203 - Set database path to: C:\Users\akash\.stmcufinder\plugins\mcufinder//mcu/cs/
2025-12-13 09:35:18,439 [INFO] ApplicationProperties:184 - Using Application install path: C:\ST\STM32CubeIDE_1.19.0\STM32CubeIDE\plugins\com.st.stm32cube.common.mx_6.15.0.202507011659
2025-12-13 09:35:18,440 [INFO] PluginManage:196 - Search for loadable plugins [exclusion list=, ]
2025-12-13 09:35:18,441 [INFO] PluginManage:310 - Check plugin analytics
2025-12-13 09:35:18,557 [INFO] AnalyticsPlugin:253 - Accepted Software Licenses: STM32CubeMX.6.15.0
2025-12-13 09:35:18,557 [INFO] AnalyticsPlugin:255 - Accepted CMSIS Pack Licenses: STMicroelectronics.X-CUBE-AZRTOS-H7.3.3.0,STMicroelectronics.X-CUBE-AZRTOS-H7.3.4.0
2025-12-13 09:35:18,557 [INFO] AnalyticsPlugin:257 - Accepted Firmware Licenses: FW.H7.1.12.0,FW.G0.1.6.0,FW.G4.1.6.0
2025-12-13 09:35:18,559 [INFO] PluginManage:359 - Loaded plugin analytics (category:tool,tabindex:-1)
2025-12-13 09:35:18,559 [INFO] PluginManage:310 - Check plugin cadmodel
2025-12-13 09:35:18,561 [INFO] CADModel:105 - Init CAD model plugin
2025-12-13 09:35:18,561 [INFO] PluginManage:359 - Loaded plugin cadmodel (category:power,tabindex:5)
2025-12-13 09:35:18,562 [INFO] PluginManage:310 - Check plugin clock
2025-12-13 09:35:18,568 [INFO] PluginManage:359 - Loaded plugin clock (category:base,tabindex:2)
2025-12-13 09:35:18,568 [INFO] PluginManage:310 - Check plugin ddr
2025-12-13 09:35:18,569 [INFO] PluginManage:359 - Loaded plugin ddr (category:tool,tabindex:6)
2025-12-13 09:35:18,569 [INFO] PluginManage:310 - Check plugin filemanager
2025-12-13 09:35:18,664 [INFO] PluginManage:359 - Loaded plugin filemanager (category:base,tabindex:10)
2025-12-13 09:35:18,664 [INFO] PluginManage:310 - Check plugin ipmanager
2025-12-13 09:35:18,669 [INFO] PluginManage:359 - Loaded plugin ipmanager (category:base,tabindex:5)
2025-12-13 09:35:18,669 [INFO] PluginManage:310 - Check plugin lpbam
2025-12-13 09:35:18,674 [INFO] PluginManage:359 - Loaded plugin lpbam (category:base,tabindex:0)
2025-12-13 09:35:18,674 [INFO] PluginManage:310 - Check plugin memorymap
2025-12-13 09:35:18,682 [INFO] PluginManage:359 - Loaded plugin memorymap (category:base,tabindex:4)
2025-12-13 09:35:18,682 [INFO] PluginManage:310 - Check plugin pinoutandconfiguration
2025-12-13 09:35:18,687 [INFO] PluginManage:359 - Loaded plugin pinoutandconfiguration (category:base,tabindex:1)
2025-12-13 09:35:18,687 [INFO] PluginManage:310 - Check plugin pinoutconfig
2025-12-13 09:35:18,752 [WARN] SupportedApi:132 - Cannot load RTOS API schema: s4s-elt-must-match.1: The content of 'definitions' must match (annotation?, (simpleType | complexType)?, (unique | key | keyref)*)). A problem was found starting at: attribute.
2025-12-13 09:35:18,849 [INFO] PluginManage:359 - Loaded plugin pinoutconfig (category:base,tabindex:0)
2025-12-13 09:35:18,849 [INFO] PluginManage:310 - Check plugin power
2025-12-13 09:35:18,856 [INFO] PluginManage:359 - Loaded plugin power (category:power,tabindex:4)
2025-12-13 09:35:18,856 [INFO] PluginManage:310 - Check plugin projectmanager
2025-12-13 09:35:18,866 [INFO] PluginManage:359 - Loaded plugin projectmanager (category:projectmanager,tabindex:4)
2025-12-13 09:35:18,866 [INFO] PluginManage:310 - Check plugin rif
2025-12-13 09:35:18,871 [INFO] PluginManage:359 - Loaded plugin rif (category:base,tabindex:3)
2025-12-13 09:35:18,871 [INFO] PluginManage:310 - Check plugin thirdparty
2025-12-13 09:35:18,955 [INFO] PluginManage:359 - Loaded plugin thirdparty (category:base,tabindex:-1)
2025-12-13 09:35:18,955 [INFO] PluginManage:310 - Check plugin tools
2025-12-13 09:35:18,955 [WARN] IntegrityCheckThread:84 - waiting for thirdparty lock release [integrity check]
2025-12-13 09:35:18,955 [INFO] IntegrityCheckThread:86 - entering critical section [integrity check]
2025-12-13 09:35:18,955 [INFO] ThirdPartyUpdaterWithRetryManager:70 - Updater plugin not ready yet. [1/15]
2025-12-13 09:35:18,959 [INFO] PluginManage:359 - Loaded plugin tools (category:base,tabindex:7)
2025-12-13 09:35:18,959 [INFO] PluginManage:310 - Check plugin tutovideos
2025-12-13 09:35:19,087 [INFO] PluginManage:359 - Loaded plugin tutovideos (category:base,tabindex:-1)
2025-12-13 09:35:19,087 [INFO] PluginManage:310 - Check plugin updater
2025-12-13 09:35:19,101 [INFO] PluginManage:359 - Loaded plugin updater (category:base,tabindex:12)
2025-12-13 09:35:19,101 [INFO] PluginManage:310 - Check plugin userauth
2025-12-13 09:35:19,103 [INFO] UserAuth:118 - Init User Auth plugin
2025-12-13 09:35:19,104 [INFO] PluginManage:359 - Loaded plugin userauth (category:base,tabindex:14)
2025-12-13 09:35:19,104 [INFO] PluginManage:283 - PluginManage : Loaded plugins [18]
2025-12-13 09:35:19,230 [INFO] PinOutPanel:1589 - setPackage(No Configuration,No Configuration)
2025-12-13 09:35:19,283 [INFO] CADModel:165 - CPN selected for project level
2025-12-13 09:35:19,283 [INFO] CADModel:114 - Register for checkConnection events
2025-12-13 09:35:19,295 [INFO] IPUIPlugin:80 - create IPUIPlugin
2025-12-13 09:35:19,295 [INFO] PluginManager:220 - loadIPPluginJar : add adc
2025-12-13 09:35:19,297 [INFO] IPUIPlugin:80 - create IPUIPlugin
2025-12-13 09:35:19,297 [INFO] PluginManager:220 - loadIPPluginJar : add aes
2025-12-13 09:35:19,298 [INFO] IPUIPlugin:80 - create IPUIPlugin
2025-12-13 09:35:19,299 [INFO] PluginManager:220 - loadIPPluginJar : add can
2025-12-13 09:35:19,300 [INFO] IPUIPlugin:80 - create IPUIPlugin
2025-12-13 09:35:19,300 [INFO] PluginManager:220 - loadIPPluginJar : add comp
2025-12-13 09:35:19,301 [INFO] IPUIPlugin:80 - create IPUIPlugin
2025-12-13 09:35:19,301 [INFO] PluginManager:220 - loadIPPluginJar : add cryp
2025-12-13 09:35:19,303 [INFO] IPUIPlugin:80 - create IPUIPlugin
2025-12-13 09:35:19,303 [INFO] PluginManager:220 - loadIPPluginJar : add ddr_ctrl_phy
2025-12-13 09:35:19,306 [INFO] IPUIPlugin:80 - create IPUIPlugin
2025-12-13 09:35:19,306 [INFO] PluginManager:220 - loadIPPluginJar : add dfsdm
2025-12-13 09:35:19,309 [INFO] IPUIPlugin:80 - create IPUIPlugin
2025-12-13 09:35:19,310 [INFO] PluginManager:220 - loadIPPluginJar : add dma
2025-12-13 09:35:19,311 [INFO] IPUIPlugin:80 - create IPUIPlugin
2025-12-13 09:35:19,311 [INFO] PluginManager:220 - loadIPPluginJar : add dma3
2025-12-13 09:35:19,313 [INFO] IPUIPlugin:80 - create IPUIPlugin
2025-12-13 09:35:19,313 [INFO] PluginManager:220 - loadIPPluginJar : add extmemmanager
2025-12-13 09:35:19,314 [INFO] IPUIPlugin:80 - create IPUIPlugin
2025-12-13 09:35:19,314 [INFO] PluginManager:220 - loadIPPluginJar : add fatfs
2025-12-13 09:35:19,317 [INFO] IPUIPlugin:80 - create IPUIPlugin
2025-12-13 09:35:19,317 [INFO] PluginManager:220 - loadIPPluginJar : add fmc
2025-12-13 09:35:19,321 [INFO] IPUIPlugin:80 - create IPUIPlugin
2025-12-13 09:35:19,321 [INFO] PluginManager:220 - loadIPPluginJar : add freertos
2025-12-13 09:35:19,322 [INFO] IPUIPlugin:80 - create IPUIPlugin
2025-12-13 09:35:19,322 [INFO] PluginManager:220 - loadIPPluginJar : add genericplugin
2025-12-13 09:35:19,323 [INFO] IPUIPlugin:80 - create IPUIPlugin
2025-12-13 09:35:19,323 [INFO] PluginManager:220 - loadIPPluginJar : add gfxmmu
2025-12-13 09:35:19,327 [INFO] IPUIPlugin:80 - create IPUIPlugin
2025-12-13 09:35:19,327 [INFO] PluginManager:220 - loadIPPluginJar : add gic
2025-12-13 09:35:19,329 [INFO] IPUIPlugin:80 - create IPUIPlugin
2025-12-13 09:35:19,329 [INFO] PluginManager:220 - loadIPPluginJar : add gpio
2025-12-13 09:35:19,331 [INFO] IPUIPlugin:80 - create IPUIPlugin
2025-12-13 09:35:19,331 [INFO] PluginManager:220 - loadIPPluginJar : add gtzc
2025-12-13 09:35:19,332 [INFO] IPUIPlugin:80 - create IPUIPlugin
2025-12-13 09:35:19,332 [INFO] PluginManager:220 - loadIPPluginJar : add hash
2025-12-13 09:35:19,335 [INFO] IPUIPlugin:80 - create IPUIPlugin
2025-12-13 09:35:19,335 [INFO] PluginManager:220 - loadIPPluginJar : add i2c
2025-12-13 09:35:19,337 [INFO] IPUIPlugin:80 - create IPUIPlugin
2025-12-13 09:35:19,337 [INFO] PluginManager:220 - loadIPPluginJar : add i2s
2025-12-13 09:35:19,338 [INFO] IPUIPlugin:80 - create IPUIPlugin
2025-12-13 09:35:19,339 [INFO] PluginManager:220 - loadIPPluginJar : add i3c
2025-12-13 09:35:19,341 [INFO] IPUIPlugin:80 - create IPUIPlugin
2025-12-13 09:35:19,341 [INFO] PluginManager:220 - loadIPPluginJar : add ipddr
2025-12-13 09:35:19,345 [INFO] IPUIPlugin:80 - create IPUIPlugin
2025-12-13 09:35:19,345 [INFO] PluginManager:220 - loadIPPluginJar : add linkedlist
2025-12-13 09:35:19,347 [INFO] IPUIPlugin:80 - create IPUIPlugin
2025-12-13 09:35:19,347 [INFO] PluginManager:220 - loadIPPluginJar : add lorawan
2025-12-13 09:35:19,348 [INFO] IPUIPlugin:80 - create IPUIPlugin
2025-12-13 09:35:19,348 [INFO] PluginManager:220 - loadIPPluginJar : add ltdc
2025-12-13 09:35:19,351 [INFO] IPUIPlugin:80 - create IPUIPlugin
2025-12-13 09:35:19,351 [INFO] PluginManager:220 - loadIPPluginJar : add mdma
2025-12-13 09:35:19,354 [INFO] IPUIPlugin:80 - create IPUIPlugin
2025-12-13 09:35:19,354 [INFO] PluginManager:220 - loadIPPluginJar : add nvic
2025-12-13 09:35:19,355 [INFO] IPUIPlugin:80 - create IPUIPlugin
2025-12-13 09:35:19,355 [INFO] PluginManager:220 - loadIPPluginJar : add opamp
2025-12-13 09:35:19,358 [INFO] IPUIPlugin:80 - create IPUIPlugin
2025-12-13 09:35:19,358 [INFO] PluginManager:220 - loadIPPluginJar : add openamp
2025-12-13 09:35:19,359 [INFO] IPUIPlugin:80 - create IPUIPlugin
2025-12-13 09:35:19,359 [INFO] PluginManager:220 - loadIPPluginJar : add pdm2pcm
2025-12-13 09:35:19,363 [INFO] IPUIPlugin:80 - create IPUIPlugin
2025-12-13 09:35:19,364 [INFO] PluginManager:220 - loadIPPluginJar : add plateformsettings
2025-12-13 09:35:19,365 [INFO] IPUIPlugin:80 - create IPUIPlugin
2025-12-13 09:35:19,365 [INFO] PluginManager:220 - loadIPPluginJar : add quadspi
2025-12-13 09:35:19,367 [INFO] IPUIPlugin:80 - create IPUIPlugin
2025-12-13 09:35:19,367 [INFO] PluginManager:220 - loadIPPluginJar : add radio
2025-12-13 09:35:19,369 [INFO] IPUIPlugin:80 - create IPUIPlugin
2025-12-13 09:35:19,369 [INFO] PluginManager:220 - loadIPPluginJar : add resmgrutility
2025-12-13 09:35:19,370 [INFO] IPUIPlugin:80 - create IPUIPlugin
2025-12-13 09:35:19,370 [INFO] PluginManager:220 - loadIPPluginJar : add sai
2025-12-13 09:35:19,372 [INFO] IPUIPlugin:80 - create IPUIPlugin
2025-12-13 09:35:19,372 [INFO] PluginManager:220 - loadIPPluginJar : add spi
2025-12-13 09:35:19,376 [INFO] IPUIPlugin:80 - create IPUIPlugin
2025-12-13 09:35:19,376 [INFO] PluginManager:220 - loadIPPluginJar : add stm32_wpan
2025-12-13 09:35:19,377 [INFO] IPUIPlugin:80 - create IPUIPlugin
2025-12-13 09:35:19,377 [INFO] PluginManager:220 - loadIPPluginJar : add tim
2025-12-13 09:35:19,380 [INFO] IPUIPlugin:80 - create IPUIPlugin
2025-12-13 09:35:19,380 [INFO] PluginManager:220 - loadIPPluginJar : add touchsensing
2025-12-13 09:35:19,381 [INFO] IPUIPlugin:80 - create IPUIPlugin
2025-12-13 09:35:19,381 [INFO] PluginManager:220 - loadIPPluginJar : add tracer_emb
2025-12-13 09:35:19,382 [INFO] IPUIPlugin:80 - create IPUIPlugin
2025-12-13 09:35:19,382 [INFO] PluginManager:220 - loadIPPluginJar : add ts
2025-12-13 09:35:19,383 [INFO] IPUIPlugin:80 - create IPUIPlugin
2025-12-13 09:35:19,383 [INFO] PluginManager:220 - loadIPPluginJar : add tsc
2025-12-13 09:35:19,384 [INFO] IPUIPlugin:80 - create IPUIPlugin
2025-12-13 09:35:19,384 [INFO] PluginManager:220 - loadIPPluginJar : add ucpd
2025-12-13 09:35:19,386 [INFO] IPUIPlugin:80 - create IPUIPlugin
2025-12-13 09:35:19,386 [INFO] PluginManager:220 - loadIPPluginJar : add usart
2025-12-13 09:35:19,387 [INFO] IPUIPlugin:80 - create IPUIPlugin
2025-12-13 09:35:19,387 [INFO] PluginManager:220 - loadIPPluginJar : add usbx
2025-12-13 09:35:19,495 [FATAL] Updater:351 - Updater called before beeing initialized
2025-12-13 09:35:19,520 [INFO] RulesReader:64 - Compatibility file has been processed (317 Rules)
2025-12-13 09:35:19,529 [INFO] RulesReader:64 - Compatibility file has been processed (317 Rules)
2025-12-13 09:35:19,533 [INFO] CADModel:165 - CPN selected for project level
2025-12-13 09:35:19,533 [INFO] CADModel:114 - Register for checkConnection events
2025-12-13 09:35:19,533 [FATAL] Updater:351 - Updater called before beeing initialized
2025-12-13 09:35:19,533 [ERROR] CADModel:125 - Updater not yet initialized, retry later 
2025-12-13 09:35:19,623 [FATAL] Updater:351 - Updater called before beeing initialized
2025-12-13 09:35:19,623 [INFO] CADModel:165 - CPN selected for project level
2025-12-13 09:35:19,623 [INFO] CADModel:114 - Register for checkConnection events
2025-12-13 09:35:19,623 [FATAL] Updater:351 - Updater called before beeing initialized
2025-12-13 09:35:19,623 [ERROR] CADModel:125 - Updater not yet initialized, retry later 
2025-12-13 09:35:19,626 [FATAL] Updater:351 - Updater called before beeing initialized
2025-12-13 09:35:19,697 [FATAL] Updater:351 - Updater called before beeing initialized
2025-12-13 09:35:19,700 [INFO] DbMcusAds:53 - JSON generation date=Mon Dec 08 06:28:10 PST 2025 (1765204090004)
2025-12-13 09:35:19,700 [FATAL] Updater:351 - Updater called before beeing initialized
2025-12-13 09:35:19,724 [WARN] DetailPanel:346 - Failed to get advertising image, set to default
2025-12-13 09:35:19,793 [FATAL] Updater:351 - Updater called before beeing initialized
2025-12-13 09:35:19,794 [FATAL] Updater:351 - Updater called before beeing initialized
2025-12-13 09:35:19,794 [FATAL] Updater:351 - Updater called before beeing initialized
2025-12-13 09:35:19,794 [WARN] DetailPanel:346 - Failed to get advertising image, set to default
2025-12-13 09:35:19,795 [FATAL] Updater:351 - Updater called before beeing initialized
2025-12-13 09:35:19,826 [ERROR] Updater:1198 - MainUpdater not yet initialized. External WinMGr cannot be set.
2025-12-13 09:35:19,827 [INFO] Updater:1134 - Updater Version found : 6.15.0
2025-12-13 09:35:19,838 [INFO] ApplicationProperties:184 - Using Application install path: C:\ST\STM32CubeIDE_1.19.0\STM32CubeIDE\plugins\com.st.stm32cube.common.mx_6.15.0.202507011659
2025-12-13 09:35:21,406 [ERROR] LogOutputStream:75 - [STDERR_REDIRECT] Dec 13, 2025 9:35:21 AM java.util.prefs.WindowsPreferences <init>
2025-12-13 09:35:21,408 [ERROR] LogOutputStream:75 - [STDERR_REDIRECT] WARNING: Could not open/create prefs root node Software\JavaSoft\Prefs at root 0xffffffff80000002. Windows RegCreateKeyEx(...) returned error code 5.
2025-12-13 09:35:21,408 [ERROR] LogOutputStream:75 - [STDERR_REDIRECT] 
2025-12-13 09:35:21,581 [INFO] MainUpdater:2872 - connection check result : 10
2025-12-13 09:35:21,581 [INFO] MainUpdater:289 - Updater Check For Update Now.
2025-12-13 09:35:21,582 [INFO] MicroXplorer:498 - Change Database Version : DB.6.0.150
2025-12-13 09:35:21,585 [INFO] McuFinderGlobals:63 - Set McuFinder mode to 2 (CubeIDE integrated)
2025-12-13 09:35:21,585 [INFO] UserAuth:487 - Internet connection configuration mode: 1
2025-12-13 09:35:21,596 [INFO] JxBrowserEngine:152 - Initiate JxBrowser Engine with user profile folder
2025-12-13 09:35:21,742 [INFO] CheckServerUpdateThread:120 - End of CheckServer Thread
2025-12-13 09:35:22,008 [INFO] WebApp:169 - Instantiating new browser for Auth
2025-12-13 09:35:22,142 [WARN] PackLoader:240 - Cannot read IP mode file for STMicroelectronics.FP-SNS-MOTENVWB1.1.4.0
2025-12-13 09:35:22,149 [WARN] PackLoader:240 - Cannot read IP mode file for STMicroelectronics.FP-ATR-ASTRA1.2.0.2
2025-12-13 09:35:22,156 [WARN] PackLoader:240 - Cannot read IP mode file for STMicroelectronics.X-CUBE-SMBUS.2.1.0
2025-12-13 09:35:22,160 [WARN] PackLoader:240 - Cannot read IP mode file for STMicroelectronics.X-CUBE-ST60.1.0.0
2025-12-13 09:35:22,186 [WARN] PackLoader:240 - Cannot read IP mode file for STMicroelectronics.X-CUBE-AZRTOS-F7.1.1.0
2025-12-13 09:35:22,193 [WARN] PackLoader:240 - Cannot read IP mode file for STMicroelectronics.FP-SNS-MOTENV1.5.1.0
2025-12-13 09:35:22,223 [WARN] PackLoader:240 - Cannot read IP mode file for Infineon.AIROC-Wi-Fi-Bluetooth-STM32.1.7.1
2025-12-13 09:35:22,244 [WARN] PackLoader:240 - Cannot read IP mode file for STMicroelectronics.X-CUBE-AZRTOS-H7.3.4.0
2025-12-13 09:35:22,432 [WARN] PackLoader:240 - Cannot read IP mode file for STMicroelectronics.X-CUBE-DISPLAY.3.0.0
2025-12-13 09:35:22,441 [WARN] PackLoader:240 - Cannot read IP mode file for STMicroelectronics.X-CUBE-NFC10.1.0.0
2025-12-13 09:35:22,445 [WARN] PackLoader:240 - Cannot read IP mode file for STMicroelectronics.X-CUBE-ST60.1.1.0
2025-12-13 09:35:22,448 [WARN] PackLoader:240 - Cannot read IP mode file for emotas.I-CUBE-CANOPEN.1.3.0
2025-12-13 09:35:22,452 [WARN] PackLoader:240 - Cannot read IP mode file for STMicroelectronics.X-CUBE-GNSS1.7.1.0
2025-12-13 09:35:22,457 [WARN] PackLoader:240 - Cannot read IP mode file for STMicroelectronics.FP-SNS-STBOX1.2.1.0
2025-12-13 09:35:22,461 [WARN] PackLoader:240 - Cannot read IP mode file for STMicroelectronics.FP-SNS-SMARTAG2.1.2.0
2025-12-13 09:35:22,464 [WARN] PackLoader:240 - Cannot read IP mode file for STMicroelectronics.FP-SNS-FLIGHT1.5.1.0
2025-12-13 09:35:22,469 [INFO] LogOutputStream:77 - [STDOUT_REDIRECT] 1 : Invalid condition id : UX_CORESTACK_Condition cause : null
2025-12-13 09:35:22,470 [INFO] LogOutputStream:77 - [STDOUT_REDIRECT] 1 : Invalid condition id : UX_CORESTACK_Condition cause : null
2025-12-13 09:35:22,470 [INFO] LogOutputStream:77 - [STDOUT_REDIRECT] 1 : Invalid condition id : UX_CORESTACK_Condition cause : null
2025-12-13 09:35:22,471 [INFO] LogOutputStream:77 - [STDOUT_REDIRECT] 1 : Invalid condition id : UX_CORESTACK_Condition cause : null
2025-12-13 09:35:22,472 [INFO] LogOutputStream:77 - [STDOUT_REDIRECT] 1 : Invalid condition id : UX_CORESTACK_Condition cause : null
2025-12-13 09:35:22,474 [WARN] PackLoader:240 - Cannot read IP mode file for STMicroelectronics.X-CUBE-AZRTOS-WL.2.0.0
2025-12-13 09:35:22,477 [WARN] PackLoader:240 - Cannot read IP mode file for STMicroelectronics.FP-SNS-MOTENV1.5.0.0
2025-12-13 09:35:22,489 [WARN] PackLoader:240 - Cannot read IP mode file for STMicroelectronics.X-CUBE-AZRTOS-H7RS.1.2.0
2025-12-13 09:35:22,495 [WARN] PackLoader:240 - Cannot read IP mode file for WES.I-CUBE-Cesium.1.3.0
2025-12-13 09:35:22,499 [WARN] PackLoader:240 - Cannot read IP mode file for STMicroelectronics.X-CUBE-BLE2.3.3.0
2025-12-13 09:35:22,513 [WARN] PackLoader:240 - Cannot read IP mode file for STMicroelectronics.X-CUBE-NFC9.1.0.0
2025-12-13 09:35:22,519 [WARN] PackLoader:240 - Cannot read IP mode file for wolfSSL.I-CUBE-wolfSSL.5.8.0
2025-12-13 09:35:22,524 [WARN] PackLoader:240 - Cannot read IP mode file for STMicroelectronics.X-CUBE-BLE1.7.1.0
2025-12-13 09:35:22,529 [WARN] PackLoader:240 - Cannot read IP mode file for wolfSSL.I-CUBE-wolfMQTT.1.19.2
2025-12-13 09:35:22,534 [WARN] PackLoader:240 - Cannot read IP mode file for STMicroelectronics.X-CUBE-FREERTOS.1.4.0
2025-12-13 09:35:22,539 [WARN] PackLoader:240 - Cannot read IP mode file for STMicroelectronics.X-CUBE-EEPRMA1.5.2.0
2025-12-13 09:35:22,544 [WARN] PackLoader:240 - Cannot read IP mode file for STMicroelectronics.X-CUBE-ST67W61.1.1.0
2025-12-13 09:35:22,548 [WARN] PackLoader:240 - Cannot read IP mode file for STMicroelectronics.X-CUBE-AI.10.1.0
2025-12-13 09:35:22,601 [WARN] PackLoader:240 - Cannot read IP mode file for STMicroelectronics.X-CUBE-MEMS1.12.0.0
2025-12-13 09:35:22,668 [INFO] WebApp:463 - Apply proxy settings
2025-12-13 09:35:22,668 [INFO] WebApp:548 - Chromium requires no authentication
2025-12-13 09:35:22,675 [INFO] WebApp:491 - Direct internet connection detected
2025-12-13 09:35:22,697 [INFO] WebApp:900 - Register for checkConnection events
2025-12-13 09:35:22,697 [INFO] WebApp:463 - Apply proxy settings
2025-12-13 09:35:22,697 [INFO] WebApp:548 - Chromium requires no authentication
2025-12-13 09:35:22,698 [INFO] WebApp:491 - Direct internet connection detected
2025-12-13 09:35:22,712 [WARN] PackLoader:240 - Cannot read IP mode file for STMicroelectronics.X-CUBE-AZRTOS-G0.1.1.0
2025-12-13 09:35:22,717 [WARN] PackLoader:240 - Cannot read IP mode file for STMicroelectronics.X-CUBE-SAFEA1.1.2.2
2025-12-13 09:35:22,721 [WARN] PackLoader:240 - Cannot read IP mode file for STMicroelectronics.X-CUBE-NFC4.3.0.0
2025-12-13 09:35:22,726 [WARN] PackLoader:240 - Cannot read IP mode file for EmbeddedOffice.I-CUBE-FS-RTOS.1.0.1
2025-12-13 09:35:22,729 [WARN] PackLoader:240 - Cannot read IP mode file for STMicroelectronics.X-CUBE-WB05N.2.0.0
2025-12-13 09:35:22,732 [WARN] PackLoader:240 - Cannot read IP mode file for wolfSSL.I-CUBE-wolfTPM.3.8.0
2025-12-13 09:35:22,735 [WARN] PackLoader:240 - Cannot read IP mode file for STMicroelectronics.X-CUBE-TCPP.4.2.0
2025-12-13 09:35:22,740 [WARN] PackLoader:240 - Cannot read IP mode file for RealThread.X-CUBE-RT-Thread_Nano.4.1.1
2025-12-13 09:35:22,742 [WARN] PackLoader:240 - Cannot read IP mode file for STMicroelectronics.FP-ATR-SIGFOX1.3.2.0
2025-12-13 09:35:22,747 [WARN] PackLoader:240 - Cannot read IP mode file for ITTIA_DB.I-CUBE-ITTIADB.8.9.0
2025-12-13 09:35:22,750 [WARN] PackLoader:240 - Cannot read IP mode file for STMicroelectronics.X-CUBE-ST67W61.1.0.0
2025-12-13 09:35:22,752 [WARN] PackLoader:240 - Cannot read IP mode file for STMicroelectronics.X-CUBE-AI.10.2.0
2025-12-13 09:35:22,773 [WARN] PackLoader:240 - Cannot read IP mode file for SEGGER.I-CUBE-embOS.1.3.1
2025-12-13 09:35:22,799 [WARN] PackLoader:240 - Cannot read IP mode file for STMicroelectronics.X-CUBE-ALGOBUILD.1.4.0
2025-12-13 09:35:22,830 [WARN] PackLoader:240 - Cannot read IP mode file for STMicroelectronics.X-CUBE-MEMS1.11.3.0
2025-12-13 09:35:22,845 [INFO] WebApp:191 - Connection restablished
2025-12-13 09:35:22,880 [INFO] WebApp:225 - Starting web application
2025-12-13 09:35:22,881 [INFO] WebApp:593 - Web application path used C:\ST\STM32CubeIDE_1.19.0\STM32CubeIDE\plugins\com.st.stm32cube.common.mx_6.15.0.202507011659\db\plugins\mcufinder\reactClient1\index.html
2025-12-13 09:35:22,942 [WARN] PackLoader:240 - Cannot read IP mode file for STMicroelectronics.X-CUBE-PM33A1.1.0.0
2025-12-13 09:35:22,956 [WARN] PackLoader:240 - Cannot read IP mode file for STMicroelectronics.X-CUBE-AZRTOS-F4.1.1.0
2025-12-13 09:35:22,962 [WARN] PackLoader:240 - Cannot read IP mode file for Avnet-IotConnect.X-CUBE-IoTC-DA16k-PMOD.1.0.0
2025-12-13 09:35:22,966 [WARN] PackLoader:240 - Cannot read IP mode file for STMicroelectronics.X-CUBE-ISPU.2.1.0
2025-12-13 09:35:22,979 [WARN] PackLoader:240 - Cannot read IP mode file for STMicroelectronics.X-CUBE-IPS.3.2.0
2025-12-13 09:35:22,984 [INFO] UserAuth:487 - Internet connection configuration mode: 1
2025-12-13 09:35:22,989 [WARN] PackLoader:240 - Cannot read IP mode file for STMicroelectronics.X-CUBE-NFC12.1.0.0
2025-12-13 09:35:23,006 [WARN] PackLoader:240 - Cannot read IP mode file for STMicroelectronics.X-CUBE-AZRTOS-L5.2.0.0
2025-12-13 09:35:23,014 [WARN] PackLoader:240 - Cannot read IP mode file for STMicroelectronics.X-CUBE-NFC6.3.1.0
2025-12-13 09:35:23,020 [WARN] PackLoader:240 - Cannot read IP mode file for STMicroelectronics.X-CUBE-FREERTOS.1.3.1
2025-12-13 09:35:23,024 [WARN] PackLoader:240 - Cannot read IP mode file for STMicroelectronics.X-CUBE-TOUCHGFX.4.26.0
2025-12-13 09:35:23,028 [WARN] PackLoader:240 - Cannot read IP mode file for STMicroelectronics.FP-SNS-STAIOTCFT.1.0.0
2025-12-13 09:35:23,032 [WARN] PackLoader:240 - Cannot read IP mode file for STMicroelectronics.X-CUBE-DPower.1.3.0
2025-12-13 09:35:23,044 [WARN] ConditionMgr:438 - getConditionDescription Invalid condition id : LAN8742 Phy interface Condition cause : null
2025-12-13 09:35:23,045 [WARN] PackLoader:240 - Cannot read IP mode file for STMicroelectronics.X-CUBE-AZRTOS-L4.2.0.0
2025-12-13 09:35:23,047 [WARN] ConditionMgr:1044 - genDependencies : Invalid condition id : LAN8742 Phy interface Condition cause : null
2025-12-13 09:35:23,047 [WARN] ConditionMgr:1044 - genDependencies : Invalid condition id : LAN8742 Phy interface Condition cause : null
2025-12-13 09:35:23,048 [WARN] ConditionMgr:1044 - genDependencies : Invalid condition id : LAN8742 Phy interface Condition cause : null
2025-12-13 09:35:23,054 [WARN] PackLoader:240 - Cannot read IP mode file for STMicroelectronics.X-CUBE-SFXS2LP1.4.0.0
2025-12-13 09:35:23,192 [WARN] PackLoader:240 - Cannot read IP mode file for STMicroelectronics.X-CUBE-AZRTOS-H7.3.3.0
2025-12-13 09:35:23,259 [ERROR] LogOutputStream:75 - [STDERR_REDIRECT] [Fatal Error] :1:1: Premature end of file.
2025-12-13 09:35:23,260 [ERROR] LogOutputStream:75 - [STDERR_REDIRECT] 
2025-12-13 09:35:23,306 [WARN] PackLoader:240 - Cannot read IP mode file for STMicroelectronics.X-CUBE-BLEMGR.4.1.0
2025-12-13 09:35:23,315 [WARN] ConditionMgr:438 - getConditionDescription Invalid condition id : UX DEVICE CLASS RTOS Condition cause : null
2025-12-13 09:35:23,315 [WARN] ConditionMgr:438 - getConditionDescription Invalid condition id : UX DEVICE CLASS RTOS Condition cause : null
2025-12-13 09:35:23,316 [WARN] PackLoader:240 - Cannot read IP mode file for STMicroelectronics.X-CUBE-AZRTOS-WB.2.0.0
2025-12-13 09:35:23,316 [WARN] ConditionMgr:1044 - genDependencies : Invalid condition id : UX DEVICE CLASS RTOS Condition cause : null
2025-12-13 09:35:23,316 [WARN] ConditionMgr:1044 - genDependencies : Invalid condition id : UX DEVICE CLASS RTOS Condition cause : null
2025-12-13 09:35:23,317 [WARN] ConditionMgr:1044 - genDependencies : Invalid condition id : UX DEVICE CLASS RTOS Condition cause : null
2025-12-13 09:35:23,317 [WARN] ConditionMgr:1044 - genDependencies : Invalid condition id : UX DEVICE CLASS RTOS Condition cause : null
2025-12-13 09:35:23,317 [WARN] ConditionMgr:1044 - genDependencies : Invalid condition id : UX DEVICE CLASS RTOS Condition cause : null
2025-12-13 09:35:23,320 [WARN] PackLoader:240 - Cannot read IP mode file for STMicroelectronics.X-CUBE-GNSS1.7.0.1
2025-12-13 09:35:23,321 [WARN] PackLoader:240 - Cannot read IP mode file for STMicroelectronics.X-CUBE-TOUCHGFX.4.25.0
2025-12-13 09:35:23,325 [WARN] PackLoader:240 - Cannot read IP mode file for STMicroelectronics.FP-SNS-STBOX1.2.0.0
2025-12-13 09:35:23,328 [WARN] ConditionMgr:438 - getConditionDescription Invalid condition id : Cortex-A Device cause : null
2025-12-13 09:35:23,333 [WARN] ConditionMgr:1044 - genDependencies : Invalid condition id : Cortex-A Device cause : null
2025-12-13 09:35:23,333 [WARN] ConditionMgr:1044 - genDependencies : Invalid condition id : Cortex-A Device cause : null
2025-12-13 09:35:23,333 [WARN] ConditionMgr:1044 - genDependencies : Invalid condition id : Cortex-A Device cause : null
2025-12-13 09:35:23,337 [WARN] PackLoader:240 - Cannot read IP mode file for STMicroelectronics.X-CUBE-SUBG2.5.0.0
2025-12-13 09:35:23,348 [WARN] PackLoader:240 - Cannot read IP mode file for STMicroelectronics.X-CUBE-AZRTOS-H7RS.1.1.0
2025-12-13 09:35:23,353 [WARN] PackLoader:240 - Cannot read IP mode file for Cesanta.I-CUBE-Mongoose.7.13.0
2025-12-13 09:35:23,360 [WARN] PackLoader:240 - Cannot read IP mode file for STMicroelectronics.X-CUBE-AZRTOS-G4.2.0.0
2025-12-13 09:35:23,364 [WARN] PackLoader:240 - Cannot read IP mode file for wolfSSL.I-CUBE-wolfSSH.1.4.20
2025-12-13 09:35:23,367 [WARN] PackLoader:240 - Cannot read IP mode file for STMicroelectronics.X-CUBE-NFC7.2.0.0
2025-12-13 09:35:23,374 [WARN] PackLoader:240 - Cannot read IP mode file for STMicroelectronics.X-CUBE-IPS.3.1.0
2025-12-13 09:35:23,378 [WARN] PackLoader:240 - Cannot read IP mode file for STMicroelectronics.X-CUBE-ALS.1.0.2
2025-12-13 09:35:23,382 [WARN] PackLoader:240 - Cannot read IP mode file for STMicroelectronics.X-CUBE-STSE01.1.0.0
2025-12-13 09:35:23,386 [WARN] PackLoader:240 - Cannot read IP mode file for portGmbH.I-Cube-SoM-uGOAL.1.1.0
2025-12-13 09:35:23,392 [WARN] PackLoader:240 - Cannot read IP mode file for STMicroelectronics.X-CUBE-TOF1.3.4.3
2025-12-13 09:35:23,396 [INFO] ThirdParty:978 - Integrity check success = true
2025-12-13 09:35:23,397 [INFO] IntegrityCheckThread:100 - exiting critical section [integrity check]
2025-12-13 09:35:23,397 [INFO] IntegrityCheckThread:103 - End integrity checks thread
2025-12-13 09:35:24,028 [ERROR] LogOutputStream:75 - [STDERR_REDIRECT] [Fatal Error] :1:1: Premature end of file.
2025-12-13 09:35:24,028 [ERROR] LogOutputStream:75 - [STDERR_REDIRECT] 
2025-12-13 09:35:25,033 [ERROR] LogOutputStream:75 - [STDERR_REDIRECT] [Fatal Error] :1:1: Premature end of file.
2025-12-13 09:35:25,035 [ERROR] LogOutputStream:75 - [STDERR_REDIRECT] 
2025-12-13 09:35:26,033 [ERROR] LogOutputStream:75 - [STDERR_REDIRECT] [Fatal Error] :1:1: Premature end of file.
2025-12-13 09:35:26,034 [ERROR] LogOutputStream:75 - [STDERR_REDIRECT] 
2025-12-13 09:35:27,025 [ERROR] LogOutputStream:75 - [STDERR_REDIRECT] [Fatal Error] :1:1: Premature end of file.
2025-12-13 09:35:27,026 [ERROR] LogOutputStream:75 - [STDERR_REDIRECT] 
2025-12-13 09:35:28,024 [ERROR] LogOutputStream:75 - [STDERR_REDIRECT] [Fatal Error] :1:1: Premature end of file.
2025-12-13 09:35:28,024 [ERROR] LogOutputStream:75 - [STDERR_REDIRECT] 
2025-12-13 09:35:29,035 [ERROR] LogOutputStream:75 - [STDERR_REDIRECT] [Fatal Error] :1:1: Premature end of file.
2025-12-13 09:35:29,035 [ERROR] LogOutputStream:75 - [STDERR_REDIRECT] 
2025-12-13 09:35:30,034 [ERROR] LogOutputStream:75 - [STDERR_REDIRECT] [Fatal Error] :1:1: Premature end of file.
2025-12-13 09:35:30,034 [ERROR] LogOutputStream:75 - [STDERR_REDIRECT] 
2025-12-13 09:35:31,035 [ERROR] LogOutputStream:75 - [STDERR_REDIRECT] [Fatal Error] :1:1: Premature end of file.
2025-12-13 09:35:31,035 [ERROR] LogOutputStream:75 - [STDERR_REDIRECT] 
2025-12-13 09:35:32,037 [ERROR] LogOutputStream:75 - [STDERR_REDIRECT] [Fatal Error] :1:1: Premature end of file.
2025-12-13 09:35:32,037 [ERROR] LogOutputStream:75 - [STDERR_REDIRECT] 
2025-12-13 09:35:33,037 [ERROR] LogOutputStream:75 - [STDERR_REDIRECT] [Fatal Error] :1:1: Premature end of file.
2025-12-13 09:35:33,037 [ERROR] LogOutputStream:75 - [STDERR_REDIRECT] 
2025-12-13 09:35:34,045 [ERROR] LogOutputStream:75 - [STDERR_REDIRECT] [Fatal Error] :1:1: Premature end of file.
2025-12-13 09:35:34,046 [ERROR] LogOutputStream:75 - [STDERR_REDIRECT] 
2025-12-13 09:35:35,024 [ERROR] LogOutputStream:75 - [STDERR_REDIRECT] [Fatal Error] :1:1: Premature end of file.
2025-12-13 09:35:35,026 [ERROR] LogOutputStream:75 - [STDERR_REDIRECT] 
2025-12-13 09:35:36,047 [ERROR] LogOutputStream:75 - [STDERR_REDIRECT] [Fatal Error] :1:1: Premature end of file.
2025-12-13 09:35:36,048 [ERROR] LogOutputStream:75 - [STDERR_REDIRECT] 
2025-12-13 09:35:37,041 [ERROR] LogOutputStream:75 - [STDERR_REDIRECT] [Fatal Error] :1:1: Premature end of file.
2025-12-13 09:35:37,041 [ERROR] LogOutputStream:75 - [STDERR_REDIRECT] 
2025-12-13 09:35:38,051 [ERROR] LogOutputStream:75 - [STDERR_REDIRECT] [Fatal Error] :1:1: Premature end of file.
2025-12-13 09:35:38,051 [ERROR] LogOutputStream:75 - [STDERR_REDIRECT] 
2025-12-13 09:35:39,036 [ERROR] LogOutputStream:75 - [STDERR_REDIRECT] [Fatal Error] :1:1: Premature end of file.
2025-12-13 09:35:39,036 [ERROR] LogOutputStream:75 - [STDERR_REDIRECT] 
2025-12-13 09:35:40,030 [ERROR] LogOutputStream:75 - [STDERR_REDIRECT] [Fatal Error] :1:1: Premature end of file.
2025-12-13 09:35:40,030 [ERROR] LogOutputStream:75 - [STDERR_REDIRECT] 
2025-12-13 09:35:41,055 [ERROR] LogOutputStream:75 - [STDERR_REDIRECT] [Fatal Error] :1:1: Premature end of file.
2025-12-13 09:35:41,056 [ERROR] LogOutputStream:75 - [STDERR_REDIRECT] 
2025-12-13 09:35:42,034 [ERROR] LogOutputStream:75 - [STDERR_REDIRECT] [Fatal Error] :1:1: Premature end of file.
2025-12-13 09:35:42,036 [ERROR] LogOutputStream:75 - [STDERR_REDIRECT] 
2025-12-13 09:35:43,035 [ERROR] LogOutputStream:75 - [STDERR_REDIRECT] [Fatal Error] :1:1: Premature end of file.
2025-12-13 09:35:43,036 [ERROR] LogOutputStream:75 - [STDERR_REDIRECT] 
2025-12-13 09:35:44,060 [ERROR] LogOutputStream:75 - [STDERR_REDIRECT] [Fatal Error] :1:1: Premature end of file.
2025-12-13 09:35:44,061 [ERROR] LogOutputStream:75 - [STDERR_REDIRECT] 
2025-12-13 09:35:45,024 [ERROR] LogOutputStream:75 - [STDERR_REDIRECT] [Fatal Error] :1:1: Premature end of file.
2025-12-13 09:35:45,024 [ERROR] LogOutputStream:75 - [STDERR_REDIRECT] 
2025-12-13 09:35:46,033 [ERROR] LogOutputStream:75 - [STDERR_REDIRECT] [Fatal Error] :1:1: Premature end of file.
2025-12-13 09:35:46,034 [ERROR] LogOutputStream:75 - [STDERR_REDIRECT] 
2025-12-13 09:35:47,034 [ERROR] LogOutputStream:75 - [STDERR_REDIRECT] [Fatal Error] :1:1: Premature end of file.
2025-12-13 09:35:47,034 [ERROR] LogOutputStream:75 - [STDERR_REDIRECT] 
2025-12-13 09:35:48,030 [ERROR] LogOutputStream:75 - [STDERR_REDIRECT] [Fatal Error] :1:1: Premature end of file.
2025-12-13 09:35:48,030 [ERROR] LogOutputStream:75 - [STDERR_REDIRECT] 
2025-12-13 09:35:49,025 [ERROR] LogOutputStream:75 - [STDERR_REDIRECT] [Fatal Error] :1:1: Premature end of file.
2025-12-13 09:35:49,025 [ERROR] LogOutputStream:75 - [STDERR_REDIRECT] 
2025-12-13 09:35:50,026 [ERROR] LogOutputStream:75 - [STDERR_REDIRECT] [Fatal Error] :1:1: Premature end of file.
2025-12-13 09:35:50,026 [ERROR] LogOutputStream:75 - [STDERR_REDIRECT] 
2025-12-13 09:35:51,026 [ERROR] LogOutputStream:75 - [STDERR_REDIRECT] [Fatal Error] :1:1: Premature end of file.
2025-12-13 09:35:51,026 [ERROR] LogOutputStream:75 - [STDERR_REDIRECT] 
2025-12-13 09:35:52,025 [ERROR] LogOutputStream:75 - [STDERR_REDIRECT] [Fatal Error] :1:1: Premature end of file.
2025-12-13 09:35:52,025 [ERROR] LogOutputStream:75 - [STDERR_REDIRECT] 
2025-12-13 09:35:53,034 [ERROR] LogOutputStream:75 - [STDERR_REDIRECT] [Fatal Error] :1:1: Premature end of file.
2025-12-13 09:35:53,034 [ERROR] LogOutputStream:75 - [STDERR_REDIRECT] 
2025-12-13 09:35:54,026 [ERROR] LogOutputStream:75 - [STDERR_REDIRECT] [Fatal Error] :1:1: Premature end of file.
2025-12-13 09:35:54,026 [ERROR] LogOutputStream:75 - [STDERR_REDIRECT] 
2025-12-13 09:35:55,026 [ERROR] LogOutputStream:75 - [STDERR_REDIRECT] [Fatal Error] :1:1: Premature end of file.
2025-12-13 09:35:55,026 [ERROR] LogOutputStream:75 - [STDERR_REDIRECT] 
2025-12-13 09:35:56,026 [ERROR] LogOutputStream:75 - [STDERR_REDIRECT] [Fatal Error] :1:1: Premature end of file.
2025-12-13 09:35:56,027 [ERROR] LogOutputStream:75 - [STDERR_REDIRECT] 
2025-12-13 09:35:57,025 [ERROR] LogOutputStream:75 - [STDERR_REDIRECT] [Fatal Error] :1:1: Premature end of file.
2025-12-13 09:35:57,025 [ERROR] LogOutputStream:75 - [STDERR_REDIRECT] 
2025-12-13 09:35:58,050 [ERROR] LogOutputStream:75 - [STDERR_REDIRECT] [Fatal Error] :1:1: Premature end of file.
2025-12-13 09:35:58,050 [ERROR] LogOutputStream:75 - [STDERR_REDIRECT] 
2025-12-13 09:35:59,033 [ERROR] LogOutputStream:75 - [STDERR_REDIRECT] [Fatal Error] :1:1: Premature end of file.
2025-12-13 09:35:59,033 [ERROR] LogOutputStream:75 - [STDERR_REDIRECT] 
2025-12-13 09:36:00,024 [ERROR] LogOutputStream:75 - [STDERR_REDIRECT] [Fatal Error] :1:1: Premature end of file.
2025-12-13 09:36:00,025 [ERROR] LogOutputStream:75 - [STDERR_REDIRECT] 
2025-12-13 09:36:01,030 [ERROR] LogOutputStream:75 - [STDERR_REDIRECT] [Fatal Error] :1:1: Premature end of file.
2025-12-13 09:36:01,030 [ERROR] LogOutputStream:75 - [STDERR_REDIRECT] 
2025-12-13 09:36:02,025 [ERROR] LogOutputStream:75 - [STDERR_REDIRECT] [Fatal Error] :1:1: Premature end of file.
2025-12-13 09:36:02,025 [ERROR] LogOutputStream:75 - [STDERR_REDIRECT] 
2025-12-13 09:36:03,057 [ERROR] LogOutputStream:75 - [STDERR_REDIRECT] [Fatal Error] :1:1: Premature end of file.
2025-12-13 09:36:03,058 [ERROR] LogOutputStream:75 - [STDERR_REDIRECT] 
2025-12-13 09:36:04,027 [ERROR] LogOutputStream:75 - [STDERR_REDIRECT] [Fatal Error] :1:1: Premature end of file.
2025-12-13 09:36:04,027 [ERROR] LogOutputStream:75 - [STDERR_REDIRECT] 
2025-12-13 09:36:05,034 [ERROR] LogOutputStream:75 - [STDERR_REDIRECT] [Fatal Error] :1:1: Premature end of file.
2025-12-13 09:36:05,034 [ERROR] LogOutputStream:75 - [STDERR_REDIRECT] 
2025-12-13 09:36:06,025 [ERROR] LogOutputStream:75 - [STDERR_REDIRECT] [Fatal Error] :1:1: Premature end of file.
2025-12-13 09:36:06,025 [ERROR] LogOutputStream:75 - [STDERR_REDIRECT] 
2025-12-13 09:36:07,026 [ERROR] LogOutputStream:75 - [STDERR_REDIRECT] [Fatal Error] :1:1: Premature end of file.
2025-12-13 09:36:07,026 [ERROR] LogOutputStream:75 - [STDERR_REDIRECT] 
2025-12-13 09:36:08,034 [ERROR] LogOutputStream:75 - [STDERR_REDIRECT] [Fatal Error] :1:1: Premature end of file.
2025-12-13 09:36:08,034 [ERROR] LogOutputStream:75 - [STDERR_REDIRECT] 
2025-12-13 09:36:09,025 [ERROR] LogOutputStream:75 - [STDERR_REDIRECT] [Fatal Error] :1:1: Premature end of file.
2025-12-13 09:36:09,025 [ERROR] LogOutputStream:75 - [STDERR_REDIRECT] 
2025-12-13 09:36:10,025 [ERROR] LogOutputStream:75 - [STDERR_REDIRECT] [Fatal Error] :1:1: Premature end of file.
2025-12-13 09:36:10,026 [ERROR] LogOutputStream:75 - [STDERR_REDIRECT] 
2025-12-13 09:36:11,037 [ERROR] LogOutputStream:75 - [STDERR_REDIRECT] [Fatal Error] :1:1: Premature end of file.
2025-12-13 09:36:11,037 [ERROR] LogOutputStream:75 - [STDERR_REDIRECT] 
2025-12-13 09:36:12,034 [ERROR] LogOutputStream:75 - [STDERR_REDIRECT] [Fatal Error] :1:1: Premature end of file.
2025-12-13 09:36:12,034 [ERROR] LogOutputStream:75 - [STDERR_REDIRECT] 
2025-12-13 09:36:13,025 [ERROR] LogOutputStream:75 - [STDERR_REDIRECT] [Fatal Error] :1:1: Premature end of file.
2025-12-13 09:36:13,026 [ERROR] LogOutputStream:75 - [STDERR_REDIRECT] 
2025-12-13 09:36:14,026 [ERROR] LogOutputStream:75 - [STDERR_REDIRECT] [Fatal Error] :1:1: Premature end of file.
2025-12-13 09:36:14,026 [ERROR] LogOutputStream:75 - [STDERR_REDIRECT] 
2025-12-13 09:36:15,023 [ERROR] LogOutputStream:75 - [STDERR_REDIRECT] [Fatal Error] :1:1: Premature end of file.
2025-12-13 09:36:15,025 [ERROR] LogOutputStream:75 - [STDERR_REDIRECT] 
2025-12-13 09:36:16,025 [ERROR] LogOutputStream:75 - [STDERR_REDIRECT] [Fatal Error] :1:1: Premature end of file.
2025-12-13 09:36:16,025 [ERROR] LogOutputStream:75 - [STDERR_REDIRECT] 
2025-12-13 09:36:17,025 [ERROR] LogOutputStream:75 - [STDERR_REDIRECT] [Fatal Error] :1:1: Premature end of file.
2025-12-13 09:36:17,025 [ERROR] LogOutputStream:75 - [STDERR_REDIRECT] 
2025-12-13 09:36:18,026 [ERROR] LogOutputStream:75 - [STDERR_REDIRECT] [Fatal Error] :1:1: Premature end of file.
2025-12-13 09:36:18,026 [ERROR] LogOutputStream:75 - [STDERR_REDIRECT] 
2025-12-13 09:36:19,025 [ERROR] LogOutputStream:75 - [STDERR_REDIRECT] [Fatal Error] :1:1: Premature end of file.
2025-12-13 09:36:19,025 [ERROR] LogOutputStream:75 - [STDERR_REDIRECT] 
2025-12-13 09:36:20,034 [ERROR] LogOutputStream:75 - [STDERR_REDIRECT] [Fatal Error] :1:1: Premature end of file.
2025-12-13 09:36:20,034 [ERROR] LogOutputStream:75 - [STDERR_REDIRECT] 
2025-12-13 09:36:21,024 [ERROR] LogOutputStream:75 - [STDERR_REDIRECT] [Fatal Error] :1:1: Premature end of file.
2025-12-13 09:36:21,024 [ERROR] LogOutputStream:75 - [STDERR_REDIRECT] 
2025-12-13 09:36:22,026 [ERROR] LogOutputStream:75 - [STDERR_REDIRECT] [Fatal Error] :1:1: Premature end of file.
2025-12-13 09:36:22,026 [ERROR] LogOutputStream:75 - [STDERR_REDIRECT] 
2025-12-13 09:36:23,025 [ERROR] LogOutputStream:75 - [STDERR_REDIRECT] [Fatal Error] :1:1: Premature end of file.
2025-12-13 09:36:23,025 [ERROR] LogOutputStream:75 - [STDERR_REDIRECT] 
2025-12-13 09:36:24,032 [ERROR] LogOutputStream:75 - [STDERR_REDIRECT] [Fatal Error] :1:1: Premature end of file.
2025-12-13 09:36:24,033 [ERROR] LogOutputStream:75 - [STDERR_REDIRECT] 
2025-12-13 09:36:25,027 [ERROR] LogOutputStream:75 - [STDERR_REDIRECT] [Fatal Error] :1:1: Premature end of file.
2025-12-13 09:36:25,028 [ERROR] LogOutputStream:75 - [STDERR_REDIRECT] 
2025-12-13 09:36:26,027 [ERROR] LogOutputStream:75 - [STDERR_REDIRECT] [Fatal Error] :1:1: Premature end of file.
2025-12-13 09:36:26,027 [ERROR] LogOutputStream:75 - [STDERR_REDIRECT] 
2025-12-13 09:36:27,027 [ERROR] LogOutputStream:75 - [STDERR_REDIRECT] [Fatal Error] :1:1: Premature end of file.
2025-12-13 09:36:27,027 [ERROR] LogOutputStream:75 - [STDERR_REDIRECT] 
2025-12-13 09:36:28,026 [ERROR] LogOutputStream:75 - [STDERR_REDIRECT] [Fatal Error] :1:1: Premature end of file.
2025-12-13 09:36:28,026 [ERROR] LogOutputStream:75 - [STDERR_REDIRECT] 
2025-12-13 09:36:29,026 [ERROR] LogOutputStream:75 - [STDERR_REDIRECT] [Fatal Error] :1:1: Premature end of file.
2025-12-13 09:36:29,027 [ERROR] LogOutputStream:75 - [STDERR_REDIRECT] 
2025-12-13 09:36:30,026 [ERROR] LogOutputStream:75 - [STDERR_REDIRECT] [Fatal Error] :1:1: Premature end of file.
2025-12-13 09:36:30,026 [ERROR] LogOutputStream:75 - [STDERR_REDIRECT] 
2025-12-13 09:36:31,027 [ERROR] LogOutputStream:75 - [STDERR_REDIRECT] [Fatal Error] :1:1: Premature end of file.
2025-12-13 09:36:31,028 [ERROR] LogOutputStream:75 - [STDERR_REDIRECT] 
2025-12-13 09:36:32,027 [ERROR] LogOutputStream:75 - [STDERR_REDIRECT] [Fatal Error] :1:1: Premature end of file.
2025-12-13 09:36:32,027 [ERROR] LogOutputStream:75 - [STDERR_REDIRECT] 
2025-12-13 09:36:33,028 [ERROR] LogOutputStream:75 - [STDERR_REDIRECT] [Fatal Error] :1:1: Premature end of file.
2025-12-13 09:36:33,028 [ERROR] LogOutputStream:75 - [STDERR_REDIRECT] 
2025-12-13 09:36:34,034 [ERROR] LogOutputStream:75 - [STDERR_REDIRECT] [Fatal Error] :1:1: Premature end of file.
2025-12-13 09:36:34,035 [ERROR] LogOutputStream:75 - [STDERR_REDIRECT] 
2025-12-13 09:36:35,035 [ERROR] LogOutputStream:75 - [STDERR_REDIRECT] [Fatal Error] :1:1: Premature end of file.
2025-12-13 09:36:35,036 [ERROR] LogOutputStream:75 - [STDERR_REDIRECT] 
2025-12-13 09:36:36,032 [ERROR] LogOutputStream:75 - [STDERR_REDIRECT] [Fatal Error] :1:1: Premature end of file.
2025-12-13 09:36:36,033 [ERROR] LogOutputStream:75 - [STDERR_REDIRECT] 
2025-12-13 09:36:37,033 [ERROR] LogOutputStream:75 - [STDERR_REDIRECT] [Fatal Error] :1:1: Premature end of file.
2025-12-13 09:36:37,034 [ERROR] LogOutputStream:75 - [STDERR_REDIRECT] 
2025-12-13 09:36:38,035 [ERROR] LogOutputStream:75 - [STDERR_REDIRECT] [Fatal Error] :1:1: Premature end of file.
2025-12-13 09:36:38,036 [ERROR] LogOutputStream:75 - [STDERR_REDIRECT] 
2025-12-13 09:36:39,043 [ERROR] LogOutputStream:75 - [STDERR_REDIRECT] [Fatal Error] :1:1: Premature end of file.
2025-12-13 09:36:39,043 [ERROR] LogOutputStream:75 - [STDERR_REDIRECT] 
2025-12-13 09:36:40,031 [ERROR] LogOutputStream:75 - [STDERR_REDIRECT] [Fatal Error] :1:1: Premature end of file.
2025-12-13 09:36:40,032 [ERROR] LogOutputStream:75 - [STDERR_REDIRECT] 
2025-12-13 09:36:41,032 [ERROR] LogOutputStream:75 - [STDERR_REDIRECT] [Fatal Error] :1:1: Premature end of file.
2025-12-13 09:36:41,033 [ERROR] LogOutputStream:75 - [STDERR_REDIRECT] 
2025-12-13 09:36:42,034 [ERROR] LogOutputStream:75 - [STDERR_REDIRECT] [Fatal Error] :1:1: Premature end of file.
2025-12-13 09:36:42,035 [ERROR] LogOutputStream:75 - [STDERR_REDIRECT] 
2025-12-13 09:36:43,034 [ERROR] LogOutputStream:75 - [STDERR_REDIRECT] [Fatal Error] :1:1: Premature end of file.
2025-12-13 09:36:43,035 [ERROR] LogOutputStream:75 - [STDERR_REDIRECT] 
2025-12-13 09:36:44,035 [ERROR] LogOutputStream:75 - [STDERR_REDIRECT] [Fatal Error] :1:1: Premature end of file.
2025-12-13 09:36:44,035 [ERROR] LogOutputStream:75 - [STDERR_REDIRECT] 
2025-12-13 09:36:45,035 [ERROR] LogOutputStream:75 - [STDERR_REDIRECT] [Fatal Error] :1:1: Premature end of file.
2025-12-13 09:36:45,037 [ERROR] LogOutputStream:75 - [STDERR_REDIRECT] 
2025-12-13 09:36:46,035 [ERROR] LogOutputStream:75 - [STDERR_REDIRECT] [Fatal Error] :1:1: Premature end of file.
2025-12-13 09:36:46,035 [ERROR] LogOutputStream:75 - [STDERR_REDIRECT] 
2025-12-13 09:36:47,034 [ERROR] LogOutputStream:75 - [STDERR_REDIRECT] [Fatal Error] :1:1: Premature end of file.
2025-12-13 09:36:47,034 [ERROR] LogOutputStream:75 - [STDERR_REDIRECT] 
2025-12-13 09:36:48,035 [ERROR] LogOutputStream:75 - [STDERR_REDIRECT] [Fatal Error] :1:1: Premature end of file.
2025-12-13 09:36:48,035 [ERROR] LogOutputStream:75 - [STDERR_REDIRECT] 
2025-12-13 09:36:49,045 [ERROR] LogOutputStream:75 - [STDERR_REDIRECT] [Fatal Error] :1:1: Premature end of file.
2025-12-13 09:36:49,045 [ERROR] LogOutputStream:75 - [STDERR_REDIRECT] 
2025-12-13 09:36:50,035 [ERROR] LogOutputStream:75 - [STDERR_REDIRECT] [Fatal Error] :1:1: Premature end of file.
2025-12-13 09:36:50,035 [ERROR] LogOutputStream:75 - [STDERR_REDIRECT] 
2025-12-13 09:36:51,032 [ERROR] LogOutputStream:75 - [STDERR_REDIRECT] [Fatal Error] :1:1: Premature end of file.
2025-12-13 09:36:51,034 [ERROR] LogOutputStream:75 - [STDERR_REDIRECT] 
2025-12-13 09:36:52,047 [ERROR] LogOutputStream:75 - [STDERR_REDIRECT] [Fatal Error] :1:1: Premature end of file.
2025-12-13 09:36:52,048 [ERROR] LogOutputStream:75 - [STDERR_REDIRECT] 
2025-12-13 09:36:53,035 [ERROR] LogOutputStream:75 - [STDERR_REDIRECT] [Fatal Error] :1:1: Premature end of file.
2025-12-13 09:36:53,036 [ERROR] LogOutputStream:75 - [STDERR_REDIRECT] 
2025-12-13 09:36:54,034 [ERROR] LogOutputStream:75 - [STDERR_REDIRECT] [Fatal Error] :1:1: Premature end of file.
2025-12-13 09:36:54,034 [ERROR] LogOutputStream:75 - [STDERR_REDIRECT] 
2025-12-13 09:36:55,035 [ERROR] LogOutputStream:75 - [STDERR_REDIRECT] [Fatal Error] :1:1: Premature end of file.
2025-12-13 09:36:55,035 [ERROR] LogOutputStream:75 - [STDERR_REDIRECT] 
2025-12-13 09:36:56,058 [ERROR] LogOutputStream:75 - [STDERR_REDIRECT] [Fatal Error] :1:1: Premature end of file.
2025-12-13 09:36:56,059 [ERROR] LogOutputStream:75 - [STDERR_REDIRECT] 
2025-12-13 09:36:57,051 [ERROR] LogOutputStream:75 - [STDERR_REDIRECT] [Fatal Error] :1:1: Premature end of file.
2025-12-13 09:36:57,051 [ERROR] LogOutputStream:75 - [STDERR_REDIRECT] 
2025-12-13 09:36:58,033 [ERROR] LogOutputStream:75 - [STDERR_REDIRECT] [Fatal Error] :1:1: Premature end of file.
2025-12-13 09:36:58,034 [ERROR] LogOutputStream:75 - [STDERR_REDIRECT] 
2025-12-13 09:36:59,044 [ERROR] LogOutputStream:75 - [STDERR_REDIRECT] [Fatal Error] :1:1: Premature end of file.
2025-12-13 09:36:59,045 [ERROR] LogOutputStream:75 - [STDERR_REDIRECT] 
2025-12-13 09:37:00,029 [ERROR] LogOutputStream:75 - [STDERR_REDIRECT] [Fatal Error] :1:1: Premature end of file.
2025-12-13 09:37:00,030 [ERROR] LogOutputStream:75 - [STDERR_REDIRECT] 
2025-12-13 09:37:01,037 [ERROR] LogOutputStream:75 - [STDERR_REDIRECT] [Fatal Error] :1:1: Premature end of file.
2025-12-13 09:37:01,037 [ERROR] LogOutputStream:75 - [STDERR_REDIRECT] 
2025-12-13 09:37:02,050 [ERROR] LogOutputStream:75 - [STDERR_REDIRECT] [Fatal Error] :1:1: Premature end of file.
2025-12-13 09:37:02,050 [ERROR] LogOutputStream:75 - [STDERR_REDIRECT] 
2025-12-13 09:37:03,031 [ERROR] LogOutputStream:75 - [STDERR_REDIRECT] [Fatal Error] :1:1: Premature end of file.
2025-12-13 09:37:03,033 [ERROR] LogOutputStream:75 - [STDERR_REDIRECT] 
2025-12-13 09:37:04,035 [ERROR] LogOutputStream:75 - [STDERR_REDIRECT] [Fatal Error] :1:1: Premature end of file.
2025-12-13 09:37:04,036 [ERROR] LogOutputStream:75 - [STDERR_REDIRECT] 
2025-12-13 09:37:05,035 [ERROR] LogOutputStream:75 - [STDERR_REDIRECT] [Fatal Error] :1:1: Premature end of file.
2025-12-13 09:37:05,035 [ERROR] LogOutputStream:75 - [STDERR_REDIRECT] 
2025-12-13 09:37:06,034 [ERROR] LogOutputStream:75 - [STDERR_REDIRECT] [Fatal Error] :1:1: Premature end of file.
2025-12-13 09:37:06,034 [ERROR] LogOutputStream:75 - [STDERR_REDIRECT] 
2025-12-13 09:37:07,035 [ERROR] LogOutputStream:75 - [STDERR_REDIRECT] [Fatal Error] :1:1: Premature end of file.
2025-12-13 09:37:07,035 [ERROR] LogOutputStream:75 - [STDERR_REDIRECT] 
2025-12-13 09:37:08,035 [ERROR] LogOutputStream:75 - [STDERR_REDIRECT] [Fatal Error] :1:1: Premature end of file.
2025-12-13 09:37:08,035 [ERROR] LogOutputStream:75 - [STDERR_REDIRECT] 
2025-12-13 09:37:09,041 [ERROR] LogOutputStream:75 - [STDERR_REDIRECT] [Fatal Error] :1:1: Premature end of file.
2025-12-13 09:37:09,043 [ERROR] LogOutputStream:75 - [STDERR_REDIRECT] 
2025-12-13 09:37:10,050 [ERROR] LogOutputStream:75 - [STDERR_REDIRECT] [Fatal Error] :1:1: Premature end of file.
2025-12-13 09:37:10,051 [ERROR] LogOutputStream:75 - [STDERR_REDIRECT] 
2025-12-13 09:37:11,033 [ERROR] LogOutputStream:75 - [STDERR_REDIRECT] [Fatal Error] :1:1: Premature end of file.
2025-12-13 09:37:11,033 [ERROR] LogOutputStream:75 - [STDERR_REDIRECT] 
2025-12-13 09:37:12,030 [ERROR] LogOutputStream:75 - [STDERR_REDIRECT] [Fatal Error] :1:1: Premature end of file.
2025-12-13 09:37:12,030 [ERROR] LogOutputStream:75 - [STDERR_REDIRECT] 
2025-12-13 09:37:13,034 [ERROR] LogOutputStream:75 - [STDERR_REDIRECT] [Fatal Error] :1:1: Premature end of file.
2025-12-13 09:37:13,035 [ERROR] LogOutputStream:75 - [STDERR_REDIRECT] 
2025-12-13 09:37:14,034 [ERROR] LogOutputStream:75 - [STDERR_REDIRECT] [Fatal Error] :1:1: Premature end of file.
2025-12-13 09:37:14,034 [ERROR] LogOutputStream:75 - [STDERR_REDIRECT] 
2025-12-13 09:37:15,035 [ERROR] LogOutputStream:75 - [STDERR_REDIRECT] [Fatal Error] :1:1: Premature end of file.
2025-12-13 09:37:15,036 [ERROR] LogOutputStream:75 - [STDERR_REDIRECT] 
2025-12-13 09:37:16,034 [ERROR] LogOutputStream:75 - [STDERR_REDIRECT] [Fatal Error] :1:1: Premature end of file.
2025-12-13 09:37:16,034 [ERROR] LogOutputStream:75 - [STDERR_REDIRECT] 
2025-12-13 09:37:17,034 [ERROR] LogOutputStream:75 - [STDERR_REDIRECT] [Fatal Error] :1:1: Premature end of file.
2025-12-13 09:37:17,035 [ERROR] LogOutputStream:75 - [STDERR_REDIRECT] 
2025-12-13 09:37:18,034 [ERROR] LogOutputStream:75 - [STDERR_REDIRECT] [Fatal Error] :1:1: Premature end of file.
2025-12-13 09:37:18,035 [ERROR] LogOutputStream:75 - [STDERR_REDIRECT] 
2025-12-13 09:37:19,034 [ERROR] LogOutputStream:75 - [STDERR_REDIRECT] [Fatal Error] :1:1: Premature end of file.
2025-12-13 09:37:19,035 [ERROR] LogOutputStream:75 - [STDERR_REDIRECT] 
2025-12-13 09:37:20,036 [ERROR] LogOutputStream:75 - [STDERR_REDIRECT] [Fatal Error] :1:1: Premature end of file.
2025-12-13 09:37:20,036 [ERROR] LogOutputStream:75 - [STDERR_REDIRECT] 
2025-12-13 09:37:21,036 [ERROR] LogOutputStream:75 - [STDERR_REDIRECT] [Fatal Error] :1:1: Premature end of file.
2025-12-13 09:37:21,036 [ERROR] LogOutputStream:75 - [STDERR_REDIRECT] 
2025-12-13 09:37:22,024 [ERROR] LogOutputStream:75 - [STDERR_REDIRECT] [Fatal Error] :1:1: Premature end of file.
2025-12-13 09:37:22,024 [ERROR] LogOutputStream:75 - [STDERR_REDIRECT] 
2025-12-13 09:37:23,033 [ERROR] LogOutputStream:75 - [STDERR_REDIRECT] [Fatal Error] :1:1: Premature end of file.
2025-12-13 09:37:23,033 [ERROR] LogOutputStream:75 - [STDERR_REDIRECT] 
2025-12-13 09:37:24,034 [ERROR] LogOutputStream:75 - [STDERR_REDIRECT] [Fatal Error] :1:1: Premature end of file.
2025-12-13 09:37:24,034 [ERROR] LogOutputStream:75 - [STDERR_REDIRECT] 
2025-12-13 09:37:25,029 [ERROR] LogOutputStream:75 - [STDERR_REDIRECT] [Fatal Error] :1:1: Premature end of file.
2025-12-13 09:37:25,029 [ERROR] LogOutputStream:75 - [STDERR_REDIRECT] 
2025-12-13 09:37:26,035 [ERROR] LogOutputStream:75 - [STDERR_REDIRECT] [Fatal Error] :1:1: Premature end of file.
2025-12-13 09:37:26,036 [ERROR] LogOutputStream:75 - [STDERR_REDIRECT] 
2025-12-13 09:37:27,036 [ERROR] LogOutputStream:75 - [STDERR_REDIRECT] [Fatal Error] :1:1: Premature end of file.
2025-12-13 09:37:27,038 [ERROR] LogOutputStream:75 - [STDERR_REDIRECT] 
2025-12-13 09:37:28,031 [ERROR] LogOutputStream:75 - [STDERR_REDIRECT] [Fatal Error] :1:1: Premature end of file.
2025-12-13 09:37:28,032 [ERROR] LogOutputStream:75 - [STDERR_REDIRECT] 
2025-12-13 09:37:29,033 [ERROR] LogOutputStream:75 - [STDERR_REDIRECT] [Fatal Error] :1:1: Premature end of file.
2025-12-13 09:37:29,033 [ERROR] LogOutputStream:75 - [STDERR_REDIRECT] 
2025-12-13 09:37:30,035 [ERROR] LogOutputStream:75 - [STDERR_REDIRECT] [Fatal Error] :1:1: Premature end of file.
2025-12-13 09:37:30,035 [ERROR] LogOutputStream:75 - [STDERR_REDIRECT] 
2025-12-13 09:37:31,035 [ERROR] LogOutputStream:75 - [STDERR_REDIRECT] [Fatal Error] :1:1: Premature end of file.
2025-12-13 09:37:31,035 [ERROR] LogOutputStream:75 - [STDERR_REDIRECT] 
2025-12-13 09:37:32,036 [ERROR] LogOutputStream:75 - [STDERR_REDIRECT] [Fatal Error] :1:1: Premature end of file.
2025-12-13 09:37:32,036 [ERROR] LogOutputStream:75 - [STDERR_REDIRECT] 
2025-12-13 09:37:33,037 [ERROR] LogOutputStream:75 - [STDERR_REDIRECT] [Fatal Error] :1:1: Premature end of file.
2025-12-13 09:37:33,037 [ERROR] LogOutputStream:75 - [STDERR_REDIRECT] 
2025-12-13 09:37:34,035 [ERROR] LogOutputStream:75 - [STDERR_REDIRECT] [Fatal Error] :1:1: Premature end of file.
2025-12-13 09:37:34,035 [ERROR] LogOutputStream:75 - [STDERR_REDIRECT] 
2025-12-13 09:37:35,033 [ERROR] LogOutputStream:75 - [STDERR_REDIRECT] [Fatal Error] :1:1: Premature end of file.
2025-12-13 09:37:35,034 [ERROR] LogOutputStream:75 - [STDERR_REDIRECT] 
2025-12-13 09:37:36,036 [ERROR] LogOutputStream:75 - [STDERR_REDIRECT] [Fatal Error] :1:1: Premature end of file.
2025-12-13 09:37:36,037 [ERROR] LogOutputStream:75 - [STDERR_REDIRECT] 
2025-12-13 09:37:37,032 [ERROR] LogOutputStream:75 - [STDERR_REDIRECT] [Fatal Error] :1:1: Premature end of file.
2025-12-13 09:37:37,033 [ERROR] LogOutputStream:75 - [STDERR_REDIRECT] 
2025-12-13 09:37:38,035 [ERROR] LogOutputStream:75 - [STDERR_REDIRECT] [Fatal Error] :1:1: Premature end of file.
2025-12-13 09:37:38,035 [ERROR] LogOutputStream:75 - [STDERR_REDIRECT] 
2025-12-13 09:37:39,034 [ERROR] LogOutputStream:75 - [STDERR_REDIRECT] [Fatal Error] :1:1: Premature end of file.
2025-12-13 09:37:39,035 [ERROR] LogOutputStream:75 - [STDERR_REDIRECT] 
2025-12-13 09:37:40,034 [ERROR] LogOutputStream:75 - [STDERR_REDIRECT] [Fatal Error] :1:1: Premature end of file.
2025-12-13 09:37:40,036 [ERROR] LogOutputStream:75 - [STDERR_REDIRECT] 
2025-12-13 09:37:41,033 [ERROR] LogOutputStream:75 - [STDERR_REDIRECT] [Fatal Error] :1:1: Premature end of file.
2025-12-13 09:37:41,034 [ERROR] LogOutputStream:75 - [STDERR_REDIRECT] 
2025-12-13 09:37:42,024 [ERROR] LogOutputStream:75 - [STDERR_REDIRECT] [Fatal Error] :1:1: Premature end of file.
2025-12-13 09:37:42,024 [ERROR] LogOutputStream:75 - [STDERR_REDIRECT] 
2025-12-13 09:37:43,035 [ERROR] LogOutputStream:75 - [STDERR_REDIRECT] [Fatal Error] :1:1: Premature end of file.
2025-12-13 09:37:43,035 [ERROR] LogOutputStream:75 - [STDERR_REDIRECT] 
2025-12-13 09:37:44,031 [ERROR] LogOutputStream:75 - [STDERR_REDIRECT] [Fatal Error] :1:1: Premature end of file.
2025-12-13 09:37:44,033 [ERROR] LogOutputStream:75 - [STDERR_REDIRECT] 
2025-12-13 09:37:45,035 [ERROR] LogOutputStream:75 - [STDERR_REDIRECT] [Fatal Error] :1:1: Premature end of file.
2025-12-13 09:37:45,035 [ERROR] LogOutputStream:75 - [STDERR_REDIRECT] 
2025-12-13 09:37:46,032 [ERROR] LogOutputStream:75 - [STDERR_REDIRECT] [Fatal Error] :1:1: Premature end of file.
2025-12-13 09:37:46,032 [ERROR] LogOutputStream:75 - [STDERR_REDIRECT] 
2025-12-13 09:37:47,034 [ERROR] LogOutputStream:75 - [STDERR_REDIRECT] [Fatal Error] :1:1: Premature end of file.
2025-12-13 09:37:47,034 [ERROR] LogOutputStream:75 - [STDERR_REDIRECT] 
2025-12-13 09:37:48,035 [ERROR] LogOutputStream:75 - [STDERR_REDIRECT] [Fatal Error] :1:1: Premature end of file.
2025-12-13 09:37:48,035 [ERROR] LogOutputStream:75 - [STDERR_REDIRECT] 
2025-12-13 09:37:49,034 [ERROR] LogOutputStream:75 - [STDERR_REDIRECT] [Fatal Error] :1:1: Premature end of file.
2025-12-13 09:37:49,034 [ERROR] LogOutputStream:75 - [STDERR_REDIRECT] 
2025-12-13 09:37:50,032 [ERROR] LogOutputStream:75 - [STDERR_REDIRECT] [Fatal Error] :1:1: Premature end of file.
2025-12-13 09:37:50,033 [ERROR] LogOutputStream:75 - [STDERR_REDIRECT] 
2025-12-13 09:37:51,032 [ERROR] LogOutputStream:75 - [STDERR_REDIRECT] [Fatal Error] :1:1: Premature end of file.
2025-12-13 09:37:51,034 [ERROR] LogOutputStream:75 - [STDERR_REDIRECT] 
2025-12-13 09:37:52,033 [ERROR] LogOutputStream:75 - [STDERR_REDIRECT] [Fatal Error] :1:1: Premature end of file.
2025-12-13 09:37:52,034 [ERROR] LogOutputStream:75 - [STDERR_REDIRECT] 
2025-12-13 09:37:53,033 [ERROR] LogOutputStream:75 - [STDERR_REDIRECT] [Fatal Error] :1:1: Premature end of file.
2025-12-13 09:37:53,033 [ERROR] LogOutputStream:75 - [STDERR_REDIRECT] 
2025-12-13 09:37:54,036 [ERROR] LogOutputStream:75 - [STDERR_REDIRECT] [Fatal Error] :1:1: Premature end of file.
2025-12-13 09:37:54,036 [ERROR] LogOutputStream:75 - [STDERR_REDIRECT] 
2025-12-13 09:37:55,035 [ERROR] LogOutputStream:75 - [STDERR_REDIRECT] [Fatal Error] :1:1: Premature end of file.
2025-12-13 09:37:55,035 [ERROR] LogOutputStream:75 - [STDERR_REDIRECT] 
2025-12-13 09:37:56,030 [ERROR] LogOutputStream:75 - [STDERR_REDIRECT] [Fatal Error] :1:1: Premature end of file.
2025-12-13 09:37:56,030 [ERROR] LogOutputStream:75 - [STDERR_REDIRECT] 
2025-12-13 09:37:57,036 [ERROR] LogOutputStream:75 - [STDERR_REDIRECT] [Fatal Error] :1:1: Premature end of file.
2025-12-13 09:37:57,036 [ERROR] LogOutputStream:75 - [STDERR_REDIRECT] 
2025-12-13 09:37:58,033 [ERROR] LogOutputStream:75 - [STDERR_REDIRECT] [Fatal Error] :1:1: Premature end of file.
2025-12-13 09:37:58,033 [ERROR] LogOutputStream:75 - [STDERR_REDIRECT] 
2025-12-13 09:37:59,031 [ERROR] LogOutputStream:75 - [STDERR_REDIRECT] [Fatal Error] :1:1: Premature end of file.
2025-12-13 09:37:59,031 [ERROR] LogOutputStream:75 - [STDERR_REDIRECT] 
2025-12-13 09:38:00,025 [ERROR] LogOutputStream:75 - [STDERR_REDIRECT] [Fatal Error] :1:1: Premature end of file.
2025-12-13 09:38:00,025 [ERROR] LogOutputStream:75 - [STDERR_REDIRECT] 
2025-12-13 09:38:01,037 [ERROR] LogOutputStream:75 - [STDERR_REDIRECT] [Fatal Error] :1:1: Premature end of file.
2025-12-13 09:38:01,037 [ERROR] LogOutputStream:75 - [STDERR_REDIRECT] 
2025-12-13 09:38:02,035 [ERROR] LogOutputStream:75 - [STDERR_REDIRECT] [Fatal Error] :1:1: Premature end of file.
2025-12-13 09:38:02,035 [ERROR] LogOutputStream:75 - [STDERR_REDIRECT] 
2025-12-13 09:38:03,034 [ERROR] LogOutputStream:75 - [STDERR_REDIRECT] [Fatal Error] :1:1: Premature end of file.
2025-12-13 09:38:03,034 [ERROR] LogOutputStream:75 - [STDERR_REDIRECT] 
2025-12-13 09:38:04,035 [ERROR] LogOutputStream:75 - [STDERR_REDIRECT] [Fatal Error] :1:1: Premature end of file.
2025-12-13 09:38:04,035 [ERROR] LogOutputStream:75 - [STDERR_REDIRECT] 
2025-12-13 09:38:05,034 [ERROR] LogOutputStream:75 - [STDERR_REDIRECT] [Fatal Error] :1:1: Premature end of file.
2025-12-13 09:38:05,034 [ERROR] LogOutputStream:75 - [STDERR_REDIRECT] 
2025-12-13 09:38:06,035 [ERROR] LogOutputStream:75 - [STDERR_REDIRECT] [Fatal Error] :1:1: Premature end of file.
2025-12-13 09:38:06,035 [ERROR] LogOutputStream:75 - [STDERR_REDIRECT] 
2025-12-13 09:38:07,033 [ERROR] LogOutputStream:75 - [STDERR_REDIRECT] [Fatal Error] :1:1: Premature end of file.
2025-12-13 09:38:07,035 [ERROR] LogOutputStream:75 - [STDERR_REDIRECT] 
2025-12-13 09:38:08,034 [ERROR] LogOutputStream:75 - [STDERR_REDIRECT] [Fatal Error] :1:1: Premature end of file.
2025-12-13 09:38:08,034 [ERROR] LogOutputStream:75 - [STDERR_REDIRECT] 
2025-12-13 09:38:09,037 [ERROR] LogOutputStream:75 - [STDERR_REDIRECT] [Fatal Error] :1:1: Premature end of file.
2025-12-13 09:38:09,037 [ERROR] LogOutputStream:75 - [STDERR_REDIRECT] 
2025-12-13 09:38:10,035 [ERROR] LogOutputStream:75 - [STDERR_REDIRECT] [Fatal Error] :1:1: Premature end of file.
2025-12-13 09:38:10,035 [ERROR] LogOutputStream:75 - [STDERR_REDIRECT] 
2025-12-13 09:38:11,036 [ERROR] LogOutputStream:75 - [STDERR_REDIRECT] [Fatal Error] :1:1: Premature end of file.
2025-12-13 09:38:11,036 [ERROR] LogOutputStream:75 - [STDERR_REDIRECT] 
2025-12-13 09:38:12,034 [ERROR] LogOutputStream:75 - [STDERR_REDIRECT] [Fatal Error] :1:1: Premature end of file.
2025-12-13 09:38:12,035 [ERROR] LogOutputStream:75 - [STDERR_REDIRECT] 
2025-12-13 09:38:13,042 [ERROR] LogOutputStream:75 - [STDERR_REDIRECT] [Fatal Error] :1:1: Premature end of file.
2025-12-13 09:38:13,043 [ERROR] LogOutputStream:75 - [STDERR_REDIRECT] 
2025-12-13 09:38:14,044 [ERROR] LogOutputStream:75 - [STDERR_REDIRECT] [Fatal Error] :1:1: Premature end of file.
2025-12-13 09:38:14,044 [ERROR] LogOutputStream:75 - [STDERR_REDIRECT] 
2025-12-13 09:38:15,036 [ERROR] LogOutputStream:75 - [STDERR_REDIRECT] [Fatal Error] :1:1: Premature end of file.
2025-12-13 09:38:15,036 [ERROR] LogOutputStream:75 - [STDERR_REDIRECT] 
2025-12-13 09:38:16,033 [ERROR] LogOutputStream:75 - [STDERR_REDIRECT] [Fatal Error] :1:1: Premature end of file.
2025-12-13 09:38:16,033 [ERROR] LogOutputStream:75 - [STDERR_REDIRECT] 
2025-12-13 09:38:17,034 [ERROR] LogOutputStream:75 - [STDERR_REDIRECT] [Fatal Error] :1:1: Premature end of file.
2025-12-13 09:38:17,035 [ERROR] LogOutputStream:75 - [STDERR_REDIRECT] 
2025-12-13 09:38:18,030 [ERROR] LogOutputStream:75 - [STDERR_REDIRECT] [Fatal Error] :1:1: Premature end of file.
2025-12-13 09:38:18,030 [ERROR] LogOutputStream:75 - [STDERR_REDIRECT] 
2025-12-13 09:38:19,034 [ERROR] LogOutputStream:75 - [STDERR_REDIRECT] [Fatal Error] :1:1: Premature end of file.
2025-12-13 09:38:19,034 [ERROR] LogOutputStream:75 - [STDERR_REDIRECT] 
2025-12-13 09:38:20,034 [ERROR] LogOutputStream:75 - [STDERR_REDIRECT] [Fatal Error] :1:1: Premature end of file.
2025-12-13 09:38:20,034 [ERROR] LogOutputStream:75 - [STDERR_REDIRECT] 
2025-12-13 09:38:21,033 [ERROR] LogOutputStream:75 - [STDERR_REDIRECT] [Fatal Error] :1:1: Premature end of file.
2025-12-13 09:38:21,034 [ERROR] LogOutputStream:75 - [STDERR_REDIRECT] 
2025-12-13 09:38:22,032 [ERROR] LogOutputStream:75 - [STDERR_REDIRECT] [Fatal Error] :1:1: Premature end of file.
2025-12-13 09:38:22,033 [ERROR] LogOutputStream:75 - [STDERR_REDIRECT] 
2025-12-13 09:38:23,035 [ERROR] LogOutputStream:75 - [STDERR_REDIRECT] [Fatal Error] :1:1: Premature end of file.
2025-12-13 09:38:23,035 [ERROR] LogOutputStream:75 - [STDERR_REDIRECT] 
2025-12-13 09:38:24,035 [ERROR] LogOutputStream:75 - [STDERR_REDIRECT] [Fatal Error] :1:1: Premature end of file.
2025-12-13 09:38:24,035 [ERROR] LogOutputStream:75 - [STDERR_REDIRECT] 
2025-12-13 09:38:25,033 [ERROR] LogOutputStream:75 - [STDERR_REDIRECT] [Fatal Error] :1:1: Premature end of file.
2025-12-13 09:38:25,033 [ERROR] LogOutputStream:75 - [STDERR_REDIRECT] 
2025-12-13 09:38:26,030 [ERROR] LogOutputStream:75 - [STDERR_REDIRECT] [Fatal Error] :1:1: Premature end of file.
2025-12-13 09:38:26,030 [ERROR] LogOutputStream:75 - [STDERR_REDIRECT] 
2025-12-13 09:38:27,034 [ERROR] LogOutputStream:75 - [STDERR_REDIRECT] [Fatal Error] :1:1: Premature end of file.
2025-12-13 09:38:27,034 [ERROR] LogOutputStream:75 - [STDERR_REDIRECT] 
2025-12-13 09:38:28,033 [ERROR] LogOutputStream:75 - [STDERR_REDIRECT] [Fatal Error] :1:1: Premature end of file.
2025-12-13 09:38:28,034 [ERROR] LogOutputStream:75 - [STDERR_REDIRECT] 
2025-12-13 09:38:29,036 [ERROR] LogOutputStream:75 - [STDERR_REDIRECT] [Fatal Error] :1:1: Premature end of file.
2025-12-13 09:38:29,036 [ERROR] LogOutputStream:75 - [STDERR_REDIRECT] 
2025-12-13 09:38:30,034 [ERROR] LogOutputStream:75 - [STDERR_REDIRECT] [Fatal Error] :1:1: Premature end of file.
2025-12-13 09:38:30,035 [ERROR] LogOutputStream:75 - [STDERR_REDIRECT] 
2025-12-13 09:38:31,035 [ERROR] LogOutputStream:75 - [STDERR_REDIRECT] [Fatal Error] :1:1: Premature end of file.
2025-12-13 09:38:31,035 [ERROR] LogOutputStream:75 - [STDERR_REDIRECT] 
2025-12-13 09:38:32,033 [ERROR] LogOutputStream:75 - [STDERR_REDIRECT] [Fatal Error] :1:1: Premature end of file.
2025-12-13 09:38:32,034 [ERROR] LogOutputStream:75 - [STDERR_REDIRECT] 
2025-12-13 09:38:33,033 [ERROR] LogOutputStream:75 - [STDERR_REDIRECT] [Fatal Error] :1:1: Premature end of file.
2025-12-13 09:38:33,033 [ERROR] LogOutputStream:75 - [STDERR_REDIRECT] 
2025-12-13 09:38:34,035 [ERROR] LogOutputStream:75 - [STDERR_REDIRECT] [Fatal Error] :1:1: Premature end of file.
2025-12-13 09:38:34,035 [ERROR] LogOutputStream:75 - [STDERR_REDIRECT] 
2025-12-13 09:38:35,034 [ERROR] LogOutputStream:75 - [STDERR_REDIRECT] [Fatal Error] :1:1: Premature end of file.
2025-12-13 09:38:35,035 [ERROR] LogOutputStream:75 - [STDERR_REDIRECT] 
2025-12-13 09:38:36,033 [ERROR] LogOutputStream:75 - [STDERR_REDIRECT] [Fatal Error] :1:1: Premature end of file.
2025-12-13 09:38:36,033 [ERROR] LogOutputStream:75 - [STDERR_REDIRECT] 
2025-12-13 09:38:37,047 [ERROR] LogOutputStream:75 - [STDERR_REDIRECT] [Fatal Error] :1:1: Premature end of file.
2025-12-13 09:38:37,047 [ERROR] LogOutputStream:75 - [STDERR_REDIRECT] 
2025-12-13 09:38:38,029 [ERROR] LogOutputStream:75 - [STDERR_REDIRECT] [Fatal Error] :1:1: Premature end of file.
2025-12-13 09:38:38,029 [ERROR] LogOutputStream:75 - [STDERR_REDIRECT] 
2025-12-13 09:38:39,035 [ERROR] LogOutputStream:75 - [STDERR_REDIRECT] [Fatal Error] :1:1: Premature end of file.
2025-12-13 09:38:39,035 [ERROR] LogOutputStream:75 - [STDERR_REDIRECT] 
2025-12-13 09:38:40,043 [ERROR] LogOutputStream:75 - [STDERR_REDIRECT] [Fatal Error] :1:1: Premature end of file.
2025-12-13 09:38:40,043 [ERROR] LogOutputStream:75 - [STDERR_REDIRECT] 
2025-12-13 09:38:41,042 [ERROR] LogOutputStream:75 - [STDERR_REDIRECT] [Fatal Error] :1:1: Premature end of file.
2025-12-13 09:38:41,042 [ERROR] LogOutputStream:75 - [STDERR_REDIRECT] 
2025-12-13 09:38:42,037 [ERROR] LogOutputStream:75 - [STDERR_REDIRECT] [Fatal Error] :1:1: Premature end of file.
2025-12-13 09:38:42,037 [ERROR] LogOutputStream:75 - [STDERR_REDIRECT] 
2025-12-13 09:38:43,034 [ERROR] LogOutputStream:75 - [STDERR_REDIRECT] [Fatal Error] :1:1: Premature end of file.
2025-12-13 09:38:43,035 [ERROR] LogOutputStream:75 - [STDERR_REDIRECT] 
2025-12-13 09:38:44,034 [ERROR] LogOutputStream:75 - [STDERR_REDIRECT] [Fatal Error] :1:1: Premature end of file.
2025-12-13 09:38:44,034 [ERROR] LogOutputStream:75 - [STDERR_REDIRECT] 
2025-12-13 09:38:45,034 [ERROR] LogOutputStream:75 - [STDERR_REDIRECT] [Fatal Error] :1:1: Premature end of file.
2025-12-13 09:38:45,034 [ERROR] LogOutputStream:75 - [STDERR_REDIRECT] 
2025-12-13 09:38:46,030 [ERROR] LogOutputStream:75 - [STDERR_REDIRECT] [Fatal Error] :1:1: Premature end of file.
2025-12-13 09:38:46,030 [ERROR] LogOutputStream:75 - [STDERR_REDIRECT] 
2025-12-13 09:38:47,034 [ERROR] LogOutputStream:75 - [STDERR_REDIRECT] [Fatal Error] :1:1: Premature end of file.
2025-12-13 09:38:47,035 [ERROR] LogOutputStream:75 - [STDERR_REDIRECT] 
2025-12-13 09:38:48,041 [ERROR] LogOutputStream:75 - [STDERR_REDIRECT] [Fatal Error] :1:1: Premature end of file.
2025-12-13 09:38:48,041 [ERROR] LogOutputStream:75 - [STDERR_REDIRECT] 
2025-12-13 09:38:49,034 [ERROR] LogOutputStream:75 - [STDERR_REDIRECT] [Fatal Error] :1:1: Premature end of file.
2025-12-13 09:38:49,034 [ERROR] LogOutputStream:75 - [STDERR_REDIRECT] 
2025-12-13 09:38:50,034 [ERROR] LogOutputStream:75 - [STDERR_REDIRECT] [Fatal Error] :1:1: Premature end of file.
2025-12-13 09:38:50,034 [ERROR] LogOutputStream:75 - [STDERR_REDIRECT] 
2025-12-13 09:38:51,037 [ERROR] LogOutputStream:75 - [STDERR_REDIRECT] [Fatal Error] :1:1: Premature end of file.
2025-12-13 09:38:51,037 [ERROR] LogOutputStream:75 - [STDERR_REDIRECT] 
2025-12-13 09:38:52,035 [ERROR] LogOutputStream:75 - [STDERR_REDIRECT] [Fatal Error] :1:1: Premature end of file.
2025-12-13 09:38:52,035 [ERROR] LogOutputStream:75 - [STDERR_REDIRECT] 
2025-12-13 09:38:53,030 [ERROR] LogOutputStream:75 - [STDERR_REDIRECT] [Fatal Error] :1:1: Premature end of file.
2025-12-13 09:38:53,030 [ERROR] LogOutputStream:75 - [STDERR_REDIRECT] 
2025-12-13 09:38:54,052 [ERROR] LogOutputStream:75 - [STDERR_REDIRECT] [Fatal Error] :1:1: Premature end of file.
2025-12-13 09:38:54,052 [ERROR] LogOutputStream:75 - [STDERR_REDIRECT] 
2025-12-13 09:38:55,045 [ERROR] LogOutputStream:75 - [STDERR_REDIRECT] [Fatal Error] :1:1: Premature end of file.
2025-12-13 09:38:55,045 [ERROR] LogOutputStream:75 - [STDERR_REDIRECT] 
2025-12-13 09:38:56,032 [ERROR] LogOutputStream:75 - [STDERR_REDIRECT] [Fatal Error] :1:1: Premature end of file.
2025-12-13 09:38:56,032 [ERROR] LogOutputStream:75 - [STDERR_REDIRECT] 
2025-12-13 09:38:57,025 [ERROR] LogOutputStream:75 - [STDERR_REDIRECT] [Fatal Error] :1:1: Premature end of file.
2025-12-13 09:38:57,025 [ERROR] LogOutputStream:75 - [STDERR_REDIRECT] 
2025-12-13 09:38:58,056 [ERROR] LogOutputStream:75 - [STDERR_REDIRECT] [Fatal Error] :1:1: Premature end of file.
2025-12-13 09:38:58,056 [ERROR] LogOutputStream:75 - [STDERR_REDIRECT] 
2025-12-13 09:38:59,035 [ERROR] LogOutputStream:75 - [STDERR_REDIRECT] [Fatal Error] :1:1: Premature end of file.
2025-12-13 09:38:59,035 [ERROR] LogOutputStream:75 - [STDERR_REDIRECT] 
2025-12-13 09:39:00,031 [ERROR] LogOutputStream:75 - [STDERR_REDIRECT] [Fatal Error] :1:1: Premature end of file.
2025-12-13 09:39:00,031 [ERROR] LogOutputStream:75 - [STDERR_REDIRECT] 
2025-12-13 09:39:01,035 [ERROR] LogOutputStream:75 - [STDERR_REDIRECT] [Fatal Error] :1:1: Premature end of file.
2025-12-13 09:39:01,035 [ERROR] LogOutputStream:75 - [STDERR_REDIRECT] 
2025-12-13 09:39:02,035 [ERROR] LogOutputStream:75 - [STDERR_REDIRECT] [Fatal Error] :1:1: Premature end of file.
2025-12-13 09:39:02,035 [ERROR] LogOutputStream:75 - [STDERR_REDIRECT] 
2025-12-13 09:39:03,034 [ERROR] LogOutputStream:75 - [STDERR_REDIRECT] [Fatal Error] :1:1: Premature end of file.
2025-12-13 09:39:03,034 [ERROR] LogOutputStream:75 - [STDERR_REDIRECT] 
2025-12-13 09:39:04,033 [ERROR] LogOutputStream:75 - [STDERR_REDIRECT] [Fatal Error] :1:1: Premature end of file.
2025-12-13 09:39:04,034 [ERROR] LogOutputStream:75 - [STDERR_REDIRECT] 
2025-12-13 09:39:05,035 [ERROR] LogOutputStream:75 - [STDERR_REDIRECT] [Fatal Error] :1:1: Premature end of file.
2025-12-13 09:39:05,036 [ERROR] LogOutputStream:75 - [STDERR_REDIRECT] 
2025-12-13 09:39:06,034 [ERROR] LogOutputStream:75 - [STDERR_REDIRECT] [Fatal Error] :1:1: Premature end of file.
2025-12-13 09:39:06,034 [ERROR] LogOutputStream:75 - [STDERR_REDIRECT] 
2025-12-13 09:39:07,034 [ERROR] LogOutputStream:75 - [STDERR_REDIRECT] [Fatal Error] :1:1: Premature end of file.
2025-12-13 09:39:07,034 [ERROR] LogOutputStream:75 - [STDERR_REDIRECT] 
2025-12-13 09:39:08,034 [ERROR] LogOutputStream:75 - [STDERR_REDIRECT] [Fatal Error] :1:1: Premature end of file.
2025-12-13 09:39:08,034 [ERROR] LogOutputStream:75 - [STDERR_REDIRECT] 
2025-12-13 09:39:09,034 [ERROR] LogOutputStream:75 - [STDERR_REDIRECT] [Fatal Error] :1:1: Premature end of file.
2025-12-13 09:39:09,034 [ERROR] LogOutputStream:75 - [STDERR_REDIRECT] 
2025-12-13 09:39:10,032 [ERROR] LogOutputStream:75 - [STDERR_REDIRECT] [Fatal Error] :1:1: Premature end of file.
2025-12-13 09:39:10,032 [ERROR] LogOutputStream:75 - [STDERR_REDIRECT] 
2025-12-13 09:39:11,033 [ERROR] LogOutputStream:75 - [STDERR_REDIRECT] [Fatal Error] :1:1: Premature end of file.
2025-12-13 09:39:11,033 [ERROR] LogOutputStream:75 - [STDERR_REDIRECT] 
2025-12-13 09:39:12,044 [ERROR] LogOutputStream:75 - [STDERR_REDIRECT] [Fatal Error] :1:1: Premature end of file.
2025-12-13 09:39:12,044 [ERROR] LogOutputStream:75 - [STDERR_REDIRECT] 
2025-12-13 09:39:13,030 [ERROR] LogOutputStream:75 - [STDERR_REDIRECT] [Fatal Error] :1:1: Premature end of file.
2025-12-13 09:39:13,030 [ERROR] LogOutputStream:75 - [STDERR_REDIRECT] 
2025-12-13 09:39:14,043 [ERROR] LogOutputStream:75 - [STDERR_REDIRECT] [Fatal Error] :1:1: Premature end of file.
2025-12-13 09:39:14,043 [ERROR] LogOutputStream:75 - [STDERR_REDIRECT] 
2025-12-13 09:39:15,035 [ERROR] LogOutputStream:75 - [STDERR_REDIRECT] [Fatal Error] :1:1: Premature end of file.
2025-12-13 09:39:15,035 [ERROR] LogOutputStream:75 - [STDERR_REDIRECT] 
2025-12-13 09:39:16,035 [ERROR] LogOutputStream:75 - [STDERR_REDIRECT] [Fatal Error] :1:1: Premature end of file.
2025-12-13 09:39:16,035 [ERROR] LogOutputStream:75 - [STDERR_REDIRECT] 
2025-12-13 09:39:17,035 [ERROR] LogOutputStream:75 - [STDERR_REDIRECT] [Fatal Error] :1:1: Premature end of file.
2025-12-13 09:39:17,035 [ERROR] LogOutputStream:75 - [STDERR_REDIRECT] 
2025-12-13 09:39:18,024 [ERROR] LogOutputStream:75 - [STDERR_REDIRECT] [Fatal Error] :1:1: Premature end of file.
2025-12-13 09:39:18,024 [ERROR] LogOutputStream:75 - [STDERR_REDIRECT] 
2025-12-13 09:39:19,030 [ERROR] LogOutputStream:75 - [STDERR_REDIRECT] [Fatal Error] :1:1: Premature end of file.
2025-12-13 09:39:19,030 [ERROR] LogOutputStream:75 - [STDERR_REDIRECT] 
2025-12-13 09:39:20,028 [ERROR] LogOutputStream:75 - [STDERR_REDIRECT] [Fatal Error] :1:1: Premature end of file.
2025-12-13 09:39:20,028 [ERROR] LogOutputStream:75 - [STDERR_REDIRECT] 
2025-12-13 09:39:21,025 [ERROR] LogOutputStream:75 - [STDERR_REDIRECT] [Fatal Error] :1:1: Premature end of file.
2025-12-13 09:39:21,025 [ERROR] LogOutputStream:75 - [STDERR_REDIRECT] 
2025-12-13 09:39:22,025 [ERROR] LogOutputStream:75 - [STDERR_REDIRECT] [Fatal Error] :1:1: Premature end of file.
2025-12-13 09:39:22,025 [ERROR] LogOutputStream:75 - [STDERR_REDIRECT] 
2025-12-13 09:39:23,026 [ERROR] LogOutputStream:75 - [STDERR_REDIRECT] [Fatal Error] :1:1: Premature end of file.
2025-12-13 09:39:23,026 [ERROR] LogOutputStream:75 - [STDERR_REDIRECT] 
2025-12-13 09:39:24,025 [ERROR] LogOutputStream:75 - [STDERR_REDIRECT] [Fatal Error] :1:1: Premature end of file.
2025-12-13 09:39:24,025 [ERROR] LogOutputStream:75 - [STDERR_REDIRECT] 
2025-12-13 09:39:25,024 [ERROR] LogOutputStream:75 - [STDERR_REDIRECT] [Fatal Error] :1:1: Premature end of file.
2025-12-13 09:39:25,024 [ERROR] LogOutputStream:75 - [STDERR_REDIRECT] 
2025-12-13 09:39:26,026 [ERROR] LogOutputStream:75 - [STDERR_REDIRECT] [Fatal Error] :1:1: Premature end of file.
2025-12-13 09:39:26,027 [ERROR] LogOutputStream:75 - [STDERR_REDIRECT] 
2025-12-13 09:39:27,025 [ERROR] LogOutputStream:75 - [STDERR_REDIRECT] [Fatal Error] :1:1: Premature end of file.
2025-12-13 09:39:27,025 [ERROR] LogOutputStream:75 - [STDERR_REDIRECT] 
2025-12-13 09:39:28,025 [ERROR] LogOutputStream:75 - [STDERR_REDIRECT] [Fatal Error] :1:1: Premature end of file.
2025-12-13 09:39:28,025 [ERROR] LogOutputStream:75 - [STDERR_REDIRECT] 
2025-12-13 09:39:29,024 [ERROR] LogOutputStream:75 - [STDERR_REDIRECT] [Fatal Error] :1:1: Premature end of file.
2025-12-13 09:39:29,024 [ERROR] LogOutputStream:75 - [STDERR_REDIRECT] 
2025-12-13 09:39:30,026 [ERROR] LogOutputStream:75 - [STDERR_REDIRECT] [Fatal Error] :1:1: Premature end of file.
2025-12-13 09:39:30,026 [ERROR] LogOutputStream:75 - [STDERR_REDIRECT] 
2025-12-13 09:39:31,025 [ERROR] LogOutputStream:75 - [STDERR_REDIRECT] [Fatal Error] :1:1: Premature end of file.
2025-12-13 09:39:31,025 [ERROR] LogOutputStream:75 - [STDERR_REDIRECT] 
2025-12-13 09:39:32,034 [ERROR] LogOutputStream:75 - [STDERR_REDIRECT] [Fatal Error] :1:1: Premature end of file.
2025-12-13 09:39:32,036 [ERROR] LogOutputStream:75 - [STDERR_REDIRECT] 
2025-12-13 09:39:33,031 [ERROR] LogOutputStream:75 - [STDERR_REDIRECT] [Fatal Error] :1:1: Premature end of file.
2025-12-13 09:39:33,031 [ERROR] LogOutputStream:75 - [STDERR_REDIRECT] 
2025-12-13 09:39:34,043 [ERROR] LogOutputStream:75 - [STDERR_REDIRECT] [Fatal Error] :1:1: Premature end of file.
2025-12-13 09:39:34,043 [ERROR] LogOutputStream:75 - [STDERR_REDIRECT] 
2025-12-13 09:39:35,055 [ERROR] LogOutputStream:75 - [STDERR_REDIRECT] [Fatal Error] :1:1: Premature end of file.
2025-12-13 09:39:35,055 [ERROR] LogOutputStream:75 - [STDERR_REDIRECT] 
2025-12-13 09:39:36,042 [ERROR] LogOutputStream:75 - [STDERR_REDIRECT] [Fatal Error] :1:1: Premature end of file.
2025-12-13 09:39:36,042 [ERROR] LogOutputStream:75 - [STDERR_REDIRECT] 
2025-12-13 09:39:37,029 [ERROR] LogOutputStream:75 - [STDERR_REDIRECT] [Fatal Error] :1:1: Premature end of file.
2025-12-13 09:39:37,030 [ERROR] LogOutputStream:75 - [STDERR_REDIRECT] 
2025-12-13 09:39:38,028 [ERROR] LogOutputStream:75 - [STDERR_REDIRECT] [Fatal Error] :1:1: Premature end of file.
2025-12-13 09:39:38,028 [ERROR] LogOutputStream:75 - [STDERR_REDIRECT] 
2025-12-13 09:39:39,035 [ERROR] LogOutputStream:75 - [STDERR_REDIRECT] [Fatal Error] :1:1: Premature end of file.
2025-12-13 09:39:39,035 [ERROR] LogOutputStream:75 - [STDERR_REDIRECT] 
2025-12-13 09:39:40,056 [ERROR] LogOutputStream:75 - [STDERR_REDIRECT] [Fatal Error] :1:1: Premature end of file.
2025-12-13 09:39:40,056 [ERROR] LogOutputStream:75 - [STDERR_REDIRECT] 
2025-12-13 09:39:41,043 [ERROR] LogOutputStream:75 - [STDERR_REDIRECT] [Fatal Error] :1:1: Premature end of file.
2025-12-13 09:39:41,045 [ERROR] LogOutputStream:75 - [STDERR_REDIRECT] 
2025-12-13 09:39:42,033 [ERROR] LogOutputStream:75 - [STDERR_REDIRECT] [Fatal Error] :1:1: Premature end of file.
2025-12-13 09:39:42,033 [ERROR] LogOutputStream:75 - [STDERR_REDIRECT] 
2025-12-13 09:39:43,036 [ERROR] LogOutputStream:75 - [STDERR_REDIRECT] [Fatal Error] :1:1: Premature end of file.
2025-12-13 09:39:43,036 [ERROR] LogOutputStream:75 - [STDERR_REDIRECT] 
2025-12-13 09:39:44,033 [ERROR] LogOutputStream:75 - [STDERR_REDIRECT] [Fatal Error] :1:1: Premature end of file.
2025-12-13 09:39:44,033 [ERROR] LogOutputStream:75 - [STDERR_REDIRECT] 
2025-12-13 09:39:45,035 [ERROR] LogOutputStream:75 - [STDERR_REDIRECT] [Fatal Error] :1:1: Premature end of file.
2025-12-13 09:39:45,035 [ERROR] LogOutputStream:75 - [STDERR_REDIRECT] 
2025-12-13 09:39:46,043 [ERROR] LogOutputStream:75 - [STDERR_REDIRECT] [Fatal Error] :1:1: Premature end of file.
2025-12-13 09:39:46,043 [ERROR] LogOutputStream:75 - [STDERR_REDIRECT] 
2025-12-13 09:39:47,034 [ERROR] LogOutputStream:75 - [STDERR_REDIRECT] [Fatal Error] :1:1: Premature end of file.
2025-12-13 09:39:47,034 [ERROR] LogOutputStream:75 - [STDERR_REDIRECT] 
2025-12-13 09:39:48,033 [ERROR] LogOutputStream:75 - [STDERR_REDIRECT] [Fatal Error] :1:1: Premature end of file.
2025-12-13 09:39:48,033 [ERROR] LogOutputStream:75 - [STDERR_REDIRECT] 
2025-12-13 09:39:49,034 [ERROR] LogOutputStream:75 - [STDERR_REDIRECT] [Fatal Error] :1:1: Premature end of file.
2025-12-13 09:39:49,034 [ERROR] LogOutputStream:75 - [STDERR_REDIRECT] 
2025-12-13 09:39:50,034 [ERROR] LogOutputStream:75 - [STDERR_REDIRECT] [Fatal Error] :1:1: Premature end of file.
2025-12-13 09:39:50,034 [ERROR] LogOutputStream:75 - [STDERR_REDIRECT] 
2025-12-13 09:39:51,035 [ERROR] LogOutputStream:75 - [STDERR_REDIRECT] [Fatal Error] :1:1: Premature end of file.
2025-12-13 09:39:51,036 [ERROR] LogOutputStream:75 - [STDERR_REDIRECT] 
2025-12-13 09:39:52,034 [ERROR] LogOutputStream:75 - [STDERR_REDIRECT] [Fatal Error] :1:1: Premature end of file.
2025-12-13 09:39:52,035 [ERROR] LogOutputStream:75 - [STDERR_REDIRECT] 
2025-12-13 09:39:53,034 [ERROR] LogOutputStream:75 - [STDERR_REDIRECT] [Fatal Error] :1:1: Premature end of file.
2025-12-13 09:39:53,034 [ERROR] LogOutputStream:75 - [STDERR_REDIRECT] 
2025-12-13 09:39:54,035 [ERROR] LogOutputStream:75 - [STDERR_REDIRECT] [Fatal Error] :1:1: Premature end of file.
2025-12-13 09:39:54,036 [ERROR] LogOutputStream:75 - [STDERR_REDIRECT] 
2025-12-13 09:39:55,035 [ERROR] LogOutputStream:75 - [STDERR_REDIRECT] [Fatal Error] :1:1: Premature end of file.
2025-12-13 09:39:55,035 [ERROR] LogOutputStream:75 - [STDERR_REDIRECT] 
2025-12-13 09:39:56,063 [ERROR] LogOutputStream:75 - [STDERR_REDIRECT] [Fatal Error] :1:1: Premature end of file.
2025-12-13 09:39:56,063 [ERROR] LogOutputStream:75 - [STDERR_REDIRECT] 
2025-12-13 09:39:57,037 [ERROR] LogOutputStream:75 - [STDERR_REDIRECT] [Fatal Error] :1:1: Premature end of file.
2025-12-13 09:39:57,037 [ERROR] LogOutputStream:75 - [STDERR_REDIRECT] 
2025-12-13 09:39:58,034 [ERROR] LogOutputStream:75 - [STDERR_REDIRECT] [Fatal Error] :1:1: Premature end of file.
2025-12-13 09:39:58,034 [ERROR] LogOutputStream:75 - [STDERR_REDIRECT] 
2025-12-13 09:39:59,034 [ERROR] LogOutputStream:75 - [STDERR_REDIRECT] [Fatal Error] :1:1: Premature end of file.
2025-12-13 09:39:59,034 [ERROR] LogOutputStream:75 - [STDERR_REDIRECT] 
2025-12-13 09:40:00,029 [ERROR] LogOutputStream:75 - [STDERR_REDIRECT] [Fatal Error] :1:1: Premature end of file.
2025-12-13 09:40:00,029 [ERROR] LogOutputStream:75 - [STDERR_REDIRECT] 
2025-12-13 09:40:01,033 [ERROR] LogOutputStream:75 - [STDERR_REDIRECT] [Fatal Error] :1:1: Premature end of file.
2025-12-13 09:40:01,033 [ERROR] LogOutputStream:75 - [STDERR_REDIRECT] 
2025-12-13 09:40:02,035 [ERROR] LogOutputStream:75 - [STDERR_REDIRECT] [Fatal Error] :1:1: Premature end of file.
2025-12-13 09:40:02,036 [ERROR] LogOutputStream:75 - [STDERR_REDIRECT] 
2025-12-13 09:40:03,034 [ERROR] LogOutputStream:75 - [STDERR_REDIRECT] [Fatal Error] :1:1: Premature end of file.
2025-12-13 09:40:03,036 [ERROR] LogOutputStream:75 - [STDERR_REDIRECT] 
2025-12-13 09:40:04,034 [ERROR] LogOutputStream:75 - [STDERR_REDIRECT] [Fatal Error] :1:1: Premature end of file.
2025-12-13 09:40:04,034 [ERROR] LogOutputStream:75 - [STDERR_REDIRECT] 
2025-12-13 09:40:05,036 [ERROR] LogOutputStream:75 - [STDERR_REDIRECT] [Fatal Error] :1:1: Premature end of file.
2025-12-13 09:40:05,036 [ERROR] LogOutputStream:75 - [STDERR_REDIRECT] 
2025-12-13 09:40:06,035 [ERROR] LogOutputStream:75 - [STDERR_REDIRECT] [Fatal Error] :1:1: Premature end of file.
2025-12-13 09:40:06,036 [ERROR] LogOutputStream:75 - [STDERR_REDIRECT] 
2025-12-13 09:40:07,034 [ERROR] LogOutputStream:75 - [STDERR_REDIRECT] [Fatal Error] :1:1: Premature end of file.
2025-12-13 09:40:07,034 [ERROR] LogOutputStream:75 - [STDERR_REDIRECT] 
2025-12-13 09:40:08,034 [ERROR] LogOutputStream:75 - [STDERR_REDIRECT] [Fatal Error] :1:1: Premature end of file.
2025-12-13 09:40:08,035 [ERROR] LogOutputStream:75 - [STDERR_REDIRECT] 
2025-12-13 09:40:09,036 [ERROR] LogOutputStream:75 - [STDERR_REDIRECT] [Fatal Error] :1:1: Premature end of file.
2025-12-13 09:40:09,036 [ERROR] LogOutputStream:75 - [STDERR_REDIRECT] 
2025-12-13 09:40:10,034 [ERROR] LogOutputStream:75 - [STDERR_REDIRECT] [Fatal Error] :1:1: Premature end of file.
2025-12-13 09:40:10,034 [ERROR] LogOutputStream:75 - [STDERR_REDIRECT] 
2025-12-13 09:40:11,042 [ERROR] LogOutputStream:75 - [STDERR_REDIRECT] [Fatal Error] :1:1: Premature end of file.
2025-12-13 09:40:11,042 [ERROR] LogOutputStream:75 - [STDERR_REDIRECT] 
2025-12-13 09:40:12,034 [ERROR] LogOutputStream:75 - [STDERR_REDIRECT] [Fatal Error] :1:1: Premature end of file.
2025-12-13 09:40:12,036 [ERROR] LogOutputStream:75 - [STDERR_REDIRECT] 
2025-12-13 09:40:13,034 [ERROR] LogOutputStream:75 - [STDERR_REDIRECT] [Fatal Error] :1:1: Premature end of file.
2025-12-13 09:40:13,034 [ERROR] LogOutputStream:75 - [STDERR_REDIRECT] 
2025-12-13 09:40:14,047 [ERROR] LogOutputStream:75 - [STDERR_REDIRECT] [Fatal Error] :1:1: Premature end of file.
2025-12-13 09:40:14,047 [ERROR] LogOutputStream:75 - [STDERR_REDIRECT] 
2025-12-13 09:40:15,036 [ERROR] LogOutputStream:75 - [STDERR_REDIRECT] [Fatal Error] :1:1: Premature end of file.
2025-12-13 09:40:15,036 [ERROR] LogOutputStream:75 - [STDERR_REDIRECT] 
2025-12-13 09:40:16,056 [ERROR] LogOutputStream:75 - [STDERR_REDIRECT] [Fatal Error] :1:1: Premature end of file.
2025-12-13 09:40:16,056 [ERROR] LogOutputStream:75 - [STDERR_REDIRECT] 
2025-12-13 09:40:17,035 [ERROR] LogOutputStream:75 - [STDERR_REDIRECT] [Fatal Error] :1:1: Premature end of file.
2025-12-13 09:40:17,035 [ERROR] LogOutputStream:75 - [STDERR_REDIRECT] 
2025-12-13 09:40:18,053 [ERROR] LogOutputStream:75 - [STDERR_REDIRECT] [Fatal Error] :1:1: Premature end of file.
2025-12-13 09:40:18,054 [ERROR] LogOutputStream:75 - [STDERR_REDIRECT] 
2025-12-13 09:40:19,035 [ERROR] LogOutputStream:75 - [STDERR_REDIRECT] [Fatal Error] :1:1: Premature end of file.
2025-12-13 09:40:19,035 [ERROR] LogOutputStream:75 - [STDERR_REDIRECT] 
2025-12-13 09:40:20,052 [ERROR] LogOutputStream:75 - [STDERR_REDIRECT] [Fatal Error] :1:1: Premature end of file.
2025-12-13 09:40:20,052 [ERROR] LogOutputStream:75 - [STDERR_REDIRECT] 
2025-12-13 09:40:21,033 [ERROR] LogOutputStream:75 - [STDERR_REDIRECT] [Fatal Error] :1:1: Premature end of file.
2025-12-13 09:40:21,033 [ERROR] LogOutputStream:75 - [STDERR_REDIRECT] 
2025-12-13 09:40:22,034 [ERROR] LogOutputStream:75 - [STDERR_REDIRECT] [Fatal Error] :1:1: Premature end of file.
2025-12-13 09:40:22,034 [ERROR] LogOutputStream:75 - [STDERR_REDIRECT] 
2025-12-13 09:40:23,036 [ERROR] LogOutputStream:75 - [STDERR_REDIRECT] [Fatal Error] :1:1: Premature end of file.
2025-12-13 09:40:23,037 [ERROR] LogOutputStream:75 - [STDERR_REDIRECT] 
2025-12-13 09:40:24,032 [ERROR] LogOutputStream:75 - [STDERR_REDIRECT] [Fatal Error] :1:1: Premature end of file.
2025-12-13 09:40:24,032 [ERROR] LogOutputStream:75 - [STDERR_REDIRECT] 
2025-12-13 09:40:25,034 [ERROR] LogOutputStream:75 - [STDERR_REDIRECT] [Fatal Error] :1:1: Premature end of file.
2025-12-13 09:40:25,034 [ERROR] LogOutputStream:75 - [STDERR_REDIRECT] 
2025-12-13 09:40:26,034 [ERROR] LogOutputStream:75 - [STDERR_REDIRECT] [Fatal Error] :1:1: Premature end of file.
2025-12-13 09:40:26,034 [ERROR] LogOutputStream:75 - [STDERR_REDIRECT] 
2025-12-13 09:40:27,034 [ERROR] LogOutputStream:75 - [STDERR_REDIRECT] [Fatal Error] :1:1: Premature end of file.
2025-12-13 09:40:27,034 [ERROR] LogOutputStream:75 - [STDERR_REDIRECT] 
2025-12-13 09:40:28,053 [ERROR] LogOutputStream:75 - [STDERR_REDIRECT] [Fatal Error] :1:1: Premature end of file.
2025-12-13 09:40:28,053 [ERROR] LogOutputStream:75 - [STDERR_REDIRECT] 
2025-12-13 09:40:29,034 [ERROR] LogOutputStream:75 - [STDERR_REDIRECT] [Fatal Error] :1:1: Premature end of file.
2025-12-13 09:40:29,034 [ERROR] LogOutputStream:75 - [STDERR_REDIRECT] 
2025-12-13 09:40:30,035 [ERROR] LogOutputStream:75 - [STDERR_REDIRECT] [Fatal Error] :1:1: Premature end of file.
2025-12-13 09:40:30,035 [ERROR] LogOutputStream:75 - [STDERR_REDIRECT] 
2025-12-13 09:40:31,034 [ERROR] LogOutputStream:75 - [STDERR_REDIRECT] [Fatal Error] :1:1: Premature end of file.
2025-12-13 09:40:31,034 [ERROR] LogOutputStream:75 - [STDERR_REDIRECT] 
2025-12-13 09:40:32,034 [ERROR] LogOutputStream:75 - [STDERR_REDIRECT] [Fatal Error] :1:1: Premature end of file.
2025-12-13 09:40:32,034 [ERROR] LogOutputStream:75 - [STDERR_REDIRECT] 
2025-12-13 09:40:33,044 [ERROR] LogOutputStream:75 - [STDERR_REDIRECT] [Fatal Error] :1:1: Premature end of file.
2025-12-13 09:40:33,044 [ERROR] LogOutputStream:75 - [STDERR_REDIRECT] 
2025-12-13 09:40:34,035 [ERROR] LogOutputStream:75 - [STDERR_REDIRECT] [Fatal Error] :1:1: Premature end of file.
2025-12-13 09:40:34,035 [ERROR] LogOutputStream:75 - [STDERR_REDIRECT] 
2025-12-13 09:40:35,028 [ERROR] LogOutputStream:75 - [STDERR_REDIRECT] [Fatal Error] :1:1: Premature end of file.
2025-12-13 09:40:35,028 [ERROR] LogOutputStream:75 - [STDERR_REDIRECT] 
2025-12-13 09:40:36,024 [ERROR] LogOutputStream:75 - [STDERR_REDIRECT] [Fatal Error] :1:1: Premature end of file.
2025-12-13 09:40:36,025 [ERROR] LogOutputStream:75 - [STDERR_REDIRECT] 
2025-12-13 09:40:37,025 [ERROR] LogOutputStream:75 - [STDERR_REDIRECT] [Fatal Error] :1:1: Premature end of file.
2025-12-13 09:40:37,025 [ERROR] LogOutputStream:75 - [STDERR_REDIRECT] 
2025-12-13 09:40:38,034 [ERROR] LogOutputStream:75 - [STDERR_REDIRECT] [Fatal Error] :1:1: Premature end of file.
2025-12-13 09:40:38,034 [ERROR] LogOutputStream:75 - [STDERR_REDIRECT] 
2025-12-13 09:40:39,037 [ERROR] LogOutputStream:75 - [STDERR_REDIRECT] [Fatal Error] :1:1: Premature end of file.
2025-12-13 09:40:39,037 [ERROR] LogOutputStream:75 - [STDERR_REDIRECT] 
2025-12-13 09:40:40,043 [ERROR] LogOutputStream:75 - [STDERR_REDIRECT] [Fatal Error] :1:1: Premature end of file.
2025-12-13 09:40:40,043 [ERROR] LogOutputStream:75 - [STDERR_REDIRECT] 
2025-12-13 09:40:41,039 [ERROR] LogOutputStream:75 - [STDERR_REDIRECT] [Fatal Error] :1:1: Premature end of file.
2025-12-13 09:40:41,039 [ERROR] LogOutputStream:75 - [STDERR_REDIRECT] 
2025-12-13 09:40:42,029 [ERROR] LogOutputStream:75 - [STDERR_REDIRECT] [Fatal Error] :1:1: Premature end of file.
2025-12-13 09:40:42,029 [ERROR] LogOutputStream:75 - [STDERR_REDIRECT] 
2025-12-13 09:40:43,042 [ERROR] LogOutputStream:75 - [STDERR_REDIRECT] [Fatal Error] :1:1: Premature end of file.
2025-12-13 09:40:43,042 [ERROR] LogOutputStream:75 - [STDERR_REDIRECT] 
2025-12-13 09:40:44,028 [ERROR] LogOutputStream:75 - [STDERR_REDIRECT] [Fatal Error] :1:1: Premature end of file.
2025-12-13 09:40:44,028 [ERROR] LogOutputStream:75 - [STDERR_REDIRECT] 
2025-12-13 09:40:45,025 [ERROR] LogOutputStream:75 - [STDERR_REDIRECT] [Fatal Error] :1:1: Premature end of file.
2025-12-13 09:40:45,025 [ERROR] LogOutputStream:75 - [STDERR_REDIRECT] 
2025-12-13 09:40:46,032 [ERROR] LogOutputStream:75 - [STDERR_REDIRECT] [Fatal Error] :1:1: Premature end of file.
2025-12-13 09:40:46,032 [ERROR] LogOutputStream:75 - [STDERR_REDIRECT] 
2025-12-13 09:40:47,045 [ERROR] LogOutputStream:75 - [STDERR_REDIRECT] [Fatal Error] :1:1: Premature end of file.
2025-12-13 09:40:47,045 [ERROR] LogOutputStream:75 - [STDERR_REDIRECT] 
2025-12-13 09:40:48,026 [ERROR] LogOutputStream:75 - [STDERR_REDIRECT] [Fatal Error] :1:1: Premature end of file.
2025-12-13 09:40:48,026 [ERROR] LogOutputStream:75 - [STDERR_REDIRECT] 
2025-12-13 09:40:49,030 [ERROR] LogOutputStream:75 - [STDERR_REDIRECT] [Fatal Error] :1:1: Premature end of file.
2025-12-13 09:40:49,030 [ERROR] LogOutputStream:75 - [STDERR_REDIRECT] 
2025-12-13 09:40:50,034 [ERROR] LogOutputStream:75 - [STDERR_REDIRECT] [Fatal Error] :1:1: Premature end of file.
2025-12-13 09:40:50,034 [ERROR] LogOutputStream:75 - [STDERR_REDIRECT] 
2025-12-13 09:40:51,034 [ERROR] LogOutputStream:75 - [STDERR_REDIRECT] [Fatal Error] :1:1: Premature end of file.
2025-12-13 09:40:51,034 [ERROR] LogOutputStream:75 - [STDERR_REDIRECT] 
2025-12-13 09:40:52,044 [ERROR] LogOutputStream:75 - [STDERR_REDIRECT] [Fatal Error] :1:1: Premature end of file.
2025-12-13 09:40:52,044 [ERROR] LogOutputStream:75 - [STDERR_REDIRECT] 
2025-12-13 09:40:53,035 [ERROR] LogOutputStream:75 - [STDERR_REDIRECT] [Fatal Error] :1:1: Premature end of file.
2025-12-13 09:40:53,035 [ERROR] LogOutputStream:75 - [STDERR_REDIRECT] 
2025-12-13 09:40:54,034 [ERROR] LogOutputStream:75 - [STDERR_REDIRECT] [Fatal Error] :1:1: Premature end of file.
2025-12-13 09:40:54,034 [ERROR] LogOutputStream:75 - [STDERR_REDIRECT] 
2025-12-13 09:40:55,034 [ERROR] LogOutputStream:75 - [STDERR_REDIRECT] [Fatal Error] :1:1: Premature end of file.
2025-12-13 09:40:55,034 [ERROR] LogOutputStream:75 - [STDERR_REDIRECT] 
2025-12-13 09:40:56,035 [ERROR] LogOutputStream:75 - [STDERR_REDIRECT] [Fatal Error] :1:1: Premature end of file.
2025-12-13 09:40:56,035 [ERROR] LogOutputStream:75 - [STDERR_REDIRECT] 
2025-12-13 09:40:57,035 [ERROR] LogOutputStream:75 - [STDERR_REDIRECT] [Fatal Error] :1:1: Premature end of file.
2025-12-13 09:40:57,036 [ERROR] LogOutputStream:75 - [STDERR_REDIRECT] 
2025-12-13 09:40:58,057 [ERROR] LogOutputStream:75 - [STDERR_REDIRECT] [Fatal Error] :1:1: Premature end of file.
2025-12-13 09:40:58,057 [ERROR] LogOutputStream:75 - [STDERR_REDIRECT] 
2025-12-13 09:40:59,053 [ERROR] LogOutputStream:75 - [STDERR_REDIRECT] [Fatal Error] :1:1: Premature end of file.
2025-12-13 09:40:59,053 [ERROR] LogOutputStream:75 - [STDERR_REDIRECT] 
2025-12-13 09:41:00,025 [ERROR] LogOutputStream:75 - [STDERR_REDIRECT] [Fatal Error] :1:1: Premature end of file.
2025-12-13 09:41:00,025 [ERROR] LogOutputStream:75 - [STDERR_REDIRECT] 
2025-12-13 09:41:01,042 [ERROR] LogOutputStream:75 - [STDERR_REDIRECT] [Fatal Error] :1:1: Premature end of file.
2025-12-13 09:41:01,042 [ERROR] LogOutputStream:75 - [STDERR_REDIRECT] 
2025-12-13 09:41:02,034 [ERROR] LogOutputStream:75 - [STDERR_REDIRECT] [Fatal Error] :1:1: Premature end of file.
2025-12-13 09:41:02,034 [ERROR] LogOutputStream:75 - [STDERR_REDIRECT] 
2025-12-13 09:41:03,034 [ERROR] LogOutputStream:75 - [STDERR_REDIRECT] [Fatal Error] :1:1: Premature end of file.
2025-12-13 09:41:03,035 [ERROR] LogOutputStream:75 - [STDERR_REDIRECT] 
2025-12-13 09:41:04,034 [ERROR] LogOutputStream:75 - [STDERR_REDIRECT] [Fatal Error] :1:1: Premature end of file.
2025-12-13 09:41:04,034 [ERROR] LogOutputStream:75 - [STDERR_REDIRECT] 
2025-12-13 09:41:05,052 [ERROR] LogOutputStream:75 - [STDERR_REDIRECT] [Fatal Error] :1:1: Premature end of file.
2025-12-13 09:41:05,052 [ERROR] LogOutputStream:75 - [STDERR_REDIRECT] 
2025-12-13 09:41:06,024 [ERROR] LogOutputStream:75 - [STDERR_REDIRECT] [Fatal Error] :1:1: Premature end of file.
2025-12-13 09:41:06,024 [ERROR] LogOutputStream:75 - [STDERR_REDIRECT] 
2025-12-13 09:41:07,046 [ERROR] LogOutputStream:75 - [STDERR_REDIRECT] [Fatal Error] :1:1: Premature end of file.
2025-12-13 09:41:07,046 [ERROR] LogOutputStream:75 - [STDERR_REDIRECT] 
2025-12-13 09:41:08,032 [ERROR] LogOutputStream:75 - [STDERR_REDIRECT] [Fatal Error] :1:1: Premature end of file.
2025-12-13 09:41:08,034 [ERROR] LogOutputStream:75 - [STDERR_REDIRECT] 
2025-12-13 09:41:09,036 [ERROR] LogOutputStream:75 - [STDERR_REDIRECT] [Fatal Error] :1:1: Premature end of file.
2025-12-13 09:41:09,036 [ERROR] LogOutputStream:75 - [STDERR_REDIRECT] 
2025-12-13 09:41:10,035 [ERROR] LogOutputStream:75 - [STDERR_REDIRECT] [Fatal Error] :1:1: Premature end of file.
2025-12-13 09:41:10,035 [ERROR] LogOutputStream:75 - [STDERR_REDIRECT] 
2025-12-13 09:41:11,051 [ERROR] LogOutputStream:75 - [STDERR_REDIRECT] [Fatal Error] :1:1: Premature end of file.
2025-12-13 09:41:11,051 [ERROR] LogOutputStream:75 - [STDERR_REDIRECT] 
2025-12-13 09:41:12,036 [ERROR] LogOutputStream:75 - [STDERR_REDIRECT] [Fatal Error] :1:1: Premature end of file.
2025-12-13 09:41:12,036 [ERROR] LogOutputStream:75 - [STDERR_REDIRECT] 
2025-12-13 09:41:13,036 [ERROR] LogOutputStream:75 - [STDERR_REDIRECT] [Fatal Error] :1:1: Premature end of file.
2025-12-13 09:41:13,036 [ERROR] LogOutputStream:75 - [STDERR_REDIRECT] 
2025-12-13 09:41:14,035 [ERROR] LogOutputStream:75 - [STDERR_REDIRECT] [Fatal Error] :1:1: Premature end of file.
2025-12-13 09:41:14,036 [ERROR] LogOutputStream:75 - [STDERR_REDIRECT] 
2025-12-13 09:41:15,035 [ERROR] LogOutputStream:75 - [STDERR_REDIRECT] [Fatal Error] :1:1: Premature end of file.
2025-12-13 09:41:15,035 [ERROR] LogOutputStream:75 - [STDERR_REDIRECT] 
2025-12-13 09:41:16,034 [ERROR] LogOutputStream:75 - [STDERR_REDIRECT] [Fatal Error] :1:1: Premature end of file.
2025-12-13 09:41:16,034 [ERROR] LogOutputStream:75 - [STDERR_REDIRECT] 
2025-12-13 09:41:17,034 [ERROR] LogOutputStream:75 - [STDERR_REDIRECT] [Fatal Error] :1:1: Premature end of file.
2025-12-13 09:41:17,034 [ERROR] LogOutputStream:75 - [STDERR_REDIRECT] 
2025-12-13 09:41:18,027 [ERROR] LogOutputStream:75 - [STDERR_REDIRECT] [Fatal Error] :1:1: Premature end of file.
2025-12-13 09:41:18,027 [ERROR] LogOutputStream:75 - [STDERR_REDIRECT] 
2025-12-13 09:41:19,034 [ERROR] LogOutputStream:75 - [STDERR_REDIRECT] [Fatal Error] :1:1: Premature end of file.
2025-12-13 09:41:19,034 [ERROR] LogOutputStream:75 - [STDERR_REDIRECT] 
2025-12-13 09:41:20,048 [ERROR] LogOutputStream:75 - [STDERR_REDIRECT] [Fatal Error] :1:1: Premature end of file.
2025-12-13 09:41:20,048 [ERROR] LogOutputStream:75 - [STDERR_REDIRECT] 
2025-12-13 09:41:21,036 [ERROR] LogOutputStream:75 - [STDERR_REDIRECT] [Fatal Error] :1:1: Premature end of file.
2025-12-13 09:41:21,036 [ERROR] LogOutputStream:75 - [STDERR_REDIRECT] 
2025-12-13 09:41:22,033 [ERROR] LogOutputStream:75 - [STDERR_REDIRECT] [Fatal Error] :1:1: Premature end of file.
2025-12-13 09:41:22,033 [ERROR] LogOutputStream:75 - [STDERR_REDIRECT] 
2025-12-13 09:41:23,036 [ERROR] LogOutputStream:75 - [STDERR_REDIRECT] [Fatal Error] :1:1: Premature end of file.
2025-12-13 09:41:23,036 [ERROR] LogOutputStream:75 - [STDERR_REDIRECT] 
2025-12-13 09:41:24,055 [ERROR] LogOutputStream:75 - [STDERR_REDIRECT] [Fatal Error] :1:1: Premature end of file.
2025-12-13 09:41:24,055 [ERROR] LogOutputStream:75 - [STDERR_REDIRECT] 
2025-12-13 09:41:25,034 [ERROR] LogOutputStream:75 - [STDERR_REDIRECT] [Fatal Error] :1:1: Premature end of file.
2025-12-13 09:41:25,034 [ERROR] LogOutputStream:75 - [STDERR_REDIRECT] 
2025-12-13 09:41:26,061 [ERROR] LogOutputStream:75 - [STDERR_REDIRECT] [Fatal Error] :1:1: Premature end of file.
2025-12-13 09:41:26,061 [ERROR] LogOutputStream:75 - [STDERR_REDIRECT] 
2025-12-13 09:41:27,037 [ERROR] LogOutputStream:75 - [STDERR_REDIRECT] [Fatal Error] :1:1: Premature end of file.
2025-12-13 09:41:27,037 [ERROR] LogOutputStream:75 - [STDERR_REDIRECT] 
2025-12-13 09:41:28,035 [ERROR] LogOutputStream:75 - [STDERR_REDIRECT] [Fatal Error] :1:1: Premature end of file.
2025-12-13 09:41:28,035 [ERROR] LogOutputStream:75 - [STDERR_REDIRECT] 
2025-12-13 09:41:29,035 [ERROR] LogOutputStream:75 - [STDERR_REDIRECT] [Fatal Error] :1:1: Premature end of file.
2025-12-13 09:41:29,035 [ERROR] LogOutputStream:75 - [STDERR_REDIRECT] 
2025-12-13 09:41:30,047 [ERROR] LogOutputStream:75 - [STDERR_REDIRECT] [Fatal Error] :1:1: Premature end of file.
2025-12-13 09:41:30,047 [ERROR] LogOutputStream:75 - [STDERR_REDIRECT] 
2025-12-13 09:41:31,043 [ERROR] LogOutputStream:75 - [STDERR_REDIRECT] [Fatal Error] :1:1: Premature end of file.
2025-12-13 09:41:31,043 [ERROR] LogOutputStream:75 - [STDERR_REDIRECT] 
2025-12-13 09:41:32,034 [ERROR] LogOutputStream:75 - [STDERR_REDIRECT] [Fatal Error] :1:1: Premature end of file.
2025-12-13 09:41:32,034 [ERROR] LogOutputStream:75 - [STDERR_REDIRECT] 
2025-12-13 09:41:33,032 [ERROR] LogOutputStream:75 - [STDERR_REDIRECT] [Fatal Error] :1:1: Premature end of file.
2025-12-13 09:41:33,032 [ERROR] LogOutputStream:75 - [STDERR_REDIRECT] 
2025-12-13 09:41:34,035 [ERROR] LogOutputStream:75 - [STDERR_REDIRECT] [Fatal Error] :1:1: Premature end of file.
2025-12-13 09:41:34,035 [ERROR] LogOutputStream:75 - [STDERR_REDIRECT] 
2025-12-13 09:41:35,035 [ERROR] LogOutputStream:75 - [STDERR_REDIRECT] [Fatal Error] :1:1: Premature end of file.
2025-12-13 09:41:35,035 [ERROR] LogOutputStream:75 - [STDERR_REDIRECT] 
2025-12-13 09:41:36,033 [ERROR] LogOutputStream:75 - [STDERR_REDIRECT] [Fatal Error] :1:1: Premature end of file.
2025-12-13 09:41:36,033 [ERROR] LogOutputStream:75 - [STDERR_REDIRECT] 
2025-12-13 09:41:37,034 [ERROR] LogOutputStream:75 - [STDERR_REDIRECT] [Fatal Error] :1:1: Premature end of file.
2025-12-13 09:41:37,034 [ERROR] LogOutputStream:75 - [STDERR_REDIRECT] 
2025-12-13 09:41:38,047 [ERROR] LogOutputStream:75 - [STDERR_REDIRECT] [Fatal Error] :1:1: Premature end of file.
2025-12-13 09:41:38,048 [ERROR] LogOutputStream:75 - [STDERR_REDIRECT] 
2025-12-13 09:41:39,033 [ERROR] LogOutputStream:75 - [STDERR_REDIRECT] [Fatal Error] :1:1: Premature end of file.
2025-12-13 09:41:39,033 [ERROR] LogOutputStream:75 - [STDERR_REDIRECT] 
2025-12-13 09:41:40,034 [ERROR] LogOutputStream:75 - [STDERR_REDIRECT] [Fatal Error] :1:1: Premature end of file.
2025-12-13 09:41:40,034 [ERROR] LogOutputStream:75 - [STDERR_REDIRECT] 
2025-12-13 09:41:41,031 [ERROR] LogOutputStream:75 - [STDERR_REDIRECT] [Fatal Error] :1:1: Premature end of file.
2025-12-13 09:41:41,032 [ERROR] LogOutputStream:75 - [STDERR_REDIRECT] 
2025-12-13 09:41:42,034 [ERROR] LogOutputStream:75 - [STDERR_REDIRECT] [Fatal Error] :1:1: Premature end of file.
2025-12-13 09:41:42,034 [ERROR] LogOutputStream:75 - [STDERR_REDIRECT] 
2025-12-13 09:41:43,035 [ERROR] LogOutputStream:75 - [STDERR_REDIRECT] [Fatal Error] :1:1: Premature end of file.
2025-12-13 09:41:43,035 [ERROR] LogOutputStream:75 - [STDERR_REDIRECT] 
2025-12-13 09:41:44,036 [ERROR] LogOutputStream:75 - [STDERR_REDIRECT] [Fatal Error] :1:1: Premature end of file.
2025-12-13 09:41:44,036 [ERROR] LogOutputStream:75 - [STDERR_REDIRECT] 
2025-12-13 09:41:45,034 [ERROR] LogOutputStream:75 - [STDERR_REDIRECT] [Fatal Error] :1:1: Premature end of file.
2025-12-13 09:41:45,034 [ERROR] LogOutputStream:75 - [STDERR_REDIRECT] 
2025-12-13 09:41:46,028 [ERROR] LogOutputStream:75 - [STDERR_REDIRECT] [Fatal Error] :1:1: Premature end of file.
2025-12-13 09:41:46,029 [ERROR] LogOutputStream:75 - [STDERR_REDIRECT] 
2025-12-13 09:41:47,034 [ERROR] LogOutputStream:75 - [STDERR_REDIRECT] [Fatal Error] :1:1: Premature end of file.
2025-12-13 09:41:47,034 [ERROR] LogOutputStream:75 - [STDERR_REDIRECT] 
2025-12-13 09:41:48,036 [ERROR] LogOutputStream:75 - [STDERR_REDIRECT] [Fatal Error] :1:1: Premature end of file.
2025-12-13 09:41:48,036 [ERROR] LogOutputStream:75 - [STDERR_REDIRECT] 
2025-12-13 09:41:49,034 [ERROR] LogOutputStream:75 - [STDERR_REDIRECT] [Fatal Error] :1:1: Premature end of file.
2025-12-13 09:41:49,035 [ERROR] LogOutputStream:75 - [STDERR_REDIRECT] 
2025-12-13 09:41:50,034 [ERROR] LogOutputStream:75 - [STDERR_REDIRECT] [Fatal Error] :1:1: Premature end of file.
2025-12-13 09:41:50,035 [ERROR] LogOutputStream:75 - [STDERR_REDIRECT] 
2025-12-13 09:41:51,034 [ERROR] LogOutputStream:75 - [STDERR_REDIRECT] [Fatal Error] :1:1: Premature end of file.
2025-12-13 09:41:51,035 [ERROR] LogOutputStream:75 - [STDERR_REDIRECT] 
2025-12-13 09:41:52,034 [ERROR] LogOutputStream:75 - [STDERR_REDIRECT] [Fatal Error] :1:1: Premature end of file.
2025-12-13 09:41:52,035 [ERROR] LogOutputStream:75 - [STDERR_REDIRECT] 
2025-12-13 09:41:53,026 [ERROR] LogOutputStream:75 - [STDERR_REDIRECT] [Fatal Error] :1:1: Premature end of file.
2025-12-13 09:41:53,026 [ERROR] LogOutputStream:75 - [STDERR_REDIRECT] 
2025-12-13 09:41:54,034 [ERROR] LogOutputStream:75 - [STDERR_REDIRECT] [Fatal Error] :1:1: Premature end of file.
2025-12-13 09:41:54,036 [ERROR] LogOutputStream:75 - [STDERR_REDIRECT] 
2025-12-13 09:41:55,033 [ERROR] LogOutputStream:75 - [STDERR_REDIRECT] [Fatal Error] :1:1: Premature end of file.
2025-12-13 09:41:55,033 [ERROR] LogOutputStream:75 - [STDERR_REDIRECT] 
2025-12-13 09:41:56,035 [ERROR] LogOutputStream:75 - [STDERR_REDIRECT] [Fatal Error] :1:1: Premature end of file.
2025-12-13 09:41:56,035 [ERROR] LogOutputStream:75 - [STDERR_REDIRECT] 
2025-12-13 09:41:57,034 [ERROR] LogOutputStream:75 - [STDERR_REDIRECT] [Fatal Error] :1:1: Premature end of file.
2025-12-13 09:41:57,034 [ERROR] LogOutputStream:75 - [STDERR_REDIRECT] 
2025-12-13 09:41:58,035 [ERROR] LogOutputStream:75 - [STDERR_REDIRECT] [Fatal Error] :1:1: Premature end of file.
2025-12-13 09:41:58,035 [ERROR] LogOutputStream:75 - [STDERR_REDIRECT] 
2025-12-13 09:41:59,034 [ERROR] LogOutputStream:75 - [STDERR_REDIRECT] [Fatal Error] :1:1: Premature end of file.
2025-12-13 09:41:59,034 [ERROR] LogOutputStream:75 - [STDERR_REDIRECT] 
2025-12-13 09:42:00,030 [ERROR] LogOutputStream:75 - [STDERR_REDIRECT] [Fatal Error] :1:1: Premature end of file.
2025-12-13 09:42:00,030 [ERROR] LogOutputStream:75 - [STDERR_REDIRECT] 
2025-12-13 09:42:01,033 [ERROR] LogOutputStream:75 - [STDERR_REDIRECT] [Fatal Error] :1:1: Premature end of file.
2025-12-13 09:42:01,033 [ERROR] LogOutputStream:75 - [STDERR_REDIRECT] 
2025-12-13 09:42:02,032 [ERROR] LogOutputStream:75 - [STDERR_REDIRECT] [Fatal Error] :1:1: Premature end of file.
2025-12-13 09:42:02,032 [ERROR] LogOutputStream:75 - [STDERR_REDIRECT] 
2025-12-13 09:42:03,034 [ERROR] LogOutputStream:75 - [STDERR_REDIRECT] [Fatal Error] :1:1: Premature end of file.
2025-12-13 09:42:03,034 [ERROR] LogOutputStream:75 - [STDERR_REDIRECT] 
2025-12-13 09:42:04,034 [ERROR] LogOutputStream:75 - [STDERR_REDIRECT] [Fatal Error] :1:1: Premature end of file.
2025-12-13 09:42:04,034 [ERROR] LogOutputStream:75 - [STDERR_REDIRECT] 
2025-12-13 09:42:05,042 [ERROR] LogOutputStream:75 - [STDERR_REDIRECT] [Fatal Error] :1:1: Premature end of file.
2025-12-13 09:42:05,042 [ERROR] LogOutputStream:75 - [STDERR_REDIRECT] 
2025-12-13 09:42:06,035 [ERROR] LogOutputStream:75 - [STDERR_REDIRECT] [Fatal Error] :1:1: Premature end of file.
2025-12-13 09:42:06,035 [ERROR] LogOutputStream:75 - [STDERR_REDIRECT] 
2025-12-13 09:42:07,034 [ERROR] LogOutputStream:75 - [STDERR_REDIRECT] [Fatal Error] :1:1: Premature end of file.
2025-12-13 09:42:07,034 [ERROR] LogOutputStream:75 - [STDERR_REDIRECT] 
2025-12-13 09:42:08,031 [ERROR] LogOutputStream:75 - [STDERR_REDIRECT] [Fatal Error] :1:1: Premature end of file.
2025-12-13 09:42:08,031 [ERROR] LogOutputStream:75 - [STDERR_REDIRECT] 
2025-12-13 09:42:09,035 [ERROR] LogOutputStream:75 - [STDERR_REDIRECT] [Fatal Error] :1:1: Premature end of file.
2025-12-13 09:42:09,035 [ERROR] LogOutputStream:75 - [STDERR_REDIRECT] 
2025-12-13 09:42:10,034 [ERROR] LogOutputStream:75 - [STDERR_REDIRECT] [Fatal Error] :1:1: Premature end of file.
2025-12-13 09:42:10,034 [ERROR] LogOutputStream:75 - [STDERR_REDIRECT] 
2025-12-13 09:42:11,035 [ERROR] LogOutputStream:75 - [STDERR_REDIRECT] [Fatal Error] :1:1: Premature end of file.
2025-12-13 09:42:11,035 [ERROR] LogOutputStream:75 - [STDERR_REDIRECT] 
2025-12-13 09:42:12,036 [ERROR] LogOutputStream:75 - [STDERR_REDIRECT] [Fatal Error] :1:1: Premature end of file.
2025-12-13 09:42:12,037 [ERROR] LogOutputStream:75 - [STDERR_REDIRECT] 
2025-12-13 09:42:13,033 [ERROR] LogOutputStream:75 - [STDERR_REDIRECT] [Fatal Error] :1:1: Premature end of file.
2025-12-13 09:42:13,033 [ERROR] LogOutputStream:75 - [STDERR_REDIRECT] 
2025-12-13 09:42:14,035 [ERROR] LogOutputStream:75 - [STDERR_REDIRECT] [Fatal Error] :1:1: Premature end of file.
2025-12-13 09:42:14,035 [ERROR] LogOutputStream:75 - [STDERR_REDIRECT] 
2025-12-13 09:42:15,035 [ERROR] LogOutputStream:75 - [STDERR_REDIRECT] [Fatal Error] :1:1: Premature end of file.
2025-12-13 09:42:15,035 [ERROR] LogOutputStream:75 - [STDERR_REDIRECT] 
2025-12-13 09:42:16,035 [ERROR] LogOutputStream:75 - [STDERR_REDIRECT] [Fatal Error] :1:1: Premature end of file.
2025-12-13 09:42:16,035 [ERROR] LogOutputStream:75 - [STDERR_REDIRECT] 
2025-12-13 09:42:17,034 [ERROR] LogOutputStream:75 - [STDERR_REDIRECT] [Fatal Error] :1:1: Premature end of file.
2025-12-13 09:42:17,034 [ERROR] LogOutputStream:75 - [STDERR_REDIRECT] 
2025-12-13 09:42:18,034 [ERROR] LogOutputStream:75 - [STDERR_REDIRECT] [Fatal Error] :1:1: Premature end of file.
2025-12-13 09:42:18,034 [ERROR] LogOutputStream:75 - [STDERR_REDIRECT] 
2025-12-13 09:42:19,056 [ERROR] LogOutputStream:75 - [STDERR_REDIRECT] [Fatal Error] :1:1: Premature end of file.
2025-12-13 09:42:19,056 [ERROR] LogOutputStream:75 - [STDERR_REDIRECT] 
2025-12-13 09:42:20,034 [ERROR] LogOutputStream:75 - [STDERR_REDIRECT] [Fatal Error] :1:1: Premature end of file.
2025-12-13 09:42:20,035 [ERROR] LogOutputStream:75 - [STDERR_REDIRECT] 
2025-12-13 09:42:21,034 [ERROR] LogOutputStream:75 - [STDERR_REDIRECT] [Fatal Error] :1:1: Premature end of file.
2025-12-13 09:42:21,034 [ERROR] LogOutputStream:75 - [STDERR_REDIRECT] 
2025-12-13 09:42:22,033 [ERROR] LogOutputStream:75 - [STDERR_REDIRECT] [Fatal Error] :1:1: Premature end of file.
2025-12-13 09:42:22,033 [ERROR] LogOutputStream:75 - [STDERR_REDIRECT] 
2025-12-13 09:42:23,031 [ERROR] LogOutputStream:75 - [STDERR_REDIRECT] [Fatal Error] :1:1: Premature end of file.
2025-12-13 09:42:23,031 [ERROR] LogOutputStream:75 - [STDERR_REDIRECT] 
2025-12-13 09:42:24,034 [ERROR] LogOutputStream:75 - [STDERR_REDIRECT] [Fatal Error] :1:1: Premature end of file.
2025-12-13 09:42:24,034 [ERROR] LogOutputStream:75 - [STDERR_REDIRECT] 
2025-12-13 09:42:25,033 [ERROR] LogOutputStream:75 - [STDERR_REDIRECT] [Fatal Error] :1:1: Premature end of file.
2025-12-13 09:42:25,034 [ERROR] LogOutputStream:75 - [STDERR_REDIRECT] 
2025-12-13 09:42:26,034 [ERROR] LogOutputStream:75 - [STDERR_REDIRECT] [Fatal Error] :1:1: Premature end of file.
2025-12-13 09:42:26,034 [ERROR] LogOutputStream:75 - [STDERR_REDIRECT] 
2025-12-13 09:42:27,035 [ERROR] LogOutputStream:75 - [STDERR_REDIRECT] [Fatal Error] :1:1: Premature end of file.
2025-12-13 09:42:27,035 [ERROR] LogOutputStream:75 - [STDERR_REDIRECT] 
2025-12-13 09:42:28,034 [ERROR] LogOutputStream:75 - [STDERR_REDIRECT] [Fatal Error] :1:1: Premature end of file.
2025-12-13 09:42:28,034 [ERROR] LogOutputStream:75 - [STDERR_REDIRECT] 
2025-12-13 09:42:29,034 [ERROR] LogOutputStream:75 - [STDERR_REDIRECT] [Fatal Error] :1:1: Premature end of file.
2025-12-13 09:42:29,034 [ERROR] LogOutputStream:75 - [STDERR_REDIRECT] 
2025-12-13 09:42:30,024 [ERROR] LogOutputStream:75 - [STDERR_REDIRECT] [Fatal Error] :1:1: Premature end of file.
2025-12-13 09:42:30,024 [ERROR] LogOutputStream:75 - [STDERR_REDIRECT] 
2025-12-13 09:42:31,043 [ERROR] LogOutputStream:75 - [STDERR_REDIRECT] [Fatal Error] :1:1: Premature end of file.
2025-12-13 09:42:31,043 [ERROR] LogOutputStream:75 - [STDERR_REDIRECT] 
2025-12-13 09:42:32,045 [ERROR] LogOutputStream:75 - [STDERR_REDIRECT] [Fatal Error] :1:1: Premature end of file.
2025-12-13 09:42:32,045 [ERROR] LogOutputStream:75 - [STDERR_REDIRECT] 
2025-12-13 09:42:33,033 [ERROR] LogOutputStream:75 - [STDERR_REDIRECT] [Fatal Error] :1:1: Premature end of file.
2025-12-13 09:42:33,033 [ERROR] LogOutputStream:75 - [STDERR_REDIRECT] 
2025-12-13 09:42:34,024 [ERROR] LogOutputStream:75 - [STDERR_REDIRECT] [Fatal Error] :1:1: Premature end of file.
2025-12-13 09:42:34,024 [ERROR] LogOutputStream:75 - [STDERR_REDIRECT] 
2025-12-13 09:42:35,034 [ERROR] LogOutputStream:75 - [STDERR_REDIRECT] [Fatal Error] :1:1: Premature end of file.
2025-12-13 09:42:35,034 [ERROR] LogOutputStream:75 - [STDERR_REDIRECT] 
2025-12-13 09:42:36,029 [ERROR] LogOutputStream:75 - [STDERR_REDIRECT] [Fatal Error] :1:1: Premature end of file.
2025-12-13 09:42:36,029 [ERROR] LogOutputStream:75 - [STDERR_REDIRECT] 
2025-12-13 09:42:37,041 [ERROR] LogOutputStream:75 - [STDERR_REDIRECT] [Fatal Error] :1:1: Premature end of file.
2025-12-13 09:42:37,041 [ERROR] LogOutputStream:75 - [STDERR_REDIRECT] 
2025-12-13 09:42:38,050 [ERROR] LogOutputStream:75 - [STDERR_REDIRECT] [Fatal Error] :1:1: Premature end of file.
2025-12-13 09:42:38,050 [ERROR] LogOutputStream:75 - [STDERR_REDIRECT] 
2025-12-13 09:42:39,034 [ERROR] LogOutputStream:75 - [STDERR_REDIRECT] [Fatal Error] :1:1: Premature end of file.
2025-12-13 09:42:39,034 [ERROR] LogOutputStream:75 - [STDERR_REDIRECT] 
2025-12-13 09:42:40,032 [ERROR] LogOutputStream:75 - [STDERR_REDIRECT] [Fatal Error] :1:1: Premature end of file.
2025-12-13 09:42:40,032 [ERROR] LogOutputStream:75 - [STDERR_REDIRECT] 
2025-12-13 09:42:41,034 [ERROR] LogOutputStream:75 - [STDERR_REDIRECT] [Fatal Error] :1:1: Premature end of file.
2025-12-13 09:42:41,034 [ERROR] LogOutputStream:75 - [STDERR_REDIRECT] 
2025-12-13 09:42:42,035 [ERROR] LogOutputStream:75 - [STDERR_REDIRECT] [Fatal Error] :1:1: Premature end of file.
2025-12-13 09:42:42,035 [ERROR] LogOutputStream:75 - [STDERR_REDIRECT] 
2025-12-13 09:42:43,034 [ERROR] LogOutputStream:75 - [STDERR_REDIRECT] [Fatal Error] :1:1: Premature end of file.
2025-12-13 09:42:43,034 [ERROR] LogOutputStream:75 - [STDERR_REDIRECT] 
2025-12-13 09:42:44,034 [ERROR] LogOutputStream:75 - [STDERR_REDIRECT] [Fatal Error] :1:1: Premature end of file.
2025-12-13 09:42:44,036 [ERROR] LogOutputStream:75 - [STDERR_REDIRECT] 
2025-12-13 09:42:45,043 [ERROR] LogOutputStream:75 - [STDERR_REDIRECT] [Fatal Error] :1:1: Premature end of file.
2025-12-13 09:42:45,045 [ERROR] LogOutputStream:75 - [STDERR_REDIRECT] 
2025-12-13 09:42:46,034 [ERROR] LogOutputStream:75 - [STDERR_REDIRECT] [Fatal Error] :1:1: Premature end of file.
2025-12-13 09:42:46,034 [ERROR] LogOutputStream:75 - [STDERR_REDIRECT] 
2025-12-13 09:42:47,044 [ERROR] LogOutputStream:75 - [STDERR_REDIRECT] [Fatal Error] :1:1: Premature end of file.
2025-12-13 09:42:47,044 [ERROR] LogOutputStream:75 - [STDERR_REDIRECT] 
2025-12-13 09:42:48,034 [ERROR] LogOutputStream:75 - [STDERR_REDIRECT] [Fatal Error] :1:1: Premature end of file.
2025-12-13 09:42:48,034 [ERROR] LogOutputStream:75 - [STDERR_REDIRECT] 
2025-12-13 09:42:49,048 [ERROR] LogOutputStream:75 - [STDERR_REDIRECT] [Fatal Error] :1:1: Premature end of file.
2025-12-13 09:42:49,048 [ERROR] LogOutputStream:75 - [STDERR_REDIRECT] 
2025-12-13 09:42:50,043 [ERROR] LogOutputStream:75 - [STDERR_REDIRECT] [Fatal Error] :1:1: Premature end of file.
2025-12-13 09:42:50,044 [ERROR] LogOutputStream:75 - [STDERR_REDIRECT] 
2025-12-13 09:42:51,036 [ERROR] LogOutputStream:75 - [STDERR_REDIRECT] [Fatal Error] :1:1: Premature end of file.
2025-12-13 09:42:51,036 [ERROR] LogOutputStream:75 - [STDERR_REDIRECT] 
2025-12-13 09:42:52,031 [ERROR] LogOutputStream:75 - [STDERR_REDIRECT] [Fatal Error] :1:1: Premature end of file.
2025-12-13 09:42:52,031 [ERROR] LogOutputStream:75 - [STDERR_REDIRECT] 
2025-12-13 09:42:53,035 [ERROR] LogOutputStream:75 - [STDERR_REDIRECT] [Fatal Error] :1:1: Premature end of file.
2025-12-13 09:42:53,035 [ERROR] LogOutputStream:75 - [STDERR_REDIRECT] 
2025-12-13 09:42:54,033 [ERROR] LogOutputStream:75 - [STDERR_REDIRECT] [Fatal Error] :1:1: Premature end of file.
2025-12-13 09:42:54,033 [ERROR] LogOutputStream:75 - [STDERR_REDIRECT] 
2025-12-13 09:42:55,034 [ERROR] LogOutputStream:75 - [STDERR_REDIRECT] [Fatal Error] :1:1: Premature end of file.
2025-12-13 09:42:55,034 [ERROR] LogOutputStream:75 - [STDERR_REDIRECT] 
2025-12-13 09:42:56,033 [ERROR] LogOutputStream:75 - [STDERR_REDIRECT] [Fatal Error] :1:1: Premature end of file.
2025-12-13 09:42:56,033 [ERROR] LogOutputStream:75 - [STDERR_REDIRECT] 
2025-12-13 09:42:57,034 [ERROR] LogOutputStream:75 - [STDERR_REDIRECT] [Fatal Error] :1:1: Premature end of file.
2025-12-13 09:42:57,034 [ERROR] LogOutputStream:75 - [STDERR_REDIRECT] 
2025-12-13 09:42:58,035 [ERROR] LogOutputStream:75 - [STDERR_REDIRECT] [Fatal Error] :1:1: Premature end of file.
2025-12-13 09:42:58,035 [ERROR] LogOutputStream:75 - [STDERR_REDIRECT] 
2025-12-13 09:42:59,033 [ERROR] LogOutputStream:75 - [STDERR_REDIRECT] [Fatal Error] :1:1: Premature end of file.
2025-12-13 09:42:59,033 [ERROR] LogOutputStream:75 - [STDERR_REDIRECT] 
2025-12-13 09:43:00,036 [ERROR] LogOutputStream:75 - [STDERR_REDIRECT] [Fatal Error] :1:1: Premature end of file.
2025-12-13 09:43:00,036 [ERROR] LogOutputStream:75 - [STDERR_REDIRECT] 
2025-12-13 09:43:01,055 [ERROR] LogOutputStream:75 - [STDERR_REDIRECT] [Fatal Error] :1:1: Premature end of file.
2025-12-13 09:43:01,055 [ERROR] LogOutputStream:75 - [STDERR_REDIRECT] 
2025-12-13 09:43:02,034 [ERROR] LogOutputStream:75 - [STDERR_REDIRECT] [Fatal Error] :1:1: Premature end of file.
2025-12-13 09:43:02,034 [ERROR] LogOutputStream:75 - [STDERR_REDIRECT] 
2025-12-13 09:43:03,034 [ERROR] LogOutputStream:75 - [STDERR_REDIRECT] [Fatal Error] :1:1: Premature end of file.
2025-12-13 09:43:03,034 [ERROR] LogOutputStream:75 - [STDERR_REDIRECT] 
2025-12-13 09:43:04,033 [ERROR] LogOutputStream:75 - [STDERR_REDIRECT] [Fatal Error] :1:1: Premature end of file.
2025-12-13 09:43:04,034 [ERROR] LogOutputStream:75 - [STDERR_REDIRECT] 
2025-12-13 09:43:05,035 [ERROR] LogOutputStream:75 - [STDERR_REDIRECT] [Fatal Error] :1:1: Premature end of file.
2025-12-13 09:43:05,035 [ERROR] LogOutputStream:75 - [STDERR_REDIRECT] 
2025-12-13 09:43:06,034 [ERROR] LogOutputStream:75 - [STDERR_REDIRECT] [Fatal Error] :1:1: Premature end of file.
2025-12-13 09:43:06,034 [ERROR] LogOutputStream:75 - [STDERR_REDIRECT] 
2025-12-13 09:43:07,033 [ERROR] LogOutputStream:75 - [STDERR_REDIRECT] [Fatal Error] :1:1: Premature end of file.
2025-12-13 09:43:07,033 [ERROR] LogOutputStream:75 - [STDERR_REDIRECT] 
2025-12-13 09:43:08,035 [ERROR] LogOutputStream:75 - [STDERR_REDIRECT] [Fatal Error] :1:1: Premature end of file.
2025-12-13 09:43:08,035 [ERROR] LogOutputStream:75 - [STDERR_REDIRECT] 
2025-12-13 09:43:09,048 [ERROR] LogOutputStream:75 - [STDERR_REDIRECT] [Fatal Error] :1:1: Premature end of file.
2025-12-13 09:43:09,048 [ERROR] LogOutputStream:75 - [STDERR_REDIRECT] 
2025-12-13 09:43:10,034 [ERROR] LogOutputStream:75 - [STDERR_REDIRECT] [Fatal Error] :1:1: Premature end of file.
2025-12-13 09:43:10,034 [ERROR] LogOutputStream:75 - [STDERR_REDIRECT] 
2025-12-13 09:43:11,034 [ERROR] LogOutputStream:75 - [STDERR_REDIRECT] [Fatal Error] :1:1: Premature end of file.
2025-12-13 09:43:11,034 [ERROR] LogOutputStream:75 - [STDERR_REDIRECT] 
2025-12-13 09:43:12,033 [ERROR] LogOutputStream:75 - [STDERR_REDIRECT] [Fatal Error] :1:1: Premature end of file.
2025-12-13 09:43:12,033 [ERROR] LogOutputStream:75 - [STDERR_REDIRECT] 
2025-12-13 09:43:13,033 [ERROR] LogOutputStream:75 - [STDERR_REDIRECT] [Fatal Error] :1:1: Premature end of file.
2025-12-13 09:43:13,033 [ERROR] LogOutputStream:75 - [STDERR_REDIRECT] 
2025-12-13 09:43:14,034 [ERROR] LogOutputStream:75 - [STDERR_REDIRECT] [Fatal Error] :1:1: Premature end of file.
2025-12-13 09:43:14,034 [ERROR] LogOutputStream:75 - [STDERR_REDIRECT] 
2025-12-13 09:43:15,034 [ERROR] LogOutputStream:75 - [STDERR_REDIRECT] [Fatal Error] :1:1: Premature end of file.
2025-12-13 09:43:15,034 [ERROR] LogOutputStream:75 - [STDERR_REDIRECT] 
2025-12-13 09:43:16,034 [ERROR] LogOutputStream:75 - [STDERR_REDIRECT] [Fatal Error] :1:1: Premature end of file.
2025-12-13 09:43:16,034 [ERROR] LogOutputStream:75 - [STDERR_REDIRECT] 
2025-12-13 09:43:17,033 [ERROR] LogOutputStream:75 - [STDERR_REDIRECT] [Fatal Error] :1:1: Premature end of file.
2025-12-13 09:43:17,033 [ERROR] LogOutputStream:75 - [STDERR_REDIRECT] 
2025-12-13 09:43:18,035 [ERROR] LogOutputStream:75 - [STDERR_REDIRECT] [Fatal Error] :1:1: Premature end of file.
2025-12-13 09:43:18,035 [ERROR] LogOutputStream:75 - [STDERR_REDIRECT] 
2025-12-13 09:43:19,034 [ERROR] LogOutputStream:75 - [STDERR_REDIRECT] [Fatal Error] :1:1: Premature end of file.
2025-12-13 09:43:19,034 [ERROR] LogOutputStream:75 - [STDERR_REDIRECT] 
2025-12-13 09:43:20,028 [ERROR] LogOutputStream:75 - [STDERR_REDIRECT] [Fatal Error] :1:1: Premature end of file.
2025-12-13 09:43:20,028 [ERROR] LogOutputStream:75 - [STDERR_REDIRECT] 
2025-12-13 09:43:21,035 [ERROR] LogOutputStream:75 - [STDERR_REDIRECT] [Fatal Error] :1:1: Premature end of file.
2025-12-13 09:43:21,036 [ERROR] LogOutputStream:75 - [STDERR_REDIRECT] 
2025-12-13 09:43:22,060 [ERROR] LogOutputStream:75 - [STDERR_REDIRECT] [Fatal Error] :1:1: Premature end of file.
2025-12-13 09:43:22,060 [ERROR] LogOutputStream:75 - [STDERR_REDIRECT] 
2025-12-13 09:43:23,033 [ERROR] LogOutputStream:75 - [STDERR_REDIRECT] [Fatal Error] :1:1: Premature end of file.
2025-12-13 09:43:23,033 [ERROR] LogOutputStream:75 - [STDERR_REDIRECT] 
2025-12-13 09:43:24,034 [ERROR] LogOutputStream:75 - [STDERR_REDIRECT] [Fatal Error] :1:1: Premature end of file.
2025-12-13 09:43:24,034 [ERROR] LogOutputStream:75 - [STDERR_REDIRECT] 
2025-12-13 09:43:25,043 [ERROR] LogOutputStream:75 - [STDERR_REDIRECT] [Fatal Error] :1:1: Premature end of file.
2025-12-13 09:43:25,044 [ERROR] LogOutputStream:75 - [STDERR_REDIRECT] 
2025-12-13 09:43:26,035 [ERROR] LogOutputStream:75 - [STDERR_REDIRECT] [Fatal Error] :1:1: Premature end of file.
2025-12-13 09:43:26,036 [ERROR] LogOutputStream:75 - [STDERR_REDIRECT] 
2025-12-13 09:43:27,034 [ERROR] LogOutputStream:75 - [STDERR_REDIRECT] [Fatal Error] :1:1: Premature end of file.
2025-12-13 09:43:27,034 [ERROR] LogOutputStream:75 - [STDERR_REDIRECT] 
2025-12-13 09:43:28,033 [ERROR] LogOutputStream:75 - [STDERR_REDIRECT] [Fatal Error] :1:1: Premature end of file.
2025-12-13 09:43:28,033 [ERROR] LogOutputStream:75 - [STDERR_REDIRECT] 
2025-12-13 09:43:29,055 [ERROR] LogOutputStream:75 - [STDERR_REDIRECT] [Fatal Error] :1:1: Premature end of file.
2025-12-13 09:43:29,055 [ERROR] LogOutputStream:75 - [STDERR_REDIRECT] 
2025-12-13 09:43:30,035 [ERROR] LogOutputStream:75 - [STDERR_REDIRECT] [Fatal Error] :1:1: Premature end of file.
2025-12-13 09:43:30,035 [ERROR] LogOutputStream:75 - [STDERR_REDIRECT] 
2025-12-13 09:43:31,032 [ERROR] LogOutputStream:75 - [STDERR_REDIRECT] [Fatal Error] :1:1: Premature end of file.
2025-12-13 09:43:31,032 [ERROR] LogOutputStream:75 - [STDERR_REDIRECT] 
2025-12-13 09:43:32,034 [ERROR] LogOutputStream:75 - [STDERR_REDIRECT] [Fatal Error] :1:1: Premature end of file.
2025-12-13 09:43:32,034 [ERROR] LogOutputStream:75 - [STDERR_REDIRECT] 
2025-12-13 09:43:33,035 [ERROR] LogOutputStream:75 - [STDERR_REDIRECT] [Fatal Error] :1:1: Premature end of file.
2025-12-13 09:43:33,035 [ERROR] LogOutputStream:75 - [STDERR_REDIRECT] 
2025-12-13 09:43:34,031 [ERROR] LogOutputStream:75 - [STDERR_REDIRECT] [Fatal Error] :1:1: Premature end of file.
2025-12-13 09:43:34,031 [ERROR] LogOutputStream:75 - [STDERR_REDIRECT] 
2025-12-13 09:43:35,036 [ERROR] LogOutputStream:75 - [STDERR_REDIRECT] [Fatal Error] :1:1: Premature end of file.
2025-12-13 09:43:35,036 [ERROR] LogOutputStream:75 - [STDERR_REDIRECT] 
2025-12-13 09:43:36,035 [ERROR] LogOutputStream:75 - [STDERR_REDIRECT] [Fatal Error] :1:1: Premature end of file.
2025-12-13 09:43:36,035 [ERROR] LogOutputStream:75 - [STDERR_REDIRECT] 
2025-12-13 09:43:37,034 [ERROR] LogOutputStream:75 - [STDERR_REDIRECT] [Fatal Error] :1:1: Premature end of file.
2025-12-13 09:43:37,034 [ERROR] LogOutputStream:75 - [STDERR_REDIRECT] 
2025-12-13 09:43:38,033 [ERROR] LogOutputStream:75 - [STDERR_REDIRECT] [Fatal Error] :1:1: Premature end of file.
2025-12-13 09:43:38,033 [ERROR] LogOutputStream:75 - [STDERR_REDIRECT] 
2025-12-13 09:43:39,033 [ERROR] LogOutputStream:75 - [STDERR_REDIRECT] [Fatal Error] :1:1: Premature end of file.
2025-12-13 09:43:39,033 [ERROR] LogOutputStream:75 - [STDERR_REDIRECT] 
2025-12-13 09:43:40,035 [ERROR] LogOutputStream:75 - [STDERR_REDIRECT] [Fatal Error] :1:1: Premature end of file.
2025-12-13 09:43:40,035 [ERROR] LogOutputStream:75 - [STDERR_REDIRECT] 
2025-12-13 09:43:41,036 [ERROR] LogOutputStream:75 - [STDERR_REDIRECT] [Fatal Error] :1:1: Premature end of file.
2025-12-13 09:43:41,036 [ERROR] LogOutputStream:75 - [STDERR_REDIRECT] 
2025-12-13 09:43:42,035 [ERROR] LogOutputStream:75 - [STDERR_REDIRECT] [Fatal Error] :1:1: Premature end of file.
2025-12-13 09:43:42,037 [ERROR] LogOutputStream:75 - [STDERR_REDIRECT] 
2025-12-13 09:43:43,033 [ERROR] LogOutputStream:75 - [STDERR_REDIRECT] [Fatal Error] :1:1: Premature end of file.
2025-12-13 09:43:43,033 [ERROR] LogOutputStream:75 - [STDERR_REDIRECT] 
2025-12-13 09:43:44,045 [ERROR] LogOutputStream:75 - [STDERR_REDIRECT] [Fatal Error] :1:1: Premature end of file.
2025-12-13 09:43:44,045 [ERROR] LogOutputStream:75 - [STDERR_REDIRECT] 
2025-12-13 09:43:45,034 [ERROR] LogOutputStream:75 - [STDERR_REDIRECT] [Fatal Error] :1:1: Premature end of file.
2025-12-13 09:43:45,035 [ERROR] LogOutputStream:75 - [STDERR_REDIRECT] 
2025-12-13 09:43:46,034 [ERROR] LogOutputStream:75 - [STDERR_REDIRECT] [Fatal Error] :1:1: Premature end of file.
2025-12-13 09:43:46,034 [ERROR] LogOutputStream:75 - [STDERR_REDIRECT] 
2025-12-13 09:43:47,034 [ERROR] LogOutputStream:75 - [STDERR_REDIRECT] [Fatal Error] :1:1: Premature end of file.
2025-12-13 09:43:47,034 [ERROR] LogOutputStream:75 - [STDERR_REDIRECT] 
2025-12-13 09:43:48,032 [ERROR] LogOutputStream:75 - [STDERR_REDIRECT] [Fatal Error] :1:1: Premature end of file.
2025-12-13 09:43:48,032 [ERROR] LogOutputStream:75 - [STDERR_REDIRECT] 
2025-12-13 09:43:49,033 [ERROR] LogOutputStream:75 - [STDERR_REDIRECT] [Fatal Error] :1:1: Premature end of file.
2025-12-13 09:43:49,034 [ERROR] LogOutputStream:75 - [STDERR_REDIRECT] 
2025-12-13 09:43:50,033 [ERROR] LogOutputStream:75 - [STDERR_REDIRECT] [Fatal Error] :1:1: Premature end of file.
2025-12-13 09:43:50,034 [ERROR] LogOutputStream:75 - [STDERR_REDIRECT] 
2025-12-13 09:43:51,034 [ERROR] LogOutputStream:75 - [STDERR_REDIRECT] [Fatal Error] :1:1: Premature end of file.
2025-12-13 09:43:51,034 [ERROR] LogOutputStream:75 - [STDERR_REDIRECT] 
2025-12-13 09:43:52,033 [ERROR] LogOutputStream:75 - [STDERR_REDIRECT] [Fatal Error] :1:1: Premature end of file.
2025-12-13 09:43:52,033 [ERROR] LogOutputStream:75 - [STDERR_REDIRECT] 
2025-12-13 09:43:53,050 [ERROR] LogOutputStream:75 - [STDERR_REDIRECT] [Fatal Error] :1:1: Premature end of file.
2025-12-13 09:43:53,050 [ERROR] LogOutputStream:75 - [STDERR_REDIRECT] 
2025-12-13 09:43:54,032 [ERROR] LogOutputStream:75 - [STDERR_REDIRECT] [Fatal Error] :1:1: Premature end of file.
2025-12-13 09:43:54,032 [ERROR] LogOutputStream:75 - [STDERR_REDIRECT] 
2025-12-13 09:43:55,035 [ERROR] LogOutputStream:75 - [STDERR_REDIRECT] [Fatal Error] :1:1: Premature end of file.
2025-12-13 09:43:55,035 [ERROR] LogOutputStream:75 - [STDERR_REDIRECT] 
2025-12-13 09:43:56,032 [ERROR] LogOutputStream:75 - [STDERR_REDIRECT] [Fatal Error] :1:1: Premature end of file.
2025-12-13 09:43:56,032 [ERROR] LogOutputStream:75 - [STDERR_REDIRECT] 
2025-12-13 09:43:57,033 [ERROR] LogOutputStream:75 - [STDERR_REDIRECT] [Fatal Error] :1:1: Premature end of file.
2025-12-13 09:43:57,033 [ERROR] LogOutputStream:75 - [STDERR_REDIRECT] 
2025-12-13 09:43:58,034 [ERROR] LogOutputStream:75 - [STDERR_REDIRECT] [Fatal Error] :1:1: Premature end of file.
2025-12-13 09:43:58,034 [ERROR] LogOutputStream:75 - [STDERR_REDIRECT] 
2025-12-13 09:43:59,035 [ERROR] LogOutputStream:75 - [STDERR_REDIRECT] [Fatal Error] :1:1: Premature end of file.
2025-12-13 09:43:59,035 [ERROR] LogOutputStream:75 - [STDERR_REDIRECT] 
2025-12-13 09:44:00,029 [ERROR] LogOutputStream:75 - [STDERR_REDIRECT] [Fatal Error] :1:1: Premature end of file.
2025-12-13 09:44:00,029 [ERROR] LogOutputStream:75 - [STDERR_REDIRECT] 
2025-12-13 09:44:01,033 [ERROR] LogOutputStream:75 - [STDERR_REDIRECT] [Fatal Error] :1:1: Premature end of file.
2025-12-13 09:44:01,033 [ERROR] LogOutputStream:75 - [STDERR_REDIRECT] 
2025-12-13 09:44:02,035 [ERROR] LogOutputStream:75 - [STDERR_REDIRECT] [Fatal Error] :1:1: Premature end of file.
2025-12-13 09:44:02,035 [ERROR] LogOutputStream:75 - [STDERR_REDIRECT] 
2025-12-13 09:44:03,034 [ERROR] LogOutputStream:75 - [STDERR_REDIRECT] [Fatal Error] :1:1: Premature end of file.
2025-12-13 09:44:03,034 [ERROR] LogOutputStream:75 - [STDERR_REDIRECT] 
2025-12-13 09:44:04,033 [ERROR] LogOutputStream:75 - [STDERR_REDIRECT] [Fatal Error] :1:1: Premature end of file.
2025-12-13 09:44:04,033 [ERROR] LogOutputStream:75 - [STDERR_REDIRECT] 
2025-12-13 09:44:05,035 [ERROR] LogOutputStream:75 - [STDERR_REDIRECT] [Fatal Error] :1:1: Premature end of file.
2025-12-13 09:44:05,035 [ERROR] LogOutputStream:75 - [STDERR_REDIRECT] 
2025-12-13 09:44:06,034 [ERROR] LogOutputStream:75 - [STDERR_REDIRECT] [Fatal Error] :1:1: Premature end of file.
2025-12-13 09:44:06,034 [ERROR] LogOutputStream:75 - [STDERR_REDIRECT] 
2025-12-13 09:44:07,042 [ERROR] LogOutputStream:75 - [STDERR_REDIRECT] [Fatal Error] :1:1: Premature end of file.
2025-12-13 09:44:07,042 [ERROR] LogOutputStream:75 - [STDERR_REDIRECT] 
2025-12-13 09:44:08,055 [ERROR] LogOutputStream:75 - [STDERR_REDIRECT] [Fatal Error] :1:1: Premature end of file.
2025-12-13 09:44:08,055 [ERROR] LogOutputStream:75 - [STDERR_REDIRECT] 
2025-12-13 09:44:09,035 [ERROR] LogOutputStream:75 - [STDERR_REDIRECT] [Fatal Error] :1:1: Premature end of file.
2025-12-13 09:44:09,035 [ERROR] LogOutputStream:75 - [STDERR_REDIRECT] 
2025-12-13 09:44:10,033 [ERROR] LogOutputStream:75 - [STDERR_REDIRECT] [Fatal Error] :1:1: Premature end of file.
2025-12-13 09:44:10,033 [ERROR] LogOutputStream:75 - [STDERR_REDIRECT] 
2025-12-13 09:44:11,033 [ERROR] LogOutputStream:75 - [STDERR_REDIRECT] [Fatal Error] :1:1: Premature end of file.
2025-12-13 09:44:11,033 [ERROR] LogOutputStream:75 - [STDERR_REDIRECT] 
2025-12-13 09:44:12,033 [ERROR] LogOutputStream:75 - [STDERR_REDIRECT] [Fatal Error] :1:1: Premature end of file.
2025-12-13 09:44:12,033 [ERROR] LogOutputStream:75 - [STDERR_REDIRECT] 
2025-12-13 09:44:13,033 [ERROR] LogOutputStream:75 - [STDERR_REDIRECT] [Fatal Error] :1:1: Premature end of file.
2025-12-13 09:44:13,033 [ERROR] LogOutputStream:75 - [STDERR_REDIRECT] 
2025-12-13 09:44:14,033 [ERROR] LogOutputStream:75 - [STDERR_REDIRECT] [Fatal Error] :1:1: Premature end of file.
2025-12-13 09:44:14,033 [ERROR] LogOutputStream:75 - [STDERR_REDIRECT] 
2025-12-13 09:44:15,034 [ERROR] LogOutputStream:75 - [STDERR_REDIRECT] [Fatal Error] :1:1: Premature end of file.
2025-12-13 09:44:15,034 [ERROR] LogOutputStream:75 - [STDERR_REDIRECT] 
2025-12-13 09:44:16,035 [ERROR] LogOutputStream:75 - [STDERR_REDIRECT] [Fatal Error] :1:1: Premature end of file.
2025-12-13 09:44:16,035 [ERROR] LogOutputStream:75 - [STDERR_REDIRECT] 
2025-12-13 09:44:17,025 [ERROR] LogOutputStream:75 - [STDERR_REDIRECT] [Fatal Error] :1:1: Premature end of file.
2025-12-13 09:44:17,025 [ERROR] LogOutputStream:75 - [STDERR_REDIRECT] 
2025-12-13 09:44:18,050 [ERROR] LogOutputStream:75 - [STDERR_REDIRECT] [Fatal Error] :1:1: Premature end of file.
2025-12-13 09:44:18,050 [ERROR] LogOutputStream:75 - [STDERR_REDIRECT] 
2025-12-13 09:44:19,034 [ERROR] LogOutputStream:75 - [STDERR_REDIRECT] [Fatal Error] :1:1: Premature end of file.
2025-12-13 09:44:19,034 [ERROR] LogOutputStream:75 - [STDERR_REDIRECT] 
2025-12-13 09:44:20,034 [ERROR] LogOutputStream:75 - [STDERR_REDIRECT] [Fatal Error] :1:1: Premature end of file.
2025-12-13 09:44:20,034 [ERROR] LogOutputStream:75 - [STDERR_REDIRECT] 
2025-12-13 09:44:21,034 [ERROR] LogOutputStream:75 - [STDERR_REDIRECT] [Fatal Error] :1:1: Premature end of file.
2025-12-13 09:44:21,034 [ERROR] LogOutputStream:75 - [STDERR_REDIRECT] 
2025-12-13 09:44:22,034 [ERROR] LogOutputStream:75 - [STDERR_REDIRECT] [Fatal Error] :1:1: Premature end of file.
2025-12-13 09:44:22,034 [ERROR] LogOutputStream:75 - [STDERR_REDIRECT] 
2025-12-13 09:44:23,033 [ERROR] LogOutputStream:75 - [STDERR_REDIRECT] [Fatal Error] :1:1: Premature end of file.
2025-12-13 09:44:23,033 [ERROR] LogOutputStream:75 - [STDERR_REDIRECT] 
2025-12-13 09:44:24,048 [ERROR] LogOutputStream:75 - [STDERR_REDIRECT] [Fatal Error] :1:1: Premature end of file.
2025-12-13 09:44:24,048 [ERROR] LogOutputStream:75 - [STDERR_REDIRECT] 
2025-12-13 09:44:25,046 [ERROR] LogOutputStream:75 - [STDERR_REDIRECT] [Fatal Error] :1:1: Premature end of file.
2025-12-13 09:44:25,046 [ERROR] LogOutputStream:75 - [STDERR_REDIRECT] 
2025-12-13 09:44:26,037 [ERROR] LogOutputStream:75 - [STDERR_REDIRECT] [Fatal Error] :1:1: Premature end of file.
2025-12-13 09:44:26,037 [ERROR] LogOutputStream:75 - [STDERR_REDIRECT] 
2025-12-13 09:44:27,031 [ERROR] LogOutputStream:75 - [STDERR_REDIRECT] [Fatal Error] :1:1: Premature end of file.
2025-12-13 09:44:27,031 [ERROR] LogOutputStream:75 - [STDERR_REDIRECT] 
2025-12-13 09:44:28,035 [ERROR] LogOutputStream:75 - [STDERR_REDIRECT] [Fatal Error] :1:1: Premature end of file.
2025-12-13 09:44:28,035 [ERROR] LogOutputStream:75 - [STDERR_REDIRECT] 
2025-12-13 09:44:29,050 [ERROR] LogOutputStream:75 - [STDERR_REDIRECT] [Fatal Error] :1:1: Premature end of file.
2025-12-13 09:44:29,050 [ERROR] LogOutputStream:75 - [STDERR_REDIRECT] 
2025-12-13 09:44:30,037 [ERROR] LogOutputStream:75 - [STDERR_REDIRECT] [Fatal Error] :1:1: Premature end of file.
2025-12-13 09:44:30,037 [ERROR] LogOutputStream:75 - [STDERR_REDIRECT] 
2025-12-13 09:44:31,035 [ERROR] LogOutputStream:75 - [STDERR_REDIRECT] [Fatal Error] :1:1: Premature end of file.
2025-12-13 09:44:31,035 [ERROR] LogOutputStream:75 - [STDERR_REDIRECT] 
2025-12-13 09:44:32,033 [ERROR] LogOutputStream:75 - [STDERR_REDIRECT] [Fatal Error] :1:1: Premature end of file.
2025-12-13 09:44:32,033 [ERROR] LogOutputStream:75 - [STDERR_REDIRECT] 
2025-12-13 09:44:33,035 [ERROR] LogOutputStream:75 - [STDERR_REDIRECT] [Fatal Error] :1:1: Premature end of file.
2025-12-13 09:44:33,035 [ERROR] LogOutputStream:75 - [STDERR_REDIRECT] 
2025-12-13 09:44:34,051 [ERROR] LogOutputStream:75 - [STDERR_REDIRECT] [Fatal Error] :1:1: Premature end of file.
2025-12-13 09:44:34,051 [ERROR] LogOutputStream:75 - [STDERR_REDIRECT] 
2025-12-13 09:44:35,033 [ERROR] LogOutputStream:75 - [STDERR_REDIRECT] [Fatal Error] :1:1: Premature end of file.
2025-12-13 09:44:35,033 [ERROR] LogOutputStream:75 - [STDERR_REDIRECT] 
2025-12-13 09:44:36,035 [ERROR] LogOutputStream:75 - [STDERR_REDIRECT] [Fatal Error] :1:1: Premature end of file.
2025-12-13 09:44:36,035 [ERROR] LogOutputStream:75 - [STDERR_REDIRECT] 
2025-12-13 09:44:37,034 [ERROR] LogOutputStream:75 - [STDERR_REDIRECT] [Fatal Error] :1:1: Premature end of file.
2025-12-13 09:44:37,034 [ERROR] LogOutputStream:75 - [STDERR_REDIRECT] 
2025-12-13 09:44:38,035 [ERROR] LogOutputStream:75 - [STDERR_REDIRECT] [Fatal Error] :1:1: Premature end of file.
2025-12-13 09:44:38,035 [ERROR] LogOutputStream:75 - [STDERR_REDIRECT] 
2025-12-13 09:44:39,034 [ERROR] LogOutputStream:75 - [STDERR_REDIRECT] [Fatal Error] :1:1: Premature end of file.
2025-12-13 09:44:39,034 [ERROR] LogOutputStream:75 - [STDERR_REDIRECT] 
2025-12-13 09:44:40,034 [ERROR] LogOutputStream:75 - [STDERR_REDIRECT] [Fatal Error] :1:1: Premature end of file.
2025-12-13 09:44:40,034 [ERROR] LogOutputStream:75 - [STDERR_REDIRECT] 
2025-12-13 09:44:41,034 [ERROR] LogOutputStream:75 - [STDERR_REDIRECT] [Fatal Error] :1:1: Premature end of file.
2025-12-13 09:44:41,034 [ERROR] LogOutputStream:75 - [STDERR_REDIRECT] 
2025-12-13 09:44:42,034 [ERROR] LogOutputStream:75 - [STDERR_REDIRECT] [Fatal Error] :1:1: Premature end of file.
2025-12-13 09:44:42,034 [ERROR] LogOutputStream:75 - [STDERR_REDIRECT] 
2025-12-13 09:44:43,033 [ERROR] LogOutputStream:75 - [STDERR_REDIRECT] [Fatal Error] :1:1: Premature end of file.
2025-12-13 09:44:43,033 [ERROR] LogOutputStream:75 - [STDERR_REDIRECT] 
2025-12-13 09:44:44,036 [ERROR] LogOutputStream:75 - [STDERR_REDIRECT] [Fatal Error] :1:1: Premature end of file.
2025-12-13 09:44:44,036 [ERROR] LogOutputStream:75 - [STDERR_REDIRECT] 
2025-12-13 09:44:45,042 [ERROR] LogOutputStream:75 - [STDERR_REDIRECT] [Fatal Error] :1:1: Premature end of file.
2025-12-13 09:44:45,042 [ERROR] LogOutputStream:75 - [STDERR_REDIRECT] 
2025-12-13 09:44:46,031 [ERROR] LogOutputStream:75 - [STDERR_REDIRECT] [Fatal Error] :1:1: Premature end of file.
2025-12-13 09:44:46,031 [ERROR] LogOutputStream:75 - [STDERR_REDIRECT] 
2025-12-13 09:44:47,036 [ERROR] LogOutputStream:75 - [STDERR_REDIRECT] [Fatal Error] :1:1: Premature end of file.
2025-12-13 09:44:47,036 [ERROR] LogOutputStream:75 - [STDERR_REDIRECT] 
2025-12-13 09:44:48,041 [ERROR] LogOutputStream:75 - [STDERR_REDIRECT] [Fatal Error] :1:1: Premature end of file.
2025-12-13 09:44:48,041 [ERROR] LogOutputStream:75 - [STDERR_REDIRECT] 
2025-12-13 09:44:49,033 [ERROR] LogOutputStream:75 - [STDERR_REDIRECT] [Fatal Error] :1:1: Premature end of file.
2025-12-13 09:44:49,033 [ERROR] LogOutputStream:75 - [STDERR_REDIRECT] 
2025-12-13 09:44:50,034 [ERROR] LogOutputStream:75 - [STDERR_REDIRECT] [Fatal Error] :1:1: Premature end of file.
2025-12-13 09:44:50,034 [ERROR] LogOutputStream:75 - [STDERR_REDIRECT] 
2025-12-13 09:44:51,035 [ERROR] LogOutputStream:75 - [STDERR_REDIRECT] [Fatal Error] :1:1: Premature end of file.
2025-12-13 09:44:51,035 [ERROR] LogOutputStream:75 - [STDERR_REDIRECT] 
2025-12-13 09:44:52,034 [ERROR] LogOutputStream:75 - [STDERR_REDIRECT] [Fatal Error] :1:1: Premature end of file.
2025-12-13 09:44:52,034 [ERROR] LogOutputStream:75 - [STDERR_REDIRECT] 
2025-12-13 09:44:53,034 [ERROR] LogOutputStream:75 - [STDERR_REDIRECT] [Fatal Error] :1:1: Premature end of file.
2025-12-13 09:44:53,035 [ERROR] LogOutputStream:75 - [STDERR_REDIRECT] 
2025-12-13 09:44:54,036 [ERROR] LogOutputStream:75 - [STDERR_REDIRECT] [Fatal Error] :1:1: Premature end of file.
2025-12-13 09:44:54,036 [ERROR] LogOutputStream:75 - [STDERR_REDIRECT] 
2025-12-13 09:44:55,034 [ERROR] LogOutputStream:75 - [STDERR_REDIRECT] [Fatal Error] :1:1: Premature end of file.
2025-12-13 09:44:55,034 [ERROR] LogOutputStream:75 - [STDERR_REDIRECT] 
2025-12-13 09:44:56,032 [ERROR] LogOutputStream:75 - [STDERR_REDIRECT] [Fatal Error] :1:1: Premature end of file.
2025-12-13 09:44:56,034 [ERROR] LogOutputStream:75 - [STDERR_REDIRECT] 
2025-12-13 09:44:57,035 [ERROR] LogOutputStream:75 - [STDERR_REDIRECT] [Fatal Error] :1:1: Premature end of file.
2025-12-13 09:44:57,035 [ERROR] LogOutputStream:75 - [STDERR_REDIRECT] 
2025-12-13 09:44:58,036 [ERROR] LogOutputStream:75 - [STDERR_REDIRECT] [Fatal Error] :1:1: Premature end of file.
2025-12-13 09:44:58,036 [ERROR] LogOutputStream:75 - [STDERR_REDIRECT] 
2025-12-13 09:44:59,033 [ERROR] LogOutputStream:75 - [STDERR_REDIRECT] [Fatal Error] :1:1: Premature end of file.
2025-12-13 09:44:59,033 [ERROR] LogOutputStream:75 - [STDERR_REDIRECT] 
2025-12-13 09:45:00,033 [ERROR] LogOutputStream:75 - [STDERR_REDIRECT] [Fatal Error] :1:1: Premature end of file.
2025-12-13 09:45:00,033 [ERROR] LogOutputStream:75 - [STDERR_REDIRECT] 
2025-12-13 09:45:01,034 [ERROR] LogOutputStream:75 - [STDERR_REDIRECT] [Fatal Error] :1:1: Premature end of file.
2025-12-13 09:45:01,034 [ERROR] LogOutputStream:75 - [STDERR_REDIRECT] 
2025-12-13 09:45:02,031 [ERROR] LogOutputStream:75 - [STDERR_REDIRECT] [Fatal Error] :1:1: Premature end of file.
2025-12-13 09:45:02,031 [ERROR] LogOutputStream:75 - [STDERR_REDIRECT] 
2025-12-13 09:45:03,036 [ERROR] LogOutputStream:75 - [STDERR_REDIRECT] [Fatal Error] :1:1: Premature end of file.
2025-12-13 09:45:03,036 [ERROR] LogOutputStream:75 - [STDERR_REDIRECT] 
2025-12-13 09:45:04,034 [ERROR] LogOutputStream:75 - [STDERR_REDIRECT] [Fatal Error] :1:1: Premature end of file.
2025-12-13 09:45:04,034 [ERROR] LogOutputStream:75 - [STDERR_REDIRECT] 
2025-12-13 09:45:05,034 [ERROR] LogOutputStream:75 - [STDERR_REDIRECT] [Fatal Error] :1:1: Premature end of file.
2025-12-13 09:45:05,034 [ERROR] LogOutputStream:75 - [STDERR_REDIRECT] 
2025-12-13 09:45:06,035 [ERROR] LogOutputStream:75 - [STDERR_REDIRECT] [Fatal Error] :1:1: Premature end of file.
2025-12-13 09:45:06,035 [ERROR] LogOutputStream:75 - [STDERR_REDIRECT] 
2025-12-13 09:45:07,033 [ERROR] LogOutputStream:75 - [STDERR_REDIRECT] [Fatal Error] :1:1: Premature end of file.
2025-12-13 09:45:07,033 [ERROR] LogOutputStream:75 - [STDERR_REDIRECT] 
2025-12-13 09:45:08,035 [ERROR] LogOutputStream:75 - [STDERR_REDIRECT] [Fatal Error] :1:1: Premature end of file.
2025-12-13 09:45:08,035 [ERROR] LogOutputStream:75 - [STDERR_REDIRECT] 
2025-12-13 09:45:09,033 [ERROR] LogOutputStream:75 - [STDERR_REDIRECT] [Fatal Error] :1:1: Premature end of file.
2025-12-13 09:45:09,033 [ERROR] LogOutputStream:75 - [STDERR_REDIRECT] 
2025-12-13 09:45:10,034 [ERROR] LogOutputStream:75 - [STDERR_REDIRECT] [Fatal Error] :1:1: Premature end of file.
2025-12-13 09:45:10,034 [ERROR] LogOutputStream:75 - [STDERR_REDIRECT] 
2025-12-13 09:45:11,035 [ERROR] LogOutputStream:75 - [STDERR_REDIRECT] [Fatal Error] :1:1: Premature end of file.
2025-12-13 09:45:11,035 [ERROR] LogOutputStream:75 - [STDERR_REDIRECT] 
2025-12-13 09:45:12,034 [ERROR] LogOutputStream:75 - [STDERR_REDIRECT] [Fatal Error] :1:1: Premature end of file.
2025-12-13 09:45:12,034 [ERROR] LogOutputStream:75 - [STDERR_REDIRECT] 
2025-12-13 09:45:13,032 [ERROR] LogOutputStream:75 - [STDERR_REDIRECT] [Fatal Error] :1:1: Premature end of file.
2025-12-13 09:45:13,032 [ERROR] LogOutputStream:75 - [STDERR_REDIRECT] 
2025-12-13 09:45:14,034 [ERROR] LogOutputStream:75 - [STDERR_REDIRECT] [Fatal Error] :1:1: Premature end of file.
2025-12-13 09:45:14,034 [ERROR] LogOutputStream:75 - [STDERR_REDIRECT] 
2025-12-13 09:45:15,030 [ERROR] LogOutputStream:75 - [STDERR_REDIRECT] [Fatal Error] :1:1: Premature end of file.
2025-12-13 09:45:15,030 [ERROR] LogOutputStream:75 - [STDERR_REDIRECT] 
2025-12-13 09:45:16,034 [ERROR] LogOutputStream:75 - [STDERR_REDIRECT] [Fatal Error] :1:1: Premature end of file.
2025-12-13 09:45:16,034 [ERROR] LogOutputStream:75 - [STDERR_REDIRECT] 
2025-12-13 09:45:17,035 [ERROR] LogOutputStream:75 - [STDERR_REDIRECT] [Fatal Error] :1:1: Premature end of file.
2025-12-13 09:45:17,035 [ERROR] LogOutputStream:75 - [STDERR_REDIRECT] 
2025-12-13 09:45:18,035 [ERROR] LogOutputStream:75 - [STDERR_REDIRECT] [Fatal Error] :1:1: Premature end of file.
2025-12-13 09:45:18,035 [ERROR] LogOutputStream:75 - [STDERR_REDIRECT] 
2025-12-13 09:45:19,034 [ERROR] LogOutputStream:75 - [STDERR_REDIRECT] [Fatal Error] :1:1: Premature end of file.
2025-12-13 09:45:19,034 [ERROR] LogOutputStream:75 - [STDERR_REDIRECT] 
2025-12-13 09:45:20,032 [ERROR] LogOutputStream:75 - [STDERR_REDIRECT] [Fatal Error] :1:1: Premature end of file.
2025-12-13 09:45:20,032 [ERROR] LogOutputStream:75 - [STDERR_REDIRECT] 
2025-12-13 09:45:21,033 [ERROR] LogOutputStream:75 - [STDERR_REDIRECT] [Fatal Error] :1:1: Premature end of file.
2025-12-13 09:45:21,033 [ERROR] LogOutputStream:75 - [STDERR_REDIRECT] 
2025-12-13 09:45:22,054 [ERROR] LogOutputStream:75 - [STDERR_REDIRECT] [Fatal Error] :1:1: Premature end of file.
2025-12-13 09:45:22,054 [ERROR] LogOutputStream:75 - [STDERR_REDIRECT] 
2025-12-13 09:45:23,034 [ERROR] LogOutputStream:75 - [STDERR_REDIRECT] [Fatal Error] :1:1: Premature end of file.
2025-12-13 09:45:23,034 [ERROR] LogOutputStream:75 - [STDERR_REDIRECT] 
2025-12-13 09:45:24,033 [ERROR] LogOutputStream:75 - [STDERR_REDIRECT] [Fatal Error] :1:1: Premature end of file.
2025-12-13 09:45:24,033 [ERROR] LogOutputStream:75 - [STDERR_REDIRECT] 
2025-12-13 09:45:25,037 [ERROR] LogOutputStream:75 - [STDERR_REDIRECT] [Fatal Error] :1:1: Premature end of file.
2025-12-13 09:45:25,037 [ERROR] LogOutputStream:75 - [STDERR_REDIRECT] 
2025-12-13 09:45:26,034 [ERROR] LogOutputStream:75 - [STDERR_REDIRECT] [Fatal Error] :1:1: Premature end of file.
2025-12-13 09:45:26,034 [ERROR] LogOutputStream:75 - [STDERR_REDIRECT] 
2025-12-13 09:45:27,033 [ERROR] LogOutputStream:75 - [STDERR_REDIRECT] [Fatal Error] :1:1: Premature end of file.
2025-12-13 09:45:27,033 [ERROR] LogOutputStream:75 - [STDERR_REDIRECT] 
2025-12-13 09:45:28,034 [ERROR] LogOutputStream:75 - [STDERR_REDIRECT] [Fatal Error] :1:1: Premature end of file.
2025-12-13 09:45:28,034 [ERROR] LogOutputStream:75 - [STDERR_REDIRECT] 
2025-12-13 09:45:29,034 [ERROR] LogOutputStream:75 - [STDERR_REDIRECT] [Fatal Error] :1:1: Premature end of file.
2025-12-13 09:45:29,034 [ERROR] LogOutputStream:75 - [STDERR_REDIRECT] 
2025-12-13 09:45:30,035 [ERROR] LogOutputStream:75 - [STDERR_REDIRECT] [Fatal Error] :1:1: Premature end of file.
2025-12-13 09:45:30,035 [ERROR] LogOutputStream:75 - [STDERR_REDIRECT] 
2025-12-13 09:45:31,034 [ERROR] LogOutputStream:75 - [STDERR_REDIRECT] [Fatal Error] :1:1: Premature end of file.
2025-12-13 09:45:31,034 [ERROR] LogOutputStream:75 - [STDERR_REDIRECT] 
2025-12-13 09:45:32,035 [ERROR] LogOutputStream:75 - [STDERR_REDIRECT] [Fatal Error] :1:1: Premature end of file.
2025-12-13 09:45:32,035 [ERROR] LogOutputStream:75 - [STDERR_REDIRECT] 
2025-12-13 09:45:33,034 [ERROR] LogOutputStream:75 - [STDERR_REDIRECT] [Fatal Error] :1:1: Premature end of file.
2025-12-13 09:45:33,034 [ERROR] LogOutputStream:75 - [STDERR_REDIRECT] 
2025-12-13 09:45:34,035 [ERROR] LogOutputStream:75 - [STDERR_REDIRECT] [Fatal Error] :1:1: Premature end of file.
2025-12-13 09:45:34,035 [ERROR] LogOutputStream:75 - [STDERR_REDIRECT] 
2025-12-13 09:45:35,067 [ERROR] LogOutputStream:75 - [STDERR_REDIRECT] [Fatal Error] :1:1: Premature end of file.
2025-12-13 09:45:35,067 [ERROR] LogOutputStream:75 - [STDERR_REDIRECT] 
2025-12-13 09:45:36,033 [ERROR] LogOutputStream:75 - [STDERR_REDIRECT] [Fatal Error] :1:1: Premature end of file.
2025-12-13 09:45:36,033 [ERROR] LogOutputStream:75 - [STDERR_REDIRECT] 
2025-12-13 09:45:37,034 [ERROR] LogOutputStream:75 - [STDERR_REDIRECT] [Fatal Error] :1:1: Premature end of file.
2025-12-13 09:45:37,034 [ERROR] LogOutputStream:75 - [STDERR_REDIRECT] 
2025-12-13 09:45:38,034 [ERROR] LogOutputStream:75 - [STDERR_REDIRECT] [Fatal Error] :1:1: Premature end of file.
2025-12-13 09:45:38,034 [ERROR] LogOutputStream:75 - [STDERR_REDIRECT] 
2025-12-13 09:45:39,034 [ERROR] LogOutputStream:75 - [STDERR_REDIRECT] [Fatal Error] :1:1: Premature end of file.
2025-12-13 09:45:39,035 [ERROR] LogOutputStream:75 - [STDERR_REDIRECT] 
2025-12-13 09:45:40,034 [ERROR] LogOutputStream:75 - [STDERR_REDIRECT] [Fatal Error] :1:1: Premature end of file.
2025-12-13 09:45:40,034 [ERROR] LogOutputStream:75 - [STDERR_REDIRECT] 
2025-12-13 09:45:41,032 [ERROR] LogOutputStream:75 - [STDERR_REDIRECT] [Fatal Error] :1:1: Premature end of file.
2025-12-13 09:45:41,032 [ERROR] LogOutputStream:75 - [STDERR_REDIRECT] 
2025-12-13 09:45:42,033 [ERROR] LogOutputStream:75 - [STDERR_REDIRECT] [Fatal Error] :1:1: Premature end of file.
2025-12-13 09:45:42,033 [ERROR] LogOutputStream:75 - [STDERR_REDIRECT] 
2025-12-13 09:45:43,034 [ERROR] LogOutputStream:75 - [STDERR_REDIRECT] [Fatal Error] :1:1: Premature end of file.
2025-12-13 09:45:43,034 [ERROR] LogOutputStream:75 - [STDERR_REDIRECT] 
2025-12-13 09:45:44,048 [ERROR] LogOutputStream:75 - [STDERR_REDIRECT] [Fatal Error] :1:1: Premature end of file.
2025-12-13 09:45:44,048 [ERROR] LogOutputStream:75 - [STDERR_REDIRECT] 
2025-12-13 09:45:45,049 [ERROR] LogOutputStream:75 - [STDERR_REDIRECT] [Fatal Error] :1:1: Premature end of file.
2025-12-13 09:45:45,049 [ERROR] LogOutputStream:75 - [STDERR_REDIRECT] 
2025-12-13 09:45:46,042 [ERROR] LogOutputStream:75 - [STDERR_REDIRECT] [Fatal Error] :1:1: Premature end of file.
2025-12-13 09:45:46,042 [ERROR] LogOutputStream:75 - [STDERR_REDIRECT] 
2025-12-13 09:45:47,034 [ERROR] LogOutputStream:75 - [STDERR_REDIRECT] [Fatal Error] :1:1: Premature end of file.
2025-12-13 09:45:47,034 [ERROR] LogOutputStream:75 - [STDERR_REDIRECT] 
2025-12-13 09:45:48,032 [ERROR] LogOutputStream:75 - [STDERR_REDIRECT] [Fatal Error] :1:1: Premature end of file.
2025-12-13 09:45:48,032 [ERROR] LogOutputStream:75 - [STDERR_REDIRECT] 
2025-12-13 09:45:49,055 [ERROR] LogOutputStream:75 - [STDERR_REDIRECT] [Fatal Error] :1:1: Premature end of file.
2025-12-13 09:45:49,055 [ERROR] LogOutputStream:75 - [STDERR_REDIRECT] 
2025-12-13 09:45:50,034 [ERROR] LogOutputStream:75 - [STDERR_REDIRECT] [Fatal Error] :1:1: Premature end of file.
2025-12-13 09:45:50,034 [ERROR] LogOutputStream:75 - [STDERR_REDIRECT] 
2025-12-13 09:45:51,034 [ERROR] LogOutputStream:75 - [STDERR_REDIRECT] [Fatal Error] :1:1: Premature end of file.
2025-12-13 09:45:51,034 [ERROR] LogOutputStream:75 - [STDERR_REDIRECT] 
2025-12-13 09:45:52,032 [ERROR] LogOutputStream:75 - [STDERR_REDIRECT] [Fatal Error] :1:1: Premature end of file.
2025-12-13 09:45:52,032 [ERROR] LogOutputStream:75 - [STDERR_REDIRECT] 
2025-12-13 09:45:53,035 [ERROR] LogOutputStream:75 - [STDERR_REDIRECT] [Fatal Error] :1:1: Premature end of file.
2025-12-13 09:45:53,035 [ERROR] LogOutputStream:75 - [STDERR_REDIRECT] 
2025-12-13 09:45:54,036 [ERROR] LogOutputStream:75 - [STDERR_REDIRECT] [Fatal Error] :1:1: Premature end of file.
2025-12-13 09:45:54,036 [ERROR] LogOutputStream:75 - [STDERR_REDIRECT] 
2025-12-13 09:45:55,034 [ERROR] LogOutputStream:75 - [STDERR_REDIRECT] [Fatal Error] :1:1: Premature end of file.
2025-12-13 09:45:55,034 [ERROR] LogOutputStream:75 - [STDERR_REDIRECT] 
2025-12-13 09:45:56,041 [ERROR] LogOutputStream:75 - [STDERR_REDIRECT] [Fatal Error] :1:1: Premature end of file.
2025-12-13 09:45:56,041 [ERROR] LogOutputStream:75 - [STDERR_REDIRECT] 
2025-12-13 09:45:57,035 [ERROR] LogOutputStream:75 - [STDERR_REDIRECT] [Fatal Error] :1:1: Premature end of file.
2025-12-13 09:45:57,035 [ERROR] LogOutputStream:75 - [STDERR_REDIRECT] 
2025-12-13 09:45:58,051 [ERROR] LogOutputStream:75 - [STDERR_REDIRECT] [Fatal Error] :1:1: Premature end of file.
2025-12-13 09:45:58,051 [ERROR] LogOutputStream:75 - [STDERR_REDIRECT] 
2025-12-13 09:45:59,035 [ERROR] LogOutputStream:75 - [STDERR_REDIRECT] [Fatal Error] :1:1: Premature end of file.
2025-12-13 09:45:59,035 [ERROR] LogOutputStream:75 - [STDERR_REDIRECT] 
2025-12-13 09:46:00,030 [ERROR] LogOutputStream:75 - [STDERR_REDIRECT] [Fatal Error] :1:1: Premature end of file.
2025-12-13 09:46:00,031 [ERROR] LogOutputStream:75 - [STDERR_REDIRECT] 
2025-12-13 09:46:01,035 [ERROR] LogOutputStream:75 - [STDERR_REDIRECT] [Fatal Error] :1:1: Premature end of file.
2025-12-13 09:46:01,035 [ERROR] LogOutputStream:75 - [STDERR_REDIRECT] 
2025-12-13 09:46:02,032 [ERROR] LogOutputStream:75 - [STDERR_REDIRECT] [Fatal Error] :1:1: Premature end of file.
2025-12-13 09:46:02,032 [ERROR] LogOutputStream:75 - [STDERR_REDIRECT] 
2025-12-13 09:46:03,033 [ERROR] LogOutputStream:75 - [STDERR_REDIRECT] [Fatal Error] :1:1: Premature end of file.
2025-12-13 09:46:03,033 [ERROR] LogOutputStream:75 - [STDERR_REDIRECT] 
2025-12-13 09:46:04,035 [ERROR] LogOutputStream:75 - [STDERR_REDIRECT] [Fatal Error] :1:1: Premature end of file.
2025-12-13 09:46:04,035 [ERROR] LogOutputStream:75 - [STDERR_REDIRECT] 
2025-12-13 09:46:05,034 [ERROR] LogOutputStream:75 - [STDERR_REDIRECT] [Fatal Error] :1:1: Premature end of file.
2025-12-13 09:46:05,034 [ERROR] LogOutputStream:75 - [STDERR_REDIRECT] 
2025-12-13 09:46:06,026 [ERROR] LogOutputStream:75 - [STDERR_REDIRECT] [Fatal Error] :1:1: Premature end of file.
2025-12-13 09:46:06,026 [ERROR] LogOutputStream:75 - [STDERR_REDIRECT] 
2025-12-13 09:46:07,034 [ERROR] LogOutputStream:75 - [STDERR_REDIRECT] [Fatal Error] :1:1: Premature end of file.
2025-12-13 09:46:07,034 [ERROR] LogOutputStream:75 - [STDERR_REDIRECT] 
2025-12-13 09:46:08,035 [ERROR] LogOutputStream:75 - [STDERR_REDIRECT] [Fatal Error] :1:1: Premature end of file.
2025-12-13 09:46:08,035 [ERROR] LogOutputStream:75 - [STDERR_REDIRECT] 
2025-12-13 09:46:09,045 [ERROR] LogOutputStream:75 - [STDERR_REDIRECT] [Fatal Error] :1:1: Premature end of file.
2025-12-13 09:46:09,045 [ERROR] LogOutputStream:75 - [STDERR_REDIRECT] 
2025-12-13 09:46:10,029 [ERROR] LogOutputStream:75 - [STDERR_REDIRECT] [Fatal Error] :1:1: Premature end of file.
2025-12-13 09:46:10,029 [ERROR] LogOutputStream:75 - [STDERR_REDIRECT] 
2025-12-13 09:46:11,034 [ERROR] LogOutputStream:75 - [STDERR_REDIRECT] [Fatal Error] :1:1: Premature end of file.
2025-12-13 09:46:11,034 [ERROR] LogOutputStream:75 - [STDERR_REDIRECT] 
2025-12-13 09:46:12,036 [ERROR] LogOutputStream:75 - [STDERR_REDIRECT] [Fatal Error] :1:1: Premature end of file.
2025-12-13 09:46:12,036 [ERROR] LogOutputStream:75 - [STDERR_REDIRECT] 
2025-12-13 09:46:13,026 [ERROR] LogOutputStream:75 - [STDERR_REDIRECT] [Fatal Error] :1:1: Premature end of file.
2025-12-13 09:46:13,026 [ERROR] LogOutputStream:75 - [STDERR_REDIRECT] 
2025-12-13 09:46:14,024 [ERROR] LogOutputStream:75 - [STDERR_REDIRECT] [Fatal Error] :1:1: Premature end of file.
2025-12-13 09:46:14,024 [ERROR] LogOutputStream:75 - [STDERR_REDIRECT] 
2025-12-13 09:46:15,034 [ERROR] LogOutputStream:75 - [STDERR_REDIRECT] [Fatal Error] :1:1: Premature end of file.
2025-12-13 09:46:15,035 [ERROR] LogOutputStream:75 - [STDERR_REDIRECT] 
2025-12-13 09:46:16,034 [ERROR] LogOutputStream:75 - [STDERR_REDIRECT] [Fatal Error] :1:1: Premature end of file.
2025-12-13 09:46:16,034 [ERROR] LogOutputStream:75 - [STDERR_REDIRECT] 
2025-12-13 09:46:17,037 [ERROR] LogOutputStream:75 - [STDERR_REDIRECT] [Fatal Error] :1:1: Premature end of file.
2025-12-13 09:46:17,037 [ERROR] LogOutputStream:75 - [STDERR_REDIRECT] 
2025-12-13 09:46:18,034 [ERROR] LogOutputStream:75 - [STDERR_REDIRECT] [Fatal Error] :1:1: Premature end of file.
2025-12-13 09:46:18,034 [ERROR] LogOutputStream:75 - [STDERR_REDIRECT] 
2025-12-13 09:46:19,034 [ERROR] LogOutputStream:75 - [STDERR_REDIRECT] [Fatal Error] :1:1: Premature end of file.
2025-12-13 09:46:19,034 [ERROR] LogOutputStream:75 - [STDERR_REDIRECT] 
2025-12-13 09:46:20,049 [ERROR] LogOutputStream:75 - [STDERR_REDIRECT] [Fatal Error] :1:1: Premature end of file.
2025-12-13 09:46:20,049 [ERROR] LogOutputStream:75 - [STDERR_REDIRECT] 
2025-12-13 09:46:21,034 [ERROR] LogOutputStream:75 - [STDERR_REDIRECT] [Fatal Error] :1:1: Premature end of file.
2025-12-13 09:46:21,034 [ERROR] LogOutputStream:75 - [STDERR_REDIRECT] 
2025-12-13 09:46:22,034 [ERROR] LogOutputStream:75 - [STDERR_REDIRECT] [Fatal Error] :1:1: Premature end of file.
2025-12-13 09:46:22,034 [ERROR] LogOutputStream:75 - [STDERR_REDIRECT] 
2025-12-13 09:46:23,035 [ERROR] LogOutputStream:75 - [STDERR_REDIRECT] [Fatal Error] :1:1: Premature end of file.
2025-12-13 09:46:23,035 [ERROR] LogOutputStream:75 - [STDERR_REDIRECT] 
2025-12-13 09:46:24,033 [ERROR] LogOutputStream:75 - [STDERR_REDIRECT] [Fatal Error] :1:1: Premature end of file.
2025-12-13 09:46:24,033 [ERROR] LogOutputStream:75 - [STDERR_REDIRECT] 
2025-12-13 09:46:25,034 [ERROR] LogOutputStream:75 - [STDERR_REDIRECT] [Fatal Error] :1:1: Premature end of file.
2025-12-13 09:46:25,034 [ERROR] LogOutputStream:75 - [STDERR_REDIRECT] 
2025-12-13 09:46:26,034 [ERROR] LogOutputStream:75 - [STDERR_REDIRECT] [Fatal Error] :1:1: Premature end of file.
2025-12-13 09:46:26,034 [ERROR] LogOutputStream:75 - [STDERR_REDIRECT] 
2025-12-13 09:46:27,033 [ERROR] LogOutputStream:75 - [STDERR_REDIRECT] [Fatal Error] :1:1: Premature end of file.
2025-12-13 09:46:27,035 [ERROR] LogOutputStream:75 - [STDERR_REDIRECT] 
2025-12-13 09:46:28,030 [ERROR] LogOutputStream:75 - [STDERR_REDIRECT] [Fatal Error] :1:1: Premature end of file.
2025-12-13 09:46:28,030 [ERROR] LogOutputStream:75 - [STDERR_REDIRECT] 
2025-12-13 09:46:29,032 [ERROR] LogOutputStream:75 - [STDERR_REDIRECT] [Fatal Error] :1:1: Premature end of file.
2025-12-13 09:46:29,032 [ERROR] LogOutputStream:75 - [STDERR_REDIRECT] 
2025-12-13 09:46:30,031 [ERROR] LogOutputStream:75 - [STDERR_REDIRECT] [Fatal Error] :1:1: Premature end of file.
2025-12-13 09:46:30,031 [ERROR] LogOutputStream:75 - [STDERR_REDIRECT] 
2025-12-13 09:46:31,034 [ERROR] LogOutputStream:75 - [STDERR_REDIRECT] [Fatal Error] :1:1: Premature end of file.
2025-12-13 09:46:31,034 [ERROR] LogOutputStream:75 - [STDERR_REDIRECT] 
2025-12-13 09:46:32,044 [ERROR] LogOutputStream:75 - [STDERR_REDIRECT] [Fatal Error] :1:1: Premature end of file.
2025-12-13 09:46:32,044 [ERROR] LogOutputStream:75 - [STDERR_REDIRECT] 
2025-12-13 09:46:33,034 [ERROR] LogOutputStream:75 - [STDERR_REDIRECT] [Fatal Error] :1:1: Premature end of file.
2025-12-13 09:46:33,034 [ERROR] LogOutputStream:75 - [STDERR_REDIRECT] 
2025-12-13 09:46:34,034 [ERROR] LogOutputStream:75 - [STDERR_REDIRECT] [Fatal Error] :1:1: Premature end of file.
2025-12-13 09:46:34,034 [ERROR] LogOutputStream:75 - [STDERR_REDIRECT] 
2025-12-13 09:46:35,050 [ERROR] LogOutputStream:75 - [STDERR_REDIRECT] [Fatal Error] :1:1: Premature end of file.
2025-12-13 09:46:35,050 [ERROR] LogOutputStream:75 - [STDERR_REDIRECT] 
2025-12-13 09:46:36,033 [ERROR] LogOutputStream:75 - [STDERR_REDIRECT] [Fatal Error] :1:1: Premature end of file.
2025-12-13 09:46:36,033 [ERROR] LogOutputStream:75 - [STDERR_REDIRECT] 
2025-12-13 09:46:37,034 [ERROR] LogOutputStream:75 - [STDERR_REDIRECT] [Fatal Error] :1:1: Premature end of file.
2025-12-13 09:46:37,034 [ERROR] LogOutputStream:75 - [STDERR_REDIRECT] 
2025-12-13 09:46:38,032 [ERROR] LogOutputStream:75 - [STDERR_REDIRECT] [Fatal Error] :1:1: Premature end of file.
2025-12-13 09:46:38,032 [ERROR] LogOutputStream:75 - [STDERR_REDIRECT] 
2025-12-13 09:46:39,033 [ERROR] LogOutputStream:75 - [STDERR_REDIRECT] [Fatal Error] :1:1: Premature end of file.
2025-12-13 09:46:39,033 [ERROR] LogOutputStream:75 - [STDERR_REDIRECT] 
2025-12-13 09:46:40,032 [ERROR] LogOutputStream:75 - [STDERR_REDIRECT] [Fatal Error] :1:1: Premature end of file.
2025-12-13 09:46:40,032 [ERROR] LogOutputStream:75 - [STDERR_REDIRECT] 
2025-12-13 09:46:41,032 [ERROR] LogOutputStream:75 - [STDERR_REDIRECT] [Fatal Error] :1:1: Premature end of file.
2025-12-13 09:46:41,032 [ERROR] LogOutputStream:75 - [STDERR_REDIRECT] 
2025-12-13 09:46:42,035 [ERROR] LogOutputStream:75 - [STDERR_REDIRECT] [Fatal Error] :1:1: Premature end of file.
2025-12-13 09:46:42,035 [ERROR] LogOutputStream:75 - [STDERR_REDIRECT] 
2025-12-13 09:46:43,034 [ERROR] LogOutputStream:75 - [STDERR_REDIRECT] [Fatal Error] :1:1: Premature end of file.
2025-12-13 09:46:43,034 [ERROR] LogOutputStream:75 - [STDERR_REDIRECT] 
2025-12-13 09:46:44,035 [ERROR] LogOutputStream:75 - [STDERR_REDIRECT] [Fatal Error] :1:1: Premature end of file.
2025-12-13 09:46:44,035 [ERROR] LogOutputStream:75 - [STDERR_REDIRECT] 
2025-12-13 09:46:45,033 [ERROR] LogOutputStream:75 - [STDERR_REDIRECT] [Fatal Error] :1:1: Premature end of file.
2025-12-13 09:46:45,034 [ERROR] LogOutputStream:75 - [STDERR_REDIRECT] 
2025-12-13 09:46:46,035 [ERROR] LogOutputStream:75 - [STDERR_REDIRECT] [Fatal Error] :1:1: Premature end of file.
2025-12-13 09:46:46,035 [ERROR] LogOutputStream:75 - [STDERR_REDIRECT] 
2025-12-13 09:46:47,032 [ERROR] LogOutputStream:75 - [STDERR_REDIRECT] [Fatal Error] :1:1: Premature end of file.
2025-12-13 09:46:47,032 [ERROR] LogOutputStream:75 - [STDERR_REDIRECT] 
2025-12-13 09:46:48,035 [ERROR] LogOutputStream:75 - [STDERR_REDIRECT] [Fatal Error] :1:1: Premature end of file.
2025-12-13 09:46:48,035 [ERROR] LogOutputStream:75 - [STDERR_REDIRECT] 
2025-12-13 09:46:49,033 [ERROR] LogOutputStream:75 - [STDERR_REDIRECT] [Fatal Error] :1:1: Premature end of file.
2025-12-13 09:46:49,033 [ERROR] LogOutputStream:75 - [STDERR_REDIRECT] 
2025-12-13 09:46:50,059 [ERROR] LogOutputStream:75 - [STDERR_REDIRECT] [Fatal Error] :1:1: Premature end of file.
2025-12-13 09:46:50,059 [ERROR] LogOutputStream:75 - [STDERR_REDIRECT] 
2025-12-13 09:46:51,035 [ERROR] LogOutputStream:75 - [STDERR_REDIRECT] [Fatal Error] :1:1: Premature end of file.
2025-12-13 09:46:51,035 [ERROR] LogOutputStream:75 - [STDERR_REDIRECT] 
2025-12-13 09:46:52,033 [ERROR] LogOutputStream:75 - [STDERR_REDIRECT] [Fatal Error] :1:1: Premature end of file.
2025-12-13 09:46:52,033 [ERROR] LogOutputStream:75 - [STDERR_REDIRECT] 
2025-12-13 09:46:53,034 [ERROR] LogOutputStream:75 - [STDERR_REDIRECT] [Fatal Error] :1:1: Premature end of file.
2025-12-13 09:46:53,034 [ERROR] LogOutputStream:75 - [STDERR_REDIRECT] 
2025-12-13 09:46:54,035 [ERROR] LogOutputStream:75 - [STDERR_REDIRECT] [Fatal Error] :1:1: Premature end of file.
2025-12-13 09:46:54,035 [ERROR] LogOutputStream:75 - [STDERR_REDIRECT] 
2025-12-13 09:46:55,043 [ERROR] LogOutputStream:75 - [STDERR_REDIRECT] [Fatal Error] :1:1: Premature end of file.
2025-12-13 09:46:55,043 [ERROR] LogOutputStream:75 - [STDERR_REDIRECT] 
2025-12-13 09:46:56,046 [ERROR] LogOutputStream:75 - [STDERR_REDIRECT] [Fatal Error] :1:1: Premature end of file.
2025-12-13 09:46:56,046 [ERROR] LogOutputStream:75 - [STDERR_REDIRECT] 
2025-12-13 09:46:57,035 [ERROR] LogOutputStream:75 - [STDERR_REDIRECT] [Fatal Error] :1:1: Premature end of file.
2025-12-13 09:46:57,035 [ERROR] LogOutputStream:75 - [STDERR_REDIRECT] 
2025-12-13 09:46:58,035 [ERROR] LogOutputStream:75 - [STDERR_REDIRECT] [Fatal Error] :1:1: Premature end of file.
2025-12-13 09:46:58,035 [ERROR] LogOutputStream:75 - [STDERR_REDIRECT] 
2025-12-13 09:46:59,026 [ERROR] LogOutputStream:75 - [STDERR_REDIRECT] [Fatal Error] :1:1: Premature end of file.
2025-12-13 09:46:59,026 [ERROR] LogOutputStream:75 - [STDERR_REDIRECT] 
2025-12-13 09:47:00,033 [ERROR] LogOutputStream:75 - [STDERR_REDIRECT] [Fatal Error] :1:1: Premature end of file.
2025-12-13 09:47:00,033 [ERROR] LogOutputStream:75 - [STDERR_REDIRECT] 
2025-12-13 09:47:01,034 [ERROR] LogOutputStream:75 - [STDERR_REDIRECT] [Fatal Error] :1:1: Premature end of file.
2025-12-13 09:47:01,034 [ERROR] LogOutputStream:75 - [STDERR_REDIRECT] 
2025-12-13 09:47:02,033 [ERROR] LogOutputStream:75 - [STDERR_REDIRECT] [Fatal Error] :1:1: Premature end of file.
2025-12-13 09:47:02,033 [ERROR] LogOutputStream:75 - [STDERR_REDIRECT] 
2025-12-13 09:47:03,052 [ERROR] LogOutputStream:75 - [STDERR_REDIRECT] [Fatal Error] :1:1: Premature end of file.
2025-12-13 09:47:03,052 [ERROR] LogOutputStream:75 - [STDERR_REDIRECT] 
2025-12-13 09:47:04,035 [ERROR] LogOutputStream:75 - [STDERR_REDIRECT] [Fatal Error] :1:1: Premature end of file.
2025-12-13 09:47:04,035 [ERROR] LogOutputStream:75 - [STDERR_REDIRECT] 
2025-12-13 09:47:05,035 [ERROR] LogOutputStream:75 - [STDERR_REDIRECT] [Fatal Error] :1:1: Premature end of file.
2025-12-13 09:47:05,035 [ERROR] LogOutputStream:75 - [STDERR_REDIRECT] 
2025-12-13 09:47:06,035 [ERROR] LogOutputStream:75 - [STDERR_REDIRECT] [Fatal Error] :1:1: Premature end of file.
2025-12-13 09:47:06,035 [ERROR] LogOutputStream:75 - [STDERR_REDIRECT] 
2025-12-13 09:47:07,034 [ERROR] LogOutputStream:75 - [STDERR_REDIRECT] [Fatal Error] :1:1: Premature end of file.
2025-12-13 09:47:07,034 [ERROR] LogOutputStream:75 - [STDERR_REDIRECT] 
2025-12-13 09:47:08,036 [ERROR] LogOutputStream:75 - [STDERR_REDIRECT] [Fatal Error] :1:1: Premature end of file.
2025-12-13 09:47:08,036 [ERROR] LogOutputStream:75 - [STDERR_REDIRECT] 
2025-12-13 09:47:09,035 [ERROR] LogOutputStream:75 - [STDERR_REDIRECT] [Fatal Error] :1:1: Premature end of file.
2025-12-13 09:47:09,035 [ERROR] LogOutputStream:75 - [STDERR_REDIRECT] 
2025-12-13 09:47:10,033 [ERROR] LogOutputStream:75 - [STDERR_REDIRECT] [Fatal Error] :1:1: Premature end of file.
2025-12-13 09:47:10,033 [ERROR] LogOutputStream:75 - [STDERR_REDIRECT] 
2025-12-13 09:47:11,035 [ERROR] LogOutputStream:75 - [STDERR_REDIRECT] [Fatal Error] :1:1: Premature end of file.
2025-12-13 09:47:11,035 [ERROR] LogOutputStream:75 - [STDERR_REDIRECT] 
2025-12-13 09:47:12,033 [ERROR] LogOutputStream:75 - [STDERR_REDIRECT] [Fatal Error] :1:1: Premature end of file.
2025-12-13 09:47:12,033 [ERROR] LogOutputStream:75 - [STDERR_REDIRECT] 
2025-12-13 09:47:13,035 [ERROR] LogOutputStream:75 - [STDERR_REDIRECT] [Fatal Error] :1:1: Premature end of file.
2025-12-13 09:47:13,035 [ERROR] LogOutputStream:75 - [STDERR_REDIRECT] 
2025-12-13 09:47:14,034 [ERROR] LogOutputStream:75 - [STDERR_REDIRECT] [Fatal Error] :1:1: Premature end of file.
2025-12-13 09:47:14,034 [ERROR] LogOutputStream:75 - [STDERR_REDIRECT] 
2025-12-13 09:47:15,035 [ERROR] LogOutputStream:75 - [STDERR_REDIRECT] [Fatal Error] :1:1: Premature end of file.
2025-12-13 09:47:15,035 [ERROR] LogOutputStream:75 - [STDERR_REDIRECT] 
2025-12-13 09:47:16,033 [ERROR] LogOutputStream:75 - [STDERR_REDIRECT] [Fatal Error] :1:1: Premature end of file.
2025-12-13 09:47:16,033 [ERROR] LogOutputStream:75 - [STDERR_REDIRECT] 
2025-12-13 09:47:17,034 [ERROR] LogOutputStream:75 - [STDERR_REDIRECT] [Fatal Error] :1:1: Premature end of file.
2025-12-13 09:47:17,034 [ERROR] LogOutputStream:75 - [STDERR_REDIRECT] 
2025-12-13 09:47:18,032 [ERROR] LogOutputStream:75 - [STDERR_REDIRECT] [Fatal Error] :1:1: Premature end of file.
2025-12-13 09:47:18,032 [ERROR] LogOutputStream:75 - [STDERR_REDIRECT] 
2025-12-13 09:47:19,034 [ERROR] LogOutputStream:75 - [STDERR_REDIRECT] [Fatal Error] :1:1: Premature end of file.
2025-12-13 09:47:19,034 [ERROR] LogOutputStream:75 - [STDERR_REDIRECT] 
2025-12-13 09:47:20,034 [ERROR] LogOutputStream:75 - [STDERR_REDIRECT] [Fatal Error] :1:1: Premature end of file.
2025-12-13 09:47:20,034 [ERROR] LogOutputStream:75 - [STDERR_REDIRECT] 
2025-12-13 09:47:21,035 [ERROR] LogOutputStream:75 - [STDERR_REDIRECT] [Fatal Error] :1:1: Premature end of file.
2025-12-13 09:47:21,035 [ERROR] LogOutputStream:75 - [STDERR_REDIRECT] 
2025-12-13 09:47:22,034 [ERROR] LogOutputStream:75 - [STDERR_REDIRECT] [Fatal Error] :1:1: Premature end of file.
2025-12-13 09:47:22,034 [ERROR] LogOutputStream:75 - [STDERR_REDIRECT] 
2025-12-13 09:47:23,033 [ERROR] LogOutputStream:75 - [STDERR_REDIRECT] [Fatal Error] :1:1: Premature end of file.
2025-12-13 09:47:23,033 [ERROR] LogOutputStream:75 - [STDERR_REDIRECT] 
2025-12-13 09:47:24,035 [ERROR] LogOutputStream:75 - [STDERR_REDIRECT] [Fatal Error] :1:1: Premature end of file.
2025-12-13 09:47:24,036 [ERROR] LogOutputStream:75 - [STDERR_REDIRECT] 
2025-12-13 09:47:25,034 [ERROR] LogOutputStream:75 - [STDERR_REDIRECT] [Fatal Error] :1:1: Premature end of file.
2025-12-13 09:47:25,034 [ERROR] LogOutputStream:75 - [STDERR_REDIRECT] 
2025-12-13 09:47:26,033 [ERROR] LogOutputStream:75 - [STDERR_REDIRECT] [Fatal Error] :1:1: Premature end of file.
2025-12-13 09:47:26,033 [ERROR] LogOutputStream:75 - [STDERR_REDIRECT] 
2025-12-13 09:47:27,035 [ERROR] LogOutputStream:75 - [STDERR_REDIRECT] [Fatal Error] :1:1: Premature end of file.
2025-12-13 09:47:27,035 [ERROR] LogOutputStream:75 - [STDERR_REDIRECT] 
2025-12-13 09:47:28,033 [ERROR] LogOutputStream:75 - [STDERR_REDIRECT] [Fatal Error] :1:1: Premature end of file.
2025-12-13 09:47:28,033 [ERROR] LogOutputStream:75 - [STDERR_REDIRECT] 
2025-12-13 09:47:29,037 [ERROR] LogOutputStream:75 - [STDERR_REDIRECT] [Fatal Error] :1:1: Premature end of file.
2025-12-13 09:47:29,037 [ERROR] LogOutputStream:75 - [STDERR_REDIRECT] 
2025-12-13 09:47:30,035 [ERROR] LogOutputStream:75 - [STDERR_REDIRECT] [Fatal Error] :1:1: Premature end of file.
2025-12-13 09:47:30,035 [ERROR] LogOutputStream:75 - [STDERR_REDIRECT] 
2025-12-13 09:47:31,035 [ERROR] LogOutputStream:75 - [STDERR_REDIRECT] [Fatal Error] :1:1: Premature end of file.
2025-12-13 09:47:31,035 [ERROR] LogOutputStream:75 - [STDERR_REDIRECT] 
2025-12-13 09:47:32,034 [ERROR] LogOutputStream:75 - [STDERR_REDIRECT] [Fatal Error] :1:1: Premature end of file.
2025-12-13 09:47:32,035 [ERROR] LogOutputStream:75 - [STDERR_REDIRECT] 
2025-12-13 09:47:33,036 [ERROR] LogOutputStream:75 - [STDERR_REDIRECT] [Fatal Error] :1:1: Premature end of file.
2025-12-13 09:47:33,036 [ERROR] LogOutputStream:75 - [STDERR_REDIRECT] 
2025-12-13 09:47:34,034 [ERROR] LogOutputStream:75 - [STDERR_REDIRECT] [Fatal Error] :1:1: Premature end of file.
2025-12-13 09:47:34,034 [ERROR] LogOutputStream:75 - [STDERR_REDIRECT] 
2025-12-13 09:47:35,050 [ERROR] LogOutputStream:75 - [STDERR_REDIRECT] [Fatal Error] :1:1: Premature end of file.
2025-12-13 09:47:35,050 [ERROR] LogOutputStream:75 - [STDERR_REDIRECT] 
2025-12-13 09:47:36,035 [ERROR] LogOutputStream:75 - [STDERR_REDIRECT] [Fatal Error] :1:1: Premature end of file.
2025-12-13 09:47:36,035 [ERROR] LogOutputStream:75 - [STDERR_REDIRECT] 
2025-12-13 09:47:37,044 [ERROR] LogOutputStream:75 - [STDERR_REDIRECT] [Fatal Error] :1:1: Premature end of file.
2025-12-13 09:47:37,044 [ERROR] LogOutputStream:75 - [STDERR_REDIRECT] 
2025-12-13 09:47:38,033 [ERROR] LogOutputStream:75 - [STDERR_REDIRECT] [Fatal Error] :1:1: Premature end of file.
2025-12-13 09:47:38,033 [ERROR] LogOutputStream:75 - [STDERR_REDIRECT] 
2025-12-13 09:47:39,035 [ERROR] LogOutputStream:75 - [STDERR_REDIRECT] [Fatal Error] :1:1: Premature end of file.
2025-12-13 09:47:39,035 [ERROR] LogOutputStream:75 - [STDERR_REDIRECT] 
2025-12-13 09:47:40,032 [ERROR] LogOutputStream:75 - [STDERR_REDIRECT] [Fatal Error] :1:1: Premature end of file.
2025-12-13 09:47:40,032 [ERROR] LogOutputStream:75 - [STDERR_REDIRECT] 
2025-12-13 09:47:41,043 [ERROR] LogOutputStream:75 - [STDERR_REDIRECT] [Fatal Error] :1:1: Premature end of file.
2025-12-13 09:47:41,043 [ERROR] LogOutputStream:75 - [STDERR_REDIRECT] 
2025-12-13 09:47:42,034 [ERROR] LogOutputStream:75 - [STDERR_REDIRECT] [Fatal Error] :1:1: Premature end of file.
2025-12-13 09:47:42,034 [ERROR] LogOutputStream:75 - [STDERR_REDIRECT] 
2025-12-13 09:47:43,028 [ERROR] LogOutputStream:75 - [STDERR_REDIRECT] [Fatal Error] :1:1: Premature end of file.
2025-12-13 09:47:43,028 [ERROR] LogOutputStream:75 - [STDERR_REDIRECT] 
2025-12-13 09:47:44,035 [ERROR] LogOutputStream:75 - [STDERR_REDIRECT] [Fatal Error] :1:1: Premature end of file.
2025-12-13 09:47:44,035 [ERROR] LogOutputStream:75 - [STDERR_REDIRECT] 
2025-12-13 09:47:45,035 [ERROR] LogOutputStream:75 - [STDERR_REDIRECT] [Fatal Error] :1:1: Premature end of file.
2025-12-13 09:47:45,035 [ERROR] LogOutputStream:75 - [STDERR_REDIRECT] 
2025-12-13 09:47:46,034 [ERROR] LogOutputStream:75 - [STDERR_REDIRECT] [Fatal Error] :1:1: Premature end of file.
2025-12-13 09:47:46,034 [ERROR] LogOutputStream:75 - [STDERR_REDIRECT] 
2025-12-13 09:47:47,032 [ERROR] LogOutputStream:75 - [STDERR_REDIRECT] [Fatal Error] :1:1: Premature end of file.
2025-12-13 09:47:47,032 [ERROR] LogOutputStream:75 - [STDERR_REDIRECT] 
2025-12-13 09:47:48,034 [ERROR] LogOutputStream:75 - [STDERR_REDIRECT] [Fatal Error] :1:1: Premature end of file.
2025-12-13 09:47:48,034 [ERROR] LogOutputStream:75 - [STDERR_REDIRECT] 
2025-12-13 09:47:49,033 [ERROR] LogOutputStream:75 - [STDERR_REDIRECT] [Fatal Error] :1:1: Premature end of file.
2025-12-13 09:47:49,033 [ERROR] LogOutputStream:75 - [STDERR_REDIRECT] 
2025-12-13 09:47:50,034 [ERROR] LogOutputStream:75 - [STDERR_REDIRECT] [Fatal Error] :1:1: Premature end of file.
2025-12-13 09:47:50,034 [ERROR] LogOutputStream:75 - [STDERR_REDIRECT] 
2025-12-13 09:47:51,035 [ERROR] LogOutputStream:75 - [STDERR_REDIRECT] [Fatal Error] :1:1: Premature end of file.
2025-12-13 09:47:51,035 [ERROR] LogOutputStream:75 - [STDERR_REDIRECT] 
2025-12-13 09:47:52,042 [ERROR] LogOutputStream:75 - [STDERR_REDIRECT] [Fatal Error] :1:1: Premature end of file.
2025-12-13 09:47:52,042 [ERROR] LogOutputStream:75 - [STDERR_REDIRECT] 
2025-12-13 09:47:53,032 [ERROR] LogOutputStream:75 - [STDERR_REDIRECT] [Fatal Error] :1:1: Premature end of file.
2025-12-13 09:47:53,032 [ERROR] LogOutputStream:75 - [STDERR_REDIRECT] 
2025-12-13 09:47:54,034 [ERROR] LogOutputStream:75 - [STDERR_REDIRECT] [Fatal Error] :1:1: Premature end of file.
2025-12-13 09:47:54,034 [ERROR] LogOutputStream:75 - [STDERR_REDIRECT] 
2025-12-13 09:47:55,033 [ERROR] LogOutputStream:75 - [STDERR_REDIRECT] [Fatal Error] :1:1: Premature end of file.
2025-12-13 09:47:55,033 [ERROR] LogOutputStream:75 - [STDERR_REDIRECT] 
2025-12-13 09:47:56,035 [ERROR] LogOutputStream:75 - [STDERR_REDIRECT] [Fatal Error] :1:1: Premature end of file.
2025-12-13 09:47:56,035 [ERROR] LogOutputStream:75 - [STDERR_REDIRECT] 
2025-12-13 09:47:57,035 [ERROR] LogOutputStream:75 - [STDERR_REDIRECT] [Fatal Error] :1:1: Premature end of file.
2025-12-13 09:47:57,035 [ERROR] LogOutputStream:75 - [STDERR_REDIRECT] 
2025-12-13 09:47:58,024 [ERROR] LogOutputStream:75 - [STDERR_REDIRECT] [Fatal Error] :1:1: Premature end of file.
2025-12-13 09:47:58,024 [ERROR] LogOutputStream:75 - [STDERR_REDIRECT] 
2025-12-13 09:47:59,024 [ERROR] LogOutputStream:75 - [STDERR_REDIRECT] [Fatal Error] :1:1: Premature end of file.
2025-12-13 09:47:59,024 [ERROR] LogOutputStream:75 - [STDERR_REDIRECT] 
2025-12-13 09:48:00,033 [ERROR] LogOutputStream:75 - [STDERR_REDIRECT] [Fatal Error] :1:1: Premature end of file.
2025-12-13 09:48:00,033 [ERROR] LogOutputStream:75 - [STDERR_REDIRECT] 
2025-12-13 09:48:01,035 [ERROR] LogOutputStream:75 - [STDERR_REDIRECT] [Fatal Error] :1:1: Premature end of file.
2025-12-13 09:48:01,035 [ERROR] LogOutputStream:75 - [STDERR_REDIRECT] 
2025-12-13 09:48:02,034 [ERROR] LogOutputStream:75 - [STDERR_REDIRECT] [Fatal Error] :1:1: Premature end of file.
2025-12-13 09:48:02,034 [ERROR] LogOutputStream:75 - [STDERR_REDIRECT] 
2025-12-13 09:48:03,035 [ERROR] LogOutputStream:75 - [STDERR_REDIRECT] [Fatal Error] :1:1: Premature end of file.
2025-12-13 09:48:03,035 [ERROR] LogOutputStream:75 - [STDERR_REDIRECT] 
2025-12-13 09:48:04,037 [ERROR] LogOutputStream:75 - [STDERR_REDIRECT] [Fatal Error] :1:1: Premature end of file.
2025-12-13 09:48:04,037 [ERROR] LogOutputStream:75 - [STDERR_REDIRECT] 
2025-12-13 09:48:05,033 [ERROR] LogOutputStream:75 - [STDERR_REDIRECT] [Fatal Error] :1:1: Premature end of file.
2025-12-13 09:48:05,035 [ERROR] LogOutputStream:75 - [STDERR_REDIRECT] 
2025-12-13 09:48:06,034 [ERROR] LogOutputStream:75 - [STDERR_REDIRECT] [Fatal Error] :1:1: Premature end of file.
2025-12-13 09:48:06,034 [ERROR] LogOutputStream:75 - [STDERR_REDIRECT] 
2025-12-13 09:48:07,033 [ERROR] LogOutputStream:75 - [STDERR_REDIRECT] [Fatal Error] :1:1: Premature end of file.
2025-12-13 09:48:07,033 [ERROR] LogOutputStream:75 - [STDERR_REDIRECT] 
2025-12-13 09:48:08,034 [ERROR] LogOutputStream:75 - [STDERR_REDIRECT] [Fatal Error] :1:1: Premature end of file.
2025-12-13 09:48:08,034 [ERROR] LogOutputStream:75 - [STDERR_REDIRECT] 
2025-12-13 09:48:09,031 [ERROR] LogOutputStream:75 - [STDERR_REDIRECT] [Fatal Error] :1:1: Premature end of file.
2025-12-13 09:48:09,031 [ERROR] LogOutputStream:75 - [STDERR_REDIRECT] 
2025-12-13 09:48:10,024 [ERROR] LogOutputStream:75 - [STDERR_REDIRECT] [Fatal Error] :1:1: Premature end of file.
2025-12-13 09:48:10,024 [ERROR] LogOutputStream:75 - [STDERR_REDIRECT] 
2025-12-13 09:48:11,035 [ERROR] LogOutputStream:75 - [STDERR_REDIRECT] [Fatal Error] :1:1: Premature end of file.
2025-12-13 09:48:11,035 [ERROR] LogOutputStream:75 - [STDERR_REDIRECT] 
2025-12-13 09:48:12,034 [ERROR] LogOutputStream:75 - [STDERR_REDIRECT] [Fatal Error] :1:1: Premature end of file.
2025-12-13 09:48:12,034 [ERROR] LogOutputStream:75 - [STDERR_REDIRECT] 
2025-12-13 09:48:13,034 [ERROR] LogOutputStream:75 - [STDERR_REDIRECT] [Fatal Error] :1:1: Premature end of file.
2025-12-13 09:48:13,034 [ERROR] LogOutputStream:75 - [STDERR_REDIRECT] 
2025-12-13 09:48:14,035 [ERROR] LogOutputStream:75 - [STDERR_REDIRECT] [Fatal Error] :1:1: Premature end of file.
2025-12-13 09:48:14,035 [ERROR] LogOutputStream:75 - [STDERR_REDIRECT] 
2025-12-13 09:48:15,035 [ERROR] LogOutputStream:75 - [STDERR_REDIRECT] [Fatal Error] :1:1: Premature end of file.
2025-12-13 09:48:15,035 [ERROR] LogOutputStream:75 - [STDERR_REDIRECT] 
2025-12-13 09:48:16,024 [ERROR] LogOutputStream:75 - [STDERR_REDIRECT] [Fatal Error] :1:1: Premature end of file.
2025-12-13 09:48:16,024 [ERROR] LogOutputStream:75 - [STDERR_REDIRECT] 
2025-12-13 09:48:17,023 [ERROR] LogOutputStream:75 - [STDERR_REDIRECT] [Fatal Error] :1:1: Premature end of file.
2025-12-13 09:48:17,024 [ERROR] LogOutputStream:75 - [STDERR_REDIRECT] 
2025-12-13 09:48:18,041 [ERROR] LogOutputStream:75 - [STDERR_REDIRECT] [Fatal Error] :1:1: Premature end of file.
2025-12-13 09:48:18,041 [ERROR] LogOutputStream:75 - [STDERR_REDIRECT] 
2025-12-13 09:48:19,025 [ERROR] LogOutputStream:75 - [STDERR_REDIRECT] [Fatal Error] :1:1: Premature end of file.
2025-12-13 09:48:19,025 [ERROR] LogOutputStream:75 - [STDERR_REDIRECT] 
2025-12-13 09:48:20,024 [ERROR] LogOutputStream:75 - [STDERR_REDIRECT] [Fatal Error] :1:1: Premature end of file.
2025-12-13 09:48:20,024 [ERROR] LogOutputStream:75 - [STDERR_REDIRECT] 
2025-12-13 09:48:21,043 [ERROR] LogOutputStream:75 - [STDERR_REDIRECT] [Fatal Error] :1:1: Premature end of file.
2025-12-13 09:48:21,043 [ERROR] LogOutputStream:75 - [STDERR_REDIRECT] 
2025-12-13 09:48:22,031 [ERROR] LogOutputStream:75 - [STDERR_REDIRECT] [Fatal Error] :1:1: Premature end of file.
2025-12-13 09:48:22,032 [ERROR] LogOutputStream:75 - [STDERR_REDIRECT] 
2025-12-13 09:48:23,033 [ERROR] LogOutputStream:75 - [STDERR_REDIRECT] [Fatal Error] :1:1: Premature end of file.
2025-12-13 09:48:23,033 [ERROR] LogOutputStream:75 - [STDERR_REDIRECT] 
2025-12-13 09:48:24,025 [ERROR] LogOutputStream:75 - [STDERR_REDIRECT] [Fatal Error] :1:1: Premature end of file.
2025-12-13 09:48:24,025 [ERROR] LogOutputStream:75 - [STDERR_REDIRECT] 
2025-12-13 09:48:25,023 [ERROR] LogOutputStream:75 - [STDERR_REDIRECT] [Fatal Error] :1:1: Premature end of file.
2025-12-13 09:48:25,023 [ERROR] LogOutputStream:75 - [STDERR_REDIRECT] 
2025-12-13 09:48:26,035 [ERROR] LogOutputStream:75 - [STDERR_REDIRECT] [Fatal Error] :1:1: Premature end of file.
2025-12-13 09:48:26,035 [ERROR] LogOutputStream:75 - [STDERR_REDIRECT] 
2025-12-13 09:48:27,029 [ERROR] LogOutputStream:75 - [STDERR_REDIRECT] [Fatal Error] :1:1: Premature end of file.
2025-12-13 09:48:27,029 [ERROR] LogOutputStream:75 - [STDERR_REDIRECT] 
2025-12-13 09:48:28,034 [ERROR] LogOutputStream:75 - [STDERR_REDIRECT] [Fatal Error] :1:1: Premature end of file.
2025-12-13 09:48:28,034 [ERROR] LogOutputStream:75 - [STDERR_REDIRECT] 
2025-12-13 09:48:29,026 [ERROR] LogOutputStream:75 - [STDERR_REDIRECT] [Fatal Error] :1:1: Premature end of file.
2025-12-13 09:48:29,026 [ERROR] LogOutputStream:75 - [STDERR_REDIRECT] 
2025-12-13 09:48:30,029 [ERROR] LogOutputStream:75 - [STDERR_REDIRECT] [Fatal Error] :1:1: Premature end of file.
2025-12-13 09:48:30,029 [ERROR] LogOutputStream:75 - [STDERR_REDIRECT] 
2025-12-13 09:48:31,033 [ERROR] LogOutputStream:75 - [STDERR_REDIRECT] [Fatal Error] :1:1: Premature end of file.
2025-12-13 09:48:31,033 [ERROR] LogOutputStream:75 - [STDERR_REDIRECT] 
2025-12-13 09:48:32,034 [ERROR] LogOutputStream:75 - [STDERR_REDIRECT] [Fatal Error] :1:1: Premature end of file.
2025-12-13 09:48:32,034 [ERROR] LogOutputStream:75 - [STDERR_REDIRECT] 
2025-12-13 09:48:33,024 [ERROR] LogOutputStream:75 - [STDERR_REDIRECT] [Fatal Error] :1:1: Premature end of file.
2025-12-13 09:48:33,024 [ERROR] LogOutputStream:75 - [STDERR_REDIRECT] 
2025-12-13 09:48:34,032 [ERROR] LogOutputStream:75 - [STDERR_REDIRECT] [Fatal Error] :1:1: Premature end of file.
2025-12-13 09:48:34,032 [ERROR] LogOutputStream:75 - [STDERR_REDIRECT] 
2025-12-13 09:48:35,036 [ERROR] LogOutputStream:75 - [STDERR_REDIRECT] [Fatal Error] :1:1: Premature end of file.
2025-12-13 09:48:35,036 [ERROR] LogOutputStream:75 - [STDERR_REDIRECT] 
2025-12-13 09:48:36,024 [ERROR] LogOutputStream:75 - [STDERR_REDIRECT] [Fatal Error] :1:1: Premature end of file.
2025-12-13 09:48:36,024 [ERROR] LogOutputStream:75 - [STDERR_REDIRECT] 
2025-12-13 09:48:37,027 [ERROR] LogOutputStream:75 - [STDERR_REDIRECT] [Fatal Error] :1:1: Premature end of file.
2025-12-13 09:48:37,027 [ERROR] LogOutputStream:75 - [STDERR_REDIRECT] 
2025-12-13 09:48:38,024 [ERROR] LogOutputStream:75 - [STDERR_REDIRECT] [Fatal Error] :1:1: Premature end of file.
2025-12-13 09:48:38,024 [ERROR] LogOutputStream:75 - [STDERR_REDIRECT] 
2025-12-13 09:48:39,025 [ERROR] LogOutputStream:75 - [STDERR_REDIRECT] [Fatal Error] :1:1: Premature end of file.
2025-12-13 09:48:39,025 [ERROR] LogOutputStream:75 - [STDERR_REDIRECT] 
2025-12-13 09:48:40,024 [ERROR] LogOutputStream:75 - [STDERR_REDIRECT] [Fatal Error] :1:1: Premature end of file.
2025-12-13 09:48:40,024 [ERROR] LogOutputStream:75 - [STDERR_REDIRECT] 
2025-12-13 09:48:41,024 [ERROR] LogOutputStream:75 - [STDERR_REDIRECT] [Fatal Error] :1:1: Premature end of file.
2025-12-13 09:48:41,024 [ERROR] LogOutputStream:75 - [STDERR_REDIRECT] 
2025-12-13 09:48:41,494 [ERROR] LogOutputStream:75 - [STDERR_REDIRECT] 
2025-12-13 09:48:41,494 [ERROR] LogOutputStream:75 - [STDERR_REDIRECT] 
