2025-12-18 20:26:39,588 [INFO] Activator:176 - 


2025-12-18 20:26:39,593 [INFO] Activator:177 - !SESSION log4j initialized
2025-12-18 20:26:43,135 [INFO] LogOutputStream:77 - [STDOUT_REDIRECT] 
2025-12-18 20:26:43,803 [INFO] ApplicationProperties:184 - Using Application install path: C:\ST\STM32CubeIDE_1.19.0\STM32CubeIDE\plugins\com.st.stm32cube.common.mx_6.15.0.202507011659
2025-12-18 20:26:43,817 [INFO] DbMcusXml:78 - Set database path to: C:\ST\STM32CubeIDE_1.19.0\STM32CubeIDE\plugins\com.st.stm32cube.common.mx_6.15.0.202507011659\\db\/mcu/
2025-12-18 20:26:43,817 [INFO] ApiDb:274 - Set plugin database path to: C:\ST\STM32CubeIDE_1.19.0\STM32CubeIDE\plugins\com.st.stm32cube.common.mx_6.15.0.202507011659\\db\/plugins/boardmanager/
2025-12-18 20:26:43,818 [WARN] ApiDb:259 - Overriding images path with different value:  => C:\ST\STM32CubeIDE_1.19.0\STM32CubeIDE\plugins\com.st.stm32cube.common.mx_6.15.0.202507011659\\db\/plugins/mcufinder/images/
2025-12-18 20:26:43,824 [INFO] ApiDb:250 - Set database path to: C:\Users\akash\.stmcufinder\plugins\mcufinder//mcu/
2025-12-18 20:26:43,825 [INFO] DbMcusAds:125 - Set database path to: C:\Users\akash\.stmcufinder\plugins\mcufinder//mcu/
2025-12-18 20:26:43,827 [INFO] CrossReferenceDbSqlite:203 - Set database path to: C:\Users\akash\.stmcufinder\plugins\mcufinder//mcu/cs/
2025-12-18 20:26:43,930 [INFO] RulesReader:64 - Compatibility file has been processed (317 Rules)
2025-12-18 20:26:43,986 [INFO] DbMcusXml:78 - Set database path to: C:\ST\STM32CubeIDE_1.19.0\STM32CubeIDE\plugins\com.st.stm32cube.common.mx_6.15.0.202507011659\\db\/mcu/
2025-12-18 20:26:43,986 [INFO] ApiDb:274 - Set plugin database path to: C:\ST\STM32CubeIDE_1.19.0\STM32CubeIDE\plugins\com.st.stm32cube.common.mx_6.15.0.202507011659\\db\/plugins/boardmanager/
2025-12-18 20:26:43,986 [INFO] ApiDb:261 - Set plugin images path to: C:\ST\STM32CubeIDE_1.19.0\STM32CubeIDE\plugins\com.st.stm32cube.common.mx_6.15.0.202507011659\\db\/plugins/mcufinder/images/
2025-12-18 20:26:43,986 [WARN] DbFile:41 - Overriding database path with different value: C:\Users\akash\.stmcufinder\plugins\mcufinder/ => C:\Users\akash\.stmcufinder\plugins\mcufinder
2025-12-18 20:26:43,986 [INFO] ApiDb:250 - Set database path to: C:\Users\akash\.stmcufinder\plugins\mcufinder//mcu/
2025-12-18 20:26:43,986 [WARN] DbFile:41 - Overriding database path with different value: C:\Users\akash\.stmcufinder\plugins\mcufinder/ => C:\Users\akash\.stmcufinder\plugins\mcufinder
2025-12-18 20:26:43,987 [INFO] DbMcusAds:125 - Set database path to: C:\Users\akash\.stmcufinder\plugins\mcufinder//mcu/
2025-12-18 20:26:43,987 [WARN] DbFile:41 - Overriding database path with different value: C:\Users\akash\.stmcufinder\plugins\mcufinder/ => C:\Users\akash\.stmcufinder\plugins\mcufinder
2025-12-18 20:26:43,987 [WARN] DbFile:41 - Overriding database path with different value: C:\Users\akash\.stmcufinder\plugins\mcufinder/ => C:\Users\akash\.stmcufinder\plugins\mcufinder
2025-12-18 20:26:43,987 [INFO] CrossReferenceDbSqlite:203 - Set database path to: C:\Users\akash\.stmcufinder\plugins\mcufinder//mcu/cs/
2025-12-18 20:26:44,038 [INFO] MainPanel:274 - HeapMemory: 268435456
2025-12-18 20:26:44,115 [INFO] DbMcusXml:78 - Set database path to: C:\ST\STM32CubeIDE_1.19.0\STM32CubeIDE\plugins\com.st.stm32cube.common.mx_6.15.0.202507011659\\db\/mcu/
2025-12-18 20:26:44,116 [INFO] ApiDb:274 - Set plugin database path to: C:\ST\STM32CubeIDE_1.19.0\STM32CubeIDE\plugins\com.st.stm32cube.common.mx_6.15.0.202507011659\\db\/plugins/boardmanager/
2025-12-18 20:26:44,116 [INFO] ApiDb:261 - Set plugin images path to: C:\ST\STM32CubeIDE_1.19.0\STM32CubeIDE\plugins\com.st.stm32cube.common.mx_6.15.0.202507011659\\db\/plugins/mcufinder/images/
2025-12-18 20:26:44,116 [WARN] DbFile:41 - Overriding database path with different value: C:\Users\akash\.stmcufinder\plugins\mcufinder/ => C:\Users\akash\.stmcufinder\plugins\mcufinder
2025-12-18 20:26:44,116 [INFO] ApiDb:250 - Set database path to: C:\Users\akash\.stmcufinder\plugins\mcufinder//mcu/
2025-12-18 20:26:44,116 [WARN] DbFile:41 - Overriding database path with different value: C:\Users\akash\.stmcufinder\plugins\mcufinder/ => C:\Users\akash\.stmcufinder\plugins\mcufinder
2025-12-18 20:26:44,116 [INFO] DbMcusAds:125 - Set database path to: C:\Users\akash\.stmcufinder\plugins\mcufinder//mcu/
2025-12-18 20:26:44,116 [WARN] DbFile:41 - Overriding database path with different value: C:\Users\akash\.stmcufinder\plugins\mcufinder/ => C:\Users\akash\.stmcufinder\plugins\mcufinder
2025-12-18 20:26:44,116 [WARN] DbFile:41 - Overriding database path with different value: C:\Users\akash\.stmcufinder\plugins\mcufinder/ => C:\Users\akash\.stmcufinder\plugins\mcufinder
2025-12-18 20:26:44,116 [INFO] CrossReferenceDbSqlite:203 - Set database path to: C:\Users\akash\.stmcufinder\plugins\mcufinder//mcu/cs/
2025-12-18 20:26:44,130 [INFO] ApplicationProperties:184 - Using Application install path: C:\ST\STM32CubeIDE_1.19.0\STM32CubeIDE\plugins\com.st.stm32cube.common.mx_6.15.0.202507011659
2025-12-18 20:26:44,131 [INFO] PluginManage:196 - Search for loadable plugins [exclusion list=, ]
2025-12-18 20:26:44,131 [INFO] PluginManage:310 - Check plugin analytics
2025-12-18 20:26:44,267 [INFO] AnalyticsPlugin:253 - Accepted Software Licenses: STM32CubeMX.6.15.0
2025-12-18 20:26:44,268 [INFO] AnalyticsPlugin:255 - Accepted CMSIS Pack Licenses: STMicroelectronics.X-CUBE-AZRTOS-H7.3.3.0,STMicroelectronics.X-CUBE-AZRTOS-H7.3.4.0
2025-12-18 20:26:44,268 [INFO] AnalyticsPlugin:257 - Accepted Firmware Licenses: FW.H7.1.12.0,FW.G0.1.6.0,FW.G4.1.6.0
2025-12-18 20:26:44,269 [INFO] PluginManage:359 - Loaded plugin analytics (category:tool,tabindex:-1)
2025-12-18 20:26:44,270 [INFO] PluginManage:310 - Check plugin cadmodel
2025-12-18 20:26:44,274 [INFO] CADModel:105 - Init CAD model plugin
2025-12-18 20:26:44,274 [INFO] PluginManage:359 - Loaded plugin cadmodel (category:power,tabindex:5)
2025-12-18 20:26:44,274 [INFO] PluginManage:310 - Check plugin clock
2025-12-18 20:26:44,282 [INFO] PluginManage:359 - Loaded plugin clock (category:base,tabindex:2)
2025-12-18 20:26:44,283 [INFO] PluginManage:310 - Check plugin ddr
2025-12-18 20:26:44,284 [INFO] PluginManage:359 - Loaded plugin ddr (category:tool,tabindex:6)
2025-12-18 20:26:44,284 [INFO] PluginManage:310 - Check plugin filemanager
2025-12-18 20:26:44,398 [INFO] PluginManage:359 - Loaded plugin filemanager (category:base,tabindex:10)
2025-12-18 20:26:44,398 [INFO] PluginManage:310 - Check plugin ipmanager
2025-12-18 20:26:44,404 [INFO] PluginManage:359 - Loaded plugin ipmanager (category:base,tabindex:5)
2025-12-18 20:26:44,404 [INFO] PluginManage:310 - Check plugin lpbam
2025-12-18 20:26:44,410 [INFO] PluginManage:359 - Loaded plugin lpbam (category:base,tabindex:0)
2025-12-18 20:26:44,410 [INFO] PluginManage:310 - Check plugin memorymap
2025-12-18 20:26:44,424 [INFO] PluginManage:359 - Loaded plugin memorymap (category:base,tabindex:4)
2025-12-18 20:26:44,424 [INFO] PluginManage:310 - Check plugin pinoutandconfiguration
2025-12-18 20:26:44,430 [INFO] PluginManage:359 - Loaded plugin pinoutandconfiguration (category:base,tabindex:1)
2025-12-18 20:26:44,430 [INFO] PluginManage:310 - Check plugin pinoutconfig
2025-12-18 20:26:44,501 [WARN] SupportedApi:132 - Cannot load RTOS API schema: s4s-elt-must-match.1: The content of 'definitions' must match (annotation?, (simpleType | complexType)?, (unique | key | keyref)*)). A problem was found starting at: attribute.
2025-12-18 20:26:44,598 [INFO] PluginManage:359 - Loaded plugin pinoutconfig (category:base,tabindex:0)
2025-12-18 20:26:44,598 [INFO] PluginManage:310 - Check plugin power
2025-12-18 20:26:44,606 [INFO] PluginManage:359 - Loaded plugin power (category:power,tabindex:4)
2025-12-18 20:26:44,606 [INFO] PluginManage:310 - Check plugin projectmanager
2025-12-18 20:26:44,617 [INFO] PluginManage:359 - Loaded plugin projectmanager (category:projectmanager,tabindex:4)
2025-12-18 20:26:44,617 [INFO] PluginManage:310 - Check plugin rif
2025-12-18 20:26:44,626 [INFO] PluginManage:359 - Loaded plugin rif (category:base,tabindex:3)
2025-12-18 20:26:44,626 [INFO] PluginManage:310 - Check plugin thirdparty
2025-12-18 20:26:44,727 [INFO] PluginManage:359 - Loaded plugin thirdparty (category:base,tabindex:-1)
2025-12-18 20:26:44,727 [WARN] IntegrityCheckThread:84 - waiting for thirdparty lock release [integrity check]
2025-12-18 20:26:44,727 [INFO] PluginManage:310 - Check plugin tools
2025-12-18 20:26:44,727 [INFO] IntegrityCheckThread:86 - entering critical section [integrity check]
2025-12-18 20:26:44,729 [INFO] ThirdPartyUpdaterWithRetryManager:70 - Updater plugin not ready yet. [1/15]
2025-12-18 20:26:44,730 [INFO] PluginManage:359 - Loaded plugin tools (category:base,tabindex:7)
2025-12-18 20:26:44,730 [INFO] PluginManage:310 - Check plugin tutovideos
2025-12-18 20:26:44,881 [INFO] PluginManage:359 - Loaded plugin tutovideos (category:base,tabindex:-1)
2025-12-18 20:26:44,881 [INFO] PluginManage:310 - Check plugin updater
2025-12-18 20:26:44,897 [INFO] PluginManage:359 - Loaded plugin updater (category:base,tabindex:12)
2025-12-18 20:26:44,897 [INFO] PluginManage:310 - Check plugin userauth
2025-12-18 20:26:44,900 [INFO] UserAuth:118 - Init User Auth plugin
2025-12-18 20:26:44,901 [INFO] PluginManage:359 - Loaded plugin userauth (category:base,tabindex:14)
2025-12-18 20:26:44,901 [INFO] PluginManage:283 - PluginManage : Loaded plugins [18]
2025-12-18 20:26:45,049 [INFO] PinOutPanel:1589 - setPackage(No Configuration,No Configuration)
2025-12-18 20:26:45,109 [INFO] CADModel:165 - CPN selected for project level
2025-12-18 20:26:45,109 [INFO] CADModel:114 - Register for checkConnection events
2025-12-18 20:26:45,122 [INFO] IPUIPlugin:80 - create IPUIPlugin
2025-12-18 20:26:45,122 [INFO] PluginManager:220 - loadIPPluginJar : add adc
2025-12-18 20:26:45,125 [INFO] IPUIPlugin:80 - create IPUIPlugin
2025-12-18 20:26:45,125 [INFO] PluginManager:220 - loadIPPluginJar : add aes
2025-12-18 20:26:45,126 [INFO] IPUIPlugin:80 - create IPUIPlugin
2025-12-18 20:26:45,127 [INFO] PluginManager:220 - loadIPPluginJar : add can
2025-12-18 20:26:45,128 [INFO] IPUIPlugin:80 - create IPUIPlugin
2025-12-18 20:26:45,128 [INFO] PluginManager:220 - loadIPPluginJar : add comp
2025-12-18 20:26:45,129 [INFO] IPUIPlugin:80 - create IPUIPlugin
2025-12-18 20:26:45,130 [INFO] PluginManager:220 - loadIPPluginJar : add cryp
2025-12-18 20:26:45,132 [INFO] IPUIPlugin:80 - create IPUIPlugin
2025-12-18 20:26:45,132 [INFO] PluginManager:220 - loadIPPluginJar : add ddr_ctrl_phy
2025-12-18 20:26:45,134 [INFO] IPUIPlugin:80 - create IPUIPlugin
2025-12-18 20:26:45,134 [INFO] PluginManager:220 - loadIPPluginJar : add dfsdm
2025-12-18 20:26:45,139 [INFO] IPUIPlugin:80 - create IPUIPlugin
2025-12-18 20:26:45,140 [INFO] PluginManager:220 - loadIPPluginJar : add dma
2025-12-18 20:26:45,141 [INFO] IPUIPlugin:80 - create IPUIPlugin
2025-12-18 20:26:45,141 [INFO] PluginManager:220 - loadIPPluginJar : add dma3
2025-12-18 20:26:45,143 [INFO] IPUIPlugin:80 - create IPUIPlugin
2025-12-18 20:26:45,143 [INFO] PluginManager:220 - loadIPPluginJar : add extmemmanager
2025-12-18 20:26:45,144 [INFO] IPUIPlugin:80 - create IPUIPlugin
2025-12-18 20:26:45,144 [INFO] PluginManager:220 - loadIPPluginJar : add fatfs
2025-12-18 20:26:45,147 [INFO] IPUIPlugin:80 - create IPUIPlugin
2025-12-18 20:26:45,147 [INFO] PluginManager:220 - loadIPPluginJar : add fmc
2025-12-18 20:26:45,153 [INFO] IPUIPlugin:80 - create IPUIPlugin
2025-12-18 20:26:45,153 [INFO] PluginManager:220 - loadIPPluginJar : add freertos
2025-12-18 20:26:45,154 [INFO] IPUIPlugin:80 - create IPUIPlugin
2025-12-18 20:26:45,154 [INFO] PluginManager:220 - loadIPPluginJar : add genericplugin
2025-12-18 20:26:45,155 [INFO] IPUIPlugin:80 - create IPUIPlugin
2025-12-18 20:26:45,155 [INFO] PluginManager:220 - loadIPPluginJar : add gfxmmu
2025-12-18 20:26:45,158 [INFO] IPUIPlugin:80 - create IPUIPlugin
2025-12-18 20:26:45,158 [INFO] PluginManager:220 - loadIPPluginJar : add gic
2025-12-18 20:26:45,162 [INFO] IPUIPlugin:80 - create IPUIPlugin
2025-12-18 20:26:45,162 [INFO] PluginManager:220 - loadIPPluginJar : add gpio
2025-12-18 20:26:45,163 [INFO] IPUIPlugin:80 - create IPUIPlugin
2025-12-18 20:26:45,163 [INFO] PluginManager:220 - loadIPPluginJar : add gtzc
2025-12-18 20:26:45,165 [INFO] IPUIPlugin:80 - create IPUIPlugin
2025-12-18 20:26:45,165 [INFO] PluginManager:220 - loadIPPluginJar : add hash
2025-12-18 20:26:45,166 [INFO] IPUIPlugin:80 - create IPUIPlugin
2025-12-18 20:26:45,166 [INFO] PluginManager:220 - loadIPPluginJar : add i2c
2025-12-18 20:26:45,168 [INFO] IPUIPlugin:80 - create IPUIPlugin
2025-12-18 20:26:45,168 [INFO] PluginManager:220 - loadIPPluginJar : add i2s
2025-12-18 20:26:45,171 [INFO] IPUIPlugin:80 - create IPUIPlugin
2025-12-18 20:26:45,171 [INFO] PluginManager:220 - loadIPPluginJar : add i3c
2025-12-18 20:26:45,173 [INFO] IPUIPlugin:80 - create IPUIPlugin
2025-12-18 20:26:45,173 [INFO] PluginManager:220 - loadIPPluginJar : add ipddr
2025-12-18 20:26:45,179 [INFO] IPUIPlugin:80 - create IPUIPlugin
2025-12-18 20:26:45,179 [INFO] PluginManager:220 - loadIPPluginJar : add linkedlist
2025-12-18 20:26:45,180 [INFO] IPUIPlugin:80 - create IPUIPlugin
2025-12-18 20:26:45,180 [INFO] PluginManager:220 - loadIPPluginJar : add lorawan
2025-12-18 20:26:45,181 [INFO] IPUIPlugin:80 - create IPUIPlugin
2025-12-18 20:26:45,181 [INFO] PluginManager:220 - loadIPPluginJar : add ltdc
2025-12-18 20:26:45,185 [INFO] IPUIPlugin:80 - create IPUIPlugin
2025-12-18 20:26:45,185 [INFO] PluginManager:220 - loadIPPluginJar : add mdma
2025-12-18 20:26:45,190 [INFO] IPUIPlugin:80 - create IPUIPlugin
2025-12-18 20:26:45,190 [INFO] PluginManager:220 - loadIPPluginJar : add nvic
2025-12-18 20:26:45,191 [INFO] IPUIPlugin:80 - create IPUIPlugin
2025-12-18 20:26:45,192 [INFO] PluginManager:220 - loadIPPluginJar : add opamp
2025-12-18 20:26:45,194 [INFO] IPUIPlugin:80 - create IPUIPlugin
2025-12-18 20:26:45,194 [INFO] PluginManager:220 - loadIPPluginJar : add openamp
2025-12-18 20:26:45,197 [INFO] IPUIPlugin:80 - create IPUIPlugin
2025-12-18 20:26:45,197 [INFO] PluginManager:220 - loadIPPluginJar : add pdm2pcm
2025-12-18 20:26:45,201 [INFO] IPUIPlugin:80 - create IPUIPlugin
2025-12-18 20:26:45,203 [INFO] PluginManager:220 - loadIPPluginJar : add plateformsettings
2025-12-18 20:26:45,205 [INFO] IPUIPlugin:80 - create IPUIPlugin
2025-12-18 20:26:45,205 [INFO] PluginManager:220 - loadIPPluginJar : add quadspi
2025-12-18 20:26:45,206 [INFO] IPUIPlugin:80 - create IPUIPlugin
2025-12-18 20:26:45,207 [INFO] PluginManager:220 - loadIPPluginJar : add radio
2025-12-18 20:26:45,210 [INFO] IPUIPlugin:80 - create IPUIPlugin
2025-12-18 20:26:45,210 [INFO] PluginManager:220 - loadIPPluginJar : add resmgrutility
2025-12-18 20:26:45,212 [INFO] IPUIPlugin:80 - create IPUIPlugin
2025-12-18 20:26:45,212 [INFO] PluginManager:220 - loadIPPluginJar : add sai
2025-12-18 20:26:45,214 [INFO] IPUIPlugin:80 - create IPUIPlugin
2025-12-18 20:26:45,214 [INFO] PluginManager:220 - loadIPPluginJar : add spi
2025-12-18 20:26:45,219 [INFO] IPUIPlugin:80 - create IPUIPlugin
2025-12-18 20:26:45,219 [INFO] PluginManager:220 - loadIPPluginJar : add stm32_wpan
2025-12-18 20:26:45,221 [INFO] IPUIPlugin:80 - create IPUIPlugin
2025-12-18 20:26:45,221 [INFO] PluginManager:220 - loadIPPluginJar : add tim
2025-12-18 20:26:45,223 [INFO] IPUIPlugin:80 - create IPUIPlugin
2025-12-18 20:26:45,224 [INFO] PluginManager:220 - loadIPPluginJar : add touchsensing
2025-12-18 20:26:45,225 [INFO] IPUIPlugin:80 - create IPUIPlugin
2025-12-18 20:26:45,225 [INFO] PluginManager:220 - loadIPPluginJar : add tracer_emb
2025-12-18 20:26:45,226 [INFO] IPUIPlugin:80 - create IPUIPlugin
2025-12-18 20:26:45,226 [INFO] PluginManager:220 - loadIPPluginJar : add ts
2025-12-18 20:26:45,229 [INFO] IPUIPlugin:80 - create IPUIPlugin
2025-12-18 20:26:45,229 [INFO] PluginManager:220 - loadIPPluginJar : add tsc
2025-12-18 20:26:45,230 [INFO] IPUIPlugin:80 - create IPUIPlugin
2025-12-18 20:26:45,230 [INFO] PluginManager:220 - loadIPPluginJar : add ucpd
2025-12-18 20:26:45,232 [INFO] IPUIPlugin:80 - create IPUIPlugin
2025-12-18 20:26:45,232 [INFO] PluginManager:220 - loadIPPluginJar : add usart
2025-12-18 20:26:45,235 [INFO] IPUIPlugin:80 - create IPUIPlugin
2025-12-18 20:26:45,235 [INFO] PluginManager:220 - loadIPPluginJar : add usbx
2025-12-18 20:26:45,347 [FATAL] Updater:351 - Updater called before beeing initialized
2025-12-18 20:26:45,376 [INFO] RulesReader:64 - Compatibility file has been processed (317 Rules)
2025-12-18 20:26:45,384 [INFO] RulesReader:64 - Compatibility file has been processed (317 Rules)
2025-12-18 20:26:45,390 [INFO] CADModel:165 - CPN selected for project level
2025-12-18 20:26:45,390 [INFO] CADModel:114 - Register for checkConnection events
2025-12-18 20:26:45,390 [FATAL] Updater:351 - Updater called before beeing initialized
2025-12-18 20:26:45,390 [ERROR] CADModel:125 - Updater not yet initialized, retry later 
2025-12-18 20:26:45,492 [FATAL] Updater:351 - Updater called before beeing initialized
2025-12-18 20:26:45,494 [INFO] CADModel:165 - CPN selected for project level
2025-12-18 20:26:45,494 [INFO] CADModel:114 - Register for checkConnection events
2025-12-18 20:26:45,494 [FATAL] Updater:351 - Updater called before beeing initialized
2025-12-18 20:26:45,494 [ERROR] CADModel:125 - Updater not yet initialized, retry later 
2025-12-18 20:26:45,496 [FATAL] Updater:351 - Updater called before beeing initialized
2025-12-18 20:26:45,571 [FATAL] Updater:351 - Updater called before beeing initialized
2025-12-18 20:26:45,574 [INFO] DbMcusAds:53 - JSON generation date=Mon Dec 08 06:28:10 PST 2025 (1765204090004)
2025-12-18 20:26:45,574 [FATAL] Updater:351 - Updater called before beeing initialized
2025-12-18 20:26:45,604 [WARN] DetailPanel:346 - Failed to get advertising image, set to default
2025-12-18 20:26:45,671 [FATAL] Updater:351 - Updater called before beeing initialized
2025-12-18 20:26:45,672 [FATAL] Updater:351 - Updater called before beeing initialized
2025-12-18 20:26:45,673 [FATAL] Updater:351 - Updater called before beeing initialized
2025-12-18 20:26:45,673 [WARN] DetailPanel:346 - Failed to get advertising image, set to default
2025-12-18 20:26:45,673 [FATAL] Updater:351 - Updater called before beeing initialized
2025-12-18 20:26:45,711 [ERROR] Updater:1198 - MainUpdater not yet initialized. External WinMGr cannot be set.
2025-12-18 20:26:45,712 [INFO] Updater:1134 - Updater Version found : 6.15.0
2025-12-18 20:26:45,726 [INFO] ApplicationProperties:184 - Using Application install path: C:\ST\STM32CubeIDE_1.19.0\STM32CubeIDE\plugins\com.st.stm32cube.common.mx_6.15.0.202507011659
2025-12-18 20:26:47,299 [ERROR] LogOutputStream:75 - [STDERR_REDIRECT] Dec 18, 2025 8:26:47 PM java.util.prefs.WindowsPreferences <init>
2025-12-18 20:26:47,300 [ERROR] LogOutputStream:75 - [STDERR_REDIRECT] WARNING: Could not open/create prefs root node Software\JavaSoft\Prefs at root 0xffffffff80000002. Windows RegCreateKeyEx(...) returned error code 5.
2025-12-18 20:26:47,300 [ERROR] LogOutputStream:75 - [STDERR_REDIRECT] 
2025-12-18 20:26:47,567 [INFO] MainUpdater:2872 - connection check result : 10
2025-12-18 20:26:47,568 [INFO] MainUpdater:3604 - Updater definition file requires update
2025-12-18 20:26:47,569 [INFO] MainUpdater:289 - Updater Check For Update Now.
2025-12-18 20:26:47,569 [INFO] MicroXplorer:498 - Change Database Version : DB.6.0.150
2025-12-18 20:26:47,574 [INFO] McuFinderGlobals:63 - Set McuFinder mode to 2 (CubeIDE integrated)
2025-12-18 20:26:47,575 [INFO] UserAuth:487 - Internet connection configuration mode: 1
2025-12-18 20:26:47,589 [INFO] JxBrowserEngine:152 - Initiate JxBrowser Engine with user profile folder
2025-12-18 20:26:47,603 [INFO] ServerAccessManage:452 - Complete download http(s) 200
2025-12-18 20:26:47,603 [INFO] ServerAccessManage:509 - Download File updaters.zip
2025-12-18 20:26:47,693 [INFO] FileExtend:248 - Unzip File : updaters.zip
2025-12-18 20:26:47,693 [INFO] FileExtend:263 - Standard Zip Deflate
2025-12-18 20:26:47,736 [WARN] MainUpdater:1193 - Updater busy. Cannot search thirdparties
2025-12-18 20:26:47,738 [INFO] ThirdPartyUpdaterWithRetryManager:96 - Updater plugin is busy. [1/15]
2025-12-18 20:26:47,939 [INFO] ServerAccessManage:452 - Complete download http(s) 200
2025-12-18 20:26:47,939 [INFO] ServerAccessManage:509 - Download File PacksControlFlags.xml
2025-12-18 20:26:47,993 [INFO] ServerAccessManage:452 - Complete download http(s) 200
2025-12-18 20:26:47,994 [INFO] ServerAccessManage:509 - Download File cubemx.pidx
2025-12-18 20:26:48,074 [INFO] LoadServerUpdatesThread:375 - End of LoadServerUpdate Thread
2025-12-18 20:26:48,219 [INFO] CheckServerUpdateThread:120 - End of CheckServer Thread
2025-12-18 20:26:48,616 [INFO] WebApp:169 - Instantiating new browser for Auth
2025-12-18 20:26:49,163 [INFO] WebApp:463 - Apply proxy settings
2025-12-18 20:26:49,163 [INFO] WebApp:548 - Chromium requires no authentication
2025-12-18 20:26:49,171 [INFO] WebApp:491 - Direct internet connection detected
2025-12-18 20:26:49,193 [INFO] WebApp:900 - Register for checkConnection events
2025-12-18 20:26:49,193 [INFO] WebApp:463 - Apply proxy settings
2025-12-18 20:26:49,193 [INFO] WebApp:548 - Chromium requires no authentication
2025-12-18 20:26:49,193 [INFO] WebApp:491 - Direct internet connection detected
2025-12-18 20:26:49,336 [INFO] WebApp:225 - Starting web application
2025-12-18 20:26:49,336 [INFO] WebApp:593 - Web application path used C:\ST\STM32CubeIDE_1.19.0\STM32CubeIDE\plugins\com.st.stm32cube.common.mx_6.15.0.202507011659\db\plugins\mcufinder\reactClient1\index.html
2025-12-18 20:26:49,342 [INFO] WebApp:191 - Connection restablished
2025-12-18 20:26:49,485 [INFO] UserAuth:487 - Internet connection configuration mode: 1
2025-12-18 20:26:49,722 [ERROR] LogOutputStream:75 - [STDERR_REDIRECT] [Fatal Error] :1:1: Premature end of file.
2025-12-18 20:26:49,722 [ERROR] LogOutputStream:75 - [STDERR_REDIRECT] 
2025-12-18 20:26:50,529 [ERROR] LogOutputStream:75 - [STDERR_REDIRECT] [Fatal Error] :1:1: Premature end of file.
2025-12-18 20:26:50,529 [ERROR] LogOutputStream:75 - [STDERR_REDIRECT] 
2025-12-18 20:26:50,925 [WARN] PackLoader:240 - Cannot read IP mode file for STMicroelectronics.FP-SNS-MOTENVWB1.1.4.0
2025-12-18 20:26:50,929 [WARN] PackLoader:240 - Cannot read IP mode file for STMicroelectronics.FP-ATR-ASTRA1.2.0.2
2025-12-18 20:26:50,935 [WARN] PackLoader:240 - Cannot read IP mode file for STMicroelectronics.X-CUBE-SMBUS.2.1.0
2025-12-18 20:26:50,939 [WARN] PackLoader:240 - Cannot read IP mode file for STMicroelectronics.X-CUBE-ST60.1.0.0
2025-12-18 20:26:50,959 [WARN] PackLoader:240 - Cannot read IP mode file for STMicroelectronics.X-CUBE-AZRTOS-F7.1.1.0
2025-12-18 20:26:50,965 [WARN] PackLoader:240 - Cannot read IP mode file for STMicroelectronics.FP-SNS-MOTENV1.5.1.0
2025-12-18 20:26:50,982 [WARN] PackLoader:240 - Cannot read IP mode file for Infineon.AIROC-Wi-Fi-Bluetooth-STM32.1.7.1
2025-12-18 20:26:51,004 [WARN] PackLoader:240 - Cannot read IP mode file for STMicroelectronics.X-CUBE-AZRTOS-H7.3.4.0
2025-12-18 20:26:51,167 [WARN] PackLoader:240 - Cannot read IP mode file for STMicroelectronics.X-CUBE-DISPLAY.3.0.0
2025-12-18 20:26:51,179 [WARN] PackLoader:240 - Cannot read IP mode file for STMicroelectronics.X-CUBE-NFC10.1.0.0
2025-12-18 20:26:51,185 [WARN] PackLoader:240 - Cannot read IP mode file for STMicroelectronics.X-CUBE-ST60.1.1.0
2025-12-18 20:26:51,192 [WARN] PackLoader:240 - Cannot read IP mode file for emotas.I-CUBE-CANOPEN.1.3.0
2025-12-18 20:26:51,196 [WARN] PackLoader:240 - Cannot read IP mode file for STMicroelectronics.X-CUBE-GNSS1.7.1.0
2025-12-18 20:26:51,206 [WARN] PackLoader:240 - Cannot read IP mode file for STMicroelectronics.FP-SNS-STBOX1.2.1.0
2025-12-18 20:26:51,212 [WARN] PackLoader:240 - Cannot read IP mode file for STMicroelectronics.FP-SNS-SMARTAG2.1.2.0
2025-12-18 20:26:51,215 [WARN] PackLoader:240 - Cannot read IP mode file for STMicroelectronics.FP-SNS-FLIGHT1.5.1.0
2025-12-18 20:26:51,224 [INFO] LogOutputStream:77 - [STDOUT_REDIRECT] 1 : Invalid condition id : UX_CORESTACK_Condition cause : null
2025-12-18 20:26:51,224 [INFO] LogOutputStream:77 - [STDOUT_REDIRECT] 1 : Invalid condition id : UX_CORESTACK_Condition cause : null
2025-12-18 20:26:51,225 [INFO] LogOutputStream:77 - [STDOUT_REDIRECT] 1 : Invalid condition id : UX_CORESTACK_Condition cause : null
2025-12-18 20:26:51,226 [INFO] LogOutputStream:77 - [STDOUT_REDIRECT] 1 : Invalid condition id : UX_CORESTACK_Condition cause : null
2025-12-18 20:26:51,227 [INFO] LogOutputStream:77 - [STDOUT_REDIRECT] 1 : Invalid condition id : UX_CORESTACK_Condition cause : null
2025-12-18 20:26:51,230 [WARN] PackLoader:240 - Cannot read IP mode file for STMicroelectronics.X-CUBE-AZRTOS-WL.2.0.0
2025-12-18 20:26:51,233 [WARN] PackLoader:240 - Cannot read IP mode file for STMicroelectronics.FP-SNS-MOTENV1.5.0.0
2025-12-18 20:26:51,250 [WARN] PackLoader:240 - Cannot read IP mode file for STMicroelectronics.X-CUBE-AZRTOS-H7RS.1.2.0
2025-12-18 20:26:51,259 [WARN] PackLoader:240 - Cannot read IP mode file for WES.I-CUBE-Cesium.1.3.0
2025-12-18 20:26:51,263 [WARN] PackLoader:240 - Cannot read IP mode file for STMicroelectronics.X-CUBE-BLE2.3.3.0
2025-12-18 20:26:51,276 [WARN] PackLoader:240 - Cannot read IP mode file for STMicroelectronics.X-CUBE-NFC9.1.0.0
2025-12-18 20:26:51,280 [WARN] PackLoader:240 - Cannot read IP mode file for wolfSSL.I-CUBE-wolfSSL.5.8.0
2025-12-18 20:26:51,283 [WARN] PackLoader:240 - Cannot read IP mode file for STMicroelectronics.X-CUBE-BLE1.7.1.0
2025-12-18 20:26:51,287 [WARN] PackLoader:240 - Cannot read IP mode file for wolfSSL.I-CUBE-wolfMQTT.1.19.2
2025-12-18 20:26:51,292 [WARN] PackLoader:240 - Cannot read IP mode file for STMicroelectronics.X-CUBE-FREERTOS.1.4.0
2025-12-18 20:26:51,296 [WARN] PackLoader:240 - Cannot read IP mode file for STMicroelectronics.X-CUBE-EEPRMA1.5.2.0
2025-12-18 20:26:51,303 [WARN] PackLoader:240 - Cannot read IP mode file for STMicroelectronics.X-CUBE-ST67W61.1.1.0
2025-12-18 20:26:51,307 [WARN] PackLoader:240 - Cannot read IP mode file for STMicroelectronics.X-CUBE-AI.10.1.0
2025-12-18 20:26:51,337 [WARN] PackLoader:240 - Cannot read IP mode file for STMicroelectronics.X-CUBE-MEMS1.12.0.0
2025-12-18 20:26:51,404 [WARN] PackLoader:240 - Cannot read IP mode file for STMicroelectronics.X-CUBE-AZRTOS-G0.1.1.0
2025-12-18 20:26:51,408 [WARN] PackLoader:240 - Cannot read IP mode file for STMicroelectronics.X-CUBE-SAFEA1.1.2.2
2025-12-18 20:26:51,413 [WARN] PackLoader:240 - Cannot read IP mode file for STMicroelectronics.X-CUBE-NFC4.3.0.0
2025-12-18 20:26:51,418 [WARN] PackLoader:240 - Cannot read IP mode file for EmbeddedOffice.I-CUBE-FS-RTOS.1.0.1
2025-12-18 20:26:51,422 [WARN] PackLoader:240 - Cannot read IP mode file for STMicroelectronics.X-CUBE-WB05N.2.0.0
2025-12-18 20:26:51,427 [WARN] PackLoader:240 - Cannot read IP mode file for wolfSSL.I-CUBE-wolfTPM.3.8.0
2025-12-18 20:26:51,430 [WARN] PackLoader:240 - Cannot read IP mode file for STMicroelectronics.X-CUBE-TCPP.4.2.0
2025-12-18 20:26:51,434 [WARN] PackLoader:240 - Cannot read IP mode file for RealThread.X-CUBE-RT-Thread_Nano.4.1.1
2025-12-18 20:26:51,438 [WARN] PackLoader:240 - Cannot read IP mode file for STMicroelectronics.FP-ATR-SIGFOX1.3.2.0
2025-12-18 20:26:51,442 [WARN] PackLoader:240 - Cannot read IP mode file for ITTIA_DB.I-CUBE-ITTIADB.8.9.0
2025-12-18 20:26:51,445 [WARN] PackLoader:240 - Cannot read IP mode file for STMicroelectronics.X-CUBE-ST67W61.1.0.0
2025-12-18 20:26:51,448 [WARN] PackLoader:240 - Cannot read IP mode file for STMicroelectronics.X-CUBE-AI.10.2.0
2025-12-18 20:26:51,472 [WARN] PackLoader:240 - Cannot read IP mode file for SEGGER.I-CUBE-embOS.1.3.1
2025-12-18 20:26:51,494 [WARN] PackLoader:240 - Cannot read IP mode file for STMicroelectronics.X-CUBE-ALGOBUILD.1.4.0
2025-12-18 20:26:51,520 [WARN] PackLoader:240 - Cannot read IP mode file for STMicroelectronics.X-CUBE-MEMS1.11.3.0
2025-12-18 20:26:51,530 [ERROR] LogOutputStream:75 - [STDERR_REDIRECT] [Fatal Error] :1:1: Premature end of file.
2025-12-18 20:26:51,531 [ERROR] LogOutputStream:75 - [STDERR_REDIRECT] 
2025-12-18 20:26:51,578 [WARN] PackLoader:240 - Cannot read IP mode file for STMicroelectronics.X-CUBE-PM33A1.1.0.0
2025-12-18 20:26:51,587 [WARN] PackLoader:240 - Cannot read IP mode file for STMicroelectronics.X-CUBE-AZRTOS-F4.1.1.0
2025-12-18 20:26:51,591 [WARN] PackLoader:240 - Cannot read IP mode file for Avnet-IotConnect.X-CUBE-IoTC-DA16k-PMOD.1.0.0
2025-12-18 20:26:51,593 [WARN] PackLoader:240 - Cannot read IP mode file for STMicroelectronics.X-CUBE-ISPU.2.1.0
2025-12-18 20:26:51,600 [WARN] PackLoader:240 - Cannot read IP mode file for STMicroelectronics.X-CUBE-IPS.3.2.0
2025-12-18 20:26:51,607 [WARN] PackLoader:240 - Cannot read IP mode file for STMicroelectronics.X-CUBE-NFC12.1.0.0
2025-12-18 20:26:51,616 [WARN] PackLoader:240 - Cannot read IP mode file for STMicroelectronics.X-CUBE-AZRTOS-L5.2.0.0
2025-12-18 20:26:51,623 [WARN] PackLoader:240 - Cannot read IP mode file for STMicroelectronics.X-CUBE-NFC6.3.1.0
2025-12-18 20:26:51,626 [WARN] PackLoader:240 - Cannot read IP mode file for STMicroelectronics.X-CUBE-FREERTOS.1.3.1
2025-12-18 20:26:51,630 [WARN] PackLoader:240 - Cannot read IP mode file for STMicroelectronics.X-CUBE-TOUCHGFX.4.26.0
2025-12-18 20:26:51,633 [WARN] PackLoader:240 - Cannot read IP mode file for STMicroelectronics.FP-SNS-STAIOTCFT.1.0.0
2025-12-18 20:26:51,636 [WARN] PackLoader:240 - Cannot read IP mode file for STMicroelectronics.X-CUBE-DPower.1.3.0
2025-12-18 20:26:51,646 [WARN] ConditionMgr:438 - getConditionDescription Invalid condition id : LAN8742 Phy interface Condition cause : null
2025-12-18 20:26:51,646 [WARN] PackLoader:240 - Cannot read IP mode file for STMicroelectronics.X-CUBE-AZRTOS-L4.2.0.0
2025-12-18 20:26:51,647 [WARN] ConditionMgr:1044 - genDependencies : Invalid condition id : LAN8742 Phy interface Condition cause : null
2025-12-18 20:26:51,647 [WARN] ConditionMgr:1044 - genDependencies : Invalid condition id : LAN8742 Phy interface Condition cause : null
2025-12-18 20:26:51,647 [WARN] ConditionMgr:1044 - genDependencies : Invalid condition id : LAN8742 Phy interface Condition cause : null
2025-12-18 20:26:51,652 [WARN] PackLoader:240 - Cannot read IP mode file for STMicroelectronics.X-CUBE-SFXS2LP1.4.0.0
2025-12-18 20:26:51,664 [WARN] PackLoader:240 - Cannot read IP mode file for STMicroelectronics.X-CUBE-AZRTOS-H7.3.3.0
2025-12-18 20:26:51,729 [WARN] PackLoader:240 - Cannot read IP mode file for STMicroelectronics.X-CUBE-BLEMGR.4.1.0
2025-12-18 20:26:51,737 [WARN] ConditionMgr:438 - getConditionDescription Invalid condition id : UX DEVICE CLASS RTOS Condition cause : null
2025-12-18 20:26:51,738 [WARN] ConditionMgr:438 - getConditionDescription Invalid condition id : UX DEVICE CLASS RTOS Condition cause : null
2025-12-18 20:26:51,739 [WARN] PackLoader:240 - Cannot read IP mode file for STMicroelectronics.X-CUBE-AZRTOS-WB.2.0.0
2025-12-18 20:26:51,739 [WARN] ConditionMgr:1044 - genDependencies : Invalid condition id : UX DEVICE CLASS RTOS Condition cause : null
2025-12-18 20:26:51,739 [WARN] ConditionMgr:1044 - genDependencies : Invalid condition id : UX DEVICE CLASS RTOS Condition cause : null
2025-12-18 20:26:51,739 [WARN] ConditionMgr:1044 - genDependencies : Invalid condition id : UX DEVICE CLASS RTOS Condition cause : null
2025-12-18 20:26:51,739 [WARN] ConditionMgr:1044 - genDependencies : Invalid condition id : UX DEVICE CLASS RTOS Condition cause : null
2025-12-18 20:26:51,739 [WARN] ConditionMgr:1044 - genDependencies : Invalid condition id : UX DEVICE CLASS RTOS Condition cause : null
2025-12-18 20:26:51,742 [WARN] PackLoader:240 - Cannot read IP mode file for STMicroelectronics.X-CUBE-GNSS1.7.0.1
2025-12-18 20:26:51,745 [WARN] PackLoader:240 - Cannot read IP mode file for STMicroelectronics.X-CUBE-TOUCHGFX.4.25.0
2025-12-18 20:26:51,747 [WARN] PackLoader:240 - Cannot read IP mode file for STMicroelectronics.FP-SNS-STBOX1.2.0.0
2025-12-18 20:26:51,752 [WARN] ConditionMgr:438 - getConditionDescription Invalid condition id : Cortex-A Device cause : null
2025-12-18 20:26:51,756 [WARN] ConditionMgr:1044 - genDependencies : Invalid condition id : Cortex-A Device cause : null
2025-12-18 20:26:51,756 [WARN] ConditionMgr:1044 - genDependencies : Invalid condition id : Cortex-A Device cause : null
2025-12-18 20:26:51,756 [WARN] ConditionMgr:1044 - genDependencies : Invalid condition id : Cortex-A Device cause : null
2025-12-18 20:26:51,762 [WARN] PackLoader:240 - Cannot read IP mode file for STMicroelectronics.X-CUBE-SUBG2.5.0.0
2025-12-18 20:26:51,772 [WARN] PackLoader:240 - Cannot read IP mode file for STMicroelectronics.X-CUBE-AZRTOS-H7RS.1.1.0
2025-12-18 20:26:51,778 [WARN] PackLoader:240 - Cannot read IP mode file for Cesanta.I-CUBE-Mongoose.7.13.0
2025-12-18 20:26:51,785 [WARN] PackLoader:240 - Cannot read IP mode file for STMicroelectronics.X-CUBE-AZRTOS-G4.2.0.0
2025-12-18 20:26:51,788 [WARN] PackLoader:240 - Cannot read IP mode file for wolfSSL.I-CUBE-wolfSSH.1.4.20
2025-12-18 20:26:51,791 [WARN] PackLoader:240 - Cannot read IP mode file for STMicroelectronics.X-CUBE-NFC7.2.0.0
2025-12-18 20:26:51,797 [WARN] PackLoader:240 - Cannot read IP mode file for STMicroelectronics.X-CUBE-IPS.3.1.0
2025-12-18 20:26:51,802 [WARN] PackLoader:240 - Cannot read IP mode file for STMicroelectronics.X-CUBE-ALS.1.0.2
2025-12-18 20:26:51,807 [WARN] PackLoader:240 - Cannot read IP mode file for STMicroelectronics.X-CUBE-STSE01.1.0.0
2025-12-18 20:26:51,812 [WARN] PackLoader:240 - Cannot read IP mode file for portGmbH.I-Cube-SoM-uGOAL.1.1.0
2025-12-18 20:26:51,818 [WARN] PackLoader:240 - Cannot read IP mode file for STMicroelectronics.X-CUBE-TOF1.3.4.3
2025-12-18 20:26:51,823 [INFO] ThirdParty:978 - Integrity check success = true
2025-12-18 20:26:51,823 [INFO] IntegrityCheckThread:100 - exiting critical section [integrity check]
2025-12-18 20:26:51,823 [INFO] IntegrityCheckThread:103 - End integrity checks thread
2025-12-18 20:26:52,551 [ERROR] LogOutputStream:75 - [STDERR_REDIRECT] [Fatal Error] :1:1: Premature end of file.
2025-12-18 20:26:52,551 [ERROR] LogOutputStream:75 - [STDERR_REDIRECT] 
2025-12-18 20:26:53,537 [ERROR] LogOutputStream:75 - [STDERR_REDIRECT] [Fatal Error] :1:1: Premature end of file.
2025-12-18 20:26:53,537 [ERROR] LogOutputStream:75 - [STDERR_REDIRECT] 
2025-12-18 20:26:54,529 [ERROR] LogOutputStream:75 - [STDERR_REDIRECT] [Fatal Error] :1:1: Premature end of file.
2025-12-18 20:26:54,529 [ERROR] LogOutputStream:75 - [STDERR_REDIRECT] 
2025-12-18 20:26:55,547 [ERROR] LogOutputStream:75 - [STDERR_REDIRECT] [Fatal Error] :1:1: Premature end of file.
2025-12-18 20:26:55,548 [ERROR] LogOutputStream:75 - [STDERR_REDIRECT] 
2025-12-18 20:26:56,532 [ERROR] LogOutputStream:75 - [STDERR_REDIRECT] [Fatal Error] :1:1: Premature end of file.
2025-12-18 20:26:56,532 [ERROR] LogOutputStream:75 - [STDERR_REDIRECT] 
2025-12-18 20:26:57,539 [ERROR] LogOutputStream:75 - [STDERR_REDIRECT] [Fatal Error] :1:1: Premature end of file.
2025-12-18 20:26:57,539 [ERROR] LogOutputStream:75 - [STDERR_REDIRECT] 
2025-12-18 20:26:58,529 [ERROR] LogOutputStream:75 - [STDERR_REDIRECT] [Fatal Error] :1:1: Premature end of file.
2025-12-18 20:26:58,529 [ERROR] LogOutputStream:75 - [STDERR_REDIRECT] 
2025-12-18 20:26:59,533 [ERROR] LogOutputStream:75 - [STDERR_REDIRECT] [Fatal Error] :1:1: Premature end of file.
2025-12-18 20:26:59,533 [ERROR] LogOutputStream:75 - [STDERR_REDIRECT] 
2025-12-18 20:27:00,533 [ERROR] LogOutputStream:75 - [STDERR_REDIRECT] [Fatal Error] :1:1: Premature end of file.
2025-12-18 20:27:00,533 [ERROR] LogOutputStream:75 - [STDERR_REDIRECT] 
2025-12-18 20:27:01,536 [ERROR] LogOutputStream:75 - [STDERR_REDIRECT] [Fatal Error] :1:1: Premature end of file.
2025-12-18 20:27:01,536 [ERROR] LogOutputStream:75 - [STDERR_REDIRECT] 
2025-12-18 20:27:02,563 [ERROR] LogOutputStream:75 - [STDERR_REDIRECT] [Fatal Error] :1:1: Premature end of file.
2025-12-18 20:27:02,563 [ERROR] LogOutputStream:75 - [STDERR_REDIRECT] 
2025-12-18 20:27:03,581 [ERROR] LogOutputStream:75 - [STDERR_REDIRECT] [Fatal Error] :1:1: Premature end of file.
2025-12-18 20:27:03,581 [ERROR] LogOutputStream:75 - [STDERR_REDIRECT] 
2025-12-18 20:27:04,566 [ERROR] LogOutputStream:75 - [STDERR_REDIRECT] [Fatal Error] :1:1: Premature end of file.
2025-12-18 20:27:04,566 [ERROR] LogOutputStream:75 - [STDERR_REDIRECT] 
2025-12-18 20:27:05,551 [ERROR] LogOutputStream:75 - [STDERR_REDIRECT] [Fatal Error] :1:1: Premature end of file.
2025-12-18 20:27:05,551 [ERROR] LogOutputStream:75 - [STDERR_REDIRECT] 
2025-12-18 20:27:06,530 [ERROR] LogOutputStream:75 - [STDERR_REDIRECT] [Fatal Error] :1:1: Premature end of file.
2025-12-18 20:27:06,530 [ERROR] LogOutputStream:75 - [STDERR_REDIRECT] 
2025-12-18 20:27:07,542 [ERROR] LogOutputStream:75 - [STDERR_REDIRECT] [Fatal Error] :1:1: Premature end of file.
2025-12-18 20:27:07,542 [ERROR] LogOutputStream:75 - [STDERR_REDIRECT] 
2025-12-18 20:27:08,530 [ERROR] LogOutputStream:75 - [STDERR_REDIRECT] [Fatal Error] :1:1: Premature end of file.
2025-12-18 20:27:08,530 [ERROR] LogOutputStream:75 - [STDERR_REDIRECT] 
2025-12-18 20:27:09,534 [ERROR] LogOutputStream:75 - [STDERR_REDIRECT] [Fatal Error] :1:1: Premature end of file.
2025-12-18 20:27:09,535 [ERROR] LogOutputStream:75 - [STDERR_REDIRECT] 
2025-12-18 20:27:10,535 [ERROR] LogOutputStream:75 - [STDERR_REDIRECT] [Fatal Error] :1:1: Premature end of file.
2025-12-18 20:27:10,535 [ERROR] LogOutputStream:75 - [STDERR_REDIRECT] 
2025-12-18 20:27:11,544 [ERROR] LogOutputStream:75 - [STDERR_REDIRECT] [Fatal Error] :1:1: Premature end of file.
2025-12-18 20:27:11,544 [ERROR] LogOutputStream:75 - [STDERR_REDIRECT] 
2025-12-18 20:27:12,530 [ERROR] LogOutputStream:75 - [STDERR_REDIRECT] [Fatal Error] :1:1: Premature end of file.
2025-12-18 20:27:12,530 [ERROR] LogOutputStream:75 - [STDERR_REDIRECT] 
2025-12-18 20:27:13,536 [ERROR] LogOutputStream:75 - [STDERR_REDIRECT] [Fatal Error] :1:1: Premature end of file.
2025-12-18 20:27:13,536 [ERROR] LogOutputStream:75 - [STDERR_REDIRECT] 
2025-12-18 20:27:14,529 [ERROR] LogOutputStream:75 - [STDERR_REDIRECT] [Fatal Error] :1:1: Premature end of file.
2025-12-18 20:27:14,530 [ERROR] LogOutputStream:75 - [STDERR_REDIRECT] 
2025-12-18 20:27:15,529 [ERROR] LogOutputStream:75 - [STDERR_REDIRECT] [Fatal Error] :1:1: Premature end of file.
2025-12-18 20:27:15,529 [ERROR] LogOutputStream:75 - [STDERR_REDIRECT] 
2025-12-18 20:27:16,529 [ERROR] LogOutputStream:75 - [STDERR_REDIRECT] [Fatal Error] :1:1: Premature end of file.
2025-12-18 20:27:16,530 [ERROR] LogOutputStream:75 - [STDERR_REDIRECT] 
2025-12-18 20:27:17,533 [ERROR] LogOutputStream:75 - [STDERR_REDIRECT] [Fatal Error] :1:1: Premature end of file.
2025-12-18 20:27:17,533 [ERROR] LogOutputStream:75 - [STDERR_REDIRECT] 
2025-12-18 20:27:18,528 [ERROR] LogOutputStream:75 - [STDERR_REDIRECT] [Fatal Error] :1:1: Premature end of file.
2025-12-18 20:27:18,529 [ERROR] LogOutputStream:75 - [STDERR_REDIRECT] 
2025-12-18 20:27:19,530 [ERROR] LogOutputStream:75 - [STDERR_REDIRECT] [Fatal Error] :1:1: Premature end of file.
2025-12-18 20:27:19,530 [ERROR] LogOutputStream:75 - [STDERR_REDIRECT] 
2025-12-18 20:27:20,530 [ERROR] LogOutputStream:75 - [STDERR_REDIRECT] [Fatal Error] :1:1: Premature end of file.
2025-12-18 20:27:20,530 [ERROR] LogOutputStream:75 - [STDERR_REDIRECT] 
2025-12-18 20:27:21,535 [ERROR] LogOutputStream:75 - [STDERR_REDIRECT] [Fatal Error] :1:1: Premature end of file.
2025-12-18 20:27:21,535 [ERROR] LogOutputStream:75 - [STDERR_REDIRECT] 
2025-12-18 20:27:22,528 [ERROR] LogOutputStream:75 - [STDERR_REDIRECT] [Fatal Error] :1:1: Premature end of file.
2025-12-18 20:27:22,529 [ERROR] LogOutputStream:75 - [STDERR_REDIRECT] 
2025-12-18 20:27:23,530 [ERROR] LogOutputStream:75 - [STDERR_REDIRECT] [Fatal Error] :1:1: Premature end of file.
2025-12-18 20:27:23,530 [ERROR] LogOutputStream:75 - [STDERR_REDIRECT] 
2025-12-18 20:27:24,561 [ERROR] LogOutputStream:75 - [STDERR_REDIRECT] [Fatal Error] :1:1: Premature end of file.
2025-12-18 20:27:24,561 [ERROR] LogOutputStream:75 - [STDERR_REDIRECT] 
2025-12-18 20:27:25,530 [ERROR] LogOutputStream:75 - [STDERR_REDIRECT] [Fatal Error] :1:1: Premature end of file.
2025-12-18 20:27:25,530 [ERROR] LogOutputStream:75 - [STDERR_REDIRECT] 
2025-12-18 20:27:26,538 [ERROR] LogOutputStream:75 - [STDERR_REDIRECT] [Fatal Error] :1:1: Premature end of file.
2025-12-18 20:27:26,538 [ERROR] LogOutputStream:75 - [STDERR_REDIRECT] 
2025-12-18 20:27:27,530 [ERROR] LogOutputStream:75 - [STDERR_REDIRECT] [Fatal Error] :1:1: Premature end of file.
2025-12-18 20:27:27,530 [ERROR] LogOutputStream:75 - [STDERR_REDIRECT] 
2025-12-18 20:27:28,528 [ERROR] LogOutputStream:75 - [STDERR_REDIRECT] [Fatal Error] :1:1: Premature end of file.
2025-12-18 20:27:28,528 [ERROR] LogOutputStream:75 - [STDERR_REDIRECT] 
2025-12-18 20:27:29,545 [ERROR] LogOutputStream:75 - [STDERR_REDIRECT] [Fatal Error] :1:1: Premature end of file.
2025-12-18 20:27:29,545 [ERROR] LogOutputStream:75 - [STDERR_REDIRECT] 
2025-12-18 20:27:30,530 [ERROR] LogOutputStream:75 - [STDERR_REDIRECT] [Fatal Error] :1:1: Premature end of file.
2025-12-18 20:27:30,530 [ERROR] LogOutputStream:75 - [STDERR_REDIRECT] 
2025-12-18 20:27:31,534 [ERROR] LogOutputStream:75 - [STDERR_REDIRECT] [Fatal Error] :1:1: Premature end of file.
2025-12-18 20:27:31,534 [ERROR] LogOutputStream:75 - [STDERR_REDIRECT] 
2025-12-18 20:27:32,539 [ERROR] LogOutputStream:75 - [STDERR_REDIRECT] [Fatal Error] :1:1: Premature end of file.
2025-12-18 20:27:32,539 [ERROR] LogOutputStream:75 - [STDERR_REDIRECT] 
2025-12-18 20:27:33,530 [ERROR] LogOutputStream:75 - [STDERR_REDIRECT] [Fatal Error] :1:1: Premature end of file.
2025-12-18 20:27:33,531 [ERROR] LogOutputStream:75 - [STDERR_REDIRECT] 
2025-12-18 20:27:34,531 [ERROR] LogOutputStream:75 - [STDERR_REDIRECT] [Fatal Error] :1:1: Premature end of file.
2025-12-18 20:27:34,531 [ERROR] LogOutputStream:75 - [STDERR_REDIRECT] 
2025-12-18 20:27:35,543 [ERROR] LogOutputStream:75 - [STDERR_REDIRECT] [Fatal Error] :1:1: Premature end of file.
2025-12-18 20:27:35,543 [ERROR] LogOutputStream:75 - [STDERR_REDIRECT] 
2025-12-18 20:27:36,529 [ERROR] LogOutputStream:75 - [STDERR_REDIRECT] [Fatal Error] :1:1: Premature end of file.
2025-12-18 20:27:36,529 [ERROR] LogOutputStream:75 - [STDERR_REDIRECT] 
2025-12-18 20:27:37,529 [ERROR] LogOutputStream:75 - [STDERR_REDIRECT] [Fatal Error] :1:1: Premature end of file.
2025-12-18 20:27:37,529 [ERROR] LogOutputStream:75 - [STDERR_REDIRECT] 
2025-12-18 20:27:38,538 [ERROR] LogOutputStream:75 - [STDERR_REDIRECT] [Fatal Error] :1:1: Premature end of file.
2025-12-18 20:27:38,539 [ERROR] LogOutputStream:75 - [STDERR_REDIRECT] 
2025-12-18 20:27:39,561 [ERROR] LogOutputStream:75 - [STDERR_REDIRECT] [Fatal Error] :1:1: Premature end of file.
2025-12-18 20:27:39,561 [ERROR] LogOutputStream:75 - [STDERR_REDIRECT] 
2025-12-18 20:27:40,530 [ERROR] LogOutputStream:75 - [STDERR_REDIRECT] [Fatal Error] :1:1: Premature end of file.
2025-12-18 20:27:40,531 [ERROR] LogOutputStream:75 - [STDERR_REDIRECT] 
2025-12-18 20:27:41,529 [ERROR] LogOutputStream:75 - [STDERR_REDIRECT] [Fatal Error] :1:1: Premature end of file.
2025-12-18 20:27:41,529 [ERROR] LogOutputStream:75 - [STDERR_REDIRECT] 
2025-12-18 20:27:42,539 [ERROR] LogOutputStream:75 - [STDERR_REDIRECT] [Fatal Error] :1:1: Premature end of file.
2025-12-18 20:27:42,539 [ERROR] LogOutputStream:75 - [STDERR_REDIRECT] 
2025-12-18 20:27:43,528 [ERROR] LogOutputStream:75 - [STDERR_REDIRECT] [Fatal Error] :1:1: Premature end of file.
2025-12-18 20:27:43,530 [ERROR] LogOutputStream:75 - [STDERR_REDIRECT] 
2025-12-18 20:27:44,529 [ERROR] LogOutputStream:75 - [STDERR_REDIRECT] [Fatal Error] :1:1: Premature end of file.
2025-12-18 20:27:44,529 [ERROR] LogOutputStream:75 - [STDERR_REDIRECT] 
2025-12-18 20:27:45,529 [ERROR] LogOutputStream:75 - [STDERR_REDIRECT] [Fatal Error] :1:1: Premature end of file.
2025-12-18 20:27:45,530 [ERROR] LogOutputStream:75 - [STDERR_REDIRECT] 
2025-12-18 20:27:46,529 [ERROR] LogOutputStream:75 - [STDERR_REDIRECT] [Fatal Error] :1:1: Premature end of file.
2025-12-18 20:27:46,529 [ERROR] LogOutputStream:75 - [STDERR_REDIRECT] 
2025-12-18 20:27:47,559 [ERROR] LogOutputStream:75 - [STDERR_REDIRECT] [Fatal Error] :1:1: Premature end of file.
2025-12-18 20:27:47,559 [ERROR] LogOutputStream:75 - [STDERR_REDIRECT] 
2025-12-18 20:27:48,529 [ERROR] LogOutputStream:75 - [STDERR_REDIRECT] [Fatal Error] :1:1: Premature end of file.
2025-12-18 20:27:48,529 [ERROR] LogOutputStream:75 - [STDERR_REDIRECT] 
2025-12-18 20:27:49,530 [ERROR] LogOutputStream:75 - [STDERR_REDIRECT] [Fatal Error] :1:1: Premature end of file.
2025-12-18 20:27:49,530 [ERROR] LogOutputStream:75 - [STDERR_REDIRECT] 
2025-12-18 20:27:50,529 [ERROR] LogOutputStream:75 - [STDERR_REDIRECT] [Fatal Error] :1:1: Premature end of file.
2025-12-18 20:27:50,529 [ERROR] LogOutputStream:75 - [STDERR_REDIRECT] 
2025-12-18 20:27:51,532 [ERROR] LogOutputStream:75 - [STDERR_REDIRECT] [Fatal Error] :1:1: Premature end of file.
2025-12-18 20:27:51,534 [ERROR] LogOutputStream:75 - [STDERR_REDIRECT] 
2025-12-18 20:27:52,530 [ERROR] LogOutputStream:75 - [STDERR_REDIRECT] [Fatal Error] :1:1: Premature end of file.
2025-12-18 20:27:52,530 [ERROR] LogOutputStream:75 - [STDERR_REDIRECT] 
2025-12-18 20:27:53,542 [ERROR] LogOutputStream:75 - [STDERR_REDIRECT] [Fatal Error] :1:1: Premature end of file.
2025-12-18 20:27:53,542 [ERROR] LogOutputStream:75 - [STDERR_REDIRECT] 
2025-12-18 20:27:54,528 [ERROR] LogOutputStream:75 - [STDERR_REDIRECT] [Fatal Error] :1:1: Premature end of file.
2025-12-18 20:27:54,528 [ERROR] LogOutputStream:75 - [STDERR_REDIRECT] 
2025-12-18 20:27:55,530 [ERROR] LogOutputStream:75 - [STDERR_REDIRECT] [Fatal Error] :1:1: Premature end of file.
2025-12-18 20:27:55,530 [ERROR] LogOutputStream:75 - [STDERR_REDIRECT] 
2025-12-18 20:27:56,530 [ERROR] LogOutputStream:75 - [STDERR_REDIRECT] [Fatal Error] :1:1: Premature end of file.
2025-12-18 20:27:56,530 [ERROR] LogOutputStream:75 - [STDERR_REDIRECT] 
2025-12-18 20:27:57,530 [ERROR] LogOutputStream:75 - [STDERR_REDIRECT] [Fatal Error] :1:1: Premature end of file.
2025-12-18 20:27:57,531 [ERROR] LogOutputStream:75 - [STDERR_REDIRECT] 
2025-12-18 20:27:58,530 [ERROR] LogOutputStream:75 - [STDERR_REDIRECT] [Fatal Error] :1:1: Premature end of file.
2025-12-18 20:27:58,532 [ERROR] LogOutputStream:75 - [STDERR_REDIRECT] 
2025-12-18 20:27:59,530 [ERROR] LogOutputStream:75 - [STDERR_REDIRECT] [Fatal Error] :1:1: Premature end of file.
2025-12-18 20:27:59,530 [ERROR] LogOutputStream:75 - [STDERR_REDIRECT] 
2025-12-18 20:28:00,530 [ERROR] LogOutputStream:75 - [STDERR_REDIRECT] [Fatal Error] :1:1: Premature end of file.
2025-12-18 20:28:00,530 [ERROR] LogOutputStream:75 - [STDERR_REDIRECT] 
2025-12-18 20:28:01,530 [ERROR] LogOutputStream:75 - [STDERR_REDIRECT] [Fatal Error] :1:1: Premature end of file.
2025-12-18 20:28:01,530 [ERROR] LogOutputStream:75 - [STDERR_REDIRECT] 
2025-12-18 20:28:02,554 [ERROR] LogOutputStream:75 - [STDERR_REDIRECT] [Fatal Error] :1:1: Premature end of file.
2025-12-18 20:28:02,554 [ERROR] LogOutputStream:75 - [STDERR_REDIRECT] 
2025-12-18 20:28:03,539 [ERROR] LogOutputStream:75 - [STDERR_REDIRECT] [Fatal Error] :1:1: Premature end of file.
2025-12-18 20:28:03,539 [ERROR] LogOutputStream:75 - [STDERR_REDIRECT] 
2025-12-18 20:28:04,536 [ERROR] LogOutputStream:75 - [STDERR_REDIRECT] [Fatal Error] :1:1: Premature end of file.
2025-12-18 20:28:04,536 [ERROR] LogOutputStream:75 - [STDERR_REDIRECT] 
2025-12-18 20:28:05,548 [ERROR] LogOutputStream:75 - [STDERR_REDIRECT] [Fatal Error] :1:1: Premature end of file.
2025-12-18 20:28:05,550 [ERROR] LogOutputStream:75 - [STDERR_REDIRECT] 
2025-12-18 20:28:06,538 [ERROR] LogOutputStream:75 - [STDERR_REDIRECT] [Fatal Error] :1:1: Premature end of file.
2025-12-18 20:28:06,538 [ERROR] LogOutputStream:75 - [STDERR_REDIRECT] 
2025-12-18 20:28:07,559 [ERROR] LogOutputStream:75 - [STDERR_REDIRECT] [Fatal Error] :1:1: Premature end of file.
2025-12-18 20:28:07,560 [ERROR] LogOutputStream:75 - [STDERR_REDIRECT] 
2025-12-18 20:28:08,551 [ERROR] LogOutputStream:75 - [STDERR_REDIRECT] [Fatal Error] :1:1: Premature end of file.
2025-12-18 20:28:08,552 [ERROR] LogOutputStream:75 - [STDERR_REDIRECT] 
2025-12-18 20:28:09,539 [ERROR] LogOutputStream:75 - [STDERR_REDIRECT] [Fatal Error] :1:1: Premature end of file.
2025-12-18 20:28:09,539 [ERROR] LogOutputStream:75 - [STDERR_REDIRECT] 
2025-12-18 20:28:10,539 [ERROR] LogOutputStream:75 - [STDERR_REDIRECT] [Fatal Error] :1:1: Premature end of file.
2025-12-18 20:28:10,539 [ERROR] LogOutputStream:75 - [STDERR_REDIRECT] 
2025-12-18 20:28:11,539 [ERROR] LogOutputStream:75 - [STDERR_REDIRECT] [Fatal Error] :1:1: Premature end of file.
2025-12-18 20:28:11,539 [ERROR] LogOutputStream:75 - [STDERR_REDIRECT] 
2025-12-18 20:28:12,538 [ERROR] LogOutputStream:75 - [STDERR_REDIRECT] [Fatal Error] :1:1: Premature end of file.
2025-12-18 20:28:12,538 [ERROR] LogOutputStream:75 - [STDERR_REDIRECT] 
2025-12-18 20:28:13,540 [ERROR] LogOutputStream:75 - [STDERR_REDIRECT] [Fatal Error] :1:1: Premature end of file.
2025-12-18 20:28:13,540 [ERROR] LogOutputStream:75 - [STDERR_REDIRECT] 
2025-12-18 20:28:14,548 [ERROR] LogOutputStream:75 - [STDERR_REDIRECT] [Fatal Error] :1:1: Premature end of file.
2025-12-18 20:28:14,549 [ERROR] LogOutputStream:75 - [STDERR_REDIRECT] 
2025-12-18 20:28:15,537 [ERROR] LogOutputStream:75 - [STDERR_REDIRECT] [Fatal Error] :1:1: Premature end of file.
2025-12-18 20:28:15,538 [ERROR] LogOutputStream:75 - [STDERR_REDIRECT] 
2025-12-18 20:28:16,541 [ERROR] LogOutputStream:75 - [STDERR_REDIRECT] [Fatal Error] :1:1: Premature end of file.
2025-12-18 20:28:16,541 [ERROR] LogOutputStream:75 - [STDERR_REDIRECT] 
2025-12-18 20:28:17,536 [ERROR] LogOutputStream:75 - [STDERR_REDIRECT] [Fatal Error] :1:1: Premature end of file.
2025-12-18 20:28:17,536 [ERROR] LogOutputStream:75 - [STDERR_REDIRECT] 
2025-12-18 20:28:18,535 [ERROR] LogOutputStream:75 - [STDERR_REDIRECT] [Fatal Error] :1:1: Premature end of file.
2025-12-18 20:28:18,535 [ERROR] LogOutputStream:75 - [STDERR_REDIRECT] 
2025-12-18 20:28:19,533 [ERROR] LogOutputStream:75 - [STDERR_REDIRECT] [Fatal Error] :1:1: Premature end of file.
2025-12-18 20:28:19,533 [ERROR] LogOutputStream:75 - [STDERR_REDIRECT] 
2025-12-18 20:28:20,530 [ERROR] LogOutputStream:75 - [STDERR_REDIRECT] [Fatal Error] :1:1: Premature end of file.
2025-12-18 20:28:20,530 [ERROR] LogOutputStream:75 - [STDERR_REDIRECT] 
2025-12-18 20:28:21,530 [ERROR] LogOutputStream:75 - [STDERR_REDIRECT] [Fatal Error] :1:1: Premature end of file.
2025-12-18 20:28:21,530 [ERROR] LogOutputStream:75 - [STDERR_REDIRECT] 
2025-12-18 20:28:22,529 [ERROR] LogOutputStream:75 - [STDERR_REDIRECT] [Fatal Error] :1:1: Premature end of file.
2025-12-18 20:28:22,530 [ERROR] LogOutputStream:75 - [STDERR_REDIRECT] 
2025-12-18 20:28:23,539 [ERROR] LogOutputStream:75 - [STDERR_REDIRECT] [Fatal Error] :1:1: Premature end of file.
2025-12-18 20:28:23,540 [ERROR] LogOutputStream:75 - [STDERR_REDIRECT] 
2025-12-18 20:28:24,536 [ERROR] LogOutputStream:75 - [STDERR_REDIRECT] [Fatal Error] :1:1: Premature end of file.
2025-12-18 20:28:24,537 [ERROR] LogOutputStream:75 - [STDERR_REDIRECT] 
2025-12-18 20:28:25,552 [ERROR] LogOutputStream:75 - [STDERR_REDIRECT] [Fatal Error] :1:1: Premature end of file.
2025-12-18 20:28:25,553 [ERROR] LogOutputStream:75 - [STDERR_REDIRECT] 
2025-12-18 20:28:26,528 [ERROR] LogOutputStream:75 - [STDERR_REDIRECT] [Fatal Error] :1:1: Premature end of file.
2025-12-18 20:28:26,528 [ERROR] LogOutputStream:75 - [STDERR_REDIRECT] 
2025-12-18 20:28:27,558 [ERROR] LogOutputStream:75 - [STDERR_REDIRECT] [Fatal Error] :1:1: Premature end of file.
2025-12-18 20:28:27,558 [ERROR] LogOutputStream:75 - [STDERR_REDIRECT] 
2025-12-18 20:28:28,536 [ERROR] LogOutputStream:75 - [STDERR_REDIRECT] [Fatal Error] :1:1: Premature end of file.
2025-12-18 20:28:28,536 [ERROR] LogOutputStream:75 - [STDERR_REDIRECT] 
2025-12-18 20:28:29,563 [ERROR] LogOutputStream:75 - [STDERR_REDIRECT] [Fatal Error] :1:1: Premature end of file.
2025-12-18 20:28:29,564 [ERROR] LogOutputStream:75 - [STDERR_REDIRECT] 
2025-12-18 20:28:30,540 [ERROR] LogOutputStream:75 - [STDERR_REDIRECT] [Fatal Error] :1:1: Premature end of file.
2025-12-18 20:28:30,542 [ERROR] LogOutputStream:75 - [STDERR_REDIRECT] 
2025-12-18 20:28:31,530 [ERROR] LogOutputStream:75 - [STDERR_REDIRECT] [Fatal Error] :1:1: Premature end of file.
2025-12-18 20:28:31,530 [ERROR] LogOutputStream:75 - [STDERR_REDIRECT] 
2025-12-18 20:28:32,529 [ERROR] LogOutputStream:75 - [STDERR_REDIRECT] [Fatal Error] :1:1: Premature end of file.
2025-12-18 20:28:32,529 [ERROR] LogOutputStream:75 - [STDERR_REDIRECT] 
2025-12-18 20:28:33,532 [ERROR] LogOutputStream:75 - [STDERR_REDIRECT] [Fatal Error] :1:1: Premature end of file.
2025-12-18 20:28:33,532 [ERROR] LogOutputStream:75 - [STDERR_REDIRECT] 
2025-12-18 20:28:34,528 [ERROR] LogOutputStream:75 - [STDERR_REDIRECT] [Fatal Error] :1:1: Premature end of file.
2025-12-18 20:28:34,528 [ERROR] LogOutputStream:75 - [STDERR_REDIRECT] 
2025-12-18 20:28:35,529 [ERROR] LogOutputStream:75 - [STDERR_REDIRECT] [Fatal Error] :1:1: Premature end of file.
2025-12-18 20:28:35,529 [ERROR] LogOutputStream:75 - [STDERR_REDIRECT] 
2025-12-18 20:28:36,566 [ERROR] LogOutputStream:75 - [STDERR_REDIRECT] [Fatal Error] :1:1: Premature end of file.
2025-12-18 20:28:36,566 [ERROR] LogOutputStream:75 - [STDERR_REDIRECT] 
2025-12-18 20:28:37,537 [ERROR] LogOutputStream:75 - [STDERR_REDIRECT] [Fatal Error] :1:1: Premature end of file.
2025-12-18 20:28:37,537 [ERROR] LogOutputStream:75 - [STDERR_REDIRECT] 
2025-12-18 20:28:38,541 [ERROR] LogOutputStream:75 - [STDERR_REDIRECT] [Fatal Error] :1:1: Premature end of file.
2025-12-18 20:28:38,542 [ERROR] LogOutputStream:75 - [STDERR_REDIRECT] 
2025-12-18 20:28:39,537 [ERROR] LogOutputStream:75 - [STDERR_REDIRECT] [Fatal Error] :1:1: Premature end of file.
2025-12-18 20:28:39,537 [ERROR] LogOutputStream:75 - [STDERR_REDIRECT] 
2025-12-18 20:28:40,545 [ERROR] LogOutputStream:75 - [STDERR_REDIRECT] [Fatal Error] :1:1: Premature end of file.
2025-12-18 20:28:40,547 [ERROR] LogOutputStream:75 - [STDERR_REDIRECT] 
2025-12-18 20:28:41,537 [ERROR] LogOutputStream:75 - [STDERR_REDIRECT] [Fatal Error] :1:1: Premature end of file.
2025-12-18 20:28:41,537 [ERROR] LogOutputStream:75 - [STDERR_REDIRECT] 
2025-12-18 20:28:42,560 [ERROR] LogOutputStream:75 - [STDERR_REDIRECT] [Fatal Error] :1:1: Premature end of file.
2025-12-18 20:28:42,560 [ERROR] LogOutputStream:75 - [STDERR_REDIRECT] 
2025-12-18 20:28:43,548 [ERROR] LogOutputStream:75 - [STDERR_REDIRECT] [Fatal Error] :1:1: Premature end of file.
2025-12-18 20:28:43,548 [ERROR] LogOutputStream:75 - [STDERR_REDIRECT] 
2025-12-18 20:28:44,542 [ERROR] LogOutputStream:75 - [STDERR_REDIRECT] [Fatal Error] :1:1: Premature end of file.
2025-12-18 20:28:44,542 [ERROR] LogOutputStream:75 - [STDERR_REDIRECT] 
2025-12-18 20:28:45,552 [ERROR] LogOutputStream:75 - [STDERR_REDIRECT] [Fatal Error] :1:1: Premature end of file.
2025-12-18 20:28:45,552 [ERROR] LogOutputStream:75 - [STDERR_REDIRECT] 
2025-12-18 20:28:46,563 [ERROR] LogOutputStream:75 - [STDERR_REDIRECT] [Fatal Error] :1:1: Premature end of file.
2025-12-18 20:28:46,564 [ERROR] LogOutputStream:75 - [STDERR_REDIRECT] 
2025-12-18 20:28:47,542 [ERROR] LogOutputStream:75 - [STDERR_REDIRECT] [Fatal Error] :1:1: Premature end of file.
2025-12-18 20:28:47,542 [ERROR] LogOutputStream:75 - [STDERR_REDIRECT] 
2025-12-18 20:28:48,531 [ERROR] LogOutputStream:75 - [STDERR_REDIRECT] [Fatal Error] :1:1: Premature end of file.
2025-12-18 20:28:48,532 [ERROR] LogOutputStream:75 - [STDERR_REDIRECT] 
2025-12-18 20:28:49,565 [ERROR] LogOutputStream:75 - [STDERR_REDIRECT] [Fatal Error] :1:1: Premature end of file.
2025-12-18 20:28:49,565 [ERROR] LogOutputStream:75 - [STDERR_REDIRECT] 
2025-12-18 20:28:50,557 [ERROR] LogOutputStream:75 - [STDERR_REDIRECT] [Fatal Error] :1:1: Premature end of file.
2025-12-18 20:28:50,557 [ERROR] LogOutputStream:75 - [STDERR_REDIRECT] 
2025-12-18 20:28:51,562 [ERROR] LogOutputStream:75 - [STDERR_REDIRECT] [Fatal Error] :1:1: Premature end of file.
2025-12-18 20:28:51,562 [ERROR] LogOutputStream:75 - [STDERR_REDIRECT] 
2025-12-18 20:28:52,540 [ERROR] LogOutputStream:75 - [STDERR_REDIRECT] [Fatal Error] :1:1: Premature end of file.
2025-12-18 20:28:52,540 [ERROR] LogOutputStream:75 - [STDERR_REDIRECT] 
2025-12-18 20:28:53,572 [ERROR] LogOutputStream:75 - [STDERR_REDIRECT] [Fatal Error] :1:1: Premature end of file.
2025-12-18 20:28:53,572 [ERROR] LogOutputStream:75 - [STDERR_REDIRECT] 
2025-12-18 20:28:54,538 [ERROR] LogOutputStream:75 - [STDERR_REDIRECT] [Fatal Error] :1:1: Premature end of file.
2025-12-18 20:28:54,538 [ERROR] LogOutputStream:75 - [STDERR_REDIRECT] 
2025-12-18 20:28:55,546 [ERROR] LogOutputStream:75 - [STDERR_REDIRECT] [Fatal Error] :1:1: Premature end of file.
2025-12-18 20:28:55,546 [ERROR] LogOutputStream:75 - [STDERR_REDIRECT] 
2025-12-18 20:28:56,543 [ERROR] LogOutputStream:75 - [STDERR_REDIRECT] [Fatal Error] :1:1: Premature end of file.
2025-12-18 20:28:56,543 [ERROR] LogOutputStream:75 - [STDERR_REDIRECT] 
2025-12-18 20:28:57,540 [ERROR] LogOutputStream:75 - [STDERR_REDIRECT] [Fatal Error] :1:1: Premature end of file.
2025-12-18 20:28:57,541 [ERROR] LogOutputStream:75 - [STDERR_REDIRECT] 
2025-12-18 20:28:58,580 [ERROR] LogOutputStream:75 - [STDERR_REDIRECT] [Fatal Error] :1:1: Premature end of file.
2025-12-18 20:28:58,580 [ERROR] LogOutputStream:75 - [STDERR_REDIRECT] 
2025-12-18 20:28:59,545 [ERROR] LogOutputStream:75 - [STDERR_REDIRECT] [Fatal Error] :1:1: Premature end of file.
2025-12-18 20:28:59,547 [ERROR] LogOutputStream:75 - [STDERR_REDIRECT] 
2025-12-18 20:29:00,540 [ERROR] LogOutputStream:75 - [STDERR_REDIRECT] [Fatal Error] :1:1: Premature end of file.
2025-12-18 20:29:00,540 [ERROR] LogOutputStream:75 - [STDERR_REDIRECT] 
2025-12-18 20:29:01,550 [ERROR] LogOutputStream:75 - [STDERR_REDIRECT] [Fatal Error] :1:1: Premature end of file.
2025-12-18 20:29:01,551 [ERROR] LogOutputStream:75 - [STDERR_REDIRECT] 
2025-12-18 20:29:02,534 [ERROR] LogOutputStream:75 - [STDERR_REDIRECT] [Fatal Error] :1:1: Premature end of file.
2025-12-18 20:29:02,535 [ERROR] LogOutputStream:75 - [STDERR_REDIRECT] 
2025-12-18 20:29:03,532 [ERROR] LogOutputStream:75 - [STDERR_REDIRECT] [Fatal Error] :1:1: Premature end of file.
2025-12-18 20:29:03,532 [ERROR] LogOutputStream:75 - [STDERR_REDIRECT] 
2025-12-18 20:29:04,560 [ERROR] LogOutputStream:75 - [STDERR_REDIRECT] [Fatal Error] :1:1: Premature end of file.
2025-12-18 20:29:04,561 [ERROR] LogOutputStream:75 - [STDERR_REDIRECT] 
2025-12-18 20:29:05,546 [ERROR] LogOutputStream:75 - [STDERR_REDIRECT] [Fatal Error] :1:1: Premature end of file.
2025-12-18 20:29:05,546 [ERROR] LogOutputStream:75 - [STDERR_REDIRECT] 
2025-12-18 20:29:06,549 [ERROR] LogOutputStream:75 - [STDERR_REDIRECT] [Fatal Error] :1:1: Premature end of file.
2025-12-18 20:29:06,549 [ERROR] LogOutputStream:75 - [STDERR_REDIRECT] 
2025-12-18 20:29:07,542 [ERROR] LogOutputStream:75 - [STDERR_REDIRECT] [Fatal Error] :1:1: Premature end of file.
2025-12-18 20:29:07,542 [ERROR] LogOutputStream:75 - [STDERR_REDIRECT] 
2025-12-18 20:29:08,551 [ERROR] LogOutputStream:75 - [STDERR_REDIRECT] [Fatal Error] :1:1: Premature end of file.
2025-12-18 20:29:08,551 [ERROR] LogOutputStream:75 - [STDERR_REDIRECT] 
2025-12-18 20:29:09,538 [ERROR] LogOutputStream:75 - [STDERR_REDIRECT] [Fatal Error] :1:1: Premature end of file.
2025-12-18 20:29:09,539 [ERROR] LogOutputStream:75 - [STDERR_REDIRECT] 
2025-12-18 20:29:10,557 [ERROR] LogOutputStream:75 - [STDERR_REDIRECT] [Fatal Error] :1:1: Premature end of file.
2025-12-18 20:29:10,557 [ERROR] LogOutputStream:75 - [STDERR_REDIRECT] 
2025-12-18 20:29:11,546 [ERROR] LogOutputStream:75 - [STDERR_REDIRECT] [Fatal Error] :1:1: Premature end of file.
2025-12-18 20:29:11,547 [ERROR] LogOutputStream:75 - [STDERR_REDIRECT] 
2025-12-18 20:29:12,535 [ERROR] LogOutputStream:75 - [STDERR_REDIRECT] [Fatal Error] :1:1: Premature end of file.
2025-12-18 20:29:12,535 [ERROR] LogOutputStream:75 - [STDERR_REDIRECT] 
2025-12-18 20:29:13,549 [ERROR] LogOutputStream:75 - [STDERR_REDIRECT] [Fatal Error] :1:1: Premature end of file.
2025-12-18 20:29:13,549 [ERROR] LogOutputStream:75 - [STDERR_REDIRECT] 
2025-12-18 20:29:14,532 [ERROR] LogOutputStream:75 - [STDERR_REDIRECT] [Fatal Error] :1:1: Premature end of file.
2025-12-18 20:29:14,532 [ERROR] LogOutputStream:75 - [STDERR_REDIRECT] 
2025-12-18 20:29:15,550 [ERROR] LogOutputStream:75 - [STDERR_REDIRECT] [Fatal Error] :1:1: Premature end of file.
2025-12-18 20:29:15,550 [ERROR] LogOutputStream:75 - [STDERR_REDIRECT] 
2025-12-18 20:29:16,549 [ERROR] LogOutputStream:75 - [STDERR_REDIRECT] [Fatal Error] :1:1: Premature end of file.
2025-12-18 20:29:16,549 [ERROR] LogOutputStream:75 - [STDERR_REDIRECT] 
2025-12-18 20:29:17,564 [ERROR] LogOutputStream:75 - [STDERR_REDIRECT] [Fatal Error] :1:1: Premature end of file.
2025-12-18 20:29:17,566 [ERROR] LogOutputStream:75 - [STDERR_REDIRECT] 
2025-12-18 20:29:18,542 [ERROR] LogOutputStream:75 - [STDERR_REDIRECT] [Fatal Error] :1:1: Premature end of file.
2025-12-18 20:29:18,544 [ERROR] LogOutputStream:75 - [STDERR_REDIRECT] 
2025-12-18 20:29:19,537 [ERROR] LogOutputStream:75 - [STDERR_REDIRECT] [Fatal Error] :1:1: Premature end of file.
2025-12-18 20:29:19,538 [ERROR] LogOutputStream:75 - [STDERR_REDIRECT] 
2025-12-18 20:29:20,549 [ERROR] LogOutputStream:75 - [STDERR_REDIRECT] [Fatal Error] :1:1: Premature end of file.
2025-12-18 20:29:20,549 [ERROR] LogOutputStream:75 - [STDERR_REDIRECT] 
2025-12-18 20:29:21,544 [ERROR] LogOutputStream:75 - [STDERR_REDIRECT] [Fatal Error] :1:1: Premature end of file.
2025-12-18 20:29:21,544 [ERROR] LogOutputStream:75 - [STDERR_REDIRECT] 
2025-12-18 20:29:22,554 [ERROR] LogOutputStream:75 - [STDERR_REDIRECT] [Fatal Error] :1:1: Premature end of file.
2025-12-18 20:29:22,554 [ERROR] LogOutputStream:75 - [STDERR_REDIRECT] 
2025-12-18 20:29:23,564 [ERROR] LogOutputStream:75 - [STDERR_REDIRECT] [Fatal Error] :1:1: Premature end of file.
2025-12-18 20:29:23,564 [ERROR] LogOutputStream:75 - [STDERR_REDIRECT] 
2025-12-18 20:29:24,534 [ERROR] LogOutputStream:75 - [STDERR_REDIRECT] [Fatal Error] :1:1: Premature end of file.
2025-12-18 20:29:24,534 [ERROR] LogOutputStream:75 - [STDERR_REDIRECT] 
2025-12-18 20:29:25,543 [ERROR] LogOutputStream:75 - [STDERR_REDIRECT] [Fatal Error] :1:1: Premature end of file.
2025-12-18 20:29:25,544 [ERROR] LogOutputStream:75 - [STDERR_REDIRECT] 
2025-12-18 20:29:26,543 [ERROR] LogOutputStream:75 - [STDERR_REDIRECT] [Fatal Error] :1:1: Premature end of file.
2025-12-18 20:29:26,545 [ERROR] LogOutputStream:75 - [STDERR_REDIRECT] 
2025-12-18 20:29:27,541 [ERROR] LogOutputStream:75 - [STDERR_REDIRECT] [Fatal Error] :1:1: Premature end of file.
2025-12-18 20:29:27,541 [ERROR] LogOutputStream:75 - [STDERR_REDIRECT] 
2025-12-18 20:29:28,549 [ERROR] LogOutputStream:75 - [STDERR_REDIRECT] [Fatal Error] :1:1: Premature end of file.
2025-12-18 20:29:28,549 [ERROR] LogOutputStream:75 - [STDERR_REDIRECT] 
2025-12-18 20:29:29,543 [ERROR] LogOutputStream:75 - [STDERR_REDIRECT] [Fatal Error] :1:1: Premature end of file.
2025-12-18 20:29:29,544 [ERROR] LogOutputStream:75 - [STDERR_REDIRECT] 
2025-12-18 20:29:30,567 [ERROR] LogOutputStream:75 - [STDERR_REDIRECT] [Fatal Error] :1:1: Premature end of file.
2025-12-18 20:29:30,567 [ERROR] LogOutputStream:75 - [STDERR_REDIRECT] 
2025-12-18 20:29:31,554 [ERROR] LogOutputStream:75 - [STDERR_REDIRECT] [Fatal Error] :1:1: Premature end of file.
2025-12-18 20:29:31,554 [ERROR] LogOutputStream:75 - [STDERR_REDIRECT] 
2025-12-18 20:29:32,544 [ERROR] LogOutputStream:75 - [STDERR_REDIRECT] [Fatal Error] :1:1: Premature end of file.
2025-12-18 20:29:32,544 [ERROR] LogOutputStream:75 - [STDERR_REDIRECT] 
2025-12-18 20:29:33,534 [ERROR] LogOutputStream:75 - [STDERR_REDIRECT] [Fatal Error] :1:1: Premature end of file.
2025-12-18 20:29:33,534 [ERROR] LogOutputStream:75 - [STDERR_REDIRECT] 
2025-12-18 20:29:34,555 [ERROR] LogOutputStream:75 - [STDERR_REDIRECT] [Fatal Error] :1:1: Premature end of file.
2025-12-18 20:29:34,556 [ERROR] LogOutputStream:75 - [STDERR_REDIRECT] 
2025-12-18 20:29:35,571 [ERROR] LogOutputStream:75 - [STDERR_REDIRECT] [Fatal Error] :1:1: Premature end of file.
2025-12-18 20:29:35,571 [ERROR] LogOutputStream:75 - [STDERR_REDIRECT] 
2025-12-18 20:29:36,534 [ERROR] LogOutputStream:75 - [STDERR_REDIRECT] [Fatal Error] :1:1: Premature end of file.
2025-12-18 20:29:36,534 [ERROR] LogOutputStream:75 - [STDERR_REDIRECT] 
2025-12-18 20:29:37,540 [ERROR] LogOutputStream:75 - [STDERR_REDIRECT] [Fatal Error] :1:1: Premature end of file.
2025-12-18 20:29:37,541 [ERROR] LogOutputStream:75 - [STDERR_REDIRECT] 
2025-12-18 20:29:38,549 [ERROR] LogOutputStream:75 - [STDERR_REDIRECT] [Fatal Error] :1:1: Premature end of file.
2025-12-18 20:29:38,550 [ERROR] LogOutputStream:75 - [STDERR_REDIRECT] 
2025-12-18 20:29:39,542 [ERROR] LogOutputStream:75 - [STDERR_REDIRECT] [Fatal Error] :1:1: Premature end of file.
2025-12-18 20:29:39,542 [ERROR] LogOutputStream:75 - [STDERR_REDIRECT] 
2025-12-18 20:29:40,550 [ERROR] LogOutputStream:75 - [STDERR_REDIRECT] [Fatal Error] :1:1: Premature end of file.
2025-12-18 20:29:40,550 [ERROR] LogOutputStream:75 - [STDERR_REDIRECT] 
2025-12-18 20:29:41,543 [ERROR] LogOutputStream:75 - [STDERR_REDIRECT] [Fatal Error] :1:1: Premature end of file.
2025-12-18 20:29:41,544 [ERROR] LogOutputStream:75 - [STDERR_REDIRECT] 
2025-12-18 20:29:42,540 [ERROR] LogOutputStream:75 - [STDERR_REDIRECT] [Fatal Error] :1:1: Premature end of file.
2025-12-18 20:29:42,540 [ERROR] LogOutputStream:75 - [STDERR_REDIRECT] 
2025-12-18 20:29:43,548 [ERROR] LogOutputStream:75 - [STDERR_REDIRECT] [Fatal Error] :1:1: Premature end of file.
2025-12-18 20:29:43,548 [ERROR] LogOutputStream:75 - [STDERR_REDIRECT] 
2025-12-18 20:29:44,545 [ERROR] LogOutputStream:75 - [STDERR_REDIRECT] [Fatal Error] :1:1: Premature end of file.
2025-12-18 20:29:44,545 [ERROR] LogOutputStream:75 - [STDERR_REDIRECT] 
2025-12-18 20:29:45,534 [ERROR] LogOutputStream:75 - [STDERR_REDIRECT] [Fatal Error] :1:1: Premature end of file.
2025-12-18 20:29:45,534 [ERROR] LogOutputStream:75 - [STDERR_REDIRECT] 
2025-12-18 20:29:46,552 [ERROR] LogOutputStream:75 - [STDERR_REDIRECT] [Fatal Error] :1:1: Premature end of file.
2025-12-18 20:29:46,554 [ERROR] LogOutputStream:75 - [STDERR_REDIRECT] 
2025-12-18 20:29:47,544 [ERROR] LogOutputStream:75 - [STDERR_REDIRECT] [Fatal Error] :1:1: Premature end of file.
2025-12-18 20:29:47,545 [ERROR] LogOutputStream:75 - [STDERR_REDIRECT] 
2025-12-18 20:29:48,557 [ERROR] LogOutputStream:75 - [STDERR_REDIRECT] [Fatal Error] :1:1: Premature end of file.
2025-12-18 20:29:48,558 [ERROR] LogOutputStream:75 - [STDERR_REDIRECT] 
2025-12-18 20:29:49,565 [ERROR] LogOutputStream:75 - [STDERR_REDIRECT] [Fatal Error] :1:1: Premature end of file.
2025-12-18 20:29:49,565 [ERROR] LogOutputStream:75 - [STDERR_REDIRECT] 
2025-12-18 20:29:50,559 [ERROR] LogOutputStream:75 - [STDERR_REDIRECT] [Fatal Error] :1:1: Premature end of file.
2025-12-18 20:29:50,559 [ERROR] LogOutputStream:75 - [STDERR_REDIRECT] 
2025-12-18 20:29:51,547 [ERROR] LogOutputStream:75 - [STDERR_REDIRECT] [Fatal Error] :1:1: Premature end of file.
2025-12-18 20:29:51,548 [ERROR] LogOutputStream:75 - [STDERR_REDIRECT] 
2025-12-18 20:29:52,548 [ERROR] LogOutputStream:75 - [STDERR_REDIRECT] [Fatal Error] :1:1: Premature end of file.
2025-12-18 20:29:52,548 [ERROR] LogOutputStream:75 - [STDERR_REDIRECT] 
2025-12-18 20:29:53,551 [ERROR] LogOutputStream:75 - [STDERR_REDIRECT] [Fatal Error] :1:1: Premature end of file.
2025-12-18 20:29:53,551 [ERROR] LogOutputStream:75 - [STDERR_REDIRECT] 
2025-12-18 20:29:54,537 [ERROR] LogOutputStream:75 - [STDERR_REDIRECT] [Fatal Error] :1:1: Premature end of file.
2025-12-18 20:29:54,538 [ERROR] LogOutputStream:75 - [STDERR_REDIRECT] 
2025-12-18 20:29:55,574 [ERROR] LogOutputStream:75 - [STDERR_REDIRECT] [Fatal Error] :1:1: Premature end of file.
2025-12-18 20:29:55,574 [ERROR] LogOutputStream:75 - [STDERR_REDIRECT] 
2025-12-18 20:29:56,555 [ERROR] LogOutputStream:75 - [STDERR_REDIRECT] [Fatal Error] :1:1: Premature end of file.
2025-12-18 20:29:56,556 [ERROR] LogOutputStream:75 - [STDERR_REDIRECT] 
2025-12-18 20:29:57,539 [ERROR] LogOutputStream:75 - [STDERR_REDIRECT] [Fatal Error] :1:1: Premature end of file.
2025-12-18 20:29:57,541 [ERROR] LogOutputStream:75 - [STDERR_REDIRECT] 
2025-12-18 20:29:58,554 [ERROR] LogOutputStream:75 - [STDERR_REDIRECT] [Fatal Error] :1:1: Premature end of file.
2025-12-18 20:29:58,554 [ERROR] LogOutputStream:75 - [STDERR_REDIRECT] 
2025-12-18 20:29:59,548 [ERROR] LogOutputStream:75 - [STDERR_REDIRECT] [Fatal Error] :1:1: Premature end of file.
2025-12-18 20:29:59,549 [ERROR] LogOutputStream:75 - [STDERR_REDIRECT] 
2025-12-18 20:30:00,564 [ERROR] LogOutputStream:75 - [STDERR_REDIRECT] [Fatal Error] :1:1: Premature end of file.
2025-12-18 20:30:00,564 [ERROR] LogOutputStream:75 - [STDERR_REDIRECT] 
2025-12-18 20:30:01,553 [ERROR] LogOutputStream:75 - [STDERR_REDIRECT] [Fatal Error] :1:1: Premature end of file.
2025-12-18 20:30:01,554 [ERROR] LogOutputStream:75 - [STDERR_REDIRECT] 
2025-12-18 20:30:02,539 [ERROR] LogOutputStream:75 - [STDERR_REDIRECT] [Fatal Error] :1:1: Premature end of file.
2025-12-18 20:30:02,539 [ERROR] LogOutputStream:75 - [STDERR_REDIRECT] 
2025-12-18 20:30:03,541 [ERROR] LogOutputStream:75 - [STDERR_REDIRECT] [Fatal Error] :1:1: Premature end of file.
2025-12-18 20:30:03,541 [ERROR] LogOutputStream:75 - [STDERR_REDIRECT] 
2025-12-18 20:30:04,543 [ERROR] LogOutputStream:75 - [STDERR_REDIRECT] [Fatal Error] :1:1: Premature end of file.
2025-12-18 20:30:04,545 [ERROR] LogOutputStream:75 - [STDERR_REDIRECT] 
2025-12-18 20:30:05,553 [ERROR] LogOutputStream:75 - [STDERR_REDIRECT] [Fatal Error] :1:1: Premature end of file.
2025-12-18 20:30:05,553 [ERROR] LogOutputStream:75 - [STDERR_REDIRECT] 
2025-12-18 20:30:06,570 [ERROR] LogOutputStream:75 - [STDERR_REDIRECT] [Fatal Error] :1:1: Premature end of file.
2025-12-18 20:30:06,570 [ERROR] LogOutputStream:75 - [STDERR_REDIRECT] 
2025-12-18 20:30:07,544 [ERROR] LogOutputStream:75 - [STDERR_REDIRECT] [Fatal Error] :1:1: Premature end of file.
2025-12-18 20:30:07,544 [ERROR] LogOutputStream:75 - [STDERR_REDIRECT] 
2025-12-18 20:30:08,546 [ERROR] LogOutputStream:75 - [STDERR_REDIRECT] [Fatal Error] :1:1: Premature end of file.
2025-12-18 20:30:08,546 [ERROR] LogOutputStream:75 - [STDERR_REDIRECT] 
2025-12-18 20:30:09,546 [ERROR] LogOutputStream:75 - [STDERR_REDIRECT] [Fatal Error] :1:1: Premature end of file.
2025-12-18 20:30:09,546 [ERROR] LogOutputStream:75 - [STDERR_REDIRECT] 
2025-12-18 20:30:10,547 [ERROR] LogOutputStream:75 - [STDERR_REDIRECT] [Fatal Error] :1:1: Premature end of file.
2025-12-18 20:30:10,547 [ERROR] LogOutputStream:75 - [STDERR_REDIRECT] 
2025-12-18 20:30:11,552 [ERROR] LogOutputStream:75 - [STDERR_REDIRECT] [Fatal Error] :1:1: Premature end of file.
2025-12-18 20:30:11,552 [ERROR] LogOutputStream:75 - [STDERR_REDIRECT] 
2025-12-18 20:30:12,561 [ERROR] LogOutputStream:75 - [STDERR_REDIRECT] [Fatal Error] :1:1: Premature end of file.
2025-12-18 20:30:12,561 [ERROR] LogOutputStream:75 - [STDERR_REDIRECT] 
2025-12-18 20:30:13,545 [ERROR] LogOutputStream:75 - [STDERR_REDIRECT] [Fatal Error] :1:1: Premature end of file.
2025-12-18 20:30:13,545 [ERROR] LogOutputStream:75 - [STDERR_REDIRECT] 
2025-12-18 20:30:14,531 [ERROR] LogOutputStream:75 - [STDERR_REDIRECT] [Fatal Error] :1:1: Premature end of file.
2025-12-18 20:30:14,532 [ERROR] LogOutputStream:75 - [STDERR_REDIRECT] 
2025-12-18 20:30:15,557 [ERROR] LogOutputStream:75 - [STDERR_REDIRECT] [Fatal Error] :1:1: Premature end of file.
2025-12-18 20:30:15,557 [ERROR] LogOutputStream:75 - [STDERR_REDIRECT] 
2025-12-18 20:30:16,534 [ERROR] LogOutputStream:75 - [STDERR_REDIRECT] [Fatal Error] :1:1: Premature end of file.
2025-12-18 20:30:16,534 [ERROR] LogOutputStream:75 - [STDERR_REDIRECT] 
2025-12-18 20:30:17,533 [ERROR] LogOutputStream:75 - [STDERR_REDIRECT] [Fatal Error] :1:1: Premature end of file.
2025-12-18 20:30:17,533 [ERROR] LogOutputStream:75 - [STDERR_REDIRECT] 
2025-12-18 20:30:18,571 [ERROR] LogOutputStream:75 - [STDERR_REDIRECT] [Fatal Error] :1:1: Premature end of file.
2025-12-18 20:30:18,571 [ERROR] LogOutputStream:75 - [STDERR_REDIRECT] 
2025-12-18 20:30:19,531 [ERROR] LogOutputStream:75 - [STDERR_REDIRECT] [Fatal Error] :1:1: Premature end of file.
2025-12-18 20:30:19,532 [ERROR] LogOutputStream:75 - [STDERR_REDIRECT] 
2025-12-18 20:30:20,554 [ERROR] LogOutputStream:75 - [STDERR_REDIRECT] [Fatal Error] :1:1: Premature end of file.
2025-12-18 20:30:20,554 [ERROR] LogOutputStream:75 - [STDERR_REDIRECT] 
2025-12-18 20:30:21,544 [ERROR] LogOutputStream:75 - [STDERR_REDIRECT] [Fatal Error] :1:1: Premature end of file.
2025-12-18 20:30:21,544 [ERROR] LogOutputStream:75 - [STDERR_REDIRECT] 
2025-12-18 20:30:22,562 [ERROR] LogOutputStream:75 - [STDERR_REDIRECT] [Fatal Error] :1:1: Premature end of file.
2025-12-18 20:30:22,562 [ERROR] LogOutputStream:75 - [STDERR_REDIRECT] 
2025-12-18 20:30:23,545 [ERROR] LogOutputStream:75 - [STDERR_REDIRECT] [Fatal Error] :1:1: Premature end of file.
2025-12-18 20:30:23,546 [ERROR] LogOutputStream:75 - [STDERR_REDIRECT] 
2025-12-18 20:30:24,537 [ERROR] LogOutputStream:75 - [STDERR_REDIRECT] [Fatal Error] :1:1: Premature end of file.
2025-12-18 20:30:24,537 [ERROR] LogOutputStream:75 - [STDERR_REDIRECT] 
2025-12-18 20:30:25,551 [ERROR] LogOutputStream:75 - [STDERR_REDIRECT] [Fatal Error] :1:1: Premature end of file.
2025-12-18 20:30:25,553 [ERROR] LogOutputStream:75 - [STDERR_REDIRECT] 
2025-12-18 20:30:26,556 [ERROR] LogOutputStream:75 - [STDERR_REDIRECT] [Fatal Error] :1:1: Premature end of file.
2025-12-18 20:30:26,556 [ERROR] LogOutputStream:75 - [STDERR_REDIRECT] 
2025-12-18 20:30:27,531 [ERROR] LogOutputStream:75 - [STDERR_REDIRECT] [Fatal Error] :1:1: Premature end of file.
2025-12-18 20:30:27,531 [ERROR] LogOutputStream:75 - [STDERR_REDIRECT] 
2025-12-18 20:30:28,546 [ERROR] LogOutputStream:75 - [STDERR_REDIRECT] [Fatal Error] :1:1: Premature end of file.
2025-12-18 20:30:28,546 [ERROR] LogOutputStream:75 - [STDERR_REDIRECT] 
2025-12-18 20:30:29,541 [ERROR] LogOutputStream:75 - [STDERR_REDIRECT] [Fatal Error] :1:1: Premature end of file.
2025-12-18 20:30:29,541 [ERROR] LogOutputStream:75 - [STDERR_REDIRECT] 
2025-12-18 20:30:30,586 [ERROR] LogOutputStream:75 - [STDERR_REDIRECT] [Fatal Error] :1:1: Premature end of file.
2025-12-18 20:30:30,588 [ERROR] LogOutputStream:75 - [STDERR_REDIRECT] 
2025-12-18 20:30:31,564 [ERROR] LogOutputStream:75 - [STDERR_REDIRECT] [Fatal Error] :1:1: Premature end of file.
2025-12-18 20:30:31,564 [ERROR] LogOutputStream:75 - [STDERR_REDIRECT] 
2025-12-18 20:30:32,534 [ERROR] LogOutputStream:75 - [STDERR_REDIRECT] [Fatal Error] :1:1: Premature end of file.
2025-12-18 20:30:32,534 [ERROR] LogOutputStream:75 - [STDERR_REDIRECT] 
2025-12-18 20:30:33,532 [ERROR] LogOutputStream:75 - [STDERR_REDIRECT] [Fatal Error] :1:1: Premature end of file.
2025-12-18 20:30:33,532 [ERROR] LogOutputStream:75 - [STDERR_REDIRECT] 
2025-12-18 20:30:34,529 [ERROR] LogOutputStream:75 - [STDERR_REDIRECT] [Fatal Error] :1:1: Premature end of file.
2025-12-18 20:30:34,529 [ERROR] LogOutputStream:75 - [STDERR_REDIRECT] 
2025-12-18 20:30:35,543 [ERROR] LogOutputStream:75 - [STDERR_REDIRECT] [Fatal Error] :1:1: Premature end of file.
2025-12-18 20:30:35,543 [ERROR] LogOutputStream:75 - [STDERR_REDIRECT] 
2025-12-18 20:30:36,549 [ERROR] LogOutputStream:75 - [STDERR_REDIRECT] [Fatal Error] :1:1: Premature end of file.
2025-12-18 20:30:36,549 [ERROR] LogOutputStream:75 - [STDERR_REDIRECT] 
2025-12-18 20:30:37,544 [ERROR] LogOutputStream:75 - [STDERR_REDIRECT] [Fatal Error] :1:1: Premature end of file.
2025-12-18 20:30:37,545 [ERROR] LogOutputStream:75 - [STDERR_REDIRECT] 
2025-12-18 20:30:38,546 [ERROR] LogOutputStream:75 - [STDERR_REDIRECT] [Fatal Error] :1:1: Premature end of file.
2025-12-18 20:30:38,546 [ERROR] LogOutputStream:75 - [STDERR_REDIRECT] 
2025-12-18 20:30:39,539 [ERROR] LogOutputStream:75 - [STDERR_REDIRECT] [Fatal Error] :1:1: Premature end of file.
2025-12-18 20:30:39,539 [ERROR] LogOutputStream:75 - [STDERR_REDIRECT] 
2025-12-18 20:30:40,537 [ERROR] LogOutputStream:75 - [STDERR_REDIRECT] [Fatal Error] :1:1: Premature end of file.
2025-12-18 20:30:40,537 [ERROR] LogOutputStream:75 - [STDERR_REDIRECT] 
2025-12-18 20:30:41,549 [ERROR] LogOutputStream:75 - [STDERR_REDIRECT] [Fatal Error] :1:1: Premature end of file.
2025-12-18 20:30:41,549 [ERROR] LogOutputStream:75 - [STDERR_REDIRECT] 
2025-12-18 20:30:42,529 [ERROR] LogOutputStream:75 - [STDERR_REDIRECT] [Fatal Error] :1:1: Premature end of file.
2025-12-18 20:30:42,529 [ERROR] LogOutputStream:75 - [STDERR_REDIRECT] 
2025-12-18 20:30:43,528 [ERROR] LogOutputStream:75 - [STDERR_REDIRECT] [Fatal Error] :1:1: Premature end of file.
2025-12-18 20:30:43,528 [ERROR] LogOutputStream:75 - [STDERR_REDIRECT] 
2025-12-18 20:30:44,529 [ERROR] LogOutputStream:75 - [STDERR_REDIRECT] [Fatal Error] :1:1: Premature end of file.
2025-12-18 20:30:44,529 [ERROR] LogOutputStream:75 - [STDERR_REDIRECT] 
2025-12-18 20:30:45,528 [ERROR] LogOutputStream:75 - [STDERR_REDIRECT] [Fatal Error] :1:1: Premature end of file.
2025-12-18 20:30:45,528 [ERROR] LogOutputStream:75 - [STDERR_REDIRECT] 
2025-12-18 20:30:46,537 [ERROR] LogOutputStream:75 - [STDERR_REDIRECT] [Fatal Error] :1:1: Premature end of file.
2025-12-18 20:30:46,537 [ERROR] LogOutputStream:75 - [STDERR_REDIRECT] 
2025-12-18 20:30:47,529 [ERROR] LogOutputStream:75 - [STDERR_REDIRECT] [Fatal Error] :1:1: Premature end of file.
2025-12-18 20:30:47,529 [ERROR] LogOutputStream:75 - [STDERR_REDIRECT] 
2025-12-18 20:30:48,566 [ERROR] LogOutputStream:75 - [STDERR_REDIRECT] [Fatal Error] :1:1: Premature end of file.
2025-12-18 20:30:48,566 [ERROR] LogOutputStream:75 - [STDERR_REDIRECT] 
2025-12-18 20:30:49,538 [ERROR] LogOutputStream:75 - [STDERR_REDIRECT] [Fatal Error] :1:1: Premature end of file.
2025-12-18 20:30:49,538 [ERROR] LogOutputStream:75 - [STDERR_REDIRECT] 
2025-12-18 20:30:50,553 [ERROR] LogOutputStream:75 - [STDERR_REDIRECT] [Fatal Error] :1:1: Premature end of file.
2025-12-18 20:30:50,554 [ERROR] LogOutputStream:75 - [STDERR_REDIRECT] 
2025-12-18 20:30:51,540 [ERROR] LogOutputStream:75 - [STDERR_REDIRECT] [Fatal Error] :1:1: Premature end of file.
2025-12-18 20:30:51,540 [ERROR] LogOutputStream:75 - [STDERR_REDIRECT] 
2025-12-18 20:30:52,540 [ERROR] LogOutputStream:75 - [STDERR_REDIRECT] [Fatal Error] :1:1: Premature end of file.
2025-12-18 20:30:52,540 [ERROR] LogOutputStream:75 - [STDERR_REDIRECT] 
2025-12-18 20:30:53,528 [ERROR] LogOutputStream:75 - [STDERR_REDIRECT] [Fatal Error] :1:1: Premature end of file.
2025-12-18 20:30:53,528 [ERROR] LogOutputStream:75 - [STDERR_REDIRECT] 
2025-12-18 20:30:54,542 [ERROR] LogOutputStream:75 - [STDERR_REDIRECT] [Fatal Error] :1:1: Premature end of file.
2025-12-18 20:30:54,542 [ERROR] LogOutputStream:75 - [STDERR_REDIRECT] 
2025-12-18 20:30:55,539 [ERROR] LogOutputStream:75 - [STDERR_REDIRECT] [Fatal Error] :1:1: Premature end of file.
2025-12-18 20:30:55,539 [ERROR] LogOutputStream:75 - [STDERR_REDIRECT] 
2025-12-18 20:30:56,554 [ERROR] LogOutputStream:75 - [STDERR_REDIRECT] [Fatal Error] :1:1: Premature end of file.
2025-12-18 20:30:56,556 [ERROR] LogOutputStream:75 - [STDERR_REDIRECT] 
2025-12-18 20:30:57,532 [ERROR] LogOutputStream:75 - [STDERR_REDIRECT] [Fatal Error] :1:1: Premature end of file.
2025-12-18 20:30:57,532 [ERROR] LogOutputStream:75 - [STDERR_REDIRECT] 
2025-12-18 20:30:58,538 [ERROR] LogOutputStream:75 - [STDERR_REDIRECT] [Fatal Error] :1:1: Premature end of file.
2025-12-18 20:30:58,538 [ERROR] LogOutputStream:75 - [STDERR_REDIRECT] 
2025-12-18 20:30:59,535 [ERROR] LogOutputStream:75 - [STDERR_REDIRECT] [Fatal Error] :1:1: Premature end of file.
2025-12-18 20:30:59,536 [ERROR] LogOutputStream:75 - [STDERR_REDIRECT] 
2025-12-18 20:31:00,529 [ERROR] LogOutputStream:75 - [STDERR_REDIRECT] [Fatal Error] :1:1: Premature end of file.
2025-12-18 20:31:00,529 [ERROR] LogOutputStream:75 - [STDERR_REDIRECT] 
2025-12-18 20:31:01,538 [ERROR] LogOutputStream:75 - [STDERR_REDIRECT] [Fatal Error] :1:1: Premature end of file.
2025-12-18 20:31:01,538 [ERROR] LogOutputStream:75 - [STDERR_REDIRECT] 
2025-12-18 20:31:02,529 [ERROR] LogOutputStream:75 - [STDERR_REDIRECT] [Fatal Error] :1:1: Premature end of file.
2025-12-18 20:31:02,530 [ERROR] LogOutputStream:75 - [STDERR_REDIRECT] 
2025-12-18 20:31:03,570 [ERROR] LogOutputStream:75 - [STDERR_REDIRECT] [Fatal Error] :1:1: Premature end of file.
2025-12-18 20:31:03,570 [ERROR] LogOutputStream:75 - [STDERR_REDIRECT] 
2025-12-18 20:31:04,528 [ERROR] LogOutputStream:75 - [STDERR_REDIRECT] [Fatal Error] :1:1: Premature end of file.
2025-12-18 20:31:04,528 [ERROR] LogOutputStream:75 - [STDERR_REDIRECT] 
2025-12-18 20:31:05,536 [ERROR] LogOutputStream:75 - [STDERR_REDIRECT] [Fatal Error] :1:1: Premature end of file.
2025-12-18 20:31:05,536 [ERROR] LogOutputStream:75 - [STDERR_REDIRECT] 
2025-12-18 20:31:06,528 [ERROR] LogOutputStream:75 - [STDERR_REDIRECT] [Fatal Error] :1:1: Premature end of file.
2025-12-18 20:31:06,528 [ERROR] LogOutputStream:75 - [STDERR_REDIRECT] 
2025-12-18 20:31:07,528 [ERROR] LogOutputStream:75 - [STDERR_REDIRECT] [Fatal Error] :1:1: Premature end of file.
2025-12-18 20:31:07,528 [ERROR] LogOutputStream:75 - [STDERR_REDIRECT] 
2025-12-18 20:31:08,529 [ERROR] LogOutputStream:75 - [STDERR_REDIRECT] [Fatal Error] :1:1: Premature end of file.
2025-12-18 20:31:08,529 [ERROR] LogOutputStream:75 - [STDERR_REDIRECT] 
2025-12-18 20:31:09,527 [ERROR] LogOutputStream:75 - [STDERR_REDIRECT] [Fatal Error] :1:1: Premature end of file.
2025-12-18 20:31:09,528 [ERROR] LogOutputStream:75 - [STDERR_REDIRECT] 
2025-12-18 20:31:10,528 [ERROR] LogOutputStream:75 - [STDERR_REDIRECT] [Fatal Error] :1:1: Premature end of file.
2025-12-18 20:31:10,528 [ERROR] LogOutputStream:75 - [STDERR_REDIRECT] 
2025-12-18 20:31:11,537 [ERROR] LogOutputStream:75 - [STDERR_REDIRECT] [Fatal Error] :1:1: Premature end of file.
2025-12-18 20:31:11,537 [ERROR] LogOutputStream:75 - [STDERR_REDIRECT] 
2025-12-18 20:31:12,529 [ERROR] LogOutputStream:75 - [STDERR_REDIRECT] [Fatal Error] :1:1: Premature end of file.
2025-12-18 20:31:12,529 [ERROR] LogOutputStream:75 - [STDERR_REDIRECT] 
2025-12-18 20:31:13,534 [ERROR] LogOutputStream:75 - [STDERR_REDIRECT] [Fatal Error] :1:1: Premature end of file.
2025-12-18 20:31:13,535 [ERROR] LogOutputStream:75 - [STDERR_REDIRECT] 
2025-12-18 20:31:14,531 [ERROR] LogOutputStream:75 - [STDERR_REDIRECT] [Fatal Error] :1:1: Premature end of file.
2025-12-18 20:31:14,531 [ERROR] LogOutputStream:75 - [STDERR_REDIRECT] 
2025-12-18 20:31:15,538 [ERROR] LogOutputStream:75 - [STDERR_REDIRECT] [Fatal Error] :1:1: Premature end of file.
2025-12-18 20:31:15,538 [ERROR] LogOutputStream:75 - [STDERR_REDIRECT] 
2025-12-18 20:31:16,526 [ERROR] LogOutputStream:75 - [STDERR_REDIRECT] [Fatal Error] :1:1: Premature end of file.
2025-12-18 20:31:16,526 [ERROR] LogOutputStream:75 - [STDERR_REDIRECT] 
2025-12-18 20:31:17,538 [ERROR] LogOutputStream:75 - [STDERR_REDIRECT] [Fatal Error] :1:1: Premature end of file.
2025-12-18 20:31:17,538 [ERROR] LogOutputStream:75 - [STDERR_REDIRECT] 
2025-12-18 20:31:18,539 [ERROR] LogOutputStream:75 - [STDERR_REDIRECT] [Fatal Error] :1:1: Premature end of file.
2025-12-18 20:31:18,539 [ERROR] LogOutputStream:75 - [STDERR_REDIRECT] 
2025-12-18 20:31:19,536 [ERROR] LogOutputStream:75 - [STDERR_REDIRECT] [Fatal Error] :1:1: Premature end of file.
2025-12-18 20:31:19,536 [ERROR] LogOutputStream:75 - [STDERR_REDIRECT] 
2025-12-18 20:31:20,548 [ERROR] LogOutputStream:75 - [STDERR_REDIRECT] [Fatal Error] :1:1: Premature end of file.
2025-12-18 20:31:20,548 [ERROR] LogOutputStream:75 - [STDERR_REDIRECT] 
2025-12-18 20:31:21,536 [ERROR] LogOutputStream:75 - [STDERR_REDIRECT] [Fatal Error] :1:1: Premature end of file.
2025-12-18 20:31:21,536 [ERROR] LogOutputStream:75 - [STDERR_REDIRECT] 
2025-12-18 20:31:22,541 [ERROR] LogOutputStream:75 - [STDERR_REDIRECT] [Fatal Error] :1:1: Premature end of file.
2025-12-18 20:31:22,541 [ERROR] LogOutputStream:75 - [STDERR_REDIRECT] 
2025-12-18 20:31:23,533 [ERROR] LogOutputStream:75 - [STDERR_REDIRECT] [Fatal Error] :1:1: Premature end of file.
2025-12-18 20:31:23,534 [ERROR] LogOutputStream:75 - [STDERR_REDIRECT] 
2025-12-18 20:31:24,548 [ERROR] LogOutputStream:75 - [STDERR_REDIRECT] [Fatal Error] :1:1: Premature end of file.
2025-12-18 20:31:24,548 [ERROR] LogOutputStream:75 - [STDERR_REDIRECT] 
2025-12-18 20:31:25,531 [ERROR] LogOutputStream:75 - [STDERR_REDIRECT] [Fatal Error] :1:1: Premature end of file.
2025-12-18 20:31:25,531 [ERROR] LogOutputStream:75 - [STDERR_REDIRECT] 
2025-12-18 20:31:26,556 [ERROR] LogOutputStream:75 - [STDERR_REDIRECT] [Fatal Error] :1:1: Premature end of file.
2025-12-18 20:31:26,557 [ERROR] LogOutputStream:75 - [STDERR_REDIRECT] 
2025-12-18 20:31:27,538 [ERROR] LogOutputStream:75 - [STDERR_REDIRECT] [Fatal Error] :1:1: Premature end of file.
2025-12-18 20:31:27,538 [ERROR] LogOutputStream:75 - [STDERR_REDIRECT] 
2025-12-18 20:31:28,540 [ERROR] LogOutputStream:75 - [STDERR_REDIRECT] [Fatal Error] :1:1: Premature end of file.
2025-12-18 20:31:28,541 [ERROR] LogOutputStream:75 - [STDERR_REDIRECT] 
2025-12-18 20:31:29,538 [ERROR] LogOutputStream:75 - [STDERR_REDIRECT] [Fatal Error] :1:1: Premature end of file.
2025-12-18 20:31:29,538 [ERROR] LogOutputStream:75 - [STDERR_REDIRECT] 
2025-12-18 20:31:30,548 [ERROR] LogOutputStream:75 - [STDERR_REDIRECT] [Fatal Error] :1:1: Premature end of file.
2025-12-18 20:31:30,548 [ERROR] LogOutputStream:75 - [STDERR_REDIRECT] 
2025-12-18 20:31:31,556 [ERROR] LogOutputStream:75 - [STDERR_REDIRECT] [Fatal Error] :1:1: Premature end of file.
2025-12-18 20:31:31,556 [ERROR] LogOutputStream:75 - [STDERR_REDIRECT] 
2025-12-18 20:31:32,537 [ERROR] LogOutputStream:75 - [STDERR_REDIRECT] [Fatal Error] :1:1: Premature end of file.
2025-12-18 20:31:32,537 [ERROR] LogOutputStream:75 - [STDERR_REDIRECT] 
2025-12-18 20:31:33,539 [ERROR] LogOutputStream:75 - [STDERR_REDIRECT] [Fatal Error] :1:1: Premature end of file.
2025-12-18 20:31:33,539 [ERROR] LogOutputStream:75 - [STDERR_REDIRECT] 
2025-12-18 20:31:34,530 [ERROR] LogOutputStream:75 - [STDERR_REDIRECT] [Fatal Error] :1:1: Premature end of file.
2025-12-18 20:31:34,530 [ERROR] LogOutputStream:75 - [STDERR_REDIRECT] 
2025-12-18 20:31:35,547 [ERROR] LogOutputStream:75 - [STDERR_REDIRECT] [Fatal Error] :1:1: Premature end of file.
2025-12-18 20:31:35,547 [ERROR] LogOutputStream:75 - [STDERR_REDIRECT] 
2025-12-18 20:31:36,527 [ERROR] LogOutputStream:75 - [STDERR_REDIRECT] [Fatal Error] :1:1: Premature end of file.
2025-12-18 20:31:36,527 [ERROR] LogOutputStream:75 - [STDERR_REDIRECT] 
2025-12-18 20:31:37,548 [ERROR] LogOutputStream:75 - [STDERR_REDIRECT] [Fatal Error] :1:1: Premature end of file.
2025-12-18 20:31:37,548 [ERROR] LogOutputStream:75 - [STDERR_REDIRECT] 
2025-12-18 20:31:38,530 [ERROR] LogOutputStream:75 - [STDERR_REDIRECT] [Fatal Error] :1:1: Premature end of file.
2025-12-18 20:31:38,531 [ERROR] LogOutputStream:75 - [STDERR_REDIRECT] 
2025-12-18 20:31:39,538 [ERROR] LogOutputStream:75 - [STDERR_REDIRECT] [Fatal Error] :1:1: Premature end of file.
2025-12-18 20:31:39,538 [ERROR] LogOutputStream:75 - [STDERR_REDIRECT] 
2025-12-18 20:31:40,554 [ERROR] LogOutputStream:75 - [STDERR_REDIRECT] [Fatal Error] :1:1: Premature end of file.
2025-12-18 20:31:40,554 [ERROR] LogOutputStream:75 - [STDERR_REDIRECT] 
2025-12-18 20:31:41,528 [ERROR] LogOutputStream:75 - [STDERR_REDIRECT] [Fatal Error] :1:1: Premature end of file.
2025-12-18 20:31:41,528 [ERROR] LogOutputStream:75 - [STDERR_REDIRECT] 
2025-12-18 20:31:42,528 [ERROR] LogOutputStream:75 - [STDERR_REDIRECT] [Fatal Error] :1:1: Premature end of file.
2025-12-18 20:31:42,529 [ERROR] LogOutputStream:75 - [STDERR_REDIRECT] 
2025-12-18 20:31:43,528 [ERROR] LogOutputStream:75 - [STDERR_REDIRECT] [Fatal Error] :1:1: Premature end of file.
2025-12-18 20:31:43,528 [ERROR] LogOutputStream:75 - [STDERR_REDIRECT] 
2025-12-18 20:31:44,532 [ERROR] LogOutputStream:75 - [STDERR_REDIRECT] [Fatal Error] :1:1: Premature end of file.
2025-12-18 20:31:44,532 [ERROR] LogOutputStream:75 - [STDERR_REDIRECT] 
2025-12-18 20:31:45,529 [ERROR] LogOutputStream:75 - [STDERR_REDIRECT] [Fatal Error] :1:1: Premature end of file.
2025-12-18 20:31:45,529 [ERROR] LogOutputStream:75 - [STDERR_REDIRECT] 
2025-12-18 20:31:46,531 [ERROR] LogOutputStream:75 - [STDERR_REDIRECT] [Fatal Error] :1:1: Premature end of file.
2025-12-18 20:31:46,532 [ERROR] LogOutputStream:75 - [STDERR_REDIRECT] 
2025-12-18 20:31:47,553 [ERROR] LogOutputStream:75 - [STDERR_REDIRECT] [Fatal Error] :1:1: Premature end of file.
2025-12-18 20:31:47,553 [ERROR] LogOutputStream:75 - [STDERR_REDIRECT] 
2025-12-18 20:31:48,527 [ERROR] LogOutputStream:75 - [STDERR_REDIRECT] [Fatal Error] :1:1: Premature end of file.
2025-12-18 20:31:48,527 [ERROR] LogOutputStream:75 - [STDERR_REDIRECT] 
2025-12-18 20:31:49,530 [ERROR] LogOutputStream:75 - [STDERR_REDIRECT] [Fatal Error] :1:1: Premature end of file.
2025-12-18 20:31:49,530 [ERROR] LogOutputStream:75 - [STDERR_REDIRECT] 
2025-12-18 20:31:50,528 [ERROR] LogOutputStream:75 - [STDERR_REDIRECT] [Fatal Error] :1:1: Premature end of file.
2025-12-18 20:31:50,528 [ERROR] LogOutputStream:75 - [STDERR_REDIRECT] 
2025-12-18 20:31:51,527 [ERROR] LogOutputStream:75 - [STDERR_REDIRECT] [Fatal Error] :1:1: Premature end of file.
2025-12-18 20:31:51,528 [ERROR] LogOutputStream:75 - [STDERR_REDIRECT] 
2025-12-18 20:31:52,531 [ERROR] LogOutputStream:75 - [STDERR_REDIRECT] [Fatal Error] :1:1: Premature end of file.
2025-12-18 20:31:52,531 [ERROR] LogOutputStream:75 - [STDERR_REDIRECT] 
2025-12-18 20:31:53,528 [ERROR] LogOutputStream:75 - [STDERR_REDIRECT] [Fatal Error] :1:1: Premature end of file.
2025-12-18 20:31:53,528 [ERROR] LogOutputStream:75 - [STDERR_REDIRECT] 
2025-12-18 20:31:54,531 [ERROR] LogOutputStream:75 - [STDERR_REDIRECT] [Fatal Error] :1:1: Premature end of file.
2025-12-18 20:31:54,531 [ERROR] LogOutputStream:75 - [STDERR_REDIRECT] 
2025-12-18 20:31:55,547 [ERROR] LogOutputStream:75 - [STDERR_REDIRECT] [Fatal Error] :1:1: Premature end of file.
2025-12-18 20:31:55,548 [ERROR] LogOutputStream:75 - [STDERR_REDIRECT] 
2025-12-18 20:31:56,529 [ERROR] LogOutputStream:75 - [STDERR_REDIRECT] [Fatal Error] :1:1: Premature end of file.
2025-12-18 20:31:56,529 [ERROR] LogOutputStream:75 - [STDERR_REDIRECT] 
2025-12-18 20:31:57,529 [ERROR] LogOutputStream:75 - [STDERR_REDIRECT] [Fatal Error] :1:1: Premature end of file.
2025-12-18 20:31:57,529 [ERROR] LogOutputStream:75 - [STDERR_REDIRECT] 
2025-12-18 20:31:58,528 [ERROR] LogOutputStream:75 - [STDERR_REDIRECT] [Fatal Error] :1:1: Premature end of file.
2025-12-18 20:31:58,528 [ERROR] LogOutputStream:75 - [STDERR_REDIRECT] 
2025-12-18 20:31:59,559 [ERROR] LogOutputStream:75 - [STDERR_REDIRECT] [Fatal Error] :1:1: Premature end of file.
2025-12-18 20:31:59,559 [ERROR] LogOutputStream:75 - [STDERR_REDIRECT] 
2025-12-18 20:32:00,560 [ERROR] LogOutputStream:75 - [STDERR_REDIRECT] [Fatal Error] :1:1: Premature end of file.
2025-12-18 20:32:00,560 [ERROR] LogOutputStream:75 - [STDERR_REDIRECT] 
2025-12-18 20:32:01,529 [ERROR] LogOutputStream:75 - [STDERR_REDIRECT] [Fatal Error] :1:1: Premature end of file.
2025-12-18 20:32:01,529 [ERROR] LogOutputStream:75 - [STDERR_REDIRECT] 
2025-12-18 20:32:02,530 [ERROR] LogOutputStream:75 - [STDERR_REDIRECT] [Fatal Error] :1:1: Premature end of file.
2025-12-18 20:32:02,530 [ERROR] LogOutputStream:75 - [STDERR_REDIRECT] 
2025-12-18 20:32:03,529 [ERROR] LogOutputStream:75 - [STDERR_REDIRECT] [Fatal Error] :1:1: Premature end of file.
2025-12-18 20:32:03,529 [ERROR] LogOutputStream:75 - [STDERR_REDIRECT] 
2025-12-18 20:32:04,539 [ERROR] LogOutputStream:75 - [STDERR_REDIRECT] [Fatal Error] :1:1: Premature end of file.
2025-12-18 20:32:04,539 [ERROR] LogOutputStream:75 - [STDERR_REDIRECT] 
2025-12-18 20:32:05,526 [ERROR] LogOutputStream:75 - [STDERR_REDIRECT] [Fatal Error] :1:1: Premature end of file.
2025-12-18 20:32:05,526 [ERROR] LogOutputStream:75 - [STDERR_REDIRECT] 
2025-12-18 20:32:06,528 [ERROR] LogOutputStream:75 - [STDERR_REDIRECT] [Fatal Error] :1:1: Premature end of file.
2025-12-18 20:32:06,528 [ERROR] LogOutputStream:75 - [STDERR_REDIRECT] 
2025-12-18 20:32:07,529 [ERROR] LogOutputStream:75 - [STDERR_REDIRECT] [Fatal Error] :1:1: Premature end of file.
2025-12-18 20:32:07,529 [ERROR] LogOutputStream:75 - [STDERR_REDIRECT] 
2025-12-18 20:32:08,527 [ERROR] LogOutputStream:75 - [STDERR_REDIRECT] [Fatal Error] :1:1: Premature end of file.
2025-12-18 20:32:08,527 [ERROR] LogOutputStream:75 - [STDERR_REDIRECT] 
2025-12-18 20:32:09,558 [ERROR] LogOutputStream:75 - [STDERR_REDIRECT] [Fatal Error] :1:1: Premature end of file.
2025-12-18 20:32:09,558 [ERROR] LogOutputStream:75 - [STDERR_REDIRECT] 
2025-12-18 20:32:10,530 [ERROR] LogOutputStream:75 - [STDERR_REDIRECT] [Fatal Error] :1:1: Premature end of file.
2025-12-18 20:32:10,530 [ERROR] LogOutputStream:75 - [STDERR_REDIRECT] 
2025-12-18 20:32:11,542 [ERROR] LogOutputStream:75 - [STDERR_REDIRECT] [Fatal Error] :1:1: Premature end of file.
2025-12-18 20:32:11,542 [ERROR] LogOutputStream:75 - [STDERR_REDIRECT] 
2025-12-18 20:32:12,546 [ERROR] LogOutputStream:75 - [STDERR_REDIRECT] [Fatal Error] :1:1: Premature end of file.
2025-12-18 20:32:12,546 [ERROR] LogOutputStream:75 - [STDERR_REDIRECT] 
2025-12-18 20:32:13,548 [ERROR] LogOutputStream:75 - [STDERR_REDIRECT] [Fatal Error] :1:1: Premature end of file.
2025-12-18 20:32:13,548 [ERROR] LogOutputStream:75 - [STDERR_REDIRECT] 
2025-12-18 20:32:14,533 [ERROR] LogOutputStream:75 - [STDERR_REDIRECT] [Fatal Error] :1:1: Premature end of file.
2025-12-18 20:32:14,533 [ERROR] LogOutputStream:75 - [STDERR_REDIRECT] 
2025-12-18 20:32:15,531 [ERROR] LogOutputStream:75 - [STDERR_REDIRECT] [Fatal Error] :1:1: Premature end of file.
2025-12-18 20:32:15,531 [ERROR] LogOutputStream:75 - [STDERR_REDIRECT] 
2025-12-18 20:32:16,532 [ERROR] LogOutputStream:75 - [STDERR_REDIRECT] [Fatal Error] :1:1: Premature end of file.
2025-12-18 20:32:16,532 [ERROR] LogOutputStream:75 - [STDERR_REDIRECT] 
2025-12-18 20:32:17,528 [ERROR] LogOutputStream:75 - [STDERR_REDIRECT] [Fatal Error] :1:1: Premature end of file.
2025-12-18 20:32:17,528 [ERROR] LogOutputStream:75 - [STDERR_REDIRECT] 
2025-12-18 20:32:18,560 [ERROR] LogOutputStream:75 - [STDERR_REDIRECT] [Fatal Error] :1:1: Premature end of file.
2025-12-18 20:32:18,560 [ERROR] LogOutputStream:75 - [STDERR_REDIRECT] 
2025-12-18 20:32:19,534 [ERROR] LogOutputStream:75 - [STDERR_REDIRECT] [Fatal Error] :1:1: Premature end of file.
2025-12-18 20:32:19,534 [ERROR] LogOutputStream:75 - [STDERR_REDIRECT] 
2025-12-18 20:32:20,548 [ERROR] LogOutputStream:75 - [STDERR_REDIRECT] [Fatal Error] :1:1: Premature end of file.
2025-12-18 20:32:20,549 [ERROR] LogOutputStream:75 - [STDERR_REDIRECT] 
2025-12-18 20:32:21,551 [ERROR] LogOutputStream:75 - [STDERR_REDIRECT] [Fatal Error] :1:1: Premature end of file.
2025-12-18 20:32:21,551 [ERROR] LogOutputStream:75 - [STDERR_REDIRECT] 
2025-12-18 20:32:22,537 [ERROR] LogOutputStream:75 - [STDERR_REDIRECT] [Fatal Error] :1:1: Premature end of file.
2025-12-18 20:32:22,537 [ERROR] LogOutputStream:75 - [STDERR_REDIRECT] 
2025-12-18 20:32:23,538 [ERROR] LogOutputStream:75 - [STDERR_REDIRECT] [Fatal Error] :1:1: Premature end of file.
2025-12-18 20:32:23,538 [ERROR] LogOutputStream:75 - [STDERR_REDIRECT] 
2025-12-18 20:32:24,548 [ERROR] LogOutputStream:75 - [STDERR_REDIRECT] [Fatal Error] :1:1: Premature end of file.
2025-12-18 20:32:24,548 [ERROR] LogOutputStream:75 - [STDERR_REDIRECT] 
2025-12-18 20:32:25,553 [ERROR] LogOutputStream:75 - [STDERR_REDIRECT] [Fatal Error] :1:1: Premature end of file.
2025-12-18 20:32:25,553 [ERROR] LogOutputStream:75 - [STDERR_REDIRECT] 
2025-12-18 20:32:26,536 [ERROR] LogOutputStream:75 - [STDERR_REDIRECT] [Fatal Error] :1:1: Premature end of file.
2025-12-18 20:32:26,536 [ERROR] LogOutputStream:75 - [STDERR_REDIRECT] 
2025-12-18 20:32:27,528 [ERROR] LogOutputStream:75 - [STDERR_REDIRECT] [Fatal Error] :1:1: Premature end of file.
2025-12-18 20:32:27,528 [ERROR] LogOutputStream:75 - [STDERR_REDIRECT] 
2025-12-18 20:32:28,538 [ERROR] LogOutputStream:75 - [STDERR_REDIRECT] [Fatal Error] :1:1: Premature end of file.
2025-12-18 20:32:28,538 [ERROR] LogOutputStream:75 - [STDERR_REDIRECT] 
2025-12-18 20:32:29,538 [ERROR] LogOutputStream:75 - [STDERR_REDIRECT] [Fatal Error] :1:1: Premature end of file.
2025-12-18 20:32:29,538 [ERROR] LogOutputStream:75 - [STDERR_REDIRECT] 
2025-12-18 20:32:30,539 [ERROR] LogOutputStream:75 - [STDERR_REDIRECT] [Fatal Error] :1:1: Premature end of file.
2025-12-18 20:32:30,539 [ERROR] LogOutputStream:75 - [STDERR_REDIRECT] 
2025-12-18 20:32:31,553 [ERROR] LogOutputStream:75 - [STDERR_REDIRECT] [Fatal Error] :1:1: Premature end of file.
2025-12-18 20:32:31,553 [ERROR] LogOutputStream:75 - [STDERR_REDIRECT] 
2025-12-18 20:32:32,539 [ERROR] LogOutputStream:75 - [STDERR_REDIRECT] [Fatal Error] :1:1: Premature end of file.
2025-12-18 20:32:32,540 [ERROR] LogOutputStream:75 - [STDERR_REDIRECT] 
2025-12-18 20:32:33,539 [ERROR] LogOutputStream:75 - [STDERR_REDIRECT] [Fatal Error] :1:1: Premature end of file.
2025-12-18 20:32:33,540 [ERROR] LogOutputStream:75 - [STDERR_REDIRECT] 
2025-12-18 20:32:34,530 [ERROR] LogOutputStream:75 - [STDERR_REDIRECT] [Fatal Error] :1:1: Premature end of file.
2025-12-18 20:32:34,530 [ERROR] LogOutputStream:75 - [STDERR_REDIRECT] 
2025-12-18 20:32:35,527 [ERROR] LogOutputStream:75 - [STDERR_REDIRECT] [Fatal Error] :1:1: Premature end of file.
2025-12-18 20:32:35,527 [ERROR] LogOutputStream:75 - [STDERR_REDIRECT] 
2025-12-18 20:32:36,540 [ERROR] LogOutputStream:75 - [STDERR_REDIRECT] [Fatal Error] :1:1: Premature end of file.
2025-12-18 20:32:36,540 [ERROR] LogOutputStream:75 - [STDERR_REDIRECT] 
2025-12-18 20:32:37,540 [ERROR] LogOutputStream:75 - [STDERR_REDIRECT] [Fatal Error] :1:1: Premature end of file.
2025-12-18 20:32:37,540 [ERROR] LogOutputStream:75 - [STDERR_REDIRECT] 
2025-12-18 20:32:38,538 [ERROR] LogOutputStream:75 - [STDERR_REDIRECT] [Fatal Error] :1:1: Premature end of file.
2025-12-18 20:32:38,538 [ERROR] LogOutputStream:75 - [STDERR_REDIRECT] 
2025-12-18 20:32:39,542 [ERROR] LogOutputStream:75 - [STDERR_REDIRECT] [Fatal Error] :1:1: Premature end of file.
2025-12-18 20:32:39,542 [ERROR] LogOutputStream:75 - [STDERR_REDIRECT] 
2025-12-18 20:32:40,554 [ERROR] LogOutputStream:75 - [STDERR_REDIRECT] [Fatal Error] :1:1: Premature end of file.
2025-12-18 20:32:40,554 [ERROR] LogOutputStream:75 - [STDERR_REDIRECT] 
2025-12-18 20:32:41,528 [ERROR] LogOutputStream:75 - [STDERR_REDIRECT] [Fatal Error] :1:1: Premature end of file.
2025-12-18 20:32:41,528 [ERROR] LogOutputStream:75 - [STDERR_REDIRECT] 
2025-12-18 20:32:42,543 [ERROR] LogOutputStream:75 - [STDERR_REDIRECT] [Fatal Error] :1:1: Premature end of file.
2025-12-18 20:32:42,543 [ERROR] LogOutputStream:75 - [STDERR_REDIRECT] 
2025-12-18 20:32:43,540 [ERROR] LogOutputStream:75 - [STDERR_REDIRECT] [Fatal Error] :1:1: Premature end of file.
2025-12-18 20:32:43,540 [ERROR] LogOutputStream:75 - [STDERR_REDIRECT] 
2025-12-18 20:32:44,529 [ERROR] LogOutputStream:75 - [STDERR_REDIRECT] [Fatal Error] :1:1: Premature end of file.
2025-12-18 20:32:44,529 [ERROR] LogOutputStream:75 - [STDERR_REDIRECT] 
2025-12-18 20:32:45,529 [ERROR] LogOutputStream:75 - [STDERR_REDIRECT] [Fatal Error] :1:1: Premature end of file.
2025-12-18 20:32:45,529 [ERROR] LogOutputStream:75 - [STDERR_REDIRECT] 
2025-12-18 20:32:46,533 [ERROR] LogOutputStream:75 - [STDERR_REDIRECT] [Fatal Error] :1:1: Premature end of file.
2025-12-18 20:32:46,533 [ERROR] LogOutputStream:75 - [STDERR_REDIRECT] 
2025-12-18 20:32:47,528 [ERROR] LogOutputStream:75 - [STDERR_REDIRECT] [Fatal Error] :1:1: Premature end of file.
2025-12-18 20:32:47,528 [ERROR] LogOutputStream:75 - [STDERR_REDIRECT] 
2025-12-18 20:32:48,528 [ERROR] LogOutputStream:75 - [STDERR_REDIRECT] [Fatal Error] :1:1: Premature end of file.
2025-12-18 20:32:48,529 [ERROR] LogOutputStream:75 - [STDERR_REDIRECT] 
2025-12-18 20:32:49,539 [ERROR] LogOutputStream:75 - [STDERR_REDIRECT] [Fatal Error] :1:1: Premature end of file.
2025-12-18 20:32:49,539 [ERROR] LogOutputStream:75 - [STDERR_REDIRECT] 
2025-12-18 20:32:50,539 [ERROR] LogOutputStream:75 - [STDERR_REDIRECT] [Fatal Error] :1:1: Premature end of file.
2025-12-18 20:32:50,539 [ERROR] LogOutputStream:75 - [STDERR_REDIRECT] 
2025-12-18 20:32:51,547 [ERROR] LogOutputStream:75 - [STDERR_REDIRECT] [Fatal Error] :1:1: Premature end of file.
2025-12-18 20:32:51,547 [ERROR] LogOutputStream:75 - [STDERR_REDIRECT] 
2025-12-18 20:32:52,533 [ERROR] LogOutputStream:75 - [STDERR_REDIRECT] [Fatal Error] :1:1: Premature end of file.
2025-12-18 20:32:52,533 [ERROR] LogOutputStream:75 - [STDERR_REDIRECT] 
2025-12-18 20:32:53,544 [ERROR] LogOutputStream:75 - [STDERR_REDIRECT] [Fatal Error] :1:1: Premature end of file.
2025-12-18 20:32:53,544 [ERROR] LogOutputStream:75 - [STDERR_REDIRECT] 
2025-12-18 20:32:54,530 [ERROR] LogOutputStream:75 - [STDERR_REDIRECT] [Fatal Error] :1:1: Premature end of file.
2025-12-18 20:32:54,530 [ERROR] LogOutputStream:75 - [STDERR_REDIRECT] 
2025-12-18 20:32:55,534 [ERROR] LogOutputStream:75 - [STDERR_REDIRECT] [Fatal Error] :1:1: Premature end of file.
2025-12-18 20:32:55,534 [ERROR] LogOutputStream:75 - [STDERR_REDIRECT] 
2025-12-18 20:32:56,528 [ERROR] LogOutputStream:75 - [STDERR_REDIRECT] [Fatal Error] :1:1: Premature end of file.
2025-12-18 20:32:56,528 [ERROR] LogOutputStream:75 - [STDERR_REDIRECT] 
2025-12-18 20:32:57,529 [ERROR] LogOutputStream:75 - [STDERR_REDIRECT] [Fatal Error] :1:1: Premature end of file.
2025-12-18 20:32:57,529 [ERROR] LogOutputStream:75 - [STDERR_REDIRECT] 
2025-12-18 20:32:58,528 [ERROR] LogOutputStream:75 - [STDERR_REDIRECT] [Fatal Error] :1:1: Premature end of file.
2025-12-18 20:32:58,528 [ERROR] LogOutputStream:75 - [STDERR_REDIRECT] 
2025-12-18 20:32:59,529 [ERROR] LogOutputStream:75 - [STDERR_REDIRECT] [Fatal Error] :1:1: Premature end of file.
2025-12-18 20:32:59,529 [ERROR] LogOutputStream:75 - [STDERR_REDIRECT] 
2025-12-18 20:33:00,535 [ERROR] LogOutputStream:75 - [STDERR_REDIRECT] [Fatal Error] :1:1: Premature end of file.
2025-12-18 20:33:00,536 [ERROR] LogOutputStream:75 - [STDERR_REDIRECT] 
2025-12-18 20:33:01,538 [ERROR] LogOutputStream:75 - [STDERR_REDIRECT] [Fatal Error] :1:1: Premature end of file.
2025-12-18 20:33:01,538 [ERROR] LogOutputStream:75 - [STDERR_REDIRECT] 
2025-12-18 20:33:02,548 [ERROR] LogOutputStream:75 - [STDERR_REDIRECT] [Fatal Error] :1:1: Premature end of file.
2025-12-18 20:33:02,548 [ERROR] LogOutputStream:75 - [STDERR_REDIRECT] 
2025-12-18 20:33:03,538 [ERROR] LogOutputStream:75 - [STDERR_REDIRECT] [Fatal Error] :1:1: Premature end of file.
2025-12-18 20:33:03,538 [ERROR] LogOutputStream:75 - [STDERR_REDIRECT] 
2025-12-18 20:33:04,529 [ERROR] LogOutputStream:75 - [STDERR_REDIRECT] [Fatal Error] :1:1: Premature end of file.
2025-12-18 20:33:04,529 [ERROR] LogOutputStream:75 - [STDERR_REDIRECT] 
2025-12-18 20:33:05,528 [ERROR] LogOutputStream:75 - [STDERR_REDIRECT] [Fatal Error] :1:1: Premature end of file.
2025-12-18 20:33:05,528 [ERROR] LogOutputStream:75 - [STDERR_REDIRECT] 
2025-12-18 20:33:06,538 [ERROR] LogOutputStream:75 - [STDERR_REDIRECT] [Fatal Error] :1:1: Premature end of file.
2025-12-18 20:33:06,538 [ERROR] LogOutputStream:75 - [STDERR_REDIRECT] 
2025-12-18 20:33:07,539 [ERROR] LogOutputStream:75 - [STDERR_REDIRECT] [Fatal Error] :1:1: Premature end of file.
2025-12-18 20:33:07,540 [ERROR] LogOutputStream:75 - [STDERR_REDIRECT] 
2025-12-18 20:33:08,542 [ERROR] LogOutputStream:75 - [STDERR_REDIRECT] [Fatal Error] :1:1: Premature end of file.
2025-12-18 20:33:08,542 [ERROR] LogOutputStream:75 - [STDERR_REDIRECT] 
2025-12-18 20:33:09,531 [ERROR] LogOutputStream:75 - [STDERR_REDIRECT] [Fatal Error] :1:1: Premature end of file.
2025-12-18 20:33:09,531 [ERROR] LogOutputStream:75 - [STDERR_REDIRECT] 
2025-12-18 20:33:10,538 [ERROR] LogOutputStream:75 - [STDERR_REDIRECT] [Fatal Error] :1:1: Premature end of file.
2025-12-18 20:33:10,538 [ERROR] LogOutputStream:75 - [STDERR_REDIRECT] 
2025-12-18 20:33:11,527 [ERROR] LogOutputStream:75 - [STDERR_REDIRECT] [Fatal Error] :1:1: Premature end of file.
2025-12-18 20:33:11,528 [ERROR] LogOutputStream:75 - [STDERR_REDIRECT] 
2025-12-18 20:33:12,547 [ERROR] LogOutputStream:75 - [STDERR_REDIRECT] [Fatal Error] :1:1: Premature end of file.
2025-12-18 20:33:12,549 [ERROR] LogOutputStream:75 - [STDERR_REDIRECT] 
2025-12-18 20:33:13,528 [ERROR] LogOutputStream:75 - [STDERR_REDIRECT] [Fatal Error] :1:1: Premature end of file.
2025-12-18 20:33:13,528 [ERROR] LogOutputStream:75 - [STDERR_REDIRECT] 
2025-12-18 20:33:14,536 [ERROR] LogOutputStream:75 - [STDERR_REDIRECT] [Fatal Error] :1:1: Premature end of file.
2025-12-18 20:33:14,536 [ERROR] LogOutputStream:75 - [STDERR_REDIRECT] 
2025-12-18 20:33:15,551 [ERROR] LogOutputStream:75 - [STDERR_REDIRECT] [Fatal Error] :1:1: Premature end of file.
2025-12-18 20:33:15,552 [ERROR] LogOutputStream:75 - [STDERR_REDIRECT] 
2025-12-18 20:33:16,533 [ERROR] LogOutputStream:75 - [STDERR_REDIRECT] [Fatal Error] :1:1: Premature end of file.
2025-12-18 20:33:16,533 [ERROR] LogOutputStream:75 - [STDERR_REDIRECT] 
2025-12-18 20:33:17,528 [ERROR] LogOutputStream:75 - [STDERR_REDIRECT] [Fatal Error] :1:1: Premature end of file.
2025-12-18 20:33:17,528 [ERROR] LogOutputStream:75 - [STDERR_REDIRECT] 
2025-12-18 20:33:18,553 [ERROR] LogOutputStream:75 - [STDERR_REDIRECT] [Fatal Error] :1:1: Premature end of file.
2025-12-18 20:33:18,553 [ERROR] LogOutputStream:75 - [STDERR_REDIRECT] 
2025-12-18 20:33:19,528 [ERROR] LogOutputStream:75 - [STDERR_REDIRECT] [Fatal Error] :1:1: Premature end of file.
2025-12-18 20:33:19,528 [ERROR] LogOutputStream:75 - [STDERR_REDIRECT] 
2025-12-18 20:33:20,528 [ERROR] LogOutputStream:75 - [STDERR_REDIRECT] [Fatal Error] :1:1: Premature end of file.
2025-12-18 20:33:20,528 [ERROR] LogOutputStream:75 - [STDERR_REDIRECT] 
2025-12-18 20:33:21,528 [ERROR] LogOutputStream:75 - [STDERR_REDIRECT] [Fatal Error] :1:1: Premature end of file.
2025-12-18 20:33:21,528 [ERROR] LogOutputStream:75 - [STDERR_REDIRECT] 
2025-12-18 20:33:22,539 [ERROR] LogOutputStream:75 - [STDERR_REDIRECT] [Fatal Error] :1:1: Premature end of file.
2025-12-18 20:33:22,539 [ERROR] LogOutputStream:75 - [STDERR_REDIRECT] 
2025-12-18 20:33:23,537 [ERROR] LogOutputStream:75 - [STDERR_REDIRECT] [Fatal Error] :1:1: Premature end of file.
2025-12-18 20:33:23,537 [ERROR] LogOutputStream:75 - [STDERR_REDIRECT] 
2025-12-18 20:33:24,528 [ERROR] LogOutputStream:75 - [STDERR_REDIRECT] [Fatal Error] :1:1: Premature end of file.
2025-12-18 20:33:24,528 [ERROR] LogOutputStream:75 - [STDERR_REDIRECT] 
2025-12-18 20:33:25,528 [ERROR] LogOutputStream:75 - [STDERR_REDIRECT] [Fatal Error] :1:1: Premature end of file.
2025-12-18 20:33:25,528 [ERROR] LogOutputStream:75 - [STDERR_REDIRECT] 
2025-12-18 20:33:26,528 [ERROR] LogOutputStream:75 - [STDERR_REDIRECT] [Fatal Error] :1:1: Premature end of file.
2025-12-18 20:33:26,528 [ERROR] LogOutputStream:75 - [STDERR_REDIRECT] 
2025-12-18 20:33:27,547 [ERROR] LogOutputStream:75 - [STDERR_REDIRECT] [Fatal Error] :1:1: Premature end of file.
2025-12-18 20:33:27,547 [ERROR] LogOutputStream:75 - [STDERR_REDIRECT] 
2025-12-18 20:33:28,538 [ERROR] LogOutputStream:75 - [STDERR_REDIRECT] [Fatal Error] :1:1: Premature end of file.
2025-12-18 20:33:28,538 [ERROR] LogOutputStream:75 - [STDERR_REDIRECT] 
2025-12-18 20:33:29,529 [ERROR] LogOutputStream:75 - [STDERR_REDIRECT] [Fatal Error] :1:1: Premature end of file.
2025-12-18 20:33:29,529 [ERROR] LogOutputStream:75 - [STDERR_REDIRECT] 
2025-12-18 20:33:30,556 [ERROR] LogOutputStream:75 - [STDERR_REDIRECT] [Fatal Error] :1:1: Premature end of file.
2025-12-18 20:33:30,556 [ERROR] LogOutputStream:75 - [STDERR_REDIRECT] 
2025-12-18 20:33:31,547 [ERROR] LogOutputStream:75 - [STDERR_REDIRECT] [Fatal Error] :1:1: Premature end of file.
2025-12-18 20:33:31,547 [ERROR] LogOutputStream:75 - [STDERR_REDIRECT] 
2025-12-18 20:33:32,528 [ERROR] LogOutputStream:75 - [STDERR_REDIRECT] [Fatal Error] :1:1: Premature end of file.
2025-12-18 20:33:32,528 [ERROR] LogOutputStream:75 - [STDERR_REDIRECT] 
2025-12-18 20:33:33,556 [ERROR] LogOutputStream:75 - [STDERR_REDIRECT] [Fatal Error] :1:1: Premature end of file.
2025-12-18 20:33:33,556 [ERROR] LogOutputStream:75 - [STDERR_REDIRECT] 
2025-12-18 20:33:34,555 [ERROR] LogOutputStream:75 - [STDERR_REDIRECT] [Fatal Error] :1:1: Premature end of file.
2025-12-18 20:33:34,555 [ERROR] LogOutputStream:75 - [STDERR_REDIRECT] 
2025-12-18 20:33:35,539 [ERROR] LogOutputStream:75 - [STDERR_REDIRECT] [Fatal Error] :1:1: Premature end of file.
2025-12-18 20:33:35,539 [ERROR] LogOutputStream:75 - [STDERR_REDIRECT] 
2025-12-18 20:33:36,528 [ERROR] LogOutputStream:75 - [STDERR_REDIRECT] [Fatal Error] :1:1: Premature end of file.
2025-12-18 20:33:36,528 [ERROR] LogOutputStream:75 - [STDERR_REDIRECT] 
2025-12-18 20:33:37,537 [ERROR] LogOutputStream:75 - [STDERR_REDIRECT] [Fatal Error] :1:1: Premature end of file.
2025-12-18 20:33:37,537 [ERROR] LogOutputStream:75 - [STDERR_REDIRECT] 
2025-12-18 20:33:38,539 [ERROR] LogOutputStream:75 - [STDERR_REDIRECT] [Fatal Error] :1:1: Premature end of file.
2025-12-18 20:33:38,539 [ERROR] LogOutputStream:75 - [STDERR_REDIRECT] 
2025-12-18 20:33:39,548 [ERROR] LogOutputStream:75 - [STDERR_REDIRECT] [Fatal Error] :1:1: Premature end of file.
2025-12-18 20:33:39,548 [ERROR] LogOutputStream:75 - [STDERR_REDIRECT] 
2025-12-18 20:33:40,552 [ERROR] LogOutputStream:75 - [STDERR_REDIRECT] [Fatal Error] :1:1: Premature end of file.
2025-12-18 20:33:40,552 [ERROR] LogOutputStream:75 - [STDERR_REDIRECT] 
2025-12-18 20:33:41,528 [ERROR] LogOutputStream:75 - [STDERR_REDIRECT] [Fatal Error] :1:1: Premature end of file.
2025-12-18 20:33:41,528 [ERROR] LogOutputStream:75 - [STDERR_REDIRECT] 
2025-12-18 20:33:42,559 [ERROR] LogOutputStream:75 - [STDERR_REDIRECT] [Fatal Error] :1:1: Premature end of file.
2025-12-18 20:33:42,559 [ERROR] LogOutputStream:75 - [STDERR_REDIRECT] 
2025-12-18 20:33:43,538 [ERROR] LogOutputStream:75 - [STDERR_REDIRECT] [Fatal Error] :1:1: Premature end of file.
2025-12-18 20:33:43,538 [ERROR] LogOutputStream:75 - [STDERR_REDIRECT] 
2025-12-18 20:33:44,549 [ERROR] LogOutputStream:75 - [STDERR_REDIRECT] [Fatal Error] :1:1: Premature end of file.
2025-12-18 20:33:44,549 [ERROR] LogOutputStream:75 - [STDERR_REDIRECT] 
2025-12-18 20:33:45,538 [ERROR] LogOutputStream:75 - [STDERR_REDIRECT] [Fatal Error] :1:1: Premature end of file.
2025-12-18 20:33:45,538 [ERROR] LogOutputStream:75 - [STDERR_REDIRECT] 
2025-12-18 20:33:46,551 [ERROR] LogOutputStream:75 - [STDERR_REDIRECT] [Fatal Error] :1:1: Premature end of file.
2025-12-18 20:33:46,551 [ERROR] LogOutputStream:75 - [STDERR_REDIRECT] 
2025-12-18 20:33:47,561 [ERROR] LogOutputStream:75 - [STDERR_REDIRECT] [Fatal Error] :1:1: Premature end of file.
2025-12-18 20:33:47,561 [ERROR] LogOutputStream:75 - [STDERR_REDIRECT] 
2025-12-18 20:33:48,549 [ERROR] LogOutputStream:75 - [STDERR_REDIRECT] [Fatal Error] :1:1: Premature end of file.
2025-12-18 20:33:48,549 [ERROR] LogOutputStream:75 - [STDERR_REDIRECT] 
2025-12-18 20:33:49,549 [ERROR] LogOutputStream:75 - [STDERR_REDIRECT] [Fatal Error] :1:1: Premature end of file.
2025-12-18 20:33:49,549 [ERROR] LogOutputStream:75 - [STDERR_REDIRECT] 
2025-12-18 20:33:50,553 [ERROR] LogOutputStream:75 - [STDERR_REDIRECT] [Fatal Error] :1:1: Premature end of file.
2025-12-18 20:33:50,553 [ERROR] LogOutputStream:75 - [STDERR_REDIRECT] 
2025-12-18 20:33:51,528 [ERROR] LogOutputStream:75 - [STDERR_REDIRECT] [Fatal Error] :1:1: Premature end of file.
2025-12-18 20:33:51,528 [ERROR] LogOutputStream:75 - [STDERR_REDIRECT] 
2025-12-18 20:33:52,530 [ERROR] LogOutputStream:75 - [STDERR_REDIRECT] [Fatal Error] :1:1: Premature end of file.
2025-12-18 20:33:52,530 [ERROR] LogOutputStream:75 - [STDERR_REDIRECT] 
2025-12-18 20:33:53,534 [ERROR] LogOutputStream:75 - [STDERR_REDIRECT] [Fatal Error] :1:1: Premature end of file.
2025-12-18 20:33:53,534 [ERROR] LogOutputStream:75 - [STDERR_REDIRECT] 
2025-12-18 20:33:54,530 [ERROR] LogOutputStream:75 - [STDERR_REDIRECT] [Fatal Error] :1:1: Premature end of file.
2025-12-18 20:33:54,530 [ERROR] LogOutputStream:75 - [STDERR_REDIRECT] 
2025-12-18 20:33:55,529 [ERROR] LogOutputStream:75 - [STDERR_REDIRECT] [Fatal Error] :1:1: Premature end of file.
2025-12-18 20:33:55,529 [ERROR] LogOutputStream:75 - [STDERR_REDIRECT] 
2025-12-18 20:33:56,529 [ERROR] LogOutputStream:75 - [STDERR_REDIRECT] [Fatal Error] :1:1: Premature end of file.
2025-12-18 20:33:56,529 [ERROR] LogOutputStream:75 - [STDERR_REDIRECT] 
2025-12-18 20:33:57,528 [ERROR] LogOutputStream:75 - [STDERR_REDIRECT] [Fatal Error] :1:1: Premature end of file.
2025-12-18 20:33:57,528 [ERROR] LogOutputStream:75 - [STDERR_REDIRECT] 
2025-12-18 20:33:58,528 [ERROR] LogOutputStream:75 - [STDERR_REDIRECT] [Fatal Error] :1:1: Premature end of file.
2025-12-18 20:33:58,528 [ERROR] LogOutputStream:75 - [STDERR_REDIRECT] 
2025-12-18 20:33:59,528 [ERROR] LogOutputStream:75 - [STDERR_REDIRECT] [Fatal Error] :1:1: Premature end of file.
2025-12-18 20:33:59,528 [ERROR] LogOutputStream:75 - [STDERR_REDIRECT] 
2025-12-18 20:34:00,528 [ERROR] LogOutputStream:75 - [STDERR_REDIRECT] [Fatal Error] :1:1: Premature end of file.
2025-12-18 20:34:00,528 [ERROR] LogOutputStream:75 - [STDERR_REDIRECT] 
2025-12-18 20:34:01,527 [ERROR] LogOutputStream:75 - [STDERR_REDIRECT] [Fatal Error] :1:1: Premature end of file.
2025-12-18 20:34:01,529 [ERROR] LogOutputStream:75 - [STDERR_REDIRECT] 
2025-12-18 20:34:02,528 [ERROR] LogOutputStream:75 - [STDERR_REDIRECT] [Fatal Error] :1:1: Premature end of file.
2025-12-18 20:34:02,528 [ERROR] LogOutputStream:75 - [STDERR_REDIRECT] 
2025-12-18 20:34:03,529 [ERROR] LogOutputStream:75 - [STDERR_REDIRECT] [Fatal Error] :1:1: Premature end of file.
2025-12-18 20:34:03,529 [ERROR] LogOutputStream:75 - [STDERR_REDIRECT] 
2025-12-18 20:34:04,529 [ERROR] LogOutputStream:75 - [STDERR_REDIRECT] [Fatal Error] :1:1: Premature end of file.
2025-12-18 20:34:04,529 [ERROR] LogOutputStream:75 - [STDERR_REDIRECT] 
2025-12-18 20:34:05,531 [ERROR] LogOutputStream:75 - [STDERR_REDIRECT] [Fatal Error] :1:1: Premature end of file.
2025-12-18 20:34:05,531 [ERROR] LogOutputStream:75 - [STDERR_REDIRECT] 
2025-12-18 20:34:06,529 [ERROR] LogOutputStream:75 - [STDERR_REDIRECT] [Fatal Error] :1:1: Premature end of file.
2025-12-18 20:34:06,529 [ERROR] LogOutputStream:75 - [STDERR_REDIRECT] 
2025-12-18 20:34:07,536 [ERROR] LogOutputStream:75 - [STDERR_REDIRECT] [Fatal Error] :1:1: Premature end of file.
2025-12-18 20:34:07,536 [ERROR] LogOutputStream:75 - [STDERR_REDIRECT] 
2025-12-18 20:34:08,534 [ERROR] LogOutputStream:75 - [STDERR_REDIRECT] [Fatal Error] :1:1: Premature end of file.
2025-12-18 20:34:08,534 [ERROR] LogOutputStream:75 - [STDERR_REDIRECT] 
2025-12-18 20:34:09,530 [ERROR] LogOutputStream:75 - [STDERR_REDIRECT] [Fatal Error] :1:1: Premature end of file.
2025-12-18 20:34:09,530 [ERROR] LogOutputStream:75 - [STDERR_REDIRECT] 
2025-12-18 20:34:10,535 [ERROR] LogOutputStream:75 - [STDERR_REDIRECT] [Fatal Error] :1:1: Premature end of file.
2025-12-18 20:34:10,535 [ERROR] LogOutputStream:75 - [STDERR_REDIRECT] 
2025-12-18 20:34:11,538 [ERROR] LogOutputStream:75 - [STDERR_REDIRECT] [Fatal Error] :1:1: Premature end of file.
2025-12-18 20:34:11,539 [ERROR] LogOutputStream:75 - [STDERR_REDIRECT] 
2025-12-18 20:34:12,545 [ERROR] LogOutputStream:75 - [STDERR_REDIRECT] [Fatal Error] :1:1: Premature end of file.
2025-12-18 20:34:12,545 [ERROR] LogOutputStream:75 - [STDERR_REDIRECT] 
2025-12-18 20:34:13,527 [ERROR] LogOutputStream:75 - [STDERR_REDIRECT] [Fatal Error] :1:1: Premature end of file.
2025-12-18 20:34:13,527 [ERROR] LogOutputStream:75 - [STDERR_REDIRECT] 
2025-12-18 20:34:14,527 [ERROR] LogOutputStream:75 - [STDERR_REDIRECT] [Fatal Error] :1:1: Premature end of file.
2025-12-18 20:34:14,527 [ERROR] LogOutputStream:75 - [STDERR_REDIRECT] 
2025-12-18 20:34:15,529 [ERROR] LogOutputStream:75 - [STDERR_REDIRECT] [Fatal Error] :1:1: Premature end of file.
2025-12-18 20:34:15,529 [ERROR] LogOutputStream:75 - [STDERR_REDIRECT] 
2025-12-18 20:34:16,528 [ERROR] LogOutputStream:75 - [STDERR_REDIRECT] [Fatal Error] :1:1: Premature end of file.
2025-12-18 20:34:16,528 [ERROR] LogOutputStream:75 - [STDERR_REDIRECT] 
2025-12-18 20:34:17,528 [ERROR] LogOutputStream:75 - [STDERR_REDIRECT] [Fatal Error] :1:1: Premature end of file.
2025-12-18 20:34:17,529 [ERROR] LogOutputStream:75 - [STDERR_REDIRECT] 
2025-12-18 20:34:18,528 [ERROR] LogOutputStream:75 - [STDERR_REDIRECT] [Fatal Error] :1:1: Premature end of file.
2025-12-18 20:34:18,528 [ERROR] LogOutputStream:75 - [STDERR_REDIRECT] 
2025-12-18 20:34:19,529 [ERROR] LogOutputStream:75 - [STDERR_REDIRECT] [Fatal Error] :1:1: Premature end of file.
2025-12-18 20:34:19,529 [ERROR] LogOutputStream:75 - [STDERR_REDIRECT] 
2025-12-18 20:34:20,539 [ERROR] LogOutputStream:75 - [STDERR_REDIRECT] [Fatal Error] :1:1: Premature end of file.
2025-12-18 20:34:20,539 [ERROR] LogOutputStream:75 - [STDERR_REDIRECT] 
2025-12-18 20:34:21,561 [ERROR] LogOutputStream:75 - [STDERR_REDIRECT] [Fatal Error] :1:1: Premature end of file.
2025-12-18 20:34:21,561 [ERROR] LogOutputStream:75 - [STDERR_REDIRECT] 
2025-12-18 20:34:22,549 [ERROR] LogOutputStream:75 - [STDERR_REDIRECT] [Fatal Error] :1:1: Premature end of file.
2025-12-18 20:34:22,549 [ERROR] LogOutputStream:75 - [STDERR_REDIRECT] 
2025-12-18 20:34:23,544 [ERROR] LogOutputStream:75 - [STDERR_REDIRECT] [Fatal Error] :1:1: Premature end of file.
2025-12-18 20:34:23,545 [ERROR] LogOutputStream:75 - [STDERR_REDIRECT] 
2025-12-18 20:34:24,564 [ERROR] LogOutputStream:75 - [STDERR_REDIRECT] [Fatal Error] :1:1: Premature end of file.
2025-12-18 20:34:24,564 [ERROR] LogOutputStream:75 - [STDERR_REDIRECT] 
2025-12-18 20:34:25,528 [ERROR] LogOutputStream:75 - [STDERR_REDIRECT] [Fatal Error] :1:1: Premature end of file.
2025-12-18 20:34:25,530 [ERROR] LogOutputStream:75 - [STDERR_REDIRECT] 
2025-12-18 20:34:26,542 [ERROR] LogOutputStream:75 - [STDERR_REDIRECT] [Fatal Error] :1:1: Premature end of file.
2025-12-18 20:34:26,542 [ERROR] LogOutputStream:75 - [STDERR_REDIRECT] 
2025-12-18 20:34:27,534 [ERROR] LogOutputStream:75 - [STDERR_REDIRECT] [Fatal Error] :1:1: Premature end of file.
2025-12-18 20:34:27,534 [ERROR] LogOutputStream:75 - [STDERR_REDIRECT] 
2025-12-18 20:34:28,550 [ERROR] LogOutputStream:75 - [STDERR_REDIRECT] [Fatal Error] :1:1: Premature end of file.
2025-12-18 20:34:28,550 [ERROR] LogOutputStream:75 - [STDERR_REDIRECT] 
2025-12-18 20:34:29,529 [ERROR] LogOutputStream:75 - [STDERR_REDIRECT] [Fatal Error] :1:1: Premature end of file.
2025-12-18 20:34:29,529 [ERROR] LogOutputStream:75 - [STDERR_REDIRECT] 
2025-12-18 20:34:30,527 [ERROR] LogOutputStream:75 - [STDERR_REDIRECT] [Fatal Error] :1:1: Premature end of file.
2025-12-18 20:34:30,527 [ERROR] LogOutputStream:75 - [STDERR_REDIRECT] 
2025-12-18 20:34:31,536 [ERROR] LogOutputStream:75 - [STDERR_REDIRECT] [Fatal Error] :1:1: Premature end of file.
2025-12-18 20:34:31,536 [ERROR] LogOutputStream:75 - [STDERR_REDIRECT] 
2025-12-18 20:34:32,531 [ERROR] LogOutputStream:75 - [STDERR_REDIRECT] [Fatal Error] :1:1: Premature end of file.
2025-12-18 20:34:32,531 [ERROR] LogOutputStream:75 - [STDERR_REDIRECT] 
2025-12-18 20:34:33,535 [ERROR] LogOutputStream:75 - [STDERR_REDIRECT] [Fatal Error] :1:1: Premature end of file.
2025-12-18 20:34:33,535 [ERROR] LogOutputStream:75 - [STDERR_REDIRECT] 
2025-12-18 20:34:34,527 [ERROR] LogOutputStream:75 - [STDERR_REDIRECT] [Fatal Error] :1:1: Premature end of file.
2025-12-18 20:34:34,527 [ERROR] LogOutputStream:75 - [STDERR_REDIRECT] 
2025-12-18 20:34:35,527 [ERROR] LogOutputStream:75 - [STDERR_REDIRECT] [Fatal Error] :1:1: Premature end of file.
2025-12-18 20:34:35,528 [ERROR] LogOutputStream:75 - [STDERR_REDIRECT] 
2025-12-18 20:34:36,529 [ERROR] LogOutputStream:75 - [STDERR_REDIRECT] [Fatal Error] :1:1: Premature end of file.
2025-12-18 20:34:36,529 [ERROR] LogOutputStream:75 - [STDERR_REDIRECT] 
2025-12-18 20:34:37,565 [ERROR] LogOutputStream:75 - [STDERR_REDIRECT] [Fatal Error] :1:1: Premature end of file.
2025-12-18 20:34:37,565 [ERROR] LogOutputStream:75 - [STDERR_REDIRECT] 
2025-12-18 20:34:38,538 [ERROR] LogOutputStream:75 - [STDERR_REDIRECT] [Fatal Error] :1:1: Premature end of file.
2025-12-18 20:34:38,538 [ERROR] LogOutputStream:75 - [STDERR_REDIRECT] 
2025-12-18 20:34:39,529 [ERROR] LogOutputStream:75 - [STDERR_REDIRECT] [Fatal Error] :1:1: Premature end of file.
2025-12-18 20:34:39,529 [ERROR] LogOutputStream:75 - [STDERR_REDIRECT] 
2025-12-18 20:34:40,533 [ERROR] LogOutputStream:75 - [STDERR_REDIRECT] [Fatal Error] :1:1: Premature end of file.
2025-12-18 20:34:40,533 [ERROR] LogOutputStream:75 - [STDERR_REDIRECT] 
2025-12-18 20:34:41,538 [ERROR] LogOutputStream:75 - [STDERR_REDIRECT] [Fatal Error] :1:1: Premature end of file.
2025-12-18 20:34:41,538 [ERROR] LogOutputStream:75 - [STDERR_REDIRECT] 
2025-12-18 20:34:42,546 [ERROR] LogOutputStream:75 - [STDERR_REDIRECT] [Fatal Error] :1:1: Premature end of file.
2025-12-18 20:34:42,546 [ERROR] LogOutputStream:75 - [STDERR_REDIRECT] 
2025-12-18 20:34:43,545 [ERROR] LogOutputStream:75 - [STDERR_REDIRECT] [Fatal Error] :1:1: Premature end of file.
2025-12-18 20:34:43,545 [ERROR] LogOutputStream:75 - [STDERR_REDIRECT] 
2025-12-18 20:34:44,539 [ERROR] LogOutputStream:75 - [STDERR_REDIRECT] [Fatal Error] :1:1: Premature end of file.
2025-12-18 20:34:44,539 [ERROR] LogOutputStream:75 - [STDERR_REDIRECT] 
2025-12-18 20:34:45,529 [ERROR] LogOutputStream:75 - [STDERR_REDIRECT] [Fatal Error] :1:1: Premature end of file.
2025-12-18 20:34:45,529 [ERROR] LogOutputStream:75 - [STDERR_REDIRECT] 
2025-12-18 20:34:46,529 [ERROR] LogOutputStream:75 - [STDERR_REDIRECT] [Fatal Error] :1:1: Premature end of file.
2025-12-18 20:34:46,529 [ERROR] LogOutputStream:75 - [STDERR_REDIRECT] 
2025-12-18 20:34:47,528 [ERROR] LogOutputStream:75 - [STDERR_REDIRECT] [Fatal Error] :1:1: Premature end of file.
2025-12-18 20:34:47,528 [ERROR] LogOutputStream:75 - [STDERR_REDIRECT] 
2025-12-18 20:34:48,529 [ERROR] LogOutputStream:75 - [STDERR_REDIRECT] [Fatal Error] :1:1: Premature end of file.
2025-12-18 20:34:48,529 [ERROR] LogOutputStream:75 - [STDERR_REDIRECT] 
2025-12-18 20:34:49,539 [ERROR] LogOutputStream:75 - [STDERR_REDIRECT] [Fatal Error] :1:1: Premature end of file.
2025-12-18 20:34:49,539 [ERROR] LogOutputStream:75 - [STDERR_REDIRECT] 
2025-12-18 20:34:50,536 [ERROR] LogOutputStream:75 - [STDERR_REDIRECT] [Fatal Error] :1:1: Premature end of file.
2025-12-18 20:34:50,536 [ERROR] LogOutputStream:75 - [STDERR_REDIRECT] 
2025-12-18 20:34:51,528 [ERROR] LogOutputStream:75 - [STDERR_REDIRECT] [Fatal Error] :1:1: Premature end of file.
2025-12-18 20:34:51,528 [ERROR] LogOutputStream:75 - [STDERR_REDIRECT] 
2025-12-18 20:34:52,527 [ERROR] LogOutputStream:75 - [STDERR_REDIRECT] [Fatal Error] :1:1: Premature end of file.
2025-12-18 20:34:52,527 [ERROR] LogOutputStream:75 - [STDERR_REDIRECT] 
2025-12-18 20:34:53,528 [ERROR] LogOutputStream:75 - [STDERR_REDIRECT] [Fatal Error] :1:1: Premature end of file.
2025-12-18 20:34:53,528 [ERROR] LogOutputStream:75 - [STDERR_REDIRECT] 
2025-12-18 20:34:54,532 [ERROR] LogOutputStream:75 - [STDERR_REDIRECT] [Fatal Error] :1:1: Premature end of file.
2025-12-18 20:34:54,532 [ERROR] LogOutputStream:75 - [STDERR_REDIRECT] 
2025-12-18 20:34:55,538 [ERROR] LogOutputStream:75 - [STDERR_REDIRECT] [Fatal Error] :1:1: Premature end of file.
2025-12-18 20:34:55,538 [ERROR] LogOutputStream:75 - [STDERR_REDIRECT] 
2025-12-18 20:34:56,527 [ERROR] LogOutputStream:75 - [STDERR_REDIRECT] [Fatal Error] :1:1: Premature end of file.
2025-12-18 20:34:56,527 [ERROR] LogOutputStream:75 - [STDERR_REDIRECT] 
2025-12-18 20:34:57,536 [ERROR] LogOutputStream:75 - [STDERR_REDIRECT] [Fatal Error] :1:1: Premature end of file.
2025-12-18 20:34:57,536 [ERROR] LogOutputStream:75 - [STDERR_REDIRECT] 
2025-12-18 20:34:58,539 [ERROR] LogOutputStream:75 - [STDERR_REDIRECT] [Fatal Error] :1:1: Premature end of file.
2025-12-18 20:34:58,539 [ERROR] LogOutputStream:75 - [STDERR_REDIRECT] 
2025-12-18 20:34:59,539 [ERROR] LogOutputStream:75 - [STDERR_REDIRECT] [Fatal Error] :1:1: Premature end of file.
2025-12-18 20:34:59,539 [ERROR] LogOutputStream:75 - [STDERR_REDIRECT] 
2025-12-18 20:35:00,528 [ERROR] LogOutputStream:75 - [STDERR_REDIRECT] [Fatal Error] :1:1: Premature end of file.
2025-12-18 20:35:00,528 [ERROR] LogOutputStream:75 - [STDERR_REDIRECT] 
2025-12-18 20:35:01,534 [ERROR] LogOutputStream:75 - [STDERR_REDIRECT] [Fatal Error] :1:1: Premature end of file.
2025-12-18 20:35:01,534 [ERROR] LogOutputStream:75 - [STDERR_REDIRECT] 
2025-12-18 20:35:02,529 [ERROR] LogOutputStream:75 - [STDERR_REDIRECT] [Fatal Error] :1:1: Premature end of file.
2025-12-18 20:35:02,529 [ERROR] LogOutputStream:75 - [STDERR_REDIRECT] 
2025-12-18 20:35:03,529 [ERROR] LogOutputStream:75 - [STDERR_REDIRECT] [Fatal Error] :1:1: Premature end of file.
2025-12-18 20:35:03,530 [ERROR] LogOutputStream:75 - [STDERR_REDIRECT] 
2025-12-18 20:35:04,528 [ERROR] LogOutputStream:75 - [STDERR_REDIRECT] [Fatal Error] :1:1: Premature end of file.
2025-12-18 20:35:04,528 [ERROR] LogOutputStream:75 - [STDERR_REDIRECT] 
2025-12-18 20:35:05,536 [ERROR] LogOutputStream:75 - [STDERR_REDIRECT] [Fatal Error] :1:1: Premature end of file.
2025-12-18 20:35:05,536 [ERROR] LogOutputStream:75 - [STDERR_REDIRECT] 
2025-12-18 20:35:06,538 [ERROR] LogOutputStream:75 - [STDERR_REDIRECT] [Fatal Error] :1:1: Premature end of file.
2025-12-18 20:35:06,538 [ERROR] LogOutputStream:75 - [STDERR_REDIRECT] 
2025-12-18 20:35:07,533 [ERROR] LogOutputStream:75 - [STDERR_REDIRECT] [Fatal Error] :1:1: Premature end of file.
2025-12-18 20:35:07,533 [ERROR] LogOutputStream:75 - [STDERR_REDIRECT] 
2025-12-18 20:35:08,530 [ERROR] LogOutputStream:75 - [STDERR_REDIRECT] [Fatal Error] :1:1: Premature end of file.
2025-12-18 20:35:08,530 [ERROR] LogOutputStream:75 - [STDERR_REDIRECT] 
2025-12-18 20:35:09,527 [ERROR] LogOutputStream:75 - [STDERR_REDIRECT] [Fatal Error] :1:1: Premature end of file.
2025-12-18 20:35:09,527 [ERROR] LogOutputStream:75 - [STDERR_REDIRECT] 
2025-12-18 20:35:10,542 [ERROR] LogOutputStream:75 - [STDERR_REDIRECT] [Fatal Error] :1:1: Premature end of file.
2025-12-18 20:35:10,542 [ERROR] LogOutputStream:75 - [STDERR_REDIRECT] 
2025-12-18 20:35:11,528 [ERROR] LogOutputStream:75 - [STDERR_REDIRECT] [Fatal Error] :1:1: Premature end of file.
2025-12-18 20:35:11,528 [ERROR] LogOutputStream:75 - [STDERR_REDIRECT] 
2025-12-18 20:35:12,527 [ERROR] LogOutputStream:75 - [STDERR_REDIRECT] [Fatal Error] :1:1: Premature end of file.
2025-12-18 20:35:12,527 [ERROR] LogOutputStream:75 - [STDERR_REDIRECT] 
2025-12-18 20:35:13,530 [ERROR] LogOutputStream:75 - [STDERR_REDIRECT] [Fatal Error] :1:1: Premature end of file.
2025-12-18 20:35:13,530 [ERROR] LogOutputStream:75 - [STDERR_REDIRECT] 
2025-12-18 20:35:14,538 [ERROR] LogOutputStream:75 - [STDERR_REDIRECT] [Fatal Error] :1:1: Premature end of file.
2025-12-18 20:35:14,538 [ERROR] LogOutputStream:75 - [STDERR_REDIRECT] 
2025-12-18 20:35:15,527 [ERROR] LogOutputStream:75 - [STDERR_REDIRECT] [Fatal Error] :1:1: Premature end of file.
2025-12-18 20:35:15,528 [ERROR] LogOutputStream:75 - [STDERR_REDIRECT] 
2025-12-18 20:35:16,529 [ERROR] LogOutputStream:75 - [STDERR_REDIRECT] [Fatal Error] :1:1: Premature end of file.
2025-12-18 20:35:16,529 [ERROR] LogOutputStream:75 - [STDERR_REDIRECT] 
2025-12-18 20:35:17,528 [ERROR] LogOutputStream:75 - [STDERR_REDIRECT] [Fatal Error] :1:1: Premature end of file.
2025-12-18 20:35:17,528 [ERROR] LogOutputStream:75 - [STDERR_REDIRECT] 
2025-12-18 20:35:18,538 [ERROR] LogOutputStream:75 - [STDERR_REDIRECT] [Fatal Error] :1:1: Premature end of file.
2025-12-18 20:35:18,538 [ERROR] LogOutputStream:75 - [STDERR_REDIRECT] 
2025-12-18 20:35:19,528 [ERROR] LogOutputStream:75 - [STDERR_REDIRECT] [Fatal Error] :1:1: Premature end of file.
2025-12-18 20:35:19,528 [ERROR] LogOutputStream:75 - [STDERR_REDIRECT] 
2025-12-18 20:35:20,529 [ERROR] LogOutputStream:75 - [STDERR_REDIRECT] [Fatal Error] :1:1: Premature end of file.
2025-12-18 20:35:20,529 [ERROR] LogOutputStream:75 - [STDERR_REDIRECT] 
2025-12-18 20:35:21,540 [ERROR] LogOutputStream:75 - [STDERR_REDIRECT] [Fatal Error] :1:1: Premature end of file.
2025-12-18 20:35:21,540 [ERROR] LogOutputStream:75 - [STDERR_REDIRECT] 
2025-12-18 20:35:22,530 [ERROR] LogOutputStream:75 - [STDERR_REDIRECT] [Fatal Error] :1:1: Premature end of file.
2025-12-18 20:35:22,530 [ERROR] LogOutputStream:75 - [STDERR_REDIRECT] 
2025-12-18 20:35:23,529 [ERROR] LogOutputStream:75 - [STDERR_REDIRECT] [Fatal Error] :1:1: Premature end of file.
2025-12-18 20:35:23,529 [ERROR] LogOutputStream:75 - [STDERR_REDIRECT] 
2025-12-18 20:35:24,529 [ERROR] LogOutputStream:75 - [STDERR_REDIRECT] [Fatal Error] :1:1: Premature end of file.
2025-12-18 20:35:24,529 [ERROR] LogOutputStream:75 - [STDERR_REDIRECT] 
2025-12-18 20:35:25,528 [ERROR] LogOutputStream:75 - [STDERR_REDIRECT] [Fatal Error] :1:1: Premature end of file.
2025-12-18 20:35:25,528 [ERROR] LogOutputStream:75 - [STDERR_REDIRECT] 
2025-12-18 20:35:26,529 [ERROR] LogOutputStream:75 - [STDERR_REDIRECT] [Fatal Error] :1:1: Premature end of file.
2025-12-18 20:35:26,529 [ERROR] LogOutputStream:75 - [STDERR_REDIRECT] 
2025-12-18 20:35:27,534 [ERROR] LogOutputStream:75 - [STDERR_REDIRECT] [Fatal Error] :1:1: Premature end of file.
2025-12-18 20:35:27,534 [ERROR] LogOutputStream:75 - [STDERR_REDIRECT] 
2025-12-18 20:35:28,538 [ERROR] LogOutputStream:75 - [STDERR_REDIRECT] [Fatal Error] :1:1: Premature end of file.
2025-12-18 20:35:28,538 [ERROR] LogOutputStream:75 - [STDERR_REDIRECT] 
2025-12-18 20:35:29,536 [ERROR] LogOutputStream:75 - [STDERR_REDIRECT] [Fatal Error] :1:1: Premature end of file.
2025-12-18 20:35:29,536 [ERROR] LogOutputStream:75 - [STDERR_REDIRECT] 
2025-12-18 20:35:30,538 [ERROR] LogOutputStream:75 - [STDERR_REDIRECT] [Fatal Error] :1:1: Premature end of file.
2025-12-18 20:35:30,538 [ERROR] LogOutputStream:75 - [STDERR_REDIRECT] 
2025-12-18 20:35:31,538 [ERROR] LogOutputStream:75 - [STDERR_REDIRECT] [Fatal Error] :1:1: Premature end of file.
2025-12-18 20:35:31,538 [ERROR] LogOutputStream:75 - [STDERR_REDIRECT] 
2025-12-18 20:35:32,533 [ERROR] LogOutputStream:75 - [STDERR_REDIRECT] [Fatal Error] :1:1: Premature end of file.
2025-12-18 20:35:32,533 [ERROR] LogOutputStream:75 - [STDERR_REDIRECT] 
2025-12-18 20:35:33,537 [ERROR] LogOutputStream:75 - [STDERR_REDIRECT] [Fatal Error] :1:1: Premature end of file.
2025-12-18 20:35:33,537 [ERROR] LogOutputStream:75 - [STDERR_REDIRECT] 
2025-12-18 20:35:34,548 [ERROR] LogOutputStream:75 - [STDERR_REDIRECT] [Fatal Error] :1:1: Premature end of file.
2025-12-18 20:35:34,548 [ERROR] LogOutputStream:75 - [STDERR_REDIRECT] 
2025-12-18 20:35:35,527 [ERROR] LogOutputStream:75 - [STDERR_REDIRECT] [Fatal Error] :1:1: Premature end of file.
2025-12-18 20:35:35,528 [ERROR] LogOutputStream:75 - [STDERR_REDIRECT] 
2025-12-18 20:35:36,528 [ERROR] LogOutputStream:75 - [STDERR_REDIRECT] [Fatal Error] :1:1: Premature end of file.
2025-12-18 20:35:36,528 [ERROR] LogOutputStream:75 - [STDERR_REDIRECT] 
2025-12-18 20:35:37,530 [ERROR] LogOutputStream:75 - [STDERR_REDIRECT] [Fatal Error] :1:1: Premature end of file.
2025-12-18 20:35:37,530 [ERROR] LogOutputStream:75 - [STDERR_REDIRECT] 
2025-12-18 20:35:38,538 [ERROR] LogOutputStream:75 - [STDERR_REDIRECT] [Fatal Error] :1:1: Premature end of file.
2025-12-18 20:35:38,538 [ERROR] LogOutputStream:75 - [STDERR_REDIRECT] 
2025-12-18 20:35:39,553 [ERROR] LogOutputStream:75 - [STDERR_REDIRECT] [Fatal Error] :1:1: Premature end of file.
2025-12-18 20:35:39,553 [ERROR] LogOutputStream:75 - [STDERR_REDIRECT] 
2025-12-18 20:35:40,552 [ERROR] LogOutputStream:75 - [STDERR_REDIRECT] [Fatal Error] :1:1: Premature end of file.
2025-12-18 20:35:40,554 [ERROR] LogOutputStream:75 - [STDERR_REDIRECT] 
2025-12-18 20:35:41,527 [ERROR] LogOutputStream:75 - [STDERR_REDIRECT] [Fatal Error] :1:1: Premature end of file.
2025-12-18 20:35:41,528 [ERROR] LogOutputStream:75 - [STDERR_REDIRECT] 
2025-12-18 20:35:42,549 [ERROR] LogOutputStream:75 - [STDERR_REDIRECT] [Fatal Error] :1:1: Premature end of file.
2025-12-18 20:35:42,549 [ERROR] LogOutputStream:75 - [STDERR_REDIRECT] 
2025-12-18 20:35:43,530 [ERROR] LogOutputStream:75 - [STDERR_REDIRECT] [Fatal Error] :1:1: Premature end of file.
2025-12-18 20:35:43,530 [ERROR] LogOutputStream:75 - [STDERR_REDIRECT] 
2025-12-18 20:35:44,538 [ERROR] LogOutputStream:75 - [STDERR_REDIRECT] [Fatal Error] :1:1: Premature end of file.
2025-12-18 20:35:44,538 [ERROR] LogOutputStream:75 - [STDERR_REDIRECT] 
2025-12-18 20:35:45,538 [ERROR] LogOutputStream:75 - [STDERR_REDIRECT] [Fatal Error] :1:1: Premature end of file.
2025-12-18 20:35:45,538 [ERROR] LogOutputStream:75 - [STDERR_REDIRECT] 
2025-12-18 20:35:46,530 [ERROR] LogOutputStream:75 - [STDERR_REDIRECT] [Fatal Error] :1:1: Premature end of file.
2025-12-18 20:35:46,530 [ERROR] LogOutputStream:75 - [STDERR_REDIRECT] 
2025-12-18 20:35:47,540 [ERROR] LogOutputStream:75 - [STDERR_REDIRECT] [Fatal Error] :1:1: Premature end of file.
2025-12-18 20:35:47,540 [ERROR] LogOutputStream:75 - [STDERR_REDIRECT] 
2025-12-18 20:35:48,530 [ERROR] LogOutputStream:75 - [STDERR_REDIRECT] [Fatal Error] :1:1: Premature end of file.
2025-12-18 20:35:48,530 [ERROR] LogOutputStream:75 - [STDERR_REDIRECT] 
2025-12-18 20:35:49,529 [ERROR] LogOutputStream:75 - [STDERR_REDIRECT] [Fatal Error] :1:1: Premature end of file.
2025-12-18 20:35:49,530 [ERROR] LogOutputStream:75 - [STDERR_REDIRECT] 
2025-12-18 20:35:50,539 [ERROR] LogOutputStream:75 - [STDERR_REDIRECT] [Fatal Error] :1:1: Premature end of file.
2025-12-18 20:35:50,539 [ERROR] LogOutputStream:75 - [STDERR_REDIRECT] 
2025-12-18 20:35:51,539 [ERROR] LogOutputStream:75 - [STDERR_REDIRECT] [Fatal Error] :1:1: Premature end of file.
2025-12-18 20:35:51,539 [ERROR] LogOutputStream:75 - [STDERR_REDIRECT] 
2025-12-18 20:35:52,537 [ERROR] LogOutputStream:75 - [STDERR_REDIRECT] [Fatal Error] :1:1: Premature end of file.
2025-12-18 20:35:52,537 [ERROR] LogOutputStream:75 - [STDERR_REDIRECT] 
2025-12-18 20:35:53,539 [ERROR] LogOutputStream:75 - [STDERR_REDIRECT] [Fatal Error] :1:1: Premature end of file.
2025-12-18 20:35:53,539 [ERROR] LogOutputStream:75 - [STDERR_REDIRECT] 
2025-12-18 20:35:54,531 [ERROR] LogOutputStream:75 - [STDERR_REDIRECT] [Fatal Error] :1:1: Premature end of file.
2025-12-18 20:35:54,531 [ERROR] LogOutputStream:75 - [STDERR_REDIRECT] 
2025-12-18 20:35:55,534 [ERROR] LogOutputStream:75 - [STDERR_REDIRECT] [Fatal Error] :1:1: Premature end of file.
2025-12-18 20:35:55,534 [ERROR] LogOutputStream:75 - [STDERR_REDIRECT] 
2025-12-18 20:35:56,538 [ERROR] LogOutputStream:75 - [STDERR_REDIRECT] [Fatal Error] :1:1: Premature end of file.
2025-12-18 20:35:56,538 [ERROR] LogOutputStream:75 - [STDERR_REDIRECT] 
2025-12-18 20:35:57,547 [ERROR] LogOutputStream:75 - [STDERR_REDIRECT] [Fatal Error] :1:1: Premature end of file.
2025-12-18 20:35:57,547 [ERROR] LogOutputStream:75 - [STDERR_REDIRECT] 
2025-12-18 20:35:58,538 [ERROR] LogOutputStream:75 - [STDERR_REDIRECT] [Fatal Error] :1:1: Premature end of file.
2025-12-18 20:35:58,538 [ERROR] LogOutputStream:75 - [STDERR_REDIRECT] 
2025-12-18 20:35:59,553 [ERROR] LogOutputStream:75 - [STDERR_REDIRECT] [Fatal Error] :1:1: Premature end of file.
2025-12-18 20:35:59,553 [ERROR] LogOutputStream:75 - [STDERR_REDIRECT] 
2025-12-18 20:36:00,543 [ERROR] LogOutputStream:75 - [STDERR_REDIRECT] [Fatal Error] :1:1: Premature end of file.
2025-12-18 20:36:00,543 [ERROR] LogOutputStream:75 - [STDERR_REDIRECT] 
2025-12-18 20:36:01,528 [ERROR] LogOutputStream:75 - [STDERR_REDIRECT] [Fatal Error] :1:1: Premature end of file.
2025-12-18 20:36:01,528 [ERROR] LogOutputStream:75 - [STDERR_REDIRECT] 
2025-12-18 20:36:02,529 [ERROR] LogOutputStream:75 - [STDERR_REDIRECT] [Fatal Error] :1:1: Premature end of file.
2025-12-18 20:36:02,529 [ERROR] LogOutputStream:75 - [STDERR_REDIRECT] 
2025-12-18 20:36:03,529 [ERROR] LogOutputStream:75 - [STDERR_REDIRECT] [Fatal Error] :1:1: Premature end of file.
2025-12-18 20:36:03,529 [ERROR] LogOutputStream:75 - [STDERR_REDIRECT] 
2025-12-18 20:36:04,535 [ERROR] LogOutputStream:75 - [STDERR_REDIRECT] [Fatal Error] :1:1: Premature end of file.
2025-12-18 20:36:04,535 [ERROR] LogOutputStream:75 - [STDERR_REDIRECT] 
2025-12-18 20:36:05,528 [ERROR] LogOutputStream:75 - [STDERR_REDIRECT] [Fatal Error] :1:1: Premature end of file.
2025-12-18 20:36:05,528 [ERROR] LogOutputStream:75 - [STDERR_REDIRECT] 
2025-12-18 20:36:06,533 [ERROR] LogOutputStream:75 - [STDERR_REDIRECT] [Fatal Error] :1:1: Premature end of file.
2025-12-18 20:36:06,534 [ERROR] LogOutputStream:75 - [STDERR_REDIRECT] 
2025-12-18 20:36:07,527 [ERROR] LogOutputStream:75 - [STDERR_REDIRECT] [Fatal Error] :1:1: Premature end of file.
2025-12-18 20:36:07,527 [ERROR] LogOutputStream:75 - [STDERR_REDIRECT] 
2025-12-18 20:36:08,547 [ERROR] LogOutputStream:75 - [STDERR_REDIRECT] [Fatal Error] :1:1: Premature end of file.
2025-12-18 20:36:08,547 [ERROR] LogOutputStream:75 - [STDERR_REDIRECT] 
2025-12-18 20:36:09,529 [ERROR] LogOutputStream:75 - [STDERR_REDIRECT] [Fatal Error] :1:1: Premature end of file.
2025-12-18 20:36:09,529 [ERROR] LogOutputStream:75 - [STDERR_REDIRECT] 
2025-12-18 20:36:10,529 [ERROR] LogOutputStream:75 - [STDERR_REDIRECT] [Fatal Error] :1:1: Premature end of file.
2025-12-18 20:36:10,529 [ERROR] LogOutputStream:75 - [STDERR_REDIRECT] 
2025-12-18 20:36:11,540 [ERROR] LogOutputStream:75 - [STDERR_REDIRECT] [Fatal Error] :1:1: Premature end of file.
2025-12-18 20:36:11,540 [ERROR] LogOutputStream:75 - [STDERR_REDIRECT] 
2025-12-18 20:36:12,529 [ERROR] LogOutputStream:75 - [STDERR_REDIRECT] [Fatal Error] :1:1: Premature end of file.
2025-12-18 20:36:12,530 [ERROR] LogOutputStream:75 - [STDERR_REDIRECT] 
2025-12-18 20:36:13,529 [ERROR] LogOutputStream:75 - [STDERR_REDIRECT] [Fatal Error] :1:1: Premature end of file.
2025-12-18 20:36:13,529 [ERROR] LogOutputStream:75 - [STDERR_REDIRECT] 
2025-12-18 20:36:14,529 [ERROR] LogOutputStream:75 - [STDERR_REDIRECT] [Fatal Error] :1:1: Premature end of file.
2025-12-18 20:36:14,529 [ERROR] LogOutputStream:75 - [STDERR_REDIRECT] 
2025-12-18 20:36:15,539 [ERROR] LogOutputStream:75 - [STDERR_REDIRECT] [Fatal Error] :1:1: Premature end of file.
2025-12-18 20:36:15,539 [ERROR] LogOutputStream:75 - [STDERR_REDIRECT] 
2025-12-18 20:36:16,527 [ERROR] LogOutputStream:75 - [STDERR_REDIRECT] [Fatal Error] :1:1: Premature end of file.
2025-12-18 20:36:16,527 [ERROR] LogOutputStream:75 - [STDERR_REDIRECT] 
2025-12-18 20:36:17,531 [ERROR] LogOutputStream:75 - [STDERR_REDIRECT] [Fatal Error] :1:1: Premature end of file.
2025-12-18 20:36:17,531 [ERROR] LogOutputStream:75 - [STDERR_REDIRECT] 
2025-12-18 20:36:18,529 [ERROR] LogOutputStream:75 - [STDERR_REDIRECT] [Fatal Error] :1:1: Premature end of file.
2025-12-18 20:36:18,529 [ERROR] LogOutputStream:75 - [STDERR_REDIRECT] 
2025-12-18 20:36:19,530 [ERROR] LogOutputStream:75 - [STDERR_REDIRECT] [Fatal Error] :1:1: Premature end of file.
2025-12-18 20:36:19,530 [ERROR] LogOutputStream:75 - [STDERR_REDIRECT] 
2025-12-18 20:36:20,539 [ERROR] LogOutputStream:75 - [STDERR_REDIRECT] [Fatal Error] :1:1: Premature end of file.
2025-12-18 20:36:20,539 [ERROR] LogOutputStream:75 - [STDERR_REDIRECT] 
2025-12-18 20:36:21,544 [ERROR] LogOutputStream:75 - [STDERR_REDIRECT] [Fatal Error] :1:1: Premature end of file.
2025-12-18 20:36:21,544 [ERROR] LogOutputStream:75 - [STDERR_REDIRECT] 
2025-12-18 20:36:22,527 [ERROR] LogOutputStream:75 - [STDERR_REDIRECT] [Fatal Error] :1:1: Premature end of file.
2025-12-18 20:36:22,527 [ERROR] LogOutputStream:75 - [STDERR_REDIRECT] 
2025-12-18 20:36:23,532 [ERROR] LogOutputStream:75 - [STDERR_REDIRECT] [Fatal Error] :1:1: Premature end of file.
2025-12-18 20:36:23,532 [ERROR] LogOutputStream:75 - [STDERR_REDIRECT] 
2025-12-18 20:36:24,528 [ERROR] LogOutputStream:75 - [STDERR_REDIRECT] [Fatal Error] :1:1: Premature end of file.
2025-12-18 20:36:24,529 [ERROR] LogOutputStream:75 - [STDERR_REDIRECT] 
2025-12-18 20:36:25,529 [ERROR] LogOutputStream:75 - [STDERR_REDIRECT] [Fatal Error] :1:1: Premature end of file.
2025-12-18 20:36:25,529 [ERROR] LogOutputStream:75 - [STDERR_REDIRECT] 
2025-12-18 20:36:26,558 [ERROR] LogOutputStream:75 - [STDERR_REDIRECT] [Fatal Error] :1:1: Premature end of file.
2025-12-18 20:36:26,558 [ERROR] LogOutputStream:75 - [STDERR_REDIRECT] 
2025-12-18 20:36:27,529 [ERROR] LogOutputStream:75 - [STDERR_REDIRECT] [Fatal Error] :1:1: Premature end of file.
2025-12-18 20:36:27,529 [ERROR] LogOutputStream:75 - [STDERR_REDIRECT] 
2025-12-18 20:36:28,528 [ERROR] LogOutputStream:75 - [STDERR_REDIRECT] [Fatal Error] :1:1: Premature end of file.
2025-12-18 20:36:28,528 [ERROR] LogOutputStream:75 - [STDERR_REDIRECT] 
2025-12-18 20:36:29,528 [ERROR] LogOutputStream:75 - [STDERR_REDIRECT] [Fatal Error] :1:1: Premature end of file.
2025-12-18 20:36:29,528 [ERROR] LogOutputStream:75 - [STDERR_REDIRECT] 
2025-12-18 20:36:30,541 [ERROR] LogOutputStream:75 - [STDERR_REDIRECT] [Fatal Error] :1:1: Premature end of file.
2025-12-18 20:36:30,542 [ERROR] LogOutputStream:75 - [STDERR_REDIRECT] 
2025-12-18 20:36:31,533 [ERROR] LogOutputStream:75 - [STDERR_REDIRECT] [Fatal Error] :1:1: Premature end of file.
2025-12-18 20:36:31,533 [ERROR] LogOutputStream:75 - [STDERR_REDIRECT] 
2025-12-18 20:36:32,556 [ERROR] LogOutputStream:75 - [STDERR_REDIRECT] [Fatal Error] :1:1: Premature end of file.
2025-12-18 20:36:32,556 [ERROR] LogOutputStream:75 - [STDERR_REDIRECT] 
2025-12-18 20:36:33,536 [ERROR] LogOutputStream:75 - [STDERR_REDIRECT] [Fatal Error] :1:1: Premature end of file.
2025-12-18 20:36:33,536 [ERROR] LogOutputStream:75 - [STDERR_REDIRECT] 
2025-12-18 20:36:34,535 [ERROR] LogOutputStream:75 - [STDERR_REDIRECT] [Fatal Error] :1:1: Premature end of file.
2025-12-18 20:36:34,535 [ERROR] LogOutputStream:75 - [STDERR_REDIRECT] 
2025-12-18 20:36:35,529 [ERROR] LogOutputStream:75 - [STDERR_REDIRECT] [Fatal Error] :1:1: Premature end of file.
2025-12-18 20:36:35,529 [ERROR] LogOutputStream:75 - [STDERR_REDIRECT] 
2025-12-18 20:36:36,530 [ERROR] LogOutputStream:75 - [STDERR_REDIRECT] [Fatal Error] :1:1: Premature end of file.
2025-12-18 20:36:36,530 [ERROR] LogOutputStream:75 - [STDERR_REDIRECT] 
2025-12-18 20:36:37,528 [ERROR] LogOutputStream:75 - [STDERR_REDIRECT] [Fatal Error] :1:1: Premature end of file.
2025-12-18 20:36:37,528 [ERROR] LogOutputStream:75 - [STDERR_REDIRECT] 
2025-12-18 20:36:38,529 [ERROR] LogOutputStream:75 - [STDERR_REDIRECT] [Fatal Error] :1:1: Premature end of file.
2025-12-18 20:36:38,529 [ERROR] LogOutputStream:75 - [STDERR_REDIRECT] 
2025-12-18 20:36:39,530 [ERROR] LogOutputStream:75 - [STDERR_REDIRECT] [Fatal Error] :1:1: Premature end of file.
2025-12-18 20:36:39,530 [ERROR] LogOutputStream:75 - [STDERR_REDIRECT] 
2025-12-18 20:36:40,529 [ERROR] LogOutputStream:75 - [STDERR_REDIRECT] [Fatal Error] :1:1: Premature end of file.
2025-12-18 20:36:40,529 [ERROR] LogOutputStream:75 - [STDERR_REDIRECT] 
2025-12-18 20:36:41,538 [ERROR] LogOutputStream:75 - [STDERR_REDIRECT] [Fatal Error] :1:1: Premature end of file.
2025-12-18 20:36:41,538 [ERROR] LogOutputStream:75 - [STDERR_REDIRECT] 
2025-12-18 20:36:42,529 [ERROR] LogOutputStream:75 - [STDERR_REDIRECT] [Fatal Error] :1:1: Premature end of file.
2025-12-18 20:36:42,529 [ERROR] LogOutputStream:75 - [STDERR_REDIRECT] 
2025-12-18 20:36:43,530 [ERROR] LogOutputStream:75 - [STDERR_REDIRECT] [Fatal Error] :1:1: Premature end of file.
2025-12-18 20:36:43,530 [ERROR] LogOutputStream:75 - [STDERR_REDIRECT] 
2025-12-18 20:36:44,538 [ERROR] LogOutputStream:75 - [STDERR_REDIRECT] [Fatal Error] :1:1: Premature end of file.
2025-12-18 20:36:44,538 [ERROR] LogOutputStream:75 - [STDERR_REDIRECT] 
2025-12-18 20:36:45,528 [ERROR] LogOutputStream:75 - [STDERR_REDIRECT] [Fatal Error] :1:1: Premature end of file.
2025-12-18 20:36:45,528 [ERROR] LogOutputStream:75 - [STDERR_REDIRECT] 
2025-12-18 20:36:46,527 [ERROR] LogOutputStream:75 - [STDERR_REDIRECT] [Fatal Error] :1:1: Premature end of file.
2025-12-18 20:36:46,528 [ERROR] LogOutputStream:75 - [STDERR_REDIRECT] 
2025-12-18 20:36:47,556 [ERROR] LogOutputStream:75 - [STDERR_REDIRECT] [Fatal Error] :1:1: Premature end of file.
2025-12-18 20:36:47,556 [ERROR] LogOutputStream:75 - [STDERR_REDIRECT] 
2025-12-18 20:36:48,528 [ERROR] LogOutputStream:75 - [STDERR_REDIRECT] [Fatal Error] :1:1: Premature end of file.
2025-12-18 20:36:48,528 [ERROR] LogOutputStream:75 - [STDERR_REDIRECT] 
2025-12-18 20:36:49,540 [ERROR] LogOutputStream:75 - [STDERR_REDIRECT] [Fatal Error] :1:1: Premature end of file.
2025-12-18 20:36:49,540 [ERROR] LogOutputStream:75 - [STDERR_REDIRECT] 
2025-12-18 20:36:50,539 [ERROR] LogOutputStream:75 - [STDERR_REDIRECT] [Fatal Error] :1:1: Premature end of file.
2025-12-18 20:36:50,539 [ERROR] LogOutputStream:75 - [STDERR_REDIRECT] 
2025-12-18 20:36:51,528 [ERROR] LogOutputStream:75 - [STDERR_REDIRECT] [Fatal Error] :1:1: Premature end of file.
2025-12-18 20:36:51,528 [ERROR] LogOutputStream:75 - [STDERR_REDIRECT] 
2025-12-18 20:36:52,564 [ERROR] LogOutputStream:75 - [STDERR_REDIRECT] [Fatal Error] :1:1: Premature end of file.
2025-12-18 20:36:52,564 [ERROR] LogOutputStream:75 - [STDERR_REDIRECT] 
2025-12-18 20:36:53,538 [ERROR] LogOutputStream:75 - [STDERR_REDIRECT] [Fatal Error] :1:1: Premature end of file.
2025-12-18 20:36:53,538 [ERROR] LogOutputStream:75 - [STDERR_REDIRECT] 
2025-12-18 20:36:54,528 [ERROR] LogOutputStream:75 - [STDERR_REDIRECT] [Fatal Error] :1:1: Premature end of file.
2025-12-18 20:36:54,529 [ERROR] LogOutputStream:75 - [STDERR_REDIRECT] 
2025-12-18 20:36:55,539 [ERROR] LogOutputStream:75 - [STDERR_REDIRECT] [Fatal Error] :1:1: Premature end of file.
2025-12-18 20:36:55,539 [ERROR] LogOutputStream:75 - [STDERR_REDIRECT] 
2025-12-18 20:36:56,527 [ERROR] LogOutputStream:75 - [STDERR_REDIRECT] [Fatal Error] :1:1: Premature end of file.
2025-12-18 20:36:56,527 [ERROR] LogOutputStream:75 - [STDERR_REDIRECT] 
2025-12-18 20:36:57,535 [ERROR] LogOutputStream:75 - [STDERR_REDIRECT] [Fatal Error] :1:1: Premature end of file.
2025-12-18 20:36:57,535 [ERROR] LogOutputStream:75 - [STDERR_REDIRECT] 
2025-12-18 20:36:58,538 [ERROR] LogOutputStream:75 - [STDERR_REDIRECT] [Fatal Error] :1:1: Premature end of file.
2025-12-18 20:36:58,538 [ERROR] LogOutputStream:75 - [STDERR_REDIRECT] 
2025-12-18 20:36:59,530 [ERROR] LogOutputStream:75 - [STDERR_REDIRECT] [Fatal Error] :1:1: Premature end of file.
2025-12-18 20:36:59,530 [ERROR] LogOutputStream:75 - [STDERR_REDIRECT] 
2025-12-18 20:37:00,538 [ERROR] LogOutputStream:75 - [STDERR_REDIRECT] [Fatal Error] :1:1: Premature end of file.
2025-12-18 20:37:00,538 [ERROR] LogOutputStream:75 - [STDERR_REDIRECT] 
2025-12-18 20:37:01,551 [ERROR] LogOutputStream:75 - [STDERR_REDIRECT] [Fatal Error] :1:1: Premature end of file.
2025-12-18 20:37:01,551 [ERROR] LogOutputStream:75 - [STDERR_REDIRECT] 
2025-12-18 20:37:02,528 [ERROR] LogOutputStream:75 - [STDERR_REDIRECT] [Fatal Error] :1:1: Premature end of file.
2025-12-18 20:37:02,528 [ERROR] LogOutputStream:75 - [STDERR_REDIRECT] 
2025-12-18 20:37:03,528 [ERROR] LogOutputStream:75 - [STDERR_REDIRECT] [Fatal Error] :1:1: Premature end of file.
2025-12-18 20:37:03,528 [ERROR] LogOutputStream:75 - [STDERR_REDIRECT] 
2025-12-18 20:37:04,528 [ERROR] LogOutputStream:75 - [STDERR_REDIRECT] [Fatal Error] :1:1: Premature end of file.
2025-12-18 20:37:04,528 [ERROR] LogOutputStream:75 - [STDERR_REDIRECT] 
2025-12-18 20:37:05,527 [ERROR] LogOutputStream:75 - [STDERR_REDIRECT] [Fatal Error] :1:1: Premature end of file.
2025-12-18 20:37:05,527 [ERROR] LogOutputStream:75 - [STDERR_REDIRECT] 
2025-12-18 20:37:06,534 [ERROR] LogOutputStream:75 - [STDERR_REDIRECT] [Fatal Error] :1:1: Premature end of file.
2025-12-18 20:37:06,534 [ERROR] LogOutputStream:75 - [STDERR_REDIRECT] 
2025-12-18 20:37:07,537 [ERROR] LogOutputStream:75 - [STDERR_REDIRECT] [Fatal Error] :1:1: Premature end of file.
2025-12-18 20:37:07,537 [ERROR] LogOutputStream:75 - [STDERR_REDIRECT] 
2025-12-18 20:37:08,553 [ERROR] LogOutputStream:75 - [STDERR_REDIRECT] [Fatal Error] :1:1: Premature end of file.
2025-12-18 20:37:08,553 [ERROR] LogOutputStream:75 - [STDERR_REDIRECT] 
2025-12-18 20:37:09,529 [ERROR] LogOutputStream:75 - [STDERR_REDIRECT] [Fatal Error] :1:1: Premature end of file.
2025-12-18 20:37:09,529 [ERROR] LogOutputStream:75 - [STDERR_REDIRECT] 
2025-12-18 20:37:10,560 [ERROR] LogOutputStream:75 - [STDERR_REDIRECT] [Fatal Error] :1:1: Premature end of file.
2025-12-18 20:37:10,560 [ERROR] LogOutputStream:75 - [STDERR_REDIRECT] 
2025-12-18 20:37:11,529 [ERROR] LogOutputStream:75 - [STDERR_REDIRECT] [Fatal Error] :1:1: Premature end of file.
2025-12-18 20:37:11,529 [ERROR] LogOutputStream:75 - [STDERR_REDIRECT] 
2025-12-18 20:37:12,528 [ERROR] LogOutputStream:75 - [STDERR_REDIRECT] [Fatal Error] :1:1: Premature end of file.
2025-12-18 20:37:12,528 [ERROR] LogOutputStream:75 - [STDERR_REDIRECT] 
2025-12-18 20:37:13,530 [ERROR] LogOutputStream:75 - [STDERR_REDIRECT] [Fatal Error] :1:1: Premature end of file.
2025-12-18 20:37:13,530 [ERROR] LogOutputStream:75 - [STDERR_REDIRECT] 
2025-12-18 20:37:14,528 [ERROR] LogOutputStream:75 - [STDERR_REDIRECT] [Fatal Error] :1:1: Premature end of file.
2025-12-18 20:37:14,528 [ERROR] LogOutputStream:75 - [STDERR_REDIRECT] 
2025-12-18 20:37:15,528 [ERROR] LogOutputStream:75 - [STDERR_REDIRECT] [Fatal Error] :1:1: Premature end of file.
2025-12-18 20:37:15,528 [ERROR] LogOutputStream:75 - [STDERR_REDIRECT] 
2025-12-18 20:37:16,529 [ERROR] LogOutputStream:75 - [STDERR_REDIRECT] [Fatal Error] :1:1: Premature end of file.
2025-12-18 20:37:16,529 [ERROR] LogOutputStream:75 - [STDERR_REDIRECT] 
2025-12-18 20:37:17,527 [ERROR] LogOutputStream:75 - [STDERR_REDIRECT] [Fatal Error] :1:1: Premature end of file.
2025-12-18 20:37:17,527 [ERROR] LogOutputStream:75 - [STDERR_REDIRECT] 
2025-12-18 20:37:18,529 [ERROR] LogOutputStream:75 - [STDERR_REDIRECT] [Fatal Error] :1:1: Premature end of file.
2025-12-18 20:37:18,529 [ERROR] LogOutputStream:75 - [STDERR_REDIRECT] 
2025-12-18 20:37:19,528 [ERROR] LogOutputStream:75 - [STDERR_REDIRECT] [Fatal Error] :1:1: Premature end of file.
2025-12-18 20:37:19,528 [ERROR] LogOutputStream:75 - [STDERR_REDIRECT] 
2025-12-18 20:37:20,533 [ERROR] LogOutputStream:75 - [STDERR_REDIRECT] [Fatal Error] :1:1: Premature end of file.
2025-12-18 20:37:20,534 [ERROR] LogOutputStream:75 - [STDERR_REDIRECT] 
2025-12-18 20:37:21,527 [ERROR] LogOutputStream:75 - [STDERR_REDIRECT] [Fatal Error] :1:1: Premature end of file.
2025-12-18 20:37:21,528 [ERROR] LogOutputStream:75 - [STDERR_REDIRECT] 
2025-12-18 20:37:22,529 [ERROR] LogOutputStream:75 - [STDERR_REDIRECT] [Fatal Error] :1:1: Premature end of file.
2025-12-18 20:37:22,529 [ERROR] LogOutputStream:75 - [STDERR_REDIRECT] 
2025-12-18 20:37:23,528 [ERROR] LogOutputStream:75 - [STDERR_REDIRECT] [Fatal Error] :1:1: Premature end of file.
2025-12-18 20:37:23,528 [ERROR] LogOutputStream:75 - [STDERR_REDIRECT] 
2025-12-18 20:37:24,528 [ERROR] LogOutputStream:75 - [STDERR_REDIRECT] [Fatal Error] :1:1: Premature end of file.
2025-12-18 20:37:24,528 [ERROR] LogOutputStream:75 - [STDERR_REDIRECT] 
2025-12-18 20:37:25,527 [ERROR] LogOutputStream:75 - [STDERR_REDIRECT] [Fatal Error] :1:1: Premature end of file.
2025-12-18 20:37:25,527 [ERROR] LogOutputStream:75 - [STDERR_REDIRECT] 
2025-12-18 20:37:26,528 [ERROR] LogOutputStream:75 - [STDERR_REDIRECT] [Fatal Error] :1:1: Premature end of file.
2025-12-18 20:37:26,529 [ERROR] LogOutputStream:75 - [STDERR_REDIRECT] 
2025-12-18 20:37:27,526 [ERROR] LogOutputStream:75 - [STDERR_REDIRECT] [Fatal Error] :1:1: Premature end of file.
2025-12-18 20:37:27,526 [ERROR] LogOutputStream:75 - [STDERR_REDIRECT] 
2025-12-18 20:37:28,528 [ERROR] LogOutputStream:75 - [STDERR_REDIRECT] [Fatal Error] :1:1: Premature end of file.
2025-12-18 20:37:28,528 [ERROR] LogOutputStream:75 - [STDERR_REDIRECT] 
2025-12-18 20:37:29,527 [ERROR] LogOutputStream:75 - [STDERR_REDIRECT] [Fatal Error] :1:1: Premature end of file.
2025-12-18 20:37:29,527 [ERROR] LogOutputStream:75 - [STDERR_REDIRECT] 
2025-12-18 20:37:30,528 [ERROR] LogOutputStream:75 - [STDERR_REDIRECT] [Fatal Error] :1:1: Premature end of file.
2025-12-18 20:37:30,528 [ERROR] LogOutputStream:75 - [STDERR_REDIRECT] 
2025-12-18 20:37:31,527 [ERROR] LogOutputStream:75 - [STDERR_REDIRECT] [Fatal Error] :1:1: Premature end of file.
2025-12-18 20:37:31,527 [ERROR] LogOutputStream:75 - [STDERR_REDIRECT] 
2025-12-18 20:37:32,530 [ERROR] LogOutputStream:75 - [STDERR_REDIRECT] [Fatal Error] :1:1: Premature end of file.
2025-12-18 20:37:32,530 [ERROR] LogOutputStream:75 - [STDERR_REDIRECT] 
2025-12-18 20:37:33,529 [ERROR] LogOutputStream:75 - [STDERR_REDIRECT] [Fatal Error] :1:1: Premature end of file.
2025-12-18 20:37:33,529 [ERROR] LogOutputStream:75 - [STDERR_REDIRECT] 
2025-12-18 20:37:34,529 [ERROR] LogOutputStream:75 - [STDERR_REDIRECT] [Fatal Error] :1:1: Premature end of file.
2025-12-18 20:37:34,529 [ERROR] LogOutputStream:75 - [STDERR_REDIRECT] 
2025-12-18 20:37:35,529 [ERROR] LogOutputStream:75 - [STDERR_REDIRECT] [Fatal Error] :1:1: Premature end of file.
2025-12-18 20:37:35,529 [ERROR] LogOutputStream:75 - [STDERR_REDIRECT] 
2025-12-18 20:37:36,527 [ERROR] LogOutputStream:75 - [STDERR_REDIRECT] [Fatal Error] :1:1: Premature end of file.
2025-12-18 20:37:36,527 [ERROR] LogOutputStream:75 - [STDERR_REDIRECT] 
2025-12-18 20:37:37,526 [ERROR] LogOutputStream:75 - [STDERR_REDIRECT] [Fatal Error] :1:1: Premature end of file.
2025-12-18 20:37:37,527 [ERROR] LogOutputStream:75 - [STDERR_REDIRECT] 
2025-12-18 20:37:38,531 [ERROR] LogOutputStream:75 - [STDERR_REDIRECT] [Fatal Error] :1:1: Premature end of file.
2025-12-18 20:37:38,531 [ERROR] LogOutputStream:75 - [STDERR_REDIRECT] 
2025-12-18 20:37:39,528 [ERROR] LogOutputStream:75 - [STDERR_REDIRECT] [Fatal Error] :1:1: Premature end of file.
2025-12-18 20:37:39,528 [ERROR] LogOutputStream:75 - [STDERR_REDIRECT] 
2025-12-18 20:37:40,529 [ERROR] LogOutputStream:75 - [STDERR_REDIRECT] [Fatal Error] :1:1: Premature end of file.
2025-12-18 20:37:40,529 [ERROR] LogOutputStream:75 - [STDERR_REDIRECT] 
2025-12-18 20:37:41,528 [ERROR] LogOutputStream:75 - [STDERR_REDIRECT] [Fatal Error] :1:1: Premature end of file.
2025-12-18 20:37:41,528 [ERROR] LogOutputStream:75 - [STDERR_REDIRECT] 
2025-12-18 20:37:42,529 [ERROR] LogOutputStream:75 - [STDERR_REDIRECT] [Fatal Error] :1:1: Premature end of file.
2025-12-18 20:37:42,529 [ERROR] LogOutputStream:75 - [STDERR_REDIRECT] 
2025-12-18 20:37:43,528 [ERROR] LogOutputStream:75 - [STDERR_REDIRECT] [Fatal Error] :1:1: Premature end of file.
2025-12-18 20:37:43,528 [ERROR] LogOutputStream:75 - [STDERR_REDIRECT] 
2025-12-18 20:37:44,527 [ERROR] LogOutputStream:75 - [STDERR_REDIRECT] [Fatal Error] :1:1: Premature end of file.
2025-12-18 20:37:44,527 [ERROR] LogOutputStream:75 - [STDERR_REDIRECT] 
2025-12-18 20:37:45,528 [ERROR] LogOutputStream:75 - [STDERR_REDIRECT] [Fatal Error] :1:1: Premature end of file.
2025-12-18 20:37:45,528 [ERROR] LogOutputStream:75 - [STDERR_REDIRECT] 
2025-12-18 20:37:46,528 [ERROR] LogOutputStream:75 - [STDERR_REDIRECT] [Fatal Error] :1:1: Premature end of file.
2025-12-18 20:37:46,528 [ERROR] LogOutputStream:75 - [STDERR_REDIRECT] 
2025-12-18 20:37:47,528 [ERROR] LogOutputStream:75 - [STDERR_REDIRECT] [Fatal Error] :1:1: Premature end of file.
2025-12-18 20:37:47,528 [ERROR] LogOutputStream:75 - [STDERR_REDIRECT] 
2025-12-18 20:37:48,529 [ERROR] LogOutputStream:75 - [STDERR_REDIRECT] [Fatal Error] :1:1: Premature end of file.
2025-12-18 20:37:48,529 [ERROR] LogOutputStream:75 - [STDERR_REDIRECT] 
2025-12-18 20:37:49,529 [ERROR] LogOutputStream:75 - [STDERR_REDIRECT] [Fatal Error] :1:1: Premature end of file.
2025-12-18 20:37:49,529 [ERROR] LogOutputStream:75 - [STDERR_REDIRECT] 
2025-12-18 20:37:50,540 [ERROR] LogOutputStream:75 - [STDERR_REDIRECT] [Fatal Error] :1:1: Premature end of file.
2025-12-18 20:37:50,540 [ERROR] LogOutputStream:75 - [STDERR_REDIRECT] 
2025-12-18 20:37:51,527 [ERROR] LogOutputStream:75 - [STDERR_REDIRECT] [Fatal Error] :1:1: Premature end of file.
2025-12-18 20:37:51,527 [ERROR] LogOutputStream:75 - [STDERR_REDIRECT] 
2025-12-18 20:37:52,529 [ERROR] LogOutputStream:75 - [STDERR_REDIRECT] [Fatal Error] :1:1: Premature end of file.
2025-12-18 20:37:52,529 [ERROR] LogOutputStream:75 - [STDERR_REDIRECT] 
2025-12-18 20:37:53,527 [ERROR] LogOutputStream:75 - [STDERR_REDIRECT] [Fatal Error] :1:1: Premature end of file.
2025-12-18 20:37:53,528 [ERROR] LogOutputStream:75 - [STDERR_REDIRECT] 
2025-12-18 20:37:54,528 [ERROR] LogOutputStream:75 - [STDERR_REDIRECT] [Fatal Error] :1:1: Premature end of file.
2025-12-18 20:37:54,528 [ERROR] LogOutputStream:75 - [STDERR_REDIRECT] 
2025-12-18 20:37:55,529 [ERROR] LogOutputStream:75 - [STDERR_REDIRECT] [Fatal Error] :1:1: Premature end of file.
2025-12-18 20:37:55,529 [ERROR] LogOutputStream:75 - [STDERR_REDIRECT] 
2025-12-18 20:37:56,526 [ERROR] LogOutputStream:75 - [STDERR_REDIRECT] [Fatal Error] :1:1: Premature end of file.
2025-12-18 20:37:56,526 [ERROR] LogOutputStream:75 - [STDERR_REDIRECT] 
2025-12-18 20:37:57,527 [ERROR] LogOutputStream:75 - [STDERR_REDIRECT] [Fatal Error] :1:1: Premature end of file.
2025-12-18 20:37:57,527 [ERROR] LogOutputStream:75 - [STDERR_REDIRECT] 
2025-12-18 20:37:58,536 [ERROR] LogOutputStream:75 - [STDERR_REDIRECT] [Fatal Error] :1:1: Premature end of file.
2025-12-18 20:37:58,536 [ERROR] LogOutputStream:75 - [STDERR_REDIRECT] 
2025-12-18 20:37:59,528 [ERROR] LogOutputStream:75 - [STDERR_REDIRECT] [Fatal Error] :1:1: Premature end of file.
2025-12-18 20:37:59,528 [ERROR] LogOutputStream:75 - [STDERR_REDIRECT] 
2025-12-18 20:38:00,528 [ERROR] LogOutputStream:75 - [STDERR_REDIRECT] [Fatal Error] :1:1: Premature end of file.
2025-12-18 20:38:00,529 [ERROR] LogOutputStream:75 - [STDERR_REDIRECT] 
2025-12-18 20:38:01,539 [ERROR] LogOutputStream:75 - [STDERR_REDIRECT] [Fatal Error] :1:1: Premature end of file.
2025-12-18 20:38:01,540 [ERROR] LogOutputStream:75 - [STDERR_REDIRECT] 
2025-12-18 20:38:02,527 [ERROR] LogOutputStream:75 - [STDERR_REDIRECT] [Fatal Error] :1:1: Premature end of file.
2025-12-18 20:38:02,527 [ERROR] LogOutputStream:75 - [STDERR_REDIRECT] 
2025-12-18 20:38:03,527 [ERROR] LogOutputStream:75 - [STDERR_REDIRECT] [Fatal Error] :1:1: Premature end of file.
2025-12-18 20:38:03,527 [ERROR] LogOutputStream:75 - [STDERR_REDIRECT] 
2025-12-18 20:38:04,528 [ERROR] LogOutputStream:75 - [STDERR_REDIRECT] [Fatal Error] :1:1: Premature end of file.
2025-12-18 20:38:04,528 [ERROR] LogOutputStream:75 - [STDERR_REDIRECT] 
2025-12-18 20:38:05,528 [ERROR] LogOutputStream:75 - [STDERR_REDIRECT] [Fatal Error] :1:1: Premature end of file.
2025-12-18 20:38:05,528 [ERROR] LogOutputStream:75 - [STDERR_REDIRECT] 
2025-12-18 20:38:06,528 [ERROR] LogOutputStream:75 - [STDERR_REDIRECT] [Fatal Error] :1:1: Premature end of file.
2025-12-18 20:38:06,528 [ERROR] LogOutputStream:75 - [STDERR_REDIRECT] 
2025-12-18 20:38:07,529 [ERROR] LogOutputStream:75 - [STDERR_REDIRECT] [Fatal Error] :1:1: Premature end of file.
2025-12-18 20:38:07,529 [ERROR] LogOutputStream:75 - [STDERR_REDIRECT] 
2025-12-18 20:38:08,527 [ERROR] LogOutputStream:75 - [STDERR_REDIRECT] [Fatal Error] :1:1: Premature end of file.
2025-12-18 20:38:08,527 [ERROR] LogOutputStream:75 - [STDERR_REDIRECT] 
2025-12-18 20:38:09,528 [ERROR] LogOutputStream:75 - [STDERR_REDIRECT] [Fatal Error] :1:1: Premature end of file.
2025-12-18 20:38:09,529 [ERROR] LogOutputStream:75 - [STDERR_REDIRECT] 
2025-12-18 20:38:10,529 [ERROR] LogOutputStream:75 - [STDERR_REDIRECT] [Fatal Error] :1:1: Premature end of file.
2025-12-18 20:38:10,529 [ERROR] LogOutputStream:75 - [STDERR_REDIRECT] 
2025-12-18 20:38:11,528 [ERROR] LogOutputStream:75 - [STDERR_REDIRECT] [Fatal Error] :1:1: Premature end of file.
2025-12-18 20:38:11,528 [ERROR] LogOutputStream:75 - [STDERR_REDIRECT] 
2025-12-18 20:38:12,527 [ERROR] LogOutputStream:75 - [STDERR_REDIRECT] [Fatal Error] :1:1: Premature end of file.
2025-12-18 20:38:12,527 [ERROR] LogOutputStream:75 - [STDERR_REDIRECT] 
2025-12-18 20:38:13,528 [ERROR] LogOutputStream:75 - [STDERR_REDIRECT] [Fatal Error] :1:1: Premature end of file.
2025-12-18 20:38:13,528 [ERROR] LogOutputStream:75 - [STDERR_REDIRECT] 
2025-12-18 20:38:14,528 [ERROR] LogOutputStream:75 - [STDERR_REDIRECT] [Fatal Error] :1:1: Premature end of file.
2025-12-18 20:38:14,528 [ERROR] LogOutputStream:75 - [STDERR_REDIRECT] 
2025-12-18 20:38:15,528 [ERROR] LogOutputStream:75 - [STDERR_REDIRECT] [Fatal Error] :1:1: Premature end of file.
2025-12-18 20:38:15,528 [ERROR] LogOutputStream:75 - [STDERR_REDIRECT] 
2025-12-18 20:38:16,528 [ERROR] LogOutputStream:75 - [STDERR_REDIRECT] [Fatal Error] :1:1: Premature end of file.
2025-12-18 20:38:16,528 [ERROR] LogOutputStream:75 - [STDERR_REDIRECT] 
2025-12-18 20:38:17,528 [ERROR] LogOutputStream:75 - [STDERR_REDIRECT] [Fatal Error] :1:1: Premature end of file.
2025-12-18 20:38:17,528 [ERROR] LogOutputStream:75 - [STDERR_REDIRECT] 
2025-12-18 20:38:18,528 [ERROR] LogOutputStream:75 - [STDERR_REDIRECT] [Fatal Error] :1:1: Premature end of file.
2025-12-18 20:38:18,528 [ERROR] LogOutputStream:75 - [STDERR_REDIRECT] 
2025-12-18 20:38:19,528 [ERROR] LogOutputStream:75 - [STDERR_REDIRECT] [Fatal Error] :1:1: Premature end of file.
2025-12-18 20:38:19,528 [ERROR] LogOutputStream:75 - [STDERR_REDIRECT] 
2025-12-18 20:38:20,527 [ERROR] LogOutputStream:75 - [STDERR_REDIRECT] [Fatal Error] :1:1: Premature end of file.
2025-12-18 20:38:20,527 [ERROR] LogOutputStream:75 - [STDERR_REDIRECT] 
2025-12-18 20:38:21,528 [ERROR] LogOutputStream:75 - [STDERR_REDIRECT] [Fatal Error] :1:1: Premature end of file.
2025-12-18 20:38:21,528 [ERROR] LogOutputStream:75 - [STDERR_REDIRECT] 
2025-12-18 20:38:22,527 [ERROR] LogOutputStream:75 - [STDERR_REDIRECT] [Fatal Error] :1:1: Premature end of file.
2025-12-18 20:38:22,527 [ERROR] LogOutputStream:75 - [STDERR_REDIRECT] 
2025-12-18 20:38:23,529 [ERROR] LogOutputStream:75 - [STDERR_REDIRECT] [Fatal Error] :1:1: Premature end of file.
2025-12-18 20:38:23,529 [ERROR] LogOutputStream:75 - [STDERR_REDIRECT] 
2025-12-18 20:38:24,528 [ERROR] LogOutputStream:75 - [STDERR_REDIRECT] [Fatal Error] :1:1: Premature end of file.
2025-12-18 20:38:24,528 [ERROR] LogOutputStream:75 - [STDERR_REDIRECT] 
2025-12-18 20:38:25,528 [ERROR] LogOutputStream:75 - [STDERR_REDIRECT] [Fatal Error] :1:1: Premature end of file.
2025-12-18 20:38:25,528 [ERROR] LogOutputStream:75 - [STDERR_REDIRECT] 
2025-12-18 20:38:26,527 [ERROR] LogOutputStream:75 - [STDERR_REDIRECT] [Fatal Error] :1:1: Premature end of file.
2025-12-18 20:38:26,528 [ERROR] LogOutputStream:75 - [STDERR_REDIRECT] 
2025-12-18 20:38:27,529 [ERROR] LogOutputStream:75 - [STDERR_REDIRECT] [Fatal Error] :1:1: Premature end of file.
2025-12-18 20:38:27,529 [ERROR] LogOutputStream:75 - [STDERR_REDIRECT] 
2025-12-18 20:38:28,528 [ERROR] LogOutputStream:75 - [STDERR_REDIRECT] [Fatal Error] :1:1: Premature end of file.
2025-12-18 20:38:28,528 [ERROR] LogOutputStream:75 - [STDERR_REDIRECT] 
2025-12-18 20:38:29,530 [ERROR] LogOutputStream:75 - [STDERR_REDIRECT] [Fatal Error] :1:1: Premature end of file.
2025-12-18 20:38:29,530 [ERROR] LogOutputStream:75 - [STDERR_REDIRECT] 
2025-12-18 20:38:30,527 [ERROR] LogOutputStream:75 - [STDERR_REDIRECT] [Fatal Error] :1:1: Premature end of file.
2025-12-18 20:38:30,527 [ERROR] LogOutputStream:75 - [STDERR_REDIRECT] 
2025-12-18 20:38:31,526 [ERROR] LogOutputStream:75 - [STDERR_REDIRECT] [Fatal Error] :1:1: Premature end of file.
2025-12-18 20:38:31,527 [ERROR] LogOutputStream:75 - [STDERR_REDIRECT] 
2025-12-18 20:38:32,529 [ERROR] LogOutputStream:75 - [STDERR_REDIRECT] [Fatal Error] :1:1: Premature end of file.
2025-12-18 20:38:32,529 [ERROR] LogOutputStream:75 - [STDERR_REDIRECT] 
2025-12-18 20:38:33,528 [ERROR] LogOutputStream:75 - [STDERR_REDIRECT] [Fatal Error] :1:1: Premature end of file.
2025-12-18 20:38:33,528 [ERROR] LogOutputStream:75 - [STDERR_REDIRECT] 
2025-12-18 20:38:34,529 [ERROR] LogOutputStream:75 - [STDERR_REDIRECT] [Fatal Error] :1:1: Premature end of file.
2025-12-18 20:38:34,529 [ERROR] LogOutputStream:75 - [STDERR_REDIRECT] 
2025-12-18 20:38:35,529 [ERROR] LogOutputStream:75 - [STDERR_REDIRECT] [Fatal Error] :1:1: Premature end of file.
2025-12-18 20:38:35,529 [ERROR] LogOutputStream:75 - [STDERR_REDIRECT] 
2025-12-18 20:38:36,528 [ERROR] LogOutputStream:75 - [STDERR_REDIRECT] [Fatal Error] :1:1: Premature end of file.
2025-12-18 20:38:36,528 [ERROR] LogOutputStream:75 - [STDERR_REDIRECT] 
2025-12-18 20:38:37,528 [ERROR] LogOutputStream:75 - [STDERR_REDIRECT] [Fatal Error] :1:1: Premature end of file.
2025-12-18 20:38:37,528 [ERROR] LogOutputStream:75 - [STDERR_REDIRECT] 
2025-12-18 20:38:38,538 [ERROR] LogOutputStream:75 - [STDERR_REDIRECT] [Fatal Error] :1:1: Premature end of file.
2025-12-18 20:38:38,538 [ERROR] LogOutputStream:75 - [STDERR_REDIRECT] 
2025-12-18 20:38:39,530 [ERROR] LogOutputStream:75 - [STDERR_REDIRECT] [Fatal Error] :1:1: Premature end of file.
2025-12-18 20:38:39,530 [ERROR] LogOutputStream:75 - [STDERR_REDIRECT] 
2025-12-18 20:38:40,527 [ERROR] LogOutputStream:75 - [STDERR_REDIRECT] [Fatal Error] :1:1: Premature end of file.
2025-12-18 20:38:40,527 [ERROR] LogOutputStream:75 - [STDERR_REDIRECT] 
2025-12-18 20:38:41,527 [ERROR] LogOutputStream:75 - [STDERR_REDIRECT] [Fatal Error] :1:1: Premature end of file.
2025-12-18 20:38:41,527 [ERROR] LogOutputStream:75 - [STDERR_REDIRECT] 
2025-12-18 20:38:42,527 [ERROR] LogOutputStream:75 - [STDERR_REDIRECT] [Fatal Error] :1:1: Premature end of file.
2025-12-18 20:38:42,527 [ERROR] LogOutputStream:75 - [STDERR_REDIRECT] 
2025-12-18 20:38:43,527 [ERROR] LogOutputStream:75 - [STDERR_REDIRECT] [Fatal Error] :1:1: Premature end of file.
2025-12-18 20:38:43,527 [ERROR] LogOutputStream:75 - [STDERR_REDIRECT] 
2025-12-18 20:38:44,529 [ERROR] LogOutputStream:75 - [STDERR_REDIRECT] [Fatal Error] :1:1: Premature end of file.
2025-12-18 20:38:44,529 [ERROR] LogOutputStream:75 - [STDERR_REDIRECT] 
2025-12-18 20:38:45,540 [ERROR] LogOutputStream:75 - [STDERR_REDIRECT] [Fatal Error] :1:1: Premature end of file.
2025-12-18 20:38:45,540 [ERROR] LogOutputStream:75 - [STDERR_REDIRECT] 
2025-12-18 20:38:46,532 [ERROR] LogOutputStream:75 - [STDERR_REDIRECT] [Fatal Error] :1:1: Premature end of file.
2025-12-18 20:38:46,532 [ERROR] LogOutputStream:75 - [STDERR_REDIRECT] 
2025-12-18 20:38:47,527 [ERROR] LogOutputStream:75 - [STDERR_REDIRECT] [Fatal Error] :1:1: Premature end of file.
2025-12-18 20:38:47,527 [ERROR] LogOutputStream:75 - [STDERR_REDIRECT] 
2025-12-18 20:38:48,528 [ERROR] LogOutputStream:75 - [STDERR_REDIRECT] [Fatal Error] :1:1: Premature end of file.
2025-12-18 20:38:48,528 [ERROR] LogOutputStream:75 - [STDERR_REDIRECT] 
2025-12-18 20:38:49,528 [ERROR] LogOutputStream:75 - [STDERR_REDIRECT] [Fatal Error] :1:1: Premature end of file.
2025-12-18 20:38:49,528 [ERROR] LogOutputStream:75 - [STDERR_REDIRECT] 
2025-12-18 20:38:50,529 [ERROR] LogOutputStream:75 - [STDERR_REDIRECT] [Fatal Error] :1:1: Premature end of file.
2025-12-18 20:38:50,529 [ERROR] LogOutputStream:75 - [STDERR_REDIRECT] 
2025-12-18 20:38:51,528 [ERROR] LogOutputStream:75 - [STDERR_REDIRECT] [Fatal Error] :1:1: Premature end of file.
2025-12-18 20:38:51,528 [ERROR] LogOutputStream:75 - [STDERR_REDIRECT] 
2025-12-18 20:38:52,530 [ERROR] LogOutputStream:75 - [STDERR_REDIRECT] [Fatal Error] :1:1: Premature end of file.
2025-12-18 20:38:52,530 [ERROR] LogOutputStream:75 - [STDERR_REDIRECT] 
2025-12-18 20:38:53,530 [ERROR] LogOutputStream:75 - [STDERR_REDIRECT] [Fatal Error] :1:1: Premature end of file.
2025-12-18 20:38:53,530 [ERROR] LogOutputStream:75 - [STDERR_REDIRECT] 
2025-12-18 20:38:54,528 [ERROR] LogOutputStream:75 - [STDERR_REDIRECT] [Fatal Error] :1:1: Premature end of file.
2025-12-18 20:38:54,529 [ERROR] LogOutputStream:75 - [STDERR_REDIRECT] 
2025-12-18 20:38:55,529 [ERROR] LogOutputStream:75 - [STDERR_REDIRECT] [Fatal Error] :1:1: Premature end of file.
2025-12-18 20:38:55,529 [ERROR] LogOutputStream:75 - [STDERR_REDIRECT] 
2025-12-18 20:38:56,528 [ERROR] LogOutputStream:75 - [STDERR_REDIRECT] [Fatal Error] :1:1: Premature end of file.
2025-12-18 20:38:56,529 [ERROR] LogOutputStream:75 - [STDERR_REDIRECT] 
2025-12-18 20:38:57,528 [ERROR] LogOutputStream:75 - [STDERR_REDIRECT] [Fatal Error] :1:1: Premature end of file.
2025-12-18 20:38:57,528 [ERROR] LogOutputStream:75 - [STDERR_REDIRECT] 
2025-12-18 20:38:58,528 [ERROR] LogOutputStream:75 - [STDERR_REDIRECT] [Fatal Error] :1:1: Premature end of file.
2025-12-18 20:38:58,528 [ERROR] LogOutputStream:75 - [STDERR_REDIRECT] 
2025-12-18 20:38:59,533 [ERROR] LogOutputStream:75 - [STDERR_REDIRECT] [Fatal Error] :1:1: Premature end of file.
2025-12-18 20:38:59,533 [ERROR] LogOutputStream:75 - [STDERR_REDIRECT] 
2025-12-18 20:39:00,530 [ERROR] LogOutputStream:75 - [STDERR_REDIRECT] [Fatal Error] :1:1: Premature end of file.
2025-12-18 20:39:00,530 [ERROR] LogOutputStream:75 - [STDERR_REDIRECT] 
2025-12-18 20:39:01,527 [ERROR] LogOutputStream:75 - [STDERR_REDIRECT] [Fatal Error] :1:1: Premature end of file.
2025-12-18 20:39:01,527 [ERROR] LogOutputStream:75 - [STDERR_REDIRECT] 
2025-12-18 20:39:02,528 [ERROR] LogOutputStream:75 - [STDERR_REDIRECT] [Fatal Error] :1:1: Premature end of file.
2025-12-18 20:39:02,528 [ERROR] LogOutputStream:75 - [STDERR_REDIRECT] 
2025-12-18 20:39:03,535 [ERROR] LogOutputStream:75 - [STDERR_REDIRECT] [Fatal Error] :1:1: Premature end of file.
2025-12-18 20:39:03,535 [ERROR] LogOutputStream:75 - [STDERR_REDIRECT] 
2025-12-18 20:39:04,528 [ERROR] LogOutputStream:75 - [STDERR_REDIRECT] [Fatal Error] :1:1: Premature end of file.
2025-12-18 20:39:04,528 [ERROR] LogOutputStream:75 - [STDERR_REDIRECT] 
2025-12-18 20:39:05,528 [ERROR] LogOutputStream:75 - [STDERR_REDIRECT] [Fatal Error] :1:1: Premature end of file.
2025-12-18 20:39:05,528 [ERROR] LogOutputStream:75 - [STDERR_REDIRECT] 
2025-12-18 20:39:06,531 [ERROR] LogOutputStream:75 - [STDERR_REDIRECT] [Fatal Error] :1:1: Premature end of file.
2025-12-18 20:39:06,531 [ERROR] LogOutputStream:75 - [STDERR_REDIRECT] 
2025-12-18 20:39:07,526 [ERROR] LogOutputStream:75 - [STDERR_REDIRECT] [Fatal Error] :1:1: Premature end of file.
2025-12-18 20:39:07,526 [ERROR] LogOutputStream:75 - [STDERR_REDIRECT] 
2025-12-18 20:39:08,529 [ERROR] LogOutputStream:75 - [STDERR_REDIRECT] [Fatal Error] :1:1: Premature end of file.
2025-12-18 20:39:08,529 [ERROR] LogOutputStream:75 - [STDERR_REDIRECT] 
2025-12-18 20:39:09,530 [ERROR] LogOutputStream:75 - [STDERR_REDIRECT] [Fatal Error] :1:1: Premature end of file.
2025-12-18 20:39:09,530 [ERROR] LogOutputStream:75 - [STDERR_REDIRECT] 
2025-12-18 20:39:10,527 [ERROR] LogOutputStream:75 - [STDERR_REDIRECT] [Fatal Error] :1:1: Premature end of file.
2025-12-18 20:39:10,527 [ERROR] LogOutputStream:75 - [STDERR_REDIRECT] 
2025-12-18 20:39:11,527 [ERROR] LogOutputStream:75 - [STDERR_REDIRECT] [Fatal Error] :1:1: Premature end of file.
2025-12-18 20:39:11,527 [ERROR] LogOutputStream:75 - [STDERR_REDIRECT] 
2025-12-18 20:39:12,528 [ERROR] LogOutputStream:75 - [STDERR_REDIRECT] [Fatal Error] :1:1: Premature end of file.
2025-12-18 20:39:12,528 [ERROR] LogOutputStream:75 - [STDERR_REDIRECT] 
2025-12-18 20:39:13,528 [ERROR] LogOutputStream:75 - [STDERR_REDIRECT] [Fatal Error] :1:1: Premature end of file.
2025-12-18 20:39:13,528 [ERROR] LogOutputStream:75 - [STDERR_REDIRECT] 
2025-12-18 20:39:14,527 [ERROR] LogOutputStream:75 - [STDERR_REDIRECT] [Fatal Error] :1:1: Premature end of file.
2025-12-18 20:39:14,527 [ERROR] LogOutputStream:75 - [STDERR_REDIRECT] 
2025-12-18 20:39:15,528 [ERROR] LogOutputStream:75 - [STDERR_REDIRECT] [Fatal Error] :1:1: Premature end of file.
2025-12-18 20:39:15,528 [ERROR] LogOutputStream:75 - [STDERR_REDIRECT] 
2025-12-18 20:39:16,527 [ERROR] LogOutputStream:75 - [STDERR_REDIRECT] [Fatal Error] :1:1: Premature end of file.
2025-12-18 20:39:16,527 [ERROR] LogOutputStream:75 - [STDERR_REDIRECT] 
2025-12-18 20:39:17,527 [ERROR] LogOutputStream:75 - [STDERR_REDIRECT] [Fatal Error] :1:1: Premature end of file.
2025-12-18 20:39:17,527 [ERROR] LogOutputStream:75 - [STDERR_REDIRECT] 
2025-12-18 20:39:18,528 [ERROR] LogOutputStream:75 - [STDERR_REDIRECT] [Fatal Error] :1:1: Premature end of file.
2025-12-18 20:39:18,528 [ERROR] LogOutputStream:75 - [STDERR_REDIRECT] 
2025-12-18 20:39:19,529 [ERROR] LogOutputStream:75 - [STDERR_REDIRECT] [Fatal Error] :1:1: Premature end of file.
2025-12-18 20:39:19,529 [ERROR] LogOutputStream:75 - [STDERR_REDIRECT] 
2025-12-18 20:39:20,527 [ERROR] LogOutputStream:75 - [STDERR_REDIRECT] [Fatal Error] :1:1: Premature end of file.
2025-12-18 20:39:20,528 [ERROR] LogOutputStream:75 - [STDERR_REDIRECT] 
2025-12-18 20:39:21,528 [ERROR] LogOutputStream:75 - [STDERR_REDIRECT] [Fatal Error] :1:1: Premature end of file.
2025-12-18 20:39:21,528 [ERROR] LogOutputStream:75 - [STDERR_REDIRECT] 
2025-12-18 20:39:22,526 [ERROR] LogOutputStream:75 - [STDERR_REDIRECT] [Fatal Error] :1:1: Premature end of file.
2025-12-18 20:39:22,526 [ERROR] LogOutputStream:75 - [STDERR_REDIRECT] 
2025-12-18 20:39:23,529 [ERROR] LogOutputStream:75 - [STDERR_REDIRECT] [Fatal Error] :1:1: Premature end of file.
2025-12-18 20:39:23,529 [ERROR] LogOutputStream:75 - [STDERR_REDIRECT] 
2025-12-18 20:39:24,529 [ERROR] LogOutputStream:75 - [STDERR_REDIRECT] [Fatal Error] :1:1: Premature end of file.
2025-12-18 20:39:24,529 [ERROR] LogOutputStream:75 - [STDERR_REDIRECT] 
2025-12-18 20:39:25,529 [ERROR] LogOutputStream:75 - [STDERR_REDIRECT] [Fatal Error] :1:1: Premature end of file.
2025-12-18 20:39:25,529 [ERROR] LogOutputStream:75 - [STDERR_REDIRECT] 
2025-12-18 20:39:26,528 [ERROR] LogOutputStream:75 - [STDERR_REDIRECT] [Fatal Error] :1:1: Premature end of file.
2025-12-18 20:39:26,528 [ERROR] LogOutputStream:75 - [STDERR_REDIRECT] 
2025-12-18 20:39:27,527 [ERROR] LogOutputStream:75 - [STDERR_REDIRECT] [Fatal Error] :1:1: Premature end of file.
2025-12-18 20:39:27,527 [ERROR] LogOutputStream:75 - [STDERR_REDIRECT] 
2025-12-18 20:39:28,529 [ERROR] LogOutputStream:75 - [STDERR_REDIRECT] [Fatal Error] :1:1: Premature end of file.
2025-12-18 20:39:28,529 [ERROR] LogOutputStream:75 - [STDERR_REDIRECT] 
2025-12-18 20:39:29,529 [ERROR] LogOutputStream:75 - [STDERR_REDIRECT] [Fatal Error] :1:1: Premature end of file.
2025-12-18 20:39:29,529 [ERROR] LogOutputStream:75 - [STDERR_REDIRECT] 
2025-12-18 20:39:30,527 [ERROR] LogOutputStream:75 - [STDERR_REDIRECT] [Fatal Error] :1:1: Premature end of file.
2025-12-18 20:39:30,527 [ERROR] LogOutputStream:75 - [STDERR_REDIRECT] 
2025-12-18 20:39:31,528 [ERROR] LogOutputStream:75 - [STDERR_REDIRECT] [Fatal Error] :1:1: Premature end of file.
2025-12-18 20:39:31,528 [ERROR] LogOutputStream:75 - [STDERR_REDIRECT] 
2025-12-18 20:39:32,526 [ERROR] LogOutputStream:75 - [STDERR_REDIRECT] [Fatal Error] :1:1: Premature end of file.
2025-12-18 20:39:32,526 [ERROR] LogOutputStream:75 - [STDERR_REDIRECT] 
2025-12-18 20:39:33,528 [ERROR] LogOutputStream:75 - [STDERR_REDIRECT] [Fatal Error] :1:1: Premature end of file.
2025-12-18 20:39:33,528 [ERROR] LogOutputStream:75 - [STDERR_REDIRECT] 
2025-12-18 20:39:34,528 [ERROR] LogOutputStream:75 - [STDERR_REDIRECT] [Fatal Error] :1:1: Premature end of file.
2025-12-18 20:39:34,528 [ERROR] LogOutputStream:75 - [STDERR_REDIRECT] 
2025-12-18 20:39:35,528 [ERROR] LogOutputStream:75 - [STDERR_REDIRECT] [Fatal Error] :1:1: Premature end of file.
2025-12-18 20:39:35,528 [ERROR] LogOutputStream:75 - [STDERR_REDIRECT] 
2025-12-18 20:39:36,527 [ERROR] LogOutputStream:75 - [STDERR_REDIRECT] [Fatal Error] :1:1: Premature end of file.
2025-12-18 20:39:36,527 [ERROR] LogOutputStream:75 - [STDERR_REDIRECT] 
2025-12-18 20:39:37,528 [ERROR] LogOutputStream:75 - [STDERR_REDIRECT] [Fatal Error] :1:1: Premature end of file.
2025-12-18 20:39:37,528 [ERROR] LogOutputStream:75 - [STDERR_REDIRECT] 
2025-12-18 20:39:38,541 [ERROR] LogOutputStream:75 - [STDERR_REDIRECT] [Fatal Error] :1:1: Premature end of file.
2025-12-18 20:39:38,541 [ERROR] LogOutputStream:75 - [STDERR_REDIRECT] 
2025-12-18 20:39:39,527 [ERROR] LogOutputStream:75 - [STDERR_REDIRECT] [Fatal Error] :1:1: Premature end of file.
2025-12-18 20:39:39,528 [ERROR] LogOutputStream:75 - [STDERR_REDIRECT] 
2025-12-18 20:39:40,528 [ERROR] LogOutputStream:75 - [STDERR_REDIRECT] [Fatal Error] :1:1: Premature end of file.
2025-12-18 20:39:40,528 [ERROR] LogOutputStream:75 - [STDERR_REDIRECT] 
2025-12-18 20:39:41,534 [ERROR] LogOutputStream:75 - [STDERR_REDIRECT] [Fatal Error] :1:1: Premature end of file.
2025-12-18 20:39:41,534 [ERROR] LogOutputStream:75 - [STDERR_REDIRECT] 
2025-12-18 20:39:42,528 [ERROR] LogOutputStream:75 - [STDERR_REDIRECT] [Fatal Error] :1:1: Premature end of file.
2025-12-18 20:39:42,528 [ERROR] LogOutputStream:75 - [STDERR_REDIRECT] 
2025-12-18 20:39:43,527 [ERROR] LogOutputStream:75 - [STDERR_REDIRECT] [Fatal Error] :1:1: Premature end of file.
2025-12-18 20:39:43,527 [ERROR] LogOutputStream:75 - [STDERR_REDIRECT] 
2025-12-18 20:39:44,530 [ERROR] LogOutputStream:75 - [STDERR_REDIRECT] [Fatal Error] :1:1: Premature end of file.
2025-12-18 20:39:44,530 [ERROR] LogOutputStream:75 - [STDERR_REDIRECT] 
2025-12-18 20:39:45,529 [ERROR] LogOutputStream:75 - [STDERR_REDIRECT] [Fatal Error] :1:1: Premature end of file.
2025-12-18 20:39:45,529 [ERROR] LogOutputStream:75 - [STDERR_REDIRECT] 
2025-12-18 20:39:46,529 [ERROR] LogOutputStream:75 - [STDERR_REDIRECT] [Fatal Error] :1:1: Premature end of file.
2025-12-18 20:39:46,529 [ERROR] LogOutputStream:75 - [STDERR_REDIRECT] 
2025-12-18 20:39:47,537 [ERROR] LogOutputStream:75 - [STDERR_REDIRECT] [Fatal Error] :1:1: Premature end of file.
2025-12-18 20:39:47,537 [ERROR] LogOutputStream:75 - [STDERR_REDIRECT] 
2025-12-18 20:39:48,532 [ERROR] LogOutputStream:75 - [STDERR_REDIRECT] [Fatal Error] :1:1: Premature end of file.
2025-12-18 20:39:48,532 [ERROR] LogOutputStream:75 - [STDERR_REDIRECT] 
2025-12-18 20:39:49,527 [ERROR] LogOutputStream:75 - [STDERR_REDIRECT] [Fatal Error] :1:1: Premature end of file.
2025-12-18 20:39:49,527 [ERROR] LogOutputStream:75 - [STDERR_REDIRECT] 
2025-12-18 20:39:50,529 [ERROR] LogOutputStream:75 - [STDERR_REDIRECT] [Fatal Error] :1:1: Premature end of file.
2025-12-18 20:39:50,529 [ERROR] LogOutputStream:75 - [STDERR_REDIRECT] 
2025-12-18 20:39:51,529 [ERROR] LogOutputStream:75 - [STDERR_REDIRECT] [Fatal Error] :1:1: Premature end of file.
2025-12-18 20:39:51,529 [ERROR] LogOutputStream:75 - [STDERR_REDIRECT] 
2025-12-18 20:39:52,528 [ERROR] LogOutputStream:75 - [STDERR_REDIRECT] [Fatal Error] :1:1: Premature end of file.
2025-12-18 20:39:52,528 [ERROR] LogOutputStream:75 - [STDERR_REDIRECT] 
2025-12-18 20:39:53,528 [ERROR] LogOutputStream:75 - [STDERR_REDIRECT] [Fatal Error] :1:1: Premature end of file.
2025-12-18 20:39:53,528 [ERROR] LogOutputStream:75 - [STDERR_REDIRECT] 
2025-12-18 20:39:54,528 [ERROR] LogOutputStream:75 - [STDERR_REDIRECT] [Fatal Error] :1:1: Premature end of file.
2025-12-18 20:39:54,528 [ERROR] LogOutputStream:75 - [STDERR_REDIRECT] 
2025-12-18 20:39:55,528 [ERROR] LogOutputStream:75 - [STDERR_REDIRECT] [Fatal Error] :1:1: Premature end of file.
2025-12-18 20:39:55,528 [ERROR] LogOutputStream:75 - [STDERR_REDIRECT] 
2025-12-18 20:39:56,528 [ERROR] LogOutputStream:75 - [STDERR_REDIRECT] [Fatal Error] :1:1: Premature end of file.
2025-12-18 20:39:56,529 [ERROR] LogOutputStream:75 - [STDERR_REDIRECT] 
2025-12-18 20:39:57,528 [ERROR] LogOutputStream:75 - [STDERR_REDIRECT] [Fatal Error] :1:1: Premature end of file.
2025-12-18 20:39:57,528 [ERROR] LogOutputStream:75 - [STDERR_REDIRECT] 
2025-12-18 20:39:58,528 [ERROR] LogOutputStream:75 - [STDERR_REDIRECT] [Fatal Error] :1:1: Premature end of file.
2025-12-18 20:39:58,529 [ERROR] LogOutputStream:75 - [STDERR_REDIRECT] 
2025-12-18 20:39:59,538 [ERROR] LogOutputStream:75 - [STDERR_REDIRECT] [Fatal Error] :1:1: Premature end of file.
2025-12-18 20:39:59,538 [ERROR] LogOutputStream:75 - [STDERR_REDIRECT] 
2025-12-18 20:40:00,527 [ERROR] LogOutputStream:75 - [STDERR_REDIRECT] [Fatal Error] :1:1: Premature end of file.
2025-12-18 20:40:00,527 [ERROR] LogOutputStream:75 - [STDERR_REDIRECT] 
2025-12-18 20:40:01,527 [ERROR] LogOutputStream:75 - [STDERR_REDIRECT] [Fatal Error] :1:1: Premature end of file.
2025-12-18 20:40:01,527 [ERROR] LogOutputStream:75 - [STDERR_REDIRECT] 
2025-12-18 20:40:02,528 [ERROR] LogOutputStream:75 - [STDERR_REDIRECT] [Fatal Error] :1:1: Premature end of file.
2025-12-18 20:40:02,529 [ERROR] LogOutputStream:75 - [STDERR_REDIRECT] 
2025-12-18 20:40:03,528 [ERROR] LogOutputStream:75 - [STDERR_REDIRECT] [Fatal Error] :1:1: Premature end of file.
2025-12-18 20:40:03,528 [ERROR] LogOutputStream:75 - [STDERR_REDIRECT] 
2025-12-18 20:40:04,529 [ERROR] LogOutputStream:75 - [STDERR_REDIRECT] [Fatal Error] :1:1: Premature end of file.
2025-12-18 20:40:04,529 [ERROR] LogOutputStream:75 - [STDERR_REDIRECT] 
2025-12-18 20:40:05,526 [ERROR] LogOutputStream:75 - [STDERR_REDIRECT] [Fatal Error] :1:1: Premature end of file.
2025-12-18 20:40:05,527 [ERROR] LogOutputStream:75 - [STDERR_REDIRECT] 
2025-12-18 20:40:06,529 [ERROR] LogOutputStream:75 - [STDERR_REDIRECT] [Fatal Error] :1:1: Premature end of file.
2025-12-18 20:40:06,529 [ERROR] LogOutputStream:75 - [STDERR_REDIRECT] 
2025-12-18 20:40:07,527 [ERROR] LogOutputStream:75 - [STDERR_REDIRECT] [Fatal Error] :1:1: Premature end of file.
2025-12-18 20:40:07,527 [ERROR] LogOutputStream:75 - [STDERR_REDIRECT] 
2025-12-18 20:40:08,528 [ERROR] LogOutputStream:75 - [STDERR_REDIRECT] [Fatal Error] :1:1: Premature end of file.
2025-12-18 20:40:08,528 [ERROR] LogOutputStream:75 - [STDERR_REDIRECT] 
2025-12-18 20:40:09,529 [ERROR] LogOutputStream:75 - [STDERR_REDIRECT] [Fatal Error] :1:1: Premature end of file.
2025-12-18 20:40:09,529 [ERROR] LogOutputStream:75 - [STDERR_REDIRECT] 
2025-12-18 20:40:10,526 [ERROR] LogOutputStream:75 - [STDERR_REDIRECT] [Fatal Error] :1:1: Premature end of file.
2025-12-18 20:40:10,527 [ERROR] LogOutputStream:75 - [STDERR_REDIRECT] 
2025-12-18 20:40:11,527 [ERROR] LogOutputStream:75 - [STDERR_REDIRECT] [Fatal Error] :1:1: Premature end of file.
2025-12-18 20:40:11,528 [ERROR] LogOutputStream:75 - [STDERR_REDIRECT] 
2025-12-18 20:40:12,528 [ERROR] LogOutputStream:75 - [STDERR_REDIRECT] [Fatal Error] :1:1: Premature end of file.
2025-12-18 20:40:12,528 [ERROR] LogOutputStream:75 - [STDERR_REDIRECT] 
2025-12-18 20:40:13,529 [ERROR] LogOutputStream:75 - [STDERR_REDIRECT] [Fatal Error] :1:1: Premature end of file.
2025-12-18 20:40:13,529 [ERROR] LogOutputStream:75 - [STDERR_REDIRECT] 
2025-12-18 20:40:14,528 [ERROR] LogOutputStream:75 - [STDERR_REDIRECT] [Fatal Error] :1:1: Premature end of file.
2025-12-18 20:40:14,528 [ERROR] LogOutputStream:75 - [STDERR_REDIRECT] 
2025-12-18 20:40:15,528 [ERROR] LogOutputStream:75 - [STDERR_REDIRECT] [Fatal Error] :1:1: Premature end of file.
2025-12-18 20:40:15,528 [ERROR] LogOutputStream:75 - [STDERR_REDIRECT] 
2025-12-18 20:40:16,527 [ERROR] LogOutputStream:75 - [STDERR_REDIRECT] [Fatal Error] :1:1: Premature end of file.
2025-12-18 20:40:16,527 [ERROR] LogOutputStream:75 - [STDERR_REDIRECT] 
2025-12-18 20:40:17,529 [ERROR] LogOutputStream:75 - [STDERR_REDIRECT] [Fatal Error] :1:1: Premature end of file.
2025-12-18 20:40:17,529 [ERROR] LogOutputStream:75 - [STDERR_REDIRECT] 
2025-12-18 20:40:18,534 [ERROR] LogOutputStream:75 - [STDERR_REDIRECT] [Fatal Error] :1:1: Premature end of file.
2025-12-18 20:40:18,534 [ERROR] LogOutputStream:75 - [STDERR_REDIRECT] 
2025-12-18 20:40:19,529 [ERROR] LogOutputStream:75 - [STDERR_REDIRECT] [Fatal Error] :1:1: Premature end of file.
2025-12-18 20:40:19,529 [ERROR] LogOutputStream:75 - [STDERR_REDIRECT] 
2025-12-18 20:40:20,530 [ERROR] LogOutputStream:75 - [STDERR_REDIRECT] [Fatal Error] :1:1: Premature end of file.
2025-12-18 20:40:20,530 [ERROR] LogOutputStream:75 - [STDERR_REDIRECT] 
2025-12-18 20:40:21,527 [ERROR] LogOutputStream:75 - [STDERR_REDIRECT] [Fatal Error] :1:1: Premature end of file.
2025-12-18 20:40:21,527 [ERROR] LogOutputStream:75 - [STDERR_REDIRECT] 
2025-12-18 20:40:22,529 [ERROR] LogOutputStream:75 - [STDERR_REDIRECT] [Fatal Error] :1:1: Premature end of file.
2025-12-18 20:40:22,529 [ERROR] LogOutputStream:75 - [STDERR_REDIRECT] 
2025-12-18 20:40:23,528 [ERROR] LogOutputStream:75 - [STDERR_REDIRECT] [Fatal Error] :1:1: Premature end of file.
2025-12-18 20:40:23,528 [ERROR] LogOutputStream:75 - [STDERR_REDIRECT] 
2025-12-18 20:40:24,528 [ERROR] LogOutputStream:75 - [STDERR_REDIRECT] [Fatal Error] :1:1: Premature end of file.
2025-12-18 20:40:24,528 [ERROR] LogOutputStream:75 - [STDERR_REDIRECT] 
2025-12-18 20:40:25,528 [ERROR] LogOutputStream:75 - [STDERR_REDIRECT] [Fatal Error] :1:1: Premature end of file.
2025-12-18 20:40:25,528 [ERROR] LogOutputStream:75 - [STDERR_REDIRECT] 
2025-12-18 20:40:26,527 [ERROR] LogOutputStream:75 - [STDERR_REDIRECT] [Fatal Error] :1:1: Premature end of file.
2025-12-18 20:40:26,527 [ERROR] LogOutputStream:75 - [STDERR_REDIRECT] 
2025-12-18 20:40:27,528 [ERROR] LogOutputStream:75 - [STDERR_REDIRECT] [Fatal Error] :1:1: Premature end of file.
2025-12-18 20:40:27,529 [ERROR] LogOutputStream:75 - [STDERR_REDIRECT] 
2025-12-18 20:40:28,529 [ERROR] LogOutputStream:75 - [STDERR_REDIRECT] [Fatal Error] :1:1: Premature end of file.
2025-12-18 20:40:28,529 [ERROR] LogOutputStream:75 - [STDERR_REDIRECT] 
2025-12-18 20:40:29,528 [ERROR] LogOutputStream:75 - [STDERR_REDIRECT] [Fatal Error] :1:1: Premature end of file.
2025-12-18 20:40:29,528 [ERROR] LogOutputStream:75 - [STDERR_REDIRECT] 
2025-12-18 20:40:30,527 [ERROR] LogOutputStream:75 - [STDERR_REDIRECT] [Fatal Error] :1:1: Premature end of file.
2025-12-18 20:40:30,528 [ERROR] LogOutputStream:75 - [STDERR_REDIRECT] 
2025-12-18 20:40:31,527 [ERROR] LogOutputStream:75 - [STDERR_REDIRECT] [Fatal Error] :1:1: Premature end of file.
2025-12-18 20:40:31,527 [ERROR] LogOutputStream:75 - [STDERR_REDIRECT] 
2025-12-18 20:40:32,528 [ERROR] LogOutputStream:75 - [STDERR_REDIRECT] [Fatal Error] :1:1: Premature end of file.
2025-12-18 20:40:32,528 [ERROR] LogOutputStream:75 - [STDERR_REDIRECT] 
2025-12-18 20:40:33,528 [ERROR] LogOutputStream:75 - [STDERR_REDIRECT] [Fatal Error] :1:1: Premature end of file.
2025-12-18 20:40:33,528 [ERROR] LogOutputStream:75 - [STDERR_REDIRECT] 
2025-12-18 20:40:34,528 [ERROR] LogOutputStream:75 - [STDERR_REDIRECT] [Fatal Error] :1:1: Premature end of file.
2025-12-18 20:40:34,528 [ERROR] LogOutputStream:75 - [STDERR_REDIRECT] 
2025-12-18 20:40:35,527 [ERROR] LogOutputStream:75 - [STDERR_REDIRECT] [Fatal Error] :1:1: Premature end of file.
2025-12-18 20:40:35,528 [ERROR] LogOutputStream:75 - [STDERR_REDIRECT] 
2025-12-18 20:40:36,528 [ERROR] LogOutputStream:75 - [STDERR_REDIRECT] [Fatal Error] :1:1: Premature end of file.
2025-12-18 20:40:36,528 [ERROR] LogOutputStream:75 - [STDERR_REDIRECT] 
2025-12-18 20:40:37,528 [ERROR] LogOutputStream:75 - [STDERR_REDIRECT] [Fatal Error] :1:1: Premature end of file.
2025-12-18 20:40:37,528 [ERROR] LogOutputStream:75 - [STDERR_REDIRECT] 
2025-12-18 20:40:38,528 [ERROR] LogOutputStream:75 - [STDERR_REDIRECT] [Fatal Error] :1:1: Premature end of file.
2025-12-18 20:40:38,528 [ERROR] LogOutputStream:75 - [STDERR_REDIRECT] 
2025-12-18 20:40:39,529 [ERROR] LogOutputStream:75 - [STDERR_REDIRECT] [Fatal Error] :1:1: Premature end of file.
2025-12-18 20:40:39,529 [ERROR] LogOutputStream:75 - [STDERR_REDIRECT] 
2025-12-18 20:40:40,526 [ERROR] LogOutputStream:75 - [STDERR_REDIRECT] [Fatal Error] :1:1: Premature end of file.
2025-12-18 20:40:40,526 [ERROR] LogOutputStream:75 - [STDERR_REDIRECT] 
2025-12-18 20:40:41,526 [ERROR] LogOutputStream:75 - [STDERR_REDIRECT] [Fatal Error] :1:1: Premature end of file.
2025-12-18 20:40:41,526 [ERROR] LogOutputStream:75 - [STDERR_REDIRECT] 
2025-12-18 20:40:42,528 [ERROR] LogOutputStream:75 - [STDERR_REDIRECT] [Fatal Error] :1:1: Premature end of file.
2025-12-18 20:40:42,528 [ERROR] LogOutputStream:75 - [STDERR_REDIRECT] 
2025-12-18 20:40:43,527 [ERROR] LogOutputStream:75 - [STDERR_REDIRECT] [Fatal Error] :1:1: Premature end of file.
2025-12-18 20:40:43,527 [ERROR] LogOutputStream:75 - [STDERR_REDIRECT] 
2025-12-18 20:40:44,528 [ERROR] LogOutputStream:75 - [STDERR_REDIRECT] [Fatal Error] :1:1: Premature end of file.
2025-12-18 20:40:44,528 [ERROR] LogOutputStream:75 - [STDERR_REDIRECT] 
2025-12-18 20:40:45,529 [ERROR] LogOutputStream:75 - [STDERR_REDIRECT] [Fatal Error] :1:1: Premature end of file.
2025-12-18 20:40:45,529 [ERROR] LogOutputStream:75 - [STDERR_REDIRECT] 
2025-12-18 20:40:46,527 [ERROR] LogOutputStream:75 - [STDERR_REDIRECT] [Fatal Error] :1:1: Premature end of file.
2025-12-18 20:40:46,527 [ERROR] LogOutputStream:75 - [STDERR_REDIRECT] 
2025-12-18 20:40:47,529 [ERROR] LogOutputStream:75 - [STDERR_REDIRECT] [Fatal Error] :1:1: Premature end of file.
2025-12-18 20:40:47,529 [ERROR] LogOutputStream:75 - [STDERR_REDIRECT] 
2025-12-18 20:40:48,528 [ERROR] LogOutputStream:75 - [STDERR_REDIRECT] [Fatal Error] :1:1: Premature end of file.
2025-12-18 20:40:48,528 [ERROR] LogOutputStream:75 - [STDERR_REDIRECT] 
2025-12-18 20:40:49,528 [ERROR] LogOutputStream:75 - [STDERR_REDIRECT] [Fatal Error] :1:1: Premature end of file.
2025-12-18 20:40:49,528 [ERROR] LogOutputStream:75 - [STDERR_REDIRECT] 
2025-12-18 20:40:50,527 [ERROR] LogOutputStream:75 - [STDERR_REDIRECT] [Fatal Error] :1:1: Premature end of file.
2025-12-18 20:40:50,527 [ERROR] LogOutputStream:75 - [STDERR_REDIRECT] 
2025-12-18 20:40:51,528 [ERROR] LogOutputStream:75 - [STDERR_REDIRECT] [Fatal Error] :1:1: Premature end of file.
2025-12-18 20:40:51,528 [ERROR] LogOutputStream:75 - [STDERR_REDIRECT] 
2025-12-18 20:40:52,527 [ERROR] LogOutputStream:75 - [STDERR_REDIRECT] [Fatal Error] :1:1: Premature end of file.
2025-12-18 20:40:52,527 [ERROR] LogOutputStream:75 - [STDERR_REDIRECT] 
2025-12-18 20:40:53,527 [ERROR] LogOutputStream:75 - [STDERR_REDIRECT] [Fatal Error] :1:1: Premature end of file.
2025-12-18 20:40:53,528 [ERROR] LogOutputStream:75 - [STDERR_REDIRECT] 
2025-12-18 20:40:54,527 [ERROR] LogOutputStream:75 - [STDERR_REDIRECT] [Fatal Error] :1:1: Premature end of file.
2025-12-18 20:40:54,527 [ERROR] LogOutputStream:75 - [STDERR_REDIRECT] 
2025-12-18 20:40:55,528 [ERROR] LogOutputStream:75 - [STDERR_REDIRECT] [Fatal Error] :1:1: Premature end of file.
2025-12-18 20:40:55,528 [ERROR] LogOutputStream:75 - [STDERR_REDIRECT] 
2025-12-18 20:40:56,528 [ERROR] LogOutputStream:75 - [STDERR_REDIRECT] [Fatal Error] :1:1: Premature end of file.
2025-12-18 20:40:56,528 [ERROR] LogOutputStream:75 - [STDERR_REDIRECT] 
2025-12-18 20:40:57,539 [ERROR] LogOutputStream:75 - [STDERR_REDIRECT] [Fatal Error] :1:1: Premature end of file.
2025-12-18 20:40:57,539 [ERROR] LogOutputStream:75 - [STDERR_REDIRECT] 
2025-12-18 20:40:58,527 [ERROR] LogOutputStream:75 - [STDERR_REDIRECT] [Fatal Error] :1:1: Premature end of file.
2025-12-18 20:40:58,527 [ERROR] LogOutputStream:75 - [STDERR_REDIRECT] 
2025-12-18 20:40:59,529 [ERROR] LogOutputStream:75 - [STDERR_REDIRECT] [Fatal Error] :1:1: Premature end of file.
2025-12-18 20:40:59,529 [ERROR] LogOutputStream:75 - [STDERR_REDIRECT] 
2025-12-18 20:41:00,526 [ERROR] LogOutputStream:75 - [STDERR_REDIRECT] [Fatal Error] :1:1: Premature end of file.
2025-12-18 20:41:00,527 [ERROR] LogOutputStream:75 - [STDERR_REDIRECT] 
2025-12-18 20:41:01,528 [ERROR] LogOutputStream:75 - [STDERR_REDIRECT] [Fatal Error] :1:1: Premature end of file.
2025-12-18 20:41:01,528 [ERROR] LogOutputStream:75 - [STDERR_REDIRECT] 
2025-12-18 20:41:02,529 [ERROR] LogOutputStream:75 - [STDERR_REDIRECT] [Fatal Error] :1:1: Premature end of file.
2025-12-18 20:41:02,529 [ERROR] LogOutputStream:75 - [STDERR_REDIRECT] 
2025-12-18 20:41:03,528 [ERROR] LogOutputStream:75 - [STDERR_REDIRECT] [Fatal Error] :1:1: Premature end of file.
2025-12-18 20:41:03,528 [ERROR] LogOutputStream:75 - [STDERR_REDIRECT] 
2025-12-18 20:41:04,529 [ERROR] LogOutputStream:75 - [STDERR_REDIRECT] [Fatal Error] :1:1: Premature end of file.
2025-12-18 20:41:04,529 [ERROR] LogOutputStream:75 - [STDERR_REDIRECT] 
2025-12-18 20:41:05,528 [ERROR] LogOutputStream:75 - [STDERR_REDIRECT] [Fatal Error] :1:1: Premature end of file.
2025-12-18 20:41:05,528 [ERROR] LogOutputStream:75 - [STDERR_REDIRECT] 
2025-12-18 20:41:06,529 [ERROR] LogOutputStream:75 - [STDERR_REDIRECT] [Fatal Error] :1:1: Premature end of file.
2025-12-18 20:41:06,529 [ERROR] LogOutputStream:75 - [STDERR_REDIRECT] 
2025-12-18 20:41:07,528 [ERROR] LogOutputStream:75 - [STDERR_REDIRECT] [Fatal Error] :1:1: Premature end of file.
2025-12-18 20:41:07,528 [ERROR] LogOutputStream:75 - [STDERR_REDIRECT] 
2025-12-18 20:41:08,527 [ERROR] LogOutputStream:75 - [STDERR_REDIRECT] [Fatal Error] :1:1: Premature end of file.
2025-12-18 20:41:08,527 [ERROR] LogOutputStream:75 - [STDERR_REDIRECT] 
2025-12-18 20:41:09,527 [ERROR] LogOutputStream:75 - [STDERR_REDIRECT] [Fatal Error] :1:1: Premature end of file.
2025-12-18 20:41:09,527 [ERROR] LogOutputStream:75 - [STDERR_REDIRECT] 
2025-12-18 20:41:10,527 [ERROR] LogOutputStream:75 - [STDERR_REDIRECT] [Fatal Error] :1:1: Premature end of file.
2025-12-18 20:41:10,527 [ERROR] LogOutputStream:75 - [STDERR_REDIRECT] 
2025-12-18 20:41:11,529 [ERROR] LogOutputStream:75 - [STDERR_REDIRECT] [Fatal Error] :1:1: Premature end of file.
2025-12-18 20:41:11,529 [ERROR] LogOutputStream:75 - [STDERR_REDIRECT] 
2025-12-18 20:41:12,528 [ERROR] LogOutputStream:75 - [STDERR_REDIRECT] [Fatal Error] :1:1: Premature end of file.
2025-12-18 20:41:12,529 [ERROR] LogOutputStream:75 - [STDERR_REDIRECT] 
2025-12-18 20:41:13,532 [ERROR] LogOutputStream:75 - [STDERR_REDIRECT] [Fatal Error] :1:1: Premature end of file.
2025-12-18 20:41:13,533 [ERROR] LogOutputStream:75 - [STDERR_REDIRECT] 
2025-12-18 20:41:14,528 [ERROR] LogOutputStream:75 - [STDERR_REDIRECT] [Fatal Error] :1:1: Premature end of file.
2025-12-18 20:41:14,528 [ERROR] LogOutputStream:75 - [STDERR_REDIRECT] 
2025-12-18 20:41:15,528 [ERROR] LogOutputStream:75 - [STDERR_REDIRECT] [Fatal Error] :1:1: Premature end of file.
2025-12-18 20:41:15,529 [ERROR] LogOutputStream:75 - [STDERR_REDIRECT] 
2025-12-18 20:41:16,527 [ERROR] LogOutputStream:75 - [STDERR_REDIRECT] [Fatal Error] :1:1: Premature end of file.
2025-12-18 20:41:16,527 [ERROR] LogOutputStream:75 - [STDERR_REDIRECT] 
2025-12-18 20:41:17,526 [ERROR] LogOutputStream:75 - [STDERR_REDIRECT] [Fatal Error] :1:1: Premature end of file.
2025-12-18 20:41:17,526 [ERROR] LogOutputStream:75 - [STDERR_REDIRECT] 
2025-12-18 20:41:18,528 [ERROR] LogOutputStream:75 - [STDERR_REDIRECT] [Fatal Error] :1:1: Premature end of file.
2025-12-18 20:41:18,528 [ERROR] LogOutputStream:75 - [STDERR_REDIRECT] 
2025-12-18 20:41:19,527 [ERROR] LogOutputStream:75 - [STDERR_REDIRECT] [Fatal Error] :1:1: Premature end of file.
2025-12-18 20:41:19,527 [ERROR] LogOutputStream:75 - [STDERR_REDIRECT] 
2025-12-18 20:41:20,528 [ERROR] LogOutputStream:75 - [STDERR_REDIRECT] [Fatal Error] :1:1: Premature end of file.
2025-12-18 20:41:20,528 [ERROR] LogOutputStream:75 - [STDERR_REDIRECT] 
2025-12-18 20:41:21,527 [ERROR] LogOutputStream:75 - [STDERR_REDIRECT] [Fatal Error] :1:1: Premature end of file.
2025-12-18 20:41:21,528 [ERROR] LogOutputStream:75 - [STDERR_REDIRECT] 
2025-12-18 20:41:22,527 [ERROR] LogOutputStream:75 - [STDERR_REDIRECT] [Fatal Error] :1:1: Premature end of file.
2025-12-18 20:41:22,528 [ERROR] LogOutputStream:75 - [STDERR_REDIRECT] 
2025-12-18 20:41:23,527 [ERROR] LogOutputStream:75 - [STDERR_REDIRECT] [Fatal Error] :1:1: Premature end of file.
2025-12-18 20:41:23,528 [ERROR] LogOutputStream:75 - [STDERR_REDIRECT] 
2025-12-18 20:41:24,526 [ERROR] LogOutputStream:75 - [STDERR_REDIRECT] [Fatal Error] :1:1: Premature end of file.
2025-12-18 20:41:24,527 [ERROR] LogOutputStream:75 - [STDERR_REDIRECT] 
2025-12-18 20:41:25,528 [ERROR] LogOutputStream:75 - [STDERR_REDIRECT] [Fatal Error] :1:1: Premature end of file.
2025-12-18 20:41:25,528 [ERROR] LogOutputStream:75 - [STDERR_REDIRECT] 
2025-12-18 20:41:26,528 [ERROR] LogOutputStream:75 - [STDERR_REDIRECT] [Fatal Error] :1:1: Premature end of file.
2025-12-18 20:41:26,529 [ERROR] LogOutputStream:75 - [STDERR_REDIRECT] 
2025-12-18 20:41:27,527 [ERROR] LogOutputStream:75 - [STDERR_REDIRECT] [Fatal Error] :1:1: Premature end of file.
2025-12-18 20:41:27,527 [ERROR] LogOutputStream:75 - [STDERR_REDIRECT] 
2025-12-18 20:41:28,528 [ERROR] LogOutputStream:75 - [STDERR_REDIRECT] [Fatal Error] :1:1: Premature end of file.
2025-12-18 20:41:28,528 [ERROR] LogOutputStream:75 - [STDERR_REDIRECT] 
2025-12-18 20:41:29,530 [ERROR] LogOutputStream:75 - [STDERR_REDIRECT] [Fatal Error] :1:1: Premature end of file.
2025-12-18 20:41:29,530 [ERROR] LogOutputStream:75 - [STDERR_REDIRECT] 
2025-12-18 20:41:30,526 [ERROR] LogOutputStream:75 - [STDERR_REDIRECT] [Fatal Error] :1:1: Premature end of file.
2025-12-18 20:41:30,527 [ERROR] LogOutputStream:75 - [STDERR_REDIRECT] 
2025-12-18 20:41:31,529 [ERROR] LogOutputStream:75 - [STDERR_REDIRECT] [Fatal Error] :1:1: Premature end of file.
2025-12-18 20:41:31,529 [ERROR] LogOutputStream:75 - [STDERR_REDIRECT] 
2025-12-18 20:41:32,528 [ERROR] LogOutputStream:75 - [STDERR_REDIRECT] [Fatal Error] :1:1: Premature end of file.
2025-12-18 20:41:32,528 [ERROR] LogOutputStream:75 - [STDERR_REDIRECT] 
2025-12-18 20:41:33,528 [ERROR] LogOutputStream:75 - [STDERR_REDIRECT] [Fatal Error] :1:1: Premature end of file.
2025-12-18 20:41:33,529 [ERROR] LogOutputStream:75 - [STDERR_REDIRECT] 
2025-12-18 20:41:34,529 [ERROR] LogOutputStream:75 - [STDERR_REDIRECT] [Fatal Error] :1:1: Premature end of file.
2025-12-18 20:41:34,529 [ERROR] LogOutputStream:75 - [STDERR_REDIRECT] 
2025-12-18 20:41:35,528 [ERROR] LogOutputStream:75 - [STDERR_REDIRECT] [Fatal Error] :1:1: Premature end of file.
2025-12-18 20:41:35,528 [ERROR] LogOutputStream:75 - [STDERR_REDIRECT] 
2025-12-18 20:41:36,532 [ERROR] LogOutputStream:75 - [STDERR_REDIRECT] [Fatal Error] :1:1: Premature end of file.
2025-12-18 20:41:36,533 [ERROR] LogOutputStream:75 - [STDERR_REDIRECT] 
2025-12-18 20:41:37,528 [ERROR] LogOutputStream:75 - [STDERR_REDIRECT] [Fatal Error] :1:1: Premature end of file.
2025-12-18 20:41:37,528 [ERROR] LogOutputStream:75 - [STDERR_REDIRECT] 
2025-12-18 20:41:38,528 [ERROR] LogOutputStream:75 - [STDERR_REDIRECT] [Fatal Error] :1:1: Premature end of file.
2025-12-18 20:41:38,528 [ERROR] LogOutputStream:75 - [STDERR_REDIRECT] 
2025-12-18 20:41:39,529 [ERROR] LogOutputStream:75 - [STDERR_REDIRECT] [Fatal Error] :1:1: Premature end of file.
2025-12-18 20:41:39,529 [ERROR] LogOutputStream:75 - [STDERR_REDIRECT] 
2025-12-18 20:41:40,528 [ERROR] LogOutputStream:75 - [STDERR_REDIRECT] [Fatal Error] :1:1: Premature end of file.
2025-12-18 20:41:40,528 [ERROR] LogOutputStream:75 - [STDERR_REDIRECT] 
2025-12-18 20:41:41,538 [ERROR] LogOutputStream:75 - [STDERR_REDIRECT] [Fatal Error] :1:1: Premature end of file.
2025-12-18 20:41:41,538 [ERROR] LogOutputStream:75 - [STDERR_REDIRECT] 
2025-12-18 20:41:42,528 [ERROR] LogOutputStream:75 - [STDERR_REDIRECT] [Fatal Error] :1:1: Premature end of file.
2025-12-18 20:41:42,528 [ERROR] LogOutputStream:75 - [STDERR_REDIRECT] 
2025-12-18 20:41:43,527 [ERROR] LogOutputStream:75 - [STDERR_REDIRECT] [Fatal Error] :1:1: Premature end of file.
2025-12-18 20:41:43,527 [ERROR] LogOutputStream:75 - [STDERR_REDIRECT] 
2025-12-18 20:41:44,530 [ERROR] LogOutputStream:75 - [STDERR_REDIRECT] [Fatal Error] :1:1: Premature end of file.
2025-12-18 20:41:44,530 [ERROR] LogOutputStream:75 - [STDERR_REDIRECT] 
2025-12-18 20:41:45,528 [ERROR] LogOutputStream:75 - [STDERR_REDIRECT] [Fatal Error] :1:1: Premature end of file.
2025-12-18 20:41:45,528 [ERROR] LogOutputStream:75 - [STDERR_REDIRECT] 
2025-12-18 20:41:46,527 [ERROR] LogOutputStream:75 - [STDERR_REDIRECT] [Fatal Error] :1:1: Premature end of file.
2025-12-18 20:41:46,527 [ERROR] LogOutputStream:75 - [STDERR_REDIRECT] 
2025-12-18 20:41:47,528 [ERROR] LogOutputStream:75 - [STDERR_REDIRECT] [Fatal Error] :1:1: Premature end of file.
2025-12-18 20:41:47,528 [ERROR] LogOutputStream:75 - [STDERR_REDIRECT] 
2025-12-18 20:41:48,528 [ERROR] LogOutputStream:75 - [STDERR_REDIRECT] [Fatal Error] :1:1: Premature end of file.
2025-12-18 20:41:48,528 [ERROR] LogOutputStream:75 - [STDERR_REDIRECT] 
2025-12-18 20:41:49,528 [ERROR] LogOutputStream:75 - [STDERR_REDIRECT] [Fatal Error] :1:1: Premature end of file.
2025-12-18 20:41:49,528 [ERROR] LogOutputStream:75 - [STDERR_REDIRECT] 
2025-12-18 20:41:50,529 [ERROR] LogOutputStream:75 - [STDERR_REDIRECT] [Fatal Error] :1:1: Premature end of file.
2025-12-18 20:41:50,529 [ERROR] LogOutputStream:75 - [STDERR_REDIRECT] 
2025-12-18 20:41:51,528 [ERROR] LogOutputStream:75 - [STDERR_REDIRECT] [Fatal Error] :1:1: Premature end of file.
2025-12-18 20:41:51,528 [ERROR] LogOutputStream:75 - [STDERR_REDIRECT] 
2025-12-18 20:41:52,527 [ERROR] LogOutputStream:75 - [STDERR_REDIRECT] [Fatal Error] :1:1: Premature end of file.
2025-12-18 20:41:52,527 [ERROR] LogOutputStream:75 - [STDERR_REDIRECT] 
2025-12-18 20:41:53,529 [ERROR] LogOutputStream:75 - [STDERR_REDIRECT] [Fatal Error] :1:1: Premature end of file.
2025-12-18 20:41:53,529 [ERROR] LogOutputStream:75 - [STDERR_REDIRECT] 
2025-12-18 20:41:54,529 [ERROR] LogOutputStream:75 - [STDERR_REDIRECT] [Fatal Error] :1:1: Premature end of file.
2025-12-18 20:41:54,529 [ERROR] LogOutputStream:75 - [STDERR_REDIRECT] 
2025-12-18 20:41:55,528 [ERROR] LogOutputStream:75 - [STDERR_REDIRECT] [Fatal Error] :1:1: Premature end of file.
2025-12-18 20:41:55,528 [ERROR] LogOutputStream:75 - [STDERR_REDIRECT] 
2025-12-18 20:41:56,529 [ERROR] LogOutputStream:75 - [STDERR_REDIRECT] [Fatal Error] :1:1: Premature end of file.
2025-12-18 20:41:56,529 [ERROR] LogOutputStream:75 - [STDERR_REDIRECT] 
2025-12-18 20:41:57,528 [ERROR] LogOutputStream:75 - [STDERR_REDIRECT] [Fatal Error] :1:1: Premature end of file.
2025-12-18 20:41:57,528 [ERROR] LogOutputStream:75 - [STDERR_REDIRECT] 
2025-12-18 20:41:58,529 [ERROR] LogOutputStream:75 - [STDERR_REDIRECT] [Fatal Error] :1:1: Premature end of file.
2025-12-18 20:41:58,529 [ERROR] LogOutputStream:75 - [STDERR_REDIRECT] 
2025-12-18 20:41:59,528 [ERROR] LogOutputStream:75 - [STDERR_REDIRECT] [Fatal Error] :1:1: Premature end of file.
2025-12-18 20:41:59,528 [ERROR] LogOutputStream:75 - [STDERR_REDIRECT] 
2025-12-18 20:42:00,527 [ERROR] LogOutputStream:75 - [STDERR_REDIRECT] [Fatal Error] :1:1: Premature end of file.
2025-12-18 20:42:00,527 [ERROR] LogOutputStream:75 - [STDERR_REDIRECT] 
2025-12-18 20:42:01,529 [ERROR] LogOutputStream:75 - [STDERR_REDIRECT] [Fatal Error] :1:1: Premature end of file.
2025-12-18 20:42:01,529 [ERROR] LogOutputStream:75 - [STDERR_REDIRECT] 
2025-12-18 20:42:02,527 [ERROR] LogOutputStream:75 - [STDERR_REDIRECT] [Fatal Error] :1:1: Premature end of file.
2025-12-18 20:42:02,527 [ERROR] LogOutputStream:75 - [STDERR_REDIRECT] 
2025-12-18 20:42:03,528 [ERROR] LogOutputStream:75 - [STDERR_REDIRECT] [Fatal Error] :1:1: Premature end of file.
2025-12-18 20:42:03,528 [ERROR] LogOutputStream:75 - [STDERR_REDIRECT] 
2025-12-18 20:42:04,529 [ERROR] LogOutputStream:75 - [STDERR_REDIRECT] [Fatal Error] :1:1: Premature end of file.
2025-12-18 20:42:04,529 [ERROR] LogOutputStream:75 - [STDERR_REDIRECT] 
2025-12-18 20:42:05,527 [ERROR] LogOutputStream:75 - [STDERR_REDIRECT] [Fatal Error] :1:1: Premature end of file.
2025-12-18 20:42:05,527 [ERROR] LogOutputStream:75 - [STDERR_REDIRECT] 
2025-12-18 20:42:06,527 [ERROR] LogOutputStream:75 - [STDERR_REDIRECT] [Fatal Error] :1:1: Premature end of file.
2025-12-18 20:42:06,527 [ERROR] LogOutputStream:75 - [STDERR_REDIRECT] 
2025-12-18 20:42:07,528 [ERROR] LogOutputStream:75 - [STDERR_REDIRECT] [Fatal Error] :1:1: Premature end of file.
2025-12-18 20:42:07,528 [ERROR] LogOutputStream:75 - [STDERR_REDIRECT] 
2025-12-18 20:42:08,527 [ERROR] LogOutputStream:75 - [STDERR_REDIRECT] [Fatal Error] :1:1: Premature end of file.
2025-12-18 20:42:08,527 [ERROR] LogOutputStream:75 - [STDERR_REDIRECT] 
2025-12-18 20:42:09,529 [ERROR] LogOutputStream:75 - [STDERR_REDIRECT] [Fatal Error] :1:1: Premature end of file.
2025-12-18 20:42:09,529 [ERROR] LogOutputStream:75 - [STDERR_REDIRECT] 
2025-12-18 20:42:10,531 [ERROR] LogOutputStream:75 - [STDERR_REDIRECT] [Fatal Error] :1:1: Premature end of file.
2025-12-18 20:42:10,531 [ERROR] LogOutputStream:75 - [STDERR_REDIRECT] 
2025-12-18 20:42:11,528 [ERROR] LogOutputStream:75 - [STDERR_REDIRECT] [Fatal Error] :1:1: Premature end of file.
2025-12-18 20:42:11,528 [ERROR] LogOutputStream:75 - [STDERR_REDIRECT] 
2025-12-18 20:42:12,527 [ERROR] LogOutputStream:75 - [STDERR_REDIRECT] [Fatal Error] :1:1: Premature end of file.
2025-12-18 20:42:12,528 [ERROR] LogOutputStream:75 - [STDERR_REDIRECT] 
2025-12-18 20:42:13,528 [ERROR] LogOutputStream:75 - [STDERR_REDIRECT] [Fatal Error] :1:1: Premature end of file.
2025-12-18 20:42:13,528 [ERROR] LogOutputStream:75 - [STDERR_REDIRECT] 
2025-12-18 20:42:14,529 [ERROR] LogOutputStream:75 - [STDERR_REDIRECT] [Fatal Error] :1:1: Premature end of file.
2025-12-18 20:42:14,529 [ERROR] LogOutputStream:75 - [STDERR_REDIRECT] 
2025-12-18 20:42:15,528 [ERROR] LogOutputStream:75 - [STDERR_REDIRECT] [Fatal Error] :1:1: Premature end of file.
2025-12-18 20:42:15,528 [ERROR] LogOutputStream:75 - [STDERR_REDIRECT] 
2025-12-18 20:42:16,529 [ERROR] LogOutputStream:75 - [STDERR_REDIRECT] [Fatal Error] :1:1: Premature end of file.
2025-12-18 20:42:16,529 [ERROR] LogOutputStream:75 - [STDERR_REDIRECT] 
2025-12-18 20:42:17,528 [ERROR] LogOutputStream:75 - [STDERR_REDIRECT] [Fatal Error] :1:1: Premature end of file.
2025-12-18 20:42:17,528 [ERROR] LogOutputStream:75 - [STDERR_REDIRECT] 
2025-12-18 20:42:18,527 [ERROR] LogOutputStream:75 - [STDERR_REDIRECT] [Fatal Error] :1:1: Premature end of file.
2025-12-18 20:42:18,527 [ERROR] LogOutputStream:75 - [STDERR_REDIRECT] 
2025-12-18 20:42:19,538 [ERROR] LogOutputStream:75 - [STDERR_REDIRECT] [Fatal Error] :1:1: Premature end of file.
2025-12-18 20:42:19,538 [ERROR] LogOutputStream:75 - [STDERR_REDIRECT] 
2025-12-18 20:42:20,526 [ERROR] LogOutputStream:75 - [STDERR_REDIRECT] [Fatal Error] :1:1: Premature end of file.
2025-12-18 20:42:20,527 [ERROR] LogOutputStream:75 - [STDERR_REDIRECT] 
2025-12-18 20:42:21,529 [ERROR] LogOutputStream:75 - [STDERR_REDIRECT] [Fatal Error] :1:1: Premature end of file.
2025-12-18 20:42:21,529 [ERROR] LogOutputStream:75 - [STDERR_REDIRECT] 
2025-12-18 20:42:22,527 [ERROR] LogOutputStream:75 - [STDERR_REDIRECT] [Fatal Error] :1:1: Premature end of file.
2025-12-18 20:42:22,528 [ERROR] LogOutputStream:75 - [STDERR_REDIRECT] 
2025-12-18 20:42:23,528 [ERROR] LogOutputStream:75 - [STDERR_REDIRECT] [Fatal Error] :1:1: Premature end of file.
2025-12-18 20:42:23,528 [ERROR] LogOutputStream:75 - [STDERR_REDIRECT] 
2025-12-18 20:42:24,527 [ERROR] LogOutputStream:75 - [STDERR_REDIRECT] [Fatal Error] :1:1: Premature end of file.
2025-12-18 20:42:24,527 [ERROR] LogOutputStream:75 - [STDERR_REDIRECT] 
2025-12-18 20:42:25,527 [ERROR] LogOutputStream:75 - [STDERR_REDIRECT] [Fatal Error] :1:1: Premature end of file.
2025-12-18 20:42:25,527 [ERROR] LogOutputStream:75 - [STDERR_REDIRECT] 
2025-12-18 20:42:26,527 [ERROR] LogOutputStream:75 - [STDERR_REDIRECT] [Fatal Error] :1:1: Premature end of file.
2025-12-18 20:42:26,527 [ERROR] LogOutputStream:75 - [STDERR_REDIRECT] 
2025-12-18 20:42:27,527 [ERROR] LogOutputStream:75 - [STDERR_REDIRECT] [Fatal Error] :1:1: Premature end of file.
2025-12-18 20:42:27,527 [ERROR] LogOutputStream:75 - [STDERR_REDIRECT] 
2025-12-18 20:42:28,530 [ERROR] LogOutputStream:75 - [STDERR_REDIRECT] [Fatal Error] :1:1: Premature end of file.
2025-12-18 20:42:28,530 [ERROR] LogOutputStream:75 - [STDERR_REDIRECT] 
2025-12-18 20:42:29,527 [ERROR] LogOutputStream:75 - [STDERR_REDIRECT] [Fatal Error] :1:1: Premature end of file.
2025-12-18 20:42:29,528 [ERROR] LogOutputStream:75 - [STDERR_REDIRECT] 
2025-12-18 20:42:30,528 [ERROR] LogOutputStream:75 - [STDERR_REDIRECT] [Fatal Error] :1:1: Premature end of file.
2025-12-18 20:42:30,528 [ERROR] LogOutputStream:75 - [STDERR_REDIRECT] 
2025-12-18 20:42:31,528 [ERROR] LogOutputStream:75 - [STDERR_REDIRECT] [Fatal Error] :1:1: Premature end of file.
2025-12-18 20:42:31,528 [ERROR] LogOutputStream:75 - [STDERR_REDIRECT] 
2025-12-18 20:42:32,527 [ERROR] LogOutputStream:75 - [STDERR_REDIRECT] [Fatal Error] :1:1: Premature end of file.
2025-12-18 20:42:32,528 [ERROR] LogOutputStream:75 - [STDERR_REDIRECT] 
2025-12-18 20:42:33,527 [ERROR] LogOutputStream:75 - [STDERR_REDIRECT] [Fatal Error] :1:1: Premature end of file.
2025-12-18 20:42:33,527 [ERROR] LogOutputStream:75 - [STDERR_REDIRECT] 
2025-12-18 20:42:34,528 [ERROR] LogOutputStream:75 - [STDERR_REDIRECT] [Fatal Error] :1:1: Premature end of file.
2025-12-18 20:42:34,528 [ERROR] LogOutputStream:75 - [STDERR_REDIRECT] 
2025-12-18 20:42:35,527 [ERROR] LogOutputStream:75 - [STDERR_REDIRECT] [Fatal Error] :1:1: Premature end of file.
2025-12-18 20:42:35,527 [ERROR] LogOutputStream:75 - [STDERR_REDIRECT] 
2025-12-18 20:42:36,527 [ERROR] LogOutputStream:75 - [STDERR_REDIRECT] [Fatal Error] :1:1: Premature end of file.
2025-12-18 20:42:36,527 [ERROR] LogOutputStream:75 - [STDERR_REDIRECT] 
2025-12-18 20:42:37,528 [ERROR] LogOutputStream:75 - [STDERR_REDIRECT] [Fatal Error] :1:1: Premature end of file.
2025-12-18 20:42:37,529 [ERROR] LogOutputStream:75 - [STDERR_REDIRECT] 
2025-12-18 20:42:38,527 [ERROR] LogOutputStream:75 - [STDERR_REDIRECT] [Fatal Error] :1:1: Premature end of file.
2025-12-18 20:42:38,528 [ERROR] LogOutputStream:75 - [STDERR_REDIRECT] 
2025-12-18 20:42:39,527 [ERROR] LogOutputStream:75 - [STDERR_REDIRECT] [Fatal Error] :1:1: Premature end of file.
2025-12-18 20:42:39,528 [ERROR] LogOutputStream:75 - [STDERR_REDIRECT] 
2025-12-18 20:42:40,528 [ERROR] LogOutputStream:75 - [STDERR_REDIRECT] [Fatal Error] :1:1: Premature end of file.
2025-12-18 20:42:40,528 [ERROR] LogOutputStream:75 - [STDERR_REDIRECT] 
2025-12-18 20:42:41,527 [ERROR] LogOutputStream:75 - [STDERR_REDIRECT] [Fatal Error] :1:1: Premature end of file.
2025-12-18 20:42:41,527 [ERROR] LogOutputStream:75 - [STDERR_REDIRECT] 
2025-12-18 20:42:42,529 [ERROR] LogOutputStream:75 - [STDERR_REDIRECT] [Fatal Error] :1:1: Premature end of file.
2025-12-18 20:42:42,529 [ERROR] LogOutputStream:75 - [STDERR_REDIRECT] 
2025-12-18 20:42:43,527 [ERROR] LogOutputStream:75 - [STDERR_REDIRECT] [Fatal Error] :1:1: Premature end of file.
2025-12-18 20:42:43,527 [ERROR] LogOutputStream:75 - [STDERR_REDIRECT] 
2025-12-18 20:42:44,529 [ERROR] LogOutputStream:75 - [STDERR_REDIRECT] [Fatal Error] :1:1: Premature end of file.
2025-12-18 20:42:44,529 [ERROR] LogOutputStream:75 - [STDERR_REDIRECT] 
2025-12-18 20:42:45,526 [ERROR] LogOutputStream:75 - [STDERR_REDIRECT] [Fatal Error] :1:1: Premature end of file.
2025-12-18 20:42:45,526 [ERROR] LogOutputStream:75 - [STDERR_REDIRECT] 
2025-12-18 20:42:46,528 [ERROR] LogOutputStream:75 - [STDERR_REDIRECT] [Fatal Error] :1:1: Premature end of file.
2025-12-18 20:42:46,529 [ERROR] LogOutputStream:75 - [STDERR_REDIRECT] 
2025-12-18 20:42:47,528 [ERROR] LogOutputStream:75 - [STDERR_REDIRECT] [Fatal Error] :1:1: Premature end of file.
2025-12-18 20:42:47,528 [ERROR] LogOutputStream:75 - [STDERR_REDIRECT] 
2025-12-18 20:42:48,526 [ERROR] LogOutputStream:75 - [STDERR_REDIRECT] [Fatal Error] :1:1: Premature end of file.
2025-12-18 20:42:48,526 [ERROR] LogOutputStream:75 - [STDERR_REDIRECT] 
2025-12-18 20:42:49,527 [ERROR] LogOutputStream:75 - [STDERR_REDIRECT] [Fatal Error] :1:1: Premature end of file.
2025-12-18 20:42:49,527 [ERROR] LogOutputStream:75 - [STDERR_REDIRECT] 
2025-12-18 20:42:50,528 [ERROR] LogOutputStream:75 - [STDERR_REDIRECT] [Fatal Error] :1:1: Premature end of file.
2025-12-18 20:42:50,528 [ERROR] LogOutputStream:75 - [STDERR_REDIRECT] 
2025-12-18 20:42:51,526 [ERROR] LogOutputStream:75 - [STDERR_REDIRECT] [Fatal Error] :1:1: Premature end of file.
2025-12-18 20:42:51,527 [ERROR] LogOutputStream:75 - [STDERR_REDIRECT] 
2025-12-18 20:42:52,527 [ERROR] LogOutputStream:75 - [STDERR_REDIRECT] [Fatal Error] :1:1: Premature end of file.
2025-12-18 20:42:52,527 [ERROR] LogOutputStream:75 - [STDERR_REDIRECT] 
2025-12-18 20:42:53,529 [ERROR] LogOutputStream:75 - [STDERR_REDIRECT] [Fatal Error] :1:1: Premature end of file.
2025-12-18 20:42:53,529 [ERROR] LogOutputStream:75 - [STDERR_REDIRECT] 
2025-12-18 20:42:54,527 [ERROR] LogOutputStream:75 - [STDERR_REDIRECT] [Fatal Error] :1:1: Premature end of file.
2025-12-18 20:42:54,527 [ERROR] LogOutputStream:75 - [STDERR_REDIRECT] 
2025-12-18 20:42:55,528 [ERROR] LogOutputStream:75 - [STDERR_REDIRECT] [Fatal Error] :1:1: Premature end of file.
2025-12-18 20:42:55,528 [ERROR] LogOutputStream:75 - [STDERR_REDIRECT] 
2025-12-18 20:42:56,528 [ERROR] LogOutputStream:75 - [STDERR_REDIRECT] [Fatal Error] :1:1: Premature end of file.
2025-12-18 20:42:56,528 [ERROR] LogOutputStream:75 - [STDERR_REDIRECT] 
2025-12-18 20:42:57,529 [ERROR] LogOutputStream:75 - [STDERR_REDIRECT] [Fatal Error] :1:1: Premature end of file.
2025-12-18 20:42:57,529 [ERROR] LogOutputStream:75 - [STDERR_REDIRECT] 
2025-12-18 20:42:58,528 [ERROR] LogOutputStream:75 - [STDERR_REDIRECT] [Fatal Error] :1:1: Premature end of file.
2025-12-18 20:42:58,528 [ERROR] LogOutputStream:75 - [STDERR_REDIRECT] 
2025-12-18 20:42:59,527 [ERROR] LogOutputStream:75 - [STDERR_REDIRECT] [Fatal Error] :1:1: Premature end of file.
2025-12-18 20:42:59,528 [ERROR] LogOutputStream:75 - [STDERR_REDIRECT] 
2025-12-18 20:43:00,531 [ERROR] LogOutputStream:75 - [STDERR_REDIRECT] [Fatal Error] :1:1: Premature end of file.
2025-12-18 20:43:00,531 [ERROR] LogOutputStream:75 - [STDERR_REDIRECT] 
2025-12-18 20:43:01,529 [ERROR] LogOutputStream:75 - [STDERR_REDIRECT] [Fatal Error] :1:1: Premature end of file.
2025-12-18 20:43:01,529 [ERROR] LogOutputStream:75 - [STDERR_REDIRECT] 
2025-12-18 20:43:02,529 [ERROR] LogOutputStream:75 - [STDERR_REDIRECT] [Fatal Error] :1:1: Premature end of file.
2025-12-18 20:43:02,529 [ERROR] LogOutputStream:75 - [STDERR_REDIRECT] 
2025-12-18 20:43:03,527 [ERROR] LogOutputStream:75 - [STDERR_REDIRECT] [Fatal Error] :1:1: Premature end of file.
2025-12-18 20:43:03,527 [ERROR] LogOutputStream:75 - [STDERR_REDIRECT] 
2025-12-18 20:43:04,529 [ERROR] LogOutputStream:75 - [STDERR_REDIRECT] [Fatal Error] :1:1: Premature end of file.
2025-12-18 20:43:04,529 [ERROR] LogOutputStream:75 - [STDERR_REDIRECT] 
2025-12-18 20:43:05,529 [ERROR] LogOutputStream:75 - [STDERR_REDIRECT] [Fatal Error] :1:1: Premature end of file.
2025-12-18 20:43:05,529 [ERROR] LogOutputStream:75 - [STDERR_REDIRECT] 
2025-12-18 20:43:06,527 [ERROR] LogOutputStream:75 - [STDERR_REDIRECT] [Fatal Error] :1:1: Premature end of file.
2025-12-18 20:43:06,527 [ERROR] LogOutputStream:75 - [STDERR_REDIRECT] 
2025-12-18 20:43:07,529 [ERROR] LogOutputStream:75 - [STDERR_REDIRECT] [Fatal Error] :1:1: Premature end of file.
2025-12-18 20:43:07,529 [ERROR] LogOutputStream:75 - [STDERR_REDIRECT] 
2025-12-18 20:43:08,529 [ERROR] LogOutputStream:75 - [STDERR_REDIRECT] [Fatal Error] :1:1: Premature end of file.
2025-12-18 20:43:08,529 [ERROR] LogOutputStream:75 - [STDERR_REDIRECT] 
2025-12-18 20:43:09,528 [ERROR] LogOutputStream:75 - [STDERR_REDIRECT] [Fatal Error] :1:1: Premature end of file.
2025-12-18 20:43:09,528 [ERROR] LogOutputStream:75 - [STDERR_REDIRECT] 
2025-12-18 20:43:10,528 [ERROR] LogOutputStream:75 - [STDERR_REDIRECT] [Fatal Error] :1:1: Premature end of file.
2025-12-18 20:43:10,528 [ERROR] LogOutputStream:75 - [STDERR_REDIRECT] 
2025-12-18 20:43:11,528 [ERROR] LogOutputStream:75 - [STDERR_REDIRECT] [Fatal Error] :1:1: Premature end of file.
2025-12-18 20:43:11,529 [ERROR] LogOutputStream:75 - [STDERR_REDIRECT] 
2025-12-18 20:43:12,528 [ERROR] LogOutputStream:75 - [STDERR_REDIRECT] [Fatal Error] :1:1: Premature end of file.
2025-12-18 20:43:12,529 [ERROR] LogOutputStream:75 - [STDERR_REDIRECT] 
2025-12-18 20:43:13,529 [ERROR] LogOutputStream:75 - [STDERR_REDIRECT] [Fatal Error] :1:1: Premature end of file.
2025-12-18 20:43:13,529 [ERROR] LogOutputStream:75 - [STDERR_REDIRECT] 
2025-12-18 20:43:14,528 [ERROR] LogOutputStream:75 - [STDERR_REDIRECT] [Fatal Error] :1:1: Premature end of file.
2025-12-18 20:43:14,528 [ERROR] LogOutputStream:75 - [STDERR_REDIRECT] 
2025-12-18 20:43:15,528 [ERROR] LogOutputStream:75 - [STDERR_REDIRECT] [Fatal Error] :1:1: Premature end of file.
2025-12-18 20:43:15,528 [ERROR] LogOutputStream:75 - [STDERR_REDIRECT] 
2025-12-18 20:43:16,528 [ERROR] LogOutputStream:75 - [STDERR_REDIRECT] [Fatal Error] :1:1: Premature end of file.
2025-12-18 20:43:16,528 [ERROR] LogOutputStream:75 - [STDERR_REDIRECT] 
2025-12-18 20:43:17,528 [ERROR] LogOutputStream:75 - [STDERR_REDIRECT] [Fatal Error] :1:1: Premature end of file.
2025-12-18 20:43:17,528 [ERROR] LogOutputStream:75 - [STDERR_REDIRECT] 
2025-12-18 20:43:18,528 [ERROR] LogOutputStream:75 - [STDERR_REDIRECT] [Fatal Error] :1:1: Premature end of file.
2025-12-18 20:43:18,528 [ERROR] LogOutputStream:75 - [STDERR_REDIRECT] 
2025-12-18 20:43:19,528 [ERROR] LogOutputStream:75 - [STDERR_REDIRECT] [Fatal Error] :1:1: Premature end of file.
2025-12-18 20:43:19,528 [ERROR] LogOutputStream:75 - [STDERR_REDIRECT] 
2025-12-18 20:43:20,529 [ERROR] LogOutputStream:75 - [STDERR_REDIRECT] [Fatal Error] :1:1: Premature end of file.
2025-12-18 20:43:20,529 [ERROR] LogOutputStream:75 - [STDERR_REDIRECT] 
2025-12-18 20:43:21,528 [ERROR] LogOutputStream:75 - [STDERR_REDIRECT] [Fatal Error] :1:1: Premature end of file.
2025-12-18 20:43:21,528 [ERROR] LogOutputStream:75 - [STDERR_REDIRECT] 
2025-12-18 20:43:22,527 [ERROR] LogOutputStream:75 - [STDERR_REDIRECT] [Fatal Error] :1:1: Premature end of file.
2025-12-18 20:43:22,527 [ERROR] LogOutputStream:75 - [STDERR_REDIRECT] 
2025-12-18 20:43:23,527 [ERROR] LogOutputStream:75 - [STDERR_REDIRECT] [Fatal Error] :1:1: Premature end of file.
2025-12-18 20:43:23,527 [ERROR] LogOutputStream:75 - [STDERR_REDIRECT] 
2025-12-18 20:43:24,528 [ERROR] LogOutputStream:75 - [STDERR_REDIRECT] [Fatal Error] :1:1: Premature end of file.
2025-12-18 20:43:24,529 [ERROR] LogOutputStream:75 - [STDERR_REDIRECT] 
2025-12-18 20:43:25,529 [ERROR] LogOutputStream:75 - [STDERR_REDIRECT] [Fatal Error] :1:1: Premature end of file.
2025-12-18 20:43:25,529 [ERROR] LogOutputStream:75 - [STDERR_REDIRECT] 
2025-12-18 20:43:26,529 [ERROR] LogOutputStream:75 - [STDERR_REDIRECT] [Fatal Error] :1:1: Premature end of file.
2025-12-18 20:43:26,529 [ERROR] LogOutputStream:75 - [STDERR_REDIRECT] 
2025-12-18 20:43:27,528 [ERROR] LogOutputStream:75 - [STDERR_REDIRECT] [Fatal Error] :1:1: Premature end of file.
2025-12-18 20:43:27,528 [ERROR] LogOutputStream:75 - [STDERR_REDIRECT] 
2025-12-18 20:43:28,527 [ERROR] LogOutputStream:75 - [STDERR_REDIRECT] [Fatal Error] :1:1: Premature end of file.
2025-12-18 20:43:28,527 [ERROR] LogOutputStream:75 - [STDERR_REDIRECT] 
2025-12-18 20:43:29,527 [ERROR] LogOutputStream:75 - [STDERR_REDIRECT] [Fatal Error] :1:1: Premature end of file.
2025-12-18 20:43:29,527 [ERROR] LogOutputStream:75 - [STDERR_REDIRECT] 
2025-12-18 20:43:30,529 [ERROR] LogOutputStream:75 - [STDERR_REDIRECT] [Fatal Error] :1:1: Premature end of file.
2025-12-18 20:43:30,529 [ERROR] LogOutputStream:75 - [STDERR_REDIRECT] 
2025-12-18 20:43:31,529 [ERROR] LogOutputStream:75 - [STDERR_REDIRECT] [Fatal Error] :1:1: Premature end of file.
2025-12-18 20:43:31,529 [ERROR] LogOutputStream:75 - [STDERR_REDIRECT] 
2025-12-18 20:43:32,527 [ERROR] LogOutputStream:75 - [STDERR_REDIRECT] [Fatal Error] :1:1: Premature end of file.
2025-12-18 20:43:32,528 [ERROR] LogOutputStream:75 - [STDERR_REDIRECT] 
2025-12-18 20:43:33,527 [ERROR] LogOutputStream:75 - [STDERR_REDIRECT] [Fatal Error] :1:1: Premature end of file.
2025-12-18 20:43:33,527 [ERROR] LogOutputStream:75 - [STDERR_REDIRECT] 
2025-12-18 20:43:34,528 [ERROR] LogOutputStream:75 - [STDERR_REDIRECT] [Fatal Error] :1:1: Premature end of file.
2025-12-18 20:43:34,528 [ERROR] LogOutputStream:75 - [STDERR_REDIRECT] 
2025-12-18 20:43:35,527 [ERROR] LogOutputStream:75 - [STDERR_REDIRECT] [Fatal Error] :1:1: Premature end of file.
2025-12-18 20:43:35,527 [ERROR] LogOutputStream:75 - [STDERR_REDIRECT] 
2025-12-18 20:43:36,529 [ERROR] LogOutputStream:75 - [STDERR_REDIRECT] [Fatal Error] :1:1: Premature end of file.
2025-12-18 20:43:36,529 [ERROR] LogOutputStream:75 - [STDERR_REDIRECT] 
2025-12-18 20:43:37,529 [ERROR] LogOutputStream:75 - [STDERR_REDIRECT] [Fatal Error] :1:1: Premature end of file.
2025-12-18 20:43:37,529 [ERROR] LogOutputStream:75 - [STDERR_REDIRECT] 
2025-12-18 20:43:38,527 [ERROR] LogOutputStream:75 - [STDERR_REDIRECT] [Fatal Error] :1:1: Premature end of file.
2025-12-18 20:43:38,527 [ERROR] LogOutputStream:75 - [STDERR_REDIRECT] 
2025-12-18 20:43:39,527 [ERROR] LogOutputStream:75 - [STDERR_REDIRECT] [Fatal Error] :1:1: Premature end of file.
2025-12-18 20:43:39,527 [ERROR] LogOutputStream:75 - [STDERR_REDIRECT] 
2025-12-18 20:43:40,528 [ERROR] LogOutputStream:75 - [STDERR_REDIRECT] [Fatal Error] :1:1: Premature end of file.
2025-12-18 20:43:40,528 [ERROR] LogOutputStream:75 - [STDERR_REDIRECT] 
2025-12-18 20:43:41,528 [ERROR] LogOutputStream:75 - [STDERR_REDIRECT] [Fatal Error] :1:1: Premature end of file.
2025-12-18 20:43:41,528 [ERROR] LogOutputStream:75 - [STDERR_REDIRECT] 
2025-12-18 20:43:42,527 [ERROR] LogOutputStream:75 - [STDERR_REDIRECT] [Fatal Error] :1:1: Premature end of file.
2025-12-18 20:43:42,527 [ERROR] LogOutputStream:75 - [STDERR_REDIRECT] 
2025-12-18 20:43:43,535 [ERROR] LogOutputStream:75 - [STDERR_REDIRECT] [Fatal Error] :1:1: Premature end of file.
2025-12-18 20:43:43,535 [ERROR] LogOutputStream:75 - [STDERR_REDIRECT] 
2025-12-18 20:43:44,528 [ERROR] LogOutputStream:75 - [STDERR_REDIRECT] [Fatal Error] :1:1: Premature end of file.
2025-12-18 20:43:44,528 [ERROR] LogOutputStream:75 - [STDERR_REDIRECT] 
2025-12-18 20:43:45,529 [ERROR] LogOutputStream:75 - [STDERR_REDIRECT] [Fatal Error] :1:1: Premature end of file.
2025-12-18 20:43:45,529 [ERROR] LogOutputStream:75 - [STDERR_REDIRECT] 
2025-12-18 20:43:46,527 [ERROR] LogOutputStream:75 - [STDERR_REDIRECT] [Fatal Error] :1:1: Premature end of file.
2025-12-18 20:43:46,527 [ERROR] LogOutputStream:75 - [STDERR_REDIRECT] 
2025-12-18 20:43:47,527 [ERROR] LogOutputStream:75 - [STDERR_REDIRECT] [Fatal Error] :1:1: Premature end of file.
2025-12-18 20:43:47,527 [ERROR] LogOutputStream:75 - [STDERR_REDIRECT] 
2025-12-18 20:43:48,529 [ERROR] LogOutputStream:75 - [STDERR_REDIRECT] [Fatal Error] :1:1: Premature end of file.
2025-12-18 20:43:48,529 [ERROR] LogOutputStream:75 - [STDERR_REDIRECT] 
2025-12-18 20:43:49,528 [ERROR] LogOutputStream:75 - [STDERR_REDIRECT] [Fatal Error] :1:1: Premature end of file.
2025-12-18 20:43:49,528 [ERROR] LogOutputStream:75 - [STDERR_REDIRECT] 
2025-12-18 20:43:50,529 [ERROR] LogOutputStream:75 - [STDERR_REDIRECT] [Fatal Error] :1:1: Premature end of file.
2025-12-18 20:43:50,529 [ERROR] LogOutputStream:75 - [STDERR_REDIRECT] 
2025-12-18 20:43:51,527 [ERROR] LogOutputStream:75 - [STDERR_REDIRECT] [Fatal Error] :1:1: Premature end of file.
2025-12-18 20:43:51,527 [ERROR] LogOutputStream:75 - [STDERR_REDIRECT] 
2025-12-18 20:43:52,528 [ERROR] LogOutputStream:75 - [STDERR_REDIRECT] [Fatal Error] :1:1: Premature end of file.
2025-12-18 20:43:52,528 [ERROR] LogOutputStream:75 - [STDERR_REDIRECT] 
2025-12-18 20:43:53,528 [ERROR] LogOutputStream:75 - [STDERR_REDIRECT] [Fatal Error] :1:1: Premature end of file.
2025-12-18 20:43:53,528 [ERROR] LogOutputStream:75 - [STDERR_REDIRECT] 
2025-12-18 20:43:54,528 [ERROR] LogOutputStream:75 - [STDERR_REDIRECT] [Fatal Error] :1:1: Premature end of file.
2025-12-18 20:43:54,528 [ERROR] LogOutputStream:75 - [STDERR_REDIRECT] 
2025-12-18 20:43:55,528 [ERROR] LogOutputStream:75 - [STDERR_REDIRECT] [Fatal Error] :1:1: Premature end of file.
2025-12-18 20:43:55,529 [ERROR] LogOutputStream:75 - [STDERR_REDIRECT] 
2025-12-18 20:43:56,528 [ERROR] LogOutputStream:75 - [STDERR_REDIRECT] [Fatal Error] :1:1: Premature end of file.
2025-12-18 20:43:56,528 [ERROR] LogOutputStream:75 - [STDERR_REDIRECT] 
2025-12-18 20:43:57,526 [ERROR] LogOutputStream:75 - [STDERR_REDIRECT] [Fatal Error] :1:1: Premature end of file.
2025-12-18 20:43:57,528 [ERROR] LogOutputStream:75 - [STDERR_REDIRECT] 
2025-12-18 20:43:58,528 [ERROR] LogOutputStream:75 - [STDERR_REDIRECT] [Fatal Error] :1:1: Premature end of file.
2025-12-18 20:43:58,528 [ERROR] LogOutputStream:75 - [STDERR_REDIRECT] 
2025-12-18 20:43:59,528 [ERROR] LogOutputStream:75 - [STDERR_REDIRECT] [Fatal Error] :1:1: Premature end of file.
2025-12-18 20:43:59,528 [ERROR] LogOutputStream:75 - [STDERR_REDIRECT] 
2025-12-18 20:44:00,528 [ERROR] LogOutputStream:75 - [STDERR_REDIRECT] [Fatal Error] :1:1: Premature end of file.
2025-12-18 20:44:00,528 [ERROR] LogOutputStream:75 - [STDERR_REDIRECT] 
2025-12-18 20:44:01,527 [ERROR] LogOutputStream:75 - [STDERR_REDIRECT] [Fatal Error] :1:1: Premature end of file.
2025-12-18 20:44:01,529 [ERROR] LogOutputStream:75 - [STDERR_REDIRECT] 
2025-12-18 20:44:02,527 [ERROR] LogOutputStream:75 - [STDERR_REDIRECT] [Fatal Error] :1:1: Premature end of file.
2025-12-18 20:44:02,527 [ERROR] LogOutputStream:75 - [STDERR_REDIRECT] 
2025-12-18 20:44:03,529 [ERROR] LogOutputStream:75 - [STDERR_REDIRECT] [Fatal Error] :1:1: Premature end of file.
2025-12-18 20:44:03,529 [ERROR] LogOutputStream:75 - [STDERR_REDIRECT] 
2025-12-18 20:44:04,528 [ERROR] LogOutputStream:75 - [STDERR_REDIRECT] [Fatal Error] :1:1: Premature end of file.
2025-12-18 20:44:04,529 [ERROR] LogOutputStream:75 - [STDERR_REDIRECT] 
2025-12-18 20:44:05,528 [ERROR] LogOutputStream:75 - [STDERR_REDIRECT] [Fatal Error] :1:1: Premature end of file.
2025-12-18 20:44:05,528 [ERROR] LogOutputStream:75 - [STDERR_REDIRECT] 
2025-12-18 20:44:06,529 [ERROR] LogOutputStream:75 - [STDERR_REDIRECT] [Fatal Error] :1:1: Premature end of file.
2025-12-18 20:44:06,529 [ERROR] LogOutputStream:75 - [STDERR_REDIRECT] 
2025-12-18 20:44:07,527 [ERROR] LogOutputStream:75 - [STDERR_REDIRECT] [Fatal Error] :1:1: Premature end of file.
2025-12-18 20:44:07,527 [ERROR] LogOutputStream:75 - [STDERR_REDIRECT] 
2025-12-18 20:44:08,529 [ERROR] LogOutputStream:75 - [STDERR_REDIRECT] [Fatal Error] :1:1: Premature end of file.
2025-12-18 20:44:08,529 [ERROR] LogOutputStream:75 - [STDERR_REDIRECT] 
2025-12-18 20:44:09,527 [ERROR] LogOutputStream:75 - [STDERR_REDIRECT] [Fatal Error] :1:1: Premature end of file.
2025-12-18 20:44:09,527 [ERROR] LogOutputStream:75 - [STDERR_REDIRECT] 
2025-12-18 20:44:10,528 [ERROR] LogOutputStream:75 - [STDERR_REDIRECT] [Fatal Error] :1:1: Premature end of file.
2025-12-18 20:44:10,528 [ERROR] LogOutputStream:75 - [STDERR_REDIRECT] 
2025-12-18 20:44:11,528 [ERROR] LogOutputStream:75 - [STDERR_REDIRECT] [Fatal Error] :1:1: Premature end of file.
2025-12-18 20:44:11,528 [ERROR] LogOutputStream:75 - [STDERR_REDIRECT] 
2025-12-18 20:44:12,529 [ERROR] LogOutputStream:75 - [STDERR_REDIRECT] [Fatal Error] :1:1: Premature end of file.
2025-12-18 20:44:12,529 [ERROR] LogOutputStream:75 - [STDERR_REDIRECT] 
2025-12-18 20:44:13,529 [ERROR] LogOutputStream:75 - [STDERR_REDIRECT] [Fatal Error] :1:1: Premature end of file.
2025-12-18 20:44:13,529 [ERROR] LogOutputStream:75 - [STDERR_REDIRECT] 
2025-12-18 20:44:14,528 [ERROR] LogOutputStream:75 - [STDERR_REDIRECT] [Fatal Error] :1:1: Premature end of file.
2025-12-18 20:44:14,528 [ERROR] LogOutputStream:75 - [STDERR_REDIRECT] 
2025-12-18 20:44:15,527 [ERROR] LogOutputStream:75 - [STDERR_REDIRECT] [Fatal Error] :1:1: Premature end of file.
2025-12-18 20:44:15,528 [ERROR] LogOutputStream:75 - [STDERR_REDIRECT] 
2025-12-18 20:44:16,527 [ERROR] LogOutputStream:75 - [STDERR_REDIRECT] [Fatal Error] :1:1: Premature end of file.
2025-12-18 20:44:16,528 [ERROR] LogOutputStream:75 - [STDERR_REDIRECT] 
2025-12-18 20:44:17,526 [ERROR] LogOutputStream:75 - [STDERR_REDIRECT] [Fatal Error] :1:1: Premature end of file.
2025-12-18 20:44:17,528 [ERROR] LogOutputStream:75 - [STDERR_REDIRECT] 
2025-12-18 20:44:18,527 [ERROR] LogOutputStream:75 - [STDERR_REDIRECT] [Fatal Error] :1:1: Premature end of file.
2025-12-18 20:44:18,527 [ERROR] LogOutputStream:75 - [STDERR_REDIRECT] 
2025-12-18 20:44:19,528 [ERROR] LogOutputStream:75 - [STDERR_REDIRECT] [Fatal Error] :1:1: Premature end of file.
2025-12-18 20:44:19,528 [ERROR] LogOutputStream:75 - [STDERR_REDIRECT] 
2025-12-18 20:44:20,528 [ERROR] LogOutputStream:75 - [STDERR_REDIRECT] [Fatal Error] :1:1: Premature end of file.
2025-12-18 20:44:20,528 [ERROR] LogOutputStream:75 - [STDERR_REDIRECT] 
2025-12-18 20:44:21,528 [ERROR] LogOutputStream:75 - [STDERR_REDIRECT] [Fatal Error] :1:1: Premature end of file.
2025-12-18 20:44:21,528 [ERROR] LogOutputStream:75 - [STDERR_REDIRECT] 
2025-12-18 20:44:22,529 [ERROR] LogOutputStream:75 - [STDERR_REDIRECT] [Fatal Error] :1:1: Premature end of file.
2025-12-18 20:44:22,529 [ERROR] LogOutputStream:75 - [STDERR_REDIRECT] 
2025-12-18 20:44:23,528 [ERROR] LogOutputStream:75 - [STDERR_REDIRECT] [Fatal Error] :1:1: Premature end of file.
2025-12-18 20:44:23,528 [ERROR] LogOutputStream:75 - [STDERR_REDIRECT] 
2025-12-18 20:44:24,527 [ERROR] LogOutputStream:75 - [STDERR_REDIRECT] [Fatal Error] :1:1: Premature end of file.
2025-12-18 20:44:24,527 [ERROR] LogOutputStream:75 - [STDERR_REDIRECT] 
2025-12-18 20:44:25,530 [ERROR] LogOutputStream:75 - [STDERR_REDIRECT] [Fatal Error] :1:1: Premature end of file.
2025-12-18 20:44:25,530 [ERROR] LogOutputStream:75 - [STDERR_REDIRECT] 
2025-12-18 20:44:26,528 [ERROR] LogOutputStream:75 - [STDERR_REDIRECT] [Fatal Error] :1:1: Premature end of file.
2025-12-18 20:44:26,528 [ERROR] LogOutputStream:75 - [STDERR_REDIRECT] 
2025-12-18 20:44:27,528 [ERROR] LogOutputStream:75 - [STDERR_REDIRECT] [Fatal Error] :1:1: Premature end of file.
2025-12-18 20:44:27,528 [ERROR] LogOutputStream:75 - [STDERR_REDIRECT] 
2025-12-18 20:44:28,527 [ERROR] LogOutputStream:75 - [STDERR_REDIRECT] [Fatal Error] :1:1: Premature end of file.
2025-12-18 20:44:28,527 [ERROR] LogOutputStream:75 - [STDERR_REDIRECT] 
2025-12-18 20:44:29,528 [ERROR] LogOutputStream:75 - [STDERR_REDIRECT] [Fatal Error] :1:1: Premature end of file.
2025-12-18 20:44:29,528 [ERROR] LogOutputStream:75 - [STDERR_REDIRECT] 
2025-12-18 20:44:30,528 [ERROR] LogOutputStream:75 - [STDERR_REDIRECT] [Fatal Error] :1:1: Premature end of file.
2025-12-18 20:44:30,528 [ERROR] LogOutputStream:75 - [STDERR_REDIRECT] 
2025-12-18 20:44:31,528 [ERROR] LogOutputStream:75 - [STDERR_REDIRECT] [Fatal Error] :1:1: Premature end of file.
2025-12-18 20:44:31,529 [ERROR] LogOutputStream:75 - [STDERR_REDIRECT] 
2025-12-18 20:44:32,528 [ERROR] LogOutputStream:75 - [STDERR_REDIRECT] [Fatal Error] :1:1: Premature end of file.
2025-12-18 20:44:32,528 [ERROR] LogOutputStream:75 - [STDERR_REDIRECT] 
2025-12-18 20:44:33,527 [ERROR] LogOutputStream:75 - [STDERR_REDIRECT] [Fatal Error] :1:1: Premature end of file.
2025-12-18 20:44:33,528 [ERROR] LogOutputStream:75 - [STDERR_REDIRECT] 
2025-12-18 20:44:34,528 [ERROR] LogOutputStream:75 - [STDERR_REDIRECT] [Fatal Error] :1:1: Premature end of file.
2025-12-18 20:44:34,528 [ERROR] LogOutputStream:75 - [STDERR_REDIRECT] 
2025-12-18 20:44:35,527 [ERROR] LogOutputStream:75 - [STDERR_REDIRECT] [Fatal Error] :1:1: Premature end of file.
2025-12-18 20:44:35,528 [ERROR] LogOutputStream:75 - [STDERR_REDIRECT] 
2025-12-18 20:44:36,526 [ERROR] LogOutputStream:75 - [STDERR_REDIRECT] [Fatal Error] :1:1: Premature end of file.
2025-12-18 20:44:36,527 [ERROR] LogOutputStream:75 - [STDERR_REDIRECT] 
2025-12-18 20:44:37,528 [ERROR] LogOutputStream:75 - [STDERR_REDIRECT] [Fatal Error] :1:1: Premature end of file.
2025-12-18 20:44:37,528 [ERROR] LogOutputStream:75 - [STDERR_REDIRECT] 
2025-12-18 20:44:38,530 [ERROR] LogOutputStream:75 - [STDERR_REDIRECT] [Fatal Error] :1:1: Premature end of file.
2025-12-18 20:44:38,530 [ERROR] LogOutputStream:75 - [STDERR_REDIRECT] 
2025-12-18 20:44:39,527 [ERROR] LogOutputStream:75 - [STDERR_REDIRECT] [Fatal Error] :1:1: Premature end of file.
2025-12-18 20:44:39,527 [ERROR] LogOutputStream:75 - [STDERR_REDIRECT] 
2025-12-18 20:44:40,526 [ERROR] LogOutputStream:75 - [STDERR_REDIRECT] [Fatal Error] :1:1: Premature end of file.
2025-12-18 20:44:40,526 [ERROR] LogOutputStream:75 - [STDERR_REDIRECT] 
2025-12-18 20:44:41,528 [ERROR] LogOutputStream:75 - [STDERR_REDIRECT] [Fatal Error] :1:1: Premature end of file.
2025-12-18 20:44:41,528 [ERROR] LogOutputStream:75 - [STDERR_REDIRECT] 
2025-12-18 20:44:42,529 [ERROR] LogOutputStream:75 - [STDERR_REDIRECT] [Fatal Error] :1:1: Premature end of file.
2025-12-18 20:44:42,529 [ERROR] LogOutputStream:75 - [STDERR_REDIRECT] 
2025-12-18 20:44:43,530 [ERROR] LogOutputStream:75 - [STDERR_REDIRECT] [Fatal Error] :1:1: Premature end of file.
2025-12-18 20:44:43,531 [ERROR] LogOutputStream:75 - [STDERR_REDIRECT] 
2025-12-18 20:44:44,526 [ERROR] LogOutputStream:75 - [STDERR_REDIRECT] [Fatal Error] :1:1: Premature end of file.
2025-12-18 20:44:44,527 [ERROR] LogOutputStream:75 - [STDERR_REDIRECT] 
2025-12-18 20:44:45,528 [ERROR] LogOutputStream:75 - [STDERR_REDIRECT] [Fatal Error] :1:1: Premature end of file.
2025-12-18 20:44:45,528 [ERROR] LogOutputStream:75 - [STDERR_REDIRECT] 
2025-12-18 20:44:46,527 [ERROR] LogOutputStream:75 - [STDERR_REDIRECT] [Fatal Error] :1:1: Premature end of file.
2025-12-18 20:44:46,527 [ERROR] LogOutputStream:75 - [STDERR_REDIRECT] 
2025-12-18 20:44:47,528 [ERROR] LogOutputStream:75 - [STDERR_REDIRECT] [Fatal Error] :1:1: Premature end of file.
2025-12-18 20:44:47,528 [ERROR] LogOutputStream:75 - [STDERR_REDIRECT] 
2025-12-18 20:44:48,526 [ERROR] LogOutputStream:75 - [STDERR_REDIRECT] [Fatal Error] :1:1: Premature end of file.
2025-12-18 20:44:48,527 [ERROR] LogOutputStream:75 - [STDERR_REDIRECT] 
2025-12-18 20:44:49,528 [ERROR] LogOutputStream:75 - [STDERR_REDIRECT] [Fatal Error] :1:1: Premature end of file.
2025-12-18 20:44:49,529 [ERROR] LogOutputStream:75 - [STDERR_REDIRECT] 
2025-12-18 20:44:50,528 [ERROR] LogOutputStream:75 - [STDERR_REDIRECT] [Fatal Error] :1:1: Premature end of file.
2025-12-18 20:44:50,528 [ERROR] LogOutputStream:75 - [STDERR_REDIRECT] 
2025-12-18 20:44:51,529 [ERROR] LogOutputStream:75 - [STDERR_REDIRECT] [Fatal Error] :1:1: Premature end of file.
2025-12-18 20:44:51,529 [ERROR] LogOutputStream:75 - [STDERR_REDIRECT] 
2025-12-18 20:44:52,527 [ERROR] LogOutputStream:75 - [STDERR_REDIRECT] [Fatal Error] :1:1: Premature end of file.
2025-12-18 20:44:52,528 [ERROR] LogOutputStream:75 - [STDERR_REDIRECT] 
2025-12-18 20:44:53,528 [ERROR] LogOutputStream:75 - [STDERR_REDIRECT] [Fatal Error] :1:1: Premature end of file.
2025-12-18 20:44:53,529 [ERROR] LogOutputStream:75 - [STDERR_REDIRECT] 
2025-12-18 20:44:54,526 [ERROR] LogOutputStream:75 - [STDERR_REDIRECT] [Fatal Error] :1:1: Premature end of file.
2025-12-18 20:44:54,526 [ERROR] LogOutputStream:75 - [STDERR_REDIRECT] 
2025-12-18 20:44:55,527 [ERROR] LogOutputStream:75 - [STDERR_REDIRECT] [Fatal Error] :1:1: Premature end of file.
2025-12-18 20:44:55,527 [ERROR] LogOutputStream:75 - [STDERR_REDIRECT] 
2025-12-18 20:44:56,528 [ERROR] LogOutputStream:75 - [STDERR_REDIRECT] [Fatal Error] :1:1: Premature end of file.
2025-12-18 20:44:56,528 [ERROR] LogOutputStream:75 - [STDERR_REDIRECT] 
2025-12-18 20:44:57,528 [ERROR] LogOutputStream:75 - [STDERR_REDIRECT] [Fatal Error] :1:1: Premature end of file.
2025-12-18 20:44:57,528 [ERROR] LogOutputStream:75 - [STDERR_REDIRECT] 
2025-12-18 20:44:58,526 [ERROR] LogOutputStream:75 - [STDERR_REDIRECT] [Fatal Error] :1:1: Premature end of file.
2025-12-18 20:44:58,526 [ERROR] LogOutputStream:75 - [STDERR_REDIRECT] 
2025-12-18 20:44:59,528 [ERROR] LogOutputStream:75 - [STDERR_REDIRECT] [Fatal Error] :1:1: Premature end of file.
2025-12-18 20:44:59,528 [ERROR] LogOutputStream:75 - [STDERR_REDIRECT] 
2025-12-18 20:45:00,528 [ERROR] LogOutputStream:75 - [STDERR_REDIRECT] [Fatal Error] :1:1: Premature end of file.
2025-12-18 20:45:00,528 [ERROR] LogOutputStream:75 - [STDERR_REDIRECT] 
2025-12-18 20:45:01,528 [ERROR] LogOutputStream:75 - [STDERR_REDIRECT] [Fatal Error] :1:1: Premature end of file.
2025-12-18 20:45:01,528 [ERROR] LogOutputStream:75 - [STDERR_REDIRECT] 
2025-12-18 20:45:02,528 [ERROR] LogOutputStream:75 - [STDERR_REDIRECT] [Fatal Error] :1:1: Premature end of file.
2025-12-18 20:45:02,528 [ERROR] LogOutputStream:75 - [STDERR_REDIRECT] 
2025-12-18 20:45:03,528 [ERROR] LogOutputStream:75 - [STDERR_REDIRECT] [Fatal Error] :1:1: Premature end of file.
2025-12-18 20:45:03,528 [ERROR] LogOutputStream:75 - [STDERR_REDIRECT] 
2025-12-18 20:45:04,527 [ERROR] LogOutputStream:75 - [STDERR_REDIRECT] [Fatal Error] :1:1: Premature end of file.
2025-12-18 20:45:04,529 [ERROR] LogOutputStream:75 - [STDERR_REDIRECT] 
2025-12-18 20:45:05,527 [ERROR] LogOutputStream:75 - [STDERR_REDIRECT] [Fatal Error] :1:1: Premature end of file.
2025-12-18 20:45:05,527 [ERROR] LogOutputStream:75 - [STDERR_REDIRECT] 
2025-12-18 20:45:06,527 [ERROR] LogOutputStream:75 - [STDERR_REDIRECT] [Fatal Error] :1:1: Premature end of file.
2025-12-18 20:45:06,527 [ERROR] LogOutputStream:75 - [STDERR_REDIRECT] 
2025-12-18 20:45:07,529 [ERROR] LogOutputStream:75 - [STDERR_REDIRECT] [Fatal Error] :1:1: Premature end of file.
2025-12-18 20:45:07,529 [ERROR] LogOutputStream:75 - [STDERR_REDIRECT] 
2025-12-18 20:45:08,527 [ERROR] LogOutputStream:75 - [STDERR_REDIRECT] [Fatal Error] :1:1: Premature end of file.
2025-12-18 20:45:08,528 [ERROR] LogOutputStream:75 - [STDERR_REDIRECT] 
2025-12-18 20:45:09,528 [ERROR] LogOutputStream:75 - [STDERR_REDIRECT] [Fatal Error] :1:1: Premature end of file.
2025-12-18 20:45:09,528 [ERROR] LogOutputStream:75 - [STDERR_REDIRECT] 
2025-12-18 20:45:10,527 [ERROR] LogOutputStream:75 - [STDERR_REDIRECT] [Fatal Error] :1:1: Premature end of file.
2025-12-18 20:45:10,527 [ERROR] LogOutputStream:75 - [STDERR_REDIRECT] 
2025-12-18 20:45:11,529 [ERROR] LogOutputStream:75 - [STDERR_REDIRECT] [Fatal Error] :1:1: Premature end of file.
2025-12-18 20:45:11,529 [ERROR] LogOutputStream:75 - [STDERR_REDIRECT] 
2025-12-18 20:45:12,528 [ERROR] LogOutputStream:75 - [STDERR_REDIRECT] [Fatal Error] :1:1: Premature end of file.
2025-12-18 20:45:12,528 [ERROR] LogOutputStream:75 - [STDERR_REDIRECT] 
2025-12-18 20:45:13,527 [ERROR] LogOutputStream:75 - [STDERR_REDIRECT] [Fatal Error] :1:1: Premature end of file.
2025-12-18 20:45:13,527 [ERROR] LogOutputStream:75 - [STDERR_REDIRECT] 
2025-12-18 20:45:14,531 [ERROR] LogOutputStream:75 - [STDERR_REDIRECT] [Fatal Error] :1:1: Premature end of file.
2025-12-18 20:45:14,531 [ERROR] LogOutputStream:75 - [STDERR_REDIRECT] 
2025-12-18 20:45:15,527 [ERROR] LogOutputStream:75 - [STDERR_REDIRECT] [Fatal Error] :1:1: Premature end of file.
2025-12-18 20:45:15,527 [ERROR] LogOutputStream:75 - [STDERR_REDIRECT] 
2025-12-18 20:45:16,529 [ERROR] LogOutputStream:75 - [STDERR_REDIRECT] [Fatal Error] :1:1: Premature end of file.
2025-12-18 20:45:16,529 [ERROR] LogOutputStream:75 - [STDERR_REDIRECT] 
2025-12-18 20:45:17,529 [ERROR] LogOutputStream:75 - [STDERR_REDIRECT] [Fatal Error] :1:1: Premature end of file.
2025-12-18 20:45:17,529 [ERROR] LogOutputStream:75 - [STDERR_REDIRECT] 
2025-12-18 20:45:18,527 [ERROR] LogOutputStream:75 - [STDERR_REDIRECT] [Fatal Error] :1:1: Premature end of file.
2025-12-18 20:45:18,527 [ERROR] LogOutputStream:75 - [STDERR_REDIRECT] 
2025-12-18 20:45:19,529 [ERROR] LogOutputStream:75 - [STDERR_REDIRECT] [Fatal Error] :1:1: Premature end of file.
2025-12-18 20:45:19,529 [ERROR] LogOutputStream:75 - [STDERR_REDIRECT] 
2025-12-18 20:45:20,527 [ERROR] LogOutputStream:75 - [STDERR_REDIRECT] [Fatal Error] :1:1: Premature end of file.
2025-12-18 20:45:20,528 [ERROR] LogOutputStream:75 - [STDERR_REDIRECT] 
2025-12-18 20:45:21,527 [ERROR] LogOutputStream:75 - [STDERR_REDIRECT] [Fatal Error] :1:1: Premature end of file.
2025-12-18 20:45:21,527 [ERROR] LogOutputStream:75 - [STDERR_REDIRECT] 
2025-12-18 20:45:22,529 [ERROR] LogOutputStream:75 - [STDERR_REDIRECT] [Fatal Error] :1:1: Premature end of file.
2025-12-18 20:45:22,529 [ERROR] LogOutputStream:75 - [STDERR_REDIRECT] 
2025-12-18 20:45:23,527 [ERROR] LogOutputStream:75 - [STDERR_REDIRECT] [Fatal Error] :1:1: Premature end of file.
2025-12-18 20:45:23,527 [ERROR] LogOutputStream:75 - [STDERR_REDIRECT] 
2025-12-18 20:45:24,528 [ERROR] LogOutputStream:75 - [STDERR_REDIRECT] [Fatal Error] :1:1: Premature end of file.
2025-12-18 20:45:24,528 [ERROR] LogOutputStream:75 - [STDERR_REDIRECT] 
2025-12-18 20:45:25,529 [ERROR] LogOutputStream:75 - [STDERR_REDIRECT] [Fatal Error] :1:1: Premature end of file.
2025-12-18 20:45:25,529 [ERROR] LogOutputStream:75 - [STDERR_REDIRECT] 
2025-12-18 20:45:26,526 [ERROR] LogOutputStream:75 - [STDERR_REDIRECT] [Fatal Error] :1:1: Premature end of file.
2025-12-18 20:45:26,526 [ERROR] LogOutputStream:75 - [STDERR_REDIRECT] 
2025-12-18 20:45:27,529 [ERROR] LogOutputStream:75 - [STDERR_REDIRECT] [Fatal Error] :1:1: Premature end of file.
2025-12-18 20:45:27,529 [ERROR] LogOutputStream:75 - [STDERR_REDIRECT] 
2025-12-18 20:45:28,528 [ERROR] LogOutputStream:75 - [STDERR_REDIRECT] [Fatal Error] :1:1: Premature end of file.
2025-12-18 20:45:28,528 [ERROR] LogOutputStream:75 - [STDERR_REDIRECT] 
2025-12-18 20:45:29,533 [ERROR] LogOutputStream:75 - [STDERR_REDIRECT] [Fatal Error] :1:1: Premature end of file.
2025-12-18 20:45:29,534 [ERROR] LogOutputStream:75 - [STDERR_REDIRECT] 
2025-12-18 20:45:30,530 [ERROR] LogOutputStream:75 - [STDERR_REDIRECT] [Fatal Error] :1:1: Premature end of file.
2025-12-18 20:45:30,530 [ERROR] LogOutputStream:75 - [STDERR_REDIRECT] 
2025-12-18 20:45:31,526 [ERROR] LogOutputStream:75 - [STDERR_REDIRECT] [Fatal Error] :1:1: Premature end of file.
2025-12-18 20:45:31,526 [ERROR] LogOutputStream:75 - [STDERR_REDIRECT] 
2025-12-18 20:45:32,527 [ERROR] LogOutputStream:75 - [STDERR_REDIRECT] [Fatal Error] :1:1: Premature end of file.
2025-12-18 20:45:32,528 [ERROR] LogOutputStream:75 - [STDERR_REDIRECT] 
2025-12-18 20:45:33,528 [ERROR] LogOutputStream:75 - [STDERR_REDIRECT] [Fatal Error] :1:1: Premature end of file.
2025-12-18 20:45:33,528 [ERROR] LogOutputStream:75 - [STDERR_REDIRECT] 
2025-12-18 20:45:34,527 [ERROR] LogOutputStream:75 - [STDERR_REDIRECT] [Fatal Error] :1:1: Premature end of file.
2025-12-18 20:45:34,527 [ERROR] LogOutputStream:75 - [STDERR_REDIRECT] 
2025-12-18 20:45:35,531 [ERROR] LogOutputStream:75 - [STDERR_REDIRECT] [Fatal Error] :1:1: Premature end of file.
2025-12-18 20:45:35,531 [ERROR] LogOutputStream:75 - [STDERR_REDIRECT] 
2025-12-18 20:45:36,529 [ERROR] LogOutputStream:75 - [STDERR_REDIRECT] [Fatal Error] :1:1: Premature end of file.
2025-12-18 20:45:36,529 [ERROR] LogOutputStream:75 - [STDERR_REDIRECT] 
2025-12-18 20:45:37,529 [ERROR] LogOutputStream:75 - [STDERR_REDIRECT] [Fatal Error] :1:1: Premature end of file.
2025-12-18 20:45:37,529 [ERROR] LogOutputStream:75 - [STDERR_REDIRECT] 
2025-12-18 20:45:38,539 [ERROR] LogOutputStream:75 - [STDERR_REDIRECT] [Fatal Error] :1:1: Premature end of file.
2025-12-18 20:45:38,539 [ERROR] LogOutputStream:75 - [STDERR_REDIRECT] 
2025-12-18 20:45:39,528 [ERROR] LogOutputStream:75 - [STDERR_REDIRECT] [Fatal Error] :1:1: Premature end of file.
2025-12-18 20:45:39,528 [ERROR] LogOutputStream:75 - [STDERR_REDIRECT] 
2025-12-18 20:45:40,528 [ERROR] LogOutputStream:75 - [STDERR_REDIRECT] [Fatal Error] :1:1: Premature end of file.
2025-12-18 20:45:40,528 [ERROR] LogOutputStream:75 - [STDERR_REDIRECT] 
2025-12-18 20:45:41,529 [ERROR] LogOutputStream:75 - [STDERR_REDIRECT] [Fatal Error] :1:1: Premature end of file.
2025-12-18 20:45:41,529 [ERROR] LogOutputStream:75 - [STDERR_REDIRECT] 
2025-12-18 20:45:42,530 [ERROR] LogOutputStream:75 - [STDERR_REDIRECT] [Fatal Error] :1:1: Premature end of file.
2025-12-18 20:45:42,530 [ERROR] LogOutputStream:75 - [STDERR_REDIRECT] 
2025-12-18 20:45:43,529 [ERROR] LogOutputStream:75 - [STDERR_REDIRECT] [Fatal Error] :1:1: Premature end of file.
2025-12-18 20:45:43,529 [ERROR] LogOutputStream:75 - [STDERR_REDIRECT] 
2025-12-18 20:45:44,529 [ERROR] LogOutputStream:75 - [STDERR_REDIRECT] [Fatal Error] :1:1: Premature end of file.
2025-12-18 20:45:44,529 [ERROR] LogOutputStream:75 - [STDERR_REDIRECT] 
2025-12-18 20:45:45,528 [ERROR] LogOutputStream:75 - [STDERR_REDIRECT] [Fatal Error] :1:1: Premature end of file.
2025-12-18 20:45:45,528 [ERROR] LogOutputStream:75 - [STDERR_REDIRECT] 
2025-12-18 20:45:46,528 [ERROR] LogOutputStream:75 - [STDERR_REDIRECT] [Fatal Error] :1:1: Premature end of file.
2025-12-18 20:45:46,528 [ERROR] LogOutputStream:75 - [STDERR_REDIRECT] 
2025-12-18 20:45:47,528 [ERROR] LogOutputStream:75 - [STDERR_REDIRECT] [Fatal Error] :1:1: Premature end of file.
2025-12-18 20:45:47,528 [ERROR] LogOutputStream:75 - [STDERR_REDIRECT] 
2025-12-18 20:45:48,527 [ERROR] LogOutputStream:75 - [STDERR_REDIRECT] [Fatal Error] :1:1: Premature end of file.
2025-12-18 20:45:48,528 [ERROR] LogOutputStream:75 - [STDERR_REDIRECT] 
2025-12-18 20:45:49,528 [ERROR] LogOutputStream:75 - [STDERR_REDIRECT] [Fatal Error] :1:1: Premature end of file.
2025-12-18 20:45:49,528 [ERROR] LogOutputStream:75 - [STDERR_REDIRECT] 
2025-12-18 20:45:50,528 [ERROR] LogOutputStream:75 - [STDERR_REDIRECT] [Fatal Error] :1:1: Premature end of file.
2025-12-18 20:45:50,528 [ERROR] LogOutputStream:75 - [STDERR_REDIRECT] 
2025-12-18 20:45:51,527 [ERROR] LogOutputStream:75 - [STDERR_REDIRECT] [Fatal Error] :1:1: Premature end of file.
2025-12-18 20:45:51,527 [ERROR] LogOutputStream:75 - [STDERR_REDIRECT] 
2025-12-18 20:45:52,528 [ERROR] LogOutputStream:75 - [STDERR_REDIRECT] [Fatal Error] :1:1: Premature end of file.
2025-12-18 20:45:52,528 [ERROR] LogOutputStream:75 - [STDERR_REDIRECT] 
2025-12-18 20:45:53,528 [ERROR] LogOutputStream:75 - [STDERR_REDIRECT] [Fatal Error] :1:1: Premature end of file.
2025-12-18 20:45:53,528 [ERROR] LogOutputStream:75 - [STDERR_REDIRECT] 
2025-12-18 20:45:54,528 [ERROR] LogOutputStream:75 - [STDERR_REDIRECT] [Fatal Error] :1:1: Premature end of file.
2025-12-18 20:45:54,528 [ERROR] LogOutputStream:75 - [STDERR_REDIRECT] 
2025-12-18 20:45:55,529 [ERROR] LogOutputStream:75 - [STDERR_REDIRECT] [Fatal Error] :1:1: Premature end of file.
2025-12-18 20:45:55,529 [ERROR] LogOutputStream:75 - [STDERR_REDIRECT] 
2025-12-18 20:45:56,528 [ERROR] LogOutputStream:75 - [STDERR_REDIRECT] [Fatal Error] :1:1: Premature end of file.
2025-12-18 20:45:56,528 [ERROR] LogOutputStream:75 - [STDERR_REDIRECT] 
2025-12-18 20:45:57,528 [ERROR] LogOutputStream:75 - [STDERR_REDIRECT] [Fatal Error] :1:1: Premature end of file.
2025-12-18 20:45:57,528 [ERROR] LogOutputStream:75 - [STDERR_REDIRECT] 
2025-12-18 20:45:58,529 [ERROR] LogOutputStream:75 - [STDERR_REDIRECT] [Fatal Error] :1:1: Premature end of file.
2025-12-18 20:45:58,529 [ERROR] LogOutputStream:75 - [STDERR_REDIRECT] 
2025-12-18 20:45:59,526 [ERROR] LogOutputStream:75 - [STDERR_REDIRECT] [Fatal Error] :1:1: Premature end of file.
2025-12-18 20:45:59,526 [ERROR] LogOutputStream:75 - [STDERR_REDIRECT] 
2025-12-18 20:46:00,532 [ERROR] LogOutputStream:75 - [STDERR_REDIRECT] [Fatal Error] :1:1: Premature end of file.
2025-12-18 20:46:00,532 [ERROR] LogOutputStream:75 - [STDERR_REDIRECT] 
2025-12-18 20:46:01,528 [ERROR] LogOutputStream:75 - [STDERR_REDIRECT] [Fatal Error] :1:1: Premature end of file.
2025-12-18 20:46:01,530 [ERROR] LogOutputStream:75 - [STDERR_REDIRECT] 
2025-12-18 20:46:02,527 [ERROR] LogOutputStream:75 - [STDERR_REDIRECT] [Fatal Error] :1:1: Premature end of file.
2025-12-18 20:46:02,527 [ERROR] LogOutputStream:75 - [STDERR_REDIRECT] 
2025-12-18 20:46:03,527 [ERROR] LogOutputStream:75 - [STDERR_REDIRECT] [Fatal Error] :1:1: Premature end of file.
2025-12-18 20:46:03,527 [ERROR] LogOutputStream:75 - [STDERR_REDIRECT] 
2025-12-18 20:46:04,530 [ERROR] LogOutputStream:75 - [STDERR_REDIRECT] [Fatal Error] :1:1: Premature end of file.
2025-12-18 20:46:04,530 [ERROR] LogOutputStream:75 - [STDERR_REDIRECT] 
2025-12-18 20:46:05,527 [ERROR] LogOutputStream:75 - [STDERR_REDIRECT] [Fatal Error] :1:1: Premature end of file.
2025-12-18 20:46:05,527 [ERROR] LogOutputStream:75 - [STDERR_REDIRECT] 
2025-12-18 20:46:06,529 [ERROR] LogOutputStream:75 - [STDERR_REDIRECT] [Fatal Error] :1:1: Premature end of file.
2025-12-18 20:46:06,529 [ERROR] LogOutputStream:75 - [STDERR_REDIRECT] 
2025-12-18 20:46:07,527 [ERROR] LogOutputStream:75 - [STDERR_REDIRECT] [Fatal Error] :1:1: Premature end of file.
2025-12-18 20:46:07,528 [ERROR] LogOutputStream:75 - [STDERR_REDIRECT] 
2025-12-18 20:46:08,528 [ERROR] LogOutputStream:75 - [STDERR_REDIRECT] [Fatal Error] :1:1: Premature end of file.
2025-12-18 20:46:08,528 [ERROR] LogOutputStream:75 - [STDERR_REDIRECT] 
2025-12-18 20:46:09,528 [ERROR] LogOutputStream:75 - [STDERR_REDIRECT] [Fatal Error] :1:1: Premature end of file.
2025-12-18 20:46:09,528 [ERROR] LogOutputStream:75 - [STDERR_REDIRECT] 
2025-12-18 20:46:10,528 [ERROR] LogOutputStream:75 - [STDERR_REDIRECT] [Fatal Error] :1:1: Premature end of file.
2025-12-18 20:46:10,528 [ERROR] LogOutputStream:75 - [STDERR_REDIRECT] 
2025-12-18 20:46:11,528 [ERROR] LogOutputStream:75 - [STDERR_REDIRECT] [Fatal Error] :1:1: Premature end of file.
2025-12-18 20:46:11,528 [ERROR] LogOutputStream:75 - [STDERR_REDIRECT] 
2025-12-18 20:46:12,528 [ERROR] LogOutputStream:75 - [STDERR_REDIRECT] [Fatal Error] :1:1: Premature end of file.
2025-12-18 20:46:12,528 [ERROR] LogOutputStream:75 - [STDERR_REDIRECT] 
2025-12-18 20:46:13,528 [ERROR] LogOutputStream:75 - [STDERR_REDIRECT] [Fatal Error] :1:1: Premature end of file.
2025-12-18 20:46:13,528 [ERROR] LogOutputStream:75 - [STDERR_REDIRECT] 
2025-12-18 20:46:14,535 [ERROR] LogOutputStream:75 - [STDERR_REDIRECT] [Fatal Error] :1:1: Premature end of file.
2025-12-18 20:46:14,535 [ERROR] LogOutputStream:75 - [STDERR_REDIRECT] 
2025-12-18 20:46:15,528 [ERROR] LogOutputStream:75 - [STDERR_REDIRECT] [Fatal Error] :1:1: Premature end of file.
2025-12-18 20:46:15,528 [ERROR] LogOutputStream:75 - [STDERR_REDIRECT] 
2025-12-18 20:46:16,527 [ERROR] LogOutputStream:75 - [STDERR_REDIRECT] [Fatal Error] :1:1: Premature end of file.
2025-12-18 20:46:16,527 [ERROR] LogOutputStream:75 - [STDERR_REDIRECT] 
2025-12-18 20:46:17,529 [ERROR] LogOutputStream:75 - [STDERR_REDIRECT] [Fatal Error] :1:1: Premature end of file.
2025-12-18 20:46:17,529 [ERROR] LogOutputStream:75 - [STDERR_REDIRECT] 
2025-12-18 20:46:18,528 [ERROR] LogOutputStream:75 - [STDERR_REDIRECT] [Fatal Error] :1:1: Premature end of file.
2025-12-18 20:46:18,528 [ERROR] LogOutputStream:75 - [STDERR_REDIRECT] 
2025-12-18 20:46:19,528 [ERROR] LogOutputStream:75 - [STDERR_REDIRECT] [Fatal Error] :1:1: Premature end of file.
2025-12-18 20:46:19,528 [ERROR] LogOutputStream:75 - [STDERR_REDIRECT] 
2025-12-18 20:46:20,528 [ERROR] LogOutputStream:75 - [STDERR_REDIRECT] [Fatal Error] :1:1: Premature end of file.
2025-12-18 20:46:20,528 [ERROR] LogOutputStream:75 - [STDERR_REDIRECT] 
2025-12-18 20:46:21,529 [ERROR] LogOutputStream:75 - [STDERR_REDIRECT] [Fatal Error] :1:1: Premature end of file.
2025-12-18 20:46:21,529 [ERROR] LogOutputStream:75 - [STDERR_REDIRECT] 
2025-12-18 20:46:22,529 [ERROR] LogOutputStream:75 - [STDERR_REDIRECT] [Fatal Error] :1:1: Premature end of file.
2025-12-18 20:46:22,529 [ERROR] LogOutputStream:75 - [STDERR_REDIRECT] 
2025-12-18 20:46:23,529 [ERROR] LogOutputStream:75 - [STDERR_REDIRECT] [Fatal Error] :1:1: Premature end of file.
2025-12-18 20:46:23,529 [ERROR] LogOutputStream:75 - [STDERR_REDIRECT] 
2025-12-18 20:46:24,527 [ERROR] LogOutputStream:75 - [STDERR_REDIRECT] [Fatal Error] :1:1: Premature end of file.
2025-12-18 20:46:24,527 [ERROR] LogOutputStream:75 - [STDERR_REDIRECT] 
2025-12-18 20:46:25,527 [ERROR] LogOutputStream:75 - [STDERR_REDIRECT] [Fatal Error] :1:1: Premature end of file.
2025-12-18 20:46:25,528 [ERROR] LogOutputStream:75 - [STDERR_REDIRECT] 
2025-12-18 20:46:26,527 [ERROR] LogOutputStream:75 - [STDERR_REDIRECT] [Fatal Error] :1:1: Premature end of file.
2025-12-18 20:46:26,527 [ERROR] LogOutputStream:75 - [STDERR_REDIRECT] 
2025-12-18 20:46:27,527 [ERROR] LogOutputStream:75 - [STDERR_REDIRECT] [Fatal Error] :1:1: Premature end of file.
2025-12-18 20:46:27,527 [ERROR] LogOutputStream:75 - [STDERR_REDIRECT] 
2025-12-18 20:46:28,528 [ERROR] LogOutputStream:75 - [STDERR_REDIRECT] [Fatal Error] :1:1: Premature end of file.
2025-12-18 20:46:28,528 [ERROR] LogOutputStream:75 - [STDERR_REDIRECT] 
2025-12-18 20:46:29,528 [ERROR] LogOutputStream:75 - [STDERR_REDIRECT] [Fatal Error] :1:1: Premature end of file.
2025-12-18 20:46:29,528 [ERROR] LogOutputStream:75 - [STDERR_REDIRECT] 
2025-12-18 20:46:30,528 [ERROR] LogOutputStream:75 - [STDERR_REDIRECT] [Fatal Error] :1:1: Premature end of file.
2025-12-18 20:46:30,529 [ERROR] LogOutputStream:75 - [STDERR_REDIRECT] 
2025-12-18 20:46:31,528 [ERROR] LogOutputStream:75 - [STDERR_REDIRECT] [Fatal Error] :1:1: Premature end of file.
2025-12-18 20:46:31,528 [ERROR] LogOutputStream:75 - [STDERR_REDIRECT] 
2025-12-18 20:46:32,528 [ERROR] LogOutputStream:75 - [STDERR_REDIRECT] [Fatal Error] :1:1: Premature end of file.
2025-12-18 20:46:32,528 [ERROR] LogOutputStream:75 - [STDERR_REDIRECT] 
2025-12-18 20:46:33,527 [ERROR] LogOutputStream:75 - [STDERR_REDIRECT] [Fatal Error] :1:1: Premature end of file.
2025-12-18 20:46:33,527 [ERROR] LogOutputStream:75 - [STDERR_REDIRECT] 
2025-12-18 20:46:34,527 [ERROR] LogOutputStream:75 - [STDERR_REDIRECT] [Fatal Error] :1:1: Premature end of file.
2025-12-18 20:46:34,527 [ERROR] LogOutputStream:75 - [STDERR_REDIRECT] 
2025-12-18 20:46:35,528 [ERROR] LogOutputStream:75 - [STDERR_REDIRECT] [Fatal Error] :1:1: Premature end of file.
2025-12-18 20:46:35,528 [ERROR] LogOutputStream:75 - [STDERR_REDIRECT] 
2025-12-18 20:46:36,528 [ERROR] LogOutputStream:75 - [STDERR_REDIRECT] [Fatal Error] :1:1: Premature end of file.
2025-12-18 20:46:36,528 [ERROR] LogOutputStream:75 - [STDERR_REDIRECT] 
2025-12-18 20:46:37,531 [ERROR] LogOutputStream:75 - [STDERR_REDIRECT] [Fatal Error] :1:1: Premature end of file.
2025-12-18 20:46:37,531 [ERROR] LogOutputStream:75 - [STDERR_REDIRECT] 
2025-12-18 20:46:38,530 [ERROR] LogOutputStream:75 - [STDERR_REDIRECT] [Fatal Error] :1:1: Premature end of file.
2025-12-18 20:46:38,530 [ERROR] LogOutputStream:75 - [STDERR_REDIRECT] 
2025-12-18 20:46:39,528 [ERROR] LogOutputStream:75 - [STDERR_REDIRECT] [Fatal Error] :1:1: Premature end of file.
2025-12-18 20:46:39,528 [ERROR] LogOutputStream:75 - [STDERR_REDIRECT] 
2025-12-18 20:46:40,528 [ERROR] LogOutputStream:75 - [STDERR_REDIRECT] [Fatal Error] :1:1: Premature end of file.
2025-12-18 20:46:40,529 [ERROR] LogOutputStream:75 - [STDERR_REDIRECT] 
2025-12-18 20:46:41,527 [ERROR] LogOutputStream:75 - [STDERR_REDIRECT] [Fatal Error] :1:1: Premature end of file.
2025-12-18 20:46:41,528 [ERROR] LogOutputStream:75 - [STDERR_REDIRECT] 
2025-12-18 20:46:42,536 [ERROR] LogOutputStream:75 - [STDERR_REDIRECT] [Fatal Error] :1:1: Premature end of file.
2025-12-18 20:46:42,536 [ERROR] LogOutputStream:75 - [STDERR_REDIRECT] 
2025-12-18 20:46:43,528 [ERROR] LogOutputStream:75 - [STDERR_REDIRECT] [Fatal Error] :1:1: Premature end of file.
2025-12-18 20:46:43,528 [ERROR] LogOutputStream:75 - [STDERR_REDIRECT] 
2025-12-18 20:46:44,528 [ERROR] LogOutputStream:75 - [STDERR_REDIRECT] [Fatal Error] :1:1: Premature end of file.
2025-12-18 20:46:44,528 [ERROR] LogOutputStream:75 - [STDERR_REDIRECT] 
2025-12-18 20:46:45,527 [ERROR] LogOutputStream:75 - [STDERR_REDIRECT] [Fatal Error] :1:1: Premature end of file.
2025-12-18 20:46:45,527 [ERROR] LogOutputStream:75 - [STDERR_REDIRECT] 
2025-12-18 20:46:46,528 [ERROR] LogOutputStream:75 - [STDERR_REDIRECT] [Fatal Error] :1:1: Premature end of file.
2025-12-18 20:46:46,528 [ERROR] LogOutputStream:75 - [STDERR_REDIRECT] 
2025-12-18 20:46:47,527 [ERROR] LogOutputStream:75 - [STDERR_REDIRECT] [Fatal Error] :1:1: Premature end of file.
2025-12-18 20:46:47,527 [ERROR] LogOutputStream:75 - [STDERR_REDIRECT] 
2025-12-18 20:46:48,529 [ERROR] LogOutputStream:75 - [STDERR_REDIRECT] [Fatal Error] :1:1: Premature end of file.
2025-12-18 20:46:48,529 [ERROR] LogOutputStream:75 - [STDERR_REDIRECT] 
2025-12-18 20:46:49,528 [ERROR] LogOutputStream:75 - [STDERR_REDIRECT] [Fatal Error] :1:1: Premature end of file.
2025-12-18 20:46:49,528 [ERROR] LogOutputStream:75 - [STDERR_REDIRECT] 
2025-12-18 20:46:50,529 [ERROR] LogOutputStream:75 - [STDERR_REDIRECT] [Fatal Error] :1:1: Premature end of file.
2025-12-18 20:46:50,529 [ERROR] LogOutputStream:75 - [STDERR_REDIRECT] 
2025-12-18 20:46:51,538 [ERROR] LogOutputStream:75 - [STDERR_REDIRECT] [Fatal Error] :1:1: Premature end of file.
2025-12-18 20:46:51,538 [ERROR] LogOutputStream:75 - [STDERR_REDIRECT] 
2025-12-18 20:46:52,527 [ERROR] LogOutputStream:75 - [STDERR_REDIRECT] [Fatal Error] :1:1: Premature end of file.
2025-12-18 20:46:52,527 [ERROR] LogOutputStream:75 - [STDERR_REDIRECT] 
2025-12-18 20:46:53,527 [ERROR] LogOutputStream:75 - [STDERR_REDIRECT] [Fatal Error] :1:1: Premature end of file.
2025-12-18 20:46:53,528 [ERROR] LogOutputStream:75 - [STDERR_REDIRECT] 
2025-12-18 20:46:54,527 [ERROR] LogOutputStream:75 - [STDERR_REDIRECT] [Fatal Error] :1:1: Premature end of file.
2025-12-18 20:46:54,527 [ERROR] LogOutputStream:75 - [STDERR_REDIRECT] 
2025-12-18 20:46:55,529 [ERROR] LogOutputStream:75 - [STDERR_REDIRECT] [Fatal Error] :1:1: Premature end of file.
2025-12-18 20:46:55,529 [ERROR] LogOutputStream:75 - [STDERR_REDIRECT] 
2025-12-18 20:46:56,527 [ERROR] LogOutputStream:75 - [STDERR_REDIRECT] [Fatal Error] :1:1: Premature end of file.
2025-12-18 20:46:56,527 [ERROR] LogOutputStream:75 - [STDERR_REDIRECT] 
2025-12-18 20:46:57,526 [ERROR] LogOutputStream:75 - [STDERR_REDIRECT] [Fatal Error] :1:1: Premature end of file.
2025-12-18 20:46:57,526 [ERROR] LogOutputStream:75 - [STDERR_REDIRECT] 
2025-12-18 20:46:58,529 [ERROR] LogOutputStream:75 - [STDERR_REDIRECT] [Fatal Error] :1:1: Premature end of file.
2025-12-18 20:46:58,529 [ERROR] LogOutputStream:75 - [STDERR_REDIRECT] 
2025-12-18 20:46:59,527 [ERROR] LogOutputStream:75 - [STDERR_REDIRECT] [Fatal Error] :1:1: Premature end of file.
2025-12-18 20:46:59,527 [ERROR] LogOutputStream:75 - [STDERR_REDIRECT] 
2025-12-18 20:47:00,537 [ERROR] LogOutputStream:75 - [STDERR_REDIRECT] [Fatal Error] :1:1: Premature end of file.
2025-12-18 20:47:00,537 [ERROR] LogOutputStream:75 - [STDERR_REDIRECT] 
2025-12-18 20:47:01,528 [ERROR] LogOutputStream:75 - [STDERR_REDIRECT] [Fatal Error] :1:1: Premature end of file.
2025-12-18 20:47:01,528 [ERROR] LogOutputStream:75 - [STDERR_REDIRECT] 
2025-12-18 20:47:02,528 [ERROR] LogOutputStream:75 - [STDERR_REDIRECT] [Fatal Error] :1:1: Premature end of file.
2025-12-18 20:47:02,528 [ERROR] LogOutputStream:75 - [STDERR_REDIRECT] 
2025-12-18 20:47:03,529 [ERROR] LogOutputStream:75 - [STDERR_REDIRECT] [Fatal Error] :1:1: Premature end of file.
2025-12-18 20:47:03,529 [ERROR] LogOutputStream:75 - [STDERR_REDIRECT] 
2025-12-18 20:47:04,527 [ERROR] LogOutputStream:75 - [STDERR_REDIRECT] [Fatal Error] :1:1: Premature end of file.
2025-12-18 20:47:04,527 [ERROR] LogOutputStream:75 - [STDERR_REDIRECT] 
2025-12-18 20:47:05,530 [ERROR] LogOutputStream:75 - [STDERR_REDIRECT] [Fatal Error] :1:1: Premature end of file.
2025-12-18 20:47:05,530 [ERROR] LogOutputStream:75 - [STDERR_REDIRECT] 
2025-12-18 20:47:06,529 [ERROR] LogOutputStream:75 - [STDERR_REDIRECT] [Fatal Error] :1:1: Premature end of file.
2025-12-18 20:47:06,529 [ERROR] LogOutputStream:75 - [STDERR_REDIRECT] 
2025-12-18 20:47:07,529 [ERROR] LogOutputStream:75 - [STDERR_REDIRECT] [Fatal Error] :1:1: Premature end of file.
2025-12-18 20:47:07,529 [ERROR] LogOutputStream:75 - [STDERR_REDIRECT] 
2025-12-18 20:47:08,526 [ERROR] LogOutputStream:75 - [STDERR_REDIRECT] [Fatal Error] :1:1: Premature end of file.
2025-12-18 20:47:08,527 [ERROR] LogOutputStream:75 - [STDERR_REDIRECT] 
2025-12-18 20:47:09,528 [ERROR] LogOutputStream:75 - [STDERR_REDIRECT] [Fatal Error] :1:1: Premature end of file.
2025-12-18 20:47:09,528 [ERROR] LogOutputStream:75 - [STDERR_REDIRECT] 
2025-12-18 20:47:10,529 [ERROR] LogOutputStream:75 - [STDERR_REDIRECT] [Fatal Error] :1:1: Premature end of file.
2025-12-18 20:47:10,529 [ERROR] LogOutputStream:75 - [STDERR_REDIRECT] 
2025-12-18 20:47:11,527 [ERROR] LogOutputStream:75 - [STDERR_REDIRECT] [Fatal Error] :1:1: Premature end of file.
2025-12-18 20:47:11,527 [ERROR] LogOutputStream:75 - [STDERR_REDIRECT] 
2025-12-18 20:47:12,529 [ERROR] LogOutputStream:75 - [STDERR_REDIRECT] [Fatal Error] :1:1: Premature end of file.
2025-12-18 20:47:12,529 [ERROR] LogOutputStream:75 - [STDERR_REDIRECT] 
2025-12-18 20:47:13,527 [ERROR] LogOutputStream:75 - [STDERR_REDIRECT] [Fatal Error] :1:1: Premature end of file.
2025-12-18 20:47:13,527 [ERROR] LogOutputStream:75 - [STDERR_REDIRECT] 
2025-12-18 20:47:14,527 [ERROR] LogOutputStream:75 - [STDERR_REDIRECT] [Fatal Error] :1:1: Premature end of file.
2025-12-18 20:47:14,527 [ERROR] LogOutputStream:75 - [STDERR_REDIRECT] 
2025-12-18 20:47:15,529 [ERROR] LogOutputStream:75 - [STDERR_REDIRECT] [Fatal Error] :1:1: Premature end of file.
2025-12-18 20:47:15,529 [ERROR] LogOutputStream:75 - [STDERR_REDIRECT] 
2025-12-18 20:47:16,526 [ERROR] LogOutputStream:75 - [STDERR_REDIRECT] [Fatal Error] :1:1: Premature end of file.
2025-12-18 20:47:16,526 [ERROR] LogOutputStream:75 - [STDERR_REDIRECT] 
2025-12-18 20:47:17,527 [ERROR] LogOutputStream:75 - [STDERR_REDIRECT] [Fatal Error] :1:1: Premature end of file.
2025-12-18 20:47:17,527 [ERROR] LogOutputStream:75 - [STDERR_REDIRECT] 
2025-12-18 20:47:18,528 [ERROR] LogOutputStream:75 - [STDERR_REDIRECT] [Fatal Error] :1:1: Premature end of file.
2025-12-18 20:47:18,528 [ERROR] LogOutputStream:75 - [STDERR_REDIRECT] 
2025-12-18 20:47:19,526 [ERROR] LogOutputStream:75 - [STDERR_REDIRECT] [Fatal Error] :1:1: Premature end of file.
2025-12-18 20:47:19,527 [ERROR] LogOutputStream:75 - [STDERR_REDIRECT] 
2025-12-18 20:47:20,529 [ERROR] LogOutputStream:75 - [STDERR_REDIRECT] [Fatal Error] :1:1: Premature end of file.
2025-12-18 20:47:20,529 [ERROR] LogOutputStream:75 - [STDERR_REDIRECT] 
2025-12-18 20:47:21,529 [ERROR] LogOutputStream:75 - [STDERR_REDIRECT] [Fatal Error] :1:1: Premature end of file.
2025-12-18 20:47:21,529 [ERROR] LogOutputStream:75 - [STDERR_REDIRECT] 
2025-12-18 20:47:22,528 [ERROR] LogOutputStream:75 - [STDERR_REDIRECT] [Fatal Error] :1:1: Premature end of file.
2025-12-18 20:47:22,528 [ERROR] LogOutputStream:75 - [STDERR_REDIRECT] 
2025-12-18 20:47:23,528 [ERROR] LogOutputStream:75 - [STDERR_REDIRECT] [Fatal Error] :1:1: Premature end of file.
2025-12-18 20:47:23,528 [ERROR] LogOutputStream:75 - [STDERR_REDIRECT] 
2025-12-18 20:47:24,527 [ERROR] LogOutputStream:75 - [STDERR_REDIRECT] [Fatal Error] :1:1: Premature end of file.
2025-12-18 20:47:24,527 [ERROR] LogOutputStream:75 - [STDERR_REDIRECT] 
2025-12-18 20:47:25,529 [ERROR] LogOutputStream:75 - [STDERR_REDIRECT] [Fatal Error] :1:1: Premature end of file.
2025-12-18 20:47:25,529 [ERROR] LogOutputStream:75 - [STDERR_REDIRECT] 
2025-12-18 20:47:26,526 [ERROR] LogOutputStream:75 - [STDERR_REDIRECT] [Fatal Error] :1:1: Premature end of file.
2025-12-18 20:47:26,527 [ERROR] LogOutputStream:75 - [STDERR_REDIRECT] 
2025-12-18 20:47:27,527 [ERROR] LogOutputStream:75 - [STDERR_REDIRECT] [Fatal Error] :1:1: Premature end of file.
2025-12-18 20:47:27,527 [ERROR] LogOutputStream:75 - [STDERR_REDIRECT] 
2025-12-18 20:47:28,529 [ERROR] LogOutputStream:75 - [STDERR_REDIRECT] [Fatal Error] :1:1: Premature end of file.
2025-12-18 20:47:28,530 [ERROR] LogOutputStream:75 - [STDERR_REDIRECT] 
2025-12-18 20:47:29,540 [ERROR] LogOutputStream:75 - [STDERR_REDIRECT] [Fatal Error] :1:1: Premature end of file.
2025-12-18 20:47:29,540 [ERROR] LogOutputStream:75 - [STDERR_REDIRECT] 
2025-12-18 20:47:30,529 [ERROR] LogOutputStream:75 - [STDERR_REDIRECT] [Fatal Error] :1:1: Premature end of file.
2025-12-18 20:47:30,529 [ERROR] LogOutputStream:75 - [STDERR_REDIRECT] 
2025-12-18 20:47:31,546 [ERROR] LogOutputStream:75 - [STDERR_REDIRECT] [Fatal Error] :1:1: Premature end of file.
2025-12-18 20:47:31,546 [ERROR] LogOutputStream:75 - [STDERR_REDIRECT] 
2025-12-18 20:47:32,528 [ERROR] LogOutputStream:75 - [STDERR_REDIRECT] [Fatal Error] :1:1: Premature end of file.
2025-12-18 20:47:32,528 [ERROR] LogOutputStream:75 - [STDERR_REDIRECT] 
2025-12-18 20:47:33,537 [ERROR] LogOutputStream:75 - [STDERR_REDIRECT] [Fatal Error] :1:1: Premature end of file.
2025-12-18 20:47:33,537 [ERROR] LogOutputStream:75 - [STDERR_REDIRECT] 
2025-12-18 20:47:34,530 [ERROR] LogOutputStream:75 - [STDERR_REDIRECT] [Fatal Error] :1:1: Premature end of file.
2025-12-18 20:47:34,530 [ERROR] LogOutputStream:75 - [STDERR_REDIRECT] 
2025-12-18 20:47:35,539 [ERROR] LogOutputStream:75 - [STDERR_REDIRECT] [Fatal Error] :1:1: Premature end of file.
2025-12-18 20:47:35,540 [ERROR] LogOutputStream:75 - [STDERR_REDIRECT] 
2025-12-18 20:47:36,551 [ERROR] LogOutputStream:75 - [STDERR_REDIRECT] [Fatal Error] :1:1: Premature end of file.
2025-12-18 20:47:36,551 [ERROR] LogOutputStream:75 - [STDERR_REDIRECT] 
2025-12-18 20:47:37,530 [ERROR] LogOutputStream:75 - [STDERR_REDIRECT] [Fatal Error] :1:1: Premature end of file.
2025-12-18 20:47:37,530 [ERROR] LogOutputStream:75 - [STDERR_REDIRECT] 
2025-12-18 20:47:38,529 [ERROR] LogOutputStream:75 - [STDERR_REDIRECT] [Fatal Error] :1:1: Premature end of file.
2025-12-18 20:47:38,529 [ERROR] LogOutputStream:75 - [STDERR_REDIRECT] 
2025-12-18 20:47:39,538 [ERROR] LogOutputStream:75 - [STDERR_REDIRECT] [Fatal Error] :1:1: Premature end of file.
2025-12-18 20:47:39,538 [ERROR] LogOutputStream:75 - [STDERR_REDIRECT] 
2025-12-18 20:47:40,535 [ERROR] LogOutputStream:75 - [STDERR_REDIRECT] [Fatal Error] :1:1: Premature end of file.
2025-12-18 20:47:40,535 [ERROR] LogOutputStream:75 - [STDERR_REDIRECT] 
2025-12-18 20:47:41,529 [ERROR] LogOutputStream:75 - [STDERR_REDIRECT] [Fatal Error] :1:1: Premature end of file.
2025-12-18 20:47:41,530 [ERROR] LogOutputStream:75 - [STDERR_REDIRECT] 
2025-12-18 20:47:42,535 [ERROR] LogOutputStream:75 - [STDERR_REDIRECT] [Fatal Error] :1:1: Premature end of file.
2025-12-18 20:47:42,535 [ERROR] LogOutputStream:75 - [STDERR_REDIRECT] 
2025-12-18 20:47:43,539 [ERROR] LogOutputStream:75 - [STDERR_REDIRECT] [Fatal Error] :1:1: Premature end of file.
2025-12-18 20:47:43,539 [ERROR] LogOutputStream:75 - [STDERR_REDIRECT] 
2025-12-18 20:47:44,538 [ERROR] LogOutputStream:75 - [STDERR_REDIRECT] [Fatal Error] :1:1: Premature end of file.
2025-12-18 20:47:44,538 [ERROR] LogOutputStream:75 - [STDERR_REDIRECT] 
2025-12-18 20:47:45,548 [ERROR] LogOutputStream:75 - [STDERR_REDIRECT] [Fatal Error] :1:1: Premature end of file.
2025-12-18 20:47:45,548 [ERROR] LogOutputStream:75 - [STDERR_REDIRECT] 
2025-12-18 20:47:46,552 [ERROR] LogOutputStream:75 - [STDERR_REDIRECT] [Fatal Error] :1:1: Premature end of file.
2025-12-18 20:47:46,552 [ERROR] LogOutputStream:75 - [STDERR_REDIRECT] 
2025-12-18 20:47:47,526 [ERROR] LogOutputStream:75 - [STDERR_REDIRECT] [Fatal Error] :1:1: Premature end of file.
2025-12-18 20:47:47,526 [ERROR] LogOutputStream:75 - [STDERR_REDIRECT] 
2025-12-18 20:47:48,533 [ERROR] LogOutputStream:75 - [STDERR_REDIRECT] [Fatal Error] :1:1: Premature end of file.
2025-12-18 20:47:48,533 [ERROR] LogOutputStream:75 - [STDERR_REDIRECT] 
2025-12-18 20:47:49,531 [ERROR] LogOutputStream:75 - [STDERR_REDIRECT] [Fatal Error] :1:1: Premature end of file.
2025-12-18 20:47:49,531 [ERROR] LogOutputStream:75 - [STDERR_REDIRECT] 
2025-12-18 20:47:50,529 [ERROR] LogOutputStream:75 - [STDERR_REDIRECT] [Fatal Error] :1:1: Premature end of file.
2025-12-18 20:47:50,529 [ERROR] LogOutputStream:75 - [STDERR_REDIRECT] 
2025-12-18 20:47:51,527 [ERROR] LogOutputStream:75 - [STDERR_REDIRECT] [Fatal Error] :1:1: Premature end of file.
2025-12-18 20:47:51,527 [ERROR] LogOutputStream:75 - [STDERR_REDIRECT] 
2025-12-18 20:47:52,532 [ERROR] LogOutputStream:75 - [STDERR_REDIRECT] [Fatal Error] :1:1: Premature end of file.
2025-12-18 20:47:52,532 [ERROR] LogOutputStream:75 - [STDERR_REDIRECT] 
2025-12-18 20:47:53,553 [ERROR] LogOutputStream:75 - [STDERR_REDIRECT] [Fatal Error] :1:1: Premature end of file.
2025-12-18 20:47:53,553 [ERROR] LogOutputStream:75 - [STDERR_REDIRECT] 
2025-12-18 20:47:54,528 [ERROR] LogOutputStream:75 - [STDERR_REDIRECT] [Fatal Error] :1:1: Premature end of file.
2025-12-18 20:47:54,528 [ERROR] LogOutputStream:75 - [STDERR_REDIRECT] 
2025-12-18 20:47:55,528 [ERROR] LogOutputStream:75 - [STDERR_REDIRECT] [Fatal Error] :1:1: Premature end of file.
2025-12-18 20:47:55,528 [ERROR] LogOutputStream:75 - [STDERR_REDIRECT] 
2025-12-18 20:47:56,537 [ERROR] LogOutputStream:75 - [STDERR_REDIRECT] [Fatal Error] :1:1: Premature end of file.
2025-12-18 20:47:56,537 [ERROR] LogOutputStream:75 - [STDERR_REDIRECT] 
2025-12-18 20:47:57,528 [ERROR] LogOutputStream:75 - [STDERR_REDIRECT] [Fatal Error] :1:1: Premature end of file.
2025-12-18 20:47:57,528 [ERROR] LogOutputStream:75 - [STDERR_REDIRECT] 
2025-12-18 20:47:58,535 [ERROR] LogOutputStream:75 - [STDERR_REDIRECT] [Fatal Error] :1:1: Premature end of file.
2025-12-18 20:47:58,535 [ERROR] LogOutputStream:75 - [STDERR_REDIRECT] 
2025-12-18 20:47:59,528 [ERROR] LogOutputStream:75 - [STDERR_REDIRECT] [Fatal Error] :1:1: Premature end of file.
2025-12-18 20:47:59,528 [ERROR] LogOutputStream:75 - [STDERR_REDIRECT] 
2025-12-18 20:48:00,535 [ERROR] LogOutputStream:75 - [STDERR_REDIRECT] [Fatal Error] :1:1: Premature end of file.
2025-12-18 20:48:00,535 [ERROR] LogOutputStream:75 - [STDERR_REDIRECT] 
2025-12-18 20:48:01,539 [ERROR] LogOutputStream:75 - [STDERR_REDIRECT] [Fatal Error] :1:1: Premature end of file.
2025-12-18 20:48:01,539 [ERROR] LogOutputStream:75 - [STDERR_REDIRECT] 
2025-12-18 20:48:02,528 [ERROR] LogOutputStream:75 - [STDERR_REDIRECT] [Fatal Error] :1:1: Premature end of file.
2025-12-18 20:48:02,528 [ERROR] LogOutputStream:75 - [STDERR_REDIRECT] 
2025-12-18 20:48:03,527 [ERROR] LogOutputStream:75 - [STDERR_REDIRECT] [Fatal Error] :1:1: Premature end of file.
2025-12-18 20:48:03,528 [ERROR] LogOutputStream:75 - [STDERR_REDIRECT] 
2025-12-18 20:48:04,527 [ERROR] LogOutputStream:75 - [STDERR_REDIRECT] [Fatal Error] :1:1: Premature end of file.
2025-12-18 20:48:04,527 [ERROR] LogOutputStream:75 - [STDERR_REDIRECT] 
2025-12-18 20:48:05,527 [ERROR] LogOutputStream:75 - [STDERR_REDIRECT] [Fatal Error] :1:1: Premature end of file.
2025-12-18 20:48:05,527 [ERROR] LogOutputStream:75 - [STDERR_REDIRECT] 
2025-12-18 20:48:06,528 [ERROR] LogOutputStream:75 - [STDERR_REDIRECT] [Fatal Error] :1:1: Premature end of file.
2025-12-18 20:48:06,529 [ERROR] LogOutputStream:75 - [STDERR_REDIRECT] 
2025-12-18 20:48:07,563 [ERROR] LogOutputStream:75 - [STDERR_REDIRECT] [Fatal Error] :1:1: Premature end of file.
2025-12-18 20:48:07,563 [ERROR] LogOutputStream:75 - [STDERR_REDIRECT] 
2025-12-18 20:48:08,546 [ERROR] LogOutputStream:75 - [STDERR_REDIRECT] [Fatal Error] :1:1: Premature end of file.
2025-12-18 20:48:08,546 [ERROR] LogOutputStream:75 - [STDERR_REDIRECT] 
2025-12-18 20:48:09,528 [ERROR] LogOutputStream:75 - [STDERR_REDIRECT] [Fatal Error] :1:1: Premature end of file.
2025-12-18 20:48:09,528 [ERROR] LogOutputStream:75 - [STDERR_REDIRECT] 
2025-12-18 20:48:10,529 [ERROR] LogOutputStream:75 - [STDERR_REDIRECT] [Fatal Error] :1:1: Premature end of file.
2025-12-18 20:48:10,529 [ERROR] LogOutputStream:75 - [STDERR_REDIRECT] 
2025-12-18 20:48:11,557 [ERROR] LogOutputStream:75 - [STDERR_REDIRECT] [Fatal Error] :1:1: Premature end of file.
2025-12-18 20:48:11,557 [ERROR] LogOutputStream:75 - [STDERR_REDIRECT] 
2025-12-18 20:48:12,527 [ERROR] LogOutputStream:75 - [STDERR_REDIRECT] [Fatal Error] :1:1: Premature end of file.
2025-12-18 20:48:12,528 [ERROR] LogOutputStream:75 - [STDERR_REDIRECT] 
2025-12-18 20:48:13,529 [ERROR] LogOutputStream:75 - [STDERR_REDIRECT] [Fatal Error] :1:1: Premature end of file.
2025-12-18 20:48:13,529 [ERROR] LogOutputStream:75 - [STDERR_REDIRECT] 
2025-12-18 20:48:14,528 [ERROR] LogOutputStream:75 - [STDERR_REDIRECT] [Fatal Error] :1:1: Premature end of file.
2025-12-18 20:48:14,528 [ERROR] LogOutputStream:75 - [STDERR_REDIRECT] 
2025-12-18 20:48:15,527 [ERROR] LogOutputStream:75 - [STDERR_REDIRECT] [Fatal Error] :1:1: Premature end of file.
2025-12-18 20:48:15,527 [ERROR] LogOutputStream:75 - [STDERR_REDIRECT] 
2025-12-18 20:48:16,527 [ERROR] LogOutputStream:75 - [STDERR_REDIRECT] [Fatal Error] :1:1: Premature end of file.
2025-12-18 20:48:16,527 [ERROR] LogOutputStream:75 - [STDERR_REDIRECT] 
2025-12-18 20:48:17,528 [ERROR] LogOutputStream:75 - [STDERR_REDIRECT] [Fatal Error] :1:1: Premature end of file.
2025-12-18 20:48:17,528 [ERROR] LogOutputStream:75 - [STDERR_REDIRECT] 
2025-12-18 20:48:18,528 [ERROR] LogOutputStream:75 - [STDERR_REDIRECT] [Fatal Error] :1:1: Premature end of file.
2025-12-18 20:48:18,528 [ERROR] LogOutputStream:75 - [STDERR_REDIRECT] 
2025-12-18 20:48:19,529 [ERROR] LogOutputStream:75 - [STDERR_REDIRECT] [Fatal Error] :1:1: Premature end of file.
2025-12-18 20:48:19,529 [ERROR] LogOutputStream:75 - [STDERR_REDIRECT] 
2025-12-18 20:48:20,527 [ERROR] LogOutputStream:75 - [STDERR_REDIRECT] [Fatal Error] :1:1: Premature end of file.
2025-12-18 20:48:20,527 [ERROR] LogOutputStream:75 - [STDERR_REDIRECT] 
2025-12-18 20:48:21,529 [ERROR] LogOutputStream:75 - [STDERR_REDIRECT] [Fatal Error] :1:1: Premature end of file.
2025-12-18 20:48:21,529 [ERROR] LogOutputStream:75 - [STDERR_REDIRECT] 
2025-12-18 20:48:22,528 [ERROR] LogOutputStream:75 - [STDERR_REDIRECT] [Fatal Error] :1:1: Premature end of file.
2025-12-18 20:48:22,528 [ERROR] LogOutputStream:75 - [STDERR_REDIRECT] 
2025-12-18 20:48:23,526 [ERROR] LogOutputStream:75 - [STDERR_REDIRECT] [Fatal Error] :1:1: Premature end of file.
2025-12-18 20:48:23,526 [ERROR] LogOutputStream:75 - [STDERR_REDIRECT] 
2025-12-18 20:48:24,529 [ERROR] LogOutputStream:75 - [STDERR_REDIRECT] [Fatal Error] :1:1: Premature end of file.
2025-12-18 20:48:24,530 [ERROR] LogOutputStream:75 - [STDERR_REDIRECT] 
2025-12-18 20:48:25,528 [ERROR] LogOutputStream:75 - [STDERR_REDIRECT] [Fatal Error] :1:1: Premature end of file.
2025-12-18 20:48:25,528 [ERROR] LogOutputStream:75 - [STDERR_REDIRECT] 
2025-12-18 20:48:26,528 [ERROR] LogOutputStream:75 - [STDERR_REDIRECT] [Fatal Error] :1:1: Premature end of file.
2025-12-18 20:48:26,528 [ERROR] LogOutputStream:75 - [STDERR_REDIRECT] 
2025-12-18 20:48:27,528 [ERROR] LogOutputStream:75 - [STDERR_REDIRECT] [Fatal Error] :1:1: Premature end of file.
2025-12-18 20:48:27,528 [ERROR] LogOutputStream:75 - [STDERR_REDIRECT] 
2025-12-18 20:48:28,529 [ERROR] LogOutputStream:75 - [STDERR_REDIRECT] [Fatal Error] :1:1: Premature end of file.
2025-12-18 20:48:28,529 [ERROR] LogOutputStream:75 - [STDERR_REDIRECT] 
2025-12-18 20:48:29,526 [ERROR] LogOutputStream:75 - [STDERR_REDIRECT] [Fatal Error] :1:1: Premature end of file.
2025-12-18 20:48:29,526 [ERROR] LogOutputStream:75 - [STDERR_REDIRECT] 
2025-12-18 20:48:30,529 [ERROR] LogOutputStream:75 - [STDERR_REDIRECT] [Fatal Error] :1:1: Premature end of file.
2025-12-18 20:48:30,529 [ERROR] LogOutputStream:75 - [STDERR_REDIRECT] 
2025-12-18 20:48:31,527 [ERROR] LogOutputStream:75 - [STDERR_REDIRECT] [Fatal Error] :1:1: Premature end of file.
2025-12-18 20:48:31,528 [ERROR] LogOutputStream:75 - [STDERR_REDIRECT] 
2025-12-18 20:48:32,529 [ERROR] LogOutputStream:75 - [STDERR_REDIRECT] [Fatal Error] :1:1: Premature end of file.
2025-12-18 20:48:32,529 [ERROR] LogOutputStream:75 - [STDERR_REDIRECT] 
2025-12-18 20:48:33,529 [ERROR] LogOutputStream:75 - [STDERR_REDIRECT] [Fatal Error] :1:1: Premature end of file.
2025-12-18 20:48:33,529 [ERROR] LogOutputStream:75 - [STDERR_REDIRECT] 
2025-12-18 20:48:34,527 [ERROR] LogOutputStream:75 - [STDERR_REDIRECT] [Fatal Error] :1:1: Premature end of file.
2025-12-18 20:48:34,527 [ERROR] LogOutputStream:75 - [STDERR_REDIRECT] 
2025-12-18 20:48:35,527 [ERROR] LogOutputStream:75 - [STDERR_REDIRECT] [Fatal Error] :1:1: Premature end of file.
2025-12-18 20:48:35,527 [ERROR] LogOutputStream:75 - [STDERR_REDIRECT] 
2025-12-18 20:48:36,528 [ERROR] LogOutputStream:75 - [STDERR_REDIRECT] [Fatal Error] :1:1: Premature end of file.
2025-12-18 20:48:36,528 [ERROR] LogOutputStream:75 - [STDERR_REDIRECT] 
2025-12-18 20:48:37,528 [ERROR] LogOutputStream:75 - [STDERR_REDIRECT] [Fatal Error] :1:1: Premature end of file.
2025-12-18 20:48:37,529 [ERROR] LogOutputStream:75 - [STDERR_REDIRECT] 
2025-12-18 20:48:38,529 [ERROR] LogOutputStream:75 - [STDERR_REDIRECT] [Fatal Error] :1:1: Premature end of file.
2025-12-18 20:48:38,529 [ERROR] LogOutputStream:75 - [STDERR_REDIRECT] 
2025-12-18 20:48:39,529 [ERROR] LogOutputStream:75 - [STDERR_REDIRECT] [Fatal Error] :1:1: Premature end of file.
2025-12-18 20:48:39,529 [ERROR] LogOutputStream:75 - [STDERR_REDIRECT] 
2025-12-18 20:48:40,528 [ERROR] LogOutputStream:75 - [STDERR_REDIRECT] [Fatal Error] :1:1: Premature end of file.
2025-12-18 20:48:40,528 [ERROR] LogOutputStream:75 - [STDERR_REDIRECT] 
2025-12-18 20:48:41,530 [ERROR] LogOutputStream:75 - [STDERR_REDIRECT] [Fatal Error] :1:1: Premature end of file.
2025-12-18 20:48:41,530 [ERROR] LogOutputStream:75 - [STDERR_REDIRECT] 
2025-12-18 20:48:42,527 [ERROR] LogOutputStream:75 - [STDERR_REDIRECT] [Fatal Error] :1:1: Premature end of file.
2025-12-18 20:48:42,527 [ERROR] LogOutputStream:75 - [STDERR_REDIRECT] 
2025-12-18 20:48:43,530 [ERROR] LogOutputStream:75 - [STDERR_REDIRECT] [Fatal Error] :1:1: Premature end of file.
2025-12-18 20:48:43,530 [ERROR] LogOutputStream:75 - [STDERR_REDIRECT] 
2025-12-18 20:48:44,527 [ERROR] LogOutputStream:75 - [STDERR_REDIRECT] [Fatal Error] :1:1: Premature end of file.
2025-12-18 20:48:44,527 [ERROR] LogOutputStream:75 - [STDERR_REDIRECT] 
2025-12-18 20:48:45,528 [ERROR] LogOutputStream:75 - [STDERR_REDIRECT] [Fatal Error] :1:1: Premature end of file.
2025-12-18 20:48:45,528 [ERROR] LogOutputStream:75 - [STDERR_REDIRECT] 
2025-12-18 20:48:46,526 [ERROR] LogOutputStream:75 - [STDERR_REDIRECT] [Fatal Error] :1:1: Premature end of file.
2025-12-18 20:48:46,526 [ERROR] LogOutputStream:75 - [STDERR_REDIRECT] 
2025-12-18 20:48:47,530 [ERROR] LogOutputStream:75 - [STDERR_REDIRECT] [Fatal Error] :1:1: Premature end of file.
2025-12-18 20:48:47,530 [ERROR] LogOutputStream:75 - [STDERR_REDIRECT] 
2025-12-18 20:48:48,529 [ERROR] LogOutputStream:75 - [STDERR_REDIRECT] [Fatal Error] :1:1: Premature end of file.
2025-12-18 20:48:48,529 [ERROR] LogOutputStream:75 - [STDERR_REDIRECT] 
2025-12-18 20:48:49,527 [ERROR] LogOutputStream:75 - [STDERR_REDIRECT] [Fatal Error] :1:1: Premature end of file.
2025-12-18 20:48:49,527 [ERROR] LogOutputStream:75 - [STDERR_REDIRECT] 
2025-12-18 20:48:50,526 [ERROR] LogOutputStream:75 - [STDERR_REDIRECT] [Fatal Error] :1:1: Premature end of file.
2025-12-18 20:48:50,528 [ERROR] LogOutputStream:75 - [STDERR_REDIRECT] 
2025-12-18 20:48:51,527 [ERROR] LogOutputStream:75 - [STDERR_REDIRECT] [Fatal Error] :1:1: Premature end of file.
2025-12-18 20:48:51,527 [ERROR] LogOutputStream:75 - [STDERR_REDIRECT] 
2025-12-18 20:48:52,529 [ERROR] LogOutputStream:75 - [STDERR_REDIRECT] [Fatal Error] :1:1: Premature end of file.
2025-12-18 20:48:52,529 [ERROR] LogOutputStream:75 - [STDERR_REDIRECT] 
2025-12-18 20:48:53,527 [ERROR] LogOutputStream:75 - [STDERR_REDIRECT] [Fatal Error] :1:1: Premature end of file.
2025-12-18 20:48:53,527 [ERROR] LogOutputStream:75 - [STDERR_REDIRECT] 
2025-12-18 20:48:54,526 [ERROR] LogOutputStream:75 - [STDERR_REDIRECT] [Fatal Error] :1:1: Premature end of file.
2025-12-18 20:48:54,526 [ERROR] LogOutputStream:75 - [STDERR_REDIRECT] 
2025-12-18 20:48:55,530 [ERROR] LogOutputStream:75 - [STDERR_REDIRECT] [Fatal Error] :1:1: Premature end of file.
2025-12-18 20:48:55,530 [ERROR] LogOutputStream:75 - [STDERR_REDIRECT] 
2025-12-18 20:48:56,527 [ERROR] LogOutputStream:75 - [STDERR_REDIRECT] [Fatal Error] :1:1: Premature end of file.
2025-12-18 20:48:56,527 [ERROR] LogOutputStream:75 - [STDERR_REDIRECT] 
2025-12-18 20:48:57,527 [ERROR] LogOutputStream:75 - [STDERR_REDIRECT] [Fatal Error] :1:1: Premature end of file.
2025-12-18 20:48:57,528 [ERROR] LogOutputStream:75 - [STDERR_REDIRECT] 
2025-12-18 20:48:58,527 [ERROR] LogOutputStream:75 - [STDERR_REDIRECT] [Fatal Error] :1:1: Premature end of file.
2025-12-18 20:48:58,527 [ERROR] LogOutputStream:75 - [STDERR_REDIRECT] 
2025-12-18 20:48:59,528 [ERROR] LogOutputStream:75 - [STDERR_REDIRECT] [Fatal Error] :1:1: Premature end of file.
2025-12-18 20:48:59,528 [ERROR] LogOutputStream:75 - [STDERR_REDIRECT] 
2025-12-18 20:49:00,528 [ERROR] LogOutputStream:75 - [STDERR_REDIRECT] [Fatal Error] :1:1: Premature end of file.
2025-12-18 20:49:00,528 [ERROR] LogOutputStream:75 - [STDERR_REDIRECT] 
2025-12-18 20:49:01,532 [ERROR] LogOutputStream:75 - [STDERR_REDIRECT] [Fatal Error] :1:1: Premature end of file.
2025-12-18 20:49:01,532 [ERROR] LogOutputStream:75 - [STDERR_REDIRECT] 
2025-12-18 20:49:02,528 [ERROR] LogOutputStream:75 - [STDERR_REDIRECT] [Fatal Error] :1:1: Premature end of file.
2025-12-18 20:49:02,528 [ERROR] LogOutputStream:75 - [STDERR_REDIRECT] 
2025-12-18 20:49:03,527 [ERROR] LogOutputStream:75 - [STDERR_REDIRECT] [Fatal Error] :1:1: Premature end of file.
2025-12-18 20:49:03,527 [ERROR] LogOutputStream:75 - [STDERR_REDIRECT] 
2025-12-18 20:49:04,530 [ERROR] LogOutputStream:75 - [STDERR_REDIRECT] [Fatal Error] :1:1: Premature end of file.
2025-12-18 20:49:04,530 [ERROR] LogOutputStream:75 - [STDERR_REDIRECT] 
2025-12-18 20:49:05,527 [ERROR] LogOutputStream:75 - [STDERR_REDIRECT] [Fatal Error] :1:1: Premature end of file.
2025-12-18 20:49:05,527 [ERROR] LogOutputStream:75 - [STDERR_REDIRECT] 
2025-12-18 20:49:06,528 [ERROR] LogOutputStream:75 - [STDERR_REDIRECT] [Fatal Error] :1:1: Premature end of file.
2025-12-18 20:49:06,528 [ERROR] LogOutputStream:75 - [STDERR_REDIRECT] 
2025-12-18 20:49:07,530 [ERROR] LogOutputStream:75 - [STDERR_REDIRECT] [Fatal Error] :1:1: Premature end of file.
2025-12-18 20:49:07,530 [ERROR] LogOutputStream:75 - [STDERR_REDIRECT] 
2025-12-18 20:49:08,527 [ERROR] LogOutputStream:75 - [STDERR_REDIRECT] [Fatal Error] :1:1: Premature end of file.
2025-12-18 20:49:08,527 [ERROR] LogOutputStream:75 - [STDERR_REDIRECT] 
2025-12-18 20:49:09,529 [ERROR] LogOutputStream:75 - [STDERR_REDIRECT] [Fatal Error] :1:1: Premature end of file.
2025-12-18 20:49:09,529 [ERROR] LogOutputStream:75 - [STDERR_REDIRECT] 
2025-12-18 20:49:10,530 [ERROR] LogOutputStream:75 - [STDERR_REDIRECT] [Fatal Error] :1:1: Premature end of file.
2025-12-18 20:49:10,530 [ERROR] LogOutputStream:75 - [STDERR_REDIRECT] 
2025-12-18 20:49:11,527 [ERROR] LogOutputStream:75 - [STDERR_REDIRECT] [Fatal Error] :1:1: Premature end of file.
2025-12-18 20:49:11,528 [ERROR] LogOutputStream:75 - [STDERR_REDIRECT] 
2025-12-18 20:49:12,529 [ERROR] LogOutputStream:75 - [STDERR_REDIRECT] [Fatal Error] :1:1: Premature end of file.
2025-12-18 20:49:12,529 [ERROR] LogOutputStream:75 - [STDERR_REDIRECT] 
2025-12-18 20:49:13,527 [ERROR] LogOutputStream:75 - [STDERR_REDIRECT] [Fatal Error] :1:1: Premature end of file.
2025-12-18 20:49:13,527 [ERROR] LogOutputStream:75 - [STDERR_REDIRECT] 
2025-12-18 20:49:14,529 [ERROR] LogOutputStream:75 - [STDERR_REDIRECT] [Fatal Error] :1:1: Premature end of file.
2025-12-18 20:49:14,529 [ERROR] LogOutputStream:75 - [STDERR_REDIRECT] 
2025-12-18 20:49:15,527 [ERROR] LogOutputStream:75 - [STDERR_REDIRECT] [Fatal Error] :1:1: Premature end of file.
2025-12-18 20:49:15,527 [ERROR] LogOutputStream:75 - [STDERR_REDIRECT] 
2025-12-18 20:49:16,529 [ERROR] LogOutputStream:75 - [STDERR_REDIRECT] [Fatal Error] :1:1: Premature end of file.
2025-12-18 20:49:16,530 [ERROR] LogOutputStream:75 - [STDERR_REDIRECT] 
2025-12-18 20:49:17,529 [ERROR] LogOutputStream:75 - [STDERR_REDIRECT] [Fatal Error] :1:1: Premature end of file.
2025-12-18 20:49:17,529 [ERROR] LogOutputStream:75 - [STDERR_REDIRECT] 
2025-12-18 20:49:18,529 [ERROR] LogOutputStream:75 - [STDERR_REDIRECT] [Fatal Error] :1:1: Premature end of file.
2025-12-18 20:49:18,529 [ERROR] LogOutputStream:75 - [STDERR_REDIRECT] 
2025-12-18 20:49:19,529 [ERROR] LogOutputStream:75 - [STDERR_REDIRECT] [Fatal Error] :1:1: Premature end of file.
2025-12-18 20:49:19,529 [ERROR] LogOutputStream:75 - [STDERR_REDIRECT] 
2025-12-18 20:49:20,528 [ERROR] LogOutputStream:75 - [STDERR_REDIRECT] [Fatal Error] :1:1: Premature end of file.
2025-12-18 20:49:20,528 [ERROR] LogOutputStream:75 - [STDERR_REDIRECT] 
2025-12-18 20:49:21,527 [ERROR] LogOutputStream:75 - [STDERR_REDIRECT] [Fatal Error] :1:1: Premature end of file.
2025-12-18 20:49:21,527 [ERROR] LogOutputStream:75 - [STDERR_REDIRECT] 
2025-12-18 20:49:22,527 [ERROR] LogOutputStream:75 - [STDERR_REDIRECT] [Fatal Error] :1:1: Premature end of file.
2025-12-18 20:49:22,527 [ERROR] LogOutputStream:75 - [STDERR_REDIRECT] 
2025-12-18 20:49:23,527 [ERROR] LogOutputStream:75 - [STDERR_REDIRECT] [Fatal Error] :1:1: Premature end of file.
2025-12-18 20:49:23,527 [ERROR] LogOutputStream:75 - [STDERR_REDIRECT] 
2025-12-18 20:49:24,529 [ERROR] LogOutputStream:75 - [STDERR_REDIRECT] [Fatal Error] :1:1: Premature end of file.
2025-12-18 20:49:24,529 [ERROR] LogOutputStream:75 - [STDERR_REDIRECT] 
2025-12-18 20:49:25,527 [ERROR] LogOutputStream:75 - [STDERR_REDIRECT] [Fatal Error] :1:1: Premature end of file.
2025-12-18 20:49:25,527 [ERROR] LogOutputStream:75 - [STDERR_REDIRECT] 
2025-12-18 20:49:26,529 [ERROR] LogOutputStream:75 - [STDERR_REDIRECT] [Fatal Error] :1:1: Premature end of file.
2025-12-18 20:49:26,529 [ERROR] LogOutputStream:75 - [STDERR_REDIRECT] 
2025-12-18 20:49:27,528 [ERROR] LogOutputStream:75 - [STDERR_REDIRECT] [Fatal Error] :1:1: Premature end of file.
2025-12-18 20:49:27,528 [ERROR] LogOutputStream:75 - [STDERR_REDIRECT] 
2025-12-18 20:49:28,530 [ERROR] LogOutputStream:75 - [STDERR_REDIRECT] [Fatal Error] :1:1: Premature end of file.
2025-12-18 20:49:28,530 [ERROR] LogOutputStream:75 - [STDERR_REDIRECT] 
2025-12-18 20:49:29,528 [ERROR] LogOutputStream:75 - [STDERR_REDIRECT] [Fatal Error] :1:1: Premature end of file.
2025-12-18 20:49:29,528 [ERROR] LogOutputStream:75 - [STDERR_REDIRECT] 
2025-12-18 20:49:30,528 [ERROR] LogOutputStream:75 - [STDERR_REDIRECT] [Fatal Error] :1:1: Premature end of file.
2025-12-18 20:49:30,528 [ERROR] LogOutputStream:75 - [STDERR_REDIRECT] 
2025-12-18 20:49:31,528 [ERROR] LogOutputStream:75 - [STDERR_REDIRECT] [Fatal Error] :1:1: Premature end of file.
2025-12-18 20:49:31,528 [ERROR] LogOutputStream:75 - [STDERR_REDIRECT] 
2025-12-18 20:49:32,529 [ERROR] LogOutputStream:75 - [STDERR_REDIRECT] [Fatal Error] :1:1: Premature end of file.
2025-12-18 20:49:32,529 [ERROR] LogOutputStream:75 - [STDERR_REDIRECT] 
2025-12-18 20:49:33,527 [ERROR] LogOutputStream:75 - [STDERR_REDIRECT] [Fatal Error] :1:1: Premature end of file.
2025-12-18 20:49:33,527 [ERROR] LogOutputStream:75 - [STDERR_REDIRECT] 
2025-12-18 20:49:34,527 [ERROR] LogOutputStream:75 - [STDERR_REDIRECT] [Fatal Error] :1:1: Premature end of file.
2025-12-18 20:49:34,528 [ERROR] LogOutputStream:75 - [STDERR_REDIRECT] 
2025-12-18 20:49:35,527 [ERROR] LogOutputStream:75 - [STDERR_REDIRECT] [Fatal Error] :1:1: Premature end of file.
2025-12-18 20:49:35,527 [ERROR] LogOutputStream:75 - [STDERR_REDIRECT] 
2025-12-18 20:49:36,528 [ERROR] LogOutputStream:75 - [STDERR_REDIRECT] [Fatal Error] :1:1: Premature end of file.
2025-12-18 20:49:36,528 [ERROR] LogOutputStream:75 - [STDERR_REDIRECT] 
2025-12-18 20:49:37,528 [ERROR] LogOutputStream:75 - [STDERR_REDIRECT] [Fatal Error] :1:1: Premature end of file.
2025-12-18 20:49:37,528 [ERROR] LogOutputStream:75 - [STDERR_REDIRECT] 
2025-12-18 20:49:38,527 [ERROR] LogOutputStream:75 - [STDERR_REDIRECT] [Fatal Error] :1:1: Premature end of file.
2025-12-18 20:49:38,527 [ERROR] LogOutputStream:75 - [STDERR_REDIRECT] 
2025-12-18 20:49:39,529 [ERROR] LogOutputStream:75 - [STDERR_REDIRECT] [Fatal Error] :1:1: Premature end of file.
2025-12-18 20:49:39,529 [ERROR] LogOutputStream:75 - [STDERR_REDIRECT] 
2025-12-18 20:49:40,528 [ERROR] LogOutputStream:75 - [STDERR_REDIRECT] [Fatal Error] :1:1: Premature end of file.
2025-12-18 20:49:40,528 [ERROR] LogOutputStream:75 - [STDERR_REDIRECT] 
2025-12-18 20:49:41,527 [ERROR] LogOutputStream:75 - [STDERR_REDIRECT] [Fatal Error] :1:1: Premature end of file.
2025-12-18 20:49:41,528 [ERROR] LogOutputStream:75 - [STDERR_REDIRECT] 
2025-12-18 20:49:42,528 [ERROR] LogOutputStream:75 - [STDERR_REDIRECT] [Fatal Error] :1:1: Premature end of file.
2025-12-18 20:49:42,528 [ERROR] LogOutputStream:75 - [STDERR_REDIRECT] 
2025-12-18 20:49:43,527 [ERROR] LogOutputStream:75 - [STDERR_REDIRECT] [Fatal Error] :1:1: Premature end of file.
2025-12-18 20:49:43,528 [ERROR] LogOutputStream:75 - [STDERR_REDIRECT] 
2025-12-18 20:49:44,528 [ERROR] LogOutputStream:75 - [STDERR_REDIRECT] [Fatal Error] :1:1: Premature end of file.
2025-12-18 20:49:44,528 [ERROR] LogOutputStream:75 - [STDERR_REDIRECT] 
2025-12-18 20:49:45,528 [ERROR] LogOutputStream:75 - [STDERR_REDIRECT] [Fatal Error] :1:1: Premature end of file.
2025-12-18 20:49:45,528 [ERROR] LogOutputStream:75 - [STDERR_REDIRECT] 
2025-12-18 20:49:46,529 [ERROR] LogOutputStream:75 - [STDERR_REDIRECT] [Fatal Error] :1:1: Premature end of file.
2025-12-18 20:49:46,529 [ERROR] LogOutputStream:75 - [STDERR_REDIRECT] 
2025-12-18 20:49:47,528 [ERROR] LogOutputStream:75 - [STDERR_REDIRECT] [Fatal Error] :1:1: Premature end of file.
2025-12-18 20:49:47,528 [ERROR] LogOutputStream:75 - [STDERR_REDIRECT] 
2025-12-18 20:49:48,527 [ERROR] LogOutputStream:75 - [STDERR_REDIRECT] [Fatal Error] :1:1: Premature end of file.
2025-12-18 20:49:48,527 [ERROR] LogOutputStream:75 - [STDERR_REDIRECT] 
2025-12-18 20:49:49,528 [ERROR] LogOutputStream:75 - [STDERR_REDIRECT] [Fatal Error] :1:1: Premature end of file.
2025-12-18 20:49:49,528 [ERROR] LogOutputStream:75 - [STDERR_REDIRECT] 
2025-12-18 20:49:50,528 [ERROR] LogOutputStream:75 - [STDERR_REDIRECT] [Fatal Error] :1:1: Premature end of file.
2025-12-18 20:49:50,528 [ERROR] LogOutputStream:75 - [STDERR_REDIRECT] 
2025-12-18 20:49:51,534 [ERROR] LogOutputStream:75 - [STDERR_REDIRECT] [Fatal Error] :1:1: Premature end of file.
2025-12-18 20:49:51,534 [ERROR] LogOutputStream:75 - [STDERR_REDIRECT] 
2025-12-18 20:49:52,527 [ERROR] LogOutputStream:75 - [STDERR_REDIRECT] [Fatal Error] :1:1: Premature end of file.
2025-12-18 20:49:52,527 [ERROR] LogOutputStream:75 - [STDERR_REDIRECT] 
2025-12-18 20:49:53,529 [ERROR] LogOutputStream:75 - [STDERR_REDIRECT] [Fatal Error] :1:1: Premature end of file.
2025-12-18 20:49:53,529 [ERROR] LogOutputStream:75 - [STDERR_REDIRECT] 
2025-12-18 20:49:54,528 [ERROR] LogOutputStream:75 - [STDERR_REDIRECT] [Fatal Error] :1:1: Premature end of file.
2025-12-18 20:49:54,528 [ERROR] LogOutputStream:75 - [STDERR_REDIRECT] 
2025-12-18 20:49:55,527 [ERROR] LogOutputStream:75 - [STDERR_REDIRECT] [Fatal Error] :1:1: Premature end of file.
2025-12-18 20:49:55,528 [ERROR] LogOutputStream:75 - [STDERR_REDIRECT] 
2025-12-18 20:49:56,528 [ERROR] LogOutputStream:75 - [STDERR_REDIRECT] [Fatal Error] :1:1: Premature end of file.
2025-12-18 20:49:56,528 [ERROR] LogOutputStream:75 - [STDERR_REDIRECT] 
2025-12-18 20:49:57,527 [ERROR] LogOutputStream:75 - [STDERR_REDIRECT] [Fatal Error] :1:1: Premature end of file.
2025-12-18 20:49:57,527 [ERROR] LogOutputStream:75 - [STDERR_REDIRECT] 
2025-12-18 20:49:58,537 [ERROR] LogOutputStream:75 - [STDERR_REDIRECT] [Fatal Error] :1:1: Premature end of file.
2025-12-18 20:49:58,537 [ERROR] LogOutputStream:75 - [STDERR_REDIRECT] 
2025-12-18 20:49:59,527 [ERROR] LogOutputStream:75 - [STDERR_REDIRECT] [Fatal Error] :1:1: Premature end of file.
2025-12-18 20:49:59,527 [ERROR] LogOutputStream:75 - [STDERR_REDIRECT] 
2025-12-18 20:50:00,528 [ERROR] LogOutputStream:75 - [STDERR_REDIRECT] [Fatal Error] :1:1: Premature end of file.
2025-12-18 20:50:00,528 [ERROR] LogOutputStream:75 - [STDERR_REDIRECT] 
2025-12-18 20:50:01,528 [ERROR] LogOutputStream:75 - [STDERR_REDIRECT] [Fatal Error] :1:1: Premature end of file.
2025-12-18 20:50:01,528 [ERROR] LogOutputStream:75 - [STDERR_REDIRECT] 
2025-12-18 20:50:02,529 [ERROR] LogOutputStream:75 - [STDERR_REDIRECT] [Fatal Error] :1:1: Premature end of file.
2025-12-18 20:50:02,529 [ERROR] LogOutputStream:75 - [STDERR_REDIRECT] 
2025-12-18 20:50:03,528 [ERROR] LogOutputStream:75 - [STDERR_REDIRECT] [Fatal Error] :1:1: Premature end of file.
2025-12-18 20:50:03,528 [ERROR] LogOutputStream:75 - [STDERR_REDIRECT] 
2025-12-18 20:50:04,526 [ERROR] LogOutputStream:75 - [STDERR_REDIRECT] [Fatal Error] :1:1: Premature end of file.
2025-12-18 20:50:04,526 [ERROR] LogOutputStream:75 - [STDERR_REDIRECT] 
2025-12-18 20:50:05,528 [ERROR] LogOutputStream:75 - [STDERR_REDIRECT] [Fatal Error] :1:1: Premature end of file.
2025-12-18 20:50:05,528 [ERROR] LogOutputStream:75 - [STDERR_REDIRECT] 
2025-12-18 20:50:06,528 [ERROR] LogOutputStream:75 - [STDERR_REDIRECT] [Fatal Error] :1:1: Premature end of file.
2025-12-18 20:50:06,528 [ERROR] LogOutputStream:75 - [STDERR_REDIRECT] 
2025-12-18 20:50:07,529 [ERROR] LogOutputStream:75 - [STDERR_REDIRECT] [Fatal Error] :1:1: Premature end of file.
2025-12-18 20:50:07,529 [ERROR] LogOutputStream:75 - [STDERR_REDIRECT] 
2025-12-18 20:50:08,527 [ERROR] LogOutputStream:75 - [STDERR_REDIRECT] [Fatal Error] :1:1: Premature end of file.
2025-12-18 20:50:08,527 [ERROR] LogOutputStream:75 - [STDERR_REDIRECT] 
2025-12-18 20:50:09,529 [ERROR] LogOutputStream:75 - [STDERR_REDIRECT] [Fatal Error] :1:1: Premature end of file.
2025-12-18 20:50:09,529 [ERROR] LogOutputStream:75 - [STDERR_REDIRECT] 
2025-12-18 20:50:10,526 [ERROR] LogOutputStream:75 - [STDERR_REDIRECT] [Fatal Error] :1:1: Premature end of file.
2025-12-18 20:50:10,526 [ERROR] LogOutputStream:75 - [STDERR_REDIRECT] 
2025-12-18 20:50:11,528 [ERROR] LogOutputStream:75 - [STDERR_REDIRECT] [Fatal Error] :1:1: Premature end of file.
2025-12-18 20:50:11,528 [ERROR] LogOutputStream:75 - [STDERR_REDIRECT] 
2025-12-18 20:50:12,529 [ERROR] LogOutputStream:75 - [STDERR_REDIRECT] [Fatal Error] :1:1: Premature end of file.
2025-12-18 20:50:12,529 [ERROR] LogOutputStream:75 - [STDERR_REDIRECT] 
2025-12-18 20:50:13,528 [ERROR] LogOutputStream:75 - [STDERR_REDIRECT] [Fatal Error] :1:1: Premature end of file.
2025-12-18 20:50:13,528 [ERROR] LogOutputStream:75 - [STDERR_REDIRECT] 
2025-12-18 20:50:14,528 [ERROR] LogOutputStream:75 - [STDERR_REDIRECT] [Fatal Error] :1:1: Premature end of file.
2025-12-18 20:50:14,529 [ERROR] LogOutputStream:75 - [STDERR_REDIRECT] 
2025-12-18 20:50:15,528 [ERROR] LogOutputStream:75 - [STDERR_REDIRECT] [Fatal Error] :1:1: Premature end of file.
2025-12-18 20:50:15,529 [ERROR] LogOutputStream:75 - [STDERR_REDIRECT] 
2025-12-18 20:50:16,528 [ERROR] LogOutputStream:75 - [STDERR_REDIRECT] [Fatal Error] :1:1: Premature end of file.
2025-12-18 20:50:16,529 [ERROR] LogOutputStream:75 - [STDERR_REDIRECT] 
2025-12-18 20:50:17,529 [ERROR] LogOutputStream:75 - [STDERR_REDIRECT] [Fatal Error] :1:1: Premature end of file.
2025-12-18 20:50:17,529 [ERROR] LogOutputStream:75 - [STDERR_REDIRECT] 
2025-12-18 20:50:18,527 [ERROR] LogOutputStream:75 - [STDERR_REDIRECT] [Fatal Error] :1:1: Premature end of file.
2025-12-18 20:50:18,527 [ERROR] LogOutputStream:75 - [STDERR_REDIRECT] 
2025-12-18 20:50:19,529 [ERROR] LogOutputStream:75 - [STDERR_REDIRECT] [Fatal Error] :1:1: Premature end of file.
2025-12-18 20:50:19,529 [ERROR] LogOutputStream:75 - [STDERR_REDIRECT] 
2025-12-18 20:50:20,529 [ERROR] LogOutputStream:75 - [STDERR_REDIRECT] [Fatal Error] :1:1: Premature end of file.
2025-12-18 20:50:20,529 [ERROR] LogOutputStream:75 - [STDERR_REDIRECT] 
2025-12-18 20:50:21,527 [ERROR] LogOutputStream:75 - [STDERR_REDIRECT] [Fatal Error] :1:1: Premature end of file.
2025-12-18 20:50:21,527 [ERROR] LogOutputStream:75 - [STDERR_REDIRECT] 
2025-12-18 20:50:22,529 [ERROR] LogOutputStream:75 - [STDERR_REDIRECT] [Fatal Error] :1:1: Premature end of file.
2025-12-18 20:50:22,529 [ERROR] LogOutputStream:75 - [STDERR_REDIRECT] 
2025-12-18 20:50:23,527 [ERROR] LogOutputStream:75 - [STDERR_REDIRECT] [Fatal Error] :1:1: Premature end of file.
2025-12-18 20:50:23,527 [ERROR] LogOutputStream:75 - [STDERR_REDIRECT] 
2025-12-18 20:50:24,528 [ERROR] LogOutputStream:75 - [STDERR_REDIRECT] [Fatal Error] :1:1: Premature end of file.
2025-12-18 20:50:24,528 [ERROR] LogOutputStream:75 - [STDERR_REDIRECT] 
2025-12-18 20:50:25,528 [ERROR] LogOutputStream:75 - [STDERR_REDIRECT] [Fatal Error] :1:1: Premature end of file.
2025-12-18 20:50:25,528 [ERROR] LogOutputStream:75 - [STDERR_REDIRECT] 
2025-12-18 20:50:26,528 [ERROR] LogOutputStream:75 - [STDERR_REDIRECT] [Fatal Error] :1:1: Premature end of file.
2025-12-18 20:50:26,528 [ERROR] LogOutputStream:75 - [STDERR_REDIRECT] 
2025-12-18 20:50:27,527 [ERROR] LogOutputStream:75 - [STDERR_REDIRECT] [Fatal Error] :1:1: Premature end of file.
2025-12-18 20:50:27,527 [ERROR] LogOutputStream:75 - [STDERR_REDIRECT] 
2025-12-18 20:50:28,528 [ERROR] LogOutputStream:75 - [STDERR_REDIRECT] [Fatal Error] :1:1: Premature end of file.
2025-12-18 20:50:28,528 [ERROR] LogOutputStream:75 - [STDERR_REDIRECT] 
2025-12-18 20:50:29,526 [ERROR] LogOutputStream:75 - [STDERR_REDIRECT] [Fatal Error] :1:1: Premature end of file.
2025-12-18 20:50:29,526 [ERROR] LogOutputStream:75 - [STDERR_REDIRECT] 
2025-12-18 20:50:30,528 [ERROR] LogOutputStream:75 - [STDERR_REDIRECT] [Fatal Error] :1:1: Premature end of file.
2025-12-18 20:50:30,528 [ERROR] LogOutputStream:75 - [STDERR_REDIRECT] 
2025-12-18 20:50:31,527 [ERROR] LogOutputStream:75 - [STDERR_REDIRECT] [Fatal Error] :1:1: Premature end of file.
2025-12-18 20:50:31,527 [ERROR] LogOutputStream:75 - [STDERR_REDIRECT] 
2025-12-18 20:50:32,529 [ERROR] LogOutputStream:75 - [STDERR_REDIRECT] [Fatal Error] :1:1: Premature end of file.
2025-12-18 20:50:32,530 [ERROR] LogOutputStream:75 - [STDERR_REDIRECT] 
2025-12-18 20:50:33,527 [ERROR] LogOutputStream:75 - [STDERR_REDIRECT] [Fatal Error] :1:1: Premature end of file.
2025-12-18 20:50:33,527 [ERROR] LogOutputStream:75 - [STDERR_REDIRECT] 
2025-12-18 20:50:34,531 [ERROR] LogOutputStream:75 - [STDERR_REDIRECT] [Fatal Error] :1:1: Premature end of file.
2025-12-18 20:50:34,531 [ERROR] LogOutputStream:75 - [STDERR_REDIRECT] 
2025-12-18 20:50:35,527 [ERROR] LogOutputStream:75 - [STDERR_REDIRECT] [Fatal Error] :1:1: Premature end of file.
2025-12-18 20:50:35,527 [ERROR] LogOutputStream:75 - [STDERR_REDIRECT] 
2025-12-18 20:50:36,527 [ERROR] LogOutputStream:75 - [STDERR_REDIRECT] [Fatal Error] :1:1: Premature end of file.
2025-12-18 20:50:36,527 [ERROR] LogOutputStream:75 - [STDERR_REDIRECT] 
2025-12-18 20:50:37,529 [ERROR] LogOutputStream:75 - [STDERR_REDIRECT] [Fatal Error] :1:1: Premature end of file.
2025-12-18 20:50:37,529 [ERROR] LogOutputStream:75 - [STDERR_REDIRECT] 
2025-12-18 20:50:38,527 [ERROR] LogOutputStream:75 - [STDERR_REDIRECT] [Fatal Error] :1:1: Premature end of file.
2025-12-18 20:50:38,528 [ERROR] LogOutputStream:75 - [STDERR_REDIRECT] 
2025-12-18 20:50:39,527 [ERROR] LogOutputStream:75 - [STDERR_REDIRECT] [Fatal Error] :1:1: Premature end of file.
2025-12-18 20:50:39,527 [ERROR] LogOutputStream:75 - [STDERR_REDIRECT] 
2025-12-18 20:50:40,533 [ERROR] LogOutputStream:75 - [STDERR_REDIRECT] [Fatal Error] :1:1: Premature end of file.
2025-12-18 20:50:40,533 [ERROR] LogOutputStream:75 - [STDERR_REDIRECT] 
2025-12-18 20:50:41,527 [ERROR] LogOutputStream:75 - [STDERR_REDIRECT] [Fatal Error] :1:1: Premature end of file.
2025-12-18 20:50:41,527 [ERROR] LogOutputStream:75 - [STDERR_REDIRECT] 
2025-12-18 20:50:42,530 [ERROR] LogOutputStream:75 - [STDERR_REDIRECT] [Fatal Error] :1:1: Premature end of file.
2025-12-18 20:50:42,530 [ERROR] LogOutputStream:75 - [STDERR_REDIRECT] 
2025-12-18 20:50:43,527 [ERROR] LogOutputStream:75 - [STDERR_REDIRECT] [Fatal Error] :1:1: Premature end of file.
2025-12-18 20:50:43,527 [ERROR] LogOutputStream:75 - [STDERR_REDIRECT] 
2025-12-18 20:50:44,529 [ERROR] LogOutputStream:75 - [STDERR_REDIRECT] [Fatal Error] :1:1: Premature end of file.
2025-12-18 20:50:44,529 [ERROR] LogOutputStream:75 - [STDERR_REDIRECT] 
2025-12-18 20:50:45,527 [ERROR] LogOutputStream:75 - [STDERR_REDIRECT] [Fatal Error] :1:1: Premature end of file.
2025-12-18 20:50:45,527 [ERROR] LogOutputStream:75 - [STDERR_REDIRECT] 
2025-12-18 20:50:46,526 [ERROR] LogOutputStream:75 - [STDERR_REDIRECT] [Fatal Error] :1:1: Premature end of file.
2025-12-18 20:50:46,526 [ERROR] LogOutputStream:75 - [STDERR_REDIRECT] 
2025-12-18 20:50:47,527 [ERROR] LogOutputStream:75 - [STDERR_REDIRECT] [Fatal Error] :1:1: Premature end of file.
2025-12-18 20:50:47,527 [ERROR] LogOutputStream:75 - [STDERR_REDIRECT] 
2025-12-18 20:50:48,528 [ERROR] LogOutputStream:75 - [STDERR_REDIRECT] [Fatal Error] :1:1: Premature end of file.
2025-12-18 20:50:48,528 [ERROR] LogOutputStream:75 - [STDERR_REDIRECT] 
2025-12-18 20:50:49,527 [ERROR] LogOutputStream:75 - [STDERR_REDIRECT] [Fatal Error] :1:1: Premature end of file.
2025-12-18 20:50:49,528 [ERROR] LogOutputStream:75 - [STDERR_REDIRECT] 
2025-12-18 20:50:50,529 [ERROR] LogOutputStream:75 - [STDERR_REDIRECT] [Fatal Error] :1:1: Premature end of file.
2025-12-18 20:50:50,529 [ERROR] LogOutputStream:75 - [STDERR_REDIRECT] 
2025-12-18 20:50:51,527 [ERROR] LogOutputStream:75 - [STDERR_REDIRECT] [Fatal Error] :1:1: Premature end of file.
2025-12-18 20:50:51,527 [ERROR] LogOutputStream:75 - [STDERR_REDIRECT] 
2025-12-18 20:50:52,527 [ERROR] LogOutputStream:75 - [STDERR_REDIRECT] [Fatal Error] :1:1: Premature end of file.
2025-12-18 20:50:52,528 [ERROR] LogOutputStream:75 - [STDERR_REDIRECT] 
2025-12-18 20:50:53,531 [ERROR] LogOutputStream:75 - [STDERR_REDIRECT] [Fatal Error] :1:1: Premature end of file.
2025-12-18 20:50:53,531 [ERROR] LogOutputStream:75 - [STDERR_REDIRECT] 
2025-12-18 20:50:54,529 [ERROR] LogOutputStream:75 - [STDERR_REDIRECT] [Fatal Error] :1:1: Premature end of file.
2025-12-18 20:50:54,529 [ERROR] LogOutputStream:75 - [STDERR_REDIRECT] 
2025-12-18 20:50:55,536 [ERROR] LogOutputStream:75 - [STDERR_REDIRECT] [Fatal Error] :1:1: Premature end of file.
2025-12-18 20:50:55,536 [ERROR] LogOutputStream:75 - [STDERR_REDIRECT] 
2025-12-18 20:50:56,551 [ERROR] LogOutputStream:75 - [STDERR_REDIRECT] [Fatal Error] :1:1: Premature end of file.
2025-12-18 20:50:56,552 [ERROR] LogOutputStream:75 - [STDERR_REDIRECT] 
2025-12-18 20:50:57,528 [ERROR] LogOutputStream:75 - [STDERR_REDIRECT] [Fatal Error] :1:1: Premature end of file.
2025-12-18 20:50:57,528 [ERROR] LogOutputStream:75 - [STDERR_REDIRECT] 
2025-12-18 20:50:58,565 [ERROR] LogOutputStream:75 - [STDERR_REDIRECT] [Fatal Error] :1:1: Premature end of file.
2025-12-18 20:50:58,565 [ERROR] LogOutputStream:75 - [STDERR_REDIRECT] 
2025-12-18 20:50:59,530 [ERROR] LogOutputStream:75 - [STDERR_REDIRECT] [Fatal Error] :1:1: Premature end of file.
2025-12-18 20:50:59,530 [ERROR] LogOutputStream:75 - [STDERR_REDIRECT] 
2025-12-18 20:51:00,528 [ERROR] LogOutputStream:75 - [STDERR_REDIRECT] [Fatal Error] :1:1: Premature end of file.
2025-12-18 20:51:00,528 [ERROR] LogOutputStream:75 - [STDERR_REDIRECT] 
2025-12-18 20:51:01,528 [ERROR] LogOutputStream:75 - [STDERR_REDIRECT] [Fatal Error] :1:1: Premature end of file.
2025-12-18 20:51:01,528 [ERROR] LogOutputStream:75 - [STDERR_REDIRECT] 
2025-12-18 20:51:02,539 [ERROR] LogOutputStream:75 - [STDERR_REDIRECT] [Fatal Error] :1:1: Premature end of file.
2025-12-18 20:51:02,540 [ERROR] LogOutputStream:75 - [STDERR_REDIRECT] 
2025-12-18 20:51:03,538 [ERROR] LogOutputStream:75 - [STDERR_REDIRECT] [Fatal Error] :1:1: Premature end of file.
2025-12-18 20:51:03,538 [ERROR] LogOutputStream:75 - [STDERR_REDIRECT] 
2025-12-18 20:51:04,560 [ERROR] LogOutputStream:75 - [STDERR_REDIRECT] [Fatal Error] :1:1: Premature end of file.
2025-12-18 20:51:04,560 [ERROR] LogOutputStream:75 - [STDERR_REDIRECT] 
2025-12-18 20:51:05,548 [ERROR] LogOutputStream:75 - [STDERR_REDIRECT] [Fatal Error] :1:1: Premature end of file.
2025-12-18 20:51:05,548 [ERROR] LogOutputStream:75 - [STDERR_REDIRECT] 
2025-12-18 20:51:06,535 [ERROR] LogOutputStream:75 - [STDERR_REDIRECT] [Fatal Error] :1:1: Premature end of file.
2025-12-18 20:51:06,535 [ERROR] LogOutputStream:75 - [STDERR_REDIRECT] 
2025-12-18 20:51:07,547 [ERROR] LogOutputStream:75 - [STDERR_REDIRECT] [Fatal Error] :1:1: Premature end of file.
2025-12-18 20:51:07,547 [ERROR] LogOutputStream:75 - [STDERR_REDIRECT] 
2025-12-18 20:51:08,528 [ERROR] LogOutputStream:75 - [STDERR_REDIRECT] [Fatal Error] :1:1: Premature end of file.
2025-12-18 20:51:08,528 [ERROR] LogOutputStream:75 - [STDERR_REDIRECT] 
2025-12-18 20:51:09,545 [ERROR] LogOutputStream:75 - [STDERR_REDIRECT] [Fatal Error] :1:1: Premature end of file.
2025-12-18 20:51:09,545 [ERROR] LogOutputStream:75 - [STDERR_REDIRECT] 
2025-12-18 20:51:10,535 [ERROR] LogOutputStream:75 - [STDERR_REDIRECT] [Fatal Error] :1:1: Premature end of file.
2025-12-18 20:51:10,535 [ERROR] LogOutputStream:75 - [STDERR_REDIRECT] 
2025-12-18 20:51:11,565 [ERROR] LogOutputStream:75 - [STDERR_REDIRECT] [Fatal Error] :1:1: Premature end of file.
2025-12-18 20:51:11,565 [ERROR] LogOutputStream:75 - [STDERR_REDIRECT] 
2025-12-18 20:51:12,535 [ERROR] LogOutputStream:75 - [STDERR_REDIRECT] [Fatal Error] :1:1: Premature end of file.
2025-12-18 20:51:12,535 [ERROR] LogOutputStream:75 - [STDERR_REDIRECT] 
2025-12-18 20:51:13,538 [ERROR] LogOutputStream:75 - [STDERR_REDIRECT] [Fatal Error] :1:1: Premature end of file.
2025-12-18 20:51:13,538 [ERROR] LogOutputStream:75 - [STDERR_REDIRECT] 
2025-12-18 20:51:14,540 [ERROR] LogOutputStream:75 - [STDERR_REDIRECT] [Fatal Error] :1:1: Premature end of file.
2025-12-18 20:51:14,540 [ERROR] LogOutputStream:75 - [STDERR_REDIRECT] 
2025-12-18 20:51:15,538 [ERROR] LogOutputStream:75 - [STDERR_REDIRECT] [Fatal Error] :1:1: Premature end of file.
2025-12-18 20:51:15,538 [ERROR] LogOutputStream:75 - [STDERR_REDIRECT] 
2025-12-18 20:51:16,538 [ERROR] LogOutputStream:75 - [STDERR_REDIRECT] [Fatal Error] :1:1: Premature end of file.
2025-12-18 20:51:16,538 [ERROR] LogOutputStream:75 - [STDERR_REDIRECT] 
2025-12-18 20:51:17,538 [ERROR] LogOutputStream:75 - [STDERR_REDIRECT] [Fatal Error] :1:1: Premature end of file.
2025-12-18 20:51:17,538 [ERROR] LogOutputStream:75 - [STDERR_REDIRECT] 
2025-12-18 20:51:18,528 [ERROR] LogOutputStream:75 - [STDERR_REDIRECT] [Fatal Error] :1:1: Premature end of file.
2025-12-18 20:51:18,528 [ERROR] LogOutputStream:75 - [STDERR_REDIRECT] 
2025-12-18 20:51:19,528 [ERROR] LogOutputStream:75 - [STDERR_REDIRECT] [Fatal Error] :1:1: Premature end of file.
2025-12-18 20:51:19,528 [ERROR] LogOutputStream:75 - [STDERR_REDIRECT] 
2025-12-18 20:51:20,528 [ERROR] LogOutputStream:75 - [STDERR_REDIRECT] [Fatal Error] :1:1: Premature end of file.
2025-12-18 20:51:20,528 [ERROR] LogOutputStream:75 - [STDERR_REDIRECT] 
2025-12-18 20:51:21,529 [ERROR] LogOutputStream:75 - [STDERR_REDIRECT] [Fatal Error] :1:1: Premature end of file.
2025-12-18 20:51:21,529 [ERROR] LogOutputStream:75 - [STDERR_REDIRECT] 
2025-12-18 20:51:22,528 [ERROR] LogOutputStream:75 - [STDERR_REDIRECT] [Fatal Error] :1:1: Premature end of file.
2025-12-18 20:51:22,528 [ERROR] LogOutputStream:75 - [STDERR_REDIRECT] 
2025-12-18 20:51:23,528 [ERROR] LogOutputStream:75 - [STDERR_REDIRECT] [Fatal Error] :1:1: Premature end of file.
2025-12-18 20:51:23,528 [ERROR] LogOutputStream:75 - [STDERR_REDIRECT] 
2025-12-18 20:51:24,540 [ERROR] LogOutputStream:75 - [STDERR_REDIRECT] [Fatal Error] :1:1: Premature end of file.
2025-12-18 20:51:24,540 [ERROR] LogOutputStream:75 - [STDERR_REDIRECT] 
2025-12-18 20:51:25,533 [ERROR] LogOutputStream:75 - [STDERR_REDIRECT] [Fatal Error] :1:1: Premature end of file.
2025-12-18 20:51:25,533 [ERROR] LogOutputStream:75 - [STDERR_REDIRECT] 
2025-12-18 20:51:26,539 [ERROR] LogOutputStream:75 - [STDERR_REDIRECT] [Fatal Error] :1:1: Premature end of file.
2025-12-18 20:51:26,539 [ERROR] LogOutputStream:75 - [STDERR_REDIRECT] 
2025-12-18 20:51:27,562 [ERROR] LogOutputStream:75 - [STDERR_REDIRECT] [Fatal Error] :1:1: Premature end of file.
2025-12-18 20:51:27,562 [ERROR] LogOutputStream:75 - [STDERR_REDIRECT] 
2025-12-18 20:51:28,538 [ERROR] LogOutputStream:75 - [STDERR_REDIRECT] [Fatal Error] :1:1: Premature end of file.
2025-12-18 20:51:28,538 [ERROR] LogOutputStream:75 - [STDERR_REDIRECT] 
2025-12-18 20:51:29,566 [ERROR] LogOutputStream:75 - [STDERR_REDIRECT] [Fatal Error] :1:1: Premature end of file.
2025-12-18 20:51:29,566 [ERROR] LogOutputStream:75 - [STDERR_REDIRECT] 
2025-12-18 20:51:30,534 [ERROR] LogOutputStream:75 - [STDERR_REDIRECT] [Fatal Error] :1:1: Premature end of file.
2025-12-18 20:51:30,534 [ERROR] LogOutputStream:75 - [STDERR_REDIRECT] 
2025-12-18 20:51:31,564 [ERROR] LogOutputStream:75 - [STDERR_REDIRECT] [Fatal Error] :1:1: Premature end of file.
2025-12-18 20:51:31,564 [ERROR] LogOutputStream:75 - [STDERR_REDIRECT] 
2025-12-18 20:51:32,551 [ERROR] LogOutputStream:75 - [STDERR_REDIRECT] [Fatal Error] :1:1: Premature end of file.
2025-12-18 20:51:32,551 [ERROR] LogOutputStream:75 - [STDERR_REDIRECT] 
2025-12-18 20:51:33,547 [ERROR] LogOutputStream:75 - [STDERR_REDIRECT] [Fatal Error] :1:1: Premature end of file.
2025-12-18 20:51:33,548 [ERROR] LogOutputStream:75 - [STDERR_REDIRECT] 
2025-12-18 20:51:34,559 [ERROR] LogOutputStream:75 - [STDERR_REDIRECT] [Fatal Error] :1:1: Premature end of file.
2025-12-18 20:51:34,559 [ERROR] LogOutputStream:75 - [STDERR_REDIRECT] 
2025-12-18 20:51:35,533 [ERROR] LogOutputStream:75 - [STDERR_REDIRECT] [Fatal Error] :1:1: Premature end of file.
2025-12-18 20:51:35,533 [ERROR] LogOutputStream:75 - [STDERR_REDIRECT] 
2025-12-18 20:51:36,544 [ERROR] LogOutputStream:75 - [STDERR_REDIRECT] [Fatal Error] :1:1: Premature end of file.
2025-12-18 20:51:36,544 [ERROR] LogOutputStream:75 - [STDERR_REDIRECT] 
2025-12-18 20:51:37,555 [ERROR] LogOutputStream:75 - [STDERR_REDIRECT] [Fatal Error] :1:1: Premature end of file.
2025-12-18 20:51:37,555 [ERROR] LogOutputStream:75 - [STDERR_REDIRECT] 
2025-12-18 20:51:38,538 [ERROR] LogOutputStream:75 - [STDERR_REDIRECT] [Fatal Error] :1:1: Premature end of file.
2025-12-18 20:51:38,538 [ERROR] LogOutputStream:75 - [STDERR_REDIRECT] 
2025-12-18 20:51:39,538 [ERROR] LogOutputStream:75 - [STDERR_REDIRECT] [Fatal Error] :1:1: Premature end of file.
2025-12-18 20:51:39,538 [ERROR] LogOutputStream:75 - [STDERR_REDIRECT] 
2025-12-18 20:51:40,533 [ERROR] LogOutputStream:75 - [STDERR_REDIRECT] [Fatal Error] :1:1: Premature end of file.
2025-12-18 20:51:40,533 [ERROR] LogOutputStream:75 - [STDERR_REDIRECT] 
2025-12-18 20:51:41,548 [ERROR] LogOutputStream:75 - [STDERR_REDIRECT] [Fatal Error] :1:1: Premature end of file.
2025-12-18 20:51:41,548 [ERROR] LogOutputStream:75 - [STDERR_REDIRECT] 
2025-12-18 20:51:42,540 [ERROR] LogOutputStream:75 - [STDERR_REDIRECT] [Fatal Error] :1:1: Premature end of file.
2025-12-18 20:51:42,540 [ERROR] LogOutputStream:75 - [STDERR_REDIRECT] 
2025-12-18 20:51:43,531 [ERROR] LogOutputStream:75 - [STDERR_REDIRECT] [Fatal Error] :1:1: Premature end of file.
2025-12-18 20:51:43,531 [ERROR] LogOutputStream:75 - [STDERR_REDIRECT] 
2025-12-18 20:51:44,535 [ERROR] LogOutputStream:75 - [STDERR_REDIRECT] [Fatal Error] :1:1: Premature end of file.
2025-12-18 20:51:44,535 [ERROR] LogOutputStream:75 - [STDERR_REDIRECT] 
2025-12-18 20:51:45,527 [ERROR] LogOutputStream:75 - [STDERR_REDIRECT] [Fatal Error] :1:1: Premature end of file.
2025-12-18 20:51:45,527 [ERROR] LogOutputStream:75 - [STDERR_REDIRECT] 
2025-12-18 20:51:46,538 [ERROR] LogOutputStream:75 - [STDERR_REDIRECT] [Fatal Error] :1:1: Premature end of file.
2025-12-18 20:51:46,538 [ERROR] LogOutputStream:75 - [STDERR_REDIRECT] 
2025-12-18 20:51:47,528 [ERROR] LogOutputStream:75 - [STDERR_REDIRECT] [Fatal Error] :1:1: Premature end of file.
2025-12-18 20:51:47,528 [ERROR] LogOutputStream:75 - [STDERR_REDIRECT] 
2025-12-18 20:51:48,529 [ERROR] LogOutputStream:75 - [STDERR_REDIRECT] [Fatal Error] :1:1: Premature end of file.
2025-12-18 20:51:48,529 [ERROR] LogOutputStream:75 - [STDERR_REDIRECT] 
2025-12-18 20:51:49,529 [ERROR] LogOutputStream:75 - [STDERR_REDIRECT] [Fatal Error] :1:1: Premature end of file.
2025-12-18 20:51:49,529 [ERROR] LogOutputStream:75 - [STDERR_REDIRECT] 
2025-12-18 20:51:50,528 [ERROR] LogOutputStream:75 - [STDERR_REDIRECT] [Fatal Error] :1:1: Premature end of file.
2025-12-18 20:51:50,528 [ERROR] LogOutputStream:75 - [STDERR_REDIRECT] 
2025-12-18 20:51:51,534 [ERROR] LogOutputStream:75 - [STDERR_REDIRECT] [Fatal Error] :1:1: Premature end of file.
2025-12-18 20:51:51,534 [ERROR] LogOutputStream:75 - [STDERR_REDIRECT] 
2025-12-18 20:51:52,530 [ERROR] LogOutputStream:75 - [STDERR_REDIRECT] [Fatal Error] :1:1: Premature end of file.
2025-12-18 20:51:52,530 [ERROR] LogOutputStream:75 - [STDERR_REDIRECT] 
2025-12-18 20:51:53,561 [ERROR] LogOutputStream:75 - [STDERR_REDIRECT] [Fatal Error] :1:1: Premature end of file.
2025-12-18 20:51:53,561 [ERROR] LogOutputStream:75 - [STDERR_REDIRECT] 
2025-12-18 20:51:54,536 [ERROR] LogOutputStream:75 - [STDERR_REDIRECT] [Fatal Error] :1:1: Premature end of file.
2025-12-18 20:51:54,536 [ERROR] LogOutputStream:75 - [STDERR_REDIRECT] 
2025-12-18 20:51:55,543 [ERROR] LogOutputStream:75 - [STDERR_REDIRECT] [Fatal Error] :1:1: Premature end of file.
2025-12-18 20:51:55,543 [ERROR] LogOutputStream:75 - [STDERR_REDIRECT] 
2025-12-18 20:51:56,544 [ERROR] LogOutputStream:75 - [STDERR_REDIRECT] [Fatal Error] :1:1: Premature end of file.
2025-12-18 20:51:56,544 [ERROR] LogOutputStream:75 - [STDERR_REDIRECT] 
2025-12-18 20:51:57,529 [ERROR] LogOutputStream:75 - [STDERR_REDIRECT] [Fatal Error] :1:1: Premature end of file.
2025-12-18 20:51:57,529 [ERROR] LogOutputStream:75 - [STDERR_REDIRECT] 
2025-12-18 20:51:58,536 [ERROR] LogOutputStream:75 - [STDERR_REDIRECT] [Fatal Error] :1:1: Premature end of file.
2025-12-18 20:51:58,536 [ERROR] LogOutputStream:75 - [STDERR_REDIRECT] 
2025-12-18 20:51:59,541 [ERROR] LogOutputStream:75 - [STDERR_REDIRECT] [Fatal Error] :1:1: Premature end of file.
2025-12-18 20:51:59,541 [ERROR] LogOutputStream:75 - [STDERR_REDIRECT] 
2025-12-18 20:52:00,528 [ERROR] LogOutputStream:75 - [STDERR_REDIRECT] [Fatal Error] :1:1: Premature end of file.
2025-12-18 20:52:00,528 [ERROR] LogOutputStream:75 - [STDERR_REDIRECT] 
2025-12-18 20:52:01,535 [ERROR] LogOutputStream:75 - [STDERR_REDIRECT] [Fatal Error] :1:1: Premature end of file.
2025-12-18 20:52:01,535 [ERROR] LogOutputStream:75 - [STDERR_REDIRECT] 
2025-12-18 20:52:02,547 [ERROR] LogOutputStream:75 - [STDERR_REDIRECT] [Fatal Error] :1:1: Premature end of file.
2025-12-18 20:52:02,547 [ERROR] LogOutputStream:75 - [STDERR_REDIRECT] 
2025-12-18 20:52:03,537 [ERROR] LogOutputStream:75 - [STDERR_REDIRECT] [Fatal Error] :1:1: Premature end of file.
2025-12-18 20:52:03,537 [ERROR] LogOutputStream:75 - [STDERR_REDIRECT] 
2025-12-18 20:52:04,536 [ERROR] LogOutputStream:75 - [STDERR_REDIRECT] [Fatal Error] :1:1: Premature end of file.
2025-12-18 20:52:04,536 [ERROR] LogOutputStream:75 - [STDERR_REDIRECT] 
2025-12-18 20:52:05,555 [ERROR] LogOutputStream:75 - [STDERR_REDIRECT] [Fatal Error] :1:1: Premature end of file.
2025-12-18 20:52:05,555 [ERROR] LogOutputStream:75 - [STDERR_REDIRECT] 
2025-12-18 20:52:06,529 [ERROR] LogOutputStream:75 - [STDERR_REDIRECT] [Fatal Error] :1:1: Premature end of file.
2025-12-18 20:52:06,529 [ERROR] LogOutputStream:75 - [STDERR_REDIRECT] 
2025-12-18 20:52:07,555 [ERROR] LogOutputStream:75 - [STDERR_REDIRECT] [Fatal Error] :1:1: Premature end of file.
2025-12-18 20:52:07,555 [ERROR] LogOutputStream:75 - [STDERR_REDIRECT] 
2025-12-18 20:52:08,529 [ERROR] LogOutputStream:75 - [STDERR_REDIRECT] [Fatal Error] :1:1: Premature end of file.
2025-12-18 20:52:08,529 [ERROR] LogOutputStream:75 - [STDERR_REDIRECT] 
2025-12-18 20:52:09,545 [ERROR] LogOutputStream:75 - [STDERR_REDIRECT] [Fatal Error] :1:1: Premature end of file.
2025-12-18 20:52:09,547 [ERROR] LogOutputStream:75 - [STDERR_REDIRECT] 
2025-12-18 20:52:10,539 [ERROR] LogOutputStream:75 - [STDERR_REDIRECT] [Fatal Error] :1:1: Premature end of file.
2025-12-18 20:52:10,539 [ERROR] LogOutputStream:75 - [STDERR_REDIRECT] 
2025-12-18 20:52:11,538 [ERROR] LogOutputStream:75 - [STDERR_REDIRECT] [Fatal Error] :1:1: Premature end of file.
2025-12-18 20:52:11,538 [ERROR] LogOutputStream:75 - [STDERR_REDIRECT] 
2025-12-18 20:52:12,555 [ERROR] LogOutputStream:75 - [STDERR_REDIRECT] [Fatal Error] :1:1: Premature end of file.
2025-12-18 20:52:12,555 [ERROR] LogOutputStream:75 - [STDERR_REDIRECT] 
2025-12-18 20:52:13,538 [ERROR] LogOutputStream:75 - [STDERR_REDIRECT] [Fatal Error] :1:1: Premature end of file.
2025-12-18 20:52:13,538 [ERROR] LogOutputStream:75 - [STDERR_REDIRECT] 
2025-12-18 20:52:14,540 [ERROR] LogOutputStream:75 - [STDERR_REDIRECT] [Fatal Error] :1:1: Premature end of file.
2025-12-18 20:52:14,540 [ERROR] LogOutputStream:75 - [STDERR_REDIRECT] 
2025-12-18 20:52:15,533 [ERROR] LogOutputStream:75 - [STDERR_REDIRECT] [Fatal Error] :1:1: Premature end of file.
2025-12-18 20:52:15,533 [ERROR] LogOutputStream:75 - [STDERR_REDIRECT] 
2025-12-18 20:52:16,553 [ERROR] LogOutputStream:75 - [STDERR_REDIRECT] [Fatal Error] :1:1: Premature end of file.
2025-12-18 20:52:16,553 [ERROR] LogOutputStream:75 - [STDERR_REDIRECT] 
2025-12-18 20:52:17,534 [ERROR] LogOutputStream:75 - [STDERR_REDIRECT] [Fatal Error] :1:1: Premature end of file.
2025-12-18 20:52:17,534 [ERROR] LogOutputStream:75 - [STDERR_REDIRECT] 
2025-12-18 20:52:18,530 [ERROR] LogOutputStream:75 - [STDERR_REDIRECT] [Fatal Error] :1:1: Premature end of file.
2025-12-18 20:52:18,531 [ERROR] LogOutputStream:75 - [STDERR_REDIRECT] 
2025-12-18 20:52:19,544 [ERROR] LogOutputStream:75 - [STDERR_REDIRECT] [Fatal Error] :1:1: Premature end of file.
2025-12-18 20:52:19,544 [ERROR] LogOutputStream:75 - [STDERR_REDIRECT] 
2025-12-18 20:52:20,553 [ERROR] LogOutputStream:75 - [STDERR_REDIRECT] [Fatal Error] :1:1: Premature end of file.
2025-12-18 20:52:20,553 [ERROR] LogOutputStream:75 - [STDERR_REDIRECT] 
2025-12-18 20:52:21,529 [ERROR] LogOutputStream:75 - [STDERR_REDIRECT] [Fatal Error] :1:1: Premature end of file.
2025-12-18 20:52:21,529 [ERROR] LogOutputStream:75 - [STDERR_REDIRECT] 
2025-12-18 20:52:22,533 [ERROR] LogOutputStream:75 - [STDERR_REDIRECT] [Fatal Error] :1:1: Premature end of file.
2025-12-18 20:52:22,533 [ERROR] LogOutputStream:75 - [STDERR_REDIRECT] 
2025-12-18 20:52:23,544 [ERROR] LogOutputStream:75 - [STDERR_REDIRECT] [Fatal Error] :1:1: Premature end of file.
2025-12-18 20:52:23,544 [ERROR] LogOutputStream:75 - [STDERR_REDIRECT] 
2025-12-18 20:52:24,528 [ERROR] LogOutputStream:75 - [STDERR_REDIRECT] [Fatal Error] :1:1: Premature end of file.
2025-12-18 20:52:24,528 [ERROR] LogOutputStream:75 - [STDERR_REDIRECT] 
2025-12-18 20:52:25,537 [ERROR] LogOutputStream:75 - [STDERR_REDIRECT] [Fatal Error] :1:1: Premature end of file.
2025-12-18 20:52:25,537 [ERROR] LogOutputStream:75 - [STDERR_REDIRECT] 
2025-12-18 20:52:26,551 [ERROR] LogOutputStream:75 - [STDERR_REDIRECT] [Fatal Error] :1:1: Premature end of file.
2025-12-18 20:52:26,551 [ERROR] LogOutputStream:75 - [STDERR_REDIRECT] 
2025-12-18 20:52:27,552 [ERROR] LogOutputStream:75 - [STDERR_REDIRECT] [Fatal Error] :1:1: Premature end of file.
2025-12-18 20:52:27,552 [ERROR] LogOutputStream:75 - [STDERR_REDIRECT] 
2025-12-18 20:52:28,530 [ERROR] LogOutputStream:75 - [STDERR_REDIRECT] [Fatal Error] :1:1: Premature end of file.
2025-12-18 20:52:28,530 [ERROR] LogOutputStream:75 - [STDERR_REDIRECT] 
2025-12-18 20:52:29,559 [ERROR] LogOutputStream:75 - [STDERR_REDIRECT] [Fatal Error] :1:1: Premature end of file.
2025-12-18 20:52:29,559 [ERROR] LogOutputStream:75 - [STDERR_REDIRECT] 
2025-12-18 20:52:30,536 [ERROR] LogOutputStream:75 - [STDERR_REDIRECT] [Fatal Error] :1:1: Premature end of file.
2025-12-18 20:52:30,536 [ERROR] LogOutputStream:75 - [STDERR_REDIRECT] 
2025-12-18 20:52:31,556 [ERROR] LogOutputStream:75 - [STDERR_REDIRECT] [Fatal Error] :1:1: Premature end of file.
2025-12-18 20:52:31,556 [ERROR] LogOutputStream:75 - [STDERR_REDIRECT] 
2025-12-18 20:52:32,539 [ERROR] LogOutputStream:75 - [STDERR_REDIRECT] [Fatal Error] :1:1: Premature end of file.
2025-12-18 20:52:32,539 [ERROR] LogOutputStream:75 - [STDERR_REDIRECT] 
2025-12-18 20:52:33,528 [ERROR] LogOutputStream:75 - [STDERR_REDIRECT] [Fatal Error] :1:1: Premature end of file.
2025-12-18 20:52:33,528 [ERROR] LogOutputStream:75 - [STDERR_REDIRECT] 
2025-12-18 20:52:34,528 [ERROR] LogOutputStream:75 - [STDERR_REDIRECT] [Fatal Error] :1:1: Premature end of file.
2025-12-18 20:52:34,528 [ERROR] LogOutputStream:75 - [STDERR_REDIRECT] 
2025-12-18 20:52:35,538 [ERROR] LogOutputStream:75 - [STDERR_REDIRECT] [Fatal Error] :1:1: Premature end of file.
2025-12-18 20:52:35,538 [ERROR] LogOutputStream:75 - [STDERR_REDIRECT] 
2025-12-18 20:52:36,531 [ERROR] LogOutputStream:75 - [STDERR_REDIRECT] [Fatal Error] :1:1: Premature end of file.
2025-12-18 20:52:36,531 [ERROR] LogOutputStream:75 - [STDERR_REDIRECT] 
2025-12-18 20:52:37,536 [ERROR] LogOutputStream:75 - [STDERR_REDIRECT] [Fatal Error] :1:1: Premature end of file.
2025-12-18 20:52:37,536 [ERROR] LogOutputStream:75 - [STDERR_REDIRECT] 
2025-12-18 20:52:38,527 [ERROR] LogOutputStream:75 - [STDERR_REDIRECT] [Fatal Error] :1:1: Premature end of file.
2025-12-18 20:52:38,527 [ERROR] LogOutputStream:75 - [STDERR_REDIRECT] 
2025-12-18 20:52:39,529 [ERROR] LogOutputStream:75 - [STDERR_REDIRECT] [Fatal Error] :1:1: Premature end of file.
2025-12-18 20:52:39,529 [ERROR] LogOutputStream:75 - [STDERR_REDIRECT] 
2025-12-18 20:52:40,548 [ERROR] LogOutputStream:75 - [STDERR_REDIRECT] [Fatal Error] :1:1: Premature end of file.
2025-12-18 20:52:40,548 [ERROR] LogOutputStream:75 - [STDERR_REDIRECT] 
2025-12-18 20:52:41,546 [ERROR] LogOutputStream:75 - [STDERR_REDIRECT] [Fatal Error] :1:1: Premature end of file.
2025-12-18 20:52:41,546 [ERROR] LogOutputStream:75 - [STDERR_REDIRECT] 
2025-12-18 20:52:42,538 [ERROR] LogOutputStream:75 - [STDERR_REDIRECT] [Fatal Error] :1:1: Premature end of file.
2025-12-18 20:52:42,538 [ERROR] LogOutputStream:75 - [STDERR_REDIRECT] 
2025-12-18 20:52:43,553 [ERROR] LogOutputStream:75 - [STDERR_REDIRECT] [Fatal Error] :1:1: Premature end of file.
2025-12-18 20:52:43,553 [ERROR] LogOutputStream:75 - [STDERR_REDIRECT] 
2025-12-18 20:52:44,538 [ERROR] LogOutputStream:75 - [STDERR_REDIRECT] [Fatal Error] :1:1: Premature end of file.
2025-12-18 20:52:44,538 [ERROR] LogOutputStream:75 - [STDERR_REDIRECT] 
2025-12-18 20:52:45,562 [ERROR] LogOutputStream:75 - [STDERR_REDIRECT] [Fatal Error] :1:1: Premature end of file.
2025-12-18 20:52:45,562 [ERROR] LogOutputStream:75 - [STDERR_REDIRECT] 
2025-12-18 20:52:46,529 [ERROR] LogOutputStream:75 - [STDERR_REDIRECT] [Fatal Error] :1:1: Premature end of file.
2025-12-18 20:52:46,529 [ERROR] LogOutputStream:75 - [STDERR_REDIRECT] 
2025-12-18 20:52:47,527 [ERROR] LogOutputStream:75 - [STDERR_REDIRECT] [Fatal Error] :1:1: Premature end of file.
2025-12-18 20:52:47,527 [ERROR] LogOutputStream:75 - [STDERR_REDIRECT] 
2025-12-18 20:52:48,528 [ERROR] LogOutputStream:75 - [STDERR_REDIRECT] [Fatal Error] :1:1: Premature end of file.
2025-12-18 20:52:48,528 [ERROR] LogOutputStream:75 - [STDERR_REDIRECT] 
2025-12-18 20:52:49,538 [ERROR] LogOutputStream:75 - [STDERR_REDIRECT] [Fatal Error] :1:1: Premature end of file.
2025-12-18 20:52:49,538 [ERROR] LogOutputStream:75 - [STDERR_REDIRECT] 
2025-12-18 20:52:50,529 [ERROR] LogOutputStream:75 - [STDERR_REDIRECT] [Fatal Error] :1:1: Premature end of file.
2025-12-18 20:52:50,529 [ERROR] LogOutputStream:75 - [STDERR_REDIRECT] 
2025-12-18 20:52:51,540 [ERROR] LogOutputStream:75 - [STDERR_REDIRECT] [Fatal Error] :1:1: Premature end of file.
2025-12-18 20:52:51,540 [ERROR] LogOutputStream:75 - [STDERR_REDIRECT] 
2025-12-18 20:52:52,528 [ERROR] LogOutputStream:75 - [STDERR_REDIRECT] [Fatal Error] :1:1: Premature end of file.
2025-12-18 20:52:52,528 [ERROR] LogOutputStream:75 - [STDERR_REDIRECT] 
2025-12-18 20:52:53,537 [ERROR] LogOutputStream:75 - [STDERR_REDIRECT] [Fatal Error] :1:1: Premature end of file.
2025-12-18 20:52:53,537 [ERROR] LogOutputStream:75 - [STDERR_REDIRECT] 
2025-12-18 20:52:54,527 [ERROR] LogOutputStream:75 - [STDERR_REDIRECT] [Fatal Error] :1:1: Premature end of file.
2025-12-18 20:52:54,527 [ERROR] LogOutputStream:75 - [STDERR_REDIRECT] 
2025-12-18 20:52:55,529 [ERROR] LogOutputStream:75 - [STDERR_REDIRECT] [Fatal Error] :1:1: Premature end of file.
2025-12-18 20:52:55,529 [ERROR] LogOutputStream:75 - [STDERR_REDIRECT] 
2025-12-18 20:52:56,529 [ERROR] LogOutputStream:75 - [STDERR_REDIRECT] [Fatal Error] :1:1: Premature end of file.
2025-12-18 20:52:56,529 [ERROR] LogOutputStream:75 - [STDERR_REDIRECT] 
2025-12-18 20:52:57,529 [ERROR] LogOutputStream:75 - [STDERR_REDIRECT] [Fatal Error] :1:1: Premature end of file.
2025-12-18 20:52:57,529 [ERROR] LogOutputStream:75 - [STDERR_REDIRECT] 
2025-12-18 20:52:58,528 [ERROR] LogOutputStream:75 - [STDERR_REDIRECT] [Fatal Error] :1:1: Premature end of file.
2025-12-18 20:52:58,528 [ERROR] LogOutputStream:75 - [STDERR_REDIRECT] 
2025-12-18 20:52:59,528 [ERROR] LogOutputStream:75 - [STDERR_REDIRECT] [Fatal Error] :1:1: Premature end of file.
2025-12-18 20:52:59,528 [ERROR] LogOutputStream:75 - [STDERR_REDIRECT] 
2025-12-18 20:53:00,527 [ERROR] LogOutputStream:75 - [STDERR_REDIRECT] [Fatal Error] :1:1: Premature end of file.
2025-12-18 20:53:00,527 [ERROR] LogOutputStream:75 - [STDERR_REDIRECT] 
2025-12-18 20:53:01,556 [ERROR] LogOutputStream:75 - [STDERR_REDIRECT] [Fatal Error] :1:1: Premature end of file.
2025-12-18 20:53:01,556 [ERROR] LogOutputStream:75 - [STDERR_REDIRECT] 
2025-12-18 20:53:02,528 [ERROR] LogOutputStream:75 - [STDERR_REDIRECT] [Fatal Error] :1:1: Premature end of file.
2025-12-18 20:53:02,528 [ERROR] LogOutputStream:75 - [STDERR_REDIRECT] 
2025-12-18 20:53:03,531 [ERROR] LogOutputStream:75 - [STDERR_REDIRECT] [Fatal Error] :1:1: Premature end of file.
2025-12-18 20:53:03,531 [ERROR] LogOutputStream:75 - [STDERR_REDIRECT] 
2025-12-18 20:53:04,538 [ERROR] LogOutputStream:75 - [STDERR_REDIRECT] [Fatal Error] :1:1: Premature end of file.
2025-12-18 20:53:04,538 [ERROR] LogOutputStream:75 - [STDERR_REDIRECT] 
2025-12-18 20:53:05,537 [ERROR] LogOutputStream:75 - [STDERR_REDIRECT] [Fatal Error] :1:1: Premature end of file.
2025-12-18 20:53:05,537 [ERROR] LogOutputStream:75 - [STDERR_REDIRECT] 
2025-12-18 20:53:06,527 [ERROR] LogOutputStream:75 - [STDERR_REDIRECT] [Fatal Error] :1:1: Premature end of file.
2025-12-18 20:53:06,527 [ERROR] LogOutputStream:75 - [STDERR_REDIRECT] 
2025-12-18 20:53:07,529 [ERROR] LogOutputStream:75 - [STDERR_REDIRECT] [Fatal Error] :1:1: Premature end of file.
2025-12-18 20:53:07,529 [ERROR] LogOutputStream:75 - [STDERR_REDIRECT] 
2025-12-18 20:53:08,539 [ERROR] LogOutputStream:75 - [STDERR_REDIRECT] [Fatal Error] :1:1: Premature end of file.
2025-12-18 20:53:08,539 [ERROR] LogOutputStream:75 - [STDERR_REDIRECT] 
2025-12-18 20:53:09,528 [ERROR] LogOutputStream:75 - [STDERR_REDIRECT] [Fatal Error] :1:1: Premature end of file.
2025-12-18 20:53:09,528 [ERROR] LogOutputStream:75 - [STDERR_REDIRECT] 
2025-12-18 20:53:10,537 [ERROR] LogOutputStream:75 - [STDERR_REDIRECT] [Fatal Error] :1:1: Premature end of file.
2025-12-18 20:53:10,537 [ERROR] LogOutputStream:75 - [STDERR_REDIRECT] 
2025-12-18 20:53:11,527 [ERROR] LogOutputStream:75 - [STDERR_REDIRECT] [Fatal Error] :1:1: Premature end of file.
2025-12-18 20:53:11,527 [ERROR] LogOutputStream:75 - [STDERR_REDIRECT] 
2025-12-18 20:53:12,529 [ERROR] LogOutputStream:75 - [STDERR_REDIRECT] [Fatal Error] :1:1: Premature end of file.
2025-12-18 20:53:12,529 [ERROR] LogOutputStream:75 - [STDERR_REDIRECT] 
2025-12-18 20:53:13,528 [ERROR] LogOutputStream:75 - [STDERR_REDIRECT] [Fatal Error] :1:1: Premature end of file.
2025-12-18 20:53:13,528 [ERROR] LogOutputStream:75 - [STDERR_REDIRECT] 
2025-12-18 20:53:14,528 [ERROR] LogOutputStream:75 - [STDERR_REDIRECT] [Fatal Error] :1:1: Premature end of file.
2025-12-18 20:53:14,528 [ERROR] LogOutputStream:75 - [STDERR_REDIRECT] 
2025-12-18 20:53:15,526 [ERROR] LogOutputStream:75 - [STDERR_REDIRECT] [Fatal Error] :1:1: Premature end of file.
2025-12-18 20:53:15,527 [ERROR] LogOutputStream:75 - [STDERR_REDIRECT] 
2025-12-18 20:53:16,537 [ERROR] LogOutputStream:75 - [STDERR_REDIRECT] [Fatal Error] :1:1: Premature end of file.
2025-12-18 20:53:16,537 [ERROR] LogOutputStream:75 - [STDERR_REDIRECT] 
2025-12-18 20:53:17,527 [ERROR] LogOutputStream:75 - [STDERR_REDIRECT] [Fatal Error] :1:1: Premature end of file.
2025-12-18 20:53:17,528 [ERROR] LogOutputStream:75 - [STDERR_REDIRECT] 
2025-12-18 20:53:18,529 [ERROR] LogOutputStream:75 - [STDERR_REDIRECT] [Fatal Error] :1:1: Premature end of file.
2025-12-18 20:53:18,531 [ERROR] LogOutputStream:75 - [STDERR_REDIRECT] 
2025-12-18 20:53:19,539 [ERROR] LogOutputStream:75 - [STDERR_REDIRECT] [Fatal Error] :1:1: Premature end of file.
2025-12-18 20:53:19,539 [ERROR] LogOutputStream:75 - [STDERR_REDIRECT] 
2025-12-18 20:53:20,528 [ERROR] LogOutputStream:75 - [STDERR_REDIRECT] [Fatal Error] :1:1: Premature end of file.
2025-12-18 20:53:20,528 [ERROR] LogOutputStream:75 - [STDERR_REDIRECT] 
2025-12-18 20:53:21,528 [ERROR] LogOutputStream:75 - [STDERR_REDIRECT] [Fatal Error] :1:1: Premature end of file.
2025-12-18 20:53:21,528 [ERROR] LogOutputStream:75 - [STDERR_REDIRECT] 
2025-12-18 20:53:22,536 [ERROR] LogOutputStream:75 - [STDERR_REDIRECT] [Fatal Error] :1:1: Premature end of file.
2025-12-18 20:53:22,536 [ERROR] LogOutputStream:75 - [STDERR_REDIRECT] 
2025-12-18 20:53:23,539 [ERROR] LogOutputStream:75 - [STDERR_REDIRECT] [Fatal Error] :1:1: Premature end of file.
2025-12-18 20:53:23,539 [ERROR] LogOutputStream:75 - [STDERR_REDIRECT] 
2025-12-18 20:53:24,527 [ERROR] LogOutputStream:75 - [STDERR_REDIRECT] [Fatal Error] :1:1: Premature end of file.
2025-12-18 20:53:24,527 [ERROR] LogOutputStream:75 - [STDERR_REDIRECT] 
2025-12-18 20:53:25,528 [ERROR] LogOutputStream:75 - [STDERR_REDIRECT] [Fatal Error] :1:1: Premature end of file.
2025-12-18 20:53:25,529 [ERROR] LogOutputStream:75 - [STDERR_REDIRECT] 
2025-12-18 20:53:26,540 [ERROR] LogOutputStream:75 - [STDERR_REDIRECT] [Fatal Error] :1:1: Premature end of file.
2025-12-18 20:53:26,540 [ERROR] LogOutputStream:75 - [STDERR_REDIRECT] 
2025-12-18 20:53:27,527 [ERROR] LogOutputStream:75 - [STDERR_REDIRECT] [Fatal Error] :1:1: Premature end of file.
2025-12-18 20:53:27,528 [ERROR] LogOutputStream:75 - [STDERR_REDIRECT] 
2025-12-18 20:53:28,538 [ERROR] LogOutputStream:75 - [STDERR_REDIRECT] [Fatal Error] :1:1: Premature end of file.
2025-12-18 20:53:28,538 [ERROR] LogOutputStream:75 - [STDERR_REDIRECT] 
2025-12-18 20:53:29,541 [ERROR] LogOutputStream:75 - [STDERR_REDIRECT] [Fatal Error] :1:1: Premature end of file.
2025-12-18 20:53:29,541 [ERROR] LogOutputStream:75 - [STDERR_REDIRECT] 
2025-12-18 20:53:30,548 [ERROR] LogOutputStream:75 - [STDERR_REDIRECT] [Fatal Error] :1:1: Premature end of file.
2025-12-18 20:53:30,548 [ERROR] LogOutputStream:75 - [STDERR_REDIRECT] 
2025-12-18 20:53:31,534 [ERROR] LogOutputStream:75 - [STDERR_REDIRECT] [Fatal Error] :1:1: Premature end of file.
2025-12-18 20:53:31,534 [ERROR] LogOutputStream:75 - [STDERR_REDIRECT] 
2025-12-18 20:53:32,538 [ERROR] LogOutputStream:75 - [STDERR_REDIRECT] [Fatal Error] :1:1: Premature end of file.
2025-12-18 20:53:32,538 [ERROR] LogOutputStream:75 - [STDERR_REDIRECT] 
2025-12-18 20:53:33,530 [ERROR] LogOutputStream:75 - [STDERR_REDIRECT] [Fatal Error] :1:1: Premature end of file.
2025-12-18 20:53:33,530 [ERROR] LogOutputStream:75 - [STDERR_REDIRECT] 
2025-12-18 20:53:34,544 [ERROR] LogOutputStream:75 - [STDERR_REDIRECT] [Fatal Error] :1:1: Premature end of file.
2025-12-18 20:53:34,544 [ERROR] LogOutputStream:75 - [STDERR_REDIRECT] 
2025-12-18 20:53:35,530 [ERROR] LogOutputStream:75 - [STDERR_REDIRECT] [Fatal Error] :1:1: Premature end of file.
2025-12-18 20:53:35,530 [ERROR] LogOutputStream:75 - [STDERR_REDIRECT] 
2025-12-18 20:53:36,528 [ERROR] LogOutputStream:75 - [STDERR_REDIRECT] [Fatal Error] :1:1: Premature end of file.
2025-12-18 20:53:36,528 [ERROR] LogOutputStream:75 - [STDERR_REDIRECT] 
2025-12-18 20:53:37,534 [ERROR] LogOutputStream:75 - [STDERR_REDIRECT] [Fatal Error] :1:1: Premature end of file.
2025-12-18 20:53:37,534 [ERROR] LogOutputStream:75 - [STDERR_REDIRECT] 
2025-12-18 20:53:38,529 [ERROR] LogOutputStream:75 - [STDERR_REDIRECT] [Fatal Error] :1:1: Premature end of file.
2025-12-18 20:53:38,529 [ERROR] LogOutputStream:75 - [STDERR_REDIRECT] 
2025-12-18 20:53:39,539 [ERROR] LogOutputStream:75 - [STDERR_REDIRECT] [Fatal Error] :1:1: Premature end of file.
2025-12-18 20:53:39,539 [ERROR] LogOutputStream:75 - [STDERR_REDIRECT] 
2025-12-18 20:53:40,539 [ERROR] LogOutputStream:75 - [STDERR_REDIRECT] [Fatal Error] :1:1: Premature end of file.
2025-12-18 20:53:40,539 [ERROR] LogOutputStream:75 - [STDERR_REDIRECT] 
2025-12-18 20:53:41,547 [ERROR] LogOutputStream:75 - [STDERR_REDIRECT] [Fatal Error] :1:1: Premature end of file.
2025-12-18 20:53:41,547 [ERROR] LogOutputStream:75 - [STDERR_REDIRECT] 
2025-12-18 20:53:42,535 [ERROR] LogOutputStream:75 - [STDERR_REDIRECT] [Fatal Error] :1:1: Premature end of file.
2025-12-18 20:53:42,535 [ERROR] LogOutputStream:75 - [STDERR_REDIRECT] 
2025-12-18 20:53:43,539 [ERROR] LogOutputStream:75 - [STDERR_REDIRECT] [Fatal Error] :1:1: Premature end of file.
2025-12-18 20:53:43,539 [ERROR] LogOutputStream:75 - [STDERR_REDIRECT] 
2025-12-18 20:53:44,529 [ERROR] LogOutputStream:75 - [STDERR_REDIRECT] [Fatal Error] :1:1: Premature end of file.
2025-12-18 20:53:44,529 [ERROR] LogOutputStream:75 - [STDERR_REDIRECT] 
2025-12-18 20:53:45,543 [ERROR] LogOutputStream:75 - [STDERR_REDIRECT] [Fatal Error] :1:1: Premature end of file.
2025-12-18 20:53:45,543 [ERROR] LogOutputStream:75 - [STDERR_REDIRECT] 
2025-12-18 20:53:46,530 [ERROR] LogOutputStream:75 - [STDERR_REDIRECT] [Fatal Error] :1:1: Premature end of file.
2025-12-18 20:53:46,530 [ERROR] LogOutputStream:75 - [STDERR_REDIRECT] 
2025-12-18 20:53:47,530 [ERROR] LogOutputStream:75 - [STDERR_REDIRECT] [Fatal Error] :1:1: Premature end of file.
2025-12-18 20:53:47,530 [ERROR] LogOutputStream:75 - [STDERR_REDIRECT] 
2025-12-18 20:53:48,555 [ERROR] LogOutputStream:75 - [STDERR_REDIRECT] [Fatal Error] :1:1: Premature end of file.
2025-12-18 20:53:48,555 [ERROR] LogOutputStream:75 - [STDERR_REDIRECT] 
2025-12-18 20:53:49,529 [ERROR] LogOutputStream:75 - [STDERR_REDIRECT] [Fatal Error] :1:1: Premature end of file.
2025-12-18 20:53:49,530 [ERROR] LogOutputStream:75 - [STDERR_REDIRECT] 
2025-12-18 20:53:50,529 [ERROR] LogOutputStream:75 - [STDERR_REDIRECT] [Fatal Error] :1:1: Premature end of file.
2025-12-18 20:53:50,529 [ERROR] LogOutputStream:75 - [STDERR_REDIRECT] 
2025-12-18 20:53:51,552 [ERROR] LogOutputStream:75 - [STDERR_REDIRECT] [Fatal Error] :1:1: Premature end of file.
2025-12-18 20:53:51,552 [ERROR] LogOutputStream:75 - [STDERR_REDIRECT] 
2025-12-18 20:53:52,538 [ERROR] LogOutputStream:75 - [STDERR_REDIRECT] [Fatal Error] :1:1: Premature end of file.
2025-12-18 20:53:52,538 [ERROR] LogOutputStream:75 - [STDERR_REDIRECT] 
2025-12-18 20:53:53,529 [ERROR] LogOutputStream:75 - [STDERR_REDIRECT] [Fatal Error] :1:1: Premature end of file.
2025-12-18 20:53:53,529 [ERROR] LogOutputStream:75 - [STDERR_REDIRECT] 
2025-12-18 20:53:54,527 [ERROR] LogOutputStream:75 - [STDERR_REDIRECT] [Fatal Error] :1:1: Premature end of file.
2025-12-18 20:53:54,527 [ERROR] LogOutputStream:75 - [STDERR_REDIRECT] 
2025-12-18 20:53:55,527 [ERROR] LogOutputStream:75 - [STDERR_REDIRECT] [Fatal Error] :1:1: Premature end of file.
2025-12-18 20:53:55,528 [ERROR] LogOutputStream:75 - [STDERR_REDIRECT] 
2025-12-18 20:53:56,529 [ERROR] LogOutputStream:75 - [STDERR_REDIRECT] [Fatal Error] :1:1: Premature end of file.
2025-12-18 20:53:56,529 [ERROR] LogOutputStream:75 - [STDERR_REDIRECT] 
2025-12-18 20:53:57,528 [ERROR] LogOutputStream:75 - [STDERR_REDIRECT] [Fatal Error] :1:1: Premature end of file.
2025-12-18 20:53:57,528 [ERROR] LogOutputStream:75 - [STDERR_REDIRECT] 
2025-12-18 20:53:58,529 [ERROR] LogOutputStream:75 - [STDERR_REDIRECT] [Fatal Error] :1:1: Premature end of file.
2025-12-18 20:53:58,529 [ERROR] LogOutputStream:75 - [STDERR_REDIRECT] 
2025-12-18 20:53:59,553 [ERROR] LogOutputStream:75 - [STDERR_REDIRECT] [Fatal Error] :1:1: Premature end of file.
2025-12-18 20:53:59,553 [ERROR] LogOutputStream:75 - [STDERR_REDIRECT] 
2025-12-18 20:54:00,530 [ERROR] LogOutputStream:75 - [STDERR_REDIRECT] [Fatal Error] :1:1: Premature end of file.
2025-12-18 20:54:00,530 [ERROR] LogOutputStream:75 - [STDERR_REDIRECT] 
2025-12-18 20:54:01,527 [ERROR] LogOutputStream:75 - [STDERR_REDIRECT] [Fatal Error] :1:1: Premature end of file.
2025-12-18 20:54:01,527 [ERROR] LogOutputStream:75 - [STDERR_REDIRECT] 
2025-12-18 20:54:02,527 [ERROR] LogOutputStream:75 - [STDERR_REDIRECT] [Fatal Error] :1:1: Premature end of file.
2025-12-18 20:54:02,528 [ERROR] LogOutputStream:75 - [STDERR_REDIRECT] 
2025-12-18 20:54:03,527 [ERROR] LogOutputStream:75 - [STDERR_REDIRECT] [Fatal Error] :1:1: Premature end of file.
2025-12-18 20:54:03,527 [ERROR] LogOutputStream:75 - [STDERR_REDIRECT] 
2025-12-18 20:54:04,531 [ERROR] LogOutputStream:75 - [STDERR_REDIRECT] [Fatal Error] :1:1: Premature end of file.
2025-12-18 20:54:04,531 [ERROR] LogOutputStream:75 - [STDERR_REDIRECT] 
2025-12-18 20:54:05,539 [ERROR] LogOutputStream:75 - [STDERR_REDIRECT] [Fatal Error] :1:1: Premature end of file.
2025-12-18 20:54:05,539 [ERROR] LogOutputStream:75 - [STDERR_REDIRECT] 
2025-12-18 20:54:06,527 [ERROR] LogOutputStream:75 - [STDERR_REDIRECT] [Fatal Error] :1:1: Premature end of file.
2025-12-18 20:54:06,527 [ERROR] LogOutputStream:75 - [STDERR_REDIRECT] 
2025-12-18 20:54:07,530 [ERROR] LogOutputStream:75 - [STDERR_REDIRECT] [Fatal Error] :1:1: Premature end of file.
2025-12-18 20:54:07,530 [ERROR] LogOutputStream:75 - [STDERR_REDIRECT] 
2025-12-18 20:54:08,527 [ERROR] LogOutputStream:75 - [STDERR_REDIRECT] [Fatal Error] :1:1: Premature end of file.
2025-12-18 20:54:08,527 [ERROR] LogOutputStream:75 - [STDERR_REDIRECT] 
2025-12-18 20:54:09,529 [ERROR] LogOutputStream:75 - [STDERR_REDIRECT] [Fatal Error] :1:1: Premature end of file.
2025-12-18 20:54:09,529 [ERROR] LogOutputStream:75 - [STDERR_REDIRECT] 
2025-12-18 20:54:10,527 [ERROR] LogOutputStream:75 - [STDERR_REDIRECT] [Fatal Error] :1:1: Premature end of file.
2025-12-18 20:54:10,527 [ERROR] LogOutputStream:75 - [STDERR_REDIRECT] 
2025-12-18 20:54:11,529 [ERROR] LogOutputStream:75 - [STDERR_REDIRECT] [Fatal Error] :1:1: Premature end of file.
2025-12-18 20:54:11,529 [ERROR] LogOutputStream:75 - [STDERR_REDIRECT] 
2025-12-18 20:54:12,527 [ERROR] LogOutputStream:75 - [STDERR_REDIRECT] [Fatal Error] :1:1: Premature end of file.
2025-12-18 20:54:12,527 [ERROR] LogOutputStream:75 - [STDERR_REDIRECT] 
2025-12-18 20:54:13,528 [ERROR] LogOutputStream:75 - [STDERR_REDIRECT] [Fatal Error] :1:1: Premature end of file.
2025-12-18 20:54:13,528 [ERROR] LogOutputStream:75 - [STDERR_REDIRECT] 
2025-12-18 20:54:14,528 [ERROR] LogOutputStream:75 - [STDERR_REDIRECT] [Fatal Error] :1:1: Premature end of file.
2025-12-18 20:54:14,528 [ERROR] LogOutputStream:75 - [STDERR_REDIRECT] 
2025-12-18 20:54:15,528 [ERROR] LogOutputStream:75 - [STDERR_REDIRECT] [Fatal Error] :1:1: Premature end of file.
2025-12-18 20:54:15,528 [ERROR] LogOutputStream:75 - [STDERR_REDIRECT] 
2025-12-18 20:54:16,529 [ERROR] LogOutputStream:75 - [STDERR_REDIRECT] [Fatal Error] :1:1: Premature end of file.
2025-12-18 20:54:16,529 [ERROR] LogOutputStream:75 - [STDERR_REDIRECT] 
2025-12-18 20:54:17,527 [ERROR] LogOutputStream:75 - [STDERR_REDIRECT] [Fatal Error] :1:1: Premature end of file.
2025-12-18 20:54:17,527 [ERROR] LogOutputStream:75 - [STDERR_REDIRECT] 
2025-12-18 20:54:18,529 [ERROR] LogOutputStream:75 - [STDERR_REDIRECT] [Fatal Error] :1:1: Premature end of file.
2025-12-18 20:54:18,529 [ERROR] LogOutputStream:75 - [STDERR_REDIRECT] 
2025-12-18 20:54:19,528 [ERROR] LogOutputStream:75 - [STDERR_REDIRECT] [Fatal Error] :1:1: Premature end of file.
2025-12-18 20:54:19,528 [ERROR] LogOutputStream:75 - [STDERR_REDIRECT] 
2025-12-18 20:54:20,539 [ERROR] LogOutputStream:75 - [STDERR_REDIRECT] [Fatal Error] :1:1: Premature end of file.
2025-12-18 20:54:20,539 [ERROR] LogOutputStream:75 - [STDERR_REDIRECT] 
2025-12-18 20:54:21,530 [ERROR] LogOutputStream:75 - [STDERR_REDIRECT] [Fatal Error] :1:1: Premature end of file.
2025-12-18 20:54:21,530 [ERROR] LogOutputStream:75 - [STDERR_REDIRECT] 
2025-12-18 20:54:22,537 [ERROR] LogOutputStream:75 - [STDERR_REDIRECT] [Fatal Error] :1:1: Premature end of file.
2025-12-18 20:54:22,537 [ERROR] LogOutputStream:75 - [STDERR_REDIRECT] 
2025-12-18 20:54:23,528 [ERROR] LogOutputStream:75 - [STDERR_REDIRECT] [Fatal Error] :1:1: Premature end of file.
2025-12-18 20:54:23,528 [ERROR] LogOutputStream:75 - [STDERR_REDIRECT] 
2025-12-18 20:54:24,528 [ERROR] LogOutputStream:75 - [STDERR_REDIRECT] [Fatal Error] :1:1: Premature end of file.
2025-12-18 20:54:24,529 [ERROR] LogOutputStream:75 - [STDERR_REDIRECT] 
2025-12-18 20:54:25,530 [ERROR] LogOutputStream:75 - [STDERR_REDIRECT] [Fatal Error] :1:1: Premature end of file.
2025-12-18 20:54:25,530 [ERROR] LogOutputStream:75 - [STDERR_REDIRECT] 
2025-12-18 20:54:26,528 [ERROR] LogOutputStream:75 - [STDERR_REDIRECT] [Fatal Error] :1:1: Premature end of file.
2025-12-18 20:54:26,528 [ERROR] LogOutputStream:75 - [STDERR_REDIRECT] 
2025-12-18 20:54:27,527 [ERROR] LogOutputStream:75 - [STDERR_REDIRECT] [Fatal Error] :1:1: Premature end of file.
2025-12-18 20:54:27,527 [ERROR] LogOutputStream:75 - [STDERR_REDIRECT] 
2025-12-18 20:54:28,529 [ERROR] LogOutputStream:75 - [STDERR_REDIRECT] [Fatal Error] :1:1: Premature end of file.
2025-12-18 20:54:28,529 [ERROR] LogOutputStream:75 - [STDERR_REDIRECT] 
2025-12-18 20:54:29,534 [ERROR] LogOutputStream:75 - [STDERR_REDIRECT] [Fatal Error] :1:1: Premature end of file.
2025-12-18 20:54:29,534 [ERROR] LogOutputStream:75 - [STDERR_REDIRECT] 
2025-12-18 20:54:30,529 [ERROR] LogOutputStream:75 - [STDERR_REDIRECT] [Fatal Error] :1:1: Premature end of file.
2025-12-18 20:54:30,529 [ERROR] LogOutputStream:75 - [STDERR_REDIRECT] 
2025-12-18 20:54:31,527 [ERROR] LogOutputStream:75 - [STDERR_REDIRECT] [Fatal Error] :1:1: Premature end of file.
2025-12-18 20:54:31,527 [ERROR] LogOutputStream:75 - [STDERR_REDIRECT] 
2025-12-18 20:54:32,528 [ERROR] LogOutputStream:75 - [STDERR_REDIRECT] [Fatal Error] :1:1: Premature end of file.
2025-12-18 20:54:32,528 [ERROR] LogOutputStream:75 - [STDERR_REDIRECT] 
2025-12-18 20:54:33,526 [ERROR] LogOutputStream:75 - [STDERR_REDIRECT] [Fatal Error] :1:1: Premature end of file.
2025-12-18 20:54:33,526 [ERROR] LogOutputStream:75 - [STDERR_REDIRECT] 
2025-12-18 20:54:34,529 [ERROR] LogOutputStream:75 - [STDERR_REDIRECT] [Fatal Error] :1:1: Premature end of file.
2025-12-18 20:54:34,529 [ERROR] LogOutputStream:75 - [STDERR_REDIRECT] 
2025-12-18 20:54:35,528 [ERROR] LogOutputStream:75 - [STDERR_REDIRECT] [Fatal Error] :1:1: Premature end of file.
2025-12-18 20:54:35,528 [ERROR] LogOutputStream:75 - [STDERR_REDIRECT] 
2025-12-18 20:54:36,528 [ERROR] LogOutputStream:75 - [STDERR_REDIRECT] [Fatal Error] :1:1: Premature end of file.
2025-12-18 20:54:36,529 [ERROR] LogOutputStream:75 - [STDERR_REDIRECT] 
2025-12-18 20:54:37,527 [ERROR] LogOutputStream:75 - [STDERR_REDIRECT] [Fatal Error] :1:1: Premature end of file.
2025-12-18 20:54:37,527 [ERROR] LogOutputStream:75 - [STDERR_REDIRECT] 
2025-12-18 20:54:38,526 [ERROR] LogOutputStream:75 - [STDERR_REDIRECT] [Fatal Error] :1:1: Premature end of file.
2025-12-18 20:54:38,526 [ERROR] LogOutputStream:75 - [STDERR_REDIRECT] 
2025-12-18 20:54:39,527 [ERROR] LogOutputStream:75 - [STDERR_REDIRECT] [Fatal Error] :1:1: Premature end of file.
2025-12-18 20:54:39,527 [ERROR] LogOutputStream:75 - [STDERR_REDIRECT] 
2025-12-18 20:54:40,528 [ERROR] LogOutputStream:75 - [STDERR_REDIRECT] [Fatal Error] :1:1: Premature end of file.
2025-12-18 20:54:40,528 [ERROR] LogOutputStream:75 - [STDERR_REDIRECT] 
2025-12-18 20:54:41,528 [ERROR] LogOutputStream:75 - [STDERR_REDIRECT] [Fatal Error] :1:1: Premature end of file.
2025-12-18 20:54:41,528 [ERROR] LogOutputStream:75 - [STDERR_REDIRECT] 
2025-12-18 20:54:42,529 [ERROR] LogOutputStream:75 - [STDERR_REDIRECT] [Fatal Error] :1:1: Premature end of file.
2025-12-18 20:54:42,529 [ERROR] LogOutputStream:75 - [STDERR_REDIRECT] 
2025-12-18 20:54:43,528 [ERROR] LogOutputStream:75 - [STDERR_REDIRECT] [Fatal Error] :1:1: Premature end of file.
2025-12-18 20:54:43,529 [ERROR] LogOutputStream:75 - [STDERR_REDIRECT] 
2025-12-18 20:54:44,528 [ERROR] LogOutputStream:75 - [STDERR_REDIRECT] [Fatal Error] :1:1: Premature end of file.
2025-12-18 20:54:44,528 [ERROR] LogOutputStream:75 - [STDERR_REDIRECT] 
2025-12-18 20:54:45,527 [ERROR] LogOutputStream:75 - [STDERR_REDIRECT] [Fatal Error] :1:1: Premature end of file.
2025-12-18 20:54:45,527 [ERROR] LogOutputStream:75 - [STDERR_REDIRECT] 
2025-12-18 20:54:46,529 [ERROR] LogOutputStream:75 - [STDERR_REDIRECT] [Fatal Error] :1:1: Premature end of file.
2025-12-18 20:54:46,529 [ERROR] LogOutputStream:75 - [STDERR_REDIRECT] 
2025-12-18 20:54:47,527 [ERROR] LogOutputStream:75 - [STDERR_REDIRECT] [Fatal Error] :1:1: Premature end of file.
2025-12-18 20:54:47,527 [ERROR] LogOutputStream:75 - [STDERR_REDIRECT] 
2025-12-18 20:54:48,529 [ERROR] LogOutputStream:75 - [STDERR_REDIRECT] [Fatal Error] :1:1: Premature end of file.
2025-12-18 20:54:48,529 [ERROR] LogOutputStream:75 - [STDERR_REDIRECT] 
2025-12-18 20:54:49,528 [ERROR] LogOutputStream:75 - [STDERR_REDIRECT] [Fatal Error] :1:1: Premature end of file.
2025-12-18 20:54:49,528 [ERROR] LogOutputStream:75 - [STDERR_REDIRECT] 
2025-12-18 20:54:50,529 [ERROR] LogOutputStream:75 - [STDERR_REDIRECT] [Fatal Error] :1:1: Premature end of file.
2025-12-18 20:54:50,529 [ERROR] LogOutputStream:75 - [STDERR_REDIRECT] 
2025-12-18 20:54:51,528 [ERROR] LogOutputStream:75 - [STDERR_REDIRECT] [Fatal Error] :1:1: Premature end of file.
2025-12-18 20:54:51,528 [ERROR] LogOutputStream:75 - [STDERR_REDIRECT] 
2025-12-18 20:54:52,529 [ERROR] LogOutputStream:75 - [STDERR_REDIRECT] [Fatal Error] :1:1: Premature end of file.
2025-12-18 20:54:52,530 [ERROR] LogOutputStream:75 - [STDERR_REDIRECT] 
2025-12-18 20:54:53,527 [ERROR] LogOutputStream:75 - [STDERR_REDIRECT] [Fatal Error] :1:1: Premature end of file.
2025-12-18 20:54:53,527 [ERROR] LogOutputStream:75 - [STDERR_REDIRECT] 
2025-12-18 20:54:54,528 [ERROR] LogOutputStream:75 - [STDERR_REDIRECT] [Fatal Error] :1:1: Premature end of file.
2025-12-18 20:54:54,528 [ERROR] LogOutputStream:75 - [STDERR_REDIRECT] 
2025-12-18 20:54:55,526 [ERROR] LogOutputStream:75 - [STDERR_REDIRECT] [Fatal Error] :1:1: Premature end of file.
2025-12-18 20:54:55,526 [ERROR] LogOutputStream:75 - [STDERR_REDIRECT] 
2025-12-18 20:54:56,529 [ERROR] LogOutputStream:75 - [STDERR_REDIRECT] [Fatal Error] :1:1: Premature end of file.
2025-12-18 20:54:56,529 [ERROR] LogOutputStream:75 - [STDERR_REDIRECT] 
2025-12-18 20:54:57,527 [ERROR] LogOutputStream:75 - [STDERR_REDIRECT] [Fatal Error] :1:1: Premature end of file.
2025-12-18 20:54:57,527 [ERROR] LogOutputStream:75 - [STDERR_REDIRECT] 
2025-12-18 20:54:58,527 [ERROR] LogOutputStream:75 - [STDERR_REDIRECT] [Fatal Error] :1:1: Premature end of file.
2025-12-18 20:54:58,528 [ERROR] LogOutputStream:75 - [STDERR_REDIRECT] 
2025-12-18 20:54:59,528 [ERROR] LogOutputStream:75 - [STDERR_REDIRECT] [Fatal Error] :1:1: Premature end of file.
2025-12-18 20:54:59,528 [ERROR] LogOutputStream:75 - [STDERR_REDIRECT] 
2025-12-18 20:55:00,528 [ERROR] LogOutputStream:75 - [STDERR_REDIRECT] [Fatal Error] :1:1: Premature end of file.
2025-12-18 20:55:00,528 [ERROR] LogOutputStream:75 - [STDERR_REDIRECT] 
2025-12-18 20:55:01,526 [ERROR] LogOutputStream:75 - [STDERR_REDIRECT] [Fatal Error] :1:1: Premature end of file.
2025-12-18 20:55:01,526 [ERROR] LogOutputStream:75 - [STDERR_REDIRECT] 
2025-12-18 20:55:02,529 [ERROR] LogOutputStream:75 - [STDERR_REDIRECT] [Fatal Error] :1:1: Premature end of file.
2025-12-18 20:55:02,529 [ERROR] LogOutputStream:75 - [STDERR_REDIRECT] 
2025-12-18 20:55:03,529 [ERROR] LogOutputStream:75 - [STDERR_REDIRECT] [Fatal Error] :1:1: Premature end of file.
2025-12-18 20:55:03,529 [ERROR] LogOutputStream:75 - [STDERR_REDIRECT] 
2025-12-18 20:55:04,527 [ERROR] LogOutputStream:75 - [STDERR_REDIRECT] [Fatal Error] :1:1: Premature end of file.
2025-12-18 20:55:04,527 [ERROR] LogOutputStream:75 - [STDERR_REDIRECT] 
2025-12-18 20:55:05,528 [ERROR] LogOutputStream:75 - [STDERR_REDIRECT] [Fatal Error] :1:1: Premature end of file.
2025-12-18 20:55:05,528 [ERROR] LogOutputStream:75 - [STDERR_REDIRECT] 
2025-12-18 20:55:06,526 [ERROR] LogOutputStream:75 - [STDERR_REDIRECT] [Fatal Error] :1:1: Premature end of file.
2025-12-18 20:55:06,526 [ERROR] LogOutputStream:75 - [STDERR_REDIRECT] 
2025-12-18 20:55:07,528 [ERROR] LogOutputStream:75 - [STDERR_REDIRECT] [Fatal Error] :1:1: Premature end of file.
2025-12-18 20:55:07,528 [ERROR] LogOutputStream:75 - [STDERR_REDIRECT] 
2025-12-18 20:55:08,528 [ERROR] LogOutputStream:75 - [STDERR_REDIRECT] [Fatal Error] :1:1: Premature end of file.
2025-12-18 20:55:08,528 [ERROR] LogOutputStream:75 - [STDERR_REDIRECT] 
2025-12-18 20:55:09,528 [ERROR] LogOutputStream:75 - [STDERR_REDIRECT] [Fatal Error] :1:1: Premature end of file.
2025-12-18 20:55:09,528 [ERROR] LogOutputStream:75 - [STDERR_REDIRECT] 
2025-12-18 20:55:10,528 [ERROR] LogOutputStream:75 - [STDERR_REDIRECT] [Fatal Error] :1:1: Premature end of file.
2025-12-18 20:55:10,528 [ERROR] LogOutputStream:75 - [STDERR_REDIRECT] 
2025-12-18 20:55:11,527 [ERROR] LogOutputStream:75 - [STDERR_REDIRECT] [Fatal Error] :1:1: Premature end of file.
2025-12-18 20:55:11,527 [ERROR] LogOutputStream:75 - [STDERR_REDIRECT] 
2025-12-18 20:55:12,527 [ERROR] LogOutputStream:75 - [STDERR_REDIRECT] [Fatal Error] :1:1: Premature end of file.
2025-12-18 20:55:12,527 [ERROR] LogOutputStream:75 - [STDERR_REDIRECT] 
2025-12-18 20:55:13,528 [ERROR] LogOutputStream:75 - [STDERR_REDIRECT] [Fatal Error] :1:1: Premature end of file.
2025-12-18 20:55:13,528 [ERROR] LogOutputStream:75 - [STDERR_REDIRECT] 
2025-12-18 20:55:14,528 [ERROR] LogOutputStream:75 - [STDERR_REDIRECT] [Fatal Error] :1:1: Premature end of file.
2025-12-18 20:55:14,528 [ERROR] LogOutputStream:75 - [STDERR_REDIRECT] 
2025-12-18 20:55:15,528 [ERROR] LogOutputStream:75 - [STDERR_REDIRECT] [Fatal Error] :1:1: Premature end of file.
2025-12-18 20:55:15,528 [ERROR] LogOutputStream:75 - [STDERR_REDIRECT] 
2025-12-18 20:55:16,529 [ERROR] LogOutputStream:75 - [STDERR_REDIRECT] [Fatal Error] :1:1: Premature end of file.
2025-12-18 20:55:16,529 [ERROR] LogOutputStream:75 - [STDERR_REDIRECT] 
2025-12-18 20:55:17,528 [ERROR] LogOutputStream:75 - [STDERR_REDIRECT] [Fatal Error] :1:1: Premature end of file.
2025-12-18 20:55:17,528 [ERROR] LogOutputStream:75 - [STDERR_REDIRECT] 
2025-12-18 20:55:18,527 [ERROR] LogOutputStream:75 - [STDERR_REDIRECT] [Fatal Error] :1:1: Premature end of file.
2025-12-18 20:55:18,527 [ERROR] LogOutputStream:75 - [STDERR_REDIRECT] 
2025-12-18 20:55:19,528 [ERROR] LogOutputStream:75 - [STDERR_REDIRECT] [Fatal Error] :1:1: Premature end of file.
2025-12-18 20:55:19,528 [ERROR] LogOutputStream:75 - [STDERR_REDIRECT] 
2025-12-18 20:55:20,527 [ERROR] LogOutputStream:75 - [STDERR_REDIRECT] [Fatal Error] :1:1: Premature end of file.
2025-12-18 20:55:20,527 [ERROR] LogOutputStream:75 - [STDERR_REDIRECT] 
2025-12-18 20:55:21,529 [ERROR] LogOutputStream:75 - [STDERR_REDIRECT] [Fatal Error] :1:1: Premature end of file.
2025-12-18 20:55:21,529 [ERROR] LogOutputStream:75 - [STDERR_REDIRECT] 
2025-12-18 20:55:22,527 [ERROR] LogOutputStream:75 - [STDERR_REDIRECT] [Fatal Error] :1:1: Premature end of file.
2025-12-18 20:55:22,527 [ERROR] LogOutputStream:75 - [STDERR_REDIRECT] 
2025-12-18 20:55:23,528 [ERROR] LogOutputStream:75 - [STDERR_REDIRECT] [Fatal Error] :1:1: Premature end of file.
2025-12-18 20:55:23,528 [ERROR] LogOutputStream:75 - [STDERR_REDIRECT] 
2025-12-18 20:55:24,528 [ERROR] LogOutputStream:75 - [STDERR_REDIRECT] [Fatal Error] :1:1: Premature end of file.
2025-12-18 20:55:24,529 [ERROR] LogOutputStream:75 - [STDERR_REDIRECT] 
2025-12-18 20:55:25,526 [ERROR] LogOutputStream:75 - [STDERR_REDIRECT] [Fatal Error] :1:1: Premature end of file.
2025-12-18 20:55:25,526 [ERROR] LogOutputStream:75 - [STDERR_REDIRECT] 
2025-12-18 20:55:26,529 [ERROR] LogOutputStream:75 - [STDERR_REDIRECT] [Fatal Error] :1:1: Premature end of file.
2025-12-18 20:55:26,529 [ERROR] LogOutputStream:75 - [STDERR_REDIRECT] 
2025-12-18 20:55:27,529 [ERROR] LogOutputStream:75 - [STDERR_REDIRECT] [Fatal Error] :1:1: Premature end of file.
2025-12-18 20:55:27,529 [ERROR] LogOutputStream:75 - [STDERR_REDIRECT] 
2025-12-18 20:55:28,528 [ERROR] LogOutputStream:75 - [STDERR_REDIRECT] [Fatal Error] :1:1: Premature end of file.
2025-12-18 20:55:28,528 [ERROR] LogOutputStream:75 - [STDERR_REDIRECT] 
2025-12-18 20:55:29,529 [ERROR] LogOutputStream:75 - [STDERR_REDIRECT] [Fatal Error] :1:1: Premature end of file.
2025-12-18 20:55:29,529 [ERROR] LogOutputStream:75 - [STDERR_REDIRECT] 
2025-12-18 20:55:30,527 [ERROR] LogOutputStream:75 - [STDERR_REDIRECT] [Fatal Error] :1:1: Premature end of file.
2025-12-18 20:55:30,527 [ERROR] LogOutputStream:75 - [STDERR_REDIRECT] 
2025-12-18 20:55:31,527 [ERROR] LogOutputStream:75 - [STDERR_REDIRECT] [Fatal Error] :1:1: Premature end of file.
2025-12-18 20:55:31,527 [ERROR] LogOutputStream:75 - [STDERR_REDIRECT] 
2025-12-18 20:55:32,529 [ERROR] LogOutputStream:75 - [STDERR_REDIRECT] [Fatal Error] :1:1: Premature end of file.
2025-12-18 20:55:32,529 [ERROR] LogOutputStream:75 - [STDERR_REDIRECT] 
2025-12-18 20:55:33,527 [ERROR] LogOutputStream:75 - [STDERR_REDIRECT] [Fatal Error] :1:1: Premature end of file.
2025-12-18 20:55:33,527 [ERROR] LogOutputStream:75 - [STDERR_REDIRECT] 
2025-12-18 20:55:34,527 [ERROR] LogOutputStream:75 - [STDERR_REDIRECT] [Fatal Error] :1:1: Premature end of file.
2025-12-18 20:55:34,527 [ERROR] LogOutputStream:75 - [STDERR_REDIRECT] 
2025-12-18 20:55:35,528 [ERROR] LogOutputStream:75 - [STDERR_REDIRECT] [Fatal Error] :1:1: Premature end of file.
2025-12-18 20:55:35,528 [ERROR] LogOutputStream:75 - [STDERR_REDIRECT] 
2025-12-18 20:55:36,529 [ERROR] LogOutputStream:75 - [STDERR_REDIRECT] [Fatal Error] :1:1: Premature end of file.
2025-12-18 20:55:36,529 [ERROR] LogOutputStream:75 - [STDERR_REDIRECT] 
2025-12-18 20:55:37,528 [ERROR] LogOutputStream:75 - [STDERR_REDIRECT] [Fatal Error] :1:1: Premature end of file.
2025-12-18 20:55:37,528 [ERROR] LogOutputStream:75 - [STDERR_REDIRECT] 
2025-12-18 20:55:38,528 [ERROR] LogOutputStream:75 - [STDERR_REDIRECT] [Fatal Error] :1:1: Premature end of file.
2025-12-18 20:55:38,528 [ERROR] LogOutputStream:75 - [STDERR_REDIRECT] 
2025-12-18 20:55:39,526 [ERROR] LogOutputStream:75 - [STDERR_REDIRECT] [Fatal Error] :1:1: Premature end of file.
2025-12-18 20:55:39,526 [ERROR] LogOutputStream:75 - [STDERR_REDIRECT] 
2025-12-18 20:55:40,529 [ERROR] LogOutputStream:75 - [STDERR_REDIRECT] [Fatal Error] :1:1: Premature end of file.
2025-12-18 20:55:40,529 [ERROR] LogOutputStream:75 - [STDERR_REDIRECT] 
2025-12-18 20:55:41,528 [ERROR] LogOutputStream:75 - [STDERR_REDIRECT] [Fatal Error] :1:1: Premature end of file.
2025-12-18 20:55:41,528 [ERROR] LogOutputStream:75 - [STDERR_REDIRECT] 
2025-12-18 20:55:42,527 [ERROR] LogOutputStream:75 - [STDERR_REDIRECT] [Fatal Error] :1:1: Premature end of file.
2025-12-18 20:55:42,527 [ERROR] LogOutputStream:75 - [STDERR_REDIRECT] 
2025-12-18 20:55:43,529 [ERROR] LogOutputStream:75 - [STDERR_REDIRECT] [Fatal Error] :1:1: Premature end of file.
2025-12-18 20:55:43,529 [ERROR] LogOutputStream:75 - [STDERR_REDIRECT] 
2025-12-18 20:55:44,526 [ERROR] LogOutputStream:75 - [STDERR_REDIRECT] [Fatal Error] :1:1: Premature end of file.
2025-12-18 20:55:44,526 [ERROR] LogOutputStream:75 - [STDERR_REDIRECT] 
2025-12-18 20:55:45,529 [ERROR] LogOutputStream:75 - [STDERR_REDIRECT] [Fatal Error] :1:1: Premature end of file.
2025-12-18 20:55:45,529 [ERROR] LogOutputStream:75 - [STDERR_REDIRECT] 
2025-12-18 20:55:46,529 [ERROR] LogOutputStream:75 - [STDERR_REDIRECT] [Fatal Error] :1:1: Premature end of file.
2025-12-18 20:55:46,529 [ERROR] LogOutputStream:75 - [STDERR_REDIRECT] 
2025-12-18 20:55:47,527 [ERROR] LogOutputStream:75 - [STDERR_REDIRECT] [Fatal Error] :1:1: Premature end of file.
2025-12-18 20:55:47,527 [ERROR] LogOutputStream:75 - [STDERR_REDIRECT] 
2025-12-18 20:55:48,528 [ERROR] LogOutputStream:75 - [STDERR_REDIRECT] [Fatal Error] :1:1: Premature end of file.
2025-12-18 20:55:48,529 [ERROR] LogOutputStream:75 - [STDERR_REDIRECT] 
2025-12-18 20:55:49,527 [ERROR] LogOutputStream:75 - [STDERR_REDIRECT] [Fatal Error] :1:1: Premature end of file.
2025-12-18 20:55:49,527 [ERROR] LogOutputStream:75 - [STDERR_REDIRECT] 
2025-12-18 20:55:50,526 [ERROR] LogOutputStream:75 - [STDERR_REDIRECT] [Fatal Error] :1:1: Premature end of file.
2025-12-18 20:55:50,527 [ERROR] LogOutputStream:75 - [STDERR_REDIRECT] 
2025-12-18 20:55:51,529 [ERROR] LogOutputStream:75 - [STDERR_REDIRECT] [Fatal Error] :1:1: Premature end of file.
2025-12-18 20:55:51,529 [ERROR] LogOutputStream:75 - [STDERR_REDIRECT] 
2025-12-18 20:55:52,528 [ERROR] LogOutputStream:75 - [STDERR_REDIRECT] [Fatal Error] :1:1: Premature end of file.
2025-12-18 20:55:52,528 [ERROR] LogOutputStream:75 - [STDERR_REDIRECT] 
2025-12-18 20:55:53,528 [ERROR] LogOutputStream:75 - [STDERR_REDIRECT] [Fatal Error] :1:1: Premature end of file.
2025-12-18 20:55:53,528 [ERROR] LogOutputStream:75 - [STDERR_REDIRECT] 
2025-12-18 20:55:54,526 [ERROR] LogOutputStream:75 - [STDERR_REDIRECT] [Fatal Error] :1:1: Premature end of file.
2025-12-18 20:55:54,526 [ERROR] LogOutputStream:75 - [STDERR_REDIRECT] 
2025-12-18 20:55:55,528 [ERROR] LogOutputStream:75 - [STDERR_REDIRECT] [Fatal Error] :1:1: Premature end of file.
2025-12-18 20:55:55,528 [ERROR] LogOutputStream:75 - [STDERR_REDIRECT] 
2025-12-18 20:55:56,528 [ERROR] LogOutputStream:75 - [STDERR_REDIRECT] [Fatal Error] :1:1: Premature end of file.
2025-12-18 20:55:56,528 [ERROR] LogOutputStream:75 - [STDERR_REDIRECT] 
2025-12-18 20:55:57,530 [ERROR] LogOutputStream:75 - [STDERR_REDIRECT] [Fatal Error] :1:1: Premature end of file.
2025-12-18 20:55:57,530 [ERROR] LogOutputStream:75 - [STDERR_REDIRECT] 
2025-12-18 20:55:58,528 [ERROR] LogOutputStream:75 - [STDERR_REDIRECT] [Fatal Error] :1:1: Premature end of file.
2025-12-18 20:55:58,528 [ERROR] LogOutputStream:75 - [STDERR_REDIRECT] 
2025-12-18 20:55:59,527 [ERROR] LogOutputStream:75 - [STDERR_REDIRECT] [Fatal Error] :1:1: Premature end of file.
2025-12-18 20:55:59,527 [ERROR] LogOutputStream:75 - [STDERR_REDIRECT] 
2025-12-18 20:56:00,527 [ERROR] LogOutputStream:75 - [STDERR_REDIRECT] [Fatal Error] :1:1: Premature end of file.
2025-12-18 20:56:00,527 [ERROR] LogOutputStream:75 - [STDERR_REDIRECT] 
2025-12-18 20:56:01,528 [ERROR] LogOutputStream:75 - [STDERR_REDIRECT] [Fatal Error] :1:1: Premature end of file.
2025-12-18 20:56:01,528 [ERROR] LogOutputStream:75 - [STDERR_REDIRECT] 
2025-12-18 20:56:02,527 [ERROR] LogOutputStream:75 - [STDERR_REDIRECT] [Fatal Error] :1:1: Premature end of file.
2025-12-18 20:56:02,527 [ERROR] LogOutputStream:75 - [STDERR_REDIRECT] 
2025-12-18 20:56:03,528 [ERROR] LogOutputStream:75 - [STDERR_REDIRECT] [Fatal Error] :1:1: Premature end of file.
2025-12-18 20:56:03,528 [ERROR] LogOutputStream:75 - [STDERR_REDIRECT] 
2025-12-18 20:56:04,528 [ERROR] LogOutputStream:75 - [STDERR_REDIRECT] [Fatal Error] :1:1: Premature end of file.
2025-12-18 20:56:04,528 [ERROR] LogOutputStream:75 - [STDERR_REDIRECT] 
2025-12-18 20:56:05,530 [ERROR] LogOutputStream:75 - [STDERR_REDIRECT] [Fatal Error] :1:1: Premature end of file.
2025-12-18 20:56:05,530 [ERROR] LogOutputStream:75 - [STDERR_REDIRECT] 
2025-12-18 20:56:06,527 [ERROR] LogOutputStream:75 - [STDERR_REDIRECT] [Fatal Error] :1:1: Premature end of file.
2025-12-18 20:56:06,527 [ERROR] LogOutputStream:75 - [STDERR_REDIRECT] 
2025-12-18 20:56:07,527 [ERROR] LogOutputStream:75 - [STDERR_REDIRECT] [Fatal Error] :1:1: Premature end of file.
2025-12-18 20:56:07,527 [ERROR] LogOutputStream:75 - [STDERR_REDIRECT] 
2025-12-18 20:56:08,528 [ERROR] LogOutputStream:75 - [STDERR_REDIRECT] [Fatal Error] :1:1: Premature end of file.
2025-12-18 20:56:08,528 [ERROR] LogOutputStream:75 - [STDERR_REDIRECT] 
2025-12-18 20:56:09,529 [ERROR] LogOutputStream:75 - [STDERR_REDIRECT] [Fatal Error] :1:1: Premature end of file.
2025-12-18 20:56:09,529 [ERROR] LogOutputStream:75 - [STDERR_REDIRECT] 
2025-12-18 20:56:10,527 [ERROR] LogOutputStream:75 - [STDERR_REDIRECT] [Fatal Error] :1:1: Premature end of file.
2025-12-18 20:56:10,528 [ERROR] LogOutputStream:75 - [STDERR_REDIRECT] 
2025-12-18 20:56:11,535 [ERROR] LogOutputStream:75 - [STDERR_REDIRECT] [Fatal Error] :1:1: Premature end of file.
2025-12-18 20:56:11,535 [ERROR] LogOutputStream:75 - [STDERR_REDIRECT] 
2025-12-18 20:56:12,527 [ERROR] LogOutputStream:75 - [STDERR_REDIRECT] [Fatal Error] :1:1: Premature end of file.
2025-12-18 20:56:12,527 [ERROR] LogOutputStream:75 - [STDERR_REDIRECT] 
2025-12-18 20:56:13,538 [ERROR] LogOutputStream:75 - [STDERR_REDIRECT] [Fatal Error] :1:1: Premature end of file.
2025-12-18 20:56:13,538 [ERROR] LogOutputStream:75 - [STDERR_REDIRECT] 
2025-12-18 20:56:14,527 [ERROR] LogOutputStream:75 - [STDERR_REDIRECT] [Fatal Error] :1:1: Premature end of file.
2025-12-18 20:56:14,527 [ERROR] LogOutputStream:75 - [STDERR_REDIRECT] 
2025-12-18 20:56:15,527 [ERROR] LogOutputStream:75 - [STDERR_REDIRECT] [Fatal Error] :1:1: Premature end of file.
2025-12-18 20:56:15,527 [ERROR] LogOutputStream:75 - [STDERR_REDIRECT] 
2025-12-18 20:56:16,529 [ERROR] LogOutputStream:75 - [STDERR_REDIRECT] [Fatal Error] :1:1: Premature end of file.
2025-12-18 20:56:16,529 [ERROR] LogOutputStream:75 - [STDERR_REDIRECT] 
2025-12-18 20:56:17,531 [ERROR] LogOutputStream:75 - [STDERR_REDIRECT] [Fatal Error] :1:1: Premature end of file.
2025-12-18 20:56:17,532 [ERROR] LogOutputStream:75 - [STDERR_REDIRECT] 
2025-12-18 20:56:18,527 [ERROR] LogOutputStream:75 - [STDERR_REDIRECT] [Fatal Error] :1:1: Premature end of file.
2025-12-18 20:56:18,527 [ERROR] LogOutputStream:75 - [STDERR_REDIRECT] 
2025-12-18 20:56:19,527 [ERROR] LogOutputStream:75 - [STDERR_REDIRECT] [Fatal Error] :1:1: Premature end of file.
2025-12-18 20:56:19,527 [ERROR] LogOutputStream:75 - [STDERR_REDIRECT] 
2025-12-18 20:56:20,527 [ERROR] LogOutputStream:75 - [STDERR_REDIRECT] [Fatal Error] :1:1: Premature end of file.
2025-12-18 20:56:20,527 [ERROR] LogOutputStream:75 - [STDERR_REDIRECT] 
2025-12-18 20:56:21,528 [ERROR] LogOutputStream:75 - [STDERR_REDIRECT] [Fatal Error] :1:1: Premature end of file.
2025-12-18 20:56:21,528 [ERROR] LogOutputStream:75 - [STDERR_REDIRECT] 
2025-12-18 20:56:22,528 [ERROR] LogOutputStream:75 - [STDERR_REDIRECT] [Fatal Error] :1:1: Premature end of file.
2025-12-18 20:56:22,528 [ERROR] LogOutputStream:75 - [STDERR_REDIRECT] 
2025-12-18 20:56:23,528 [ERROR] LogOutputStream:75 - [STDERR_REDIRECT] [Fatal Error] :1:1: Premature end of file.
2025-12-18 20:56:23,528 [ERROR] LogOutputStream:75 - [STDERR_REDIRECT] 
2025-12-18 20:56:24,529 [ERROR] LogOutputStream:75 - [STDERR_REDIRECT] [Fatal Error] :1:1: Premature end of file.
2025-12-18 20:56:24,529 [ERROR] LogOutputStream:75 - [STDERR_REDIRECT] 
2025-12-18 20:56:25,528 [ERROR] LogOutputStream:75 - [STDERR_REDIRECT] [Fatal Error] :1:1: Premature end of file.
2025-12-18 20:56:25,528 [ERROR] LogOutputStream:75 - [STDERR_REDIRECT] 
2025-12-18 20:56:26,527 [ERROR] LogOutputStream:75 - [STDERR_REDIRECT] [Fatal Error] :1:1: Premature end of file.
2025-12-18 20:56:26,527 [ERROR] LogOutputStream:75 - [STDERR_REDIRECT] 
2025-12-18 20:56:27,528 [ERROR] LogOutputStream:75 - [STDERR_REDIRECT] [Fatal Error] :1:1: Premature end of file.
2025-12-18 20:56:27,528 [ERROR] LogOutputStream:75 - [STDERR_REDIRECT] 
2025-12-18 20:56:28,527 [ERROR] LogOutputStream:75 - [STDERR_REDIRECT] [Fatal Error] :1:1: Premature end of file.
2025-12-18 20:56:28,527 [ERROR] LogOutputStream:75 - [STDERR_REDIRECT] 
2025-12-18 20:56:29,531 [ERROR] LogOutputStream:75 - [STDERR_REDIRECT] [Fatal Error] :1:1: Premature end of file.
2025-12-18 20:56:29,531 [ERROR] LogOutputStream:75 - [STDERR_REDIRECT] 
2025-12-18 20:56:30,528 [ERROR] LogOutputStream:75 - [STDERR_REDIRECT] [Fatal Error] :1:1: Premature end of file.
2025-12-18 20:56:30,528 [ERROR] LogOutputStream:75 - [STDERR_REDIRECT] 
2025-12-18 20:56:31,534 [ERROR] LogOutputStream:75 - [STDERR_REDIRECT] [Fatal Error] :1:1: Premature end of file.
2025-12-18 20:56:31,534 [ERROR] LogOutputStream:75 - [STDERR_REDIRECT] 
2025-12-18 20:56:32,527 [ERROR] LogOutputStream:75 - [STDERR_REDIRECT] [Fatal Error] :1:1: Premature end of file.
2025-12-18 20:56:32,527 [ERROR] LogOutputStream:75 - [STDERR_REDIRECT] 
2025-12-18 20:56:33,527 [ERROR] LogOutputStream:75 - [STDERR_REDIRECT] [Fatal Error] :1:1: Premature end of file.
2025-12-18 20:56:33,528 [ERROR] LogOutputStream:75 - [STDERR_REDIRECT] 
2025-12-18 20:56:34,529 [ERROR] LogOutputStream:75 - [STDERR_REDIRECT] [Fatal Error] :1:1: Premature end of file.
2025-12-18 20:56:34,529 [ERROR] LogOutputStream:75 - [STDERR_REDIRECT] 
2025-12-18 20:56:35,530 [ERROR] LogOutputStream:75 - [STDERR_REDIRECT] [Fatal Error] :1:1: Premature end of file.
2025-12-18 20:56:35,530 [ERROR] LogOutputStream:75 - [STDERR_REDIRECT] 
2025-12-18 20:56:36,529 [ERROR] LogOutputStream:75 - [STDERR_REDIRECT] [Fatal Error] :1:1: Premature end of file.
2025-12-18 20:56:36,529 [ERROR] LogOutputStream:75 - [STDERR_REDIRECT] 
2025-12-18 20:56:37,530 [ERROR] LogOutputStream:75 - [STDERR_REDIRECT] [Fatal Error] :1:1: Premature end of file.
2025-12-18 20:56:37,531 [ERROR] LogOutputStream:75 - [STDERR_REDIRECT] 
2025-12-18 20:56:38,529 [ERROR] LogOutputStream:75 - [STDERR_REDIRECT] [Fatal Error] :1:1: Premature end of file.
2025-12-18 20:56:38,530 [ERROR] LogOutputStream:75 - [STDERR_REDIRECT] 
2025-12-18 20:56:39,526 [ERROR] LogOutputStream:75 - [STDERR_REDIRECT] [Fatal Error] :1:1: Premature end of file.
2025-12-18 20:56:39,526 [ERROR] LogOutputStream:75 - [STDERR_REDIRECT] 
2025-12-18 20:56:40,530 [ERROR] LogOutputStream:75 - [STDERR_REDIRECT] [Fatal Error] :1:1: Premature end of file.
2025-12-18 20:56:40,530 [ERROR] LogOutputStream:75 - [STDERR_REDIRECT] 
2025-12-18 20:56:41,528 [ERROR] LogOutputStream:75 - [STDERR_REDIRECT] [Fatal Error] :1:1: Premature end of file.
2025-12-18 20:56:41,528 [ERROR] LogOutputStream:75 - [STDERR_REDIRECT] 
2025-12-18 20:56:42,528 [ERROR] LogOutputStream:75 - [STDERR_REDIRECT] [Fatal Error] :1:1: Premature end of file.
2025-12-18 20:56:42,528 [ERROR] LogOutputStream:75 - [STDERR_REDIRECT] 
2025-12-18 20:56:43,527 [ERROR] LogOutputStream:75 - [STDERR_REDIRECT] [Fatal Error] :1:1: Premature end of file.
2025-12-18 20:56:43,527 [ERROR] LogOutputStream:75 - [STDERR_REDIRECT] 
2025-12-18 20:56:44,529 [ERROR] LogOutputStream:75 - [STDERR_REDIRECT] [Fatal Error] :1:1: Premature end of file.
2025-12-18 20:56:44,529 [ERROR] LogOutputStream:75 - [STDERR_REDIRECT] 
2025-12-18 20:56:45,529 [ERROR] LogOutputStream:75 - [STDERR_REDIRECT] [Fatal Error] :1:1: Premature end of file.
2025-12-18 20:56:45,529 [ERROR] LogOutputStream:75 - [STDERR_REDIRECT] 
2025-12-18 20:56:46,528 [ERROR] LogOutputStream:75 - [STDERR_REDIRECT] [Fatal Error] :1:1: Premature end of file.
2025-12-18 20:56:46,528 [ERROR] LogOutputStream:75 - [STDERR_REDIRECT] 
2025-12-18 20:56:47,528 [ERROR] LogOutputStream:75 - [STDERR_REDIRECT] [Fatal Error] :1:1: Premature end of file.
2025-12-18 20:56:47,528 [ERROR] LogOutputStream:75 - [STDERR_REDIRECT] 
2025-12-18 20:56:48,527 [ERROR] LogOutputStream:75 - [STDERR_REDIRECT] [Fatal Error] :1:1: Premature end of file.
2025-12-18 20:56:48,527 [ERROR] LogOutputStream:75 - [STDERR_REDIRECT] 
2025-12-18 20:56:49,528 [ERROR] LogOutputStream:75 - [STDERR_REDIRECT] [Fatal Error] :1:1: Premature end of file.
2025-12-18 20:56:49,528 [ERROR] LogOutputStream:75 - [STDERR_REDIRECT] 
2025-12-18 20:56:50,528 [ERROR] LogOutputStream:75 - [STDERR_REDIRECT] [Fatal Error] :1:1: Premature end of file.
2025-12-18 20:56:50,528 [ERROR] LogOutputStream:75 - [STDERR_REDIRECT] 
2025-12-18 20:56:51,527 [ERROR] LogOutputStream:75 - [STDERR_REDIRECT] [Fatal Error] :1:1: Premature end of file.
2025-12-18 20:56:51,527 [ERROR] LogOutputStream:75 - [STDERR_REDIRECT] 
2025-12-18 20:56:52,527 [ERROR] LogOutputStream:75 - [STDERR_REDIRECT] [Fatal Error] :1:1: Premature end of file.
2025-12-18 20:56:52,527 [ERROR] LogOutputStream:75 - [STDERR_REDIRECT] 
2025-12-18 20:56:53,529 [ERROR] LogOutputStream:75 - [STDERR_REDIRECT] [Fatal Error] :1:1: Premature end of file.
2025-12-18 20:56:53,529 [ERROR] LogOutputStream:75 - [STDERR_REDIRECT] 
2025-12-18 20:56:54,527 [ERROR] LogOutputStream:75 - [STDERR_REDIRECT] [Fatal Error] :1:1: Premature end of file.
2025-12-18 20:56:54,527 [ERROR] LogOutputStream:75 - [STDERR_REDIRECT] 
2025-12-18 20:56:55,526 [ERROR] LogOutputStream:75 - [STDERR_REDIRECT] [Fatal Error] :1:1: Premature end of file.
2025-12-18 20:56:55,526 [ERROR] LogOutputStream:75 - [STDERR_REDIRECT] 
2025-12-18 20:56:56,530 [ERROR] LogOutputStream:75 - [STDERR_REDIRECT] [Fatal Error] :1:1: Premature end of file.
2025-12-18 20:56:56,530 [ERROR] LogOutputStream:75 - [STDERR_REDIRECT] 
2025-12-18 20:56:57,528 [ERROR] LogOutputStream:75 - [STDERR_REDIRECT] [Fatal Error] :1:1: Premature end of file.
2025-12-18 20:56:57,528 [ERROR] LogOutputStream:75 - [STDERR_REDIRECT] 
2025-12-18 20:56:58,528 [ERROR] LogOutputStream:75 - [STDERR_REDIRECT] [Fatal Error] :1:1: Premature end of file.
2025-12-18 20:56:58,528 [ERROR] LogOutputStream:75 - [STDERR_REDIRECT] 
2025-12-18 20:56:59,527 [ERROR] LogOutputStream:75 - [STDERR_REDIRECT] [Fatal Error] :1:1: Premature end of file.
2025-12-18 20:56:59,527 [ERROR] LogOutputStream:75 - [STDERR_REDIRECT] 
2025-12-18 20:57:00,528 [ERROR] LogOutputStream:75 - [STDERR_REDIRECT] [Fatal Error] :1:1: Premature end of file.
2025-12-18 20:57:00,528 [ERROR] LogOutputStream:75 - [STDERR_REDIRECT] 
2025-12-18 20:57:01,528 [ERROR] LogOutputStream:75 - [STDERR_REDIRECT] [Fatal Error] :1:1: Premature end of file.
2025-12-18 20:57:01,528 [ERROR] LogOutputStream:75 - [STDERR_REDIRECT] 
2025-12-18 20:57:02,527 [ERROR] LogOutputStream:75 - [STDERR_REDIRECT] [Fatal Error] :1:1: Premature end of file.
2025-12-18 20:57:02,527 [ERROR] LogOutputStream:75 - [STDERR_REDIRECT] 
2025-12-18 20:57:03,528 [ERROR] LogOutputStream:75 - [STDERR_REDIRECT] [Fatal Error] :1:1: Premature end of file.
2025-12-18 20:57:03,528 [ERROR] LogOutputStream:75 - [STDERR_REDIRECT] 
2025-12-18 20:57:04,528 [ERROR] LogOutputStream:75 - [STDERR_REDIRECT] [Fatal Error] :1:1: Premature end of file.
2025-12-18 20:57:04,528 [ERROR] LogOutputStream:75 - [STDERR_REDIRECT] 
2025-12-18 20:57:05,527 [ERROR] LogOutputStream:75 - [STDERR_REDIRECT] [Fatal Error] :1:1: Premature end of file.
2025-12-18 20:57:05,527 [ERROR] LogOutputStream:75 - [STDERR_REDIRECT] 
2025-12-18 20:57:06,529 [ERROR] LogOutputStream:75 - [STDERR_REDIRECT] [Fatal Error] :1:1: Premature end of file.
2025-12-18 20:57:06,529 [ERROR] LogOutputStream:75 - [STDERR_REDIRECT] 
2025-12-18 20:57:07,527 [ERROR] LogOutputStream:75 - [STDERR_REDIRECT] [Fatal Error] :1:1: Premature end of file.
2025-12-18 20:57:07,528 [ERROR] LogOutputStream:75 - [STDERR_REDIRECT] 
2025-12-18 20:57:08,528 [ERROR] LogOutputStream:75 - [STDERR_REDIRECT] [Fatal Error] :1:1: Premature end of file.
2025-12-18 20:57:08,529 [ERROR] LogOutputStream:75 - [STDERR_REDIRECT] 
2025-12-18 20:57:09,528 [ERROR] LogOutputStream:75 - [STDERR_REDIRECT] [Fatal Error] :1:1: Premature end of file.
2025-12-18 20:57:09,528 [ERROR] LogOutputStream:75 - [STDERR_REDIRECT] 
2025-12-18 20:57:10,531 [ERROR] LogOutputStream:75 - [STDERR_REDIRECT] [Fatal Error] :1:1: Premature end of file.
2025-12-18 20:57:10,531 [ERROR] LogOutputStream:75 - [STDERR_REDIRECT] 
2025-12-18 20:57:11,527 [ERROR] LogOutputStream:75 - [STDERR_REDIRECT] [Fatal Error] :1:1: Premature end of file.
2025-12-18 20:57:11,527 [ERROR] LogOutputStream:75 - [STDERR_REDIRECT] 
2025-12-18 20:57:12,535 [ERROR] LogOutputStream:75 - [STDERR_REDIRECT] [Fatal Error] :1:1: Premature end of file.
2025-12-18 20:57:12,535 [ERROR] LogOutputStream:75 - [STDERR_REDIRECT] 
2025-12-18 20:57:13,528 [ERROR] LogOutputStream:75 - [STDERR_REDIRECT] [Fatal Error] :1:1: Premature end of file.
2025-12-18 20:57:13,528 [ERROR] LogOutputStream:75 - [STDERR_REDIRECT] 
2025-12-18 20:57:14,528 [ERROR] LogOutputStream:75 - [STDERR_REDIRECT] [Fatal Error] :1:1: Premature end of file.
2025-12-18 20:57:14,528 [ERROR] LogOutputStream:75 - [STDERR_REDIRECT] 
2025-12-18 20:57:15,527 [ERROR] LogOutputStream:75 - [STDERR_REDIRECT] [Fatal Error] :1:1: Premature end of file.
2025-12-18 20:57:15,527 [ERROR] LogOutputStream:75 - [STDERR_REDIRECT] 
2025-12-18 20:57:16,530 [ERROR] LogOutputStream:75 - [STDERR_REDIRECT] [Fatal Error] :1:1: Premature end of file.
2025-12-18 20:57:16,530 [ERROR] LogOutputStream:75 - [STDERR_REDIRECT] 
2025-12-18 20:57:17,528 [ERROR] LogOutputStream:75 - [STDERR_REDIRECT] [Fatal Error] :1:1: Premature end of file.
2025-12-18 20:57:17,528 [ERROR] LogOutputStream:75 - [STDERR_REDIRECT] 
2025-12-18 20:57:18,530 [ERROR] LogOutputStream:75 - [STDERR_REDIRECT] [Fatal Error] :1:1: Premature end of file.
2025-12-18 20:57:18,530 [ERROR] LogOutputStream:75 - [STDERR_REDIRECT] 
2025-12-18 20:57:19,537 [ERROR] LogOutputStream:75 - [STDERR_REDIRECT] [Fatal Error] :1:1: Premature end of file.
2025-12-18 20:57:19,539 [ERROR] LogOutputStream:75 - [STDERR_REDIRECT] 
2025-12-18 20:57:20,528 [ERROR] LogOutputStream:75 - [STDERR_REDIRECT] [Fatal Error] :1:1: Premature end of file.
2025-12-18 20:57:20,528 [ERROR] LogOutputStream:75 - [STDERR_REDIRECT] 
2025-12-18 20:57:21,528 [ERROR] LogOutputStream:75 - [STDERR_REDIRECT] [Fatal Error] :1:1: Premature end of file.
2025-12-18 20:57:21,528 [ERROR] LogOutputStream:75 - [STDERR_REDIRECT] 
2025-12-18 20:57:22,528 [ERROR] LogOutputStream:75 - [STDERR_REDIRECT] [Fatal Error] :1:1: Premature end of file.
2025-12-18 20:57:22,530 [ERROR] LogOutputStream:75 - [STDERR_REDIRECT] 
2025-12-18 20:57:23,529 [ERROR] LogOutputStream:75 - [STDERR_REDIRECT] [Fatal Error] :1:1: Premature end of file.
2025-12-18 20:57:23,529 [ERROR] LogOutputStream:75 - [STDERR_REDIRECT] 
2025-12-18 20:57:24,534 [ERROR] LogOutputStream:75 - [STDERR_REDIRECT] [Fatal Error] :1:1: Premature end of file.
2025-12-18 20:57:24,535 [ERROR] LogOutputStream:75 - [STDERR_REDIRECT] 
2025-12-18 20:57:25,527 [ERROR] LogOutputStream:75 - [STDERR_REDIRECT] [Fatal Error] :1:1: Premature end of file.
2025-12-18 20:57:25,528 [ERROR] LogOutputStream:75 - [STDERR_REDIRECT] 
2025-12-18 20:57:26,538 [ERROR] LogOutputStream:75 - [STDERR_REDIRECT] [Fatal Error] :1:1: Premature end of file.
2025-12-18 20:57:26,538 [ERROR] LogOutputStream:75 - [STDERR_REDIRECT] 
2025-12-18 20:57:27,537 [ERROR] LogOutputStream:75 - [STDERR_REDIRECT] [Fatal Error] :1:1: Premature end of file.
2025-12-18 20:57:27,537 [ERROR] LogOutputStream:75 - [STDERR_REDIRECT] 
2025-12-18 20:57:28,538 [ERROR] LogOutputStream:75 - [STDERR_REDIRECT] [Fatal Error] :1:1: Premature end of file.
2025-12-18 20:57:28,538 [ERROR] LogOutputStream:75 - [STDERR_REDIRECT] 
2025-12-18 20:57:29,539 [ERROR] LogOutputStream:75 - [STDERR_REDIRECT] [Fatal Error] :1:1: Premature end of file.
2025-12-18 20:57:29,539 [ERROR] LogOutputStream:75 - [STDERR_REDIRECT] 
2025-12-18 20:57:30,538 [ERROR] LogOutputStream:75 - [STDERR_REDIRECT] [Fatal Error] :1:1: Premature end of file.
2025-12-18 20:57:30,538 [ERROR] LogOutputStream:75 - [STDERR_REDIRECT] 
2025-12-18 20:57:31,559 [ERROR] LogOutputStream:75 - [STDERR_REDIRECT] [Fatal Error] :1:1: Premature end of file.
2025-12-18 20:57:31,559 [ERROR] LogOutputStream:75 - [STDERR_REDIRECT] 
2025-12-18 20:57:32,545 [ERROR] LogOutputStream:75 - [STDERR_REDIRECT] [Fatal Error] :1:1: Premature end of file.
2025-12-18 20:57:32,545 [ERROR] LogOutputStream:75 - [STDERR_REDIRECT] 
2025-12-18 20:57:33,538 [ERROR] LogOutputStream:75 - [STDERR_REDIRECT] [Fatal Error] :1:1: Premature end of file.
2025-12-18 20:57:33,538 [ERROR] LogOutputStream:75 - [STDERR_REDIRECT] 
2025-12-18 20:57:34,539 [ERROR] LogOutputStream:75 - [STDERR_REDIRECT] [Fatal Error] :1:1: Premature end of file.
2025-12-18 20:57:34,539 [ERROR] LogOutputStream:75 - [STDERR_REDIRECT] 
2025-12-18 20:57:35,538 [ERROR] LogOutputStream:75 - [STDERR_REDIRECT] [Fatal Error] :1:1: Premature end of file.
2025-12-18 20:57:35,538 [ERROR] LogOutputStream:75 - [STDERR_REDIRECT] 
2025-12-18 20:57:36,538 [ERROR] LogOutputStream:75 - [STDERR_REDIRECT] [Fatal Error] :1:1: Premature end of file.
2025-12-18 20:57:36,538 [ERROR] LogOutputStream:75 - [STDERR_REDIRECT] 
2025-12-18 20:57:37,539 [ERROR] LogOutputStream:75 - [STDERR_REDIRECT] [Fatal Error] :1:1: Premature end of file.
2025-12-18 20:57:37,539 [ERROR] LogOutputStream:75 - [STDERR_REDIRECT] 
2025-12-18 20:57:38,555 [ERROR] LogOutputStream:75 - [STDERR_REDIRECT] [Fatal Error] :1:1: Premature end of file.
2025-12-18 20:57:38,555 [ERROR] LogOutputStream:75 - [STDERR_REDIRECT] 
2025-12-18 20:57:39,552 [ERROR] LogOutputStream:75 - [STDERR_REDIRECT] [Fatal Error] :1:1: Premature end of file.
2025-12-18 20:57:39,552 [ERROR] LogOutputStream:75 - [STDERR_REDIRECT] 
2025-12-18 20:57:40,531 [ERROR] LogOutputStream:75 - [STDERR_REDIRECT] [Fatal Error] :1:1: Premature end of file.
2025-12-18 20:57:40,531 [ERROR] LogOutputStream:75 - [STDERR_REDIRECT] 
2025-12-18 20:57:41,528 [ERROR] LogOutputStream:75 - [STDERR_REDIRECT] [Fatal Error] :1:1: Premature end of file.
2025-12-18 20:57:41,528 [ERROR] LogOutputStream:75 - [STDERR_REDIRECT] 
2025-12-18 20:57:42,539 [ERROR] LogOutputStream:75 - [STDERR_REDIRECT] [Fatal Error] :1:1: Premature end of file.
2025-12-18 20:57:42,539 [ERROR] LogOutputStream:75 - [STDERR_REDIRECT] 
2025-12-18 20:57:43,529 [ERROR] LogOutputStream:75 - [STDERR_REDIRECT] [Fatal Error] :1:1: Premature end of file.
2025-12-18 20:57:43,529 [ERROR] LogOutputStream:75 - [STDERR_REDIRECT] 
2025-12-18 20:57:44,536 [ERROR] LogOutputStream:75 - [STDERR_REDIRECT] [Fatal Error] :1:1: Premature end of file.
2025-12-18 20:57:44,536 [ERROR] LogOutputStream:75 - [STDERR_REDIRECT] 
2025-12-18 20:57:45,538 [ERROR] LogOutputStream:75 - [STDERR_REDIRECT] [Fatal Error] :1:1: Premature end of file.
2025-12-18 20:57:45,538 [ERROR] LogOutputStream:75 - [STDERR_REDIRECT] 
2025-12-18 20:57:46,553 [ERROR] LogOutputStream:75 - [STDERR_REDIRECT] [Fatal Error] :1:1: Premature end of file.
2025-12-18 20:57:46,553 [ERROR] LogOutputStream:75 - [STDERR_REDIRECT] 
2025-12-18 20:57:47,562 [ERROR] LogOutputStream:75 - [STDERR_REDIRECT] [Fatal Error] :1:1: Premature end of file.
2025-12-18 20:57:47,562 [ERROR] LogOutputStream:75 - [STDERR_REDIRECT] 
2025-12-18 20:57:48,553 [ERROR] LogOutputStream:75 - [STDERR_REDIRECT] [Fatal Error] :1:1: Premature end of file.
2025-12-18 20:57:48,553 [ERROR] LogOutputStream:75 - [STDERR_REDIRECT] 
2025-12-18 20:57:49,539 [ERROR] LogOutputStream:75 - [STDERR_REDIRECT] [Fatal Error] :1:1: Premature end of file.
2025-12-18 20:57:49,539 [ERROR] LogOutputStream:75 - [STDERR_REDIRECT] 
2025-12-18 20:57:50,544 [ERROR] LogOutputStream:75 - [STDERR_REDIRECT] [Fatal Error] :1:1: Premature end of file.
2025-12-18 20:57:50,544 [ERROR] LogOutputStream:75 - [STDERR_REDIRECT] 
2025-12-18 20:57:51,544 [ERROR] LogOutputStream:75 - [STDERR_REDIRECT] [Fatal Error] :1:1: Premature end of file.
2025-12-18 20:57:51,544 [ERROR] LogOutputStream:75 - [STDERR_REDIRECT] 
2025-12-18 20:57:52,554 [ERROR] LogOutputStream:75 - [STDERR_REDIRECT] [Fatal Error] :1:1: Premature end of file.
2025-12-18 20:57:52,554 [ERROR] LogOutputStream:75 - [STDERR_REDIRECT] 
2025-12-18 20:57:53,538 [ERROR] LogOutputStream:75 - [STDERR_REDIRECT] [Fatal Error] :1:1: Premature end of file.
2025-12-18 20:57:53,538 [ERROR] LogOutputStream:75 - [STDERR_REDIRECT] 
2025-12-18 20:57:54,538 [ERROR] LogOutputStream:75 - [STDERR_REDIRECT] [Fatal Error] :1:1: Premature end of file.
2025-12-18 20:57:54,538 [ERROR] LogOutputStream:75 - [STDERR_REDIRECT] 
2025-12-18 20:57:55,539 [ERROR] LogOutputStream:75 - [STDERR_REDIRECT] [Fatal Error] :1:1: Premature end of file.
2025-12-18 20:57:55,539 [ERROR] LogOutputStream:75 - [STDERR_REDIRECT] 
2025-12-18 20:57:56,539 [ERROR] LogOutputStream:75 - [STDERR_REDIRECT] [Fatal Error] :1:1: Premature end of file.
2025-12-18 20:57:56,539 [ERROR] LogOutputStream:75 - [STDERR_REDIRECT] 
2025-12-18 20:57:57,553 [ERROR] LogOutputStream:75 - [STDERR_REDIRECT] [Fatal Error] :1:1: Premature end of file.
2025-12-18 20:57:57,553 [ERROR] LogOutputStream:75 - [STDERR_REDIRECT] 
2025-12-18 20:57:58,544 [ERROR] LogOutputStream:75 - [STDERR_REDIRECT] [Fatal Error] :1:1: Premature end of file.
2025-12-18 20:57:58,544 [ERROR] LogOutputStream:75 - [STDERR_REDIRECT] 
2025-12-18 20:57:59,538 [ERROR] LogOutputStream:75 - [STDERR_REDIRECT] [Fatal Error] :1:1: Premature end of file.
2025-12-18 20:57:59,538 [ERROR] LogOutputStream:75 - [STDERR_REDIRECT] 
2025-12-18 20:58:00,539 [ERROR] LogOutputStream:75 - [STDERR_REDIRECT] [Fatal Error] :1:1: Premature end of file.
2025-12-18 20:58:00,539 [ERROR] LogOutputStream:75 - [STDERR_REDIRECT] 
2025-12-18 20:58:01,537 [ERROR] LogOutputStream:75 - [STDERR_REDIRECT] [Fatal Error] :1:1: Premature end of file.
2025-12-18 20:58:01,537 [ERROR] LogOutputStream:75 - [STDERR_REDIRECT] 
2025-12-18 20:58:02,537 [ERROR] LogOutputStream:75 - [STDERR_REDIRECT] [Fatal Error] :1:1: Premature end of file.
2025-12-18 20:58:02,537 [ERROR] LogOutputStream:75 - [STDERR_REDIRECT] 
2025-12-18 20:58:03,543 [ERROR] LogOutputStream:75 - [STDERR_REDIRECT] [Fatal Error] :1:1: Premature end of file.
2025-12-18 20:58:03,543 [ERROR] LogOutputStream:75 - [STDERR_REDIRECT] 
2025-12-18 20:58:04,537 [ERROR] LogOutputStream:75 - [STDERR_REDIRECT] [Fatal Error] :1:1: Premature end of file.
2025-12-18 20:58:04,537 [ERROR] LogOutputStream:75 - [STDERR_REDIRECT] 
2025-12-18 20:58:05,537 [ERROR] LogOutputStream:75 - [STDERR_REDIRECT] [Fatal Error] :1:1: Premature end of file.
2025-12-18 20:58:05,537 [ERROR] LogOutputStream:75 - [STDERR_REDIRECT] 
2025-12-18 20:58:06,536 [ERROR] LogOutputStream:75 - [STDERR_REDIRECT] [Fatal Error] :1:1: Premature end of file.
2025-12-18 20:58:06,536 [ERROR] LogOutputStream:75 - [STDERR_REDIRECT] 
2025-12-18 20:58:07,538 [ERROR] LogOutputStream:75 - [STDERR_REDIRECT] [Fatal Error] :1:1: Premature end of file.
2025-12-18 20:58:07,538 [ERROR] LogOutputStream:75 - [STDERR_REDIRECT] 
2025-12-18 20:58:08,538 [ERROR] LogOutputStream:75 - [STDERR_REDIRECT] [Fatal Error] :1:1: Premature end of file.
2025-12-18 20:58:08,538 [ERROR] LogOutputStream:75 - [STDERR_REDIRECT] 
2025-12-18 20:58:09,545 [ERROR] LogOutputStream:75 - [STDERR_REDIRECT] [Fatal Error] :1:1: Premature end of file.
2025-12-18 20:58:09,545 [ERROR] LogOutputStream:75 - [STDERR_REDIRECT] 
2025-12-18 20:58:10,535 [ERROR] LogOutputStream:75 - [STDERR_REDIRECT] [Fatal Error] :1:1: Premature end of file.
2025-12-18 20:58:10,535 [ERROR] LogOutputStream:75 - [STDERR_REDIRECT] 
2025-12-18 20:58:11,529 [ERROR] LogOutputStream:75 - [STDERR_REDIRECT] [Fatal Error] :1:1: Premature end of file.
2025-12-18 20:58:11,529 [ERROR] LogOutputStream:75 - [STDERR_REDIRECT] 
2025-12-18 20:58:12,554 [ERROR] LogOutputStream:75 - [STDERR_REDIRECT] [Fatal Error] :1:1: Premature end of file.
2025-12-18 20:58:12,554 [ERROR] LogOutputStream:75 - [STDERR_REDIRECT] 
2025-12-18 20:58:13,563 [ERROR] LogOutputStream:75 - [STDERR_REDIRECT] [Fatal Error] :1:1: Premature end of file.
2025-12-18 20:58:13,563 [ERROR] LogOutputStream:75 - [STDERR_REDIRECT] 
2025-12-18 20:58:14,548 [ERROR] LogOutputStream:75 - [STDERR_REDIRECT] [Fatal Error] :1:1: Premature end of file.
2025-12-18 20:58:14,548 [ERROR] LogOutputStream:75 - [STDERR_REDIRECT] 
2025-12-18 20:58:15,537 [ERROR] LogOutputStream:75 - [STDERR_REDIRECT] [Fatal Error] :1:1: Premature end of file.
2025-12-18 20:58:15,537 [ERROR] LogOutputStream:75 - [STDERR_REDIRECT] 
2025-12-18 20:58:16,542 [ERROR] LogOutputStream:75 - [STDERR_REDIRECT] [Fatal Error] :1:1: Premature end of file.
2025-12-18 20:58:16,542 [ERROR] LogOutputStream:75 - [STDERR_REDIRECT] 
2025-12-18 20:58:17,543 [ERROR] LogOutputStream:75 - [STDERR_REDIRECT] [Fatal Error] :1:1: Premature end of file.
2025-12-18 20:58:17,543 [ERROR] LogOutputStream:75 - [STDERR_REDIRECT] 
2025-12-18 20:58:18,539 [ERROR] LogOutputStream:75 - [STDERR_REDIRECT] [Fatal Error] :1:1: Premature end of file.
2025-12-18 20:58:18,539 [ERROR] LogOutputStream:75 - [STDERR_REDIRECT] 
2025-12-18 20:58:19,539 [ERROR] LogOutputStream:75 - [STDERR_REDIRECT] [Fatal Error] :1:1: Premature end of file.
2025-12-18 20:58:19,539 [ERROR] LogOutputStream:75 - [STDERR_REDIRECT] 
2025-12-18 20:58:20,567 [ERROR] LogOutputStream:75 - [STDERR_REDIRECT] [Fatal Error] :1:1: Premature end of file.
2025-12-18 20:58:20,567 [ERROR] LogOutputStream:75 - [STDERR_REDIRECT] 
2025-12-18 20:58:21,538 [ERROR] LogOutputStream:75 - [STDERR_REDIRECT] [Fatal Error] :1:1: Premature end of file.
2025-12-18 20:58:21,538 [ERROR] LogOutputStream:75 - [STDERR_REDIRECT] 
2025-12-18 20:58:22,553 [ERROR] LogOutputStream:75 - [STDERR_REDIRECT] [Fatal Error] :1:1: Premature end of file.
2025-12-18 20:58:22,553 [ERROR] LogOutputStream:75 - [STDERR_REDIRECT] 
2025-12-18 20:58:23,550 [ERROR] LogOutputStream:75 - [STDERR_REDIRECT] [Fatal Error] :1:1: Premature end of file.
2025-12-18 20:58:23,550 [ERROR] LogOutputStream:75 - [STDERR_REDIRECT] 
2025-12-18 20:58:24,557 [ERROR] LogOutputStream:75 - [STDERR_REDIRECT] [Fatal Error] :1:1: Premature end of file.
2025-12-18 20:58:24,557 [ERROR] LogOutputStream:75 - [STDERR_REDIRECT] 
2025-12-18 20:58:25,549 [ERROR] LogOutputStream:75 - [STDERR_REDIRECT] [Fatal Error] :1:1: Premature end of file.
2025-12-18 20:58:25,549 [ERROR] LogOutputStream:75 - [STDERR_REDIRECT] 
2025-12-18 20:58:26,556 [ERROR] LogOutputStream:75 - [STDERR_REDIRECT] [Fatal Error] :1:1: Premature end of file.
2025-12-18 20:58:26,556 [ERROR] LogOutputStream:75 - [STDERR_REDIRECT] 
2025-12-18 20:58:27,539 [ERROR] LogOutputStream:75 - [STDERR_REDIRECT] [Fatal Error] :1:1: Premature end of file.
2025-12-18 20:58:27,539 [ERROR] LogOutputStream:75 - [STDERR_REDIRECT] 
2025-12-18 20:58:28,539 [ERROR] LogOutputStream:75 - [STDERR_REDIRECT] [Fatal Error] :1:1: Premature end of file.
2025-12-18 20:58:28,539 [ERROR] LogOutputStream:75 - [STDERR_REDIRECT] 
2025-12-18 20:58:29,553 [ERROR] LogOutputStream:75 - [STDERR_REDIRECT] [Fatal Error] :1:1: Premature end of file.
2025-12-18 20:58:29,553 [ERROR] LogOutputStream:75 - [STDERR_REDIRECT] 
2025-12-18 20:58:30,564 [ERROR] LogOutputStream:75 - [STDERR_REDIRECT] [Fatal Error] :1:1: Premature end of file.
2025-12-18 20:58:30,564 [ERROR] LogOutputStream:75 - [STDERR_REDIRECT] 
2025-12-18 20:58:31,545 [ERROR] LogOutputStream:75 - [STDERR_REDIRECT] [Fatal Error] :1:1: Premature end of file.
2025-12-18 20:58:31,545 [ERROR] LogOutputStream:75 - [STDERR_REDIRECT] 
2025-12-18 20:58:32,544 [ERROR] LogOutputStream:75 - [STDERR_REDIRECT] [Fatal Error] :1:1: Premature end of file.
2025-12-18 20:58:32,544 [ERROR] LogOutputStream:75 - [STDERR_REDIRECT] 
2025-12-18 20:58:33,554 [ERROR] LogOutputStream:75 - [STDERR_REDIRECT] [Fatal Error] :1:1: Premature end of file.
2025-12-18 20:58:33,554 [ERROR] LogOutputStream:75 - [STDERR_REDIRECT] 
2025-12-18 20:58:34,566 [ERROR] LogOutputStream:75 - [STDERR_REDIRECT] [Fatal Error] :1:1: Premature end of file.
2025-12-18 20:58:34,567 [ERROR] LogOutputStream:75 - [STDERR_REDIRECT] 
2025-12-18 20:58:35,539 [ERROR] LogOutputStream:75 - [STDERR_REDIRECT] [Fatal Error] :1:1: Premature end of file.
2025-12-18 20:58:35,539 [ERROR] LogOutputStream:75 - [STDERR_REDIRECT] 
2025-12-18 20:58:36,559 [ERROR] LogOutputStream:75 - [STDERR_REDIRECT] [Fatal Error] :1:1: Premature end of file.
2025-12-18 20:58:36,559 [ERROR] LogOutputStream:75 - [STDERR_REDIRECT] 
2025-12-18 20:58:37,535 [ERROR] LogOutputStream:75 - [STDERR_REDIRECT] [Fatal Error] :1:1: Premature end of file.
2025-12-18 20:58:37,535 [ERROR] LogOutputStream:75 - [STDERR_REDIRECT] 
2025-12-18 20:58:38,539 [ERROR] LogOutputStream:75 - [STDERR_REDIRECT] [Fatal Error] :1:1: Premature end of file.
2025-12-18 20:58:38,539 [ERROR] LogOutputStream:75 - [STDERR_REDIRECT] 
2025-12-18 20:58:39,533 [ERROR] LogOutputStream:75 - [STDERR_REDIRECT] [Fatal Error] :1:1: Premature end of file.
2025-12-18 20:58:39,533 [ERROR] LogOutputStream:75 - [STDERR_REDIRECT] 
2025-12-18 20:58:40,558 [ERROR] LogOutputStream:75 - [STDERR_REDIRECT] [Fatal Error] :1:1: Premature end of file.
2025-12-18 20:58:40,558 [ERROR] LogOutputStream:75 - [STDERR_REDIRECT] 
2025-12-18 20:58:41,535 [ERROR] LogOutputStream:75 - [STDERR_REDIRECT] [Fatal Error] :1:1: Premature end of file.
2025-12-18 20:58:41,535 [ERROR] LogOutputStream:75 - [STDERR_REDIRECT] 
2025-12-18 20:58:42,538 [ERROR] LogOutputStream:75 - [STDERR_REDIRECT] [Fatal Error] :1:1: Premature end of file.
2025-12-18 20:58:42,538 [ERROR] LogOutputStream:75 - [STDERR_REDIRECT] 
2025-12-18 20:58:43,540 [ERROR] LogOutputStream:75 - [STDERR_REDIRECT] [Fatal Error] :1:1: Premature end of file.
2025-12-18 20:58:43,540 [ERROR] LogOutputStream:75 - [STDERR_REDIRECT] 
2025-12-18 20:58:44,538 [ERROR] LogOutputStream:75 - [STDERR_REDIRECT] [Fatal Error] :1:1: Premature end of file.
2025-12-18 20:58:44,538 [ERROR] LogOutputStream:75 - [STDERR_REDIRECT] 
2025-12-18 20:58:45,539 [ERROR] LogOutputStream:75 - [STDERR_REDIRECT] [Fatal Error] :1:1: Premature end of file.
2025-12-18 20:58:45,539 [ERROR] LogOutputStream:75 - [STDERR_REDIRECT] 
2025-12-18 20:58:46,537 [ERROR] LogOutputStream:75 - [STDERR_REDIRECT] [Fatal Error] :1:1: Premature end of file.
2025-12-18 20:58:46,537 [ERROR] LogOutputStream:75 - [STDERR_REDIRECT] 
2025-12-18 20:58:47,537 [ERROR] LogOutputStream:75 - [STDERR_REDIRECT] [Fatal Error] :1:1: Premature end of file.
2025-12-18 20:58:47,537 [ERROR] LogOutputStream:75 - [STDERR_REDIRECT] 
2025-12-18 20:58:48,539 [ERROR] LogOutputStream:75 - [STDERR_REDIRECT] [Fatal Error] :1:1: Premature end of file.
2025-12-18 20:58:48,539 [ERROR] LogOutputStream:75 - [STDERR_REDIRECT] 
2025-12-18 20:58:49,538 [ERROR] LogOutputStream:75 - [STDERR_REDIRECT] [Fatal Error] :1:1: Premature end of file.
2025-12-18 20:58:49,538 [ERROR] LogOutputStream:75 - [STDERR_REDIRECT] 
2025-12-18 20:58:50,538 [ERROR] LogOutputStream:75 - [STDERR_REDIRECT] [Fatal Error] :1:1: Premature end of file.
2025-12-18 20:58:50,538 [ERROR] LogOutputStream:75 - [STDERR_REDIRECT] 
2025-12-18 20:58:51,550 [ERROR] LogOutputStream:75 - [STDERR_REDIRECT] [Fatal Error] :1:1: Premature end of file.
2025-12-18 20:58:51,550 [ERROR] LogOutputStream:75 - [STDERR_REDIRECT] 
2025-12-18 20:58:52,540 [ERROR] LogOutputStream:75 - [STDERR_REDIRECT] [Fatal Error] :1:1: Premature end of file.
2025-12-18 20:58:52,540 [ERROR] LogOutputStream:75 - [STDERR_REDIRECT] 
2025-12-18 20:58:53,539 [ERROR] LogOutputStream:75 - [STDERR_REDIRECT] [Fatal Error] :1:1: Premature end of file.
2025-12-18 20:58:53,539 [ERROR] LogOutputStream:75 - [STDERR_REDIRECT] 
2025-12-18 20:58:54,534 [ERROR] LogOutputStream:75 - [STDERR_REDIRECT] [Fatal Error] :1:1: Premature end of file.
2025-12-18 20:58:54,534 [ERROR] LogOutputStream:75 - [STDERR_REDIRECT] 
2025-12-18 20:58:55,551 [ERROR] LogOutputStream:75 - [STDERR_REDIRECT] [Fatal Error] :1:1: Premature end of file.
2025-12-18 20:58:55,551 [ERROR] LogOutputStream:75 - [STDERR_REDIRECT] 
2025-12-18 20:58:56,541 [ERROR] LogOutputStream:75 - [STDERR_REDIRECT] [Fatal Error] :1:1: Premature end of file.
2025-12-18 20:58:56,541 [ERROR] LogOutputStream:75 - [STDERR_REDIRECT] 
2025-12-18 20:58:57,538 [ERROR] LogOutputStream:75 - [STDERR_REDIRECT] [Fatal Error] :1:1: Premature end of file.
2025-12-18 20:58:57,538 [ERROR] LogOutputStream:75 - [STDERR_REDIRECT] 
2025-12-18 20:58:58,538 [ERROR] LogOutputStream:75 - [STDERR_REDIRECT] [Fatal Error] :1:1: Premature end of file.
2025-12-18 20:58:58,538 [ERROR] LogOutputStream:75 - [STDERR_REDIRECT] 
2025-12-18 20:58:59,565 [ERROR] LogOutputStream:75 - [STDERR_REDIRECT] [Fatal Error] :1:1: Premature end of file.
2025-12-18 20:58:59,565 [ERROR] LogOutputStream:75 - [STDERR_REDIRECT] 
2025-12-18 20:59:00,547 [ERROR] LogOutputStream:75 - [STDERR_REDIRECT] [Fatal Error] :1:1: Premature end of file.
2025-12-18 20:59:00,547 [ERROR] LogOutputStream:75 - [STDERR_REDIRECT] 
2025-12-18 20:59:01,555 [ERROR] LogOutputStream:75 - [STDERR_REDIRECT] [Fatal Error] :1:1: Premature end of file.
2025-12-18 20:59:01,555 [ERROR] LogOutputStream:75 - [STDERR_REDIRECT] 
2025-12-18 20:59:02,547 [ERROR] LogOutputStream:75 - [STDERR_REDIRECT] [Fatal Error] :1:1: Premature end of file.
2025-12-18 20:59:02,547 [ERROR] LogOutputStream:75 - [STDERR_REDIRECT] 
2025-12-18 20:59:03,547 [ERROR] LogOutputStream:75 - [STDERR_REDIRECT] [Fatal Error] :1:1: Premature end of file.
2025-12-18 20:59:03,547 [ERROR] LogOutputStream:75 - [STDERR_REDIRECT] 
2025-12-18 20:59:04,538 [ERROR] LogOutputStream:75 - [STDERR_REDIRECT] [Fatal Error] :1:1: Premature end of file.
2025-12-18 20:59:04,538 [ERROR] LogOutputStream:75 - [STDERR_REDIRECT] 
2025-12-18 20:59:05,567 [ERROR] LogOutputStream:75 - [STDERR_REDIRECT] [Fatal Error] :1:1: Premature end of file.
2025-12-18 20:59:05,567 [ERROR] LogOutputStream:75 - [STDERR_REDIRECT] 
2025-12-18 20:59:06,547 [ERROR] LogOutputStream:75 - [STDERR_REDIRECT] [Fatal Error] :1:1: Premature end of file.
2025-12-18 20:59:06,547 [ERROR] LogOutputStream:75 - [STDERR_REDIRECT] 
2025-12-18 20:59:07,545 [ERROR] LogOutputStream:75 - [STDERR_REDIRECT] [Fatal Error] :1:1: Premature end of file.
2025-12-18 20:59:07,545 [ERROR] LogOutputStream:75 - [STDERR_REDIRECT] 
2025-12-18 20:59:08,539 [ERROR] LogOutputStream:75 - [STDERR_REDIRECT] [Fatal Error] :1:1: Premature end of file.
2025-12-18 20:59:08,539 [ERROR] LogOutputStream:75 - [STDERR_REDIRECT] 
2025-12-18 20:59:09,529 [ERROR] LogOutputStream:75 - [STDERR_REDIRECT] [Fatal Error] :1:1: Premature end of file.
2025-12-18 20:59:09,529 [ERROR] LogOutputStream:75 - [STDERR_REDIRECT] 
2025-12-18 20:59:10,555 [ERROR] LogOutputStream:75 - [STDERR_REDIRECT] [Fatal Error] :1:1: Premature end of file.
2025-12-18 20:59:10,555 [ERROR] LogOutputStream:75 - [STDERR_REDIRECT] 
2025-12-18 20:59:11,546 [ERROR] LogOutputStream:75 - [STDERR_REDIRECT] [Fatal Error] :1:1: Premature end of file.
2025-12-18 20:59:11,546 [ERROR] LogOutputStream:75 - [STDERR_REDIRECT] 
2025-12-18 20:59:12,537 [ERROR] LogOutputStream:75 - [STDERR_REDIRECT] [Fatal Error] :1:1: Premature end of file.
2025-12-18 20:59:12,538 [ERROR] LogOutputStream:75 - [STDERR_REDIRECT] 
2025-12-18 20:59:13,547 [ERROR] LogOutputStream:75 - [STDERR_REDIRECT] [Fatal Error] :1:1: Premature end of file.
2025-12-18 20:59:13,547 [ERROR] LogOutputStream:75 - [STDERR_REDIRECT] 
2025-12-18 20:59:14,539 [ERROR] LogOutputStream:75 - [STDERR_REDIRECT] [Fatal Error] :1:1: Premature end of file.
2025-12-18 20:59:14,539 [ERROR] LogOutputStream:75 - [STDERR_REDIRECT] 
2025-12-18 20:59:15,538 [ERROR] LogOutputStream:75 - [STDERR_REDIRECT] [Fatal Error] :1:1: Premature end of file.
2025-12-18 20:59:15,538 [ERROR] LogOutputStream:75 - [STDERR_REDIRECT] 
2025-12-18 20:59:16,539 [ERROR] LogOutputStream:75 - [STDERR_REDIRECT] [Fatal Error] :1:1: Premature end of file.
2025-12-18 20:59:16,539 [ERROR] LogOutputStream:75 - [STDERR_REDIRECT] 
2025-12-18 20:59:17,536 [ERROR] LogOutputStream:75 - [STDERR_REDIRECT] [Fatal Error] :1:1: Premature end of file.
2025-12-18 20:59:17,536 [ERROR] LogOutputStream:75 - [STDERR_REDIRECT] 
2025-12-18 20:59:18,538 [ERROR] LogOutputStream:75 - [STDERR_REDIRECT] [Fatal Error] :1:1: Premature end of file.
2025-12-18 20:59:18,539 [ERROR] LogOutputStream:75 - [STDERR_REDIRECT] 
2025-12-18 20:59:19,537 [ERROR] LogOutputStream:75 - [STDERR_REDIRECT] [Fatal Error] :1:1: Premature end of file.
2025-12-18 20:59:19,537 [ERROR] LogOutputStream:75 - [STDERR_REDIRECT] 
2025-12-18 20:59:20,537 [ERROR] LogOutputStream:75 - [STDERR_REDIRECT] [Fatal Error] :1:1: Premature end of file.
2025-12-18 20:59:20,537 [ERROR] LogOutputStream:75 - [STDERR_REDIRECT] 
2025-12-18 20:59:21,538 [ERROR] LogOutputStream:75 - [STDERR_REDIRECT] [Fatal Error] :1:1: Premature end of file.
2025-12-18 20:59:21,538 [ERROR] LogOutputStream:75 - [STDERR_REDIRECT] 
2025-12-18 20:59:22,537 [ERROR] LogOutputStream:75 - [STDERR_REDIRECT] [Fatal Error] :1:1: Premature end of file.
2025-12-18 20:59:22,537 [ERROR] LogOutputStream:75 - [STDERR_REDIRECT] 
2025-12-18 20:59:23,561 [ERROR] LogOutputStream:75 - [STDERR_REDIRECT] [Fatal Error] :1:1: Premature end of file.
2025-12-18 20:59:23,561 [ERROR] LogOutputStream:75 - [STDERR_REDIRECT] 
2025-12-18 20:59:24,542 [ERROR] LogOutputStream:75 - [STDERR_REDIRECT] [Fatal Error] :1:1: Premature end of file.
2025-12-18 20:59:24,542 [ERROR] LogOutputStream:75 - [STDERR_REDIRECT] 
2025-12-18 20:59:25,534 [ERROR] LogOutputStream:75 - [STDERR_REDIRECT] [Fatal Error] :1:1: Premature end of file.
2025-12-18 20:59:25,534 [ERROR] LogOutputStream:75 - [STDERR_REDIRECT] 
2025-12-18 20:59:26,530 [ERROR] LogOutputStream:75 - [STDERR_REDIRECT] [Fatal Error] :1:1: Premature end of file.
2025-12-18 20:59:26,530 [ERROR] LogOutputStream:75 - [STDERR_REDIRECT] 
2025-12-18 20:59:27,536 [ERROR] LogOutputStream:75 - [STDERR_REDIRECT] [Fatal Error] :1:1: Premature end of file.
2025-12-18 20:59:27,536 [ERROR] LogOutputStream:75 - [STDERR_REDIRECT] 
2025-12-18 20:59:28,529 [ERROR] LogOutputStream:75 - [STDERR_REDIRECT] [Fatal Error] :1:1: Premature end of file.
2025-12-18 20:59:28,529 [ERROR] LogOutputStream:75 - [STDERR_REDIRECT] 
2025-12-18 20:59:29,529 [ERROR] LogOutputStream:75 - [STDERR_REDIRECT] [Fatal Error] :1:1: Premature end of file.
2025-12-18 20:59:29,529 [ERROR] LogOutputStream:75 - [STDERR_REDIRECT] 
2025-12-18 20:59:30,531 [ERROR] LogOutputStream:75 - [STDERR_REDIRECT] [Fatal Error] :1:1: Premature end of file.
2025-12-18 20:59:30,531 [ERROR] LogOutputStream:75 - [STDERR_REDIRECT] 
2025-12-18 20:59:31,540 [ERROR] LogOutputStream:75 - [STDERR_REDIRECT] [Fatal Error] :1:1: Premature end of file.
2025-12-18 20:59:31,540 [ERROR] LogOutputStream:75 - [STDERR_REDIRECT] 
2025-12-18 20:59:32,539 [ERROR] LogOutputStream:75 - [STDERR_REDIRECT] [Fatal Error] :1:1: Premature end of file.
2025-12-18 20:59:32,539 [ERROR] LogOutputStream:75 - [STDERR_REDIRECT] 
2025-12-18 20:59:33,557 [ERROR] LogOutputStream:75 - [STDERR_REDIRECT] [Fatal Error] :1:1: Premature end of file.
2025-12-18 20:59:33,557 [ERROR] LogOutputStream:75 - [STDERR_REDIRECT] 
2025-12-18 20:59:34,539 [ERROR] LogOutputStream:75 - [STDERR_REDIRECT] [Fatal Error] :1:1: Premature end of file.
2025-12-18 20:59:34,539 [ERROR] LogOutputStream:75 - [STDERR_REDIRECT] 
2025-12-18 20:59:35,539 [ERROR] LogOutputStream:75 - [STDERR_REDIRECT] [Fatal Error] :1:1: Premature end of file.
2025-12-18 20:59:35,539 [ERROR] LogOutputStream:75 - [STDERR_REDIRECT] 
2025-12-18 20:59:36,539 [ERROR] LogOutputStream:75 - [STDERR_REDIRECT] [Fatal Error] :1:1: Premature end of file.
2025-12-18 20:59:36,539 [ERROR] LogOutputStream:75 - [STDERR_REDIRECT] 
2025-12-18 20:59:37,541 [ERROR] LogOutputStream:75 - [STDERR_REDIRECT] [Fatal Error] :1:1: Premature end of file.
2025-12-18 20:59:37,541 [ERROR] LogOutputStream:75 - [STDERR_REDIRECT] 
2025-12-18 20:59:38,529 [ERROR] LogOutputStream:75 - [STDERR_REDIRECT] [Fatal Error] :1:1: Premature end of file.
2025-12-18 20:59:38,529 [ERROR] LogOutputStream:75 - [STDERR_REDIRECT] 
2025-12-18 20:59:39,558 [ERROR] LogOutputStream:75 - [STDERR_REDIRECT] [Fatal Error] :1:1: Premature end of file.
2025-12-18 20:59:39,558 [ERROR] LogOutputStream:75 - [STDERR_REDIRECT] 
2025-12-18 20:59:40,538 [ERROR] LogOutputStream:75 - [STDERR_REDIRECT] [Fatal Error] :1:1: Premature end of file.
2025-12-18 20:59:40,538 [ERROR] LogOutputStream:75 - [STDERR_REDIRECT] 
2025-12-18 20:59:41,556 [ERROR] LogOutputStream:75 - [STDERR_REDIRECT] [Fatal Error] :1:1: Premature end of file.
2025-12-18 20:59:41,556 [ERROR] LogOutputStream:75 - [STDERR_REDIRECT] 
2025-12-18 20:59:42,539 [ERROR] LogOutputStream:75 - [STDERR_REDIRECT] [Fatal Error] :1:1: Premature end of file.
2025-12-18 20:59:42,539 [ERROR] LogOutputStream:75 - [STDERR_REDIRECT] 
2025-12-18 20:59:43,546 [ERROR] LogOutputStream:75 - [STDERR_REDIRECT] [Fatal Error] :1:1: Premature end of file.
2025-12-18 20:59:43,546 [ERROR] LogOutputStream:75 - [STDERR_REDIRECT] 
2025-12-18 20:59:44,538 [ERROR] LogOutputStream:75 - [STDERR_REDIRECT] [Fatal Error] :1:1: Premature end of file.
2025-12-18 20:59:44,538 [ERROR] LogOutputStream:75 - [STDERR_REDIRECT] 
2025-12-18 20:59:45,543 [ERROR] LogOutputStream:75 - [STDERR_REDIRECT] [Fatal Error] :1:1: Premature end of file.
2025-12-18 20:59:45,543 [ERROR] LogOutputStream:75 - [STDERR_REDIRECT] 
2025-12-18 20:59:46,545 [ERROR] LogOutputStream:75 - [STDERR_REDIRECT] [Fatal Error] :1:1: Premature end of file.
2025-12-18 20:59:46,545 [ERROR] LogOutputStream:75 - [STDERR_REDIRECT] 
2025-12-18 20:59:47,543 [ERROR] LogOutputStream:75 - [STDERR_REDIRECT] [Fatal Error] :1:1: Premature end of file.
2025-12-18 20:59:47,543 [ERROR] LogOutputStream:75 - [STDERR_REDIRECT] 
2025-12-18 20:59:48,542 [ERROR] LogOutputStream:75 - [STDERR_REDIRECT] [Fatal Error] :1:1: Premature end of file.
2025-12-18 20:59:48,542 [ERROR] LogOutputStream:75 - [STDERR_REDIRECT] 
2025-12-18 20:59:49,535 [ERROR] LogOutputStream:75 - [STDERR_REDIRECT] [Fatal Error] :1:1: Premature end of file.
2025-12-18 20:59:49,535 [ERROR] LogOutputStream:75 - [STDERR_REDIRECT] 
2025-12-18 20:59:50,543 [ERROR] LogOutputStream:75 - [STDERR_REDIRECT] [Fatal Error] :1:1: Premature end of file.
2025-12-18 20:59:50,543 [ERROR] LogOutputStream:75 - [STDERR_REDIRECT] 
2025-12-18 20:59:51,539 [ERROR] LogOutputStream:75 - [STDERR_REDIRECT] [Fatal Error] :1:1: Premature end of file.
2025-12-18 20:59:51,539 [ERROR] LogOutputStream:75 - [STDERR_REDIRECT] 
2025-12-18 20:59:52,535 [ERROR] LogOutputStream:75 - [STDERR_REDIRECT] [Fatal Error] :1:1: Premature end of file.
2025-12-18 20:59:52,535 [ERROR] LogOutputStream:75 - [STDERR_REDIRECT] 
2025-12-18 20:59:53,559 [ERROR] LogOutputStream:75 - [STDERR_REDIRECT] [Fatal Error] :1:1: Premature end of file.
2025-12-18 20:59:53,559 [ERROR] LogOutputStream:75 - [STDERR_REDIRECT] 
2025-12-18 20:59:54,544 [ERROR] LogOutputStream:75 - [STDERR_REDIRECT] [Fatal Error] :1:1: Premature end of file.
2025-12-18 20:59:54,544 [ERROR] LogOutputStream:75 - [STDERR_REDIRECT] 
2025-12-18 20:59:55,535 [ERROR] LogOutputStream:75 - [STDERR_REDIRECT] [Fatal Error] :1:1: Premature end of file.
2025-12-18 20:59:55,535 [ERROR] LogOutputStream:75 - [STDERR_REDIRECT] 
2025-12-18 20:59:56,537 [ERROR] LogOutputStream:75 - [STDERR_REDIRECT] [Fatal Error] :1:1: Premature end of file.
2025-12-18 20:59:56,537 [ERROR] LogOutputStream:75 - [STDERR_REDIRECT] 
2025-12-18 20:59:57,561 [ERROR] LogOutputStream:75 - [STDERR_REDIRECT] [Fatal Error] :1:1: Premature end of file.
2025-12-18 20:59:57,561 [ERROR] LogOutputStream:75 - [STDERR_REDIRECT] 
2025-12-18 20:59:58,544 [ERROR] LogOutputStream:75 - [STDERR_REDIRECT] [Fatal Error] :1:1: Premature end of file.
2025-12-18 20:59:58,544 [ERROR] LogOutputStream:75 - [STDERR_REDIRECT] 
2025-12-18 20:59:59,538 [ERROR] LogOutputStream:75 - [STDERR_REDIRECT] [Fatal Error] :1:1: Premature end of file.
2025-12-18 20:59:59,538 [ERROR] LogOutputStream:75 - [STDERR_REDIRECT] 
2025-12-18 21:00:00,537 [ERROR] LogOutputStream:75 - [STDERR_REDIRECT] [Fatal Error] :1:1: Premature end of file.
2025-12-18 21:00:00,537 [ERROR] LogOutputStream:75 - [STDERR_REDIRECT] 
2025-12-18 21:00:01,538 [ERROR] LogOutputStream:75 - [STDERR_REDIRECT] [Fatal Error] :1:1: Premature end of file.
2025-12-18 21:00:01,539 [ERROR] LogOutputStream:75 - [STDERR_REDIRECT] 
2025-12-18 21:00:02,538 [ERROR] LogOutputStream:75 - [STDERR_REDIRECT] [Fatal Error] :1:1: Premature end of file.
2025-12-18 21:00:02,538 [ERROR] LogOutputStream:75 - [STDERR_REDIRECT] 
2025-12-18 21:00:03,538 [ERROR] LogOutputStream:75 - [STDERR_REDIRECT] [Fatal Error] :1:1: Premature end of file.
2025-12-18 21:00:03,538 [ERROR] LogOutputStream:75 - [STDERR_REDIRECT] 
2025-12-18 21:00:04,546 [ERROR] LogOutputStream:75 - [STDERR_REDIRECT] [Fatal Error] :1:1: Premature end of file.
2025-12-18 21:00:04,546 [ERROR] LogOutputStream:75 - [STDERR_REDIRECT] 
2025-12-18 21:00:05,547 [ERROR] LogOutputStream:75 - [STDERR_REDIRECT] [Fatal Error] :1:1: Premature end of file.
2025-12-18 21:00:05,547 [ERROR] LogOutputStream:75 - [STDERR_REDIRECT] 
2025-12-18 21:00:06,547 [ERROR] LogOutputStream:75 - [STDERR_REDIRECT] [Fatal Error] :1:1: Premature end of file.
2025-12-18 21:00:06,547 [ERROR] LogOutputStream:75 - [STDERR_REDIRECT] 
2025-12-18 21:00:07,546 [ERROR] LogOutputStream:75 - [STDERR_REDIRECT] [Fatal Error] :1:1: Premature end of file.
2025-12-18 21:00:07,546 [ERROR] LogOutputStream:75 - [STDERR_REDIRECT] 
2025-12-18 21:00:08,537 [ERROR] LogOutputStream:75 - [STDERR_REDIRECT] [Fatal Error] :1:1: Premature end of file.
2025-12-18 21:00:08,537 [ERROR] LogOutputStream:75 - [STDERR_REDIRECT] 
2025-12-18 21:00:09,561 [ERROR] LogOutputStream:75 - [STDERR_REDIRECT] [Fatal Error] :1:1: Premature end of file.
2025-12-18 21:00:09,561 [ERROR] LogOutputStream:75 - [STDERR_REDIRECT] 
2025-12-18 21:00:10,555 [ERROR] LogOutputStream:75 - [STDERR_REDIRECT] [Fatal Error] :1:1: Premature end of file.
2025-12-18 21:00:10,555 [ERROR] LogOutputStream:75 - [STDERR_REDIRECT] 
2025-12-18 21:00:11,540 [ERROR] LogOutputStream:75 - [STDERR_REDIRECT] [Fatal Error] :1:1: Premature end of file.
2025-12-18 21:00:11,540 [ERROR] LogOutputStream:75 - [STDERR_REDIRECT] 
2025-12-18 21:00:12,544 [ERROR] LogOutputStream:75 - [STDERR_REDIRECT] [Fatal Error] :1:1: Premature end of file.
2025-12-18 21:00:12,544 [ERROR] LogOutputStream:75 - [STDERR_REDIRECT] 
2025-12-18 21:00:13,540 [ERROR] LogOutputStream:75 - [STDERR_REDIRECT] [Fatal Error] :1:1: Premature end of file.
2025-12-18 21:00:13,540 [ERROR] LogOutputStream:75 - [STDERR_REDIRECT] 
2025-12-18 21:00:14,548 [ERROR] LogOutputStream:75 - [STDERR_REDIRECT] [Fatal Error] :1:1: Premature end of file.
2025-12-18 21:00:14,548 [ERROR] LogOutputStream:75 - [STDERR_REDIRECT] 
2025-12-18 21:00:15,564 [ERROR] LogOutputStream:75 - [STDERR_REDIRECT] [Fatal Error] :1:1: Premature end of file.
2025-12-18 21:00:15,564 [ERROR] LogOutputStream:75 - [STDERR_REDIRECT] 
2025-12-18 21:00:16,539 [ERROR] LogOutputStream:75 - [STDERR_REDIRECT] [Fatal Error] :1:1: Premature end of file.
2025-12-18 21:00:16,540 [ERROR] LogOutputStream:75 - [STDERR_REDIRECT] 
2025-12-18 21:00:17,532 [ERROR] LogOutputStream:75 - [STDERR_REDIRECT] [Fatal Error] :1:1: Premature end of file.
2025-12-18 21:00:17,532 [ERROR] LogOutputStream:75 - [STDERR_REDIRECT] 
2025-12-18 21:00:18,538 [ERROR] LogOutputStream:75 - [STDERR_REDIRECT] [Fatal Error] :1:1: Premature end of file.
2025-12-18 21:00:18,538 [ERROR] LogOutputStream:75 - [STDERR_REDIRECT] 
2025-12-18 21:00:19,565 [ERROR] LogOutputStream:75 - [STDERR_REDIRECT] [Fatal Error] :1:1: Premature end of file.
2025-12-18 21:00:19,565 [ERROR] LogOutputStream:75 - [STDERR_REDIRECT] 
2025-12-18 21:00:20,547 [ERROR] LogOutputStream:75 - [STDERR_REDIRECT] [Fatal Error] :1:1: Premature end of file.
2025-12-18 21:00:20,547 [ERROR] LogOutputStream:75 - [STDERR_REDIRECT] 
2025-12-18 21:00:21,554 [ERROR] LogOutputStream:75 - [STDERR_REDIRECT] [Fatal Error] :1:1: Premature end of file.
2025-12-18 21:00:21,554 [ERROR] LogOutputStream:75 - [STDERR_REDIRECT] 
2025-12-18 21:00:22,555 [ERROR] LogOutputStream:75 - [STDERR_REDIRECT] [Fatal Error] :1:1: Premature end of file.
2025-12-18 21:00:22,555 [ERROR] LogOutputStream:75 - [STDERR_REDIRECT] 
2025-12-18 21:00:23,540 [ERROR] LogOutputStream:75 - [STDERR_REDIRECT] [Fatal Error] :1:1: Premature end of file.
2025-12-18 21:00:23,540 [ERROR] LogOutputStream:75 - [STDERR_REDIRECT] 
2025-12-18 21:00:24,555 [ERROR] LogOutputStream:75 - [STDERR_REDIRECT] [Fatal Error] :1:1: Premature end of file.
2025-12-18 21:00:24,555 [ERROR] LogOutputStream:75 - [STDERR_REDIRECT] 
2025-12-18 21:00:25,539 [ERROR] LogOutputStream:75 - [STDERR_REDIRECT] [Fatal Error] :1:1: Premature end of file.
2025-12-18 21:00:25,539 [ERROR] LogOutputStream:75 - [STDERR_REDIRECT] 
2025-12-18 21:00:26,538 [ERROR] LogOutputStream:75 - [STDERR_REDIRECT] [Fatal Error] :1:1: Premature end of file.
2025-12-18 21:00:26,538 [ERROR] LogOutputStream:75 - [STDERR_REDIRECT] 
2025-12-18 21:00:27,539 [ERROR] LogOutputStream:75 - [STDERR_REDIRECT] [Fatal Error] :1:1: Premature end of file.
2025-12-18 21:00:27,539 [ERROR] LogOutputStream:75 - [STDERR_REDIRECT] 
2025-12-18 21:00:28,536 [ERROR] LogOutputStream:75 - [STDERR_REDIRECT] [Fatal Error] :1:1: Premature end of file.
2025-12-18 21:00:28,536 [ERROR] LogOutputStream:75 - [STDERR_REDIRECT] 
2025-12-18 21:00:29,548 [ERROR] LogOutputStream:75 - [STDERR_REDIRECT] [Fatal Error] :1:1: Premature end of file.
2025-12-18 21:00:29,548 [ERROR] LogOutputStream:75 - [STDERR_REDIRECT] 
2025-12-18 21:00:30,546 [ERROR] LogOutputStream:75 - [STDERR_REDIRECT] [Fatal Error] :1:1: Premature end of file.
2025-12-18 21:00:30,546 [ERROR] LogOutputStream:75 - [STDERR_REDIRECT] 
2025-12-18 21:00:31,556 [ERROR] LogOutputStream:75 - [STDERR_REDIRECT] [Fatal Error] :1:1: Premature end of file.
2025-12-18 21:00:31,556 [ERROR] LogOutputStream:75 - [STDERR_REDIRECT] 
2025-12-18 21:00:32,537 [ERROR] LogOutputStream:75 - [STDERR_REDIRECT] [Fatal Error] :1:1: Premature end of file.
2025-12-18 21:00:32,537 [ERROR] LogOutputStream:75 - [STDERR_REDIRECT] 
2025-12-18 21:00:33,530 [ERROR] LogOutputStream:75 - [STDERR_REDIRECT] [Fatal Error] :1:1: Premature end of file.
2025-12-18 21:00:33,530 [ERROR] LogOutputStream:75 - [STDERR_REDIRECT] 
2025-12-18 21:00:34,538 [ERROR] LogOutputStream:75 - [STDERR_REDIRECT] [Fatal Error] :1:1: Premature end of file.
2025-12-18 21:00:34,538 [ERROR] LogOutputStream:75 - [STDERR_REDIRECT] 
2025-12-18 21:00:35,540 [ERROR] LogOutputStream:75 - [STDERR_REDIRECT] [Fatal Error] :1:1: Premature end of file.
2025-12-18 21:00:35,540 [ERROR] LogOutputStream:75 - [STDERR_REDIRECT] 
2025-12-18 21:00:36,547 [ERROR] LogOutputStream:75 - [STDERR_REDIRECT] [Fatal Error] :1:1: Premature end of file.
2025-12-18 21:00:36,547 [ERROR] LogOutputStream:75 - [STDERR_REDIRECT] 
2025-12-18 21:00:37,537 [ERROR] LogOutputStream:75 - [STDERR_REDIRECT] [Fatal Error] :1:1: Premature end of file.
2025-12-18 21:00:37,537 [ERROR] LogOutputStream:75 - [STDERR_REDIRECT] 
2025-12-18 21:00:38,537 [ERROR] LogOutputStream:75 - [STDERR_REDIRECT] [Fatal Error] :1:1: Premature end of file.
2025-12-18 21:00:38,537 [ERROR] LogOutputStream:75 - [STDERR_REDIRECT] 
2025-12-18 21:00:39,538 [ERROR] LogOutputStream:75 - [STDERR_REDIRECT] [Fatal Error] :1:1: Premature end of file.
2025-12-18 21:00:39,538 [ERROR] LogOutputStream:75 - [STDERR_REDIRECT] 
2025-12-18 21:00:40,538 [ERROR] LogOutputStream:75 - [STDERR_REDIRECT] [Fatal Error] :1:1: Premature end of file.
2025-12-18 21:00:40,538 [ERROR] LogOutputStream:75 - [STDERR_REDIRECT] 
2025-12-18 21:00:41,537 [ERROR] LogOutputStream:75 - [STDERR_REDIRECT] [Fatal Error] :1:1: Premature end of file.
2025-12-18 21:00:41,537 [ERROR] LogOutputStream:75 - [STDERR_REDIRECT] 
2025-12-18 21:00:42,538 [ERROR] LogOutputStream:75 - [STDERR_REDIRECT] [Fatal Error] :1:1: Premature end of file.
2025-12-18 21:00:42,538 [ERROR] LogOutputStream:75 - [STDERR_REDIRECT] 
2025-12-18 21:00:43,538 [ERROR] LogOutputStream:75 - [STDERR_REDIRECT] [Fatal Error] :1:1: Premature end of file.
2025-12-18 21:00:43,538 [ERROR] LogOutputStream:75 - [STDERR_REDIRECT] 
2025-12-18 21:00:44,538 [ERROR] LogOutputStream:75 - [STDERR_REDIRECT] [Fatal Error] :1:1: Premature end of file.
2025-12-18 21:00:44,538 [ERROR] LogOutputStream:75 - [STDERR_REDIRECT] 
2025-12-18 21:00:45,538 [ERROR] LogOutputStream:75 - [STDERR_REDIRECT] [Fatal Error] :1:1: Premature end of file.
2025-12-18 21:00:45,538 [ERROR] LogOutputStream:75 - [STDERR_REDIRECT] 
2025-12-18 21:00:46,561 [ERROR] LogOutputStream:75 - [STDERR_REDIRECT] [Fatal Error] :1:1: Premature end of file.
2025-12-18 21:00:46,561 [ERROR] LogOutputStream:75 - [STDERR_REDIRECT] 
2025-12-18 21:00:47,542 [ERROR] LogOutputStream:75 - [STDERR_REDIRECT] [Fatal Error] :1:1: Premature end of file.
2025-12-18 21:00:47,542 [ERROR] LogOutputStream:75 - [STDERR_REDIRECT] 
2025-12-18 21:00:48,539 [ERROR] LogOutputStream:75 - [STDERR_REDIRECT] [Fatal Error] :1:1: Premature end of file.
2025-12-18 21:00:48,539 [ERROR] LogOutputStream:75 - [STDERR_REDIRECT] 
2025-12-18 21:00:49,561 [ERROR] LogOutputStream:75 - [STDERR_REDIRECT] [Fatal Error] :1:1: Premature end of file.
2025-12-18 21:00:49,561 [ERROR] LogOutputStream:75 - [STDERR_REDIRECT] 
2025-12-18 21:00:50,537 [ERROR] LogOutputStream:75 - [STDERR_REDIRECT] [Fatal Error] :1:1: Premature end of file.
2025-12-18 21:00:50,537 [ERROR] LogOutputStream:75 - [STDERR_REDIRECT] 
2025-12-18 21:00:51,537 [ERROR] LogOutputStream:75 - [STDERR_REDIRECT] [Fatal Error] :1:1: Premature end of file.
2025-12-18 21:00:51,537 [ERROR] LogOutputStream:75 - [STDERR_REDIRECT] 
2025-12-18 21:00:52,562 [ERROR] LogOutputStream:75 - [STDERR_REDIRECT] [Fatal Error] :1:1: Premature end of file.
2025-12-18 21:00:52,562 [ERROR] LogOutputStream:75 - [STDERR_REDIRECT] 
2025-12-18 21:00:53,538 [ERROR] LogOutputStream:75 - [STDERR_REDIRECT] [Fatal Error] :1:1: Premature end of file.
2025-12-18 21:00:53,538 [ERROR] LogOutputStream:75 - [STDERR_REDIRECT] 
2025-12-18 21:00:54,528 [ERROR] LogOutputStream:75 - [STDERR_REDIRECT] [Fatal Error] :1:1: Premature end of file.
2025-12-18 21:00:54,528 [ERROR] LogOutputStream:75 - [STDERR_REDIRECT] 
2025-12-18 21:00:55,531 [ERROR] LogOutputStream:75 - [STDERR_REDIRECT] [Fatal Error] :1:1: Premature end of file.
2025-12-18 21:00:55,531 [ERROR] LogOutputStream:75 - [STDERR_REDIRECT] 
2025-12-18 21:00:56,537 [ERROR] LogOutputStream:75 - [STDERR_REDIRECT] [Fatal Error] :1:1: Premature end of file.
2025-12-18 21:00:56,537 [ERROR] LogOutputStream:75 - [STDERR_REDIRECT] 
2025-12-18 21:00:57,539 [ERROR] LogOutputStream:75 - [STDERR_REDIRECT] [Fatal Error] :1:1: Premature end of file.
2025-12-18 21:00:57,539 [ERROR] LogOutputStream:75 - [STDERR_REDIRECT] 
2025-12-18 21:00:58,538 [ERROR] LogOutputStream:75 - [STDERR_REDIRECT] [Fatal Error] :1:1: Premature end of file.
2025-12-18 21:00:58,538 [ERROR] LogOutputStream:75 - [STDERR_REDIRECT] 
2025-12-18 21:00:59,537 [ERROR] LogOutputStream:75 - [STDERR_REDIRECT] [Fatal Error] :1:1: Premature end of file.
2025-12-18 21:00:59,537 [ERROR] LogOutputStream:75 - [STDERR_REDIRECT] 
2025-12-18 21:01:00,547 [ERROR] LogOutputStream:75 - [STDERR_REDIRECT] [Fatal Error] :1:1: Premature end of file.
2025-12-18 21:01:00,547 [ERROR] LogOutputStream:75 - [STDERR_REDIRECT] 
2025-12-18 21:01:01,539 [ERROR] LogOutputStream:75 - [STDERR_REDIRECT] [Fatal Error] :1:1: Premature end of file.
2025-12-18 21:01:01,540 [ERROR] LogOutputStream:75 - [STDERR_REDIRECT] 
2025-12-18 21:01:02,547 [ERROR] LogOutputStream:75 - [STDERR_REDIRECT] [Fatal Error] :1:1: Premature end of file.
2025-12-18 21:01:02,547 [ERROR] LogOutputStream:75 - [STDERR_REDIRECT] 
2025-12-18 21:01:03,547 [ERROR] LogOutputStream:75 - [STDERR_REDIRECT] [Fatal Error] :1:1: Premature end of file.
2025-12-18 21:01:03,547 [ERROR] LogOutputStream:75 - [STDERR_REDIRECT] 
2025-12-18 21:01:04,555 [ERROR] LogOutputStream:75 - [STDERR_REDIRECT] [Fatal Error] :1:1: Premature end of file.
2025-12-18 21:01:04,555 [ERROR] LogOutputStream:75 - [STDERR_REDIRECT] 
2025-12-18 21:01:05,527 [ERROR] LogOutputStream:75 - [STDERR_REDIRECT] [Fatal Error] :1:1: Premature end of file.
2025-12-18 21:01:05,529 [ERROR] LogOutputStream:75 - [STDERR_REDIRECT] 
2025-12-18 21:01:06,561 [ERROR] LogOutputStream:75 - [STDERR_REDIRECT] [Fatal Error] :1:1: Premature end of file.
2025-12-18 21:01:06,561 [ERROR] LogOutputStream:75 - [STDERR_REDIRECT] 
2025-12-18 21:01:07,538 [ERROR] LogOutputStream:75 - [STDERR_REDIRECT] [Fatal Error] :1:1: Premature end of file.
2025-12-18 21:01:07,538 [ERROR] LogOutputStream:75 - [STDERR_REDIRECT] 
2025-12-18 21:01:08,535 [ERROR] LogOutputStream:75 - [STDERR_REDIRECT] [Fatal Error] :1:1: Premature end of file.
2025-12-18 21:01:08,535 [ERROR] LogOutputStream:75 - [STDERR_REDIRECT] 
2025-12-18 21:01:09,530 [ERROR] LogOutputStream:75 - [STDERR_REDIRECT] [Fatal Error] :1:1: Premature end of file.
2025-12-18 21:01:09,530 [ERROR] LogOutputStream:75 - [STDERR_REDIRECT] 
2025-12-18 21:01:10,531 [ERROR] LogOutputStream:75 - [STDERR_REDIRECT] [Fatal Error] :1:1: Premature end of file.
2025-12-18 21:01:10,531 [ERROR] LogOutputStream:75 - [STDERR_REDIRECT] 
2025-12-18 21:01:11,538 [ERROR] LogOutputStream:75 - [STDERR_REDIRECT] [Fatal Error] :1:1: Premature end of file.
2025-12-18 21:01:11,538 [ERROR] LogOutputStream:75 - [STDERR_REDIRECT] 
2025-12-18 21:01:12,528 [ERROR] LogOutputStream:75 - [STDERR_REDIRECT] [Fatal Error] :1:1: Premature end of file.
2025-12-18 21:01:12,528 [ERROR] LogOutputStream:75 - [STDERR_REDIRECT] 
2025-12-18 21:01:13,528 [ERROR] LogOutputStream:75 - [STDERR_REDIRECT] [Fatal Error] :1:1: Premature end of file.
2025-12-18 21:01:13,528 [ERROR] LogOutputStream:75 - [STDERR_REDIRECT] 
2025-12-18 21:01:14,529 [ERROR] LogOutputStream:75 - [STDERR_REDIRECT] [Fatal Error] :1:1: Premature end of file.
2025-12-18 21:01:14,529 [ERROR] LogOutputStream:75 - [STDERR_REDIRECT] 
2025-12-18 21:01:15,531 [ERROR] LogOutputStream:75 - [STDERR_REDIRECT] [Fatal Error] :1:1: Premature end of file.
2025-12-18 21:01:15,531 [ERROR] LogOutputStream:75 - [STDERR_REDIRECT] 
2025-12-18 21:01:16,538 [ERROR] LogOutputStream:75 - [STDERR_REDIRECT] [Fatal Error] :1:1: Premature end of file.
2025-12-18 21:01:16,538 [ERROR] LogOutputStream:75 - [STDERR_REDIRECT] 
2025-12-18 21:01:17,537 [ERROR] LogOutputStream:75 - [STDERR_REDIRECT] [Fatal Error] :1:1: Premature end of file.
2025-12-18 21:01:17,537 [ERROR] LogOutputStream:75 - [STDERR_REDIRECT] 
2025-12-18 21:01:18,528 [ERROR] LogOutputStream:75 - [STDERR_REDIRECT] [Fatal Error] :1:1: Premature end of file.
2025-12-18 21:01:18,528 [ERROR] LogOutputStream:75 - [STDERR_REDIRECT] 
2025-12-18 21:01:19,528 [ERROR] LogOutputStream:75 - [STDERR_REDIRECT] [Fatal Error] :1:1: Premature end of file.
2025-12-18 21:01:19,529 [ERROR] LogOutputStream:75 - [STDERR_REDIRECT] 
2025-12-18 21:01:20,529 [ERROR] LogOutputStream:75 - [STDERR_REDIRECT] [Fatal Error] :1:1: Premature end of file.
2025-12-18 21:01:20,530 [ERROR] LogOutputStream:75 - [STDERR_REDIRECT] 
2025-12-18 21:01:21,529 [ERROR] LogOutputStream:75 - [STDERR_REDIRECT] [Fatal Error] :1:1: Premature end of file.
2025-12-18 21:01:21,529 [ERROR] LogOutputStream:75 - [STDERR_REDIRECT] 
2025-12-18 21:01:22,529 [ERROR] LogOutputStream:75 - [STDERR_REDIRECT] [Fatal Error] :1:1: Premature end of file.
2025-12-18 21:01:22,529 [ERROR] LogOutputStream:75 - [STDERR_REDIRECT] 
2025-12-18 21:01:23,529 [ERROR] LogOutputStream:75 - [STDERR_REDIRECT] [Fatal Error] :1:1: Premature end of file.
2025-12-18 21:01:23,529 [ERROR] LogOutputStream:75 - [STDERR_REDIRECT] 
2025-12-18 21:01:24,529 [ERROR] LogOutputStream:75 - [STDERR_REDIRECT] [Fatal Error] :1:1: Premature end of file.
2025-12-18 21:01:24,529 [ERROR] LogOutputStream:75 - [STDERR_REDIRECT] 
2025-12-18 21:01:25,529 [ERROR] LogOutputStream:75 - [STDERR_REDIRECT] [Fatal Error] :1:1: Premature end of file.
2025-12-18 21:01:25,530 [ERROR] LogOutputStream:75 - [STDERR_REDIRECT] 
2025-12-18 21:01:26,530 [ERROR] LogOutputStream:75 - [STDERR_REDIRECT] [Fatal Error] :1:1: Premature end of file.
2025-12-18 21:01:26,530 [ERROR] LogOutputStream:75 - [STDERR_REDIRECT] 
2025-12-18 21:01:27,528 [ERROR] LogOutputStream:75 - [STDERR_REDIRECT] [Fatal Error] :1:1: Premature end of file.
2025-12-18 21:01:27,528 [ERROR] LogOutputStream:75 - [STDERR_REDIRECT] 
2025-12-18 21:01:28,529 [ERROR] LogOutputStream:75 - [STDERR_REDIRECT] [Fatal Error] :1:1: Premature end of file.
2025-12-18 21:01:28,529 [ERROR] LogOutputStream:75 - [STDERR_REDIRECT] 
2025-12-18 21:01:29,529 [ERROR] LogOutputStream:75 - [STDERR_REDIRECT] [Fatal Error] :1:1: Premature end of file.
2025-12-18 21:01:29,530 [ERROR] LogOutputStream:75 - [STDERR_REDIRECT] 
2025-12-18 21:01:30,530 [ERROR] LogOutputStream:75 - [STDERR_REDIRECT] [Fatal Error] :1:1: Premature end of file.
2025-12-18 21:01:30,530 [ERROR] LogOutputStream:75 - [STDERR_REDIRECT] 
2025-12-18 21:01:31,529 [ERROR] LogOutputStream:75 - [STDERR_REDIRECT] [Fatal Error] :1:1: Premature end of file.
2025-12-18 21:01:31,531 [ERROR] LogOutputStream:75 - [STDERR_REDIRECT] 
2025-12-18 21:01:32,530 [ERROR] LogOutputStream:75 - [STDERR_REDIRECT] [Fatal Error] :1:1: Premature end of file.
2025-12-18 21:01:32,530 [ERROR] LogOutputStream:75 - [STDERR_REDIRECT] 
2025-12-18 21:01:33,528 [ERROR] LogOutputStream:75 - [STDERR_REDIRECT] [Fatal Error] :1:1: Premature end of file.
2025-12-18 21:01:33,529 [ERROR] LogOutputStream:75 - [STDERR_REDIRECT] 
2025-12-18 21:01:34,529 [ERROR] LogOutputStream:75 - [STDERR_REDIRECT] [Fatal Error] :1:1: Premature end of file.
2025-12-18 21:01:34,529 [ERROR] LogOutputStream:75 - [STDERR_REDIRECT] 
2025-12-18 21:01:35,528 [ERROR] LogOutputStream:75 - [STDERR_REDIRECT] [Fatal Error] :1:1: Premature end of file.
2025-12-18 21:01:35,529 [ERROR] LogOutputStream:75 - [STDERR_REDIRECT] 
2025-12-18 21:01:36,528 [ERROR] LogOutputStream:75 - [STDERR_REDIRECT] [Fatal Error] :1:1: Premature end of file.
2025-12-18 21:01:36,528 [ERROR] LogOutputStream:75 - [STDERR_REDIRECT] 
2025-12-18 21:01:37,530 [ERROR] LogOutputStream:75 - [STDERR_REDIRECT] [Fatal Error] :1:1: Premature end of file.
2025-12-18 21:01:37,530 [ERROR] LogOutputStream:75 - [STDERR_REDIRECT] 
2025-12-18 21:01:38,528 [ERROR] LogOutputStream:75 - [STDERR_REDIRECT] [Fatal Error] :1:1: Premature end of file.
2025-12-18 21:01:38,528 [ERROR] LogOutputStream:75 - [STDERR_REDIRECT] 
2025-12-18 21:01:39,530 [ERROR] LogOutputStream:75 - [STDERR_REDIRECT] [Fatal Error] :1:1: Premature end of file.
2025-12-18 21:01:39,530 [ERROR] LogOutputStream:75 - [STDERR_REDIRECT] 
2025-12-18 21:01:40,529 [ERROR] LogOutputStream:75 - [STDERR_REDIRECT] [Fatal Error] :1:1: Premature end of file.
2025-12-18 21:01:40,529 [ERROR] LogOutputStream:75 - [STDERR_REDIRECT] 
2025-12-18 21:01:41,530 [ERROR] LogOutputStream:75 - [STDERR_REDIRECT] [Fatal Error] :1:1: Premature end of file.
2025-12-18 21:01:41,530 [ERROR] LogOutputStream:75 - [STDERR_REDIRECT] 
2025-12-18 21:01:42,530 [ERROR] LogOutputStream:75 - [STDERR_REDIRECT] [Fatal Error] :1:1: Premature end of file.
2025-12-18 21:01:42,530 [ERROR] LogOutputStream:75 - [STDERR_REDIRECT] 
2025-12-18 21:01:43,529 [ERROR] LogOutputStream:75 - [STDERR_REDIRECT] [Fatal Error] :1:1: Premature end of file.
2025-12-18 21:01:43,530 [ERROR] LogOutputStream:75 - [STDERR_REDIRECT] 
2025-12-18 21:01:44,530 [ERROR] LogOutputStream:75 - [STDERR_REDIRECT] [Fatal Error] :1:1: Premature end of file.
2025-12-18 21:01:44,530 [ERROR] LogOutputStream:75 - [STDERR_REDIRECT] 
2025-12-18 21:01:45,531 [ERROR] LogOutputStream:75 - [STDERR_REDIRECT] [Fatal Error] :1:1: Premature end of file.
2025-12-18 21:01:45,531 [ERROR] LogOutputStream:75 - [STDERR_REDIRECT] 
2025-12-18 21:01:46,529 [ERROR] LogOutputStream:75 - [STDERR_REDIRECT] [Fatal Error] :1:1: Premature end of file.
2025-12-18 21:01:46,529 [ERROR] LogOutputStream:75 - [STDERR_REDIRECT] 
2025-12-18 21:01:47,529 [ERROR] LogOutputStream:75 - [STDERR_REDIRECT] [Fatal Error] :1:1: Premature end of file.
2025-12-18 21:01:47,529 [ERROR] LogOutputStream:75 - [STDERR_REDIRECT] 
2025-12-18 21:01:48,530 [ERROR] LogOutputStream:75 - [STDERR_REDIRECT] [Fatal Error] :1:1: Premature end of file.
2025-12-18 21:01:48,530 [ERROR] LogOutputStream:75 - [STDERR_REDIRECT] 
2025-12-18 21:01:49,530 [ERROR] LogOutputStream:75 - [STDERR_REDIRECT] [Fatal Error] :1:1: Premature end of file.
2025-12-18 21:01:49,530 [ERROR] LogOutputStream:75 - [STDERR_REDIRECT] 
2025-12-18 21:01:50,529 [ERROR] LogOutputStream:75 - [STDERR_REDIRECT] [Fatal Error] :1:1: Premature end of file.
2025-12-18 21:01:50,529 [ERROR] LogOutputStream:75 - [STDERR_REDIRECT] 
2025-12-18 21:01:51,530 [ERROR] LogOutputStream:75 - [STDERR_REDIRECT] [Fatal Error] :1:1: Premature end of file.
2025-12-18 21:01:51,530 [ERROR] LogOutputStream:75 - [STDERR_REDIRECT] 
2025-12-18 21:01:52,530 [ERROR] LogOutputStream:75 - [STDERR_REDIRECT] [Fatal Error] :1:1: Premature end of file.
2025-12-18 21:01:52,530 [ERROR] LogOutputStream:75 - [STDERR_REDIRECT] 
2025-12-18 21:01:53,530 [ERROR] LogOutputStream:75 - [STDERR_REDIRECT] [Fatal Error] :1:1: Premature end of file.
2025-12-18 21:01:53,530 [ERROR] LogOutputStream:75 - [STDERR_REDIRECT] 
2025-12-18 21:01:54,530 [ERROR] LogOutputStream:75 - [STDERR_REDIRECT] [Fatal Error] :1:1: Premature end of file.
2025-12-18 21:01:54,530 [ERROR] LogOutputStream:75 - [STDERR_REDIRECT] 
2025-12-18 21:01:55,530 [ERROR] LogOutputStream:75 - [STDERR_REDIRECT] [Fatal Error] :1:1: Premature end of file.
2025-12-18 21:01:55,530 [ERROR] LogOutputStream:75 - [STDERR_REDIRECT] 
2025-12-18 21:01:56,528 [ERROR] LogOutputStream:75 - [STDERR_REDIRECT] [Fatal Error] :1:1: Premature end of file.
2025-12-18 21:01:56,528 [ERROR] LogOutputStream:75 - [STDERR_REDIRECT] 
2025-12-18 21:01:57,529 [ERROR] LogOutputStream:75 - [STDERR_REDIRECT] [Fatal Error] :1:1: Premature end of file.
2025-12-18 21:01:57,529 [ERROR] LogOutputStream:75 - [STDERR_REDIRECT] 
2025-12-18 21:01:58,530 [ERROR] LogOutputStream:75 - [STDERR_REDIRECT] [Fatal Error] :1:1: Premature end of file.
2025-12-18 21:01:58,530 [ERROR] LogOutputStream:75 - [STDERR_REDIRECT] 
2025-12-18 21:01:59,529 [ERROR] LogOutputStream:75 - [STDERR_REDIRECT] [Fatal Error] :1:1: Premature end of file.
2025-12-18 21:01:59,529 [ERROR] LogOutputStream:75 - [STDERR_REDIRECT] 
2025-12-18 21:02:00,529 [ERROR] LogOutputStream:75 - [STDERR_REDIRECT] [Fatal Error] :1:1: Premature end of file.
2025-12-18 21:02:00,529 [ERROR] LogOutputStream:75 - [STDERR_REDIRECT] 
2025-12-18 21:02:01,530 [ERROR] LogOutputStream:75 - [STDERR_REDIRECT] [Fatal Error] :1:1: Premature end of file.
2025-12-18 21:02:01,530 [ERROR] LogOutputStream:75 - [STDERR_REDIRECT] 
2025-12-18 21:02:02,529 [ERROR] LogOutputStream:75 - [STDERR_REDIRECT] [Fatal Error] :1:1: Premature end of file.
2025-12-18 21:02:02,529 [ERROR] LogOutputStream:75 - [STDERR_REDIRECT] 
2025-12-18 21:02:03,530 [ERROR] LogOutputStream:75 - [STDERR_REDIRECT] [Fatal Error] :1:1: Premature end of file.
2025-12-18 21:02:03,530 [ERROR] LogOutputStream:75 - [STDERR_REDIRECT] 
2025-12-18 21:02:04,529 [ERROR] LogOutputStream:75 - [STDERR_REDIRECT] [Fatal Error] :1:1: Premature end of file.
2025-12-18 21:02:04,529 [ERROR] LogOutputStream:75 - [STDERR_REDIRECT] 
2025-12-18 21:02:05,530 [ERROR] LogOutputStream:75 - [STDERR_REDIRECT] [Fatal Error] :1:1: Premature end of file.
2025-12-18 21:02:05,530 [ERROR] LogOutputStream:75 - [STDERR_REDIRECT] 
2025-12-18 21:02:06,530 [ERROR] LogOutputStream:75 - [STDERR_REDIRECT] [Fatal Error] :1:1: Premature end of file.
2025-12-18 21:02:06,530 [ERROR] LogOutputStream:75 - [STDERR_REDIRECT] 
2025-12-18 21:02:07,530 [ERROR] LogOutputStream:75 - [STDERR_REDIRECT] [Fatal Error] :1:1: Premature end of file.
2025-12-18 21:02:07,530 [ERROR] LogOutputStream:75 - [STDERR_REDIRECT] 
2025-12-18 21:02:08,531 [ERROR] LogOutputStream:75 - [STDERR_REDIRECT] [Fatal Error] :1:1: Premature end of file.
2025-12-18 21:02:08,531 [ERROR] LogOutputStream:75 - [STDERR_REDIRECT] 
2025-12-18 21:02:09,529 [ERROR] LogOutputStream:75 - [STDERR_REDIRECT] [Fatal Error] :1:1: Premature end of file.
2025-12-18 21:02:09,529 [ERROR] LogOutputStream:75 - [STDERR_REDIRECT] 
2025-12-18 21:02:10,530 [ERROR] LogOutputStream:75 - [STDERR_REDIRECT] [Fatal Error] :1:1: Premature end of file.
2025-12-18 21:02:10,530 [ERROR] LogOutputStream:75 - [STDERR_REDIRECT] 
2025-12-18 21:02:11,531 [ERROR] LogOutputStream:75 - [STDERR_REDIRECT] [Fatal Error] :1:1: Premature end of file.
2025-12-18 21:02:11,531 [ERROR] LogOutputStream:75 - [STDERR_REDIRECT] 
2025-12-18 21:02:12,529 [ERROR] LogOutputStream:75 - [STDERR_REDIRECT] [Fatal Error] :1:1: Premature end of file.
2025-12-18 21:02:12,529 [ERROR] LogOutputStream:75 - [STDERR_REDIRECT] 
2025-12-18 21:02:13,530 [ERROR] LogOutputStream:75 - [STDERR_REDIRECT] [Fatal Error] :1:1: Premature end of file.
2025-12-18 21:02:13,530 [ERROR] LogOutputStream:75 - [STDERR_REDIRECT] 
2025-12-18 21:02:14,529 [ERROR] LogOutputStream:75 - [STDERR_REDIRECT] [Fatal Error] :1:1: Premature end of file.
2025-12-18 21:02:14,529 [ERROR] LogOutputStream:75 - [STDERR_REDIRECT] 
2025-12-18 21:02:15,529 [ERROR] LogOutputStream:75 - [STDERR_REDIRECT] [Fatal Error] :1:1: Premature end of file.
2025-12-18 21:02:15,529 [ERROR] LogOutputStream:75 - [STDERR_REDIRECT] 
2025-12-18 21:02:16,529 [ERROR] LogOutputStream:75 - [STDERR_REDIRECT] [Fatal Error] :1:1: Premature end of file.
2025-12-18 21:02:16,531 [ERROR] LogOutputStream:75 - [STDERR_REDIRECT] 
2025-12-18 21:02:17,530 [ERROR] LogOutputStream:75 - [STDERR_REDIRECT] [Fatal Error] :1:1: Premature end of file.
2025-12-18 21:02:17,530 [ERROR] LogOutputStream:75 - [STDERR_REDIRECT] 
2025-12-18 21:02:18,529 [ERROR] LogOutputStream:75 - [STDERR_REDIRECT] [Fatal Error] :1:1: Premature end of file.
2025-12-18 21:02:18,530 [ERROR] LogOutputStream:75 - [STDERR_REDIRECT] 
2025-12-18 21:02:19,530 [ERROR] LogOutputStream:75 - [STDERR_REDIRECT] [Fatal Error] :1:1: Premature end of file.
2025-12-18 21:02:19,530 [ERROR] LogOutputStream:75 - [STDERR_REDIRECT] 
2025-12-18 21:02:20,531 [ERROR] LogOutputStream:75 - [STDERR_REDIRECT] [Fatal Error] :1:1: Premature end of file.
2025-12-18 21:02:20,531 [ERROR] LogOutputStream:75 - [STDERR_REDIRECT] 
2025-12-18 21:02:21,531 [ERROR] LogOutputStream:75 - [STDERR_REDIRECT] [Fatal Error] :1:1: Premature end of file.
2025-12-18 21:02:21,532 [ERROR] LogOutputStream:75 - [STDERR_REDIRECT] 
2025-12-18 21:02:22,533 [ERROR] LogOutputStream:75 - [STDERR_REDIRECT] [Fatal Error] :1:1: Premature end of file.
2025-12-18 21:02:22,533 [ERROR] LogOutputStream:75 - [STDERR_REDIRECT] 
2025-12-18 21:02:23,528 [ERROR] LogOutputStream:75 - [STDERR_REDIRECT] [Fatal Error] :1:1: Premature end of file.
2025-12-18 21:02:23,528 [ERROR] LogOutputStream:75 - [STDERR_REDIRECT] 
2025-12-18 21:02:24,537 [ERROR] LogOutputStream:75 - [STDERR_REDIRECT] [Fatal Error] :1:1: Premature end of file.
2025-12-18 21:02:24,538 [ERROR] LogOutputStream:75 - [STDERR_REDIRECT] 
2025-12-18 21:02:25,528 [ERROR] LogOutputStream:75 - [STDERR_REDIRECT] [Fatal Error] :1:1: Premature end of file.
2025-12-18 21:02:25,528 [ERROR] LogOutputStream:75 - [STDERR_REDIRECT] 
2025-12-18 21:02:26,529 [ERROR] LogOutputStream:75 - [STDERR_REDIRECT] [Fatal Error] :1:1: Premature end of file.
2025-12-18 21:02:26,529 [ERROR] LogOutputStream:75 - [STDERR_REDIRECT] 
2025-12-18 21:02:27,535 [ERROR] LogOutputStream:75 - [STDERR_REDIRECT] [Fatal Error] :1:1: Premature end of file.
2025-12-18 21:02:27,535 [ERROR] LogOutputStream:75 - [STDERR_REDIRECT] 
2025-12-18 21:02:28,533 [ERROR] LogOutputStream:75 - [STDERR_REDIRECT] [Fatal Error] :1:1: Premature end of file.
2025-12-18 21:02:28,533 [ERROR] LogOutputStream:75 - [STDERR_REDIRECT] 
2025-12-18 21:02:29,531 [ERROR] LogOutputStream:75 - [STDERR_REDIRECT] [Fatal Error] :1:1: Premature end of file.
2025-12-18 21:02:29,531 [ERROR] LogOutputStream:75 - [STDERR_REDIRECT] 
2025-12-18 21:02:30,533 [ERROR] LogOutputStream:75 - [STDERR_REDIRECT] [Fatal Error] :1:1: Premature end of file.
2025-12-18 21:02:30,533 [ERROR] LogOutputStream:75 - [STDERR_REDIRECT] 
2025-12-18 21:02:31,530 [ERROR] LogOutputStream:75 - [STDERR_REDIRECT] [Fatal Error] :1:1: Premature end of file.
2025-12-18 21:02:31,530 [ERROR] LogOutputStream:75 - [STDERR_REDIRECT] 
2025-12-18 21:02:32,530 [ERROR] LogOutputStream:75 - [STDERR_REDIRECT] [Fatal Error] :1:1: Premature end of file.
2025-12-18 21:02:32,531 [ERROR] LogOutputStream:75 - [STDERR_REDIRECT] 
2025-12-18 21:02:33,535 [ERROR] LogOutputStream:75 - [STDERR_REDIRECT] [Fatal Error] :1:1: Premature end of file.
2025-12-18 21:02:33,535 [ERROR] LogOutputStream:75 - [STDERR_REDIRECT] 
2025-12-18 21:02:34,537 [ERROR] LogOutputStream:75 - [STDERR_REDIRECT] [Fatal Error] :1:1: Premature end of file.
2025-12-18 21:02:34,537 [ERROR] LogOutputStream:75 - [STDERR_REDIRECT] 
2025-12-18 21:02:35,534 [ERROR] LogOutputStream:75 - [STDERR_REDIRECT] [Fatal Error] :1:1: Premature end of file.
2025-12-18 21:02:35,534 [ERROR] LogOutputStream:75 - [STDERR_REDIRECT] 
2025-12-18 21:02:36,530 [ERROR] LogOutputStream:75 - [STDERR_REDIRECT] [Fatal Error] :1:1: Premature end of file.
2025-12-18 21:02:36,531 [ERROR] LogOutputStream:75 - [STDERR_REDIRECT] 
2025-12-18 21:02:37,529 [ERROR] LogOutputStream:75 - [STDERR_REDIRECT] [Fatal Error] :1:1: Premature end of file.
2025-12-18 21:02:37,529 [ERROR] LogOutputStream:75 - [STDERR_REDIRECT] 
2025-12-18 21:02:38,528 [ERROR] LogOutputStream:75 - [STDERR_REDIRECT] [Fatal Error] :1:1: Premature end of file.
2025-12-18 21:02:38,528 [ERROR] LogOutputStream:75 - [STDERR_REDIRECT] 
2025-12-18 21:02:39,532 [ERROR] LogOutputStream:75 - [STDERR_REDIRECT] [Fatal Error] :1:1: Premature end of file.
2025-12-18 21:02:39,532 [ERROR] LogOutputStream:75 - [STDERR_REDIRECT] 
2025-12-18 21:02:40,527 [ERROR] LogOutputStream:75 - [STDERR_REDIRECT] [Fatal Error] :1:1: Premature end of file.
2025-12-18 21:02:40,527 [ERROR] LogOutputStream:75 - [STDERR_REDIRECT] 
2025-12-18 21:02:41,529 [ERROR] LogOutputStream:75 - [STDERR_REDIRECT] [Fatal Error] :1:1: Premature end of file.
2025-12-18 21:02:41,529 [ERROR] LogOutputStream:75 - [STDERR_REDIRECT] 
2025-12-18 21:02:42,532 [ERROR] LogOutputStream:75 - [STDERR_REDIRECT] [Fatal Error] :1:1: Premature end of file.
2025-12-18 21:02:42,532 [ERROR] LogOutputStream:75 - [STDERR_REDIRECT] 
2025-12-18 21:02:43,532 [ERROR] LogOutputStream:75 - [STDERR_REDIRECT] [Fatal Error] :1:1: Premature end of file.
2025-12-18 21:02:43,532 [ERROR] LogOutputStream:75 - [STDERR_REDIRECT] 
2025-12-18 21:02:44,529 [ERROR] LogOutputStream:75 - [STDERR_REDIRECT] [Fatal Error] :1:1: Premature end of file.
2025-12-18 21:02:44,529 [ERROR] LogOutputStream:75 - [STDERR_REDIRECT] 
2025-12-18 21:02:45,531 [ERROR] LogOutputStream:75 - [STDERR_REDIRECT] [Fatal Error] :1:1: Premature end of file.
2025-12-18 21:02:45,532 [ERROR] LogOutputStream:75 - [STDERR_REDIRECT] 
2025-12-18 21:02:46,530 [ERROR] LogOutputStream:75 - [STDERR_REDIRECT] [Fatal Error] :1:1: Premature end of file.
2025-12-18 21:02:46,530 [ERROR] LogOutputStream:75 - [STDERR_REDIRECT] 
2025-12-18 21:02:47,528 [ERROR] LogOutputStream:75 - [STDERR_REDIRECT] [Fatal Error] :1:1: Premature end of file.
2025-12-18 21:02:47,528 [ERROR] LogOutputStream:75 - [STDERR_REDIRECT] 
2025-12-18 21:02:48,530 [ERROR] LogOutputStream:75 - [STDERR_REDIRECT] [Fatal Error] :1:1: Premature end of file.
2025-12-18 21:02:48,530 [ERROR] LogOutputStream:75 - [STDERR_REDIRECT] 
2025-12-18 21:02:49,530 [ERROR] LogOutputStream:75 - [STDERR_REDIRECT] [Fatal Error] :1:1: Premature end of file.
2025-12-18 21:02:49,530 [ERROR] LogOutputStream:75 - [STDERR_REDIRECT] 
2025-12-18 21:02:50,530 [ERROR] LogOutputStream:75 - [STDERR_REDIRECT] [Fatal Error] :1:1: Premature end of file.
2025-12-18 21:02:50,530 [ERROR] LogOutputStream:75 - [STDERR_REDIRECT] 
2025-12-18 21:02:51,529 [ERROR] LogOutputStream:75 - [STDERR_REDIRECT] [Fatal Error] :1:1: Premature end of file.
2025-12-18 21:02:51,530 [ERROR] LogOutputStream:75 - [STDERR_REDIRECT] 
2025-12-18 21:02:52,528 [ERROR] LogOutputStream:75 - [STDERR_REDIRECT] [Fatal Error] :1:1: Premature end of file.
2025-12-18 21:02:52,528 [ERROR] LogOutputStream:75 - [STDERR_REDIRECT] 
2025-12-18 21:02:53,528 [ERROR] LogOutputStream:75 - [STDERR_REDIRECT] [Fatal Error] :1:1: Premature end of file.
2025-12-18 21:02:53,528 [ERROR] LogOutputStream:75 - [STDERR_REDIRECT] 
2025-12-18 21:02:54,529 [ERROR] LogOutputStream:75 - [STDERR_REDIRECT] [Fatal Error] :1:1: Premature end of file.
2025-12-18 21:02:54,529 [ERROR] LogOutputStream:75 - [STDERR_REDIRECT] 
2025-12-18 21:02:55,528 [ERROR] LogOutputStream:75 - [STDERR_REDIRECT] [Fatal Error] :1:1: Premature end of file.
2025-12-18 21:02:55,528 [ERROR] LogOutputStream:75 - [STDERR_REDIRECT] 
2025-12-18 21:02:56,529 [ERROR] LogOutputStream:75 - [STDERR_REDIRECT] [Fatal Error] :1:1: Premature end of file.
2025-12-18 21:02:56,529 [ERROR] LogOutputStream:75 - [STDERR_REDIRECT] 
2025-12-18 21:02:57,529 [ERROR] LogOutputStream:75 - [STDERR_REDIRECT] [Fatal Error] :1:1: Premature end of file.
2025-12-18 21:02:57,529 [ERROR] LogOutputStream:75 - [STDERR_REDIRECT] 
2025-12-18 21:02:58,528 [ERROR] LogOutputStream:75 - [STDERR_REDIRECT] [Fatal Error] :1:1: Premature end of file.
2025-12-18 21:02:58,528 [ERROR] LogOutputStream:75 - [STDERR_REDIRECT] 
2025-12-18 21:02:59,528 [ERROR] LogOutputStream:75 - [STDERR_REDIRECT] [Fatal Error] :1:1: Premature end of file.
2025-12-18 21:02:59,529 [ERROR] LogOutputStream:75 - [STDERR_REDIRECT] 
2025-12-18 21:03:00,529 [ERROR] LogOutputStream:75 - [STDERR_REDIRECT] [Fatal Error] :1:1: Premature end of file.
2025-12-18 21:03:00,529 [ERROR] LogOutputStream:75 - [STDERR_REDIRECT] 
2025-12-18 21:03:01,531 [ERROR] LogOutputStream:75 - [STDERR_REDIRECT] [Fatal Error] :1:1: Premature end of file.
2025-12-18 21:03:01,531 [ERROR] LogOutputStream:75 - [STDERR_REDIRECT] 
2025-12-18 21:03:02,530 [ERROR] LogOutputStream:75 - [STDERR_REDIRECT] [Fatal Error] :1:1: Premature end of file.
2025-12-18 21:03:02,530 [ERROR] LogOutputStream:75 - [STDERR_REDIRECT] 
2025-12-18 21:03:03,532 [ERROR] LogOutputStream:75 - [STDERR_REDIRECT] [Fatal Error] :1:1: Premature end of file.
2025-12-18 21:03:03,532 [ERROR] LogOutputStream:75 - [STDERR_REDIRECT] 
2025-12-18 21:03:04,535 [ERROR] LogOutputStream:75 - [STDERR_REDIRECT] [Fatal Error] :1:1: Premature end of file.
2025-12-18 21:03:04,535 [ERROR] LogOutputStream:75 - [STDERR_REDIRECT] 
2025-12-18 21:03:05,533 [ERROR] LogOutputStream:75 - [STDERR_REDIRECT] [Fatal Error] :1:1: Premature end of file.
2025-12-18 21:03:05,533 [ERROR] LogOutputStream:75 - [STDERR_REDIRECT] 
2025-12-18 21:03:06,528 [ERROR] LogOutputStream:75 - [STDERR_REDIRECT] [Fatal Error] :1:1: Premature end of file.
2025-12-18 21:03:06,528 [ERROR] LogOutputStream:75 - [STDERR_REDIRECT] 
2025-12-18 21:03:07,531 [ERROR] LogOutputStream:75 - [STDERR_REDIRECT] [Fatal Error] :1:1: Premature end of file.
2025-12-18 21:03:07,531 [ERROR] LogOutputStream:75 - [STDERR_REDIRECT] 
2025-12-18 21:03:08,529 [ERROR] LogOutputStream:75 - [STDERR_REDIRECT] [Fatal Error] :1:1: Premature end of file.
2025-12-18 21:03:08,529 [ERROR] LogOutputStream:75 - [STDERR_REDIRECT] 
2025-12-18 21:03:09,529 [ERROR] LogOutputStream:75 - [STDERR_REDIRECT] [Fatal Error] :1:1: Premature end of file.
2025-12-18 21:03:09,529 [ERROR] LogOutputStream:75 - [STDERR_REDIRECT] 
2025-12-18 21:03:10,528 [ERROR] LogOutputStream:75 - [STDERR_REDIRECT] [Fatal Error] :1:1: Premature end of file.
2025-12-18 21:03:10,528 [ERROR] LogOutputStream:75 - [STDERR_REDIRECT] 
2025-12-18 21:03:11,532 [ERROR] LogOutputStream:75 - [STDERR_REDIRECT] [Fatal Error] :1:1: Premature end of file.
2025-12-18 21:03:11,532 [ERROR] LogOutputStream:75 - [STDERR_REDIRECT] 
2025-12-18 21:03:12,529 [ERROR] LogOutputStream:75 - [STDERR_REDIRECT] [Fatal Error] :1:1: Premature end of file.
2025-12-18 21:03:12,529 [ERROR] LogOutputStream:75 - [STDERR_REDIRECT] 
2025-12-18 21:03:13,531 [ERROR] LogOutputStream:75 - [STDERR_REDIRECT] [Fatal Error] :1:1: Premature end of file.
2025-12-18 21:03:13,531 [ERROR] LogOutputStream:75 - [STDERR_REDIRECT] 
2025-12-18 21:03:14,528 [ERROR] LogOutputStream:75 - [STDERR_REDIRECT] [Fatal Error] :1:1: Premature end of file.
2025-12-18 21:03:14,528 [ERROR] LogOutputStream:75 - [STDERR_REDIRECT] 
2025-12-18 21:03:15,529 [ERROR] LogOutputStream:75 - [STDERR_REDIRECT] [Fatal Error] :1:1: Premature end of file.
2025-12-18 21:03:15,529 [ERROR] LogOutputStream:75 - [STDERR_REDIRECT] 
2025-12-18 21:03:16,532 [ERROR] LogOutputStream:75 - [STDERR_REDIRECT] [Fatal Error] :1:1: Premature end of file.
2025-12-18 21:03:16,532 [ERROR] LogOutputStream:75 - [STDERR_REDIRECT] 
2025-12-18 21:03:17,530 [ERROR] LogOutputStream:75 - [STDERR_REDIRECT] [Fatal Error] :1:1: Premature end of file.
2025-12-18 21:03:17,530 [ERROR] LogOutputStream:75 - [STDERR_REDIRECT] 
2025-12-18 21:03:18,532 [ERROR] LogOutputStream:75 - [STDERR_REDIRECT] [Fatal Error] :1:1: Premature end of file.
2025-12-18 21:03:18,532 [ERROR] LogOutputStream:75 - [STDERR_REDIRECT] 
2025-12-18 21:03:19,529 [ERROR] LogOutputStream:75 - [STDERR_REDIRECT] [Fatal Error] :1:1: Premature end of file.
2025-12-18 21:03:19,529 [ERROR] LogOutputStream:75 - [STDERR_REDIRECT] 
2025-12-18 21:03:20,531 [ERROR] LogOutputStream:75 - [STDERR_REDIRECT] [Fatal Error] :1:1: Premature end of file.
2025-12-18 21:03:20,531 [ERROR] LogOutputStream:75 - [STDERR_REDIRECT] 
2025-12-18 21:03:21,529 [ERROR] LogOutputStream:75 - [STDERR_REDIRECT] [Fatal Error] :1:1: Premature end of file.
2025-12-18 21:03:21,529 [ERROR] LogOutputStream:75 - [STDERR_REDIRECT] 
2025-12-18 21:03:22,531 [ERROR] LogOutputStream:75 - [STDERR_REDIRECT] [Fatal Error] :1:1: Premature end of file.
2025-12-18 21:03:22,531 [ERROR] LogOutputStream:75 - [STDERR_REDIRECT] 
2025-12-18 21:03:23,529 [ERROR] LogOutputStream:75 - [STDERR_REDIRECT] [Fatal Error] :1:1: Premature end of file.
2025-12-18 21:03:23,529 [ERROR] LogOutputStream:75 - [STDERR_REDIRECT] 
2025-12-18 21:03:24,529 [ERROR] LogOutputStream:75 - [STDERR_REDIRECT] [Fatal Error] :1:1: Premature end of file.
2025-12-18 21:03:24,529 [ERROR] LogOutputStream:75 - [STDERR_REDIRECT] 
2025-12-18 21:03:25,530 [ERROR] LogOutputStream:75 - [STDERR_REDIRECT] [Fatal Error] :1:1: Premature end of file.
2025-12-18 21:03:25,530 [ERROR] LogOutputStream:75 - [STDERR_REDIRECT] 
2025-12-18 21:03:26,529 [ERROR] LogOutputStream:75 - [STDERR_REDIRECT] [Fatal Error] :1:1: Premature end of file.
2025-12-18 21:03:26,529 [ERROR] LogOutputStream:75 - [STDERR_REDIRECT] 
2025-12-18 21:03:27,529 [ERROR] LogOutputStream:75 - [STDERR_REDIRECT] [Fatal Error] :1:1: Premature end of file.
2025-12-18 21:03:27,529 [ERROR] LogOutputStream:75 - [STDERR_REDIRECT] 
2025-12-18 21:03:28,529 [ERROR] LogOutputStream:75 - [STDERR_REDIRECT] [Fatal Error] :1:1: Premature end of file.
2025-12-18 21:03:28,529 [ERROR] LogOutputStream:75 - [STDERR_REDIRECT] 
2025-12-18 21:03:29,529 [ERROR] LogOutputStream:75 - [STDERR_REDIRECT] [Fatal Error] :1:1: Premature end of file.
2025-12-18 21:03:29,529 [ERROR] LogOutputStream:75 - [STDERR_REDIRECT] 
2025-12-18 21:03:30,530 [ERROR] LogOutputStream:75 - [STDERR_REDIRECT] [Fatal Error] :1:1: Premature end of file.
2025-12-18 21:03:30,530 [ERROR] LogOutputStream:75 - [STDERR_REDIRECT] 
2025-12-18 21:03:31,530 [ERROR] LogOutputStream:75 - [STDERR_REDIRECT] [Fatal Error] :1:1: Premature end of file.
2025-12-18 21:03:31,530 [ERROR] LogOutputStream:75 - [STDERR_REDIRECT] 
2025-12-18 21:03:32,530 [ERROR] LogOutputStream:75 - [STDERR_REDIRECT] [Fatal Error] :1:1: Premature end of file.
2025-12-18 21:03:32,530 [ERROR] LogOutputStream:75 - [STDERR_REDIRECT] 
2025-12-18 21:03:33,529 [ERROR] LogOutputStream:75 - [STDERR_REDIRECT] [Fatal Error] :1:1: Premature end of file.
2025-12-18 21:03:33,529 [ERROR] LogOutputStream:75 - [STDERR_REDIRECT] 
2025-12-18 21:03:34,530 [ERROR] LogOutputStream:75 - [STDERR_REDIRECT] [Fatal Error] :1:1: Premature end of file.
2025-12-18 21:03:34,530 [ERROR] LogOutputStream:75 - [STDERR_REDIRECT] 
2025-12-18 21:03:35,531 [ERROR] LogOutputStream:75 - [STDERR_REDIRECT] [Fatal Error] :1:1: Premature end of file.
2025-12-18 21:03:35,531 [ERROR] LogOutputStream:75 - [STDERR_REDIRECT] 
2025-12-18 21:03:36,529 [ERROR] LogOutputStream:75 - [STDERR_REDIRECT] [Fatal Error] :1:1: Premature end of file.
2025-12-18 21:03:36,529 [ERROR] LogOutputStream:75 - [STDERR_REDIRECT] 
2025-12-18 21:03:37,529 [ERROR] LogOutputStream:75 - [STDERR_REDIRECT] [Fatal Error] :1:1: Premature end of file.
2025-12-18 21:03:37,530 [ERROR] LogOutputStream:75 - [STDERR_REDIRECT] 
2025-12-18 21:03:38,531 [ERROR] LogOutputStream:75 - [STDERR_REDIRECT] [Fatal Error] :1:1: Premature end of file.
2025-12-18 21:03:38,531 [ERROR] LogOutputStream:75 - [STDERR_REDIRECT] 
2025-12-18 21:03:39,527 [ERROR] LogOutputStream:75 - [STDERR_REDIRECT] [Fatal Error] :1:1: Premature end of file.
2025-12-18 21:03:39,527 [ERROR] LogOutputStream:75 - [STDERR_REDIRECT] 
2025-12-18 21:03:40,528 [ERROR] LogOutputStream:75 - [STDERR_REDIRECT] [Fatal Error] :1:1: Premature end of file.
2025-12-18 21:03:40,528 [ERROR] LogOutputStream:75 - [STDERR_REDIRECT] 
2025-12-18 21:03:41,531 [ERROR] LogOutputStream:75 - [STDERR_REDIRECT] [Fatal Error] :1:1: Premature end of file.
2025-12-18 21:03:41,531 [ERROR] LogOutputStream:75 - [STDERR_REDIRECT] 
2025-12-18 21:03:42,529 [ERROR] LogOutputStream:75 - [STDERR_REDIRECT] [Fatal Error] :1:1: Premature end of file.
2025-12-18 21:03:42,530 [ERROR] LogOutputStream:75 - [STDERR_REDIRECT] 
2025-12-18 21:03:43,529 [ERROR] LogOutputStream:75 - [STDERR_REDIRECT] [Fatal Error] :1:1: Premature end of file.
2025-12-18 21:03:43,529 [ERROR] LogOutputStream:75 - [STDERR_REDIRECT] 
2025-12-18 21:03:44,527 [ERROR] LogOutputStream:75 - [STDERR_REDIRECT] [Fatal Error] :1:1: Premature end of file.
2025-12-18 21:03:44,527 [ERROR] LogOutputStream:75 - [STDERR_REDIRECT] 
2025-12-18 21:03:45,529 [ERROR] LogOutputStream:75 - [STDERR_REDIRECT] [Fatal Error] :1:1: Premature end of file.
2025-12-18 21:03:45,529 [ERROR] LogOutputStream:75 - [STDERR_REDIRECT] 
2025-12-18 21:03:46,528 [ERROR] LogOutputStream:75 - [STDERR_REDIRECT] [Fatal Error] :1:1: Premature end of file.
2025-12-18 21:03:46,528 [ERROR] LogOutputStream:75 - [STDERR_REDIRECT] 
2025-12-18 21:03:47,529 [ERROR] LogOutputStream:75 - [STDERR_REDIRECT] [Fatal Error] :1:1: Premature end of file.
2025-12-18 21:03:47,529 [ERROR] LogOutputStream:75 - [STDERR_REDIRECT] 
2025-12-18 21:03:48,530 [ERROR] LogOutputStream:75 - [STDERR_REDIRECT] [Fatal Error] :1:1: Premature end of file.
2025-12-18 21:03:48,530 [ERROR] LogOutputStream:75 - [STDERR_REDIRECT] 
2025-12-18 21:03:49,528 [ERROR] LogOutputStream:75 - [STDERR_REDIRECT] [Fatal Error] :1:1: Premature end of file.
2025-12-18 21:03:49,528 [ERROR] LogOutputStream:75 - [STDERR_REDIRECT] 
2025-12-18 21:03:50,530 [ERROR] LogOutputStream:75 - [STDERR_REDIRECT] [Fatal Error] :1:1: Premature end of file.
2025-12-18 21:03:50,530 [ERROR] LogOutputStream:75 - [STDERR_REDIRECT] 
2025-12-18 21:03:51,530 [ERROR] LogOutputStream:75 - [STDERR_REDIRECT] [Fatal Error] :1:1: Premature end of file.
2025-12-18 21:03:51,530 [ERROR] LogOutputStream:75 - [STDERR_REDIRECT] 
2025-12-18 21:03:52,531 [ERROR] LogOutputStream:75 - [STDERR_REDIRECT] [Fatal Error] :1:1: Premature end of file.
2025-12-18 21:03:52,531 [ERROR] LogOutputStream:75 - [STDERR_REDIRECT] 
2025-12-18 21:03:53,531 [ERROR] LogOutputStream:75 - [STDERR_REDIRECT] [Fatal Error] :1:1: Premature end of file.
2025-12-18 21:03:53,531 [ERROR] LogOutputStream:75 - [STDERR_REDIRECT] 
2025-12-18 21:03:54,530 [ERROR] LogOutputStream:75 - [STDERR_REDIRECT] [Fatal Error] :1:1: Premature end of file.
2025-12-18 21:03:54,530 [ERROR] LogOutputStream:75 - [STDERR_REDIRECT] 
2025-12-18 21:03:55,528 [ERROR] LogOutputStream:75 - [STDERR_REDIRECT] [Fatal Error] :1:1: Premature end of file.
2025-12-18 21:03:55,528 [ERROR] LogOutputStream:75 - [STDERR_REDIRECT] 
2025-12-18 21:03:56,531 [ERROR] LogOutputStream:75 - [STDERR_REDIRECT] [Fatal Error] :1:1: Premature end of file.
2025-12-18 21:03:56,531 [ERROR] LogOutputStream:75 - [STDERR_REDIRECT] 
2025-12-18 21:03:57,530 [ERROR] LogOutputStream:75 - [STDERR_REDIRECT] [Fatal Error] :1:1: Premature end of file.
2025-12-18 21:03:57,530 [ERROR] LogOutputStream:75 - [STDERR_REDIRECT] 
2025-12-18 21:03:58,531 [ERROR] LogOutputStream:75 - [STDERR_REDIRECT] [Fatal Error] :1:1: Premature end of file.
2025-12-18 21:03:58,531 [ERROR] LogOutputStream:75 - [STDERR_REDIRECT] 
2025-12-18 21:03:59,529 [ERROR] LogOutputStream:75 - [STDERR_REDIRECT] [Fatal Error] :1:1: Premature end of file.
2025-12-18 21:03:59,529 [ERROR] LogOutputStream:75 - [STDERR_REDIRECT] 
2025-12-18 21:04:00,530 [ERROR] LogOutputStream:75 - [STDERR_REDIRECT] [Fatal Error] :1:1: Premature end of file.
2025-12-18 21:04:00,530 [ERROR] LogOutputStream:75 - [STDERR_REDIRECT] 
2025-12-18 21:04:01,527 [ERROR] LogOutputStream:75 - [STDERR_REDIRECT] [Fatal Error] :1:1: Premature end of file.
2025-12-18 21:04:01,528 [ERROR] LogOutputStream:75 - [STDERR_REDIRECT] 
2025-12-18 21:04:02,529 [ERROR] LogOutputStream:75 - [STDERR_REDIRECT] [Fatal Error] :1:1: Premature end of file.
2025-12-18 21:04:02,529 [ERROR] LogOutputStream:75 - [STDERR_REDIRECT] 
2025-12-18 21:04:03,528 [ERROR] LogOutputStream:75 - [STDERR_REDIRECT] [Fatal Error] :1:1: Premature end of file.
2025-12-18 21:04:03,528 [ERROR] LogOutputStream:75 - [STDERR_REDIRECT] 
2025-12-18 21:04:04,530 [ERROR] LogOutputStream:75 - [STDERR_REDIRECT] [Fatal Error] :1:1: Premature end of file.
2025-12-18 21:04:04,530 [ERROR] LogOutputStream:75 - [STDERR_REDIRECT] 
2025-12-18 21:04:05,530 [ERROR] LogOutputStream:75 - [STDERR_REDIRECT] [Fatal Error] :1:1: Premature end of file.
2025-12-18 21:04:05,530 [ERROR] LogOutputStream:75 - [STDERR_REDIRECT] 
2025-12-18 21:04:06,531 [ERROR] LogOutputStream:75 - [STDERR_REDIRECT] [Fatal Error] :1:1: Premature end of file.
2025-12-18 21:04:06,531 [ERROR] LogOutputStream:75 - [STDERR_REDIRECT] 
2025-12-18 21:04:07,528 [ERROR] LogOutputStream:75 - [STDERR_REDIRECT] [Fatal Error] :1:1: Premature end of file.
2025-12-18 21:04:07,529 [ERROR] LogOutputStream:75 - [STDERR_REDIRECT] 
2025-12-18 21:04:08,529 [ERROR] LogOutputStream:75 - [STDERR_REDIRECT] [Fatal Error] :1:1: Premature end of file.
2025-12-18 21:04:08,529 [ERROR] LogOutputStream:75 - [STDERR_REDIRECT] 
2025-12-18 21:04:09,529 [ERROR] LogOutputStream:75 - [STDERR_REDIRECT] [Fatal Error] :1:1: Premature end of file.
2025-12-18 21:04:09,529 [ERROR] LogOutputStream:75 - [STDERR_REDIRECT] 
2025-12-18 21:04:10,530 [ERROR] LogOutputStream:75 - [STDERR_REDIRECT] [Fatal Error] :1:1: Premature end of file.
2025-12-18 21:04:10,530 [ERROR] LogOutputStream:75 - [STDERR_REDIRECT] 
2025-12-18 21:04:11,531 [ERROR] LogOutputStream:75 - [STDERR_REDIRECT] [Fatal Error] :1:1: Premature end of file.
2025-12-18 21:04:11,531 [ERROR] LogOutputStream:75 - [STDERR_REDIRECT] 
2025-12-18 21:04:12,530 [ERROR] LogOutputStream:75 - [STDERR_REDIRECT] [Fatal Error] :1:1: Premature end of file.
2025-12-18 21:04:12,530 [ERROR] LogOutputStream:75 - [STDERR_REDIRECT] 
2025-12-18 21:04:13,531 [ERROR] LogOutputStream:75 - [STDERR_REDIRECT] [Fatal Error] :1:1: Premature end of file.
2025-12-18 21:04:13,531 [ERROR] LogOutputStream:75 - [STDERR_REDIRECT] 
2025-12-18 21:04:14,530 [ERROR] LogOutputStream:75 - [STDERR_REDIRECT] [Fatal Error] :1:1: Premature end of file.
2025-12-18 21:04:14,530 [ERROR] LogOutputStream:75 - [STDERR_REDIRECT] 
2025-12-18 21:04:15,530 [ERROR] LogOutputStream:75 - [STDERR_REDIRECT] [Fatal Error] :1:1: Premature end of file.
2025-12-18 21:04:15,530 [ERROR] LogOutputStream:75 - [STDERR_REDIRECT] 
2025-12-18 21:04:16,531 [ERROR] LogOutputStream:75 - [STDERR_REDIRECT] [Fatal Error] :1:1: Premature end of file.
2025-12-18 21:04:16,531 [ERROR] LogOutputStream:75 - [STDERR_REDIRECT] 
2025-12-18 21:04:17,531 [ERROR] LogOutputStream:75 - [STDERR_REDIRECT] [Fatal Error] :1:1: Premature end of file.
2025-12-18 21:04:17,531 [ERROR] LogOutputStream:75 - [STDERR_REDIRECT] 
2025-12-18 21:04:18,529 [ERROR] LogOutputStream:75 - [STDERR_REDIRECT] [Fatal Error] :1:1: Premature end of file.
2025-12-18 21:04:18,529 [ERROR] LogOutputStream:75 - [STDERR_REDIRECT] 
2025-12-18 21:04:19,530 [ERROR] LogOutputStream:75 - [STDERR_REDIRECT] [Fatal Error] :1:1: Premature end of file.
2025-12-18 21:04:19,530 [ERROR] LogOutputStream:75 - [STDERR_REDIRECT] 
2025-12-18 21:04:20,530 [ERROR] LogOutputStream:75 - [STDERR_REDIRECT] [Fatal Error] :1:1: Premature end of file.
2025-12-18 21:04:20,530 [ERROR] LogOutputStream:75 - [STDERR_REDIRECT] 
2025-12-18 21:04:21,529 [ERROR] LogOutputStream:75 - [STDERR_REDIRECT] [Fatal Error] :1:1: Premature end of file.
2025-12-18 21:04:21,529 [ERROR] LogOutputStream:75 - [STDERR_REDIRECT] 
2025-12-18 21:04:22,530 [ERROR] LogOutputStream:75 - [STDERR_REDIRECT] [Fatal Error] :1:1: Premature end of file.
2025-12-18 21:04:22,530 [ERROR] LogOutputStream:75 - [STDERR_REDIRECT] 
2025-12-18 21:04:23,530 [ERROR] LogOutputStream:75 - [STDERR_REDIRECT] [Fatal Error] :1:1: Premature end of file.
2025-12-18 21:04:23,530 [ERROR] LogOutputStream:75 - [STDERR_REDIRECT] 
2025-12-18 21:04:24,529 [ERROR] LogOutputStream:75 - [STDERR_REDIRECT] [Fatal Error] :1:1: Premature end of file.
2025-12-18 21:04:24,529 [ERROR] LogOutputStream:75 - [STDERR_REDIRECT] 
2025-12-18 21:04:25,534 [ERROR] LogOutputStream:75 - [STDERR_REDIRECT] [Fatal Error] :1:1: Premature end of file.
2025-12-18 21:04:25,534 [ERROR] LogOutputStream:75 - [STDERR_REDIRECT] 
2025-12-18 21:04:26,530 [ERROR] LogOutputStream:75 - [STDERR_REDIRECT] [Fatal Error] :1:1: Premature end of file.
2025-12-18 21:04:26,530 [ERROR] LogOutputStream:75 - [STDERR_REDIRECT] 
2025-12-18 21:04:27,528 [ERROR] LogOutputStream:75 - [STDERR_REDIRECT] [Fatal Error] :1:1: Premature end of file.
2025-12-18 21:04:27,528 [ERROR] LogOutputStream:75 - [STDERR_REDIRECT] 
2025-12-18 21:04:28,529 [ERROR] LogOutputStream:75 - [STDERR_REDIRECT] [Fatal Error] :1:1: Premature end of file.
2025-12-18 21:04:28,529 [ERROR] LogOutputStream:75 - [STDERR_REDIRECT] 
2025-12-18 21:04:29,528 [ERROR] LogOutputStream:75 - [STDERR_REDIRECT] [Fatal Error] :1:1: Premature end of file.
2025-12-18 21:04:29,528 [ERROR] LogOutputStream:75 - [STDERR_REDIRECT] 
2025-12-18 21:04:30,530 [ERROR] LogOutputStream:75 - [STDERR_REDIRECT] [Fatal Error] :1:1: Premature end of file.
2025-12-18 21:04:30,530 [ERROR] LogOutputStream:75 - [STDERR_REDIRECT] 
2025-12-18 21:04:31,530 [ERROR] LogOutputStream:75 - [STDERR_REDIRECT] [Fatal Error] :1:1: Premature end of file.
2025-12-18 21:04:31,530 [ERROR] LogOutputStream:75 - [STDERR_REDIRECT] 
2025-12-18 21:04:32,530 [ERROR] LogOutputStream:75 - [STDERR_REDIRECT] [Fatal Error] :1:1: Premature end of file.
2025-12-18 21:04:32,530 [ERROR] LogOutputStream:75 - [STDERR_REDIRECT] 
2025-12-18 21:04:33,529 [ERROR] LogOutputStream:75 - [STDERR_REDIRECT] [Fatal Error] :1:1: Premature end of file.
2025-12-18 21:04:33,530 [ERROR] LogOutputStream:75 - [STDERR_REDIRECT] 
2025-12-18 21:04:34,529 [ERROR] LogOutputStream:75 - [STDERR_REDIRECT] [Fatal Error] :1:1: Premature end of file.
2025-12-18 21:04:34,529 [ERROR] LogOutputStream:75 - [STDERR_REDIRECT] 
2025-12-18 21:04:35,529 [ERROR] LogOutputStream:75 - [STDERR_REDIRECT] [Fatal Error] :1:1: Premature end of file.
2025-12-18 21:04:35,529 [ERROR] LogOutputStream:75 - [STDERR_REDIRECT] 
2025-12-18 21:04:36,529 [ERROR] LogOutputStream:75 - [STDERR_REDIRECT] [Fatal Error] :1:1: Premature end of file.
2025-12-18 21:04:36,530 [ERROR] LogOutputStream:75 - [STDERR_REDIRECT] 
2025-12-18 21:04:37,530 [ERROR] LogOutputStream:75 - [STDERR_REDIRECT] [Fatal Error] :1:1: Premature end of file.
2025-12-18 21:04:37,530 [ERROR] LogOutputStream:75 - [STDERR_REDIRECT] 
2025-12-18 21:04:38,529 [ERROR] LogOutputStream:75 - [STDERR_REDIRECT] [Fatal Error] :1:1: Premature end of file.
2025-12-18 21:04:38,530 [ERROR] LogOutputStream:75 - [STDERR_REDIRECT] 
2025-12-18 21:04:39,529 [ERROR] LogOutputStream:75 - [STDERR_REDIRECT] [Fatal Error] :1:1: Premature end of file.
2025-12-18 21:04:39,529 [ERROR] LogOutputStream:75 - [STDERR_REDIRECT] 
2025-12-18 21:04:40,529 [ERROR] LogOutputStream:75 - [STDERR_REDIRECT] [Fatal Error] :1:1: Premature end of file.
2025-12-18 21:04:40,529 [ERROR] LogOutputStream:75 - [STDERR_REDIRECT] 
2025-12-18 21:04:41,529 [ERROR] LogOutputStream:75 - [STDERR_REDIRECT] [Fatal Error] :1:1: Premature end of file.
2025-12-18 21:04:41,529 [ERROR] LogOutputStream:75 - [STDERR_REDIRECT] 
2025-12-18 21:04:42,529 [ERROR] LogOutputStream:75 - [STDERR_REDIRECT] [Fatal Error] :1:1: Premature end of file.
2025-12-18 21:04:42,529 [ERROR] LogOutputStream:75 - [STDERR_REDIRECT] 
2025-12-18 21:04:43,531 [ERROR] LogOutputStream:75 - [STDERR_REDIRECT] [Fatal Error] :1:1: Premature end of file.
2025-12-18 21:04:43,531 [ERROR] LogOutputStream:75 - [STDERR_REDIRECT] 
2025-12-18 21:04:44,530 [ERROR] LogOutputStream:75 - [STDERR_REDIRECT] [Fatal Error] :1:1: Premature end of file.
2025-12-18 21:04:44,530 [ERROR] LogOutputStream:75 - [STDERR_REDIRECT] 
2025-12-18 21:04:45,530 [ERROR] LogOutputStream:75 - [STDERR_REDIRECT] [Fatal Error] :1:1: Premature end of file.
2025-12-18 21:04:45,530 [ERROR] LogOutputStream:75 - [STDERR_REDIRECT] 
2025-12-18 21:04:46,530 [ERROR] LogOutputStream:75 - [STDERR_REDIRECT] [Fatal Error] :1:1: Premature end of file.
2025-12-18 21:04:46,530 [ERROR] LogOutputStream:75 - [STDERR_REDIRECT] 
2025-12-18 21:04:47,529 [ERROR] LogOutputStream:75 - [STDERR_REDIRECT] [Fatal Error] :1:1: Premature end of file.
2025-12-18 21:04:47,530 [ERROR] LogOutputStream:75 - [STDERR_REDIRECT] 
2025-12-18 21:04:48,530 [ERROR] LogOutputStream:75 - [STDERR_REDIRECT] [Fatal Error] :1:1: Premature end of file.
2025-12-18 21:04:48,530 [ERROR] LogOutputStream:75 - [STDERR_REDIRECT] 
2025-12-18 21:04:49,529 [ERROR] LogOutputStream:75 - [STDERR_REDIRECT] [Fatal Error] :1:1: Premature end of file.
2025-12-18 21:04:49,530 [ERROR] LogOutputStream:75 - [STDERR_REDIRECT] 
2025-12-18 21:04:50,530 [ERROR] LogOutputStream:75 - [STDERR_REDIRECT] [Fatal Error] :1:1: Premature end of file.
2025-12-18 21:04:50,530 [ERROR] LogOutputStream:75 - [STDERR_REDIRECT] 
2025-12-18 21:04:51,530 [ERROR] LogOutputStream:75 - [STDERR_REDIRECT] [Fatal Error] :1:1: Premature end of file.
2025-12-18 21:04:51,530 [ERROR] LogOutputStream:75 - [STDERR_REDIRECT] 
2025-12-18 21:04:52,531 [ERROR] LogOutputStream:75 - [STDERR_REDIRECT] [Fatal Error] :1:1: Premature end of file.
2025-12-18 21:04:52,531 [ERROR] LogOutputStream:75 - [STDERR_REDIRECT] 
2025-12-18 21:04:53,530 [ERROR] LogOutputStream:75 - [STDERR_REDIRECT] [Fatal Error] :1:1: Premature end of file.
2025-12-18 21:04:53,530 [ERROR] LogOutputStream:75 - [STDERR_REDIRECT] 
2025-12-18 21:04:54,531 [ERROR] LogOutputStream:75 - [STDERR_REDIRECT] [Fatal Error] :1:1: Premature end of file.
2025-12-18 21:04:54,531 [ERROR] LogOutputStream:75 - [STDERR_REDIRECT] 
2025-12-18 21:04:55,531 [ERROR] LogOutputStream:75 - [STDERR_REDIRECT] [Fatal Error] :1:1: Premature end of file.
2025-12-18 21:04:55,531 [ERROR] LogOutputStream:75 - [STDERR_REDIRECT] 
2025-12-18 21:04:56,530 [ERROR] LogOutputStream:75 - [STDERR_REDIRECT] [Fatal Error] :1:1: Premature end of file.
2025-12-18 21:04:56,530 [ERROR] LogOutputStream:75 - [STDERR_REDIRECT] 
2025-12-18 21:04:57,530 [ERROR] LogOutputStream:75 - [STDERR_REDIRECT] [Fatal Error] :1:1: Premature end of file.
2025-12-18 21:04:57,530 [ERROR] LogOutputStream:75 - [STDERR_REDIRECT] 
2025-12-18 21:04:58,534 [ERROR] LogOutputStream:75 - [STDERR_REDIRECT] [Fatal Error] :1:1: Premature end of file.
2025-12-18 21:04:58,534 [ERROR] LogOutputStream:75 - [STDERR_REDIRECT] 
2025-12-18 21:04:59,527 [ERROR] LogOutputStream:75 - [STDERR_REDIRECT] [Fatal Error] :1:1: Premature end of file.
2025-12-18 21:04:59,527 [ERROR] LogOutputStream:75 - [STDERR_REDIRECT] 
2025-12-18 21:05:00,576 [ERROR] LogOutputStream:75 - [STDERR_REDIRECT] [Fatal Error] :1:1: Premature end of file.
2025-12-18 21:05:00,576 [ERROR] LogOutputStream:75 - [STDERR_REDIRECT] 
2025-12-18 21:05:01,559 [ERROR] LogOutputStream:75 - [STDERR_REDIRECT] [Fatal Error] :1:1: Premature end of file.
2025-12-18 21:05:01,559 [ERROR] LogOutputStream:75 - [STDERR_REDIRECT] 
2025-12-18 21:05:02,542 [ERROR] LogOutputStream:75 - [STDERR_REDIRECT] [Fatal Error] :1:1: Premature end of file.
2025-12-18 21:05:02,542 [ERROR] LogOutputStream:75 - [STDERR_REDIRECT] 
2025-12-18 21:05:03,529 [ERROR] LogOutputStream:75 - [STDERR_REDIRECT] [Fatal Error] :1:1: Premature end of file.
2025-12-18 21:05:03,529 [ERROR] LogOutputStream:75 - [STDERR_REDIRECT] 
2025-12-18 21:05:04,531 [ERROR] LogOutputStream:75 - [STDERR_REDIRECT] [Fatal Error] :1:1: Premature end of file.
2025-12-18 21:05:04,531 [ERROR] LogOutputStream:75 - [STDERR_REDIRECT] 
2025-12-18 21:05:05,529 [ERROR] LogOutputStream:75 - [STDERR_REDIRECT] [Fatal Error] :1:1: Premature end of file.
2025-12-18 21:05:05,529 [ERROR] LogOutputStream:75 - [STDERR_REDIRECT] 
2025-12-18 21:05:06,530 [ERROR] LogOutputStream:75 - [STDERR_REDIRECT] [Fatal Error] :1:1: Premature end of file.
2025-12-18 21:05:06,530 [ERROR] LogOutputStream:75 - [STDERR_REDIRECT] 
2025-12-18 21:05:07,532 [ERROR] LogOutputStream:75 - [STDERR_REDIRECT] [Fatal Error] :1:1: Premature end of file.
2025-12-18 21:05:07,532 [ERROR] LogOutputStream:75 - [STDERR_REDIRECT] 
2025-12-18 21:05:08,530 [ERROR] LogOutputStream:75 - [STDERR_REDIRECT] [Fatal Error] :1:1: Premature end of file.
2025-12-18 21:05:08,530 [ERROR] LogOutputStream:75 - [STDERR_REDIRECT] 
2025-12-18 21:05:09,531 [ERROR] LogOutputStream:75 - [STDERR_REDIRECT] [Fatal Error] :1:1: Premature end of file.
2025-12-18 21:05:09,531 [ERROR] LogOutputStream:75 - [STDERR_REDIRECT] 
2025-12-18 21:05:10,529 [ERROR] LogOutputStream:75 - [STDERR_REDIRECT] [Fatal Error] :1:1: Premature end of file.
2025-12-18 21:05:10,529 [ERROR] LogOutputStream:75 - [STDERR_REDIRECT] 
2025-12-18 21:05:11,531 [ERROR] LogOutputStream:75 - [STDERR_REDIRECT] [Fatal Error] :1:1: Premature end of file.
2025-12-18 21:05:11,531 [ERROR] LogOutputStream:75 - [STDERR_REDIRECT] 
2025-12-18 21:05:12,529 [ERROR] LogOutputStream:75 - [STDERR_REDIRECT] [Fatal Error] :1:1: Premature end of file.
2025-12-18 21:05:12,530 [ERROR] LogOutputStream:75 - [STDERR_REDIRECT] 
2025-12-18 21:05:13,527 [ERROR] LogOutputStream:75 - [STDERR_REDIRECT] [Fatal Error] :1:1: Premature end of file.
2025-12-18 21:05:13,528 [ERROR] LogOutputStream:75 - [STDERR_REDIRECT] 
2025-12-18 21:05:14,529 [ERROR] LogOutputStream:75 - [STDERR_REDIRECT] [Fatal Error] :1:1: Premature end of file.
2025-12-18 21:05:14,529 [ERROR] LogOutputStream:75 - [STDERR_REDIRECT] 
2025-12-18 21:05:15,531 [ERROR] LogOutputStream:75 - [STDERR_REDIRECT] [Fatal Error] :1:1: Premature end of file.
2025-12-18 21:05:15,531 [ERROR] LogOutputStream:75 - [STDERR_REDIRECT] 
2025-12-18 21:05:16,531 [ERROR] LogOutputStream:75 - [STDERR_REDIRECT] [Fatal Error] :1:1: Premature end of file.
2025-12-18 21:05:16,531 [ERROR] LogOutputStream:75 - [STDERR_REDIRECT] 
2025-12-18 21:05:17,529 [ERROR] LogOutputStream:75 - [STDERR_REDIRECT] [Fatal Error] :1:1: Premature end of file.
2025-12-18 21:05:17,531 [ERROR] LogOutputStream:75 - [STDERR_REDIRECT] 
2025-12-18 21:05:18,529 [ERROR] LogOutputStream:75 - [STDERR_REDIRECT] [Fatal Error] :1:1: Premature end of file.
2025-12-18 21:05:18,529 [ERROR] LogOutputStream:75 - [STDERR_REDIRECT] 
2025-12-18 21:05:19,529 [ERROR] LogOutputStream:75 - [STDERR_REDIRECT] [Fatal Error] :1:1: Premature end of file.
2025-12-18 21:05:19,529 [ERROR] LogOutputStream:75 - [STDERR_REDIRECT] 
2025-12-18 21:05:20,531 [ERROR] LogOutputStream:75 - [STDERR_REDIRECT] [Fatal Error] :1:1: Premature end of file.
2025-12-18 21:05:20,531 [ERROR] LogOutputStream:75 - [STDERR_REDIRECT] 
2025-12-18 21:05:21,531 [ERROR] LogOutputStream:75 - [STDERR_REDIRECT] [Fatal Error] :1:1: Premature end of file.
2025-12-18 21:05:21,531 [ERROR] LogOutputStream:75 - [STDERR_REDIRECT] 
2025-12-18 21:05:22,529 [ERROR] LogOutputStream:75 - [STDERR_REDIRECT] [Fatal Error] :1:1: Premature end of file.
2025-12-18 21:05:22,529 [ERROR] LogOutputStream:75 - [STDERR_REDIRECT] 
2025-12-18 21:05:23,530 [ERROR] LogOutputStream:75 - [STDERR_REDIRECT] [Fatal Error] :1:1: Premature end of file.
2025-12-18 21:05:23,530 [ERROR] LogOutputStream:75 - [STDERR_REDIRECT] 
2025-12-18 21:05:24,529 [ERROR] LogOutputStream:75 - [STDERR_REDIRECT] [Fatal Error] :1:1: Premature end of file.
2025-12-18 21:05:24,529 [ERROR] LogOutputStream:75 - [STDERR_REDIRECT] 
2025-12-18 21:05:25,531 [ERROR] LogOutputStream:75 - [STDERR_REDIRECT] [Fatal Error] :1:1: Premature end of file.
2025-12-18 21:05:25,531 [ERROR] LogOutputStream:75 - [STDERR_REDIRECT] 
2025-12-18 21:05:26,530 [ERROR] LogOutputStream:75 - [STDERR_REDIRECT] [Fatal Error] :1:1: Premature end of file.
2025-12-18 21:05:26,530 [ERROR] LogOutputStream:75 - [STDERR_REDIRECT] 
2025-12-18 21:05:27,530 [ERROR] LogOutputStream:75 - [STDERR_REDIRECT] [Fatal Error] :1:1: Premature end of file.
2025-12-18 21:05:27,530 [ERROR] LogOutputStream:75 - [STDERR_REDIRECT] 
2025-12-18 21:05:28,531 [ERROR] LogOutputStream:75 - [STDERR_REDIRECT] [Fatal Error] :1:1: Premature end of file.
2025-12-18 21:05:28,531 [ERROR] LogOutputStream:75 - [STDERR_REDIRECT] 
2025-12-18 21:05:29,531 [ERROR] LogOutputStream:75 - [STDERR_REDIRECT] [Fatal Error] :1:1: Premature end of file.
2025-12-18 21:05:29,531 [ERROR] LogOutputStream:75 - [STDERR_REDIRECT] 
2025-12-18 21:05:30,536 [ERROR] LogOutputStream:75 - [STDERR_REDIRECT] [Fatal Error] :1:1: Premature end of file.
2025-12-18 21:05:30,536 [ERROR] LogOutputStream:75 - [STDERR_REDIRECT] 
2025-12-18 21:05:31,540 [ERROR] LogOutputStream:75 - [STDERR_REDIRECT] [Fatal Error] :1:1: Premature end of file.
2025-12-18 21:05:31,540 [ERROR] LogOutputStream:75 - [STDERR_REDIRECT] 
2025-12-18 21:05:32,537 [ERROR] LogOutputStream:75 - [STDERR_REDIRECT] [Fatal Error] :1:1: Premature end of file.
2025-12-18 21:05:32,537 [ERROR] LogOutputStream:75 - [STDERR_REDIRECT] 
2025-12-18 21:05:33,538 [ERROR] LogOutputStream:75 - [STDERR_REDIRECT] [Fatal Error] :1:1: Premature end of file.
2025-12-18 21:05:33,538 [ERROR] LogOutputStream:75 - [STDERR_REDIRECT] 
2025-12-18 21:05:34,537 [ERROR] LogOutputStream:75 - [STDERR_REDIRECT] [Fatal Error] :1:1: Premature end of file.
2025-12-18 21:05:34,537 [ERROR] LogOutputStream:75 - [STDERR_REDIRECT] 
2025-12-18 21:05:35,538 [ERROR] LogOutputStream:75 - [STDERR_REDIRECT] [Fatal Error] :1:1: Premature end of file.
2025-12-18 21:05:35,538 [ERROR] LogOutputStream:75 - [STDERR_REDIRECT] 
2025-12-18 21:05:36,534 [ERROR] LogOutputStream:75 - [STDERR_REDIRECT] [Fatal Error] :1:1: Premature end of file.
2025-12-18 21:05:36,534 [ERROR] LogOutputStream:75 - [STDERR_REDIRECT] 
2025-12-18 21:05:37,547 [ERROR] LogOutputStream:75 - [STDERR_REDIRECT] [Fatal Error] :1:1: Premature end of file.
2025-12-18 21:05:37,547 [ERROR] LogOutputStream:75 - [STDERR_REDIRECT] 
2025-12-18 21:05:38,538 [ERROR] LogOutputStream:75 - [STDERR_REDIRECT] [Fatal Error] :1:1: Premature end of file.
2025-12-18 21:05:38,539 [ERROR] LogOutputStream:75 - [STDERR_REDIRECT] 
2025-12-18 21:05:39,538 [ERROR] LogOutputStream:75 - [STDERR_REDIRECT] [Fatal Error] :1:1: Premature end of file.
2025-12-18 21:05:39,538 [ERROR] LogOutputStream:75 - [STDERR_REDIRECT] 
2025-12-18 21:05:40,538 [ERROR] LogOutputStream:75 - [STDERR_REDIRECT] [Fatal Error] :1:1: Premature end of file.
2025-12-18 21:05:40,538 [ERROR] LogOutputStream:75 - [STDERR_REDIRECT] 
2025-12-18 21:05:41,540 [ERROR] LogOutputStream:75 - [STDERR_REDIRECT] [Fatal Error] :1:1: Premature end of file.
2025-12-18 21:05:41,540 [ERROR] LogOutputStream:75 - [STDERR_REDIRECT] 
2025-12-18 21:05:42,536 [ERROR] LogOutputStream:75 - [STDERR_REDIRECT] [Fatal Error] :1:1: Premature end of file.
2025-12-18 21:05:42,536 [ERROR] LogOutputStream:75 - [STDERR_REDIRECT] 
2025-12-18 21:05:43,538 [ERROR] LogOutputStream:75 - [STDERR_REDIRECT] [Fatal Error] :1:1: Premature end of file.
2025-12-18 21:05:43,538 [ERROR] LogOutputStream:75 - [STDERR_REDIRECT] 
2025-12-18 21:05:44,556 [ERROR] LogOutputStream:75 - [STDERR_REDIRECT] [Fatal Error] :1:1: Premature end of file.
2025-12-18 21:05:44,556 [ERROR] LogOutputStream:75 - [STDERR_REDIRECT] 
2025-12-18 21:05:45,550 [ERROR] LogOutputStream:75 - [STDERR_REDIRECT] [Fatal Error] :1:1: Premature end of file.
2025-12-18 21:05:45,550 [ERROR] LogOutputStream:75 - [STDERR_REDIRECT] 
2025-12-18 21:05:46,538 [ERROR] LogOutputStream:75 - [STDERR_REDIRECT] [Fatal Error] :1:1: Premature end of file.
2025-12-18 21:05:46,539 [ERROR] LogOutputStream:75 - [STDERR_REDIRECT] 
2025-12-18 21:05:47,539 [ERROR] LogOutputStream:75 - [STDERR_REDIRECT] [Fatal Error] :1:1: Premature end of file.
2025-12-18 21:05:47,539 [ERROR] LogOutputStream:75 - [STDERR_REDIRECT] 
2025-12-18 21:05:48,546 [ERROR] LogOutputStream:75 - [STDERR_REDIRECT] [Fatal Error] :1:1: Premature end of file.
2025-12-18 21:05:48,548 [ERROR] LogOutputStream:75 - [STDERR_REDIRECT] 
2025-12-18 21:05:49,539 [ERROR] LogOutputStream:75 - [STDERR_REDIRECT] [Fatal Error] :1:1: Premature end of file.
2025-12-18 21:05:49,539 [ERROR] LogOutputStream:75 - [STDERR_REDIRECT] 
2025-12-18 21:05:50,551 [ERROR] LogOutputStream:75 - [STDERR_REDIRECT] [Fatal Error] :1:1: Premature end of file.
2025-12-18 21:05:50,551 [ERROR] LogOutputStream:75 - [STDERR_REDIRECT] 
2025-12-18 21:05:51,540 [ERROR] LogOutputStream:75 - [STDERR_REDIRECT] [Fatal Error] :1:1: Premature end of file.
2025-12-18 21:05:51,540 [ERROR] LogOutputStream:75 - [STDERR_REDIRECT] 
2025-12-18 21:05:52,553 [ERROR] LogOutputStream:75 - [STDERR_REDIRECT] [Fatal Error] :1:1: Premature end of file.
2025-12-18 21:05:52,553 [ERROR] LogOutputStream:75 - [STDERR_REDIRECT] 
2025-12-18 21:05:53,553 [ERROR] LogOutputStream:75 - [STDERR_REDIRECT] [Fatal Error] :1:1: Premature end of file.
2025-12-18 21:05:53,553 [ERROR] LogOutputStream:75 - [STDERR_REDIRECT] 
2025-12-18 21:05:54,542 [ERROR] LogOutputStream:75 - [STDERR_REDIRECT] [Fatal Error] :1:1: Premature end of file.
2025-12-18 21:05:54,542 [ERROR] LogOutputStream:75 - [STDERR_REDIRECT] 
2025-12-18 21:05:55,544 [ERROR] LogOutputStream:75 - [STDERR_REDIRECT] [Fatal Error] :1:1: Premature end of file.
2025-12-18 21:05:55,544 [ERROR] LogOutputStream:75 - [STDERR_REDIRECT] 
2025-12-18 21:05:56,552 [ERROR] LogOutputStream:75 - [STDERR_REDIRECT] [Fatal Error] :1:1: Premature end of file.
2025-12-18 21:05:56,552 [ERROR] LogOutputStream:75 - [STDERR_REDIRECT] 
2025-12-18 21:05:57,538 [ERROR] LogOutputStream:75 - [STDERR_REDIRECT] [Fatal Error] :1:1: Premature end of file.
2025-12-18 21:05:57,538 [ERROR] LogOutputStream:75 - [STDERR_REDIRECT] 
2025-12-18 21:05:58,539 [ERROR] LogOutputStream:75 - [STDERR_REDIRECT] [Fatal Error] :1:1: Premature end of file.
2025-12-18 21:05:58,539 [ERROR] LogOutputStream:75 - [STDERR_REDIRECT] 
2025-12-18 21:05:59,541 [ERROR] LogOutputStream:75 - [STDERR_REDIRECT] [Fatal Error] :1:1: Premature end of file.
2025-12-18 21:05:59,541 [ERROR] LogOutputStream:75 - [STDERR_REDIRECT] 
2025-12-18 21:06:00,567 [ERROR] LogOutputStream:75 - [STDERR_REDIRECT] [Fatal Error] :1:1: Premature end of file.
2025-12-18 21:06:00,567 [ERROR] LogOutputStream:75 - [STDERR_REDIRECT] 
2025-12-18 21:06:01,540 [ERROR] LogOutputStream:75 - [STDERR_REDIRECT] [Fatal Error] :1:1: Premature end of file.
2025-12-18 21:06:01,540 [ERROR] LogOutputStream:75 - [STDERR_REDIRECT] 
2025-12-18 21:06:02,539 [ERROR] LogOutputStream:75 - [STDERR_REDIRECT] [Fatal Error] :1:1: Premature end of file.
2025-12-18 21:06:02,539 [ERROR] LogOutputStream:75 - [STDERR_REDIRECT] 
2025-12-18 21:06:03,540 [ERROR] LogOutputStream:75 - [STDERR_REDIRECT] [Fatal Error] :1:1: Premature end of file.
2025-12-18 21:06:03,540 [ERROR] LogOutputStream:75 - [STDERR_REDIRECT] 
2025-12-18 21:06:04,529 [ERROR] LogOutputStream:75 - [STDERR_REDIRECT] [Fatal Error] :1:1: Premature end of file.
2025-12-18 21:06:04,529 [ERROR] LogOutputStream:75 - [STDERR_REDIRECT] 
2025-12-18 21:06:05,534 [ERROR] LogOutputStream:75 - [STDERR_REDIRECT] [Fatal Error] :1:1: Premature end of file.
2025-12-18 21:06:05,534 [ERROR] LogOutputStream:75 - [STDERR_REDIRECT] 
2025-12-18 21:06:06,539 [ERROR] LogOutputStream:75 - [STDERR_REDIRECT] [Fatal Error] :1:1: Premature end of file.
2025-12-18 21:06:06,539 [ERROR] LogOutputStream:75 - [STDERR_REDIRECT] 
2025-12-18 21:06:07,537 [ERROR] LogOutputStream:75 - [STDERR_REDIRECT] [Fatal Error] :1:1: Premature end of file.
2025-12-18 21:06:07,537 [ERROR] LogOutputStream:75 - [STDERR_REDIRECT] 
2025-12-18 21:06:08,537 [ERROR] LogOutputStream:75 - [STDERR_REDIRECT] [Fatal Error] :1:1: Premature end of file.
2025-12-18 21:06:08,537 [ERROR] LogOutputStream:75 - [STDERR_REDIRECT] 
2025-12-18 21:06:09,536 [ERROR] LogOutputStream:75 - [STDERR_REDIRECT] [Fatal Error] :1:1: Premature end of file.
2025-12-18 21:06:09,536 [ERROR] LogOutputStream:75 - [STDERR_REDIRECT] 
2025-12-18 21:06:10,549 [ERROR] LogOutputStream:75 - [STDERR_REDIRECT] [Fatal Error] :1:1: Premature end of file.
2025-12-18 21:06:10,549 [ERROR] LogOutputStream:75 - [STDERR_REDIRECT] 
2025-12-18 21:06:11,539 [ERROR] LogOutputStream:75 - [STDERR_REDIRECT] [Fatal Error] :1:1: Premature end of file.
2025-12-18 21:06:11,539 [ERROR] LogOutputStream:75 - [STDERR_REDIRECT] 
2025-12-18 21:06:12,533 [ERROR] LogOutputStream:75 - [STDERR_REDIRECT] [Fatal Error] :1:1: Premature end of file.
2025-12-18 21:06:12,533 [ERROR] LogOutputStream:75 - [STDERR_REDIRECT] 
2025-12-18 21:06:13,559 [ERROR] LogOutputStream:75 - [STDERR_REDIRECT] [Fatal Error] :1:1: Premature end of file.
2025-12-18 21:06:13,559 [ERROR] LogOutputStream:75 - [STDERR_REDIRECT] 
2025-12-18 21:06:14,531 [ERROR] LogOutputStream:75 - [STDERR_REDIRECT] [Fatal Error] :1:1: Premature end of file.
2025-12-18 21:06:14,531 [ERROR] LogOutputStream:75 - [STDERR_REDIRECT] 
2025-12-18 21:06:15,547 [ERROR] LogOutputStream:75 - [STDERR_REDIRECT] [Fatal Error] :1:1: Premature end of file.
2025-12-18 21:06:15,547 [ERROR] LogOutputStream:75 - [STDERR_REDIRECT] 
2025-12-18 21:06:16,536 [ERROR] LogOutputStream:75 - [STDERR_REDIRECT] [Fatal Error] :1:1: Premature end of file.
2025-12-18 21:06:16,536 [ERROR] LogOutputStream:75 - [STDERR_REDIRECT] 
2025-12-18 21:06:17,566 [ERROR] LogOutputStream:75 - [STDERR_REDIRECT] [Fatal Error] :1:1: Premature end of file.
2025-12-18 21:06:17,566 [ERROR] LogOutputStream:75 - [STDERR_REDIRECT] 
2025-12-18 21:06:18,540 [ERROR] LogOutputStream:75 - [STDERR_REDIRECT] [Fatal Error] :1:1: Premature end of file.
2025-12-18 21:06:18,540 [ERROR] LogOutputStream:75 - [STDERR_REDIRECT] 
2025-12-18 21:06:19,540 [ERROR] LogOutputStream:75 - [STDERR_REDIRECT] [Fatal Error] :1:1: Premature end of file.
2025-12-18 21:06:19,540 [ERROR] LogOutputStream:75 - [STDERR_REDIRECT] 
2025-12-18 21:06:20,540 [ERROR] LogOutputStream:75 - [STDERR_REDIRECT] [Fatal Error] :1:1: Premature end of file.
2025-12-18 21:06:20,540 [ERROR] LogOutputStream:75 - [STDERR_REDIRECT] 
2025-12-18 21:06:21,541 [ERROR] LogOutputStream:75 - [STDERR_REDIRECT] [Fatal Error] :1:1: Premature end of file.
2025-12-18 21:06:21,541 [ERROR] LogOutputStream:75 - [STDERR_REDIRECT] 
2025-12-18 21:06:22,538 [ERROR] LogOutputStream:75 - [STDERR_REDIRECT] [Fatal Error] :1:1: Premature end of file.
2025-12-18 21:06:22,538 [ERROR] LogOutputStream:75 - [STDERR_REDIRECT] 
2025-12-18 21:06:23,568 [ERROR] LogOutputStream:75 - [STDERR_REDIRECT] [Fatal Error] :1:1: Premature end of file.
2025-12-18 21:06:23,568 [ERROR] LogOutputStream:75 - [STDERR_REDIRECT] 
2025-12-18 21:06:24,541 [ERROR] LogOutputStream:75 - [STDERR_REDIRECT] [Fatal Error] :1:1: Premature end of file.
2025-12-18 21:06:24,541 [ERROR] LogOutputStream:75 - [STDERR_REDIRECT] 
2025-12-18 21:06:25,532 [ERROR] LogOutputStream:75 - [STDERR_REDIRECT] [Fatal Error] :1:1: Premature end of file.
2025-12-18 21:06:25,532 [ERROR] LogOutputStream:75 - [STDERR_REDIRECT] 
2025-12-18 21:06:26,555 [ERROR] LogOutputStream:75 - [STDERR_REDIRECT] [Fatal Error] :1:1: Premature end of file.
2025-12-18 21:06:26,555 [ERROR] LogOutputStream:75 - [STDERR_REDIRECT] 
2025-12-18 21:06:27,539 [ERROR] LogOutputStream:75 - [STDERR_REDIRECT] [Fatal Error] :1:1: Premature end of file.
2025-12-18 21:06:27,539 [ERROR] LogOutputStream:75 - [STDERR_REDIRECT] 
2025-12-18 21:06:28,537 [ERROR] LogOutputStream:75 - [STDERR_REDIRECT] [Fatal Error] :1:1: Premature end of file.
2025-12-18 21:06:28,537 [ERROR] LogOutputStream:75 - [STDERR_REDIRECT] 
2025-12-18 21:06:29,538 [ERROR] LogOutputStream:75 - [STDERR_REDIRECT] [Fatal Error] :1:1: Premature end of file.
2025-12-18 21:06:29,539 [ERROR] LogOutputStream:75 - [STDERR_REDIRECT] 
2025-12-18 21:06:30,538 [ERROR] LogOutputStream:75 - [STDERR_REDIRECT] [Fatal Error] :1:1: Premature end of file.
2025-12-18 21:06:30,538 [ERROR] LogOutputStream:75 - [STDERR_REDIRECT] 
2025-12-18 21:06:31,537 [ERROR] LogOutputStream:75 - [STDERR_REDIRECT] [Fatal Error] :1:1: Premature end of file.
2025-12-18 21:06:31,537 [ERROR] LogOutputStream:75 - [STDERR_REDIRECT] 
2025-12-18 21:06:32,538 [ERROR] LogOutputStream:75 - [STDERR_REDIRECT] [Fatal Error] :1:1: Premature end of file.
2025-12-18 21:06:32,538 [ERROR] LogOutputStream:75 - [STDERR_REDIRECT] 
2025-12-18 21:06:33,549 [ERROR] LogOutputStream:75 - [STDERR_REDIRECT] [Fatal Error] :1:1: Premature end of file.
2025-12-18 21:06:33,549 [ERROR] LogOutputStream:75 - [STDERR_REDIRECT] 
2025-12-18 21:06:34,537 [ERROR] LogOutputStream:75 - [STDERR_REDIRECT] [Fatal Error] :1:1: Premature end of file.
2025-12-18 21:06:34,537 [ERROR] LogOutputStream:75 - [STDERR_REDIRECT] 
2025-12-18 21:06:35,539 [ERROR] LogOutputStream:75 - [STDERR_REDIRECT] [Fatal Error] :1:1: Premature end of file.
2025-12-18 21:06:35,539 [ERROR] LogOutputStream:75 - [STDERR_REDIRECT] 
2025-12-18 21:06:36,539 [ERROR] LogOutputStream:75 - [STDERR_REDIRECT] [Fatal Error] :1:1: Premature end of file.
2025-12-18 21:06:36,539 [ERROR] LogOutputStream:75 - [STDERR_REDIRECT] 
2025-12-18 21:06:37,537 [ERROR] LogOutputStream:75 - [STDERR_REDIRECT] [Fatal Error] :1:1: Premature end of file.
2025-12-18 21:06:37,537 [ERROR] LogOutputStream:75 - [STDERR_REDIRECT] 
2025-12-18 21:06:38,544 [ERROR] LogOutputStream:75 - [STDERR_REDIRECT] [Fatal Error] :1:1: Premature end of file.
2025-12-18 21:06:38,544 [ERROR] LogOutputStream:75 - [STDERR_REDIRECT] 
2025-12-18 21:06:39,539 [ERROR] LogOutputStream:75 - [STDERR_REDIRECT] [Fatal Error] :1:1: Premature end of file.
2025-12-18 21:06:39,539 [ERROR] LogOutputStream:75 - [STDERR_REDIRECT] 
2025-12-18 21:06:40,540 [ERROR] LogOutputStream:75 - [STDERR_REDIRECT] [Fatal Error] :1:1: Premature end of file.
2025-12-18 21:06:40,540 [ERROR] LogOutputStream:75 - [STDERR_REDIRECT] 
2025-12-18 21:06:41,534 [ERROR] LogOutputStream:75 - [STDERR_REDIRECT] [Fatal Error] :1:1: Premature end of file.
2025-12-18 21:06:41,534 [ERROR] LogOutputStream:75 - [STDERR_REDIRECT] 
2025-12-18 21:06:42,557 [ERROR] LogOutputStream:75 - [STDERR_REDIRECT] [Fatal Error] :1:1: Premature end of file.
2025-12-18 21:06:42,557 [ERROR] LogOutputStream:75 - [STDERR_REDIRECT] 
2025-12-18 21:06:43,538 [ERROR] LogOutputStream:75 - [STDERR_REDIRECT] [Fatal Error] :1:1: Premature end of file.
2025-12-18 21:06:43,538 [ERROR] LogOutputStream:75 - [STDERR_REDIRECT] 
2025-12-18 21:06:44,538 [ERROR] LogOutputStream:75 - [STDERR_REDIRECT] [Fatal Error] :1:1: Premature end of file.
2025-12-18 21:06:44,538 [ERROR] LogOutputStream:75 - [STDERR_REDIRECT] 
2025-12-18 21:06:45,562 [ERROR] LogOutputStream:75 - [STDERR_REDIRECT] [Fatal Error] :1:1: Premature end of file.
2025-12-18 21:06:45,562 [ERROR] LogOutputStream:75 - [STDERR_REDIRECT] 
2025-12-18 21:06:46,539 [ERROR] LogOutputStream:75 - [STDERR_REDIRECT] [Fatal Error] :1:1: Premature end of file.
2025-12-18 21:06:46,539 [ERROR] LogOutputStream:75 - [STDERR_REDIRECT] 
2025-12-18 21:06:47,536 [ERROR] LogOutputStream:75 - [STDERR_REDIRECT] [Fatal Error] :1:1: Premature end of file.
2025-12-18 21:06:47,536 [ERROR] LogOutputStream:75 - [STDERR_REDIRECT] 
2025-12-18 21:06:48,552 [ERROR] LogOutputStream:75 - [STDERR_REDIRECT] [Fatal Error] :1:1: Premature end of file.
2025-12-18 21:06:48,552 [ERROR] LogOutputStream:75 - [STDERR_REDIRECT] 
2025-12-18 21:06:49,548 [ERROR] LogOutputStream:75 - [STDERR_REDIRECT] [Fatal Error] :1:1: Premature end of file.
2025-12-18 21:06:49,548 [ERROR] LogOutputStream:75 - [STDERR_REDIRECT] 
2025-12-18 21:06:50,547 [ERROR] LogOutputStream:75 - [STDERR_REDIRECT] [Fatal Error] :1:1: Premature end of file.
2025-12-18 21:06:50,547 [ERROR] LogOutputStream:75 - [STDERR_REDIRECT] 
2025-12-18 21:06:51,561 [ERROR] LogOutputStream:75 - [STDERR_REDIRECT] [Fatal Error] :1:1: Premature end of file.
2025-12-18 21:06:51,561 [ERROR] LogOutputStream:75 - [STDERR_REDIRECT] 
2025-12-18 21:06:52,537 [ERROR] LogOutputStream:75 - [STDERR_REDIRECT] [Fatal Error] :1:1: Premature end of file.
2025-12-18 21:06:52,537 [ERROR] LogOutputStream:75 - [STDERR_REDIRECT] 
2025-12-18 21:06:53,536 [ERROR] LogOutputStream:75 - [STDERR_REDIRECT] [Fatal Error] :1:1: Premature end of file.
2025-12-18 21:06:53,536 [ERROR] LogOutputStream:75 - [STDERR_REDIRECT] 
2025-12-18 21:06:54,539 [ERROR] LogOutputStream:75 - [STDERR_REDIRECT] [Fatal Error] :1:1: Premature end of file.
2025-12-18 21:06:54,539 [ERROR] LogOutputStream:75 - [STDERR_REDIRECT] 
2025-12-18 21:06:55,538 [ERROR] LogOutputStream:75 - [STDERR_REDIRECT] [Fatal Error] :1:1: Premature end of file.
2025-12-18 21:06:55,538 [ERROR] LogOutputStream:75 - [STDERR_REDIRECT] 
2025-12-18 21:06:56,547 [ERROR] LogOutputStream:75 - [STDERR_REDIRECT] [Fatal Error] :1:1: Premature end of file.
2025-12-18 21:06:56,547 [ERROR] LogOutputStream:75 - [STDERR_REDIRECT] 
2025-12-18 21:06:57,536 [ERROR] LogOutputStream:75 - [STDERR_REDIRECT] [Fatal Error] :1:1: Premature end of file.
2025-12-18 21:06:57,536 [ERROR] LogOutputStream:75 - [STDERR_REDIRECT] 
2025-12-18 21:06:58,540 [ERROR] LogOutputStream:75 - [STDERR_REDIRECT] [Fatal Error] :1:1: Premature end of file.
2025-12-18 21:06:58,540 [ERROR] LogOutputStream:75 - [STDERR_REDIRECT] 
2025-12-18 21:06:59,538 [ERROR] LogOutputStream:75 - [STDERR_REDIRECT] [Fatal Error] :1:1: Premature end of file.
2025-12-18 21:06:59,538 [ERROR] LogOutputStream:75 - [STDERR_REDIRECT] 
2025-12-18 21:07:00,539 [ERROR] LogOutputStream:75 - [STDERR_REDIRECT] [Fatal Error] :1:1: Premature end of file.
2025-12-18 21:07:00,539 [ERROR] LogOutputStream:75 - [STDERR_REDIRECT] 
2025-12-18 21:07:01,529 [ERROR] LogOutputStream:75 - [STDERR_REDIRECT] [Fatal Error] :1:1: Premature end of file.
2025-12-18 21:07:01,529 [ERROR] LogOutputStream:75 - [STDERR_REDIRECT] 
2025-12-18 21:07:02,531 [ERROR] LogOutputStream:75 - [STDERR_REDIRECT] [Fatal Error] :1:1: Premature end of file.
2025-12-18 21:07:02,531 [ERROR] LogOutputStream:75 - [STDERR_REDIRECT] 
2025-12-18 21:07:03,539 [ERROR] LogOutputStream:75 - [STDERR_REDIRECT] [Fatal Error] :1:1: Premature end of file.
2025-12-18 21:07:03,539 [ERROR] LogOutputStream:75 - [STDERR_REDIRECT] 
2025-12-18 21:07:04,556 [ERROR] LogOutputStream:75 - [STDERR_REDIRECT] [Fatal Error] :1:1: Premature end of file.
2025-12-18 21:07:04,556 [ERROR] LogOutputStream:75 - [STDERR_REDIRECT] 
2025-12-18 21:07:05,548 [ERROR] LogOutputStream:75 - [STDERR_REDIRECT] [Fatal Error] :1:1: Premature end of file.
2025-12-18 21:07:05,548 [ERROR] LogOutputStream:75 - [STDERR_REDIRECT] 
2025-12-18 21:07:06,559 [ERROR] LogOutputStream:75 - [STDERR_REDIRECT] [Fatal Error] :1:1: Premature end of file.
2025-12-18 21:07:06,559 [ERROR] LogOutputStream:75 - [STDERR_REDIRECT] 
2025-12-18 21:07:07,538 [ERROR] LogOutputStream:75 - [STDERR_REDIRECT] [Fatal Error] :1:1: Premature end of file.
2025-12-18 21:07:07,538 [ERROR] LogOutputStream:75 - [STDERR_REDIRECT] 
2025-12-18 21:07:08,538 [ERROR] LogOutputStream:75 - [STDERR_REDIRECT] [Fatal Error] :1:1: Premature end of file.
2025-12-18 21:07:08,538 [ERROR] LogOutputStream:75 - [STDERR_REDIRECT] 
2025-12-18 21:07:09,538 [ERROR] LogOutputStream:75 - [STDERR_REDIRECT] [Fatal Error] :1:1: Premature end of file.
2025-12-18 21:07:09,538 [ERROR] LogOutputStream:75 - [STDERR_REDIRECT] 
2025-12-18 21:07:10,540 [ERROR] LogOutputStream:75 - [STDERR_REDIRECT] [Fatal Error] :1:1: Premature end of file.
2025-12-18 21:07:10,540 [ERROR] LogOutputStream:75 - [STDERR_REDIRECT] 
2025-12-18 21:07:11,546 [ERROR] LogOutputStream:75 - [STDERR_REDIRECT] [Fatal Error] :1:1: Premature end of file.
2025-12-18 21:07:11,546 [ERROR] LogOutputStream:75 - [STDERR_REDIRECT] 
2025-12-18 21:07:12,538 [ERROR] LogOutputStream:75 - [STDERR_REDIRECT] [Fatal Error] :1:1: Premature end of file.
2025-12-18 21:07:12,538 [ERROR] LogOutputStream:75 - [STDERR_REDIRECT] 
2025-12-18 21:07:13,538 [ERROR] LogOutputStream:75 - [STDERR_REDIRECT] [Fatal Error] :1:1: Premature end of file.
2025-12-18 21:07:13,538 [ERROR] LogOutputStream:75 - [STDERR_REDIRECT] 
2025-12-18 21:07:14,567 [ERROR] LogOutputStream:75 - [STDERR_REDIRECT] [Fatal Error] :1:1: Premature end of file.
2025-12-18 21:07:14,568 [ERROR] LogOutputStream:75 - [STDERR_REDIRECT] 
2025-12-18 21:07:15,548 [ERROR] LogOutputStream:75 - [STDERR_REDIRECT] [Fatal Error] :1:1: Premature end of file.
2025-12-18 21:07:15,548 [ERROR] LogOutputStream:75 - [STDERR_REDIRECT] 
2025-12-18 21:07:16,544 [ERROR] LogOutputStream:75 - [STDERR_REDIRECT] [Fatal Error] :1:1: Premature end of file.
2025-12-18 21:07:16,545 [ERROR] LogOutputStream:75 - [STDERR_REDIRECT] 
2025-12-18 21:07:17,538 [ERROR] LogOutputStream:75 - [STDERR_REDIRECT] [Fatal Error] :1:1: Premature end of file.
2025-12-18 21:07:17,538 [ERROR] LogOutputStream:75 - [STDERR_REDIRECT] 
2025-12-18 21:07:18,554 [ERROR] LogOutputStream:75 - [STDERR_REDIRECT] [Fatal Error] :1:1: Premature end of file.
2025-12-18 21:07:18,554 [ERROR] LogOutputStream:75 - [STDERR_REDIRECT] 
2025-12-18 21:07:19,555 [ERROR] LogOutputStream:75 - [STDERR_REDIRECT] [Fatal Error] :1:1: Premature end of file.
2025-12-18 21:07:19,555 [ERROR] LogOutputStream:75 - [STDERR_REDIRECT] 
2025-12-18 21:07:20,546 [ERROR] LogOutputStream:75 - [STDERR_REDIRECT] [Fatal Error] :1:1: Premature end of file.
2025-12-18 21:07:20,546 [ERROR] LogOutputStream:75 - [STDERR_REDIRECT] 
2025-12-18 21:07:21,539 [ERROR] LogOutputStream:75 - [STDERR_REDIRECT] [Fatal Error] :1:1: Premature end of file.
2025-12-18 21:07:21,539 [ERROR] LogOutputStream:75 - [STDERR_REDIRECT] 
2025-12-18 21:07:22,547 [ERROR] LogOutputStream:75 - [STDERR_REDIRECT] [Fatal Error] :1:1: Premature end of file.
2025-12-18 21:07:22,547 [ERROR] LogOutputStream:75 - [STDERR_REDIRECT] 
2025-12-18 21:07:23,538 [ERROR] LogOutputStream:75 - [STDERR_REDIRECT] [Fatal Error] :1:1: Premature end of file.
2025-12-18 21:07:23,538 [ERROR] LogOutputStream:75 - [STDERR_REDIRECT] 
2025-12-18 21:07:24,542 [ERROR] LogOutputStream:75 - [STDERR_REDIRECT] [Fatal Error] :1:1: Premature end of file.
2025-12-18 21:07:24,542 [ERROR] LogOutputStream:75 - [STDERR_REDIRECT] 
2025-12-18 21:07:25,538 [ERROR] LogOutputStream:75 - [STDERR_REDIRECT] [Fatal Error] :1:1: Premature end of file.
2025-12-18 21:07:25,538 [ERROR] LogOutputStream:75 - [STDERR_REDIRECT] 
2025-12-18 21:07:26,539 [ERROR] LogOutputStream:75 - [STDERR_REDIRECT] [Fatal Error] :1:1: Premature end of file.
2025-12-18 21:07:26,539 [ERROR] LogOutputStream:75 - [STDERR_REDIRECT] 
2025-12-18 21:07:27,536 [ERROR] LogOutputStream:75 - [STDERR_REDIRECT] [Fatal Error] :1:1: Premature end of file.
2025-12-18 21:07:27,536 [ERROR] LogOutputStream:75 - [STDERR_REDIRECT] 
2025-12-18 21:07:28,559 [ERROR] LogOutputStream:75 - [STDERR_REDIRECT] [Fatal Error] :1:1: Premature end of file.
2025-12-18 21:07:28,559 [ERROR] LogOutputStream:75 - [STDERR_REDIRECT] 
2025-12-18 21:07:29,538 [ERROR] LogOutputStream:75 - [STDERR_REDIRECT] [Fatal Error] :1:1: Premature end of file.
2025-12-18 21:07:29,538 [ERROR] LogOutputStream:75 - [STDERR_REDIRECT] 
2025-12-18 21:07:30,538 [ERROR] LogOutputStream:75 - [STDERR_REDIRECT] [Fatal Error] :1:1: Premature end of file.
2025-12-18 21:07:30,538 [ERROR] LogOutputStream:75 - [STDERR_REDIRECT] 
2025-12-18 21:07:31,538 [ERROR] LogOutputStream:75 - [STDERR_REDIRECT] [Fatal Error] :1:1: Premature end of file.
2025-12-18 21:07:31,538 [ERROR] LogOutputStream:75 - [STDERR_REDIRECT] 
2025-12-18 21:07:32,538 [ERROR] LogOutputStream:75 - [STDERR_REDIRECT] [Fatal Error] :1:1: Premature end of file.
2025-12-18 21:07:32,538 [ERROR] LogOutputStream:75 - [STDERR_REDIRECT] 
2025-12-18 21:07:33,538 [ERROR] LogOutputStream:75 - [STDERR_REDIRECT] [Fatal Error] :1:1: Premature end of file.
2025-12-18 21:07:33,538 [ERROR] LogOutputStream:75 - [STDERR_REDIRECT] 
2025-12-18 21:07:34,538 [ERROR] LogOutputStream:75 - [STDERR_REDIRECT] [Fatal Error] :1:1: Premature end of file.
2025-12-18 21:07:34,539 [ERROR] LogOutputStream:75 - [STDERR_REDIRECT] 
2025-12-18 21:07:35,538 [ERROR] LogOutputStream:75 - [STDERR_REDIRECT] [Fatal Error] :1:1: Premature end of file.
2025-12-18 21:07:35,538 [ERROR] LogOutputStream:75 - [STDERR_REDIRECT] 
2025-12-18 21:07:36,538 [ERROR] LogOutputStream:75 - [STDERR_REDIRECT] [Fatal Error] :1:1: Premature end of file.
2025-12-18 21:07:36,538 [ERROR] LogOutputStream:75 - [STDERR_REDIRECT] 
2025-12-18 21:07:37,529 [ERROR] LogOutputStream:75 - [STDERR_REDIRECT] [Fatal Error] :1:1: Premature end of file.
2025-12-18 21:07:37,529 [ERROR] LogOutputStream:75 - [STDERR_REDIRECT] 
2025-12-18 21:07:38,538 [ERROR] LogOutputStream:75 - [STDERR_REDIRECT] [Fatal Error] :1:1: Premature end of file.
2025-12-18 21:07:38,538 [ERROR] LogOutputStream:75 - [STDERR_REDIRECT] 
2025-12-18 21:07:39,538 [ERROR] LogOutputStream:75 - [STDERR_REDIRECT] [Fatal Error] :1:1: Premature end of file.
2025-12-18 21:07:39,539 [ERROR] LogOutputStream:75 - [STDERR_REDIRECT] 
2025-12-18 21:07:40,540 [ERROR] LogOutputStream:75 - [STDERR_REDIRECT] [Fatal Error] :1:1: Premature end of file.
2025-12-18 21:07:40,540 [ERROR] LogOutputStream:75 - [STDERR_REDIRECT] 
2025-12-18 21:07:41,539 [ERROR] LogOutputStream:75 - [STDERR_REDIRECT] [Fatal Error] :1:1: Premature end of file.
2025-12-18 21:07:41,539 [ERROR] LogOutputStream:75 - [STDERR_REDIRECT] 
2025-12-18 21:07:42,539 [ERROR] LogOutputStream:75 - [STDERR_REDIRECT] [Fatal Error] :1:1: Premature end of file.
2025-12-18 21:07:42,539 [ERROR] LogOutputStream:75 - [STDERR_REDIRECT] 
2025-12-18 21:07:43,551 [ERROR] LogOutputStream:75 - [STDERR_REDIRECT] [Fatal Error] :1:1: Premature end of file.
2025-12-18 21:07:43,551 [ERROR] LogOutputStream:75 - [STDERR_REDIRECT] 
2025-12-18 21:07:44,547 [ERROR] LogOutputStream:75 - [STDERR_REDIRECT] [Fatal Error] :1:1: Premature end of file.
2025-12-18 21:07:44,547 [ERROR] LogOutputStream:75 - [STDERR_REDIRECT] 
2025-12-18 21:07:45,538 [ERROR] LogOutputStream:75 - [STDERR_REDIRECT] [Fatal Error] :1:1: Premature end of file.
2025-12-18 21:07:45,540 [ERROR] LogOutputStream:75 - [STDERR_REDIRECT] 
2025-12-18 21:07:46,563 [ERROR] LogOutputStream:75 - [STDERR_REDIRECT] [Fatal Error] :1:1: Premature end of file.
2025-12-18 21:07:46,563 [ERROR] LogOutputStream:75 - [STDERR_REDIRECT] 
2025-12-18 21:07:47,558 [ERROR] LogOutputStream:75 - [STDERR_REDIRECT] [Fatal Error] :1:1: Premature end of file.
2025-12-18 21:07:47,558 [ERROR] LogOutputStream:75 - [STDERR_REDIRECT] 
2025-12-18 21:07:48,543 [ERROR] LogOutputStream:75 - [STDERR_REDIRECT] [Fatal Error] :1:1: Premature end of file.
2025-12-18 21:07:48,543 [ERROR] LogOutputStream:75 - [STDERR_REDIRECT] 
2025-12-18 21:07:49,546 [ERROR] LogOutputStream:75 - [STDERR_REDIRECT] [Fatal Error] :1:1: Premature end of file.
2025-12-18 21:07:49,546 [ERROR] LogOutputStream:75 - [STDERR_REDIRECT] 
2025-12-18 21:07:50,540 [ERROR] LogOutputStream:75 - [STDERR_REDIRECT] [Fatal Error] :1:1: Premature end of file.
2025-12-18 21:07:50,540 [ERROR] LogOutputStream:75 - [STDERR_REDIRECT] 
2025-12-18 21:07:51,546 [ERROR] LogOutputStream:75 - [STDERR_REDIRECT] [Fatal Error] :1:1: Premature end of file.
2025-12-18 21:07:51,546 [ERROR] LogOutputStream:75 - [STDERR_REDIRECT] 
2025-12-18 21:07:52,555 [ERROR] LogOutputStream:75 - [STDERR_REDIRECT] [Fatal Error] :1:1: Premature end of file.
2025-12-18 21:07:52,555 [ERROR] LogOutputStream:75 - [STDERR_REDIRECT] 
2025-12-18 21:07:53,539 [ERROR] LogOutputStream:75 - [STDERR_REDIRECT] [Fatal Error] :1:1: Premature end of file.
2025-12-18 21:07:53,539 [ERROR] LogOutputStream:75 - [STDERR_REDIRECT] 
2025-12-18 21:07:54,540 [ERROR] LogOutputStream:75 - [STDERR_REDIRECT] [Fatal Error] :1:1: Premature end of file.
2025-12-18 21:07:54,540 [ERROR] LogOutputStream:75 - [STDERR_REDIRECT] 
2025-12-18 21:07:55,540 [ERROR] LogOutputStream:75 - [STDERR_REDIRECT] [Fatal Error] :1:1: Premature end of file.
2025-12-18 21:07:55,540 [ERROR] LogOutputStream:75 - [STDERR_REDIRECT] 
2025-12-18 21:07:56,539 [ERROR] LogOutputStream:75 - [STDERR_REDIRECT] [Fatal Error] :1:1: Premature end of file.
2025-12-18 21:07:56,539 [ERROR] LogOutputStream:75 - [STDERR_REDIRECT] 
2025-12-18 21:07:57,539 [ERROR] LogOutputStream:75 - [STDERR_REDIRECT] [Fatal Error] :1:1: Premature end of file.
2025-12-18 21:07:57,539 [ERROR] LogOutputStream:75 - [STDERR_REDIRECT] 
2025-12-18 21:07:58,533 [ERROR] LogOutputStream:75 - [STDERR_REDIRECT] [Fatal Error] :1:1: Premature end of file.
2025-12-18 21:07:58,533 [ERROR] LogOutputStream:75 - [STDERR_REDIRECT] 
2025-12-18 21:07:59,549 [ERROR] LogOutputStream:75 - [STDERR_REDIRECT] [Fatal Error] :1:1: Premature end of file.
2025-12-18 21:07:59,549 [ERROR] LogOutputStream:75 - [STDERR_REDIRECT] 
2025-12-18 21:08:00,533 [ERROR] LogOutputStream:75 - [STDERR_REDIRECT] [Fatal Error] :1:1: Premature end of file.
2025-12-18 21:08:00,533 [ERROR] LogOutputStream:75 - [STDERR_REDIRECT] 
2025-12-18 21:08:01,532 [ERROR] LogOutputStream:75 - [STDERR_REDIRECT] [Fatal Error] :1:1: Premature end of file.
2025-12-18 21:08:01,532 [ERROR] LogOutputStream:75 - [STDERR_REDIRECT] 
2025-12-18 21:08:02,529 [ERROR] LogOutputStream:75 - [STDERR_REDIRECT] [Fatal Error] :1:1: Premature end of file.
2025-12-18 21:08:02,529 [ERROR] LogOutputStream:75 - [STDERR_REDIRECT] 
2025-12-18 21:08:03,528 [ERROR] LogOutputStream:75 - [STDERR_REDIRECT] [Fatal Error] :1:1: Premature end of file.
2025-12-18 21:08:03,528 [ERROR] LogOutputStream:75 - [STDERR_REDIRECT] 
2025-12-18 21:08:04,529 [ERROR] LogOutputStream:75 - [STDERR_REDIRECT] [Fatal Error] :1:1: Premature end of file.
2025-12-18 21:08:04,529 [ERROR] LogOutputStream:75 - [STDERR_REDIRECT] 
2025-12-18 21:08:05,533 [ERROR] LogOutputStream:75 - [STDERR_REDIRECT] [Fatal Error] :1:1: Premature end of file.
2025-12-18 21:08:05,533 [ERROR] LogOutputStream:75 - [STDERR_REDIRECT] 
2025-12-18 21:08:06,559 [ERROR] LogOutputStream:75 - [STDERR_REDIRECT] [Fatal Error] :1:1: Premature end of file.
2025-12-18 21:08:06,559 [ERROR] LogOutputStream:75 - [STDERR_REDIRECT] 
2025-12-18 21:08:07,541 [ERROR] LogOutputStream:75 - [STDERR_REDIRECT] [Fatal Error] :1:1: Premature end of file.
2025-12-18 21:08:07,541 [ERROR] LogOutputStream:75 - [STDERR_REDIRECT] 
2025-12-18 21:08:08,538 [ERROR] LogOutputStream:75 - [STDERR_REDIRECT] [Fatal Error] :1:1: Premature end of file.
2025-12-18 21:08:08,539 [ERROR] LogOutputStream:75 - [STDERR_REDIRECT] 
2025-12-18 21:08:09,538 [ERROR] LogOutputStream:75 - [STDERR_REDIRECT] [Fatal Error] :1:1: Premature end of file.
2025-12-18 21:08:09,538 [ERROR] LogOutputStream:75 - [STDERR_REDIRECT] 
2025-12-18 21:08:10,539 [ERROR] LogOutputStream:75 - [STDERR_REDIRECT] [Fatal Error] :1:1: Premature end of file.
2025-12-18 21:08:10,539 [ERROR] LogOutputStream:75 - [STDERR_REDIRECT] 
2025-12-18 21:08:11,555 [ERROR] LogOutputStream:75 - [STDERR_REDIRECT] [Fatal Error] :1:1: Premature end of file.
2025-12-18 21:08:11,556 [ERROR] LogOutputStream:75 - [STDERR_REDIRECT] 
2025-12-18 21:08:12,547 [ERROR] LogOutputStream:75 - [STDERR_REDIRECT] [Fatal Error] :1:1: Premature end of file.
2025-12-18 21:08:12,547 [ERROR] LogOutputStream:75 - [STDERR_REDIRECT] 
2025-12-18 21:08:13,539 [ERROR] LogOutputStream:75 - [STDERR_REDIRECT] [Fatal Error] :1:1: Premature end of file.
2025-12-18 21:08:13,539 [ERROR] LogOutputStream:75 - [STDERR_REDIRECT] 
2025-12-18 21:08:14,559 [ERROR] LogOutputStream:75 - [STDERR_REDIRECT] [Fatal Error] :1:1: Premature end of file.
2025-12-18 21:08:14,559 [ERROR] LogOutputStream:75 - [STDERR_REDIRECT] 
2025-12-18 21:08:15,554 [ERROR] LogOutputStream:75 - [STDERR_REDIRECT] [Fatal Error] :1:1: Premature end of file.
2025-12-18 21:08:15,554 [ERROR] LogOutputStream:75 - [STDERR_REDIRECT] 
2025-12-18 21:08:16,559 [ERROR] LogOutputStream:75 - [STDERR_REDIRECT] [Fatal Error] :1:1: Premature end of file.
2025-12-18 21:08:16,559 [ERROR] LogOutputStream:75 - [STDERR_REDIRECT] 
2025-12-18 21:08:17,558 [ERROR] LogOutputStream:75 - [STDERR_REDIRECT] [Fatal Error] :1:1: Premature end of file.
2025-12-18 21:08:17,558 [ERROR] LogOutputStream:75 - [STDERR_REDIRECT] 
2025-12-18 21:08:18,538 [ERROR] LogOutputStream:75 - [STDERR_REDIRECT] [Fatal Error] :1:1: Premature end of file.
2025-12-18 21:08:18,538 [ERROR] LogOutputStream:75 - [STDERR_REDIRECT] 
2025-12-18 21:08:19,558 [ERROR] LogOutputStream:75 - [STDERR_REDIRECT] [Fatal Error] :1:1: Premature end of file.
2025-12-18 21:08:19,558 [ERROR] LogOutputStream:75 - [STDERR_REDIRECT] 
2025-12-18 21:08:20,540 [ERROR] LogOutputStream:75 - [STDERR_REDIRECT] [Fatal Error] :1:1: Premature end of file.
2025-12-18 21:08:20,540 [ERROR] LogOutputStream:75 - [STDERR_REDIRECT] 
2025-12-18 21:08:21,570 [ERROR] LogOutputStream:75 - [STDERR_REDIRECT] [Fatal Error] :1:1: Premature end of file.
2025-12-18 21:08:21,570 [ERROR] LogOutputStream:75 - [STDERR_REDIRECT] 
2025-12-18 21:08:22,540 [ERROR] LogOutputStream:75 - [STDERR_REDIRECT] [Fatal Error] :1:1: Premature end of file.
2025-12-18 21:08:22,540 [ERROR] LogOutputStream:75 - [STDERR_REDIRECT] 
2025-12-18 21:08:23,547 [ERROR] LogOutputStream:75 - [STDERR_REDIRECT] [Fatal Error] :1:1: Premature end of file.
2025-12-18 21:08:23,547 [ERROR] LogOutputStream:75 - [STDERR_REDIRECT] 
2025-12-18 21:08:24,556 [ERROR] LogOutputStream:75 - [STDERR_REDIRECT] [Fatal Error] :1:1: Premature end of file.
2025-12-18 21:08:24,556 [ERROR] LogOutputStream:75 - [STDERR_REDIRECT] 
2025-12-18 21:08:25,535 [ERROR] LogOutputStream:75 - [STDERR_REDIRECT] [Fatal Error] :1:1: Premature end of file.
2025-12-18 21:08:25,535 [ERROR] LogOutputStream:75 - [STDERR_REDIRECT] 
2025-12-18 21:08:26,554 [ERROR] LogOutputStream:75 - [STDERR_REDIRECT] [Fatal Error] :1:1: Premature end of file.
2025-12-18 21:08:26,554 [ERROR] LogOutputStream:75 - [STDERR_REDIRECT] 
2025-12-18 21:08:27,537 [ERROR] LogOutputStream:75 - [STDERR_REDIRECT] [Fatal Error] :1:1: Premature end of file.
2025-12-18 21:08:27,537 [ERROR] LogOutputStream:75 - [STDERR_REDIRECT] 
2025-12-18 21:08:28,536 [ERROR] LogOutputStream:75 - [STDERR_REDIRECT] [Fatal Error] :1:1: Premature end of file.
2025-12-18 21:08:28,536 [ERROR] LogOutputStream:75 - [STDERR_REDIRECT] 
2025-12-18 21:08:29,538 [ERROR] LogOutputStream:75 - [STDERR_REDIRECT] [Fatal Error] :1:1: Premature end of file.
2025-12-18 21:08:29,538 [ERROR] LogOutputStream:75 - [STDERR_REDIRECT] 
2025-12-18 21:08:30,552 [ERROR] LogOutputStream:75 - [STDERR_REDIRECT] [Fatal Error] :1:1: Premature end of file.
2025-12-18 21:08:30,552 [ERROR] LogOutputStream:75 - [STDERR_REDIRECT] 
2025-12-18 21:08:31,562 [ERROR] LogOutputStream:75 - [STDERR_REDIRECT] [Fatal Error] :1:1: Premature end of file.
2025-12-18 21:08:31,562 [ERROR] LogOutputStream:75 - [STDERR_REDIRECT] 
2025-12-18 21:08:32,536 [ERROR] LogOutputStream:75 - [STDERR_REDIRECT] [Fatal Error] :1:1: Premature end of file.
2025-12-18 21:08:32,536 [ERROR] LogOutputStream:75 - [STDERR_REDIRECT] 
2025-12-18 21:08:33,564 [ERROR] LogOutputStream:75 - [STDERR_REDIRECT] [Fatal Error] :1:1: Premature end of file.
2025-12-18 21:08:33,564 [ERROR] LogOutputStream:75 - [STDERR_REDIRECT] 
2025-12-18 21:08:34,537 [ERROR] LogOutputStream:75 - [STDERR_REDIRECT] [Fatal Error] :1:1: Premature end of file.
2025-12-18 21:08:34,537 [ERROR] LogOutputStream:75 - [STDERR_REDIRECT] 
2025-12-18 21:08:35,533 [ERROR] LogOutputStream:75 - [STDERR_REDIRECT] [Fatal Error] :1:1: Premature end of file.
2025-12-18 21:08:35,533 [ERROR] LogOutputStream:75 - [STDERR_REDIRECT] 
2025-12-18 21:08:36,539 [ERROR] LogOutputStream:75 - [STDERR_REDIRECT] [Fatal Error] :1:1: Premature end of file.
2025-12-18 21:08:36,539 [ERROR] LogOutputStream:75 - [STDERR_REDIRECT] 
2025-12-18 21:08:37,529 [ERROR] LogOutputStream:75 - [STDERR_REDIRECT] [Fatal Error] :1:1: Premature end of file.
2025-12-18 21:08:37,529 [ERROR] LogOutputStream:75 - [STDERR_REDIRECT] 
2025-12-18 21:08:38,533 [ERROR] LogOutputStream:75 - [STDERR_REDIRECT] [Fatal Error] :1:1: Premature end of file.
2025-12-18 21:08:38,533 [ERROR] LogOutputStream:75 - [STDERR_REDIRECT] 
2025-12-18 21:08:39,537 [ERROR] LogOutputStream:75 - [STDERR_REDIRECT] [Fatal Error] :1:1: Premature end of file.
2025-12-18 21:08:39,537 [ERROR] LogOutputStream:75 - [STDERR_REDIRECT] 
2025-12-18 21:08:40,538 [ERROR] LogOutputStream:75 - [STDERR_REDIRECT] [Fatal Error] :1:1: Premature end of file.
2025-12-18 21:08:40,538 [ERROR] LogOutputStream:75 - [STDERR_REDIRECT] 
2025-12-18 21:08:41,545 [ERROR] LogOutputStream:75 - [STDERR_REDIRECT] [Fatal Error] :1:1: Premature end of file.
2025-12-18 21:08:41,545 [ERROR] LogOutputStream:75 - [STDERR_REDIRECT] 
2025-12-18 21:08:42,537 [ERROR] LogOutputStream:75 - [STDERR_REDIRECT] [Fatal Error] :1:1: Premature end of file.
2025-12-18 21:08:42,537 [ERROR] LogOutputStream:75 - [STDERR_REDIRECT] 
2025-12-18 21:08:43,538 [ERROR] LogOutputStream:75 - [STDERR_REDIRECT] [Fatal Error] :1:1: Premature end of file.
2025-12-18 21:08:43,538 [ERROR] LogOutputStream:75 - [STDERR_REDIRECT] 
2025-12-18 21:08:44,538 [ERROR] LogOutputStream:75 - [STDERR_REDIRECT] [Fatal Error] :1:1: Premature end of file.
2025-12-18 21:08:44,538 [ERROR] LogOutputStream:75 - [STDERR_REDIRECT] 
2025-12-18 21:08:45,548 [ERROR] LogOutputStream:75 - [STDERR_REDIRECT] [Fatal Error] :1:1: Premature end of file.
2025-12-18 21:08:45,548 [ERROR] LogOutputStream:75 - [STDERR_REDIRECT] 
2025-12-18 21:08:46,536 [ERROR] LogOutputStream:75 - [STDERR_REDIRECT] [Fatal Error] :1:1: Premature end of file.
2025-12-18 21:08:46,536 [ERROR] LogOutputStream:75 - [STDERR_REDIRECT] 
2025-12-18 21:08:47,538 [ERROR] LogOutputStream:75 - [STDERR_REDIRECT] [Fatal Error] :1:1: Premature end of file.
2025-12-18 21:08:47,538 [ERROR] LogOutputStream:75 - [STDERR_REDIRECT] 
2025-12-18 21:08:48,538 [ERROR] LogOutputStream:75 - [STDERR_REDIRECT] [Fatal Error] :1:1: Premature end of file.
2025-12-18 21:08:48,538 [ERROR] LogOutputStream:75 - [STDERR_REDIRECT] 
2025-12-18 21:08:49,536 [ERROR] LogOutputStream:75 - [STDERR_REDIRECT] [Fatal Error] :1:1: Premature end of file.
2025-12-18 21:08:49,536 [ERROR] LogOutputStream:75 - [STDERR_REDIRECT] 
2025-12-18 21:08:50,538 [ERROR] LogOutputStream:75 - [STDERR_REDIRECT] [Fatal Error] :1:1: Premature end of file.
2025-12-18 21:08:50,538 [ERROR] LogOutputStream:75 - [STDERR_REDIRECT] 
2025-12-18 21:08:51,537 [ERROR] LogOutputStream:75 - [STDERR_REDIRECT] [Fatal Error] :1:1: Premature end of file.
2025-12-18 21:08:51,537 [ERROR] LogOutputStream:75 - [STDERR_REDIRECT] 
2025-12-18 21:08:52,538 [ERROR] LogOutputStream:75 - [STDERR_REDIRECT] [Fatal Error] :1:1: Premature end of file.
2025-12-18 21:08:52,538 [ERROR] LogOutputStream:75 - [STDERR_REDIRECT] 
2025-12-18 21:08:53,564 [ERROR] LogOutputStream:75 - [STDERR_REDIRECT] [Fatal Error] :1:1: Premature end of file.
2025-12-18 21:08:53,564 [ERROR] LogOutputStream:75 - [STDERR_REDIRECT] 
2025-12-18 21:08:54,538 [ERROR] LogOutputStream:75 - [STDERR_REDIRECT] [Fatal Error] :1:1: Premature end of file.
2025-12-18 21:08:54,538 [ERROR] LogOutputStream:75 - [STDERR_REDIRECT] 
2025-12-18 21:08:55,551 [ERROR] LogOutputStream:75 - [STDERR_REDIRECT] [Fatal Error] :1:1: Premature end of file.
2025-12-18 21:08:55,551 [ERROR] LogOutputStream:75 - [STDERR_REDIRECT] 
2025-12-18 21:08:56,550 [ERROR] LogOutputStream:75 - [STDERR_REDIRECT] [Fatal Error] :1:1: Premature end of file.
2025-12-18 21:08:56,550 [ERROR] LogOutputStream:75 - [STDERR_REDIRECT] 
2025-12-18 21:08:57,556 [ERROR] LogOutputStream:75 - [STDERR_REDIRECT] [Fatal Error] :1:1: Premature end of file.
2025-12-18 21:08:57,556 [ERROR] LogOutputStream:75 - [STDERR_REDIRECT] 
2025-12-18 21:08:58,551 [ERROR] LogOutputStream:75 - [STDERR_REDIRECT] [Fatal Error] :1:1: Premature end of file.
2025-12-18 21:08:58,551 [ERROR] LogOutputStream:75 - [STDERR_REDIRECT] 
2025-12-18 21:08:59,538 [ERROR] LogOutputStream:75 - [STDERR_REDIRECT] [Fatal Error] :1:1: Premature end of file.
2025-12-18 21:08:59,538 [ERROR] LogOutputStream:75 - [STDERR_REDIRECT] 
2025-12-18 21:09:00,566 [ERROR] LogOutputStream:75 - [STDERR_REDIRECT] [Fatal Error] :1:1: Premature end of file.
2025-12-18 21:09:00,566 [ERROR] LogOutputStream:75 - [STDERR_REDIRECT] 
2025-12-18 21:09:01,540 [ERROR] LogOutputStream:75 - [STDERR_REDIRECT] [Fatal Error] :1:1: Premature end of file.
2025-12-18 21:09:01,540 [ERROR] LogOutputStream:75 - [STDERR_REDIRECT] 
2025-12-18 21:09:02,538 [ERROR] LogOutputStream:75 - [STDERR_REDIRECT] [Fatal Error] :1:1: Premature end of file.
2025-12-18 21:09:02,538 [ERROR] LogOutputStream:75 - [STDERR_REDIRECT] 
2025-12-18 21:09:03,538 [ERROR] LogOutputStream:75 - [STDERR_REDIRECT] [Fatal Error] :1:1: Premature end of file.
2025-12-18 21:09:03,538 [ERROR] LogOutputStream:75 - [STDERR_REDIRECT] 
2025-12-18 21:09:04,559 [ERROR] LogOutputStream:75 - [STDERR_REDIRECT] [Fatal Error] :1:1: Premature end of file.
2025-12-18 21:09:04,559 [ERROR] LogOutputStream:75 - [STDERR_REDIRECT] 
2025-12-18 21:09:05,555 [ERROR] LogOutputStream:75 - [STDERR_REDIRECT] [Fatal Error] :1:1: Premature end of file.
2025-12-18 21:09:05,555 [ERROR] LogOutputStream:75 - [STDERR_REDIRECT] 
2025-12-18 21:09:06,538 [ERROR] LogOutputStream:75 - [STDERR_REDIRECT] [Fatal Error] :1:1: Premature end of file.
2025-12-18 21:09:06,538 [ERROR] LogOutputStream:75 - [STDERR_REDIRECT] 
2025-12-18 21:09:07,537 [ERROR] LogOutputStream:75 - [STDERR_REDIRECT] [Fatal Error] :1:1: Premature end of file.
2025-12-18 21:09:07,537 [ERROR] LogOutputStream:75 - [STDERR_REDIRECT] 
2025-12-18 21:09:08,555 [ERROR] LogOutputStream:75 - [STDERR_REDIRECT] [Fatal Error] :1:1: Premature end of file.
2025-12-18 21:09:08,555 [ERROR] LogOutputStream:75 - [STDERR_REDIRECT] 
2025-12-18 21:09:09,539 [ERROR] LogOutputStream:75 - [STDERR_REDIRECT] [Fatal Error] :1:1: Premature end of file.
2025-12-18 21:09:09,539 [ERROR] LogOutputStream:75 - [STDERR_REDIRECT] 
2025-12-18 21:09:10,539 [ERROR] LogOutputStream:75 - [STDERR_REDIRECT] [Fatal Error] :1:1: Premature end of file.
2025-12-18 21:09:10,539 [ERROR] LogOutputStream:75 - [STDERR_REDIRECT] 
2025-12-18 21:09:11,544 [ERROR] LogOutputStream:75 - [STDERR_REDIRECT] [Fatal Error] :1:1: Premature end of file.
2025-12-18 21:09:11,544 [ERROR] LogOutputStream:75 - [STDERR_REDIRECT] 
2025-12-18 21:09:12,547 [ERROR] LogOutputStream:75 - [STDERR_REDIRECT] [Fatal Error] :1:1: Premature end of file.
2025-12-18 21:09:12,547 [ERROR] LogOutputStream:75 - [STDERR_REDIRECT] 
2025-12-18 21:09:13,535 [ERROR] LogOutputStream:75 - [STDERR_REDIRECT] [Fatal Error] :1:1: Premature end of file.
2025-12-18 21:09:13,535 [ERROR] LogOutputStream:75 - [STDERR_REDIRECT] 
2025-12-18 21:09:14,535 [ERROR] LogOutputStream:75 - [STDERR_REDIRECT] [Fatal Error] :1:1: Premature end of file.
2025-12-18 21:09:14,535 [ERROR] LogOutputStream:75 - [STDERR_REDIRECT] 
2025-12-18 21:09:15,537 [ERROR] LogOutputStream:75 - [STDERR_REDIRECT] [Fatal Error] :1:1: Premature end of file.
2025-12-18 21:09:15,537 [ERROR] LogOutputStream:75 - [STDERR_REDIRECT] 
2025-12-18 21:09:16,537 [ERROR] LogOutputStream:75 - [STDERR_REDIRECT] [Fatal Error] :1:1: Premature end of file.
2025-12-18 21:09:16,537 [ERROR] LogOutputStream:75 - [STDERR_REDIRECT] 
2025-12-18 21:09:17,556 [ERROR] LogOutputStream:75 - [STDERR_REDIRECT] [Fatal Error] :1:1: Premature end of file.
2025-12-18 21:09:17,556 [ERROR] LogOutputStream:75 - [STDERR_REDIRECT] 
2025-12-18 21:09:18,546 [ERROR] LogOutputStream:75 - [STDERR_REDIRECT] [Fatal Error] :1:1: Premature end of file.
2025-12-18 21:09:18,546 [ERROR] LogOutputStream:75 - [STDERR_REDIRECT] 
2025-12-18 21:09:19,529 [ERROR] LogOutputStream:75 - [STDERR_REDIRECT] [Fatal Error] :1:1: Premature end of file.
2025-12-18 21:09:19,529 [ERROR] LogOutputStream:75 - [STDERR_REDIRECT] 
2025-12-18 21:09:20,536 [ERROR] LogOutputStream:75 - [STDERR_REDIRECT] [Fatal Error] :1:1: Premature end of file.
2025-12-18 21:09:20,536 [ERROR] LogOutputStream:75 - [STDERR_REDIRECT] 
2025-12-18 21:09:21,538 [ERROR] LogOutputStream:75 - [STDERR_REDIRECT] [Fatal Error] :1:1: Premature end of file.
2025-12-18 21:09:21,538 [ERROR] LogOutputStream:75 - [STDERR_REDIRECT] 
2025-12-18 21:09:22,540 [ERROR] LogOutputStream:75 - [STDERR_REDIRECT] [Fatal Error] :1:1: Premature end of file.
2025-12-18 21:09:22,540 [ERROR] LogOutputStream:75 - [STDERR_REDIRECT] 
2025-12-18 21:09:23,535 [ERROR] LogOutputStream:75 - [STDERR_REDIRECT] [Fatal Error] :1:1: Premature end of file.
2025-12-18 21:09:23,535 [ERROR] LogOutputStream:75 - [STDERR_REDIRECT] 
2025-12-18 21:09:24,536 [ERROR] LogOutputStream:75 - [STDERR_REDIRECT] [Fatal Error] :1:1: Premature end of file.
2025-12-18 21:09:24,536 [ERROR] LogOutputStream:75 - [STDERR_REDIRECT] 
2025-12-18 21:09:25,540 [ERROR] LogOutputStream:75 - [STDERR_REDIRECT] [Fatal Error] :1:1: Premature end of file.
2025-12-18 21:09:25,540 [ERROR] LogOutputStream:75 - [STDERR_REDIRECT] 
2025-12-18 21:09:26,527 [ERROR] LogOutputStream:75 - [STDERR_REDIRECT] [Fatal Error] :1:1: Premature end of file.
2025-12-18 21:09:26,527 [ERROR] LogOutputStream:75 - [STDERR_REDIRECT] 
2025-12-18 21:09:27,537 [ERROR] LogOutputStream:75 - [STDERR_REDIRECT] [Fatal Error] :1:1: Premature end of file.
2025-12-18 21:09:27,537 [ERROR] LogOutputStream:75 - [STDERR_REDIRECT] 
2025-12-18 21:09:28,539 [ERROR] LogOutputStream:75 - [STDERR_REDIRECT] [Fatal Error] :1:1: Premature end of file.
2025-12-18 21:09:28,539 [ERROR] LogOutputStream:75 - [STDERR_REDIRECT] 
2025-12-18 21:09:29,547 [ERROR] LogOutputStream:75 - [STDERR_REDIRECT] [Fatal Error] :1:1: Premature end of file.
2025-12-18 21:09:29,547 [ERROR] LogOutputStream:75 - [STDERR_REDIRECT] 
2025-12-18 21:09:30,558 [ERROR] LogOutputStream:75 - [STDERR_REDIRECT] [Fatal Error] :1:1: Premature end of file.
2025-12-18 21:09:30,558 [ERROR] LogOutputStream:75 - [STDERR_REDIRECT] 
2025-12-18 21:09:31,551 [ERROR] LogOutputStream:75 - [STDERR_REDIRECT] [Fatal Error] :1:1: Premature end of file.
2025-12-18 21:09:31,551 [ERROR] LogOutputStream:75 - [STDERR_REDIRECT] 
2025-12-18 21:09:32,538 [ERROR] LogOutputStream:75 - [STDERR_REDIRECT] [Fatal Error] :1:1: Premature end of file.
2025-12-18 21:09:32,538 [ERROR] LogOutputStream:75 - [STDERR_REDIRECT] 
2025-12-18 21:09:33,538 [ERROR] LogOutputStream:75 - [STDERR_REDIRECT] [Fatal Error] :1:1: Premature end of file.
2025-12-18 21:09:33,538 [ERROR] LogOutputStream:75 - [STDERR_REDIRECT] 
2025-12-18 21:09:34,551 [ERROR] LogOutputStream:75 - [STDERR_REDIRECT] [Fatal Error] :1:1: Premature end of file.
2025-12-18 21:09:34,551 [ERROR] LogOutputStream:75 - [STDERR_REDIRECT] 
2025-12-18 21:09:35,544 [ERROR] LogOutputStream:75 - [STDERR_REDIRECT] [Fatal Error] :1:1: Premature end of file.
2025-12-18 21:09:35,544 [ERROR] LogOutputStream:75 - [STDERR_REDIRECT] 
2025-12-18 21:09:36,547 [ERROR] LogOutputStream:75 - [STDERR_REDIRECT] [Fatal Error] :1:1: Premature end of file.
2025-12-18 21:09:36,547 [ERROR] LogOutputStream:75 - [STDERR_REDIRECT] 
2025-12-18 21:09:37,551 [ERROR] LogOutputStream:75 - [STDERR_REDIRECT] [Fatal Error] :1:1: Premature end of file.
2025-12-18 21:09:37,551 [ERROR] LogOutputStream:75 - [STDERR_REDIRECT] 
2025-12-18 21:09:38,536 [ERROR] LogOutputStream:75 - [STDERR_REDIRECT] [Fatal Error] :1:1: Premature end of file.
2025-12-18 21:09:38,536 [ERROR] LogOutputStream:75 - [STDERR_REDIRECT] 
2025-12-18 21:09:39,549 [ERROR] LogOutputStream:75 - [STDERR_REDIRECT] [Fatal Error] :1:1: Premature end of file.
2025-12-18 21:09:39,549 [ERROR] LogOutputStream:75 - [STDERR_REDIRECT] 
2025-12-18 21:09:40,543 [ERROR] LogOutputStream:75 - [STDERR_REDIRECT] [Fatal Error] :1:1: Premature end of file.
2025-12-18 21:09:40,543 [ERROR] LogOutputStream:75 - [STDERR_REDIRECT] 
2025-12-18 21:09:41,538 [ERROR] LogOutputStream:75 - [STDERR_REDIRECT] [Fatal Error] :1:1: Premature end of file.
2025-12-18 21:09:41,538 [ERROR] LogOutputStream:75 - [STDERR_REDIRECT] 
2025-12-18 21:09:42,559 [ERROR] LogOutputStream:75 - [STDERR_REDIRECT] [Fatal Error] :1:1: Premature end of file.
2025-12-18 21:09:42,560 [ERROR] LogOutputStream:75 - [STDERR_REDIRECT] 
2025-12-18 21:09:43,547 [ERROR] LogOutputStream:75 - [STDERR_REDIRECT] [Fatal Error] :1:1: Premature end of file.
2025-12-18 21:09:43,547 [ERROR] LogOutputStream:75 - [STDERR_REDIRECT] 
2025-12-18 21:09:44,538 [ERROR] LogOutputStream:75 - [STDERR_REDIRECT] [Fatal Error] :1:1: Premature end of file.
2025-12-18 21:09:44,538 [ERROR] LogOutputStream:75 - [STDERR_REDIRECT] 
2025-12-18 21:09:45,538 [ERROR] LogOutputStream:75 - [STDERR_REDIRECT] [Fatal Error] :1:1: Premature end of file.
2025-12-18 21:09:45,538 [ERROR] LogOutputStream:75 - [STDERR_REDIRECT] 
2025-12-18 21:09:46,538 [ERROR] LogOutputStream:75 - [STDERR_REDIRECT] [Fatal Error] :1:1: Premature end of file.
2025-12-18 21:09:46,538 [ERROR] LogOutputStream:75 - [STDERR_REDIRECT] 
2025-12-18 21:09:47,537 [ERROR] LogOutputStream:75 - [STDERR_REDIRECT] [Fatal Error] :1:1: Premature end of file.
2025-12-18 21:09:47,537 [ERROR] LogOutputStream:75 - [STDERR_REDIRECT] 
2025-12-18 21:09:48,534 [ERROR] LogOutputStream:75 - [STDERR_REDIRECT] [Fatal Error] :1:1: Premature end of file.
2025-12-18 21:09:48,534 [ERROR] LogOutputStream:75 - [STDERR_REDIRECT] 
2025-12-18 21:09:49,534 [ERROR] LogOutputStream:75 - [STDERR_REDIRECT] [Fatal Error] :1:1: Premature end of file.
2025-12-18 21:09:49,535 [ERROR] LogOutputStream:75 - [STDERR_REDIRECT] 
2025-12-18 21:09:50,534 [ERROR] LogOutputStream:75 - [STDERR_REDIRECT] [Fatal Error] :1:1: Premature end of file.
2025-12-18 21:09:50,534 [ERROR] LogOutputStream:75 - [STDERR_REDIRECT] 
2025-12-18 21:09:51,531 [ERROR] LogOutputStream:75 - [STDERR_REDIRECT] [Fatal Error] :1:1: Premature end of file.
2025-12-18 21:09:51,531 [ERROR] LogOutputStream:75 - [STDERR_REDIRECT] 
2025-12-18 21:09:52,530 [ERROR] LogOutputStream:75 - [STDERR_REDIRECT] [Fatal Error] :1:1: Premature end of file.
2025-12-18 21:09:52,530 [ERROR] LogOutputStream:75 - [STDERR_REDIRECT] 
2025-12-18 21:09:53,534 [ERROR] LogOutputStream:75 - [STDERR_REDIRECT] [Fatal Error] :1:1: Premature end of file.
2025-12-18 21:09:53,534 [ERROR] LogOutputStream:75 - [STDERR_REDIRECT] 
2025-12-18 21:09:54,528 [ERROR] LogOutputStream:75 - [STDERR_REDIRECT] [Fatal Error] :1:1: Premature end of file.
2025-12-18 21:09:54,528 [ERROR] LogOutputStream:75 - [STDERR_REDIRECT] 
2025-12-18 21:09:55,535 [ERROR] LogOutputStream:75 - [STDERR_REDIRECT] [Fatal Error] :1:1: Premature end of file.
2025-12-18 21:09:55,535 [ERROR] LogOutputStream:75 - [STDERR_REDIRECT] 
2025-12-18 21:09:56,543 [ERROR] LogOutputStream:75 - [STDERR_REDIRECT] [Fatal Error] :1:1: Premature end of file.
2025-12-18 21:09:56,543 [ERROR] LogOutputStream:75 - [STDERR_REDIRECT] 
2025-12-18 21:09:57,536 [ERROR] LogOutputStream:75 - [STDERR_REDIRECT] [Fatal Error] :1:1: Premature end of file.
2025-12-18 21:09:57,536 [ERROR] LogOutputStream:75 - [STDERR_REDIRECT] 
2025-12-18 21:09:58,534 [ERROR] LogOutputStream:75 - [STDERR_REDIRECT] [Fatal Error] :1:1: Premature end of file.
2025-12-18 21:09:58,534 [ERROR] LogOutputStream:75 - [STDERR_REDIRECT] 
2025-12-18 21:09:59,538 [ERROR] LogOutputStream:75 - [STDERR_REDIRECT] [Fatal Error] :1:1: Premature end of file.
2025-12-18 21:09:59,538 [ERROR] LogOutputStream:75 - [STDERR_REDIRECT] 
2025-12-18 21:10:00,539 [ERROR] LogOutputStream:75 - [STDERR_REDIRECT] [Fatal Error] :1:1: Premature end of file.
2025-12-18 21:10:00,539 [ERROR] LogOutputStream:75 - [STDERR_REDIRECT] 
2025-12-18 21:10:01,536 [ERROR] LogOutputStream:75 - [STDERR_REDIRECT] [Fatal Error] :1:1: Premature end of file.
2025-12-18 21:10:01,536 [ERROR] LogOutputStream:75 - [STDERR_REDIRECT] 
2025-12-18 21:10:02,536 [ERROR] LogOutputStream:75 - [STDERR_REDIRECT] [Fatal Error] :1:1: Premature end of file.
2025-12-18 21:10:02,536 [ERROR] LogOutputStream:75 - [STDERR_REDIRECT] 
2025-12-18 21:10:03,537 [ERROR] LogOutputStream:75 - [STDERR_REDIRECT] [Fatal Error] :1:1: Premature end of file.
2025-12-18 21:10:03,537 [ERROR] LogOutputStream:75 - [STDERR_REDIRECT] 
2025-12-18 21:10:04,539 [ERROR] LogOutputStream:75 - [STDERR_REDIRECT] [Fatal Error] :1:1: Premature end of file.
2025-12-18 21:10:04,539 [ERROR] LogOutputStream:75 - [STDERR_REDIRECT] 
2025-12-18 21:10:05,538 [ERROR] LogOutputStream:75 - [STDERR_REDIRECT] [Fatal Error] :1:1: Premature end of file.
2025-12-18 21:10:05,540 [ERROR] LogOutputStream:75 - [STDERR_REDIRECT] 
2025-12-18 21:10:06,537 [ERROR] LogOutputStream:75 - [STDERR_REDIRECT] [Fatal Error] :1:1: Premature end of file.
2025-12-18 21:10:06,537 [ERROR] LogOutputStream:75 - [STDERR_REDIRECT] 
2025-12-18 21:10:07,538 [ERROR] LogOutputStream:75 - [STDERR_REDIRECT] [Fatal Error] :1:1: Premature end of file.
2025-12-18 21:10:07,538 [ERROR] LogOutputStream:75 - [STDERR_REDIRECT] 
2025-12-18 21:10:08,538 [ERROR] LogOutputStream:75 - [STDERR_REDIRECT] [Fatal Error] :1:1: Premature end of file.
2025-12-18 21:10:08,538 [ERROR] LogOutputStream:75 - [STDERR_REDIRECT] 
2025-12-18 21:10:09,562 [ERROR] LogOutputStream:75 - [STDERR_REDIRECT] [Fatal Error] :1:1: Premature end of file.
2025-12-18 21:10:09,562 [ERROR] LogOutputStream:75 - [STDERR_REDIRECT] 
2025-12-18 21:10:10,563 [ERROR] LogOutputStream:75 - [STDERR_REDIRECT] [Fatal Error] :1:1: Premature end of file.
2025-12-18 21:10:10,563 [ERROR] LogOutputStream:75 - [STDERR_REDIRECT] 
2025-12-18 21:10:11,537 [ERROR] LogOutputStream:75 - [STDERR_REDIRECT] [Fatal Error] :1:1: Premature end of file.
2025-12-18 21:10:11,539 [ERROR] LogOutputStream:75 - [STDERR_REDIRECT] 
2025-12-18 21:10:12,531 [ERROR] LogOutputStream:75 - [STDERR_REDIRECT] [Fatal Error] :1:1: Premature end of file.
2025-12-18 21:10:12,531 [ERROR] LogOutputStream:75 - [STDERR_REDIRECT] 
2025-12-18 21:10:13,549 [ERROR] LogOutputStream:75 - [STDERR_REDIRECT] [Fatal Error] :1:1: Premature end of file.
2025-12-18 21:10:13,549 [ERROR] LogOutputStream:75 - [STDERR_REDIRECT] 
2025-12-18 21:10:14,535 [ERROR] LogOutputStream:75 - [STDERR_REDIRECT] [Fatal Error] :1:1: Premature end of file.
2025-12-18 21:10:14,535 [ERROR] LogOutputStream:75 - [STDERR_REDIRECT] 
2025-12-18 21:10:15,552 [ERROR] LogOutputStream:75 - [STDERR_REDIRECT] [Fatal Error] :1:1: Premature end of file.
2025-12-18 21:10:15,552 [ERROR] LogOutputStream:75 - [STDERR_REDIRECT] 
2025-12-18 21:10:16,538 [ERROR] LogOutputStream:75 - [STDERR_REDIRECT] [Fatal Error] :1:1: Premature end of file.
2025-12-18 21:10:16,538 [ERROR] LogOutputStream:75 - [STDERR_REDIRECT] 
2025-12-18 21:10:17,552 [ERROR] LogOutputStream:75 - [STDERR_REDIRECT] [Fatal Error] :1:1: Premature end of file.
2025-12-18 21:10:17,552 [ERROR] LogOutputStream:75 - [STDERR_REDIRECT] 
2025-12-18 21:10:18,538 [ERROR] LogOutputStream:75 - [STDERR_REDIRECT] [Fatal Error] :1:1: Premature end of file.
2025-12-18 21:10:18,538 [ERROR] LogOutputStream:75 - [STDERR_REDIRECT] 
2025-12-18 21:10:19,559 [ERROR] LogOutputStream:75 - [STDERR_REDIRECT] [Fatal Error] :1:1: Premature end of file.
2025-12-18 21:10:19,559 [ERROR] LogOutputStream:75 - [STDERR_REDIRECT] 
2025-12-18 21:10:20,538 [ERROR] LogOutputStream:75 - [STDERR_REDIRECT] [Fatal Error] :1:1: Premature end of file.
2025-12-18 21:10:20,538 [ERROR] LogOutputStream:75 - [STDERR_REDIRECT] 
2025-12-18 21:10:21,540 [ERROR] LogOutputStream:75 - [STDERR_REDIRECT] [Fatal Error] :1:1: Premature end of file.
2025-12-18 21:10:21,540 [ERROR] LogOutputStream:75 - [STDERR_REDIRECT] 
2025-12-18 21:10:22,536 [ERROR] LogOutputStream:75 - [STDERR_REDIRECT] [Fatal Error] :1:1: Premature end of file.
2025-12-18 21:10:22,536 [ERROR] LogOutputStream:75 - [STDERR_REDIRECT] 
2025-12-18 21:10:23,530 [ERROR] LogOutputStream:75 - [STDERR_REDIRECT] [Fatal Error] :1:1: Premature end of file.
2025-12-18 21:10:23,530 [ERROR] LogOutputStream:75 - [STDERR_REDIRECT] 
2025-12-18 21:10:24,535 [ERROR] LogOutputStream:75 - [STDERR_REDIRECT] [Fatal Error] :1:1: Premature end of file.
2025-12-18 21:10:24,535 [ERROR] LogOutputStream:75 - [STDERR_REDIRECT] 
2025-12-18 21:10:25,528 [ERROR] LogOutputStream:75 - [STDERR_REDIRECT] [Fatal Error] :1:1: Premature end of file.
2025-12-18 21:10:25,528 [ERROR] LogOutputStream:75 - [STDERR_REDIRECT] 
2025-12-18 21:10:26,555 [ERROR] LogOutputStream:75 - [STDERR_REDIRECT] [Fatal Error] :1:1: Premature end of file.
2025-12-18 21:10:26,555 [ERROR] LogOutputStream:75 - [STDERR_REDIRECT] 
2025-12-18 21:10:27,536 [ERROR] LogOutputStream:75 - [STDERR_REDIRECT] [Fatal Error] :1:1: Premature end of file.
2025-12-18 21:10:27,536 [ERROR] LogOutputStream:75 - [STDERR_REDIRECT] 
2025-12-18 21:10:28,539 [ERROR] LogOutputStream:75 - [STDERR_REDIRECT] [Fatal Error] :1:1: Premature end of file.
2025-12-18 21:10:28,539 [ERROR] LogOutputStream:75 - [STDERR_REDIRECT] 
2025-12-18 21:10:29,544 [ERROR] LogOutputStream:75 - [STDERR_REDIRECT] [Fatal Error] :1:1: Premature end of file.
2025-12-18 21:10:29,544 [ERROR] LogOutputStream:75 - [STDERR_REDIRECT] 
2025-12-18 21:10:30,547 [ERROR] LogOutputStream:75 - [STDERR_REDIRECT] [Fatal Error] :1:1: Premature end of file.
2025-12-18 21:10:30,547 [ERROR] LogOutputStream:75 - [STDERR_REDIRECT] 
2025-12-18 21:10:31,538 [ERROR] LogOutputStream:75 - [STDERR_REDIRECT] [Fatal Error] :1:1: Premature end of file.
2025-12-18 21:10:31,538 [ERROR] LogOutputStream:75 - [STDERR_REDIRECT] 
2025-12-18 21:10:32,565 [ERROR] LogOutputStream:75 - [STDERR_REDIRECT] [Fatal Error] :1:1: Premature end of file.
2025-12-18 21:10:32,565 [ERROR] LogOutputStream:75 - [STDERR_REDIRECT] 
2025-12-18 21:10:33,565 [ERROR] LogOutputStream:75 - [STDERR_REDIRECT] [Fatal Error] :1:1: Premature end of file.
2025-12-18 21:10:33,567 [ERROR] LogOutputStream:75 - [STDERR_REDIRECT] 
2025-12-18 21:10:34,538 [ERROR] LogOutputStream:75 - [STDERR_REDIRECT] [Fatal Error] :1:1: Premature end of file.
2025-12-18 21:10:34,538 [ERROR] LogOutputStream:75 - [STDERR_REDIRECT] 
2025-12-18 21:10:35,534 [ERROR] LogOutputStream:75 - [STDERR_REDIRECT] [Fatal Error] :1:1: Premature end of file.
2025-12-18 21:10:35,534 [ERROR] LogOutputStream:75 - [STDERR_REDIRECT] 
2025-12-18 21:10:36,535 [ERROR] LogOutputStream:75 - [STDERR_REDIRECT] [Fatal Error] :1:1: Premature end of file.
2025-12-18 21:10:36,535 [ERROR] LogOutputStream:75 - [STDERR_REDIRECT] 
2025-12-18 21:10:37,560 [ERROR] LogOutputStream:75 - [STDERR_REDIRECT] [Fatal Error] :1:1: Premature end of file.
2025-12-18 21:10:37,560 [ERROR] LogOutputStream:75 - [STDERR_REDIRECT] 
2025-12-18 21:10:38,557 [ERROR] LogOutputStream:75 - [STDERR_REDIRECT] [Fatal Error] :1:1: Premature end of file.
2025-12-18 21:10:38,557 [ERROR] LogOutputStream:75 - [STDERR_REDIRECT] 
2025-12-18 21:10:39,539 [ERROR] LogOutputStream:75 - [STDERR_REDIRECT] [Fatal Error] :1:1: Premature end of file.
2025-12-18 21:10:39,539 [ERROR] LogOutputStream:75 - [STDERR_REDIRECT] 
2025-12-18 21:10:40,536 [ERROR] LogOutputStream:75 - [STDERR_REDIRECT] [Fatal Error] :1:1: Premature end of file.
2025-12-18 21:10:40,536 [ERROR] LogOutputStream:75 - [STDERR_REDIRECT] 
2025-12-18 21:10:41,537 [ERROR] LogOutputStream:75 - [STDERR_REDIRECT] [Fatal Error] :1:1: Premature end of file.
2025-12-18 21:10:41,537 [ERROR] LogOutputStream:75 - [STDERR_REDIRECT] 
2025-12-18 21:10:42,569 [ERROR] LogOutputStream:75 - [STDERR_REDIRECT] [Fatal Error] :1:1: Premature end of file.
2025-12-18 21:10:42,570 [ERROR] LogOutputStream:75 - [STDERR_REDIRECT] 
2025-12-18 21:10:43,537 [ERROR] LogOutputStream:75 - [STDERR_REDIRECT] [Fatal Error] :1:1: Premature end of file.
2025-12-18 21:10:43,537 [ERROR] LogOutputStream:75 - [STDERR_REDIRECT] 
2025-12-18 21:10:44,541 [ERROR] LogOutputStream:75 - [STDERR_REDIRECT] [Fatal Error] :1:1: Premature end of file.
2025-12-18 21:10:44,541 [ERROR] LogOutputStream:75 - [STDERR_REDIRECT] 
2025-12-18 21:10:45,540 [ERROR] LogOutputStream:75 - [STDERR_REDIRECT] [Fatal Error] :1:1: Premature end of file.
2025-12-18 21:10:45,540 [ERROR] LogOutputStream:75 - [STDERR_REDIRECT] 
2025-12-18 21:10:46,558 [ERROR] LogOutputStream:75 - [STDERR_REDIRECT] [Fatal Error] :1:1: Premature end of file.
2025-12-18 21:10:46,558 [ERROR] LogOutputStream:75 - [STDERR_REDIRECT] 
2025-12-18 21:10:47,556 [ERROR] LogOutputStream:75 - [STDERR_REDIRECT] [Fatal Error] :1:1: Premature end of file.
2025-12-18 21:10:47,557 [ERROR] LogOutputStream:75 - [STDERR_REDIRECT] 
2025-12-18 21:10:48,538 [ERROR] LogOutputStream:75 - [STDERR_REDIRECT] [Fatal Error] :1:1: Premature end of file.
2025-12-18 21:10:48,538 [ERROR] LogOutputStream:75 - [STDERR_REDIRECT] 
2025-12-18 21:10:49,538 [ERROR] LogOutputStream:75 - [STDERR_REDIRECT] [Fatal Error] :1:1: Premature end of file.
2025-12-18 21:10:49,538 [ERROR] LogOutputStream:75 - [STDERR_REDIRECT] 
2025-12-18 21:10:50,559 [ERROR] LogOutputStream:75 - [STDERR_REDIRECT] [Fatal Error] :1:1: Premature end of file.
2025-12-18 21:10:50,559 [ERROR] LogOutputStream:75 - [STDERR_REDIRECT] 
2025-12-18 21:10:51,538 [ERROR] LogOutputStream:75 - [STDERR_REDIRECT] [Fatal Error] :1:1: Premature end of file.
2025-12-18 21:10:51,539 [ERROR] LogOutputStream:75 - [STDERR_REDIRECT] 
2025-12-18 21:10:52,539 [ERROR] LogOutputStream:75 - [STDERR_REDIRECT] [Fatal Error] :1:1: Premature end of file.
2025-12-18 21:10:52,539 [ERROR] LogOutputStream:75 - [STDERR_REDIRECT] 
2025-12-18 21:10:53,534 [ERROR] LogOutputStream:75 - [STDERR_REDIRECT] [Fatal Error] :1:1: Premature end of file.
2025-12-18 21:10:53,534 [ERROR] LogOutputStream:75 - [STDERR_REDIRECT] 
2025-12-18 21:10:54,553 [ERROR] LogOutputStream:75 - [STDERR_REDIRECT] [Fatal Error] :1:1: Premature end of file.
2025-12-18 21:10:54,553 [ERROR] LogOutputStream:75 - [STDERR_REDIRECT] 
2025-12-18 21:10:55,541 [ERROR] LogOutputStream:75 - [STDERR_REDIRECT] [Fatal Error] :1:1: Premature end of file.
2025-12-18 21:10:55,541 [ERROR] LogOutputStream:75 - [STDERR_REDIRECT] 
2025-12-18 21:10:56,531 [ERROR] LogOutputStream:75 - [STDERR_REDIRECT] [Fatal Error] :1:1: Premature end of file.
2025-12-18 21:10:56,531 [ERROR] LogOutputStream:75 - [STDERR_REDIRECT] 
2025-12-18 21:10:57,538 [ERROR] LogOutputStream:75 - [STDERR_REDIRECT] [Fatal Error] :1:1: Premature end of file.
2025-12-18 21:10:57,538 [ERROR] LogOutputStream:75 - [STDERR_REDIRECT] 
2025-12-18 21:10:58,539 [ERROR] LogOutputStream:75 - [STDERR_REDIRECT] [Fatal Error] :1:1: Premature end of file.
2025-12-18 21:10:58,539 [ERROR] LogOutputStream:75 - [STDERR_REDIRECT] 
2025-12-18 21:10:59,538 [ERROR] LogOutputStream:75 - [STDERR_REDIRECT] [Fatal Error] :1:1: Premature end of file.
2025-12-18 21:10:59,538 [ERROR] LogOutputStream:75 - [STDERR_REDIRECT] 
2025-12-18 21:11:00,553 [ERROR] LogOutputStream:75 - [STDERR_REDIRECT] [Fatal Error] :1:1: Premature end of file.
2025-12-18 21:11:00,553 [ERROR] LogOutputStream:75 - [STDERR_REDIRECT] 
2025-12-18 21:11:01,546 [ERROR] LogOutputStream:75 - [STDERR_REDIRECT] [Fatal Error] :1:1: Premature end of file.
2025-12-18 21:11:01,546 [ERROR] LogOutputStream:75 - [STDERR_REDIRECT] 
2025-12-18 21:11:02,544 [ERROR] LogOutputStream:75 - [STDERR_REDIRECT] [Fatal Error] :1:1: Premature end of file.
2025-12-18 21:11:02,544 [ERROR] LogOutputStream:75 - [STDERR_REDIRECT] 
2025-12-18 21:11:03,539 [ERROR] LogOutputStream:75 - [STDERR_REDIRECT] [Fatal Error] :1:1: Premature end of file.
2025-12-18 21:11:03,539 [ERROR] LogOutputStream:75 - [STDERR_REDIRECT] 
2025-12-18 21:11:04,545 [ERROR] LogOutputStream:75 - [STDERR_REDIRECT] [Fatal Error] :1:1: Premature end of file.
2025-12-18 21:11:04,545 [ERROR] LogOutputStream:75 - [STDERR_REDIRECT] 
2025-12-18 21:11:05,546 [ERROR] LogOutputStream:75 - [STDERR_REDIRECT] [Fatal Error] :1:1: Premature end of file.
2025-12-18 21:11:05,546 [ERROR] LogOutputStream:75 - [STDERR_REDIRECT] 
2025-12-18 21:11:06,547 [ERROR] LogOutputStream:75 - [STDERR_REDIRECT] [Fatal Error] :1:1: Premature end of file.
2025-12-18 21:11:06,547 [ERROR] LogOutputStream:75 - [STDERR_REDIRECT] 
2025-12-18 21:11:07,547 [ERROR] LogOutputStream:75 - [STDERR_REDIRECT] [Fatal Error] :1:1: Premature end of file.
2025-12-18 21:11:07,547 [ERROR] LogOutputStream:75 - [STDERR_REDIRECT] 
2025-12-18 21:11:08,536 [ERROR] LogOutputStream:75 - [STDERR_REDIRECT] [Fatal Error] :1:1: Premature end of file.
2025-12-18 21:11:08,536 [ERROR] LogOutputStream:75 - [STDERR_REDIRECT] 
2025-12-18 21:11:09,538 [ERROR] LogOutputStream:75 - [STDERR_REDIRECT] [Fatal Error] :1:1: Premature end of file.
2025-12-18 21:11:09,538 [ERROR] LogOutputStream:75 - [STDERR_REDIRECT] 
2025-12-18 21:11:10,538 [ERROR] LogOutputStream:75 - [STDERR_REDIRECT] [Fatal Error] :1:1: Premature end of file.
2025-12-18 21:11:10,538 [ERROR] LogOutputStream:75 - [STDERR_REDIRECT] 
2025-12-18 21:11:11,539 [ERROR] LogOutputStream:75 - [STDERR_REDIRECT] [Fatal Error] :1:1: Premature end of file.
2025-12-18 21:11:11,539 [ERROR] LogOutputStream:75 - [STDERR_REDIRECT] 
2025-12-18 21:11:12,534 [ERROR] LogOutputStream:75 - [STDERR_REDIRECT] [Fatal Error] :1:1: Premature end of file.
2025-12-18 21:11:12,534 [ERROR] LogOutputStream:75 - [STDERR_REDIRECT] 
2025-12-18 21:11:13,550 [ERROR] LogOutputStream:75 - [STDERR_REDIRECT] [Fatal Error] :1:1: Premature end of file.
2025-12-18 21:11:13,550 [ERROR] LogOutputStream:75 - [STDERR_REDIRECT] 
2025-12-18 21:11:14,535 [ERROR] LogOutputStream:75 - [STDERR_REDIRECT] [Fatal Error] :1:1: Premature end of file.
2025-12-18 21:11:14,535 [ERROR] LogOutputStream:75 - [STDERR_REDIRECT] 
2025-12-18 21:11:15,538 [ERROR] LogOutputStream:75 - [STDERR_REDIRECT] [Fatal Error] :1:1: Premature end of file.
2025-12-18 21:11:15,538 [ERROR] LogOutputStream:75 - [STDERR_REDIRECT] 
2025-12-18 21:11:16,557 [ERROR] LogOutputStream:75 - [STDERR_REDIRECT] [Fatal Error] :1:1: Premature end of file.
2025-12-18 21:11:16,557 [ERROR] LogOutputStream:75 - [STDERR_REDIRECT] 
2025-12-18 21:11:17,537 [ERROR] LogOutputStream:75 - [STDERR_REDIRECT] [Fatal Error] :1:1: Premature end of file.
2025-12-18 21:11:17,537 [ERROR] LogOutputStream:75 - [STDERR_REDIRECT] 
2025-12-18 21:11:18,538 [ERROR] LogOutputStream:75 - [STDERR_REDIRECT] [Fatal Error] :1:1: Premature end of file.
2025-12-18 21:11:18,538 [ERROR] LogOutputStream:75 - [STDERR_REDIRECT] 
2025-12-18 21:11:19,535 [ERROR] LogOutputStream:75 - [STDERR_REDIRECT] [Fatal Error] :1:1: Premature end of file.
2025-12-18 21:11:19,535 [ERROR] LogOutputStream:75 - [STDERR_REDIRECT] 
2025-12-18 21:11:20,538 [ERROR] LogOutputStream:75 - [STDERR_REDIRECT] [Fatal Error] :1:1: Premature end of file.
2025-12-18 21:11:20,538 [ERROR] LogOutputStream:75 - [STDERR_REDIRECT] 
2025-12-18 21:11:21,547 [ERROR] LogOutputStream:75 - [STDERR_REDIRECT] [Fatal Error] :1:1: Premature end of file.
2025-12-18 21:11:21,547 [ERROR] LogOutputStream:75 - [STDERR_REDIRECT] 
2025-12-18 21:11:22,539 [ERROR] LogOutputStream:75 - [STDERR_REDIRECT] [Fatal Error] :1:1: Premature end of file.
2025-12-18 21:11:22,539 [ERROR] LogOutputStream:75 - [STDERR_REDIRECT] 
2025-12-18 21:11:23,538 [ERROR] LogOutputStream:75 - [STDERR_REDIRECT] [Fatal Error] :1:1: Premature end of file.
2025-12-18 21:11:23,538 [ERROR] LogOutputStream:75 - [STDERR_REDIRECT] 
2025-12-18 21:11:24,537 [ERROR] LogOutputStream:75 - [STDERR_REDIRECT] [Fatal Error] :1:1: Premature end of file.
2025-12-18 21:11:24,537 [ERROR] LogOutputStream:75 - [STDERR_REDIRECT] 
2025-12-18 21:11:25,537 [ERROR] LogOutputStream:75 - [STDERR_REDIRECT] [Fatal Error] :1:1: Premature end of file.
2025-12-18 21:11:25,537 [ERROR] LogOutputStream:75 - [STDERR_REDIRECT] 
2025-12-18 21:11:26,538 [ERROR] LogOutputStream:75 - [STDERR_REDIRECT] [Fatal Error] :1:1: Premature end of file.
2025-12-18 21:11:26,538 [ERROR] LogOutputStream:75 - [STDERR_REDIRECT] 
2025-12-18 21:11:27,539 [ERROR] LogOutputStream:75 - [STDERR_REDIRECT] [Fatal Error] :1:1: Premature end of file.
2025-12-18 21:11:27,539 [ERROR] LogOutputStream:75 - [STDERR_REDIRECT] 
2025-12-18 21:11:28,538 [ERROR] LogOutputStream:75 - [STDERR_REDIRECT] [Fatal Error] :1:1: Premature end of file.
2025-12-18 21:11:28,538 [ERROR] LogOutputStream:75 - [STDERR_REDIRECT] 
2025-12-18 21:11:29,537 [ERROR] LogOutputStream:75 - [STDERR_REDIRECT] [Fatal Error] :1:1: Premature end of file.
2025-12-18 21:11:29,537 [ERROR] LogOutputStream:75 - [STDERR_REDIRECT] 
2025-12-18 21:11:30,540 [ERROR] LogOutputStream:75 - [STDERR_REDIRECT] [Fatal Error] :1:1: Premature end of file.
2025-12-18 21:11:30,540 [ERROR] LogOutputStream:75 - [STDERR_REDIRECT] 
2025-12-18 21:11:31,540 [ERROR] LogOutputStream:75 - [STDERR_REDIRECT] [Fatal Error] :1:1: Premature end of file.
2025-12-18 21:11:31,540 [ERROR] LogOutputStream:75 - [STDERR_REDIRECT] 
2025-12-18 21:11:32,559 [ERROR] LogOutputStream:75 - [STDERR_REDIRECT] [Fatal Error] :1:1: Premature end of file.
2025-12-18 21:11:32,559 [ERROR] LogOutputStream:75 - [STDERR_REDIRECT] 
2025-12-18 21:11:33,568 [ERROR] LogOutputStream:75 - [STDERR_REDIRECT] [Fatal Error] :1:1: Premature end of file.
2025-12-18 21:11:33,568 [ERROR] LogOutputStream:75 - [STDERR_REDIRECT] 
2025-12-18 21:11:34,532 [ERROR] LogOutputStream:75 - [STDERR_REDIRECT] [Fatal Error] :1:1: Premature end of file.
2025-12-18 21:11:34,532 [ERROR] LogOutputStream:75 - [STDERR_REDIRECT] 
2025-12-18 21:11:35,529 [ERROR] LogOutputStream:75 - [STDERR_REDIRECT] [Fatal Error] :1:1: Premature end of file.
2025-12-18 21:11:35,529 [ERROR] LogOutputStream:75 - [STDERR_REDIRECT] 
2025-12-18 21:11:36,539 [ERROR] LogOutputStream:75 - [STDERR_REDIRECT] [Fatal Error] :1:1: Premature end of file.
2025-12-18 21:11:36,539 [ERROR] LogOutputStream:75 - [STDERR_REDIRECT] 
2025-12-18 21:11:37,534 [ERROR] LogOutputStream:75 - [STDERR_REDIRECT] [Fatal Error] :1:1: Premature end of file.
2025-12-18 21:11:37,534 [ERROR] LogOutputStream:75 - [STDERR_REDIRECT] 
2025-12-18 21:11:38,550 [ERROR] LogOutputStream:75 - [STDERR_REDIRECT] [Fatal Error] :1:1: Premature end of file.
2025-12-18 21:11:38,550 [ERROR] LogOutputStream:75 - [STDERR_REDIRECT] 
2025-12-18 21:11:39,558 [ERROR] LogOutputStream:75 - [STDERR_REDIRECT] [Fatal Error] :1:1: Premature end of file.
2025-12-18 21:11:39,558 [ERROR] LogOutputStream:75 - [STDERR_REDIRECT] 
2025-12-18 21:11:40,535 [ERROR] LogOutputStream:75 - [STDERR_REDIRECT] [Fatal Error] :1:1: Premature end of file.
2025-12-18 21:11:40,535 [ERROR] LogOutputStream:75 - [STDERR_REDIRECT] 
2025-12-18 21:11:41,545 [ERROR] LogOutputStream:75 - [STDERR_REDIRECT] [Fatal Error] :1:1: Premature end of file.
2025-12-18 21:11:41,545 [ERROR] LogOutputStream:75 - [STDERR_REDIRECT] 
2025-12-18 21:11:42,529 [ERROR] LogOutputStream:75 - [STDERR_REDIRECT] [Fatal Error] :1:1: Premature end of file.
2025-12-18 21:11:42,529 [ERROR] LogOutputStream:75 - [STDERR_REDIRECT] 
2025-12-18 21:11:43,532 [ERROR] LogOutputStream:75 - [STDERR_REDIRECT] [Fatal Error] :1:1: Premature end of file.
2025-12-18 21:11:43,532 [ERROR] LogOutputStream:75 - [STDERR_REDIRECT] 
2025-12-18 21:11:44,547 [ERROR] LogOutputStream:75 - [STDERR_REDIRECT] [Fatal Error] :1:1: Premature end of file.
2025-12-18 21:11:44,547 [ERROR] LogOutputStream:75 - [STDERR_REDIRECT] 
2025-12-18 21:11:45,546 [ERROR] LogOutputStream:75 - [STDERR_REDIRECT] [Fatal Error] :1:1: Premature end of file.
2025-12-18 21:11:45,546 [ERROR] LogOutputStream:75 - [STDERR_REDIRECT] 
2025-12-18 21:11:46,548 [ERROR] LogOutputStream:75 - [STDERR_REDIRECT] [Fatal Error] :1:1: Premature end of file.
2025-12-18 21:11:46,548 [ERROR] LogOutputStream:75 - [STDERR_REDIRECT] 
2025-12-18 21:11:47,537 [ERROR] LogOutputStream:75 - [STDERR_REDIRECT] [Fatal Error] :1:1: Premature end of file.
2025-12-18 21:11:47,537 [ERROR] LogOutputStream:75 - [STDERR_REDIRECT] 
2025-12-18 21:11:48,559 [ERROR] LogOutputStream:75 - [STDERR_REDIRECT] [Fatal Error] :1:1: Premature end of file.
2025-12-18 21:11:48,559 [ERROR] LogOutputStream:75 - [STDERR_REDIRECT] 
2025-12-18 21:11:49,548 [ERROR] LogOutputStream:75 - [STDERR_REDIRECT] [Fatal Error] :1:1: Premature end of file.
2025-12-18 21:11:49,549 [ERROR] LogOutputStream:75 - [STDERR_REDIRECT] 
2025-12-18 21:11:50,545 [ERROR] LogOutputStream:75 - [STDERR_REDIRECT] [Fatal Error] :1:1: Premature end of file.
2025-12-18 21:11:50,545 [ERROR] LogOutputStream:75 - [STDERR_REDIRECT] 
2025-12-18 21:11:51,552 [ERROR] LogOutputStream:75 - [STDERR_REDIRECT] [Fatal Error] :1:1: Premature end of file.
2025-12-18 21:11:51,552 [ERROR] LogOutputStream:75 - [STDERR_REDIRECT] 
2025-12-18 21:11:52,538 [ERROR] LogOutputStream:75 - [STDERR_REDIRECT] [Fatal Error] :1:1: Premature end of file.
2025-12-18 21:11:52,538 [ERROR] LogOutputStream:75 - [STDERR_REDIRECT] 
2025-12-18 21:11:53,536 [ERROR] LogOutputStream:75 - [STDERR_REDIRECT] [Fatal Error] :1:1: Premature end of file.
2025-12-18 21:11:53,536 [ERROR] LogOutputStream:75 - [STDERR_REDIRECT] 
2025-12-18 21:11:54,557 [ERROR] LogOutputStream:75 - [STDERR_REDIRECT] [Fatal Error] :1:1: Premature end of file.
2025-12-18 21:11:54,557 [ERROR] LogOutputStream:75 - [STDERR_REDIRECT] 
2025-12-18 21:11:55,535 [ERROR] LogOutputStream:75 - [STDERR_REDIRECT] [Fatal Error] :1:1: Premature end of file.
2025-12-18 21:11:55,535 [ERROR] LogOutputStream:75 - [STDERR_REDIRECT] 
2025-12-18 21:11:56,538 [ERROR] LogOutputStream:75 - [STDERR_REDIRECT] [Fatal Error] :1:1: Premature end of file.
2025-12-18 21:11:56,538 [ERROR] LogOutputStream:75 - [STDERR_REDIRECT] 
2025-12-18 21:11:57,547 [ERROR] LogOutputStream:75 - [STDERR_REDIRECT] [Fatal Error] :1:1: Premature end of file.
2025-12-18 21:11:57,547 [ERROR] LogOutputStream:75 - [STDERR_REDIRECT] 
2025-12-18 21:11:58,538 [ERROR] LogOutputStream:75 - [STDERR_REDIRECT] [Fatal Error] :1:1: Premature end of file.
2025-12-18 21:11:58,538 [ERROR] LogOutputStream:75 - [STDERR_REDIRECT] 
2025-12-18 21:11:59,538 [ERROR] LogOutputStream:75 - [STDERR_REDIRECT] [Fatal Error] :1:1: Premature end of file.
2025-12-18 21:11:59,538 [ERROR] LogOutputStream:75 - [STDERR_REDIRECT] 
2025-12-18 21:12:00,547 [ERROR] LogOutputStream:75 - [STDERR_REDIRECT] [Fatal Error] :1:1: Premature end of file.
2025-12-18 21:12:00,547 [ERROR] LogOutputStream:75 - [STDERR_REDIRECT] 
2025-12-18 21:12:01,547 [ERROR] LogOutputStream:75 - [STDERR_REDIRECT] [Fatal Error] :1:1: Premature end of file.
2025-12-18 21:12:01,547 [ERROR] LogOutputStream:75 - [STDERR_REDIRECT] 
2025-12-18 21:12:02,538 [ERROR] LogOutputStream:75 - [STDERR_REDIRECT] [Fatal Error] :1:1: Premature end of file.
2025-12-18 21:12:02,538 [ERROR] LogOutputStream:75 - [STDERR_REDIRECT] 
2025-12-18 21:12:03,538 [ERROR] LogOutputStream:75 - [STDERR_REDIRECT] [Fatal Error] :1:1: Premature end of file.
2025-12-18 21:12:03,538 [ERROR] LogOutputStream:75 - [STDERR_REDIRECT] 
2025-12-18 21:12:04,539 [ERROR] LogOutputStream:75 - [STDERR_REDIRECT] [Fatal Error] :1:1: Premature end of file.
2025-12-18 21:12:04,539 [ERROR] LogOutputStream:75 - [STDERR_REDIRECT] 
2025-12-18 21:12:05,557 [ERROR] LogOutputStream:75 - [STDERR_REDIRECT] [Fatal Error] :1:1: Premature end of file.
2025-12-18 21:12:05,557 [ERROR] LogOutputStream:75 - [STDERR_REDIRECT] 
2025-12-18 21:12:06,539 [ERROR] LogOutputStream:75 - [STDERR_REDIRECT] [Fatal Error] :1:1: Premature end of file.
2025-12-18 21:12:06,539 [ERROR] LogOutputStream:75 - [STDERR_REDIRECT] 
2025-12-18 21:12:07,535 [ERROR] LogOutputStream:75 - [STDERR_REDIRECT] [Fatal Error] :1:1: Premature end of file.
2025-12-18 21:12:07,535 [ERROR] LogOutputStream:75 - [STDERR_REDIRECT] 
2025-12-18 21:12:08,553 [ERROR] LogOutputStream:75 - [STDERR_REDIRECT] [Fatal Error] :1:1: Premature end of file.
2025-12-18 21:12:08,553 [ERROR] LogOutputStream:75 - [STDERR_REDIRECT] 
2025-12-18 21:12:09,538 [ERROR] LogOutputStream:75 - [STDERR_REDIRECT] [Fatal Error] :1:1: Premature end of file.
2025-12-18 21:12:09,538 [ERROR] LogOutputStream:75 - [STDERR_REDIRECT] 
2025-12-18 21:12:10,528 [ERROR] LogOutputStream:75 - [STDERR_REDIRECT] [Fatal Error] :1:1: Premature end of file.
2025-12-18 21:12:10,528 [ERROR] LogOutputStream:75 - [STDERR_REDIRECT] 
2025-12-18 21:12:11,539 [ERROR] LogOutputStream:75 - [STDERR_REDIRECT] [Fatal Error] :1:1: Premature end of file.
2025-12-18 21:12:11,539 [ERROR] LogOutputStream:75 - [STDERR_REDIRECT] 
2025-12-18 21:12:12,539 [ERROR] LogOutputStream:75 - [STDERR_REDIRECT] [Fatal Error] :1:1: Premature end of file.
2025-12-18 21:12:12,539 [ERROR] LogOutputStream:75 - [STDERR_REDIRECT] 
2025-12-18 21:12:13,539 [ERROR] LogOutputStream:75 - [STDERR_REDIRECT] [Fatal Error] :1:1: Premature end of file.
2025-12-18 21:12:13,539 [ERROR] LogOutputStream:75 - [STDERR_REDIRECT] 
2025-12-18 21:12:14,538 [ERROR] LogOutputStream:75 - [STDERR_REDIRECT] [Fatal Error] :1:1: Premature end of file.
2025-12-18 21:12:14,538 [ERROR] LogOutputStream:75 - [STDERR_REDIRECT] 
2025-12-18 21:12:15,560 [ERROR] LogOutputStream:75 - [STDERR_REDIRECT] [Fatal Error] :1:1: Premature end of file.
2025-12-18 21:12:15,560 [ERROR] LogOutputStream:75 - [STDERR_REDIRECT] 
2025-12-18 21:12:16,540 [ERROR] LogOutputStream:75 - [STDERR_REDIRECT] [Fatal Error] :1:1: Premature end of file.
2025-12-18 21:12:16,540 [ERROR] LogOutputStream:75 - [STDERR_REDIRECT] 
2025-12-18 21:12:17,551 [ERROR] LogOutputStream:75 - [STDERR_REDIRECT] [Fatal Error] :1:1: Premature end of file.
2025-12-18 21:12:17,551 [ERROR] LogOutputStream:75 - [STDERR_REDIRECT] 
2025-12-18 21:12:18,540 [ERROR] LogOutputStream:75 - [STDERR_REDIRECT] [Fatal Error] :1:1: Premature end of file.
2025-12-18 21:12:18,540 [ERROR] LogOutputStream:75 - [STDERR_REDIRECT] 
2025-12-18 21:12:19,545 [ERROR] LogOutputStream:75 - [STDERR_REDIRECT] [Fatal Error] :1:1: Premature end of file.
2025-12-18 21:12:19,545 [ERROR] LogOutputStream:75 - [STDERR_REDIRECT] 
2025-12-18 21:12:20,546 [ERROR] LogOutputStream:75 - [STDERR_REDIRECT] [Fatal Error] :1:1: Premature end of file.
2025-12-18 21:12:20,546 [ERROR] LogOutputStream:75 - [STDERR_REDIRECT] 
2025-12-18 21:12:21,538 [ERROR] LogOutputStream:75 - [STDERR_REDIRECT] [Fatal Error] :1:1: Premature end of file.
2025-12-18 21:12:21,538 [ERROR] LogOutputStream:75 - [STDERR_REDIRECT] 
2025-12-18 21:12:22,538 [ERROR] LogOutputStream:75 - [STDERR_REDIRECT] [Fatal Error] :1:1: Premature end of file.
2025-12-18 21:12:22,538 [ERROR] LogOutputStream:75 - [STDERR_REDIRECT] 
2025-12-18 21:12:23,547 [ERROR] LogOutputStream:75 - [STDERR_REDIRECT] [Fatal Error] :1:1: Premature end of file.
2025-12-18 21:12:23,547 [ERROR] LogOutputStream:75 - [STDERR_REDIRECT] 
2025-12-18 21:12:24,538 [ERROR] LogOutputStream:75 - [STDERR_REDIRECT] [Fatal Error] :1:1: Premature end of file.
2025-12-18 21:12:24,538 [ERROR] LogOutputStream:75 - [STDERR_REDIRECT] 
2025-12-18 21:12:25,538 [ERROR] LogOutputStream:75 - [STDERR_REDIRECT] [Fatal Error] :1:1: Premature end of file.
2025-12-18 21:12:25,538 [ERROR] LogOutputStream:75 - [STDERR_REDIRECT] 
2025-12-18 21:12:26,537 [ERROR] LogOutputStream:75 - [STDERR_REDIRECT] [Fatal Error] :1:1: Premature end of file.
2025-12-18 21:12:26,537 [ERROR] LogOutputStream:75 - [STDERR_REDIRECT] 
2025-12-18 21:12:27,548 [ERROR] LogOutputStream:75 - [STDERR_REDIRECT] [Fatal Error] :1:1: Premature end of file.
2025-12-18 21:12:27,548 [ERROR] LogOutputStream:75 - [STDERR_REDIRECT] 
2025-12-18 21:12:28,536 [ERROR] LogOutputStream:75 - [STDERR_REDIRECT] [Fatal Error] :1:1: Premature end of file.
2025-12-18 21:12:28,536 [ERROR] LogOutputStream:75 - [STDERR_REDIRECT] 
2025-12-18 21:12:29,548 [ERROR] LogOutputStream:75 - [STDERR_REDIRECT] [Fatal Error] :1:1: Premature end of file.
2025-12-18 21:12:29,548 [ERROR] LogOutputStream:75 - [STDERR_REDIRECT] 
2025-12-18 21:12:30,537 [ERROR] LogOutputStream:75 - [STDERR_REDIRECT] [Fatal Error] :1:1: Premature end of file.
2025-12-18 21:12:30,537 [ERROR] LogOutputStream:75 - [STDERR_REDIRECT] 
2025-12-18 21:12:31,558 [ERROR] LogOutputStream:75 - [STDERR_REDIRECT] [Fatal Error] :1:1: Premature end of file.
2025-12-18 21:12:31,558 [ERROR] LogOutputStream:75 - [STDERR_REDIRECT] 
2025-12-18 21:12:32,538 [ERROR] LogOutputStream:75 - [STDERR_REDIRECT] [Fatal Error] :1:1: Premature end of file.
2025-12-18 21:12:32,538 [ERROR] LogOutputStream:75 - [STDERR_REDIRECT] 
2025-12-18 21:12:33,564 [ERROR] LogOutputStream:75 - [STDERR_REDIRECT] [Fatal Error] :1:1: Premature end of file.
2025-12-18 21:12:33,564 [ERROR] LogOutputStream:75 - [STDERR_REDIRECT] 
2025-12-18 21:12:34,539 [ERROR] LogOutputStream:75 - [STDERR_REDIRECT] [Fatal Error] :1:1: Premature end of file.
2025-12-18 21:12:34,539 [ERROR] LogOutputStream:75 - [STDERR_REDIRECT] 
2025-12-18 21:12:35,535 [ERROR] LogOutputStream:75 - [STDERR_REDIRECT] [Fatal Error] :1:1: Premature end of file.
2025-12-18 21:12:35,535 [ERROR] LogOutputStream:75 - [STDERR_REDIRECT] 
2025-12-18 21:12:36,564 [ERROR] LogOutputStream:75 - [STDERR_REDIRECT] [Fatal Error] :1:1: Premature end of file.
2025-12-18 21:12:36,564 [ERROR] LogOutputStream:75 - [STDERR_REDIRECT] 
2025-12-18 21:12:37,539 [ERROR] LogOutputStream:75 - [STDERR_REDIRECT] [Fatal Error] :1:1: Premature end of file.
2025-12-18 21:12:37,539 [ERROR] LogOutputStream:75 - [STDERR_REDIRECT] 
2025-12-18 21:12:38,538 [ERROR] LogOutputStream:75 - [STDERR_REDIRECT] [Fatal Error] :1:1: Premature end of file.
2025-12-18 21:12:38,538 [ERROR] LogOutputStream:75 - [STDERR_REDIRECT] 
2025-12-18 21:12:39,538 [ERROR] LogOutputStream:75 - [STDERR_REDIRECT] [Fatal Error] :1:1: Premature end of file.
2025-12-18 21:12:39,538 [ERROR] LogOutputStream:75 - [STDERR_REDIRECT] 
2025-12-18 21:12:40,556 [ERROR] LogOutputStream:75 - [STDERR_REDIRECT] [Fatal Error] :1:1: Premature end of file.
2025-12-18 21:12:40,556 [ERROR] LogOutputStream:75 - [STDERR_REDIRECT] 
2025-12-18 21:12:41,556 [ERROR] LogOutputStream:75 - [STDERR_REDIRECT] [Fatal Error] :1:1: Premature end of file.
2025-12-18 21:12:41,556 [ERROR] LogOutputStream:75 - [STDERR_REDIRECT] 
2025-12-18 21:12:42,539 [ERROR] LogOutputStream:75 - [STDERR_REDIRECT] [Fatal Error] :1:1: Premature end of file.
2025-12-18 21:12:42,539 [ERROR] LogOutputStream:75 - [STDERR_REDIRECT] 
2025-12-18 21:12:43,535 [ERROR] LogOutputStream:75 - [STDERR_REDIRECT] [Fatal Error] :1:1: Premature end of file.
2025-12-18 21:12:43,535 [ERROR] LogOutputStream:75 - [STDERR_REDIRECT] 
2025-12-18 21:12:44,558 [ERROR] LogOutputStream:75 - [STDERR_REDIRECT] [Fatal Error] :1:1: Premature end of file.
2025-12-18 21:12:44,558 [ERROR] LogOutputStream:75 - [STDERR_REDIRECT] 
2025-12-18 21:12:45,557 [ERROR] LogOutputStream:75 - [STDERR_REDIRECT] [Fatal Error] :1:1: Premature end of file.
2025-12-18 21:12:45,557 [ERROR] LogOutputStream:75 - [STDERR_REDIRECT] 
2025-12-18 21:12:46,548 [ERROR] LogOutputStream:75 - [STDERR_REDIRECT] [Fatal Error] :1:1: Premature end of file.
2025-12-18 21:12:46,548 [ERROR] LogOutputStream:75 - [STDERR_REDIRECT] 
2025-12-18 21:12:47,546 [ERROR] LogOutputStream:75 - [STDERR_REDIRECT] [Fatal Error] :1:1: Premature end of file.
2025-12-18 21:12:47,546 [ERROR] LogOutputStream:75 - [STDERR_REDIRECT] 
2025-12-18 21:12:48,540 [ERROR] LogOutputStream:75 - [STDERR_REDIRECT] [Fatal Error] :1:1: Premature end of file.
2025-12-18 21:12:48,540 [ERROR] LogOutputStream:75 - [STDERR_REDIRECT] 
2025-12-18 21:12:49,548 [ERROR] LogOutputStream:75 - [STDERR_REDIRECT] [Fatal Error] :1:1: Premature end of file.
2025-12-18 21:12:49,548 [ERROR] LogOutputStream:75 - [STDERR_REDIRECT] 
2025-12-18 21:12:50,542 [ERROR] LogOutputStream:75 - [STDERR_REDIRECT] [Fatal Error] :1:1: Premature end of file.
2025-12-18 21:12:50,542 [ERROR] LogOutputStream:75 - [STDERR_REDIRECT] 
2025-12-18 21:12:51,550 [ERROR] LogOutputStream:75 - [STDERR_REDIRECT] [Fatal Error] :1:1: Premature end of file.
2025-12-18 21:12:51,550 [ERROR] LogOutputStream:75 - [STDERR_REDIRECT] 
2025-12-18 21:12:52,555 [ERROR] LogOutputStream:75 - [STDERR_REDIRECT] [Fatal Error] :1:1: Premature end of file.
2025-12-18 21:12:52,555 [ERROR] LogOutputStream:75 - [STDERR_REDIRECT] 
2025-12-18 21:12:53,537 [ERROR] LogOutputStream:75 - [STDERR_REDIRECT] [Fatal Error] :1:1: Premature end of file.
2025-12-18 21:12:53,537 [ERROR] LogOutputStream:75 - [STDERR_REDIRECT] 
2025-12-18 21:12:54,539 [ERROR] LogOutputStream:75 - [STDERR_REDIRECT] [Fatal Error] :1:1: Premature end of file.
2025-12-18 21:12:54,539 [ERROR] LogOutputStream:75 - [STDERR_REDIRECT] 
2025-12-18 21:12:55,538 [ERROR] LogOutputStream:75 - [STDERR_REDIRECT] [Fatal Error] :1:1: Premature end of file.
2025-12-18 21:12:55,538 [ERROR] LogOutputStream:75 - [STDERR_REDIRECT] 
2025-12-18 21:12:56,556 [ERROR] LogOutputStream:75 - [STDERR_REDIRECT] [Fatal Error] :1:1: Premature end of file.
2025-12-18 21:12:56,556 [ERROR] LogOutputStream:75 - [STDERR_REDIRECT] 
2025-12-18 21:12:57,547 [ERROR] LogOutputStream:75 - [STDERR_REDIRECT] [Fatal Error] :1:1: Premature end of file.
2025-12-18 21:12:57,547 [ERROR] LogOutputStream:75 - [STDERR_REDIRECT] 
2025-12-18 21:12:58,539 [ERROR] LogOutputStream:75 - [STDERR_REDIRECT] [Fatal Error] :1:1: Premature end of file.
2025-12-18 21:12:58,539 [ERROR] LogOutputStream:75 - [STDERR_REDIRECT] 
2025-12-18 21:12:59,556 [ERROR] LogOutputStream:75 - [STDERR_REDIRECT] [Fatal Error] :1:1: Premature end of file.
2025-12-18 21:12:59,556 [ERROR] LogOutputStream:75 - [STDERR_REDIRECT] 
2025-12-18 21:13:00,538 [ERROR] LogOutputStream:75 - [STDERR_REDIRECT] [Fatal Error] :1:1: Premature end of file.
2025-12-18 21:13:00,538 [ERROR] LogOutputStream:75 - [STDERR_REDIRECT] 
2025-12-18 21:13:01,546 [ERROR] LogOutputStream:75 - [STDERR_REDIRECT] [Fatal Error] :1:1: Premature end of file.
2025-12-18 21:13:01,546 [ERROR] LogOutputStream:75 - [STDERR_REDIRECT] 
2025-12-18 21:13:02,548 [ERROR] LogOutputStream:75 - [STDERR_REDIRECT] [Fatal Error] :1:1: Premature end of file.
2025-12-18 21:13:02,548 [ERROR] LogOutputStream:75 - [STDERR_REDIRECT] 
2025-12-18 21:13:03,548 [ERROR] LogOutputStream:75 - [STDERR_REDIRECT] [Fatal Error] :1:1: Premature end of file.
2025-12-18 21:13:03,548 [ERROR] LogOutputStream:75 - [STDERR_REDIRECT] 
2025-12-18 21:13:04,548 [ERROR] LogOutputStream:75 - [STDERR_REDIRECT] [Fatal Error] :1:1: Premature end of file.
2025-12-18 21:13:04,548 [ERROR] LogOutputStream:75 - [STDERR_REDIRECT] 
2025-12-18 21:13:05,539 [ERROR] LogOutputStream:75 - [STDERR_REDIRECT] [Fatal Error] :1:1: Premature end of file.
2025-12-18 21:13:05,539 [ERROR] LogOutputStream:75 - [STDERR_REDIRECT] 
2025-12-18 21:13:06,537 [ERROR] LogOutputStream:75 - [STDERR_REDIRECT] [Fatal Error] :1:1: Premature end of file.
2025-12-18 21:13:06,537 [ERROR] LogOutputStream:75 - [STDERR_REDIRECT] 
2025-12-18 21:13:07,538 [ERROR] LogOutputStream:75 - [STDERR_REDIRECT] [Fatal Error] :1:1: Premature end of file.
2025-12-18 21:13:07,538 [ERROR] LogOutputStream:75 - [STDERR_REDIRECT] 
2025-12-18 21:13:08,536 [ERROR] LogOutputStream:75 - [STDERR_REDIRECT] [Fatal Error] :1:1: Premature end of file.
2025-12-18 21:13:08,536 [ERROR] LogOutputStream:75 - [STDERR_REDIRECT] 
2025-12-18 21:13:09,528 [ERROR] LogOutputStream:75 - [STDERR_REDIRECT] [Fatal Error] :1:1: Premature end of file.
2025-12-18 21:13:09,528 [ERROR] LogOutputStream:75 - [STDERR_REDIRECT] 
2025-12-18 21:13:10,538 [ERROR] LogOutputStream:75 - [STDERR_REDIRECT] [Fatal Error] :1:1: Premature end of file.
2025-12-18 21:13:10,538 [ERROR] LogOutputStream:75 - [STDERR_REDIRECT] 
2025-12-18 21:13:11,537 [ERROR] LogOutputStream:75 - [STDERR_REDIRECT] [Fatal Error] :1:1: Premature end of file.
2025-12-18 21:13:11,537 [ERROR] LogOutputStream:75 - [STDERR_REDIRECT] 
2025-12-18 21:13:12,537 [ERROR] LogOutputStream:75 - [STDERR_REDIRECT] [Fatal Error] :1:1: Premature end of file.
2025-12-18 21:13:12,537 [ERROR] LogOutputStream:75 - [STDERR_REDIRECT] 
2025-12-18 21:13:13,538 [ERROR] LogOutputStream:75 - [STDERR_REDIRECT] [Fatal Error] :1:1: Premature end of file.
2025-12-18 21:13:13,538 [ERROR] LogOutputStream:75 - [STDERR_REDIRECT] 
2025-12-18 21:13:14,536 [ERROR] LogOutputStream:75 - [STDERR_REDIRECT] [Fatal Error] :1:1: Premature end of file.
2025-12-18 21:13:14,536 [ERROR] LogOutputStream:75 - [STDERR_REDIRECT] 
2025-12-18 21:13:15,537 [ERROR] LogOutputStream:75 - [STDERR_REDIRECT] [Fatal Error] :1:1: Premature end of file.
2025-12-18 21:13:15,538 [ERROR] LogOutputStream:75 - [STDERR_REDIRECT] 
2025-12-18 21:13:16,533 [ERROR] LogOutputStream:75 - [STDERR_REDIRECT] [Fatal Error] :1:1: Premature end of file.
2025-12-18 21:13:16,533 [ERROR] LogOutputStream:75 - [STDERR_REDIRECT] 
2025-12-18 21:13:17,540 [ERROR] LogOutputStream:75 - [STDERR_REDIRECT] [Fatal Error] :1:1: Premature end of file.
2025-12-18 21:13:17,540 [ERROR] LogOutputStream:75 - [STDERR_REDIRECT] 
2025-12-18 21:13:18,531 [ERROR] LogOutputStream:75 - [STDERR_REDIRECT] [Fatal Error] :1:1: Premature end of file.
2025-12-18 21:13:18,531 [ERROR] LogOutputStream:75 - [STDERR_REDIRECT] 
2025-12-18 21:13:19,530 [ERROR] LogOutputStream:75 - [STDERR_REDIRECT] [Fatal Error] :1:1: Premature end of file.
2025-12-18 21:13:19,530 [ERROR] LogOutputStream:75 - [STDERR_REDIRECT] 
2025-12-18 21:13:20,530 [ERROR] LogOutputStream:75 - [STDERR_REDIRECT] [Fatal Error] :1:1: Premature end of file.
2025-12-18 21:13:20,530 [ERROR] LogOutputStream:75 - [STDERR_REDIRECT] 
2025-12-18 21:13:21,527 [ERROR] LogOutputStream:75 - [STDERR_REDIRECT] [Fatal Error] :1:1: Premature end of file.
2025-12-18 21:13:21,527 [ERROR] LogOutputStream:75 - [STDERR_REDIRECT] 
2025-12-18 21:13:22,543 [ERROR] LogOutputStream:75 - [STDERR_REDIRECT] [Fatal Error] :1:1: Premature end of file.
2025-12-18 21:13:22,543 [ERROR] LogOutputStream:75 - [STDERR_REDIRECT] 
2025-12-18 21:13:23,530 [ERROR] LogOutputStream:75 - [STDERR_REDIRECT] [Fatal Error] :1:1: Premature end of file.
2025-12-18 21:13:23,530 [ERROR] LogOutputStream:75 - [STDERR_REDIRECT] 
2025-12-18 21:13:24,560 [ERROR] LogOutputStream:75 - [STDERR_REDIRECT] [Fatal Error] :1:1: Premature end of file.
2025-12-18 21:13:24,560 [ERROR] LogOutputStream:75 - [STDERR_REDIRECT] 
2025-12-18 21:13:25,538 [ERROR] LogOutputStream:75 - [STDERR_REDIRECT] [Fatal Error] :1:1: Premature end of file.
2025-12-18 21:13:25,538 [ERROR] LogOutputStream:75 - [STDERR_REDIRECT] 
2025-12-18 21:13:26,539 [ERROR] LogOutputStream:75 - [STDERR_REDIRECT] [Fatal Error] :1:1: Premature end of file.
2025-12-18 21:13:26,539 [ERROR] LogOutputStream:75 - [STDERR_REDIRECT] 
2025-12-18 21:13:27,537 [ERROR] LogOutputStream:75 - [STDERR_REDIRECT] [Fatal Error] :1:1: Premature end of file.
2025-12-18 21:13:27,537 [ERROR] LogOutputStream:75 - [STDERR_REDIRECT] 
2025-12-18 21:13:28,540 [ERROR] LogOutputStream:75 - [STDERR_REDIRECT] [Fatal Error] :1:1: Premature end of file.
2025-12-18 21:13:28,540 [ERROR] LogOutputStream:75 - [STDERR_REDIRECT] 
2025-12-18 21:13:29,561 [ERROR] LogOutputStream:75 - [STDERR_REDIRECT] [Fatal Error] :1:1: Premature end of file.
2025-12-18 21:13:29,561 [ERROR] LogOutputStream:75 - [STDERR_REDIRECT] 
2025-12-18 21:13:30,559 [ERROR] LogOutputStream:75 - [STDERR_REDIRECT] [Fatal Error] :1:1: Premature end of file.
2025-12-18 21:13:30,559 [ERROR] LogOutputStream:75 - [STDERR_REDIRECT] 
2025-12-18 21:13:31,551 [ERROR] LogOutputStream:75 - [STDERR_REDIRECT] [Fatal Error] :1:1: Premature end of file.
2025-12-18 21:13:31,551 [ERROR] LogOutputStream:75 - [STDERR_REDIRECT] 
2025-12-18 21:13:32,558 [ERROR] LogOutputStream:75 - [STDERR_REDIRECT] [Fatal Error] :1:1: Premature end of file.
2025-12-18 21:13:32,558 [ERROR] LogOutputStream:75 - [STDERR_REDIRECT] 
2025-12-18 21:13:33,546 [ERROR] LogOutputStream:75 - [STDERR_REDIRECT] [Fatal Error] :1:1: Premature end of file.
2025-12-18 21:13:33,546 [ERROR] LogOutputStream:75 - [STDERR_REDIRECT] 
2025-12-18 21:13:34,546 [ERROR] LogOutputStream:75 - [STDERR_REDIRECT] [Fatal Error] :1:1: Premature end of file.
2025-12-18 21:13:34,546 [ERROR] LogOutputStream:75 - [STDERR_REDIRECT] 
2025-12-18 21:13:35,562 [ERROR] LogOutputStream:75 - [STDERR_REDIRECT] [Fatal Error] :1:1: Premature end of file.
2025-12-18 21:13:35,562 [ERROR] LogOutputStream:75 - [STDERR_REDIRECT] 
2025-12-18 21:13:36,547 [ERROR] LogOutputStream:75 - [STDERR_REDIRECT] [Fatal Error] :1:1: Premature end of file.
2025-12-18 21:13:36,547 [ERROR] LogOutputStream:75 - [STDERR_REDIRECT] 
2025-12-18 21:13:37,537 [ERROR] LogOutputStream:75 - [STDERR_REDIRECT] [Fatal Error] :1:1: Premature end of file.
2025-12-18 21:13:37,537 [ERROR] LogOutputStream:75 - [STDERR_REDIRECT] 
2025-12-18 21:13:38,538 [ERROR] LogOutputStream:75 - [STDERR_REDIRECT] [Fatal Error] :1:1: Premature end of file.
2025-12-18 21:13:38,538 [ERROR] LogOutputStream:75 - [STDERR_REDIRECT] 
2025-12-18 21:13:39,560 [ERROR] LogOutputStream:75 - [STDERR_REDIRECT] [Fatal Error] :1:1: Premature end of file.
2025-12-18 21:13:39,560 [ERROR] LogOutputStream:75 - [STDERR_REDIRECT] 
2025-12-18 21:13:40,538 [ERROR] LogOutputStream:75 - [STDERR_REDIRECT] [Fatal Error] :1:1: Premature end of file.
2025-12-18 21:13:40,538 [ERROR] LogOutputStream:75 - [STDERR_REDIRECT] 
2025-12-18 21:13:41,546 [ERROR] LogOutputStream:75 - [STDERR_REDIRECT] [Fatal Error] :1:1: Premature end of file.
2025-12-18 21:13:41,546 [ERROR] LogOutputStream:75 - [STDERR_REDIRECT] 
2025-12-18 21:13:42,556 [ERROR] LogOutputStream:75 - [STDERR_REDIRECT] [Fatal Error] :1:1: Premature end of file.
2025-12-18 21:13:42,556 [ERROR] LogOutputStream:75 - [STDERR_REDIRECT] 
2025-12-18 21:13:43,548 [ERROR] LogOutputStream:75 - [STDERR_REDIRECT] [Fatal Error] :1:1: Premature end of file.
2025-12-18 21:13:43,548 [ERROR] LogOutputStream:75 - [STDERR_REDIRECT] 
2025-12-18 21:13:44,534 [ERROR] LogOutputStream:75 - [STDERR_REDIRECT] [Fatal Error] :1:1: Premature end of file.
2025-12-18 21:13:44,534 [ERROR] LogOutputStream:75 - [STDERR_REDIRECT] 
2025-12-18 21:13:45,537 [ERROR] LogOutputStream:75 - [STDERR_REDIRECT] [Fatal Error] :1:1: Premature end of file.
2025-12-18 21:13:45,537 [ERROR] LogOutputStream:75 - [STDERR_REDIRECT] 
2025-12-18 21:13:46,538 [ERROR] LogOutputStream:75 - [STDERR_REDIRECT] [Fatal Error] :1:1: Premature end of file.
2025-12-18 21:13:46,538 [ERROR] LogOutputStream:75 - [STDERR_REDIRECT] 
2025-12-18 21:13:47,537 [ERROR] LogOutputStream:75 - [STDERR_REDIRECT] [Fatal Error] :1:1: Premature end of file.
2025-12-18 21:13:47,538 [ERROR] LogOutputStream:75 - [STDERR_REDIRECT] 
2025-12-18 21:13:48,536 [ERROR] LogOutputStream:75 - [STDERR_REDIRECT] [Fatal Error] :1:1: Premature end of file.
2025-12-18 21:13:48,536 [ERROR] LogOutputStream:75 - [STDERR_REDIRECT] 
2025-12-18 21:13:49,536 [ERROR] LogOutputStream:75 - [STDERR_REDIRECT] [Fatal Error] :1:1: Premature end of file.
2025-12-18 21:13:49,536 [ERROR] LogOutputStream:75 - [STDERR_REDIRECT] 
2025-12-18 21:13:50,534 [ERROR] LogOutputStream:75 - [STDERR_REDIRECT] [Fatal Error] :1:1: Premature end of file.
2025-12-18 21:13:50,534 [ERROR] LogOutputStream:75 - [STDERR_REDIRECT] 
2025-12-18 21:13:51,538 [ERROR] LogOutputStream:75 - [STDERR_REDIRECT] [Fatal Error] :1:1: Premature end of file.
2025-12-18 21:13:51,538 [ERROR] LogOutputStream:75 - [STDERR_REDIRECT] 
2025-12-18 21:13:52,559 [ERROR] LogOutputStream:75 - [STDERR_REDIRECT] [Fatal Error] :1:1: Premature end of file.
2025-12-18 21:13:52,559 [ERROR] LogOutputStream:75 - [STDERR_REDIRECT] 
2025-12-18 21:13:53,554 [ERROR] LogOutputStream:75 - [STDERR_REDIRECT] [Fatal Error] :1:1: Premature end of file.
2025-12-18 21:13:53,554 [ERROR] LogOutputStream:75 - [STDERR_REDIRECT] 
2025-12-18 21:13:54,557 [ERROR] LogOutputStream:75 - [STDERR_REDIRECT] [Fatal Error] :1:1: Premature end of file.
2025-12-18 21:13:54,557 [ERROR] LogOutputStream:75 - [STDERR_REDIRECT] 
2025-12-18 21:13:55,537 [ERROR] LogOutputStream:75 - [STDERR_REDIRECT] [Fatal Error] :1:1: Premature end of file.
2025-12-18 21:13:55,537 [ERROR] LogOutputStream:75 - [STDERR_REDIRECT] 
2025-12-18 21:13:56,544 [ERROR] LogOutputStream:75 - [STDERR_REDIRECT] [Fatal Error] :1:1: Premature end of file.
2025-12-18 21:13:56,544 [ERROR] LogOutputStream:75 - [STDERR_REDIRECT] 
2025-12-18 21:13:57,538 [ERROR] LogOutputStream:75 - [STDERR_REDIRECT] [Fatal Error] :1:1: Premature end of file.
2025-12-18 21:13:57,539 [ERROR] LogOutputStream:75 - [STDERR_REDIRECT] 
2025-12-18 21:13:58,541 [ERROR] LogOutputStream:75 - [STDERR_REDIRECT] [Fatal Error] :1:1: Premature end of file.
2025-12-18 21:13:58,541 [ERROR] LogOutputStream:75 - [STDERR_REDIRECT] 
2025-12-18 21:13:59,549 [ERROR] LogOutputStream:75 - [STDERR_REDIRECT] [Fatal Error] :1:1: Premature end of file.
2025-12-18 21:13:59,549 [ERROR] LogOutputStream:75 - [STDERR_REDIRECT] 
2025-12-18 21:14:00,538 [ERROR] LogOutputStream:75 - [STDERR_REDIRECT] [Fatal Error] :1:1: Premature end of file.
2025-12-18 21:14:00,538 [ERROR] LogOutputStream:75 - [STDERR_REDIRECT] 
2025-12-18 21:14:01,547 [ERROR] LogOutputStream:75 - [STDERR_REDIRECT] [Fatal Error] :1:1: Premature end of file.
2025-12-18 21:14:01,548 [ERROR] LogOutputStream:75 - [STDERR_REDIRECT] 
2025-12-18 21:14:02,539 [ERROR] LogOutputStream:75 - [STDERR_REDIRECT] [Fatal Error] :1:1: Premature end of file.
2025-12-18 21:14:02,539 [ERROR] LogOutputStream:75 - [STDERR_REDIRECT] 
2025-12-18 21:14:03,538 [ERROR] LogOutputStream:75 - [STDERR_REDIRECT] [Fatal Error] :1:1: Premature end of file.
2025-12-18 21:14:03,538 [ERROR] LogOutputStream:75 - [STDERR_REDIRECT] 
2025-12-18 21:14:04,549 [ERROR] LogOutputStream:75 - [STDERR_REDIRECT] [Fatal Error] :1:1: Premature end of file.
2025-12-18 21:14:04,549 [ERROR] LogOutputStream:75 - [STDERR_REDIRECT] 
2025-12-18 21:14:05,546 [ERROR] LogOutputStream:75 - [STDERR_REDIRECT] [Fatal Error] :1:1: Premature end of file.
2025-12-18 21:14:05,546 [ERROR] LogOutputStream:75 - [STDERR_REDIRECT] 
2025-12-18 21:14:06,555 [ERROR] LogOutputStream:75 - [STDERR_REDIRECT] [Fatal Error] :1:1: Premature end of file.
2025-12-18 21:14:06,555 [ERROR] LogOutputStream:75 - [STDERR_REDIRECT] 
2025-12-18 21:14:07,552 [ERROR] LogOutputStream:75 - [STDERR_REDIRECT] [Fatal Error] :1:1: Premature end of file.
2025-12-18 21:14:07,552 [ERROR] LogOutputStream:75 - [STDERR_REDIRECT] 
2025-12-18 21:14:08,539 [ERROR] LogOutputStream:75 - [STDERR_REDIRECT] [Fatal Error] :1:1: Premature end of file.
2025-12-18 21:14:08,539 [ERROR] LogOutputStream:75 - [STDERR_REDIRECT] 
2025-12-18 21:14:09,538 [ERROR] LogOutputStream:75 - [STDERR_REDIRECT] [Fatal Error] :1:1: Premature end of file.
2025-12-18 21:14:09,538 [ERROR] LogOutputStream:75 - [STDERR_REDIRECT] 
2025-12-18 21:14:10,536 [ERROR] LogOutputStream:75 - [STDERR_REDIRECT] [Fatal Error] :1:1: Premature end of file.
2025-12-18 21:14:10,536 [ERROR] LogOutputStream:75 - [STDERR_REDIRECT] 
2025-12-18 21:14:11,544 [ERROR] LogOutputStream:75 - [STDERR_REDIRECT] [Fatal Error] :1:1: Premature end of file.
2025-12-18 21:14:11,544 [ERROR] LogOutputStream:75 - [STDERR_REDIRECT] 
2025-12-18 21:14:12,528 [ERROR] LogOutputStream:75 - [STDERR_REDIRECT] [Fatal Error] :1:1: Premature end of file.
2025-12-18 21:14:12,528 [ERROR] LogOutputStream:75 - [STDERR_REDIRECT] 
2025-12-18 21:14:13,538 [ERROR] LogOutputStream:75 - [STDERR_REDIRECT] [Fatal Error] :1:1: Premature end of file.
2025-12-18 21:14:13,538 [ERROR] LogOutputStream:75 - [STDERR_REDIRECT] 
2025-12-18 21:14:14,538 [ERROR] LogOutputStream:75 - [STDERR_REDIRECT] [Fatal Error] :1:1: Premature end of file.
2025-12-18 21:14:14,538 [ERROR] LogOutputStream:75 - [STDERR_REDIRECT] 
2025-12-18 21:14:15,556 [ERROR] LogOutputStream:75 - [STDERR_REDIRECT] [Fatal Error] :1:1: Premature end of file.
2025-12-18 21:14:15,556 [ERROR] LogOutputStream:75 - [STDERR_REDIRECT] 
2025-12-18 21:14:16,552 [ERROR] LogOutputStream:75 - [STDERR_REDIRECT] [Fatal Error] :1:1: Premature end of file.
2025-12-18 21:14:16,553 [ERROR] LogOutputStream:75 - [STDERR_REDIRECT] 
2025-12-18 21:14:17,547 [ERROR] LogOutputStream:75 - [STDERR_REDIRECT] [Fatal Error] :1:1: Premature end of file.
2025-12-18 21:14:17,547 [ERROR] LogOutputStream:75 - [STDERR_REDIRECT] 
2025-12-18 21:14:18,534 [ERROR] LogOutputStream:75 - [STDERR_REDIRECT] [Fatal Error] :1:1: Premature end of file.
2025-12-18 21:14:18,534 [ERROR] LogOutputStream:75 - [STDERR_REDIRECT] 
2025-12-18 21:14:19,537 [ERROR] LogOutputStream:75 - [STDERR_REDIRECT] [Fatal Error] :1:1: Premature end of file.
2025-12-18 21:14:19,537 [ERROR] LogOutputStream:75 - [STDERR_REDIRECT] 
2025-12-18 21:14:20,554 [ERROR] LogOutputStream:75 - [STDERR_REDIRECT] [Fatal Error] :1:1: Premature end of file.
2025-12-18 21:14:20,554 [ERROR] LogOutputStream:75 - [STDERR_REDIRECT] 
2025-12-18 21:14:21,537 [ERROR] LogOutputStream:75 - [STDERR_REDIRECT] [Fatal Error] :1:1: Premature end of file.
2025-12-18 21:14:21,537 [ERROR] LogOutputStream:75 - [STDERR_REDIRECT] 
2025-12-18 21:14:22,538 [ERROR] LogOutputStream:75 - [STDERR_REDIRECT] [Fatal Error] :1:1: Premature end of file.
2025-12-18 21:14:22,538 [ERROR] LogOutputStream:75 - [STDERR_REDIRECT] 
2025-12-18 21:14:23,537 [ERROR] LogOutputStream:75 - [STDERR_REDIRECT] [Fatal Error] :1:1: Premature end of file.
2025-12-18 21:14:23,537 [ERROR] LogOutputStream:75 - [STDERR_REDIRECT] 
2025-12-18 21:14:24,539 [ERROR] LogOutputStream:75 - [STDERR_REDIRECT] [Fatal Error] :1:1: Premature end of file.
2025-12-18 21:14:24,539 [ERROR] LogOutputStream:75 - [STDERR_REDIRECT] 
2025-12-18 21:14:25,537 [ERROR] LogOutputStream:75 - [STDERR_REDIRECT] [Fatal Error] :1:1: Premature end of file.
2025-12-18 21:14:25,537 [ERROR] LogOutputStream:75 - [STDERR_REDIRECT] 
2025-12-18 21:14:26,536 [ERROR] LogOutputStream:75 - [STDERR_REDIRECT] [Fatal Error] :1:1: Premature end of file.
2025-12-18 21:14:26,536 [ERROR] LogOutputStream:75 - [STDERR_REDIRECT] 
2025-12-18 21:14:27,537 [ERROR] LogOutputStream:75 - [STDERR_REDIRECT] [Fatal Error] :1:1: Premature end of file.
2025-12-18 21:14:27,537 [ERROR] LogOutputStream:75 - [STDERR_REDIRECT] 
2025-12-18 21:14:28,547 [ERROR] LogOutputStream:75 - [STDERR_REDIRECT] [Fatal Error] :1:1: Premature end of file.
2025-12-18 21:14:28,547 [ERROR] LogOutputStream:75 - [STDERR_REDIRECT] 
2025-12-18 21:14:29,547 [ERROR] LogOutputStream:75 - [STDERR_REDIRECT] [Fatal Error] :1:1: Premature end of file.
2025-12-18 21:14:29,547 [ERROR] LogOutputStream:75 - [STDERR_REDIRECT] 
2025-12-18 21:14:30,536 [ERROR] LogOutputStream:75 - [STDERR_REDIRECT] [Fatal Error] :1:1: Premature end of file.
2025-12-18 21:14:30,536 [ERROR] LogOutputStream:75 - [STDERR_REDIRECT] 
2025-12-18 21:14:31,540 [ERROR] LogOutputStream:75 - [STDERR_REDIRECT] [Fatal Error] :1:1: Premature end of file.
2025-12-18 21:14:31,540 [ERROR] LogOutputStream:75 - [STDERR_REDIRECT] 
2025-12-18 21:14:32,546 [ERROR] LogOutputStream:75 - [STDERR_REDIRECT] [Fatal Error] :1:1: Premature end of file.
2025-12-18 21:14:32,546 [ERROR] LogOutputStream:75 - [STDERR_REDIRECT] 
2025-12-18 21:14:33,563 [ERROR] LogOutputStream:75 - [STDERR_REDIRECT] [Fatal Error] :1:1: Premature end of file.
2025-12-18 21:14:33,563 [ERROR] LogOutputStream:75 - [STDERR_REDIRECT] 
2025-12-18 21:14:34,541 [ERROR] LogOutputStream:75 - [STDERR_REDIRECT] [Fatal Error] :1:1: Premature end of file.
2025-12-18 21:14:34,541 [ERROR] LogOutputStream:75 - [STDERR_REDIRECT] 
2025-12-18 21:14:35,546 [ERROR] LogOutputStream:75 - [STDERR_REDIRECT] [Fatal Error] :1:1: Premature end of file.
2025-12-18 21:14:35,546 [ERROR] LogOutputStream:75 - [STDERR_REDIRECT] 
2025-12-18 21:14:36,538 [ERROR] LogOutputStream:75 - [STDERR_REDIRECT] [Fatal Error] :1:1: Premature end of file.
2025-12-18 21:14:36,538 [ERROR] LogOutputStream:75 - [STDERR_REDIRECT] 
2025-12-18 21:14:37,547 [ERROR] LogOutputStream:75 - [STDERR_REDIRECT] [Fatal Error] :1:1: Premature end of file.
2025-12-18 21:14:37,547 [ERROR] LogOutputStream:75 - [STDERR_REDIRECT] 
2025-12-18 21:14:38,538 [ERROR] LogOutputStream:75 - [STDERR_REDIRECT] [Fatal Error] :1:1: Premature end of file.
2025-12-18 21:14:38,538 [ERROR] LogOutputStream:75 - [STDERR_REDIRECT] 
2025-12-18 21:14:39,538 [ERROR] LogOutputStream:75 - [STDERR_REDIRECT] [Fatal Error] :1:1: Premature end of file.
2025-12-18 21:14:39,538 [ERROR] LogOutputStream:75 - [STDERR_REDIRECT] 
2025-12-18 21:14:40,542 [ERROR] LogOutputStream:75 - [STDERR_REDIRECT] [Fatal Error] :1:1: Premature end of file.
2025-12-18 21:14:40,542 [ERROR] LogOutputStream:75 - [STDERR_REDIRECT] 
2025-12-18 21:14:41,548 [ERROR] LogOutputStream:75 - [STDERR_REDIRECT] [Fatal Error] :1:1: Premature end of file.
2025-12-18 21:14:41,548 [ERROR] LogOutputStream:75 - [STDERR_REDIRECT] 
2025-12-18 21:14:42,539 [ERROR] LogOutputStream:75 - [STDERR_REDIRECT] [Fatal Error] :1:1: Premature end of file.
2025-12-18 21:14:42,539 [ERROR] LogOutputStream:75 - [STDERR_REDIRECT] 
2025-12-18 21:14:43,536 [ERROR] LogOutputStream:75 - [STDERR_REDIRECT] [Fatal Error] :1:1: Premature end of file.
2025-12-18 21:14:43,536 [ERROR] LogOutputStream:75 - [STDERR_REDIRECT] 
2025-12-18 21:14:44,537 [ERROR] LogOutputStream:75 - [STDERR_REDIRECT] [Fatal Error] :1:1: Premature end of file.
2025-12-18 21:14:44,537 [ERROR] LogOutputStream:75 - [STDERR_REDIRECT] 
2025-12-18 21:14:45,539 [ERROR] LogOutputStream:75 - [STDERR_REDIRECT] [Fatal Error] :1:1: Premature end of file.
2025-12-18 21:14:45,540 [ERROR] LogOutputStream:75 - [STDERR_REDIRECT] 
2025-12-18 21:14:46,539 [ERROR] LogOutputStream:75 - [STDERR_REDIRECT] [Fatal Error] :1:1: Premature end of file.
2025-12-18 21:14:46,539 [ERROR] LogOutputStream:75 - [STDERR_REDIRECT] 
2025-12-18 21:14:47,538 [ERROR] LogOutputStream:75 - [STDERR_REDIRECT] [Fatal Error] :1:1: Premature end of file.
2025-12-18 21:14:47,538 [ERROR] LogOutputStream:75 - [STDERR_REDIRECT] 
2025-12-18 21:14:48,539 [ERROR] LogOutputStream:75 - [STDERR_REDIRECT] [Fatal Error] :1:1: Premature end of file.
2025-12-18 21:14:48,539 [ERROR] LogOutputStream:75 - [STDERR_REDIRECT] 
2025-12-18 21:14:49,533 [ERROR] LogOutputStream:75 - [STDERR_REDIRECT] [Fatal Error] :1:1: Premature end of file.
2025-12-18 21:14:49,534 [ERROR] LogOutputStream:75 - [STDERR_REDIRECT] 
2025-12-18 21:14:50,538 [ERROR] LogOutputStream:75 - [STDERR_REDIRECT] [Fatal Error] :1:1: Premature end of file.
2025-12-18 21:14:50,538 [ERROR] LogOutputStream:75 - [STDERR_REDIRECT] 
2025-12-18 21:14:51,538 [ERROR] LogOutputStream:75 - [STDERR_REDIRECT] [Fatal Error] :1:1: Premature end of file.
2025-12-18 21:14:51,538 [ERROR] LogOutputStream:75 - [STDERR_REDIRECT] 
2025-12-18 21:14:52,556 [ERROR] LogOutputStream:75 - [STDERR_REDIRECT] [Fatal Error] :1:1: Premature end of file.
2025-12-18 21:14:52,556 [ERROR] LogOutputStream:75 - [STDERR_REDIRECT] 
2025-12-18 21:14:53,538 [ERROR] LogOutputStream:75 - [STDERR_REDIRECT] [Fatal Error] :1:1: Premature end of file.
2025-12-18 21:14:53,538 [ERROR] LogOutputStream:75 - [STDERR_REDIRECT] 
2025-12-18 21:14:54,540 [ERROR] LogOutputStream:75 - [STDERR_REDIRECT] [Fatal Error] :1:1: Premature end of file.
2025-12-18 21:14:54,540 [ERROR] LogOutputStream:75 - [STDERR_REDIRECT] 
2025-12-18 21:14:55,562 [ERROR] LogOutputStream:75 - [STDERR_REDIRECT] [Fatal Error] :1:1: Premature end of file.
2025-12-18 21:14:55,562 [ERROR] LogOutputStream:75 - [STDERR_REDIRECT] 
2025-12-18 21:14:56,539 [ERROR] LogOutputStream:75 - [STDERR_REDIRECT] [Fatal Error] :1:1: Premature end of file.
2025-12-18 21:14:56,539 [ERROR] LogOutputStream:75 - [STDERR_REDIRECT] 
2025-12-18 21:14:57,538 [ERROR] LogOutputStream:75 - [STDERR_REDIRECT] [Fatal Error] :1:1: Premature end of file.
2025-12-18 21:14:57,538 [ERROR] LogOutputStream:75 - [STDERR_REDIRECT] 
2025-12-18 21:14:58,548 [ERROR] LogOutputStream:75 - [STDERR_REDIRECT] [Fatal Error] :1:1: Premature end of file.
2025-12-18 21:14:58,548 [ERROR] LogOutputStream:75 - [STDERR_REDIRECT] 
2025-12-18 21:14:59,539 [ERROR] LogOutputStream:75 - [STDERR_REDIRECT] [Fatal Error] :1:1: Premature end of file.
2025-12-18 21:14:59,539 [ERROR] LogOutputStream:75 - [STDERR_REDIRECT] 
2025-12-18 21:15:00,539 [ERROR] LogOutputStream:75 - [STDERR_REDIRECT] [Fatal Error] :1:1: Premature end of file.
2025-12-18 21:15:00,539 [ERROR] LogOutputStream:75 - [STDERR_REDIRECT] 
2025-12-18 21:15:01,545 [ERROR] LogOutputStream:75 - [STDERR_REDIRECT] [Fatal Error] :1:1: Premature end of file.
2025-12-18 21:15:01,545 [ERROR] LogOutputStream:75 - [STDERR_REDIRECT] 
2025-12-18 21:15:02,538 [ERROR] LogOutputStream:75 - [STDERR_REDIRECT] [Fatal Error] :1:1: Premature end of file.
2025-12-18 21:15:02,538 [ERROR] LogOutputStream:75 - [STDERR_REDIRECT] 
2025-12-18 21:15:03,547 [ERROR] LogOutputStream:75 - [STDERR_REDIRECT] [Fatal Error] :1:1: Premature end of file.
2025-12-18 21:15:03,547 [ERROR] LogOutputStream:75 - [STDERR_REDIRECT] 
2025-12-18 21:15:04,537 [ERROR] LogOutputStream:75 - [STDERR_REDIRECT] [Fatal Error] :1:1: Premature end of file.
2025-12-18 21:15:04,537 [ERROR] LogOutputStream:75 - [STDERR_REDIRECT] 
2025-12-18 21:15:05,536 [ERROR] LogOutputStream:75 - [STDERR_REDIRECT] [Fatal Error] :1:1: Premature end of file.
2025-12-18 21:15:05,536 [ERROR] LogOutputStream:75 - [STDERR_REDIRECT] 
2025-12-18 21:15:06,538 [ERROR] LogOutputStream:75 - [STDERR_REDIRECT] [Fatal Error] :1:1: Premature end of file.
2025-12-18 21:15:06,538 [ERROR] LogOutputStream:75 - [STDERR_REDIRECT] 
2025-12-18 21:15:07,537 [ERROR] LogOutputStream:75 - [STDERR_REDIRECT] [Fatal Error] :1:1: Premature end of file.
2025-12-18 21:15:07,537 [ERROR] LogOutputStream:75 - [STDERR_REDIRECT] 
2025-12-18 21:15:08,538 [ERROR] LogOutputStream:75 - [STDERR_REDIRECT] [Fatal Error] :1:1: Premature end of file.
2025-12-18 21:15:08,538 [ERROR] LogOutputStream:75 - [STDERR_REDIRECT] 
2025-12-18 21:15:09,537 [ERROR] LogOutputStream:75 - [STDERR_REDIRECT] [Fatal Error] :1:1: Premature end of file.
2025-12-18 21:15:09,537 [ERROR] LogOutputStream:75 - [STDERR_REDIRECT] 
2025-12-18 21:15:10,538 [ERROR] LogOutputStream:75 - [STDERR_REDIRECT] [Fatal Error] :1:1: Premature end of file.
2025-12-18 21:15:10,538 [ERROR] LogOutputStream:75 - [STDERR_REDIRECT] 
2025-12-18 21:15:11,548 [ERROR] LogOutputStream:75 - [STDERR_REDIRECT] [Fatal Error] :1:1: Premature end of file.
2025-12-18 21:15:11,548 [ERROR] LogOutputStream:75 - [STDERR_REDIRECT] 
2025-12-18 21:15:12,529 [ERROR] LogOutputStream:75 - [STDERR_REDIRECT] [Fatal Error] :1:1: Premature end of file.
2025-12-18 21:15:12,529 [ERROR] LogOutputStream:75 - [STDERR_REDIRECT] 
2025-12-18 21:15:13,533 [ERROR] LogOutputStream:75 - [STDERR_REDIRECT] [Fatal Error] :1:1: Premature end of file.
2025-12-18 21:15:13,533 [ERROR] LogOutputStream:75 - [STDERR_REDIRECT] 
2025-12-18 21:15:14,540 [ERROR] LogOutputStream:75 - [STDERR_REDIRECT] [Fatal Error] :1:1: Premature end of file.
2025-12-18 21:15:14,540 [ERROR] LogOutputStream:75 - [STDERR_REDIRECT] 
2025-12-18 21:15:15,539 [ERROR] LogOutputStream:75 - [STDERR_REDIRECT] [Fatal Error] :1:1: Premature end of file.
2025-12-18 21:15:15,539 [ERROR] LogOutputStream:75 - [STDERR_REDIRECT] 
2025-12-18 21:15:16,539 [ERROR] LogOutputStream:75 - [STDERR_REDIRECT] [Fatal Error] :1:1: Premature end of file.
2025-12-18 21:15:16,539 [ERROR] LogOutputStream:75 - [STDERR_REDIRECT] 
2025-12-18 21:15:17,541 [ERROR] LogOutputStream:75 - [STDERR_REDIRECT] [Fatal Error] :1:1: Premature end of file.
2025-12-18 21:15:17,541 [ERROR] LogOutputStream:75 - [STDERR_REDIRECT] 
2025-12-18 21:15:18,550 [ERROR] LogOutputStream:75 - [STDERR_REDIRECT] [Fatal Error] :1:1: Premature end of file.
2025-12-18 21:15:18,550 [ERROR] LogOutputStream:75 - [STDERR_REDIRECT] 
2025-12-18 21:15:19,538 [ERROR] LogOutputStream:75 - [STDERR_REDIRECT] [Fatal Error] :1:1: Premature end of file.
2025-12-18 21:15:19,538 [ERROR] LogOutputStream:75 - [STDERR_REDIRECT] 
2025-12-18 21:15:20,539 [ERROR] LogOutputStream:75 - [STDERR_REDIRECT] [Fatal Error] :1:1: Premature end of file.
2025-12-18 21:15:20,539 [ERROR] LogOutputStream:75 - [STDERR_REDIRECT] 
2025-12-18 21:15:21,547 [ERROR] LogOutputStream:75 - [STDERR_REDIRECT] [Fatal Error] :1:1: Premature end of file.
2025-12-18 21:15:21,547 [ERROR] LogOutputStream:75 - [STDERR_REDIRECT] 
2025-12-18 21:15:22,545 [ERROR] LogOutputStream:75 - [STDERR_REDIRECT] [Fatal Error] :1:1: Premature end of file.
2025-12-18 21:15:22,545 [ERROR] LogOutputStream:75 - [STDERR_REDIRECT] 
2025-12-18 21:15:23,555 [ERROR] LogOutputStream:75 - [STDERR_REDIRECT] [Fatal Error] :1:1: Premature end of file.
2025-12-18 21:15:23,555 [ERROR] LogOutputStream:75 - [STDERR_REDIRECT] 
2025-12-18 21:15:24,539 [ERROR] LogOutputStream:75 - [STDERR_REDIRECT] [Fatal Error] :1:1: Premature end of file.
2025-12-18 21:15:24,539 [ERROR] LogOutputStream:75 - [STDERR_REDIRECT] 
2025-12-18 21:15:25,538 [ERROR] LogOutputStream:75 - [STDERR_REDIRECT] [Fatal Error] :1:1: Premature end of file.
2025-12-18 21:15:25,538 [ERROR] LogOutputStream:75 - [STDERR_REDIRECT] 
2025-12-18 21:15:26,535 [ERROR] LogOutputStream:75 - [STDERR_REDIRECT] [Fatal Error] :1:1: Premature end of file.
2025-12-18 21:15:26,535 [ERROR] LogOutputStream:75 - [STDERR_REDIRECT] 
2025-12-18 21:15:27,546 [ERROR] LogOutputStream:75 - [STDERR_REDIRECT] [Fatal Error] :1:1: Premature end of file.
2025-12-18 21:15:27,546 [ERROR] LogOutputStream:75 - [STDERR_REDIRECT] 
2025-12-18 21:15:28,537 [ERROR] LogOutputStream:75 - [STDERR_REDIRECT] [Fatal Error] :1:1: Premature end of file.
2025-12-18 21:15:28,537 [ERROR] LogOutputStream:75 - [STDERR_REDIRECT] 
2025-12-18 21:15:29,538 [ERROR] LogOutputStream:75 - [STDERR_REDIRECT] [Fatal Error] :1:1: Premature end of file.
2025-12-18 21:15:29,538 [ERROR] LogOutputStream:75 - [STDERR_REDIRECT] 
2025-12-18 21:15:30,538 [ERROR] LogOutputStream:75 - [STDERR_REDIRECT] [Fatal Error] :1:1: Premature end of file.
2025-12-18 21:15:30,538 [ERROR] LogOutputStream:75 - [STDERR_REDIRECT] 
2025-12-18 21:15:31,554 [ERROR] LogOutputStream:75 - [STDERR_REDIRECT] [Fatal Error] :1:1: Premature end of file.
2025-12-18 21:15:31,554 [ERROR] LogOutputStream:75 - [STDERR_REDIRECT] 
2025-12-18 21:15:32,538 [ERROR] LogOutputStream:75 - [STDERR_REDIRECT] [Fatal Error] :1:1: Premature end of file.
2025-12-18 21:15:32,538 [ERROR] LogOutputStream:75 - [STDERR_REDIRECT] 
2025-12-18 21:15:33,540 [ERROR] LogOutputStream:75 - [STDERR_REDIRECT] [Fatal Error] :1:1: Premature end of file.
2025-12-18 21:15:33,540 [ERROR] LogOutputStream:75 - [STDERR_REDIRECT] 
2025-12-18 21:15:34,539 [ERROR] LogOutputStream:75 - [STDERR_REDIRECT] [Fatal Error] :1:1: Premature end of file.
2025-12-18 21:15:34,539 [ERROR] LogOutputStream:75 - [STDERR_REDIRECT] 
2025-12-18 21:15:35,538 [ERROR] LogOutputStream:75 - [STDERR_REDIRECT] [Fatal Error] :1:1: Premature end of file.
2025-12-18 21:15:35,538 [ERROR] LogOutputStream:75 - [STDERR_REDIRECT] 
2025-12-18 21:15:36,539 [ERROR] LogOutputStream:75 - [STDERR_REDIRECT] [Fatal Error] :1:1: Premature end of file.
2025-12-18 21:15:36,539 [ERROR] LogOutputStream:75 - [STDERR_REDIRECT] 
2025-12-18 21:15:37,538 [ERROR] LogOutputStream:75 - [STDERR_REDIRECT] [Fatal Error] :1:1: Premature end of file.
2025-12-18 21:15:37,538 [ERROR] LogOutputStream:75 - [STDERR_REDIRECT] 
2025-12-18 21:15:38,538 [ERROR] LogOutputStream:75 - [STDERR_REDIRECT] [Fatal Error] :1:1: Premature end of file.
2025-12-18 21:15:38,538 [ERROR] LogOutputStream:75 - [STDERR_REDIRECT] 
2025-12-18 21:15:39,538 [ERROR] LogOutputStream:75 - [STDERR_REDIRECT] [Fatal Error] :1:1: Premature end of file.
2025-12-18 21:15:39,538 [ERROR] LogOutputStream:75 - [STDERR_REDIRECT] 
2025-12-18 21:15:40,538 [ERROR] LogOutputStream:75 - [STDERR_REDIRECT] [Fatal Error] :1:1: Premature end of file.
2025-12-18 21:15:40,538 [ERROR] LogOutputStream:75 - [STDERR_REDIRECT] 
2025-12-18 21:15:41,547 [ERROR] LogOutputStream:75 - [STDERR_REDIRECT] [Fatal Error] :1:1: Premature end of file.
2025-12-18 21:15:41,547 [ERROR] LogOutputStream:75 - [STDERR_REDIRECT] 
2025-12-18 21:15:42,537 [ERROR] LogOutputStream:75 - [STDERR_REDIRECT] [Fatal Error] :1:1: Premature end of file.
2025-12-18 21:15:42,538 [ERROR] LogOutputStream:75 - [STDERR_REDIRECT] 
2025-12-18 21:15:43,537 [ERROR] LogOutputStream:75 - [STDERR_REDIRECT] [Fatal Error] :1:1: Premature end of file.
2025-12-18 21:15:43,537 [ERROR] LogOutputStream:75 - [STDERR_REDIRECT] 
2025-12-18 21:15:44,538 [ERROR] LogOutputStream:75 - [STDERR_REDIRECT] [Fatal Error] :1:1: Premature end of file.
2025-12-18 21:15:44,538 [ERROR] LogOutputStream:75 - [STDERR_REDIRECT] 
2025-12-18 21:15:45,561 [ERROR] LogOutputStream:75 - [STDERR_REDIRECT] [Fatal Error] :1:1: Premature end of file.
2025-12-18 21:15:45,562 [ERROR] LogOutputStream:75 - [STDERR_REDIRECT] 
2025-12-18 21:15:46,538 [ERROR] LogOutputStream:75 - [STDERR_REDIRECT] [Fatal Error] :1:1: Premature end of file.
2025-12-18 21:15:46,538 [ERROR] LogOutputStream:75 - [STDERR_REDIRECT] 
2025-12-18 21:15:47,551 [ERROR] LogOutputStream:75 - [STDERR_REDIRECT] [Fatal Error] :1:1: Premature end of file.
2025-12-18 21:15:47,551 [ERROR] LogOutputStream:75 - [STDERR_REDIRECT] 
2025-12-18 21:15:48,538 [ERROR] LogOutputStream:75 - [STDERR_REDIRECT] [Fatal Error] :1:1: Premature end of file.
2025-12-18 21:15:48,538 [ERROR] LogOutputStream:75 - [STDERR_REDIRECT] 
2025-12-18 21:15:49,538 [ERROR] LogOutputStream:75 - [STDERR_REDIRECT] [Fatal Error] :1:1: Premature end of file.
2025-12-18 21:15:49,538 [ERROR] LogOutputStream:75 - [STDERR_REDIRECT] 
2025-12-18 21:15:50,539 [ERROR] LogOutputStream:75 - [STDERR_REDIRECT] [Fatal Error] :1:1: Premature end of file.
2025-12-18 21:15:50,539 [ERROR] LogOutputStream:75 - [STDERR_REDIRECT] 
2025-12-18 21:15:51,536 [ERROR] LogOutputStream:75 - [STDERR_REDIRECT] [Fatal Error] :1:1: Premature end of file.
2025-12-18 21:15:51,536 [ERROR] LogOutputStream:75 - [STDERR_REDIRECT] 
2025-12-18 21:15:52,539 [ERROR] LogOutputStream:75 - [STDERR_REDIRECT] [Fatal Error] :1:1: Premature end of file.
2025-12-18 21:15:52,539 [ERROR] LogOutputStream:75 - [STDERR_REDIRECT] 
2025-12-18 21:15:53,559 [ERROR] LogOutputStream:75 - [STDERR_REDIRECT] [Fatal Error] :1:1: Premature end of file.
2025-12-18 21:15:53,559 [ERROR] LogOutputStream:75 - [STDERR_REDIRECT] 
2025-12-18 21:15:54,540 [ERROR] LogOutputStream:75 - [STDERR_REDIRECT] [Fatal Error] :1:1: Premature end of file.
2025-12-18 21:15:54,540 [ERROR] LogOutputStream:75 - [STDERR_REDIRECT] 
2025-12-18 21:15:55,539 [ERROR] LogOutputStream:75 - [STDERR_REDIRECT] [Fatal Error] :1:1: Premature end of file.
2025-12-18 21:15:55,539 [ERROR] LogOutputStream:75 - [STDERR_REDIRECT] 
2025-12-18 21:15:56,553 [ERROR] LogOutputStream:75 - [STDERR_REDIRECT] [Fatal Error] :1:1: Premature end of file.
2025-12-18 21:15:56,553 [ERROR] LogOutputStream:75 - [STDERR_REDIRECT] 
2025-12-18 21:15:57,538 [ERROR] LogOutputStream:75 - [STDERR_REDIRECT] [Fatal Error] :1:1: Premature end of file.
2025-12-18 21:15:57,538 [ERROR] LogOutputStream:75 - [STDERR_REDIRECT] 
2025-12-18 21:15:58,540 [ERROR] LogOutputStream:75 - [STDERR_REDIRECT] [Fatal Error] :1:1: Premature end of file.
2025-12-18 21:15:58,540 [ERROR] LogOutputStream:75 - [STDERR_REDIRECT] 
2025-12-18 21:15:59,552 [ERROR] LogOutputStream:75 - [STDERR_REDIRECT] [Fatal Error] :1:1: Premature end of file.
2025-12-18 21:15:59,552 [ERROR] LogOutputStream:75 - [STDERR_REDIRECT] 
2025-12-18 21:16:00,539 [ERROR] LogOutputStream:75 - [STDERR_REDIRECT] [Fatal Error] :1:1: Premature end of file.
2025-12-18 21:16:00,539 [ERROR] LogOutputStream:75 - [STDERR_REDIRECT] 
2025-12-18 21:16:01,544 [ERROR] LogOutputStream:75 - [STDERR_REDIRECT] [Fatal Error] :1:1: Premature end of file.
2025-12-18 21:16:01,544 [ERROR] LogOutputStream:75 - [STDERR_REDIRECT] 
2025-12-18 21:16:02,538 [ERROR] LogOutputStream:75 - [STDERR_REDIRECT] [Fatal Error] :1:1: Premature end of file.
2025-12-18 21:16:02,538 [ERROR] LogOutputStream:75 - [STDERR_REDIRECT] 
2025-12-18 21:16:03,539 [ERROR] LogOutputStream:75 - [STDERR_REDIRECT] [Fatal Error] :1:1: Premature end of file.
2025-12-18 21:16:03,539 [ERROR] LogOutputStream:75 - [STDERR_REDIRECT] 
2025-12-18 21:16:04,538 [ERROR] LogOutputStream:75 - [STDERR_REDIRECT] [Fatal Error] :1:1: Premature end of file.
2025-12-18 21:16:04,538 [ERROR] LogOutputStream:75 - [STDERR_REDIRECT] 
2025-12-18 21:16:05,540 [ERROR] LogOutputStream:75 - [STDERR_REDIRECT] [Fatal Error] :1:1: Premature end of file.
2025-12-18 21:16:05,540 [ERROR] LogOutputStream:75 - [STDERR_REDIRECT] 
2025-12-18 21:16:06,554 [ERROR] LogOutputStream:75 - [STDERR_REDIRECT] [Fatal Error] :1:1: Premature end of file.
2025-12-18 21:16:06,554 [ERROR] LogOutputStream:75 - [STDERR_REDIRECT] 
2025-12-18 21:16:07,554 [ERROR] LogOutputStream:75 - [STDERR_REDIRECT] [Fatal Error] :1:1: Premature end of file.
2025-12-18 21:16:07,554 [ERROR] LogOutputStream:75 - [STDERR_REDIRECT] 
2025-12-18 21:16:08,538 [ERROR] LogOutputStream:75 - [STDERR_REDIRECT] [Fatal Error] :1:1: Premature end of file.
2025-12-18 21:16:08,538 [ERROR] LogOutputStream:75 - [STDERR_REDIRECT] 
2025-12-18 21:16:09,537 [ERROR] LogOutputStream:75 - [STDERR_REDIRECT] [Fatal Error] :1:1: Premature end of file.
2025-12-18 21:16:09,537 [ERROR] LogOutputStream:75 - [STDERR_REDIRECT] 
2025-12-18 21:16:10,539 [ERROR] LogOutputStream:75 - [STDERR_REDIRECT] [Fatal Error] :1:1: Premature end of file.
2025-12-18 21:16:10,539 [ERROR] LogOutputStream:75 - [STDERR_REDIRECT] 
2025-12-18 21:16:11,556 [ERROR] LogOutputStream:75 - [STDERR_REDIRECT] [Fatal Error] :1:1: Premature end of file.
2025-12-18 21:16:11,556 [ERROR] LogOutputStream:75 - [STDERR_REDIRECT] 
2025-12-18 21:16:12,565 [ERROR] LogOutputStream:75 - [STDERR_REDIRECT] [Fatal Error] :1:1: Premature end of file.
2025-12-18 21:16:12,565 [ERROR] LogOutputStream:75 - [STDERR_REDIRECT] 
2025-12-18 21:16:13,536 [ERROR] LogOutputStream:75 - [STDERR_REDIRECT] [Fatal Error] :1:1: Premature end of file.
2025-12-18 21:16:13,536 [ERROR] LogOutputStream:75 - [STDERR_REDIRECT] 
2025-12-18 21:16:14,548 [ERROR] LogOutputStream:75 - [STDERR_REDIRECT] [Fatal Error] :1:1: Premature end of file.
2025-12-18 21:16:14,548 [ERROR] LogOutputStream:75 - [STDERR_REDIRECT] 
2025-12-18 21:16:15,538 [ERROR] LogOutputStream:75 - [STDERR_REDIRECT] [Fatal Error] :1:1: Premature end of file.
2025-12-18 21:16:15,538 [ERROR] LogOutputStream:75 - [STDERR_REDIRECT] 
2025-12-18 21:16:16,539 [ERROR] LogOutputStream:75 - [STDERR_REDIRECT] [Fatal Error] :1:1: Premature end of file.
2025-12-18 21:16:16,539 [ERROR] LogOutputStream:75 - [STDERR_REDIRECT] 
2025-12-18 21:16:17,538 [ERROR] LogOutputStream:75 - [STDERR_REDIRECT] [Fatal Error] :1:1: Premature end of file.
2025-12-18 21:16:17,538 [ERROR] LogOutputStream:75 - [STDERR_REDIRECT] 
2025-12-18 21:16:18,529 [ERROR] LogOutputStream:75 - [STDERR_REDIRECT] [Fatal Error] :1:1: Premature end of file.
2025-12-18 21:16:18,529 [ERROR] LogOutputStream:75 - [STDERR_REDIRECT] 
2025-12-18 21:16:19,530 [ERROR] LogOutputStream:75 - [STDERR_REDIRECT] [Fatal Error] :1:1: Premature end of file.
2025-12-18 21:16:19,530 [ERROR] LogOutputStream:75 - [STDERR_REDIRECT] 
2025-12-18 21:16:20,529 [ERROR] LogOutputStream:75 - [STDERR_REDIRECT] [Fatal Error] :1:1: Premature end of file.
2025-12-18 21:16:20,529 [ERROR] LogOutputStream:75 - [STDERR_REDIRECT] 
2025-12-18 21:16:21,529 [ERROR] LogOutputStream:75 - [STDERR_REDIRECT] [Fatal Error] :1:1: Premature end of file.
2025-12-18 21:16:21,529 [ERROR] LogOutputStream:75 - [STDERR_REDIRECT] 
2025-12-18 21:16:22,530 [ERROR] LogOutputStream:75 - [STDERR_REDIRECT] [Fatal Error] :1:1: Premature end of file.
2025-12-18 21:16:22,530 [ERROR] LogOutputStream:75 - [STDERR_REDIRECT] 
2025-12-18 21:16:23,536 [ERROR] LogOutputStream:75 - [STDERR_REDIRECT] [Fatal Error] :1:1: Premature end of file.
2025-12-18 21:16:23,536 [ERROR] LogOutputStream:75 - [STDERR_REDIRECT] 
2025-12-18 21:16:24,550 [ERROR] LogOutputStream:75 - [STDERR_REDIRECT] [Fatal Error] :1:1: Premature end of file.
2025-12-18 21:16:24,550 [ERROR] LogOutputStream:75 - [STDERR_REDIRECT] 
2025-12-18 21:16:25,538 [ERROR] LogOutputStream:75 - [STDERR_REDIRECT] [Fatal Error] :1:1: Premature end of file.
2025-12-18 21:16:25,538 [ERROR] LogOutputStream:75 - [STDERR_REDIRECT] 
2025-12-18 21:16:26,540 [ERROR] LogOutputStream:75 - [STDERR_REDIRECT] [Fatal Error] :1:1: Premature end of file.
2025-12-18 21:16:26,541 [ERROR] LogOutputStream:75 - [STDERR_REDIRECT] 
2025-12-18 21:16:27,547 [ERROR] LogOutputStream:75 - [STDERR_REDIRECT] [Fatal Error] :1:1: Premature end of file.
2025-12-18 21:16:27,547 [ERROR] LogOutputStream:75 - [STDERR_REDIRECT] 
2025-12-18 21:16:28,539 [ERROR] LogOutputStream:75 - [STDERR_REDIRECT] [Fatal Error] :1:1: Premature end of file.
2025-12-18 21:16:28,539 [ERROR] LogOutputStream:75 - [STDERR_REDIRECT] 
2025-12-18 21:16:29,538 [ERROR] LogOutputStream:75 - [STDERR_REDIRECT] [Fatal Error] :1:1: Premature end of file.
2025-12-18 21:16:29,538 [ERROR] LogOutputStream:75 - [STDERR_REDIRECT] 
2025-12-18 21:16:30,550 [ERROR] LogOutputStream:75 - [STDERR_REDIRECT] [Fatal Error] :1:1: Premature end of file.
2025-12-18 21:16:30,550 [ERROR] LogOutputStream:75 - [STDERR_REDIRECT] 
2025-12-18 21:16:31,558 [ERROR] LogOutputStream:75 - [STDERR_REDIRECT] [Fatal Error] :1:1: Premature end of file.
2025-12-18 21:16:31,558 [ERROR] LogOutputStream:75 - [STDERR_REDIRECT] 
2025-12-18 21:16:32,538 [ERROR] LogOutputStream:75 - [STDERR_REDIRECT] [Fatal Error] :1:1: Premature end of file.
2025-12-18 21:16:32,538 [ERROR] LogOutputStream:75 - [STDERR_REDIRECT] 
2025-12-18 21:16:33,539 [ERROR] LogOutputStream:75 - [STDERR_REDIRECT] [Fatal Error] :1:1: Premature end of file.
2025-12-18 21:16:33,539 [ERROR] LogOutputStream:75 - [STDERR_REDIRECT] 
2025-12-18 21:16:34,539 [ERROR] LogOutputStream:75 - [STDERR_REDIRECT] [Fatal Error] :1:1: Premature end of file.
2025-12-18 21:16:34,539 [ERROR] LogOutputStream:75 - [STDERR_REDIRECT] 
2025-12-18 21:16:35,541 [ERROR] LogOutputStream:75 - [STDERR_REDIRECT] [Fatal Error] :1:1: Premature end of file.
2025-12-18 21:16:35,541 [ERROR] LogOutputStream:75 - [STDERR_REDIRECT] 
2025-12-18 21:16:36,539 [ERROR] LogOutputStream:75 - [STDERR_REDIRECT] [Fatal Error] :1:1: Premature end of file.
2025-12-18 21:16:36,539 [ERROR] LogOutputStream:75 - [STDERR_REDIRECT] 
2025-12-18 21:16:37,540 [ERROR] LogOutputStream:75 - [STDERR_REDIRECT] [Fatal Error] :1:1: Premature end of file.
2025-12-18 21:16:37,540 [ERROR] LogOutputStream:75 - [STDERR_REDIRECT] 
2025-12-18 21:16:38,555 [ERROR] LogOutputStream:75 - [STDERR_REDIRECT] [Fatal Error] :1:1: Premature end of file.
2025-12-18 21:16:38,555 [ERROR] LogOutputStream:75 - [STDERR_REDIRECT] 
2025-12-18 21:16:39,551 [ERROR] LogOutputStream:75 - [STDERR_REDIRECT] [Fatal Error] :1:1: Premature end of file.
2025-12-18 21:16:39,551 [ERROR] LogOutputStream:75 - [STDERR_REDIRECT] 
2025-12-18 21:16:40,539 [ERROR] LogOutputStream:75 - [STDERR_REDIRECT] [Fatal Error] :1:1: Premature end of file.
2025-12-18 21:16:40,539 [ERROR] LogOutputStream:75 - [STDERR_REDIRECT] 
2025-12-18 21:16:41,537 [ERROR] LogOutputStream:75 - [STDERR_REDIRECT] [Fatal Error] :1:1: Premature end of file.
2025-12-18 21:16:41,537 [ERROR] LogOutputStream:75 - [STDERR_REDIRECT] 
2025-12-18 21:16:42,558 [ERROR] LogOutputStream:75 - [STDERR_REDIRECT] [Fatal Error] :1:1: Premature end of file.
2025-12-18 21:16:42,558 [ERROR] LogOutputStream:75 - [STDERR_REDIRECT] 
2025-12-18 21:16:43,543 [ERROR] LogOutputStream:75 - [STDERR_REDIRECT] [Fatal Error] :1:1: Premature end of file.
2025-12-18 21:16:43,543 [ERROR] LogOutputStream:75 - [STDERR_REDIRECT] 
2025-12-18 21:16:44,547 [ERROR] LogOutputStream:75 - [STDERR_REDIRECT] [Fatal Error] :1:1: Premature end of file.
2025-12-18 21:16:44,547 [ERROR] LogOutputStream:75 - [STDERR_REDIRECT] 
2025-12-18 21:16:45,539 [ERROR] LogOutputStream:75 - [STDERR_REDIRECT] [Fatal Error] :1:1: Premature end of file.
2025-12-18 21:16:45,539 [ERROR] LogOutputStream:75 - [STDERR_REDIRECT] 
2025-12-18 21:16:46,543 [ERROR] LogOutputStream:75 - [STDERR_REDIRECT] [Fatal Error] :1:1: Premature end of file.
2025-12-18 21:16:46,543 [ERROR] LogOutputStream:75 - [STDERR_REDIRECT] 
2025-12-18 21:16:47,536 [ERROR] LogOutputStream:75 - [STDERR_REDIRECT] [Fatal Error] :1:1: Premature end of file.
2025-12-18 21:16:47,536 [ERROR] LogOutputStream:75 - [STDERR_REDIRECT] 
2025-12-18 21:16:48,559 [ERROR] LogOutputStream:75 - [STDERR_REDIRECT] [Fatal Error] :1:1: Premature end of file.
2025-12-18 21:16:48,559 [ERROR] LogOutputStream:75 - [STDERR_REDIRECT] 
2025-12-18 21:16:49,539 [ERROR] LogOutputStream:75 - [STDERR_REDIRECT] [Fatal Error] :1:1: Premature end of file.
2025-12-18 21:16:49,539 [ERROR] LogOutputStream:75 - [STDERR_REDIRECT] 
2025-12-18 21:16:50,536 [ERROR] LogOutputStream:75 - [STDERR_REDIRECT] [Fatal Error] :1:1: Premature end of file.
2025-12-18 21:16:50,536 [ERROR] LogOutputStream:75 - [STDERR_REDIRECT] 
2025-12-18 21:16:51,529 [ERROR] LogOutputStream:75 - [STDERR_REDIRECT] [Fatal Error] :1:1: Premature end of file.
2025-12-18 21:16:51,529 [ERROR] LogOutputStream:75 - [STDERR_REDIRECT] 
2025-12-18 21:16:52,533 [ERROR] LogOutputStream:75 - [STDERR_REDIRECT] [Fatal Error] :1:1: Premature end of file.
2025-12-18 21:16:52,533 [ERROR] LogOutputStream:75 - [STDERR_REDIRECT] 
2025-12-18 21:16:53,530 [ERROR] LogOutputStream:75 - [STDERR_REDIRECT] [Fatal Error] :1:1: Premature end of file.
2025-12-18 21:16:53,530 [ERROR] LogOutputStream:75 - [STDERR_REDIRECT] 
2025-12-18 21:16:54,555 [ERROR] LogOutputStream:75 - [STDERR_REDIRECT] [Fatal Error] :1:1: Premature end of file.
2025-12-18 21:16:54,555 [ERROR] LogOutputStream:75 - [STDERR_REDIRECT] 
2025-12-18 21:16:55,532 [ERROR] LogOutputStream:75 - [STDERR_REDIRECT] [Fatal Error] :1:1: Premature end of file.
2025-12-18 21:16:55,532 [ERROR] LogOutputStream:75 - [STDERR_REDIRECT] 
2025-12-18 21:16:56,532 [ERROR] LogOutputStream:75 - [STDERR_REDIRECT] [Fatal Error] :1:1: Premature end of file.
2025-12-18 21:16:56,532 [ERROR] LogOutputStream:75 - [STDERR_REDIRECT] 
2025-12-18 21:16:57,530 [ERROR] LogOutputStream:75 - [STDERR_REDIRECT] [Fatal Error] :1:1: Premature end of file.
2025-12-18 21:16:57,530 [ERROR] LogOutputStream:75 - [STDERR_REDIRECT] 
2025-12-18 21:16:58,529 [ERROR] LogOutputStream:75 - [STDERR_REDIRECT] [Fatal Error] :1:1: Premature end of file.
2025-12-18 21:16:58,529 [ERROR] LogOutputStream:75 - [STDERR_REDIRECT] 
2025-12-18 21:16:59,548 [ERROR] LogOutputStream:75 - [STDERR_REDIRECT] [Fatal Error] :1:1: Premature end of file.
2025-12-18 21:16:59,548 [ERROR] LogOutputStream:75 - [STDERR_REDIRECT] 
2025-12-18 21:17:00,530 [ERROR] LogOutputStream:75 - [STDERR_REDIRECT] [Fatal Error] :1:1: Premature end of file.
2025-12-18 21:17:00,530 [ERROR] LogOutputStream:75 - [STDERR_REDIRECT] 
2025-12-18 21:17:01,529 [ERROR] LogOutputStream:75 - [STDERR_REDIRECT] [Fatal Error] :1:1: Premature end of file.
2025-12-18 21:17:01,529 [ERROR] LogOutputStream:75 - [STDERR_REDIRECT] 
2025-12-18 21:17:02,529 [ERROR] LogOutputStream:75 - [STDERR_REDIRECT] [Fatal Error] :1:1: Premature end of file.
2025-12-18 21:17:02,529 [ERROR] LogOutputStream:75 - [STDERR_REDIRECT] 
2025-12-18 21:17:03,533 [ERROR] LogOutputStream:75 - [STDERR_REDIRECT] [Fatal Error] :1:1: Premature end of file.
2025-12-18 21:17:03,533 [ERROR] LogOutputStream:75 - [STDERR_REDIRECT] 
2025-12-18 21:17:04,530 [ERROR] LogOutputStream:75 - [STDERR_REDIRECT] [Fatal Error] :1:1: Premature end of file.
2025-12-18 21:17:04,530 [ERROR] LogOutputStream:75 - [STDERR_REDIRECT] 
2025-12-18 21:17:05,540 [ERROR] LogOutputStream:75 - [STDERR_REDIRECT] [Fatal Error] :1:1: Premature end of file.
2025-12-18 21:17:05,540 [ERROR] LogOutputStream:75 - [STDERR_REDIRECT] 
2025-12-18 21:17:06,535 [ERROR] LogOutputStream:75 - [STDERR_REDIRECT] [Fatal Error] :1:1: Premature end of file.
2025-12-18 21:17:06,535 [ERROR] LogOutputStream:75 - [STDERR_REDIRECT] 
2025-12-18 21:17:07,530 [ERROR] LogOutputStream:75 - [STDERR_REDIRECT] [Fatal Error] :1:1: Premature end of file.
2025-12-18 21:17:07,530 [ERROR] LogOutputStream:75 - [STDERR_REDIRECT] 
2025-12-18 21:17:08,534 [ERROR] LogOutputStream:75 - [STDERR_REDIRECT] [Fatal Error] :1:1: Premature end of file.
2025-12-18 21:17:08,534 [ERROR] LogOutputStream:75 - [STDERR_REDIRECT] 
2025-12-18 21:17:09,540 [ERROR] LogOutputStream:75 - [STDERR_REDIRECT] [Fatal Error] :1:1: Premature end of file.
2025-12-18 21:17:09,540 [ERROR] LogOutputStream:75 - [STDERR_REDIRECT] 
2025-12-18 21:17:10,538 [ERROR] LogOutputStream:75 - [STDERR_REDIRECT] [Fatal Error] :1:1: Premature end of file.
2025-12-18 21:17:10,538 [ERROR] LogOutputStream:75 - [STDERR_REDIRECT] 
2025-12-18 21:17:11,538 [ERROR] LogOutputStream:75 - [STDERR_REDIRECT] [Fatal Error] :1:1: Premature end of file.
2025-12-18 21:17:11,538 [ERROR] LogOutputStream:75 - [STDERR_REDIRECT] 
2025-12-18 21:17:12,540 [ERROR] LogOutputStream:75 - [STDERR_REDIRECT] [Fatal Error] :1:1: Premature end of file.
2025-12-18 21:17:12,540 [ERROR] LogOutputStream:75 - [STDERR_REDIRECT] 
2025-12-18 21:17:13,537 [ERROR] LogOutputStream:75 - [STDERR_REDIRECT] [Fatal Error] :1:1: Premature end of file.
2025-12-18 21:17:13,537 [ERROR] LogOutputStream:75 - [STDERR_REDIRECT] 
2025-12-18 21:17:14,536 [ERROR] LogOutputStream:75 - [STDERR_REDIRECT] [Fatal Error] :1:1: Premature end of file.
2025-12-18 21:17:14,536 [ERROR] LogOutputStream:75 - [STDERR_REDIRECT] 
2025-12-18 21:17:15,563 [ERROR] LogOutputStream:75 - [STDERR_REDIRECT] [Fatal Error] :1:1: Premature end of file.
2025-12-18 21:17:15,563 [ERROR] LogOutputStream:75 - [STDERR_REDIRECT] 
2025-12-18 21:17:16,536 [ERROR] LogOutputStream:75 - [STDERR_REDIRECT] [Fatal Error] :1:1: Premature end of file.
2025-12-18 21:17:16,536 [ERROR] LogOutputStream:75 - [STDERR_REDIRECT] 
2025-12-18 21:17:17,539 [ERROR] LogOutputStream:75 - [STDERR_REDIRECT] [Fatal Error] :1:1: Premature end of file.
2025-12-18 21:17:17,539 [ERROR] LogOutputStream:75 - [STDERR_REDIRECT] 
2025-12-18 21:17:18,530 [ERROR] LogOutputStream:75 - [STDERR_REDIRECT] [Fatal Error] :1:1: Premature end of file.
2025-12-18 21:17:18,530 [ERROR] LogOutputStream:75 - [STDERR_REDIRECT] 
2025-12-18 21:17:19,545 [ERROR] LogOutputStream:75 - [STDERR_REDIRECT] [Fatal Error] :1:1: Premature end of file.
2025-12-18 21:17:19,545 [ERROR] LogOutputStream:75 - [STDERR_REDIRECT] 
2025-12-18 21:17:20,538 [ERROR] LogOutputStream:75 - [STDERR_REDIRECT] [Fatal Error] :1:1: Premature end of file.
2025-12-18 21:17:20,538 [ERROR] LogOutputStream:75 - [STDERR_REDIRECT] 
2025-12-18 21:17:21,530 [ERROR] LogOutputStream:75 - [STDERR_REDIRECT] [Fatal Error] :1:1: Premature end of file.
2025-12-18 21:17:21,530 [ERROR] LogOutputStream:75 - [STDERR_REDIRECT] 
2025-12-18 21:17:22,540 [ERROR] LogOutputStream:75 - [STDERR_REDIRECT] [Fatal Error] :1:1: Premature end of file.
2025-12-18 21:17:22,540 [ERROR] LogOutputStream:75 - [STDERR_REDIRECT] 
2025-12-18 21:17:23,535 [ERROR] LogOutputStream:75 - [STDERR_REDIRECT] [Fatal Error] :1:1: Premature end of file.
2025-12-18 21:17:23,535 [ERROR] LogOutputStream:75 - [STDERR_REDIRECT] 
2025-12-18 21:17:24,531 [ERROR] LogOutputStream:75 - [STDERR_REDIRECT] [Fatal Error] :1:1: Premature end of file.
2025-12-18 21:17:24,531 [ERROR] LogOutputStream:75 - [STDERR_REDIRECT] 
2025-12-18 21:17:25,540 [ERROR] LogOutputStream:75 - [STDERR_REDIRECT] [Fatal Error] :1:1: Premature end of file.
2025-12-18 21:17:25,540 [ERROR] LogOutputStream:75 - [STDERR_REDIRECT] 
2025-12-18 21:17:26,537 [ERROR] LogOutputStream:75 - [STDERR_REDIRECT] [Fatal Error] :1:1: Premature end of file.
2025-12-18 21:17:26,537 [ERROR] LogOutputStream:75 - [STDERR_REDIRECT] 
2025-12-18 21:17:27,534 [ERROR] LogOutputStream:75 - [STDERR_REDIRECT] [Fatal Error] :1:1: Premature end of file.
2025-12-18 21:17:27,534 [ERROR] LogOutputStream:75 - [STDERR_REDIRECT] 
2025-12-18 21:17:28,530 [ERROR] LogOutputStream:75 - [STDERR_REDIRECT] [Fatal Error] :1:1: Premature end of file.
2025-12-18 21:17:28,530 [ERROR] LogOutputStream:75 - [STDERR_REDIRECT] 
2025-12-18 21:17:29,546 [ERROR] LogOutputStream:75 - [STDERR_REDIRECT] [Fatal Error] :1:1: Premature end of file.
2025-12-18 21:17:29,546 [ERROR] LogOutputStream:75 - [STDERR_REDIRECT] 
2025-12-18 21:17:30,535 [ERROR] LogOutputStream:75 - [STDERR_REDIRECT] [Fatal Error] :1:1: Premature end of file.
2025-12-18 21:17:30,535 [ERROR] LogOutputStream:75 - [STDERR_REDIRECT] 
2025-12-18 21:17:31,533 [ERROR] LogOutputStream:75 - [STDERR_REDIRECT] [Fatal Error] :1:1: Premature end of file.
2025-12-18 21:17:31,533 [ERROR] LogOutputStream:75 - [STDERR_REDIRECT] 
2025-12-18 21:17:32,542 [ERROR] LogOutputStream:75 - [STDERR_REDIRECT] [Fatal Error] :1:1: Premature end of file.
2025-12-18 21:17:32,542 [ERROR] LogOutputStream:75 - [STDERR_REDIRECT] 
2025-12-18 21:17:33,539 [ERROR] LogOutputStream:75 - [STDERR_REDIRECT] [Fatal Error] :1:1: Premature end of file.
2025-12-18 21:17:33,539 [ERROR] LogOutputStream:75 - [STDERR_REDIRECT] 
2025-12-18 21:17:34,535 [ERROR] LogOutputStream:75 - [STDERR_REDIRECT] [Fatal Error] :1:1: Premature end of file.
2025-12-18 21:17:34,535 [ERROR] LogOutputStream:75 - [STDERR_REDIRECT] 
2025-12-18 21:17:35,530 [ERROR] LogOutputStream:75 - [STDERR_REDIRECT] [Fatal Error] :1:1: Premature end of file.
2025-12-18 21:17:35,530 [ERROR] LogOutputStream:75 - [STDERR_REDIRECT] 
2025-12-18 21:17:36,537 [ERROR] LogOutputStream:75 - [STDERR_REDIRECT] [Fatal Error] :1:1: Premature end of file.
2025-12-18 21:17:36,537 [ERROR] LogOutputStream:75 - [STDERR_REDIRECT] 
2025-12-18 21:17:37,530 [ERROR] LogOutputStream:75 - [STDERR_REDIRECT] [Fatal Error] :1:1: Premature end of file.
2025-12-18 21:17:37,530 [ERROR] LogOutputStream:75 - [STDERR_REDIRECT] 
2025-12-18 21:17:38,541 [ERROR] LogOutputStream:75 - [STDERR_REDIRECT] [Fatal Error] :1:1: Premature end of file.
2025-12-18 21:17:38,541 [ERROR] LogOutputStream:75 - [STDERR_REDIRECT] 
2025-12-18 21:17:39,533 [ERROR] LogOutputStream:75 - [STDERR_REDIRECT] [Fatal Error] :1:1: Premature end of file.
2025-12-18 21:17:39,533 [ERROR] LogOutputStream:75 - [STDERR_REDIRECT] 
2025-12-18 21:17:40,550 [ERROR] LogOutputStream:75 - [STDERR_REDIRECT] [Fatal Error] :1:1: Premature end of file.
2025-12-18 21:17:40,550 [ERROR] LogOutputStream:75 - [STDERR_REDIRECT] 
2025-12-18 21:17:41,561 [ERROR] LogOutputStream:75 - [STDERR_REDIRECT] [Fatal Error] :1:1: Premature end of file.
2025-12-18 21:17:41,561 [ERROR] LogOutputStream:75 - [STDERR_REDIRECT] 
2025-12-18 21:17:42,555 [ERROR] LogOutputStream:75 - [STDERR_REDIRECT] [Fatal Error] :1:1: Premature end of file.
2025-12-18 21:17:42,555 [ERROR] LogOutputStream:75 - [STDERR_REDIRECT] 
2025-12-18 21:17:43,534 [ERROR] LogOutputStream:75 - [STDERR_REDIRECT] [Fatal Error] :1:1: Premature end of file.
2025-12-18 21:17:43,534 [ERROR] LogOutputStream:75 - [STDERR_REDIRECT] 
2025-12-18 21:17:44,531 [ERROR] LogOutputStream:75 - [STDERR_REDIRECT] [Fatal Error] :1:1: Premature end of file.
2025-12-18 21:17:44,531 [ERROR] LogOutputStream:75 - [STDERR_REDIRECT] 
2025-12-18 21:17:45,540 [ERROR] LogOutputStream:75 - [STDERR_REDIRECT] [Fatal Error] :1:1: Premature end of file.
2025-12-18 21:17:45,540 [ERROR] LogOutputStream:75 - [STDERR_REDIRECT] 
2025-12-18 21:17:46,535 [ERROR] LogOutputStream:75 - [STDERR_REDIRECT] [Fatal Error] :1:1: Premature end of file.
2025-12-18 21:17:46,535 [ERROR] LogOutputStream:75 - [STDERR_REDIRECT] 
2025-12-18 21:17:47,529 [ERROR] LogOutputStream:75 - [STDERR_REDIRECT] [Fatal Error] :1:1: Premature end of file.
2025-12-18 21:17:47,529 [ERROR] LogOutputStream:75 - [STDERR_REDIRECT] 
2025-12-18 21:17:48,536 [ERROR] LogOutputStream:75 - [STDERR_REDIRECT] [Fatal Error] :1:1: Premature end of file.
2025-12-18 21:17:48,536 [ERROR] LogOutputStream:75 - [STDERR_REDIRECT] 
2025-12-18 21:17:49,566 [ERROR] LogOutputStream:75 - [STDERR_REDIRECT] [Fatal Error] :1:1: Premature end of file.
2025-12-18 21:17:49,566 [ERROR] LogOutputStream:75 - [STDERR_REDIRECT] 
2025-12-18 21:17:50,542 [ERROR] LogOutputStream:75 - [STDERR_REDIRECT] [Fatal Error] :1:1: Premature end of file.
2025-12-18 21:17:50,542 [ERROR] LogOutputStream:75 - [STDERR_REDIRECT] 
2025-12-18 21:17:51,537 [ERROR] LogOutputStream:75 - [STDERR_REDIRECT] [Fatal Error] :1:1: Premature end of file.
2025-12-18 21:17:51,538 [ERROR] LogOutputStream:75 - [STDERR_REDIRECT] 
2025-12-18 21:17:52,530 [ERROR] LogOutputStream:75 - [STDERR_REDIRECT] [Fatal Error] :1:1: Premature end of file.
2025-12-18 21:17:52,530 [ERROR] LogOutputStream:75 - [STDERR_REDIRECT] 
2025-12-18 21:17:53,542 [ERROR] LogOutputStream:75 - [STDERR_REDIRECT] [Fatal Error] :1:1: Premature end of file.
2025-12-18 21:17:53,542 [ERROR] LogOutputStream:75 - [STDERR_REDIRECT] 
2025-12-18 21:17:54,537 [ERROR] LogOutputStream:75 - [STDERR_REDIRECT] [Fatal Error] :1:1: Premature end of file.
2025-12-18 21:17:54,537 [ERROR] LogOutputStream:75 - [STDERR_REDIRECT] 
2025-12-18 21:17:55,532 [ERROR] LogOutputStream:75 - [STDERR_REDIRECT] [Fatal Error] :1:1: Premature end of file.
2025-12-18 21:17:55,532 [ERROR] LogOutputStream:75 - [STDERR_REDIRECT] 
2025-12-18 21:17:56,539 [ERROR] LogOutputStream:75 - [STDERR_REDIRECT] [Fatal Error] :1:1: Premature end of file.
2025-12-18 21:17:56,539 [ERROR] LogOutputStream:75 - [STDERR_REDIRECT] 
2025-12-18 21:17:57,530 [ERROR] LogOutputStream:75 - [STDERR_REDIRECT] [Fatal Error] :1:1: Premature end of file.
2025-12-18 21:17:57,530 [ERROR] LogOutputStream:75 - [STDERR_REDIRECT] 
2025-12-18 21:17:58,540 [ERROR] LogOutputStream:75 - [STDERR_REDIRECT] [Fatal Error] :1:1: Premature end of file.
2025-12-18 21:17:58,540 [ERROR] LogOutputStream:75 - [STDERR_REDIRECT] 
2025-12-18 21:17:59,532 [ERROR] LogOutputStream:75 - [STDERR_REDIRECT] [Fatal Error] :1:1: Premature end of file.
2025-12-18 21:17:59,532 [ERROR] LogOutputStream:75 - [STDERR_REDIRECT] 
2025-12-18 21:18:00,539 [ERROR] LogOutputStream:75 - [STDERR_REDIRECT] [Fatal Error] :1:1: Premature end of file.
2025-12-18 21:18:00,539 [ERROR] LogOutputStream:75 - [STDERR_REDIRECT] 
2025-12-18 21:18:01,548 [ERROR] LogOutputStream:75 - [STDERR_REDIRECT] [Fatal Error] :1:1: Premature end of file.
2025-12-18 21:18:01,548 [ERROR] LogOutputStream:75 - [STDERR_REDIRECT] 
2025-12-18 21:18:02,570 [ERROR] LogOutputStream:75 - [STDERR_REDIRECT] [Fatal Error] :1:1: Premature end of file.
2025-12-18 21:18:02,570 [ERROR] LogOutputStream:75 - [STDERR_REDIRECT] 
2025-12-18 21:18:03,536 [ERROR] LogOutputStream:75 - [STDERR_REDIRECT] [Fatal Error] :1:1: Premature end of file.
2025-12-18 21:18:03,536 [ERROR] LogOutputStream:75 - [STDERR_REDIRECT] 
2025-12-18 21:18:04,561 [ERROR] LogOutputStream:75 - [STDERR_REDIRECT] [Fatal Error] :1:1: Premature end of file.
2025-12-18 21:18:04,561 [ERROR] LogOutputStream:75 - [STDERR_REDIRECT] 
2025-12-18 21:18:05,544 [ERROR] LogOutputStream:75 - [STDERR_REDIRECT] [Fatal Error] :1:1: Premature end of file.
2025-12-18 21:18:05,544 [ERROR] LogOutputStream:75 - [STDERR_REDIRECT] 
2025-12-18 21:18:06,560 [ERROR] LogOutputStream:75 - [STDERR_REDIRECT] [Fatal Error] :1:1: Premature end of file.
2025-12-18 21:18:06,560 [ERROR] LogOutputStream:75 - [STDERR_REDIRECT] 
2025-12-18 21:18:07,537 [ERROR] LogOutputStream:75 - [STDERR_REDIRECT] [Fatal Error] :1:1: Premature end of file.
2025-12-18 21:18:07,537 [ERROR] LogOutputStream:75 - [STDERR_REDIRECT] 
2025-12-18 21:18:08,535 [ERROR] LogOutputStream:75 - [STDERR_REDIRECT] [Fatal Error] :1:1: Premature end of file.
2025-12-18 21:18:08,535 [ERROR] LogOutputStream:75 - [STDERR_REDIRECT] 
2025-12-18 21:18:09,536 [ERROR] LogOutputStream:75 - [STDERR_REDIRECT] [Fatal Error] :1:1: Premature end of file.
2025-12-18 21:18:09,536 [ERROR] LogOutputStream:75 - [STDERR_REDIRECT] 
2025-12-18 21:18:10,552 [ERROR] LogOutputStream:75 - [STDERR_REDIRECT] [Fatal Error] :1:1: Premature end of file.
2025-12-18 21:18:10,552 [ERROR] LogOutputStream:75 - [STDERR_REDIRECT] 
2025-12-18 21:18:11,538 [ERROR] LogOutputStream:75 - [STDERR_REDIRECT] [Fatal Error] :1:1: Premature end of file.
2025-12-18 21:18:11,538 [ERROR] LogOutputStream:75 - [STDERR_REDIRECT] 
2025-12-18 21:18:12,554 [ERROR] LogOutputStream:75 - [STDERR_REDIRECT] [Fatal Error] :1:1: Premature end of file.
2025-12-18 21:18:12,554 [ERROR] LogOutputStream:75 - [STDERR_REDIRECT] 
2025-12-18 21:18:13,552 [ERROR] LogOutputStream:75 - [STDERR_REDIRECT] [Fatal Error] :1:1: Premature end of file.
2025-12-18 21:18:13,552 [ERROR] LogOutputStream:75 - [STDERR_REDIRECT] 
2025-12-18 21:18:14,553 [ERROR] LogOutputStream:75 - [STDERR_REDIRECT] [Fatal Error] :1:1: Premature end of file.
2025-12-18 21:18:14,553 [ERROR] LogOutputStream:75 - [STDERR_REDIRECT] 
2025-12-18 21:18:15,554 [ERROR] LogOutputStream:75 - [STDERR_REDIRECT] [Fatal Error] :1:1: Premature end of file.
2025-12-18 21:18:15,554 [ERROR] LogOutputStream:75 - [STDERR_REDIRECT] 
2025-12-18 21:18:16,548 [ERROR] LogOutputStream:75 - [STDERR_REDIRECT] [Fatal Error] :1:1: Premature end of file.
2025-12-18 21:18:16,548 [ERROR] LogOutputStream:75 - [STDERR_REDIRECT] 
2025-12-18 21:18:17,562 [ERROR] LogOutputStream:75 - [STDERR_REDIRECT] [Fatal Error] :1:1: Premature end of file.
2025-12-18 21:18:17,562 [ERROR] LogOutputStream:75 - [STDERR_REDIRECT] 
2025-12-18 21:18:18,547 [ERROR] LogOutputStream:75 - [STDERR_REDIRECT] [Fatal Error] :1:1: Premature end of file.
2025-12-18 21:18:18,547 [ERROR] LogOutputStream:75 - [STDERR_REDIRECT] 
2025-12-18 21:18:19,559 [ERROR] LogOutputStream:75 - [STDERR_REDIRECT] [Fatal Error] :1:1: Premature end of file.
2025-12-18 21:18:19,559 [ERROR] LogOutputStream:75 - [STDERR_REDIRECT] 
2025-12-18 21:18:20,550 [ERROR] LogOutputStream:75 - [STDERR_REDIRECT] [Fatal Error] :1:1: Premature end of file.
2025-12-18 21:18:20,550 [ERROR] LogOutputStream:75 - [STDERR_REDIRECT] 
2025-12-18 21:18:21,543 [ERROR] LogOutputStream:75 - [STDERR_REDIRECT] [Fatal Error] :1:1: Premature end of file.
2025-12-18 21:18:21,543 [ERROR] LogOutputStream:75 - [STDERR_REDIRECT] 
2025-12-18 21:18:22,541 [ERROR] LogOutputStream:75 - [STDERR_REDIRECT] [Fatal Error] :1:1: Premature end of file.
2025-12-18 21:18:22,541 [ERROR] LogOutputStream:75 - [STDERR_REDIRECT] 
2025-12-18 21:18:23,547 [ERROR] LogOutputStream:75 - [STDERR_REDIRECT] [Fatal Error] :1:1: Premature end of file.
2025-12-18 21:18:23,547 [ERROR] LogOutputStream:75 - [STDERR_REDIRECT] 
2025-12-18 21:18:24,540 [ERROR] LogOutputStream:75 - [STDERR_REDIRECT] [Fatal Error] :1:1: Premature end of file.
2025-12-18 21:18:24,540 [ERROR] LogOutputStream:75 - [STDERR_REDIRECT] 
2025-12-18 21:18:25,548 [ERROR] LogOutputStream:75 - [STDERR_REDIRECT] [Fatal Error] :1:1: Premature end of file.
2025-12-18 21:18:25,548 [ERROR] LogOutputStream:75 - [STDERR_REDIRECT] 
2025-12-18 21:18:26,540 [ERROR] LogOutputStream:75 - [STDERR_REDIRECT] [Fatal Error] :1:1: Premature end of file.
2025-12-18 21:18:26,540 [ERROR] LogOutputStream:75 - [STDERR_REDIRECT] 
2025-12-18 21:18:27,553 [ERROR] LogOutputStream:75 - [STDERR_REDIRECT] [Fatal Error] :1:1: Premature end of file.
2025-12-18 21:18:27,553 [ERROR] LogOutputStream:75 - [STDERR_REDIRECT] 
2025-12-18 21:18:28,550 [ERROR] LogOutputStream:75 - [STDERR_REDIRECT] [Fatal Error] :1:1: Premature end of file.
2025-12-18 21:18:28,550 [ERROR] LogOutputStream:75 - [STDERR_REDIRECT] 
2025-12-18 21:18:29,544 [ERROR] LogOutputStream:75 - [STDERR_REDIRECT] [Fatal Error] :1:1: Premature end of file.
2025-12-18 21:18:29,544 [ERROR] LogOutputStream:75 - [STDERR_REDIRECT] 
2025-12-18 21:18:30,539 [ERROR] LogOutputStream:75 - [STDERR_REDIRECT] [Fatal Error] :1:1: Premature end of file.
2025-12-18 21:18:30,539 [ERROR] LogOutputStream:75 - [STDERR_REDIRECT] 
2025-12-18 21:18:31,560 [ERROR] LogOutputStream:75 - [STDERR_REDIRECT] [Fatal Error] :1:1: Premature end of file.
2025-12-18 21:18:31,560 [ERROR] LogOutputStream:75 - [STDERR_REDIRECT] 
2025-12-18 21:18:32,540 [ERROR] LogOutputStream:75 - [STDERR_REDIRECT] [Fatal Error] :1:1: Premature end of file.
2025-12-18 21:18:32,540 [ERROR] LogOutputStream:75 - [STDERR_REDIRECT] 
2025-12-18 21:18:33,533 [ERROR] LogOutputStream:75 - [STDERR_REDIRECT] [Fatal Error] :1:1: Premature end of file.
2025-12-18 21:18:33,533 [ERROR] LogOutputStream:75 - [STDERR_REDIRECT] 
2025-12-18 21:18:34,546 [ERROR] LogOutputStream:75 - [STDERR_REDIRECT] [Fatal Error] :1:1: Premature end of file.
2025-12-18 21:18:34,546 [ERROR] LogOutputStream:75 - [STDERR_REDIRECT] 
2025-12-18 21:18:35,535 [ERROR] LogOutputStream:75 - [STDERR_REDIRECT] [Fatal Error] :1:1: Premature end of file.
2025-12-18 21:18:35,535 [ERROR] LogOutputStream:75 - [STDERR_REDIRECT] 
2025-12-18 21:18:36,542 [ERROR] LogOutputStream:75 - [STDERR_REDIRECT] [Fatal Error] :1:1: Premature end of file.
2025-12-18 21:18:36,542 [ERROR] LogOutputStream:75 - [STDERR_REDIRECT] 
2025-12-18 21:18:37,533 [ERROR] LogOutputStream:75 - [STDERR_REDIRECT] [Fatal Error] :1:1: Premature end of file.
2025-12-18 21:18:37,533 [ERROR] LogOutputStream:75 - [STDERR_REDIRECT] 
2025-12-18 21:18:38,552 [ERROR] LogOutputStream:75 - [STDERR_REDIRECT] [Fatal Error] :1:1: Premature end of file.
2025-12-18 21:18:38,552 [ERROR] LogOutputStream:75 - [STDERR_REDIRECT] 
2025-12-18 21:18:39,539 [ERROR] LogOutputStream:75 - [STDERR_REDIRECT] [Fatal Error] :1:1: Premature end of file.
2025-12-18 21:18:39,539 [ERROR] LogOutputStream:75 - [STDERR_REDIRECT] 
2025-12-18 21:18:40,542 [ERROR] LogOutputStream:75 - [STDERR_REDIRECT] [Fatal Error] :1:1: Premature end of file.
2025-12-18 21:18:40,542 [ERROR] LogOutputStream:75 - [STDERR_REDIRECT] 
2025-12-18 21:18:41,551 [ERROR] LogOutputStream:75 - [STDERR_REDIRECT] [Fatal Error] :1:1: Premature end of file.
2025-12-18 21:18:41,551 [ERROR] LogOutputStream:75 - [STDERR_REDIRECT] 
2025-12-18 21:18:42,542 [ERROR] LogOutputStream:75 - [STDERR_REDIRECT] [Fatal Error] :1:1: Premature end of file.
2025-12-18 21:18:42,542 [ERROR] LogOutputStream:75 - [STDERR_REDIRECT] 
2025-12-18 21:18:43,551 [ERROR] LogOutputStream:75 - [STDERR_REDIRECT] [Fatal Error] :1:1: Premature end of file.
2025-12-18 21:18:43,551 [ERROR] LogOutputStream:75 - [STDERR_REDIRECT] 
2025-12-18 21:18:44,541 [ERROR] LogOutputStream:75 - [STDERR_REDIRECT] [Fatal Error] :1:1: Premature end of file.
2025-12-18 21:18:44,541 [ERROR] LogOutputStream:75 - [STDERR_REDIRECT] 
2025-12-18 21:18:45,572 [ERROR] LogOutputStream:75 - [STDERR_REDIRECT] [Fatal Error] :1:1: Premature end of file.
2025-12-18 21:18:45,572 [ERROR] LogOutputStream:75 - [STDERR_REDIRECT] 
2025-12-18 21:18:46,557 [ERROR] LogOutputStream:75 - [STDERR_REDIRECT] [Fatal Error] :1:1: Premature end of file.
2025-12-18 21:18:46,557 [ERROR] LogOutputStream:75 - [STDERR_REDIRECT] 
2025-12-18 21:18:47,541 [ERROR] LogOutputStream:75 - [STDERR_REDIRECT] [Fatal Error] :1:1: Premature end of file.
2025-12-18 21:18:47,541 [ERROR] LogOutputStream:75 - [STDERR_REDIRECT] 
2025-12-18 21:18:48,573 [ERROR] LogOutputStream:75 - [STDERR_REDIRECT] [Fatal Error] :1:1: Premature end of file.
2025-12-18 21:18:48,573 [ERROR] LogOutputStream:75 - [STDERR_REDIRECT] 
2025-12-18 21:18:49,547 [ERROR] LogOutputStream:75 - [STDERR_REDIRECT] [Fatal Error] :1:1: Premature end of file.
2025-12-18 21:18:49,547 [ERROR] LogOutputStream:75 - [STDERR_REDIRECT] 
2025-12-18 21:18:50,540 [ERROR] LogOutputStream:75 - [STDERR_REDIRECT] [Fatal Error] :1:1: Premature end of file.
2025-12-18 21:18:50,540 [ERROR] LogOutputStream:75 - [STDERR_REDIRECT] 
2025-12-18 21:18:51,550 [ERROR] LogOutputStream:75 - [STDERR_REDIRECT] [Fatal Error] :1:1: Premature end of file.
2025-12-18 21:18:51,550 [ERROR] LogOutputStream:75 - [STDERR_REDIRECT] 
2025-12-18 21:18:52,547 [ERROR] LogOutputStream:75 - [STDERR_REDIRECT] [Fatal Error] :1:1: Premature end of file.
2025-12-18 21:18:52,547 [ERROR] LogOutputStream:75 - [STDERR_REDIRECT] 
2025-12-18 21:18:53,543 [ERROR] LogOutputStream:75 - [STDERR_REDIRECT] [Fatal Error] :1:1: Premature end of file.
2025-12-18 21:18:53,543 [ERROR] LogOutputStream:75 - [STDERR_REDIRECT] 
2025-12-18 21:18:54,575 [ERROR] LogOutputStream:75 - [STDERR_REDIRECT] [Fatal Error] :1:1: Premature end of file.
2025-12-18 21:18:54,575 [ERROR] LogOutputStream:75 - [STDERR_REDIRECT] 
2025-12-18 21:18:55,546 [ERROR] LogOutputStream:75 - [STDERR_REDIRECT] [Fatal Error] :1:1: Premature end of file.
2025-12-18 21:18:55,546 [ERROR] LogOutputStream:75 - [STDERR_REDIRECT] 
2025-12-18 21:18:56,538 [ERROR] LogOutputStream:75 - [STDERR_REDIRECT] [Fatal Error] :1:1: Premature end of file.
2025-12-18 21:18:56,538 [ERROR] LogOutputStream:75 - [STDERR_REDIRECT] 
2025-12-18 21:18:57,543 [ERROR] LogOutputStream:75 - [STDERR_REDIRECT] [Fatal Error] :1:1: Premature end of file.
2025-12-18 21:18:57,543 [ERROR] LogOutputStream:75 - [STDERR_REDIRECT] 
2025-12-18 21:18:58,544 [ERROR] LogOutputStream:75 - [STDERR_REDIRECT] [Fatal Error] :1:1: Premature end of file.
2025-12-18 21:18:58,544 [ERROR] LogOutputStream:75 - [STDERR_REDIRECT] 
2025-12-18 21:18:59,578 [ERROR] LogOutputStream:75 - [STDERR_REDIRECT] [Fatal Error] :1:1: Premature end of file.
2025-12-18 21:18:59,578 [ERROR] LogOutputStream:75 - [STDERR_REDIRECT] 
2025-12-18 21:19:00,546 [ERROR] LogOutputStream:75 - [STDERR_REDIRECT] [Fatal Error] :1:1: Premature end of file.
2025-12-18 21:19:00,546 [ERROR] LogOutputStream:75 - [STDERR_REDIRECT] 
2025-12-18 21:19:01,563 [ERROR] LogOutputStream:75 - [STDERR_REDIRECT] [Fatal Error] :1:1: Premature end of file.
2025-12-18 21:19:01,563 [ERROR] LogOutputStream:75 - [STDERR_REDIRECT] 
2025-12-18 21:19:02,559 [ERROR] LogOutputStream:75 - [STDERR_REDIRECT] [Fatal Error] :1:1: Premature end of file.
2025-12-18 21:19:02,559 [ERROR] LogOutputStream:75 - [STDERR_REDIRECT] 
2025-12-18 21:19:03,556 [ERROR] LogOutputStream:75 - [STDERR_REDIRECT] [Fatal Error] :1:1: Premature end of file.
2025-12-18 21:19:03,556 [ERROR] LogOutputStream:75 - [STDERR_REDIRECT] 
2025-12-18 21:19:04,567 [ERROR] LogOutputStream:75 - [STDERR_REDIRECT] [Fatal Error] :1:1: Premature end of file.
2025-12-18 21:19:04,567 [ERROR] LogOutputStream:75 - [STDERR_REDIRECT] 
2025-12-18 21:19:05,545 [ERROR] LogOutputStream:75 - [STDERR_REDIRECT] [Fatal Error] :1:1: Premature end of file.
2025-12-18 21:19:05,545 [ERROR] LogOutputStream:75 - [STDERR_REDIRECT] 
2025-12-18 21:19:06,531 [ERROR] LogOutputStream:75 - [STDERR_REDIRECT] [Fatal Error] :1:1: Premature end of file.
2025-12-18 21:19:06,531 [ERROR] LogOutputStream:75 - [STDERR_REDIRECT] 
2025-12-18 21:19:07,543 [ERROR] LogOutputStream:75 - [STDERR_REDIRECT] [Fatal Error] :1:1: Premature end of file.
2025-12-18 21:19:07,543 [ERROR] LogOutputStream:75 - [STDERR_REDIRECT] 
2025-12-18 21:19:08,533 [ERROR] LogOutputStream:75 - [STDERR_REDIRECT] [Fatal Error] :1:1: Premature end of file.
2025-12-18 21:19:08,533 [ERROR] LogOutputStream:75 - [STDERR_REDIRECT] 
2025-12-18 21:19:09,552 [ERROR] LogOutputStream:75 - [STDERR_REDIRECT] [Fatal Error] :1:1: Premature end of file.
2025-12-18 21:19:09,552 [ERROR] LogOutputStream:75 - [STDERR_REDIRECT] 
2025-12-18 21:19:10,545 [ERROR] LogOutputStream:75 - [STDERR_REDIRECT] [Fatal Error] :1:1: Premature end of file.
2025-12-18 21:19:10,546 [ERROR] LogOutputStream:75 - [STDERR_REDIRECT] 
2025-12-18 21:19:11,543 [ERROR] LogOutputStream:75 - [STDERR_REDIRECT] [Fatal Error] :1:1: Premature end of file.
2025-12-18 21:19:11,543 [ERROR] LogOutputStream:75 - [STDERR_REDIRECT] 
2025-12-18 21:19:12,547 [ERROR] LogOutputStream:75 - [STDERR_REDIRECT] [Fatal Error] :1:1: Premature end of file.
2025-12-18 21:19:12,547 [ERROR] LogOutputStream:75 - [STDERR_REDIRECT] 
2025-12-18 21:19:13,545 [ERROR] LogOutputStream:75 - [STDERR_REDIRECT] [Fatal Error] :1:1: Premature end of file.
2025-12-18 21:19:13,545 [ERROR] LogOutputStream:75 - [STDERR_REDIRECT] 
2025-12-18 21:19:14,540 [ERROR] LogOutputStream:75 - [STDERR_REDIRECT] [Fatal Error] :1:1: Premature end of file.
2025-12-18 21:19:14,540 [ERROR] LogOutputStream:75 - [STDERR_REDIRECT] 
2025-12-18 21:19:15,556 [ERROR] LogOutputStream:75 - [STDERR_REDIRECT] [Fatal Error] :1:1: Premature end of file.
2025-12-18 21:19:15,556 [ERROR] LogOutputStream:75 - [STDERR_REDIRECT] 
2025-12-18 21:19:16,563 [ERROR] LogOutputStream:75 - [STDERR_REDIRECT] [Fatal Error] :1:1: Premature end of file.
2025-12-18 21:19:16,563 [ERROR] LogOutputStream:75 - [STDERR_REDIRECT] 
2025-12-18 21:19:17,539 [ERROR] LogOutputStream:75 - [STDERR_REDIRECT] [Fatal Error] :1:1: Premature end of file.
2025-12-18 21:19:17,539 [ERROR] LogOutputStream:75 - [STDERR_REDIRECT] 
2025-12-18 21:19:18,547 [ERROR] LogOutputStream:75 - [STDERR_REDIRECT] [Fatal Error] :1:1: Premature end of file.
2025-12-18 21:19:18,547 [ERROR] LogOutputStream:75 - [STDERR_REDIRECT] 
2025-12-18 21:19:19,541 [ERROR] LogOutputStream:75 - [STDERR_REDIRECT] [Fatal Error] :1:1: Premature end of file.
2025-12-18 21:19:19,541 [ERROR] LogOutputStream:75 - [STDERR_REDIRECT] 
2025-12-18 21:19:20,550 [ERROR] LogOutputStream:75 - [STDERR_REDIRECT] [Fatal Error] :1:1: Premature end of file.
2025-12-18 21:19:20,550 [ERROR] LogOutputStream:75 - [STDERR_REDIRECT] 
2025-12-18 21:19:21,544 [ERROR] LogOutputStream:75 - [STDERR_REDIRECT] [Fatal Error] :1:1: Premature end of file.
2025-12-18 21:19:21,544 [ERROR] LogOutputStream:75 - [STDERR_REDIRECT] 
2025-12-18 21:19:22,539 [ERROR] LogOutputStream:75 - [STDERR_REDIRECT] [Fatal Error] :1:1: Premature end of file.
2025-12-18 21:19:22,539 [ERROR] LogOutputStream:75 - [STDERR_REDIRECT] 
2025-12-18 21:19:23,549 [ERROR] LogOutputStream:75 - [STDERR_REDIRECT] [Fatal Error] :1:1: Premature end of file.
2025-12-18 21:19:23,549 [ERROR] LogOutputStream:75 - [STDERR_REDIRECT] 
2025-12-18 21:19:24,545 [ERROR] LogOutputStream:75 - [STDERR_REDIRECT] [Fatal Error] :1:1: Premature end of file.
2025-12-18 21:19:24,545 [ERROR] LogOutputStream:75 - [STDERR_REDIRECT] 
2025-12-18 21:19:25,554 [ERROR] LogOutputStream:75 - [STDERR_REDIRECT] [Fatal Error] :1:1: Premature end of file.
2025-12-18 21:19:25,554 [ERROR] LogOutputStream:75 - [STDERR_REDIRECT] 
2025-12-18 21:19:26,546 [ERROR] LogOutputStream:75 - [STDERR_REDIRECT] [Fatal Error] :1:1: Premature end of file.
2025-12-18 21:19:26,546 [ERROR] LogOutputStream:75 - [STDERR_REDIRECT] 
2025-12-18 21:19:27,541 [ERROR] LogOutputStream:75 - [STDERR_REDIRECT] [Fatal Error] :1:1: Premature end of file.
2025-12-18 21:19:27,541 [ERROR] LogOutputStream:75 - [STDERR_REDIRECT] 
2025-12-18 21:19:28,551 [ERROR] LogOutputStream:75 - [STDERR_REDIRECT] [Fatal Error] :1:1: Premature end of file.
2025-12-18 21:19:28,551 [ERROR] LogOutputStream:75 - [STDERR_REDIRECT] 
2025-12-18 21:19:29,544 [ERROR] LogOutputStream:75 - [STDERR_REDIRECT] [Fatal Error] :1:1: Premature end of file.
2025-12-18 21:19:29,544 [ERROR] LogOutputStream:75 - [STDERR_REDIRECT] 
2025-12-18 21:19:30,538 [ERROR] LogOutputStream:75 - [STDERR_REDIRECT] [Fatal Error] :1:1: Premature end of file.
2025-12-18 21:19:30,538 [ERROR] LogOutputStream:75 - [STDERR_REDIRECT] 
2025-12-18 21:19:31,548 [ERROR] LogOutputStream:75 - [STDERR_REDIRECT] [Fatal Error] :1:1: Premature end of file.
2025-12-18 21:19:31,548 [ERROR] LogOutputStream:75 - [STDERR_REDIRECT] 
2025-12-18 21:19:32,539 [ERROR] LogOutputStream:75 - [STDERR_REDIRECT] [Fatal Error] :1:1: Premature end of file.
2025-12-18 21:19:32,539 [ERROR] LogOutputStream:75 - [STDERR_REDIRECT] 
2025-12-18 21:19:33,554 [ERROR] LogOutputStream:75 - [STDERR_REDIRECT] [Fatal Error] :1:1: Premature end of file.
2025-12-18 21:19:33,554 [ERROR] LogOutputStream:75 - [STDERR_REDIRECT] 
2025-12-18 21:19:34,546 [ERROR] LogOutputStream:75 - [STDERR_REDIRECT] [Fatal Error] :1:1: Premature end of file.
2025-12-18 21:19:34,546 [ERROR] LogOutputStream:75 - [STDERR_REDIRECT] 
2025-12-18 21:19:35,539 [ERROR] LogOutputStream:75 - [STDERR_REDIRECT] [Fatal Error] :1:1: Premature end of file.
2025-12-18 21:19:35,539 [ERROR] LogOutputStream:75 - [STDERR_REDIRECT] 
2025-12-18 21:19:36,569 [ERROR] LogOutputStream:75 - [STDERR_REDIRECT] [Fatal Error] :1:1: Premature end of file.
2025-12-18 21:19:36,569 [ERROR] LogOutputStream:75 - [STDERR_REDIRECT] 
2025-12-18 21:19:37,543 [ERROR] LogOutputStream:75 - [STDERR_REDIRECT] [Fatal Error] :1:1: Premature end of file.
2025-12-18 21:19:37,543 [ERROR] LogOutputStream:75 - [STDERR_REDIRECT] 
2025-12-18 21:19:38,562 [ERROR] LogOutputStream:75 - [STDERR_REDIRECT] [Fatal Error] :1:1: Premature end of file.
2025-12-18 21:19:38,562 [ERROR] LogOutputStream:75 - [STDERR_REDIRECT] 
2025-12-18 21:19:39,551 [ERROR] LogOutputStream:75 - [STDERR_REDIRECT] [Fatal Error] :1:1: Premature end of file.
2025-12-18 21:19:39,551 [ERROR] LogOutputStream:75 - [STDERR_REDIRECT] 
2025-12-18 21:19:40,541 [ERROR] LogOutputStream:75 - [STDERR_REDIRECT] [Fatal Error] :1:1: Premature end of file.
2025-12-18 21:19:40,541 [ERROR] LogOutputStream:75 - [STDERR_REDIRECT] 
2025-12-18 21:19:41,558 [ERROR] LogOutputStream:75 - [STDERR_REDIRECT] [Fatal Error] :1:1: Premature end of file.
2025-12-18 21:19:41,558 [ERROR] LogOutputStream:75 - [STDERR_REDIRECT] 
2025-12-18 21:19:42,542 [ERROR] LogOutputStream:75 - [STDERR_REDIRECT] [Fatal Error] :1:1: Premature end of file.
2025-12-18 21:19:42,542 [ERROR] LogOutputStream:75 - [STDERR_REDIRECT] 
2025-12-18 21:19:43,568 [ERROR] LogOutputStream:75 - [STDERR_REDIRECT] [Fatal Error] :1:1: Premature end of file.
2025-12-18 21:19:43,568 [ERROR] LogOutputStream:75 - [STDERR_REDIRECT] 
2025-12-18 21:19:44,544 [ERROR] LogOutputStream:75 - [STDERR_REDIRECT] [Fatal Error] :1:1: Premature end of file.
2025-12-18 21:19:44,544 [ERROR] LogOutputStream:75 - [STDERR_REDIRECT] 
2025-12-18 21:19:45,564 [ERROR] LogOutputStream:75 - [STDERR_REDIRECT] [Fatal Error] :1:1: Premature end of file.
2025-12-18 21:19:45,564 [ERROR] LogOutputStream:75 - [STDERR_REDIRECT] 
2025-12-18 21:19:46,559 [ERROR] LogOutputStream:75 - [STDERR_REDIRECT] [Fatal Error] :1:1: Premature end of file.
2025-12-18 21:19:46,559 [ERROR] LogOutputStream:75 - [STDERR_REDIRECT] 
2025-12-18 21:19:47,540 [ERROR] LogOutputStream:75 - [STDERR_REDIRECT] [Fatal Error] :1:1: Premature end of file.
2025-12-18 21:19:47,540 [ERROR] LogOutputStream:75 - [STDERR_REDIRECT] 
2025-12-18 21:19:48,549 [ERROR] LogOutputStream:75 - [STDERR_REDIRECT] [Fatal Error] :1:1: Premature end of file.
2025-12-18 21:19:48,549 [ERROR] LogOutputStream:75 - [STDERR_REDIRECT] 
2025-12-18 21:19:49,554 [ERROR] LogOutputStream:75 - [STDERR_REDIRECT] [Fatal Error] :1:1: Premature end of file.
2025-12-18 21:19:49,554 [ERROR] LogOutputStream:75 - [STDERR_REDIRECT] 
2025-12-18 21:19:50,538 [ERROR] LogOutputStream:75 - [STDERR_REDIRECT] [Fatal Error] :1:1: Premature end of file.
2025-12-18 21:19:50,538 [ERROR] LogOutputStream:75 - [STDERR_REDIRECT] 
2025-12-18 21:19:51,561 [ERROR] LogOutputStream:75 - [STDERR_REDIRECT] [Fatal Error] :1:1: Premature end of file.
2025-12-18 21:19:51,561 [ERROR] LogOutputStream:75 - [STDERR_REDIRECT] 
2025-12-18 21:19:52,540 [ERROR] LogOutputStream:75 - [STDERR_REDIRECT] [Fatal Error] :1:1: Premature end of file.
2025-12-18 21:19:52,540 [ERROR] LogOutputStream:75 - [STDERR_REDIRECT] 
2025-12-18 21:19:53,564 [ERROR] LogOutputStream:75 - [STDERR_REDIRECT] [Fatal Error] :1:1: Premature end of file.
2025-12-18 21:19:53,564 [ERROR] LogOutputStream:75 - [STDERR_REDIRECT] 
2025-12-18 21:19:54,543 [ERROR] LogOutputStream:75 - [STDERR_REDIRECT] [Fatal Error] :1:1: Premature end of file.
2025-12-18 21:19:54,543 [ERROR] LogOutputStream:75 - [STDERR_REDIRECT] 
2025-12-18 21:19:55,550 [ERROR] LogOutputStream:75 - [STDERR_REDIRECT] [Fatal Error] :1:1: Premature end of file.
2025-12-18 21:19:55,550 [ERROR] LogOutputStream:75 - [STDERR_REDIRECT] 
2025-12-18 21:19:56,545 [ERROR] LogOutputStream:75 - [STDERR_REDIRECT] [Fatal Error] :1:1: Premature end of file.
2025-12-18 21:19:56,545 [ERROR] LogOutputStream:75 - [STDERR_REDIRECT] 
2025-12-18 21:19:57,538 [ERROR] LogOutputStream:75 - [STDERR_REDIRECT] [Fatal Error] :1:1: Premature end of file.
2025-12-18 21:19:57,538 [ERROR] LogOutputStream:75 - [STDERR_REDIRECT] 
2025-12-18 21:19:58,548 [ERROR] LogOutputStream:75 - [STDERR_REDIRECT] [Fatal Error] :1:1: Premature end of file.
2025-12-18 21:19:58,548 [ERROR] LogOutputStream:75 - [STDERR_REDIRECT] 
2025-12-18 21:19:59,555 [ERROR] LogOutputStream:75 - [STDERR_REDIRECT] [Fatal Error] :1:1: Premature end of file.
2025-12-18 21:19:59,555 [ERROR] LogOutputStream:75 - [STDERR_REDIRECT] 
2025-12-18 21:20:00,540 [ERROR] LogOutputStream:75 - [STDERR_REDIRECT] [Fatal Error] :1:1: Premature end of file.
2025-12-18 21:20:00,540 [ERROR] LogOutputStream:75 - [STDERR_REDIRECT] 
2025-12-18 21:20:01,554 [ERROR] LogOutputStream:75 - [STDERR_REDIRECT] [Fatal Error] :1:1: Premature end of file.
2025-12-18 21:20:01,554 [ERROR] LogOutputStream:75 - [STDERR_REDIRECT] 
2025-12-18 21:20:02,552 [ERROR] LogOutputStream:75 - [STDERR_REDIRECT] [Fatal Error] :1:1: Premature end of file.
2025-12-18 21:20:02,552 [ERROR] LogOutputStream:75 - [STDERR_REDIRECT] 
2025-12-18 21:20:03,566 [ERROR] LogOutputStream:75 - [STDERR_REDIRECT] [Fatal Error] :1:1: Premature end of file.
2025-12-18 21:20:03,566 [ERROR] LogOutputStream:75 - [STDERR_REDIRECT] 
2025-12-18 21:20:04,560 [ERROR] LogOutputStream:75 - [STDERR_REDIRECT] [Fatal Error] :1:1: Premature end of file.
2025-12-18 21:20:04,560 [ERROR] LogOutputStream:75 - [STDERR_REDIRECT] 
2025-12-18 21:20:05,551 [ERROR] LogOutputStream:75 - [STDERR_REDIRECT] [Fatal Error] :1:1: Premature end of file.
2025-12-18 21:20:05,551 [ERROR] LogOutputStream:75 - [STDERR_REDIRECT] 
2025-12-18 21:20:06,553 [ERROR] LogOutputStream:75 - [STDERR_REDIRECT] [Fatal Error] :1:1: Premature end of file.
2025-12-18 21:20:06,553 [ERROR] LogOutputStream:75 - [STDERR_REDIRECT] 
2025-12-18 21:20:07,539 [ERROR] LogOutputStream:75 - [STDERR_REDIRECT] [Fatal Error] :1:1: Premature end of file.
2025-12-18 21:20:07,539 [ERROR] LogOutputStream:75 - [STDERR_REDIRECT] 
2025-12-18 21:20:08,550 [ERROR] LogOutputStream:75 - [STDERR_REDIRECT] [Fatal Error] :1:1: Premature end of file.
2025-12-18 21:20:08,550 [ERROR] LogOutputStream:75 - [STDERR_REDIRECT] 
2025-12-18 21:20:09,546 [ERROR] LogOutputStream:75 - [STDERR_REDIRECT] [Fatal Error] :1:1: Premature end of file.
2025-12-18 21:20:09,546 [ERROR] LogOutputStream:75 - [STDERR_REDIRECT] 
2025-12-18 21:20:10,553 [ERROR] LogOutputStream:75 - [STDERR_REDIRECT] [Fatal Error] :1:1: Premature end of file.
2025-12-18 21:20:10,553 [ERROR] LogOutputStream:75 - [STDERR_REDIRECT] 
2025-12-18 21:20:11,551 [ERROR] LogOutputStream:75 - [STDERR_REDIRECT] [Fatal Error] :1:1: Premature end of file.
2025-12-18 21:20:11,551 [ERROR] LogOutputStream:75 - [STDERR_REDIRECT] 
2025-12-18 21:20:12,543 [ERROR] LogOutputStream:75 - [STDERR_REDIRECT] [Fatal Error] :1:1: Premature end of file.
2025-12-18 21:20:12,543 [ERROR] LogOutputStream:75 - [STDERR_REDIRECT] 
2025-12-18 21:20:13,569 [ERROR] LogOutputStream:75 - [STDERR_REDIRECT] [Fatal Error] :1:1: Premature end of file.
2025-12-18 21:20:13,569 [ERROR] LogOutputStream:75 - [STDERR_REDIRECT] 
2025-12-18 21:20:14,549 [ERROR] LogOutputStream:75 - [STDERR_REDIRECT] [Fatal Error] :1:1: Premature end of file.
2025-12-18 21:20:14,549 [ERROR] LogOutputStream:75 - [STDERR_REDIRECT] 
2025-12-18 21:20:15,542 [ERROR] LogOutputStream:75 - [STDERR_REDIRECT] [Fatal Error] :1:1: Premature end of file.
2025-12-18 21:20:15,542 [ERROR] LogOutputStream:75 - [STDERR_REDIRECT] 
2025-12-18 21:20:16,540 [ERROR] LogOutputStream:75 - [STDERR_REDIRECT] [Fatal Error] :1:1: Premature end of file.
2025-12-18 21:20:16,540 [ERROR] LogOutputStream:75 - [STDERR_REDIRECT] 
2025-12-18 21:20:17,543 [ERROR] LogOutputStream:75 - [STDERR_REDIRECT] [Fatal Error] :1:1: Premature end of file.
2025-12-18 21:20:17,543 [ERROR] LogOutputStream:75 - [STDERR_REDIRECT] 
2025-12-18 21:20:18,551 [ERROR] LogOutputStream:75 - [STDERR_REDIRECT] [Fatal Error] :1:1: Premature end of file.
2025-12-18 21:20:18,551 [ERROR] LogOutputStream:75 - [STDERR_REDIRECT] 
2025-12-18 21:20:19,560 [ERROR] LogOutputStream:75 - [STDERR_REDIRECT] [Fatal Error] :1:1: Premature end of file.
2025-12-18 21:20:19,560 [ERROR] LogOutputStream:75 - [STDERR_REDIRECT] 
2025-12-18 21:20:20,553 [ERROR] LogOutputStream:75 - [STDERR_REDIRECT] [Fatal Error] :1:1: Premature end of file.
2025-12-18 21:20:20,553 [ERROR] LogOutputStream:75 - [STDERR_REDIRECT] 
2025-12-18 21:20:21,544 [ERROR] LogOutputStream:75 - [STDERR_REDIRECT] [Fatal Error] :1:1: Premature end of file.
2025-12-18 21:20:21,544 [ERROR] LogOutputStream:75 - [STDERR_REDIRECT] 
2025-12-18 21:20:22,530 [ERROR] LogOutputStream:75 - [STDERR_REDIRECT] [Fatal Error] :1:1: Premature end of file.
2025-12-18 21:20:22,530 [ERROR] LogOutputStream:75 - [STDERR_REDIRECT] 
2025-12-18 21:20:23,540 [ERROR] LogOutputStream:75 - [STDERR_REDIRECT] [Fatal Error] :1:1: Premature end of file.
2025-12-18 21:20:23,540 [ERROR] LogOutputStream:75 - [STDERR_REDIRECT] 
2025-12-18 21:20:24,529 [ERROR] LogOutputStream:75 - [STDERR_REDIRECT] [Fatal Error] :1:1: Premature end of file.
2025-12-18 21:20:24,529 [ERROR] LogOutputStream:75 - [STDERR_REDIRECT] 
2025-12-18 21:20:25,551 [ERROR] LogOutputStream:75 - [STDERR_REDIRECT] [Fatal Error] :1:1: Premature end of file.
2025-12-18 21:20:25,551 [ERROR] LogOutputStream:75 - [STDERR_REDIRECT] 
2025-12-18 21:20:26,538 [ERROR] LogOutputStream:75 - [STDERR_REDIRECT] [Fatal Error] :1:1: Premature end of file.
2025-12-18 21:20:26,538 [ERROR] LogOutputStream:75 - [STDERR_REDIRECT] 
2025-12-18 21:20:27,548 [ERROR] LogOutputStream:75 - [STDERR_REDIRECT] [Fatal Error] :1:1: Premature end of file.
2025-12-18 21:20:27,548 [ERROR] LogOutputStream:75 - [STDERR_REDIRECT] 
2025-12-18 21:20:28,561 [ERROR] LogOutputStream:75 - [STDERR_REDIRECT] [Fatal Error] :1:1: Premature end of file.
2025-12-18 21:20:28,561 [ERROR] LogOutputStream:75 - [STDERR_REDIRECT] 
2025-12-18 21:20:29,554 [ERROR] LogOutputStream:75 - [STDERR_REDIRECT] [Fatal Error] :1:1: Premature end of file.
2025-12-18 21:20:29,554 [ERROR] LogOutputStream:75 - [STDERR_REDIRECT] 
2025-12-18 21:20:30,573 [ERROR] LogOutputStream:75 - [STDERR_REDIRECT] [Fatal Error] :1:1: Premature end of file.
2025-12-18 21:20:30,573 [ERROR] LogOutputStream:75 - [STDERR_REDIRECT] 
2025-12-18 21:20:31,541 [ERROR] LogOutputStream:75 - [STDERR_REDIRECT] [Fatal Error] :1:1: Premature end of file.
2025-12-18 21:20:31,541 [ERROR] LogOutputStream:75 - [STDERR_REDIRECT] 
2025-12-18 21:20:32,540 [ERROR] LogOutputStream:75 - [STDERR_REDIRECT] [Fatal Error] :1:1: Premature end of file.
2025-12-18 21:20:32,540 [ERROR] LogOutputStream:75 - [STDERR_REDIRECT] 
2025-12-18 21:20:33,548 [ERROR] LogOutputStream:75 - [STDERR_REDIRECT] [Fatal Error] :1:1: Premature end of file.
2025-12-18 21:20:33,548 [ERROR] LogOutputStream:75 - [STDERR_REDIRECT] 
2025-12-18 21:20:34,541 [ERROR] LogOutputStream:75 - [STDERR_REDIRECT] [Fatal Error] :1:1: Premature end of file.
2025-12-18 21:20:34,541 [ERROR] LogOutputStream:75 - [STDERR_REDIRECT] 
2025-12-18 21:20:35,549 [ERROR] LogOutputStream:75 - [STDERR_REDIRECT] [Fatal Error] :1:1: Premature end of file.
2025-12-18 21:20:35,549 [ERROR] LogOutputStream:75 - [STDERR_REDIRECT] 
2025-12-18 21:20:36,562 [ERROR] LogOutputStream:75 - [STDERR_REDIRECT] [Fatal Error] :1:1: Premature end of file.
2025-12-18 21:20:36,562 [ERROR] LogOutputStream:75 - [STDERR_REDIRECT] 
2025-12-18 21:20:37,568 [ERROR] LogOutputStream:75 - [STDERR_REDIRECT] [Fatal Error] :1:1: Premature end of file.
2025-12-18 21:20:37,568 [ERROR] LogOutputStream:75 - [STDERR_REDIRECT] 
2025-12-18 21:20:38,542 [ERROR] LogOutputStream:75 - [STDERR_REDIRECT] [Fatal Error] :1:1: Premature end of file.
2025-12-18 21:20:38,542 [ERROR] LogOutputStream:75 - [STDERR_REDIRECT] 
2025-12-18 21:20:39,537 [ERROR] LogOutputStream:75 - [STDERR_REDIRECT] [Fatal Error] :1:1: Premature end of file.
2025-12-18 21:20:39,537 [ERROR] LogOutputStream:75 - [STDERR_REDIRECT] 
2025-12-18 21:20:40,545 [ERROR] LogOutputStream:75 - [STDERR_REDIRECT] [Fatal Error] :1:1: Premature end of file.
2025-12-18 21:20:40,545 [ERROR] LogOutputStream:75 - [STDERR_REDIRECT] 
2025-12-18 21:20:41,554 [ERROR] LogOutputStream:75 - [STDERR_REDIRECT] [Fatal Error] :1:1: Premature end of file.
2025-12-18 21:20:41,554 [ERROR] LogOutputStream:75 - [STDERR_REDIRECT] 
2025-12-18 21:20:42,546 [ERROR] LogOutputStream:75 - [STDERR_REDIRECT] [Fatal Error] :1:1: Premature end of file.
2025-12-18 21:20:42,546 [ERROR] LogOutputStream:75 - [STDERR_REDIRECT] 
2025-12-18 21:20:43,563 [ERROR] LogOutputStream:75 - [STDERR_REDIRECT] [Fatal Error] :1:1: Premature end of file.
2025-12-18 21:20:43,563 [ERROR] LogOutputStream:75 - [STDERR_REDIRECT] 
2025-12-18 21:20:44,546 [ERROR] LogOutputStream:75 - [STDERR_REDIRECT] [Fatal Error] :1:1: Premature end of file.
2025-12-18 21:20:44,546 [ERROR] LogOutputStream:75 - [STDERR_REDIRECT] 
2025-12-18 21:20:45,543 [ERROR] LogOutputStream:75 - [STDERR_REDIRECT] [Fatal Error] :1:1: Premature end of file.
2025-12-18 21:20:45,543 [ERROR] LogOutputStream:75 - [STDERR_REDIRECT] 
2025-12-18 21:20:46,553 [ERROR] LogOutputStream:75 - [STDERR_REDIRECT] [Fatal Error] :1:1: Premature end of file.
2025-12-18 21:20:46,553 [ERROR] LogOutputStream:75 - [STDERR_REDIRECT] 
2025-12-18 21:20:47,549 [ERROR] LogOutputStream:75 - [STDERR_REDIRECT] [Fatal Error] :1:1: Premature end of file.
2025-12-18 21:20:47,549 [ERROR] LogOutputStream:75 - [STDERR_REDIRECT] 
2025-12-18 21:20:48,549 [ERROR] LogOutputStream:75 - [STDERR_REDIRECT] [Fatal Error] :1:1: Premature end of file.
2025-12-18 21:20:48,549 [ERROR] LogOutputStream:75 - [STDERR_REDIRECT] 
2025-12-18 21:20:49,549 [ERROR] LogOutputStream:75 - [STDERR_REDIRECT] [Fatal Error] :1:1: Premature end of file.
2025-12-18 21:20:49,549 [ERROR] LogOutputStream:75 - [STDERR_REDIRECT] 
2025-12-18 21:20:50,545 [ERROR] LogOutputStream:75 - [STDERR_REDIRECT] [Fatal Error] :1:1: Premature end of file.
2025-12-18 21:20:50,545 [ERROR] LogOutputStream:75 - [STDERR_REDIRECT] 
2025-12-18 21:20:51,551 [ERROR] LogOutputStream:75 - [STDERR_REDIRECT] [Fatal Error] :1:1: Premature end of file.
2025-12-18 21:20:51,551 [ERROR] LogOutputStream:75 - [STDERR_REDIRECT] 
2025-12-18 21:20:52,552 [ERROR] LogOutputStream:75 - [STDERR_REDIRECT] [Fatal Error] :1:1: Premature end of file.
2025-12-18 21:20:52,552 [ERROR] LogOutputStream:75 - [STDERR_REDIRECT] 
2025-12-18 21:20:53,552 [ERROR] LogOutputStream:75 - [STDERR_REDIRECT] [Fatal Error] :1:1: Premature end of file.
2025-12-18 21:20:53,552 [ERROR] LogOutputStream:75 - [STDERR_REDIRECT] 
2025-12-18 21:20:54,553 [ERROR] LogOutputStream:75 - [STDERR_REDIRECT] [Fatal Error] :1:1: Premature end of file.
2025-12-18 21:20:54,553 [ERROR] LogOutputStream:75 - [STDERR_REDIRECT] 
2025-12-18 21:20:55,552 [ERROR] LogOutputStream:75 - [STDERR_REDIRECT] [Fatal Error] :1:1: Premature end of file.
2025-12-18 21:20:55,552 [ERROR] LogOutputStream:75 - [STDERR_REDIRECT] 
2025-12-18 21:20:56,557 [ERROR] LogOutputStream:75 - [STDERR_REDIRECT] [Fatal Error] :1:1: Premature end of file.
2025-12-18 21:20:56,557 [ERROR] LogOutputStream:75 - [STDERR_REDIRECT] 
2025-12-18 21:20:57,543 [ERROR] LogOutputStream:75 - [STDERR_REDIRECT] [Fatal Error] :1:1: Premature end of file.
2025-12-18 21:20:57,543 [ERROR] LogOutputStream:75 - [STDERR_REDIRECT] 
2025-12-18 21:20:58,570 [ERROR] LogOutputStream:75 - [STDERR_REDIRECT] [Fatal Error] :1:1: Premature end of file.
2025-12-18 21:20:58,570 [ERROR] LogOutputStream:75 - [STDERR_REDIRECT] 
2025-12-18 21:20:59,542 [ERROR] LogOutputStream:75 - [STDERR_REDIRECT] [Fatal Error] :1:1: Premature end of file.
2025-12-18 21:20:59,542 [ERROR] LogOutputStream:75 - [STDERR_REDIRECT] 
2025-12-18 21:21:00,540 [ERROR] LogOutputStream:75 - [STDERR_REDIRECT] [Fatal Error] :1:1: Premature end of file.
2025-12-18 21:21:00,540 [ERROR] LogOutputStream:75 - [STDERR_REDIRECT] 
2025-12-18 21:21:01,546 [ERROR] LogOutputStream:75 - [STDERR_REDIRECT] [Fatal Error] :1:1: Premature end of file.
2025-12-18 21:21:01,546 [ERROR] LogOutputStream:75 - [STDERR_REDIRECT] 
2025-12-18 21:21:02,540 [ERROR] LogOutputStream:75 - [STDERR_REDIRECT] [Fatal Error] :1:1: Premature end of file.
2025-12-18 21:21:02,540 [ERROR] LogOutputStream:75 - [STDERR_REDIRECT] 
2025-12-18 21:21:03,545 [ERROR] LogOutputStream:75 - [STDERR_REDIRECT] [Fatal Error] :1:1: Premature end of file.
2025-12-18 21:21:03,545 [ERROR] LogOutputStream:75 - [STDERR_REDIRECT] 
2025-12-18 21:21:04,545 [ERROR] LogOutputStream:75 - [STDERR_REDIRECT] [Fatal Error] :1:1: Premature end of file.
2025-12-18 21:21:04,545 [ERROR] LogOutputStream:75 - [STDERR_REDIRECT] 
2025-12-18 21:21:05,540 [ERROR] LogOutputStream:75 - [STDERR_REDIRECT] [Fatal Error] :1:1: Premature end of file.
2025-12-18 21:21:05,540 [ERROR] LogOutputStream:75 - [STDERR_REDIRECT] 
2025-12-18 21:21:06,548 [ERROR] LogOutputStream:75 - [STDERR_REDIRECT] [Fatal Error] :1:1: Premature end of file.
2025-12-18 21:21:06,548 [ERROR] LogOutputStream:75 - [STDERR_REDIRECT] 
2025-12-18 21:21:07,557 [ERROR] LogOutputStream:75 - [STDERR_REDIRECT] [Fatal Error] :1:1: Premature end of file.
2025-12-18 21:21:07,557 [ERROR] LogOutputStream:75 - [STDERR_REDIRECT] 
2025-12-18 21:21:08,580 [ERROR] LogOutputStream:75 - [STDERR_REDIRECT] [Fatal Error] :1:1: Premature end of file.
2025-12-18 21:21:08,580 [ERROR] LogOutputStream:75 - [STDERR_REDIRECT] 
2025-12-18 21:21:09,565 [ERROR] LogOutputStream:75 - [STDERR_REDIRECT] [Fatal Error] :1:1: Premature end of file.
2025-12-18 21:21:09,565 [ERROR] LogOutputStream:75 - [STDERR_REDIRECT] 
2025-12-18 21:21:10,550 [ERROR] LogOutputStream:75 - [STDERR_REDIRECT] [Fatal Error] :1:1: Premature end of file.
2025-12-18 21:21:10,550 [ERROR] LogOutputStream:75 - [STDERR_REDIRECT] 
2025-12-18 21:21:11,550 [ERROR] LogOutputStream:75 - [STDERR_REDIRECT] [Fatal Error] :1:1: Premature end of file.
2025-12-18 21:21:11,550 [ERROR] LogOutputStream:75 - [STDERR_REDIRECT] 
2025-12-18 21:21:12,544 [ERROR] LogOutputStream:75 - [STDERR_REDIRECT] [Fatal Error] :1:1: Premature end of file.
2025-12-18 21:21:12,544 [ERROR] LogOutputStream:75 - [STDERR_REDIRECT] 
2025-12-18 21:21:13,538 [ERROR] LogOutputStream:75 - [STDERR_REDIRECT] [Fatal Error] :1:1: Premature end of file.
2025-12-18 21:21:13,538 [ERROR] LogOutputStream:75 - [STDERR_REDIRECT] 
2025-12-18 21:21:14,549 [ERROR] LogOutputStream:75 - [STDERR_REDIRECT] [Fatal Error] :1:1: Premature end of file.
2025-12-18 21:21:14,549 [ERROR] LogOutputStream:75 - [STDERR_REDIRECT] 
2025-12-18 21:21:15,570 [ERROR] LogOutputStream:75 - [STDERR_REDIRECT] [Fatal Error] :1:1: Premature end of file.
2025-12-18 21:21:15,570 [ERROR] LogOutputStream:75 - [STDERR_REDIRECT] 
2025-12-18 21:21:16,552 [ERROR] LogOutputStream:75 - [STDERR_REDIRECT] [Fatal Error] :1:1: Premature end of file.
2025-12-18 21:21:16,552 [ERROR] LogOutputStream:75 - [STDERR_REDIRECT] 
2025-12-18 21:21:17,567 [ERROR] LogOutputStream:75 - [STDERR_REDIRECT] [Fatal Error] :1:1: Premature end of file.
2025-12-18 21:21:17,567 [ERROR] LogOutputStream:75 - [STDERR_REDIRECT] 
2025-12-18 21:21:18,549 [ERROR] LogOutputStream:75 - [STDERR_REDIRECT] [Fatal Error] :1:1: Premature end of file.
2025-12-18 21:21:18,549 [ERROR] LogOutputStream:75 - [STDERR_REDIRECT] 
2025-12-18 21:21:19,548 [ERROR] LogOutputStream:75 - [STDERR_REDIRECT] [Fatal Error] :1:1: Premature end of file.
2025-12-18 21:21:19,548 [ERROR] LogOutputStream:75 - [STDERR_REDIRECT] 
2025-12-18 21:21:20,536 [ERROR] LogOutputStream:75 - [STDERR_REDIRECT] [Fatal Error] :1:1: Premature end of file.
2025-12-18 21:21:20,536 [ERROR] LogOutputStream:75 - [STDERR_REDIRECT] 
2025-12-18 21:21:21,551 [ERROR] LogOutputStream:75 - [STDERR_REDIRECT] [Fatal Error] :1:1: Premature end of file.
2025-12-18 21:21:21,551 [ERROR] LogOutputStream:75 - [STDERR_REDIRECT] 
2025-12-18 21:21:22,551 [ERROR] LogOutputStream:75 - [STDERR_REDIRECT] [Fatal Error] :1:1: Premature end of file.
2025-12-18 21:21:22,551 [ERROR] LogOutputStream:75 - [STDERR_REDIRECT] 
2025-12-18 21:21:23,553 [ERROR] LogOutputStream:75 - [STDERR_REDIRECT] [Fatal Error] :1:1: Premature end of file.
2025-12-18 21:21:23,553 [ERROR] LogOutputStream:75 - [STDERR_REDIRECT] 
2025-12-18 21:21:24,558 [ERROR] LogOutputStream:75 - [STDERR_REDIRECT] [Fatal Error] :1:1: Premature end of file.
2025-12-18 21:21:24,558 [ERROR] LogOutputStream:75 - [STDERR_REDIRECT] 
2025-12-18 21:21:25,539 [ERROR] LogOutputStream:75 - [STDERR_REDIRECT] [Fatal Error] :1:1: Premature end of file.
2025-12-18 21:21:25,539 [ERROR] LogOutputStream:75 - [STDERR_REDIRECT] 
2025-12-18 21:21:26,552 [ERROR] LogOutputStream:75 - [STDERR_REDIRECT] [Fatal Error] :1:1: Premature end of file.
2025-12-18 21:21:26,552 [ERROR] LogOutputStream:75 - [STDERR_REDIRECT] 
2025-12-18 21:21:27,549 [ERROR] LogOutputStream:75 - [STDERR_REDIRECT] [Fatal Error] :1:1: Premature end of file.
2025-12-18 21:21:27,549 [ERROR] LogOutputStream:75 - [STDERR_REDIRECT] 
2025-12-18 21:21:28,559 [ERROR] LogOutputStream:75 - [STDERR_REDIRECT] [Fatal Error] :1:1: Premature end of file.
2025-12-18 21:21:28,559 [ERROR] LogOutputStream:75 - [STDERR_REDIRECT] 
2025-12-18 21:21:29,541 [ERROR] LogOutputStream:75 - [STDERR_REDIRECT] [Fatal Error] :1:1: Premature end of file.
2025-12-18 21:21:29,541 [ERROR] LogOutputStream:75 - [STDERR_REDIRECT] 
2025-12-18 21:21:30,550 [ERROR] LogOutputStream:75 - [STDERR_REDIRECT] [Fatal Error] :1:1: Premature end of file.
2025-12-18 21:21:30,550 [ERROR] LogOutputStream:75 - [STDERR_REDIRECT] 
2025-12-18 21:21:31,544 [ERROR] LogOutputStream:75 - [STDERR_REDIRECT] [Fatal Error] :1:1: Premature end of file.
2025-12-18 21:21:31,544 [ERROR] LogOutputStream:75 - [STDERR_REDIRECT] 
2025-12-18 21:21:32,554 [ERROR] LogOutputStream:75 - [STDERR_REDIRECT] [Fatal Error] :1:1: Premature end of file.
2025-12-18 21:21:32,555 [ERROR] LogOutputStream:75 - [STDERR_REDIRECT] 
2025-12-18 21:21:33,566 [ERROR] LogOutputStream:75 - [STDERR_REDIRECT] [Fatal Error] :1:1: Premature end of file.
2025-12-18 21:21:33,566 [ERROR] LogOutputStream:75 - [STDERR_REDIRECT] 
2025-12-18 21:21:34,544 [ERROR] LogOutputStream:75 - [STDERR_REDIRECT] [Fatal Error] :1:1: Premature end of file.
2025-12-18 21:21:34,544 [ERROR] LogOutputStream:75 - [STDERR_REDIRECT] 
2025-12-18 21:21:35,562 [ERROR] LogOutputStream:75 - [STDERR_REDIRECT] [Fatal Error] :1:1: Premature end of file.
2025-12-18 21:21:35,562 [ERROR] LogOutputStream:75 - [STDERR_REDIRECT] 
2025-12-18 21:21:36,544 [ERROR] LogOutputStream:75 - [STDERR_REDIRECT] [Fatal Error] :1:1: Premature end of file.
2025-12-18 21:21:36,544 [ERROR] LogOutputStream:75 - [STDERR_REDIRECT] 
2025-12-18 21:21:37,541 [ERROR] LogOutputStream:75 - [STDERR_REDIRECT] [Fatal Error] :1:1: Premature end of file.
2025-12-18 21:21:37,541 [ERROR] LogOutputStream:75 - [STDERR_REDIRECT] 
2025-12-18 21:21:38,553 [ERROR] LogOutputStream:75 - [STDERR_REDIRECT] [Fatal Error] :1:1: Premature end of file.
2025-12-18 21:21:38,553 [ERROR] LogOutputStream:75 - [STDERR_REDIRECT] 
2025-12-18 21:21:39,546 [ERROR] LogOutputStream:75 - [STDERR_REDIRECT] [Fatal Error] :1:1: Premature end of file.
2025-12-18 21:21:39,546 [ERROR] LogOutputStream:75 - [STDERR_REDIRECT] 
2025-12-18 21:21:40,537 [ERROR] LogOutputStream:75 - [STDERR_REDIRECT] [Fatal Error] :1:1: Premature end of file.
2025-12-18 21:21:40,537 [ERROR] LogOutputStream:75 - [STDERR_REDIRECT] 
2025-12-18 21:21:41,546 [ERROR] LogOutputStream:75 - [STDERR_REDIRECT] [Fatal Error] :1:1: Premature end of file.
2025-12-18 21:21:41,546 [ERROR] LogOutputStream:75 - [STDERR_REDIRECT] 
2025-12-18 21:21:42,557 [ERROR] LogOutputStream:75 - [STDERR_REDIRECT] [Fatal Error] :1:1: Premature end of file.
2025-12-18 21:21:42,557 [ERROR] LogOutputStream:75 - [STDERR_REDIRECT] 
2025-12-18 21:21:43,552 [ERROR] LogOutputStream:75 - [STDERR_REDIRECT] [Fatal Error] :1:1: Premature end of file.
2025-12-18 21:21:43,552 [ERROR] LogOutputStream:75 - [STDERR_REDIRECT] 
2025-12-18 21:21:44,558 [ERROR] LogOutputStream:75 - [STDERR_REDIRECT] [Fatal Error] :1:1: Premature end of file.
2025-12-18 21:21:44,558 [ERROR] LogOutputStream:75 - [STDERR_REDIRECT] 
2025-12-18 21:21:45,552 [ERROR] LogOutputStream:75 - [STDERR_REDIRECT] [Fatal Error] :1:1: Premature end of file.
2025-12-18 21:21:45,552 [ERROR] LogOutputStream:75 - [STDERR_REDIRECT] 
2025-12-18 21:21:46,564 [ERROR] LogOutputStream:75 - [STDERR_REDIRECT] [Fatal Error] :1:1: Premature end of file.
2025-12-18 21:21:46,564 [ERROR] LogOutputStream:75 - [STDERR_REDIRECT] 
2025-12-18 21:21:47,547 [ERROR] LogOutputStream:75 - [STDERR_REDIRECT] [Fatal Error] :1:1: Premature end of file.
2025-12-18 21:21:47,547 [ERROR] LogOutputStream:75 - [STDERR_REDIRECT] 
2025-12-18 21:21:48,558 [ERROR] LogOutputStream:75 - [STDERR_REDIRECT] [Fatal Error] :1:1: Premature end of file.
2025-12-18 21:21:48,558 [ERROR] LogOutputStream:75 - [STDERR_REDIRECT] 
2025-12-18 21:21:49,556 [ERROR] LogOutputStream:75 - [STDERR_REDIRECT] [Fatal Error] :1:1: Premature end of file.
2025-12-18 21:21:49,556 [ERROR] LogOutputStream:75 - [STDERR_REDIRECT] 
2025-12-18 21:21:50,551 [ERROR] LogOutputStream:75 - [STDERR_REDIRECT] [Fatal Error] :1:1: Premature end of file.
2025-12-18 21:21:50,552 [ERROR] LogOutputStream:75 - [STDERR_REDIRECT] 
2025-12-18 21:21:51,543 [ERROR] LogOutputStream:75 - [STDERR_REDIRECT] [Fatal Error] :1:1: Premature end of file.
2025-12-18 21:21:51,543 [ERROR] LogOutputStream:75 - [STDERR_REDIRECT] 
2025-12-18 21:21:52,552 [ERROR] LogOutputStream:75 - [STDERR_REDIRECT] [Fatal Error] :1:1: Premature end of file.
2025-12-18 21:21:52,552 [ERROR] LogOutputStream:75 - [STDERR_REDIRECT] 
2025-12-18 21:21:53,546 [ERROR] LogOutputStream:75 - [STDERR_REDIRECT] [Fatal Error] :1:1: Premature end of file.
2025-12-18 21:21:53,546 [ERROR] LogOutputStream:75 - [STDERR_REDIRECT] 
2025-12-18 21:21:54,536 [ERROR] LogOutputStream:75 - [STDERR_REDIRECT] [Fatal Error] :1:1: Premature end of file.
2025-12-18 21:21:54,536 [ERROR] LogOutputStream:75 - [STDERR_REDIRECT] 
2025-12-18 21:21:55,550 [ERROR] LogOutputStream:75 - [STDERR_REDIRECT] [Fatal Error] :1:1: Premature end of file.
2025-12-18 21:21:55,550 [ERROR] LogOutputStream:75 - [STDERR_REDIRECT] 
2025-12-18 21:21:56,542 [ERROR] LogOutputStream:75 - [STDERR_REDIRECT] [Fatal Error] :1:1: Premature end of file.
2025-12-18 21:21:56,542 [ERROR] LogOutputStream:75 - [STDERR_REDIRECT] 
2025-12-18 21:21:57,553 [ERROR] LogOutputStream:75 - [STDERR_REDIRECT] [Fatal Error] :1:1: Premature end of file.
2025-12-18 21:21:57,553 [ERROR] LogOutputStream:75 - [STDERR_REDIRECT] 
2025-12-18 21:21:58,549 [ERROR] LogOutputStream:75 - [STDERR_REDIRECT] [Fatal Error] :1:1: Premature end of file.
2025-12-18 21:21:58,549 [ERROR] LogOutputStream:75 - [STDERR_REDIRECT] 
2025-12-18 21:21:59,538 [ERROR] LogOutputStream:75 - [STDERR_REDIRECT] [Fatal Error] :1:1: Premature end of file.
2025-12-18 21:21:59,538 [ERROR] LogOutputStream:75 - [STDERR_REDIRECT] 
2025-12-18 21:22:00,550 [ERROR] LogOutputStream:75 - [STDERR_REDIRECT] [Fatal Error] :1:1: Premature end of file.
2025-12-18 21:22:00,550 [ERROR] LogOutputStream:75 - [STDERR_REDIRECT] 
2025-12-18 21:22:01,543 [ERROR] LogOutputStream:75 - [STDERR_REDIRECT] [Fatal Error] :1:1: Premature end of file.
2025-12-18 21:22:01,543 [ERROR] LogOutputStream:75 - [STDERR_REDIRECT] 
2025-12-18 21:22:02,541 [ERROR] LogOutputStream:75 - [STDERR_REDIRECT] [Fatal Error] :1:1: Premature end of file.
2025-12-18 21:22:02,541 [ERROR] LogOutputStream:75 - [STDERR_REDIRECT] 
2025-12-18 21:22:03,541 [ERROR] LogOutputStream:75 - [STDERR_REDIRECT] [Fatal Error] :1:1: Premature end of file.
2025-12-18 21:22:03,541 [ERROR] LogOutputStream:75 - [STDERR_REDIRECT] 
2025-12-18 21:22:04,538 [ERROR] LogOutputStream:75 - [STDERR_REDIRECT] [Fatal Error] :1:1: Premature end of file.
2025-12-18 21:22:04,538 [ERROR] LogOutputStream:75 - [STDERR_REDIRECT] 
2025-12-18 21:22:05,538 [ERROR] LogOutputStream:75 - [STDERR_REDIRECT] [Fatal Error] :1:1: Premature end of file.
2025-12-18 21:22:05,538 [ERROR] LogOutputStream:75 - [STDERR_REDIRECT] 
2025-12-18 21:22:06,545 [ERROR] LogOutputStream:75 - [STDERR_REDIRECT] [Fatal Error] :1:1: Premature end of file.
2025-12-18 21:22:06,545 [ERROR] LogOutputStream:75 - [STDERR_REDIRECT] 
2025-12-18 21:22:07,561 [ERROR] LogOutputStream:75 - [STDERR_REDIRECT] [Fatal Error] :1:1: Premature end of file.
2025-12-18 21:22:07,561 [ERROR] LogOutputStream:75 - [STDERR_REDIRECT] 
2025-12-18 21:22:08,558 [ERROR] LogOutputStream:75 - [STDERR_REDIRECT] [Fatal Error] :1:1: Premature end of file.
2025-12-18 21:22:08,558 [ERROR] LogOutputStream:75 - [STDERR_REDIRECT] 
2025-12-18 21:22:09,538 [ERROR] LogOutputStream:75 - [STDERR_REDIRECT] [Fatal Error] :1:1: Premature end of file.
2025-12-18 21:22:09,538 [ERROR] LogOutputStream:75 - [STDERR_REDIRECT] 
2025-12-18 21:22:10,550 [ERROR] LogOutputStream:75 - [STDERR_REDIRECT] [Fatal Error] :1:1: Premature end of file.
2025-12-18 21:22:10,550 [ERROR] LogOutputStream:75 - [STDERR_REDIRECT] 
2025-12-18 21:22:11,537 [ERROR] LogOutputStream:75 - [STDERR_REDIRECT] [Fatal Error] :1:1: Premature end of file.
2025-12-18 21:22:11,537 [ERROR] LogOutputStream:75 - [STDERR_REDIRECT] 
2025-12-18 21:22:12,529 [ERROR] LogOutputStream:75 - [STDERR_REDIRECT] [Fatal Error] :1:1: Premature end of file.
2025-12-18 21:22:12,530 [ERROR] LogOutputStream:75 - [STDERR_REDIRECT] 
2025-12-18 21:22:13,548 [ERROR] LogOutputStream:75 - [STDERR_REDIRECT] [Fatal Error] :1:1: Premature end of file.
2025-12-18 21:22:13,548 [ERROR] LogOutputStream:75 - [STDERR_REDIRECT] 
2025-12-18 21:22:14,533 [ERROR] LogOutputStream:75 - [STDERR_REDIRECT] [Fatal Error] :1:1: Premature end of file.
2025-12-18 21:22:14,533 [ERROR] LogOutputStream:75 - [STDERR_REDIRECT] 
2025-12-18 21:22:15,548 [ERROR] LogOutputStream:75 - [STDERR_REDIRECT] [Fatal Error] :1:1: Premature end of file.
2025-12-18 21:22:15,548 [ERROR] LogOutputStream:75 - [STDERR_REDIRECT] 
2025-12-18 21:22:16,539 [ERROR] LogOutputStream:75 - [STDERR_REDIRECT] [Fatal Error] :1:1: Premature end of file.
2025-12-18 21:22:16,539 [ERROR] LogOutputStream:75 - [STDERR_REDIRECT] 
2025-12-18 21:22:17,544 [ERROR] LogOutputStream:75 - [STDERR_REDIRECT] [Fatal Error] :1:1: Premature end of file.
2025-12-18 21:22:17,544 [ERROR] LogOutputStream:75 - [STDERR_REDIRECT] 
2025-12-18 21:22:18,541 [ERROR] LogOutputStream:75 - [STDERR_REDIRECT] [Fatal Error] :1:1: Premature end of file.
2025-12-18 21:22:18,541 [ERROR] LogOutputStream:75 - [STDERR_REDIRECT] 
2025-12-18 21:22:19,551 [ERROR] LogOutputStream:75 - [STDERR_REDIRECT] [Fatal Error] :1:1: Premature end of file.
2025-12-18 21:22:19,551 [ERROR] LogOutputStream:75 - [STDERR_REDIRECT] 
2025-12-18 21:22:20,541 [ERROR] LogOutputStream:75 - [STDERR_REDIRECT] [Fatal Error] :1:1: Premature end of file.
2025-12-18 21:22:20,541 [ERROR] LogOutputStream:75 - [STDERR_REDIRECT] 
2025-12-18 21:22:21,553 [ERROR] LogOutputStream:75 - [STDERR_REDIRECT] [Fatal Error] :1:1: Premature end of file.
2025-12-18 21:22:21,553 [ERROR] LogOutputStream:75 - [STDERR_REDIRECT] 
2025-12-18 21:22:22,547 [ERROR] LogOutputStream:75 - [STDERR_REDIRECT] [Fatal Error] :1:1: Premature end of file.
2025-12-18 21:22:22,547 [ERROR] LogOutputStream:75 - [STDERR_REDIRECT] 
2025-12-18 21:22:23,556 [ERROR] LogOutputStream:75 - [STDERR_REDIRECT] [Fatal Error] :1:1: Premature end of file.
2025-12-18 21:22:23,556 [ERROR] LogOutputStream:75 - [STDERR_REDIRECT] 
2025-12-18 21:22:24,548 [ERROR] LogOutputStream:75 - [STDERR_REDIRECT] [Fatal Error] :1:1: Premature end of file.
2025-12-18 21:22:24,548 [ERROR] LogOutputStream:75 - [STDERR_REDIRECT] 
2025-12-18 21:22:25,545 [ERROR] LogOutputStream:75 - [STDERR_REDIRECT] [Fatal Error] :1:1: Premature end of file.
2025-12-18 21:22:25,545 [ERROR] LogOutputStream:75 - [STDERR_REDIRECT] 
2025-12-18 21:22:26,550 [ERROR] LogOutputStream:75 - [STDERR_REDIRECT] [Fatal Error] :1:1: Premature end of file.
2025-12-18 21:22:26,550 [ERROR] LogOutputStream:75 - [STDERR_REDIRECT] 
2025-12-18 21:22:27,535 [ERROR] LogOutputStream:75 - [STDERR_REDIRECT] [Fatal Error] :1:1: Premature end of file.
2025-12-18 21:22:27,535 [ERROR] LogOutputStream:75 - [STDERR_REDIRECT] 
2025-12-18 21:22:28,534 [ERROR] LogOutputStream:75 - [STDERR_REDIRECT] [Fatal Error] :1:1: Premature end of file.
2025-12-18 21:22:28,534 [ERROR] LogOutputStream:75 - [STDERR_REDIRECT] 
2025-12-18 21:22:29,572 [ERROR] LogOutputStream:75 - [STDERR_REDIRECT] [Fatal Error] :1:1: Premature end of file.
2025-12-18 21:22:29,572 [ERROR] LogOutputStream:75 - [STDERR_REDIRECT] 
2025-12-18 21:22:30,536 [ERROR] LogOutputStream:75 - [STDERR_REDIRECT] [Fatal Error] :1:1: Premature end of file.
2025-12-18 21:22:30,536 [ERROR] LogOutputStream:75 - [STDERR_REDIRECT] 
2025-12-18 21:22:31,535 [ERROR] LogOutputStream:75 - [STDERR_REDIRECT] [Fatal Error] :1:1: Premature end of file.
2025-12-18 21:22:31,535 [ERROR] LogOutputStream:75 - [STDERR_REDIRECT] 
2025-12-18 21:22:32,543 [ERROR] LogOutputStream:75 - [STDERR_REDIRECT] [Fatal Error] :1:1: Premature end of file.
2025-12-18 21:22:32,543 [ERROR] LogOutputStream:75 - [STDERR_REDIRECT] 
2025-12-18 21:22:33,537 [ERROR] LogOutputStream:75 - [STDERR_REDIRECT] [Fatal Error] :1:1: Premature end of file.
2025-12-18 21:22:33,537 [ERROR] LogOutputStream:75 - [STDERR_REDIRECT] 
2025-12-18 21:22:34,534 [ERROR] LogOutputStream:75 - [STDERR_REDIRECT] [Fatal Error] :1:1: Premature end of file.
2025-12-18 21:22:34,534 [ERROR] LogOutputStream:75 - [STDERR_REDIRECT] 
2025-12-18 21:22:35,542 [ERROR] LogOutputStream:75 - [STDERR_REDIRECT] [Fatal Error] :1:1: Premature end of file.
2025-12-18 21:22:35,542 [ERROR] LogOutputStream:75 - [STDERR_REDIRECT] 
2025-12-18 21:22:36,537 [ERROR] LogOutputStream:75 - [STDERR_REDIRECT] [Fatal Error] :1:1: Premature end of file.
2025-12-18 21:22:36,537 [ERROR] LogOutputStream:75 - [STDERR_REDIRECT] 
2025-12-18 21:22:37,548 [ERROR] LogOutputStream:75 - [STDERR_REDIRECT] [Fatal Error] :1:1: Premature end of file.
2025-12-18 21:22:37,548 [ERROR] LogOutputStream:75 - [STDERR_REDIRECT] 
2025-12-18 21:22:38,540 [ERROR] LogOutputStream:75 - [STDERR_REDIRECT] [Fatal Error] :1:1: Premature end of file.
2025-12-18 21:22:38,540 [ERROR] LogOutputStream:75 - [STDERR_REDIRECT] 
2025-12-18 21:22:39,536 [ERROR] LogOutputStream:75 - [STDERR_REDIRECT] [Fatal Error] :1:1: Premature end of file.
2025-12-18 21:22:39,536 [ERROR] LogOutputStream:75 - [STDERR_REDIRECT] 
2025-12-18 21:22:40,535 [ERROR] LogOutputStream:75 - [STDERR_REDIRECT] [Fatal Error] :1:1: Premature end of file.
2025-12-18 21:22:40,535 [ERROR] LogOutputStream:75 - [STDERR_REDIRECT] 
2025-12-18 21:22:41,542 [ERROR] LogOutputStream:75 - [STDERR_REDIRECT] [Fatal Error] :1:1: Premature end of file.
2025-12-18 21:22:41,542 [ERROR] LogOutputStream:75 - [STDERR_REDIRECT] 
2025-12-18 21:22:42,538 [ERROR] LogOutputStream:75 - [STDERR_REDIRECT] [Fatal Error] :1:1: Premature end of file.
2025-12-18 21:22:42,538 [ERROR] LogOutputStream:75 - [STDERR_REDIRECT] 
2025-12-18 21:22:43,545 [ERROR] LogOutputStream:75 - [STDERR_REDIRECT] [Fatal Error] :1:1: Premature end of file.
2025-12-18 21:22:43,545 [ERROR] LogOutputStream:75 - [STDERR_REDIRECT] 
2025-12-18 21:22:44,540 [ERROR] LogOutputStream:75 - [STDERR_REDIRECT] [Fatal Error] :1:1: Premature end of file.
2025-12-18 21:22:44,540 [ERROR] LogOutputStream:75 - [STDERR_REDIRECT] 
2025-12-18 21:22:45,550 [ERROR] LogOutputStream:75 - [STDERR_REDIRECT] [Fatal Error] :1:1: Premature end of file.
2025-12-18 21:22:45,550 [ERROR] LogOutputStream:75 - [STDERR_REDIRECT] 
2025-12-18 21:22:46,536 [ERROR] LogOutputStream:75 - [STDERR_REDIRECT] [Fatal Error] :1:1: Premature end of file.
2025-12-18 21:22:46,536 [ERROR] LogOutputStream:75 - [STDERR_REDIRECT] 
2025-12-18 21:22:47,529 [ERROR] LogOutputStream:75 - [STDERR_REDIRECT] [Fatal Error] :1:1: Premature end of file.
2025-12-18 21:22:47,529 [ERROR] LogOutputStream:75 - [STDERR_REDIRECT] 
2025-12-18 21:22:48,551 [ERROR] LogOutputStream:75 - [STDERR_REDIRECT] [Fatal Error] :1:1: Premature end of file.
2025-12-18 21:22:48,551 [ERROR] LogOutputStream:75 - [STDERR_REDIRECT] 
2025-12-18 21:22:49,566 [ERROR] LogOutputStream:75 - [STDERR_REDIRECT] [Fatal Error] :1:1: Premature end of file.
2025-12-18 21:22:49,566 [ERROR] LogOutputStream:75 - [STDERR_REDIRECT] 
2025-12-18 21:22:50,541 [ERROR] LogOutputStream:75 - [STDERR_REDIRECT] [Fatal Error] :1:1: Premature end of file.
2025-12-18 21:22:50,541 [ERROR] LogOutputStream:75 - [STDERR_REDIRECT] 
2025-12-18 21:22:51,530 [ERROR] LogOutputStream:75 - [STDERR_REDIRECT] [Fatal Error] :1:1: Premature end of file.
2025-12-18 21:22:51,530 [ERROR] LogOutputStream:75 - [STDERR_REDIRECT] 
2025-12-18 21:22:52,539 [ERROR] LogOutputStream:75 - [STDERR_REDIRECT] [Fatal Error] :1:1: Premature end of file.
2025-12-18 21:22:52,539 [ERROR] LogOutputStream:75 - [STDERR_REDIRECT] 
2025-12-18 21:22:53,534 [ERROR] LogOutputStream:75 - [STDERR_REDIRECT] [Fatal Error] :1:1: Premature end of file.
2025-12-18 21:22:53,534 [ERROR] LogOutputStream:75 - [STDERR_REDIRECT] 
2025-12-18 21:22:54,561 [ERROR] LogOutputStream:75 - [STDERR_REDIRECT] [Fatal Error] :1:1: Premature end of file.
2025-12-18 21:22:54,561 [ERROR] LogOutputStream:75 - [STDERR_REDIRECT] 
2025-12-18 21:22:55,538 [ERROR] LogOutputStream:75 - [STDERR_REDIRECT] [Fatal Error] :1:1: Premature end of file.
2025-12-18 21:22:55,538 [ERROR] LogOutputStream:75 - [STDERR_REDIRECT] 
2025-12-18 21:22:56,554 [ERROR] LogOutputStream:75 - [STDERR_REDIRECT] [Fatal Error] :1:1: Premature end of file.
2025-12-18 21:22:56,554 [ERROR] LogOutputStream:75 - [STDERR_REDIRECT] 
2025-12-18 21:22:57,556 [ERROR] LogOutputStream:75 - [STDERR_REDIRECT] [Fatal Error] :1:1: Premature end of file.
2025-12-18 21:22:57,556 [ERROR] LogOutputStream:75 - [STDERR_REDIRECT] 
2025-12-18 21:22:58,537 [ERROR] LogOutputStream:75 - [STDERR_REDIRECT] [Fatal Error] :1:1: Premature end of file.
2025-12-18 21:22:58,537 [ERROR] LogOutputStream:75 - [STDERR_REDIRECT] 
2025-12-18 21:22:59,569 [ERROR] LogOutputStream:75 - [STDERR_REDIRECT] [Fatal Error] :1:1: Premature end of file.
2025-12-18 21:22:59,569 [ERROR] LogOutputStream:75 - [STDERR_REDIRECT] 
2025-12-18 21:23:00,546 [ERROR] LogOutputStream:75 - [STDERR_REDIRECT] [Fatal Error] :1:1: Premature end of file.
2025-12-18 21:23:00,546 [ERROR] LogOutputStream:75 - [STDERR_REDIRECT] 
2025-12-18 21:23:01,534 [ERROR] LogOutputStream:75 - [STDERR_REDIRECT] [Fatal Error] :1:1: Premature end of file.
2025-12-18 21:23:01,534 [ERROR] LogOutputStream:75 - [STDERR_REDIRECT] 
2025-12-18 21:23:02,530 [ERROR] LogOutputStream:75 - [STDERR_REDIRECT] [Fatal Error] :1:1: Premature end of file.
2025-12-18 21:23:02,530 [ERROR] LogOutputStream:75 - [STDERR_REDIRECT] 
2025-12-18 21:23:03,533 [ERROR] LogOutputStream:75 - [STDERR_REDIRECT] [Fatal Error] :1:1: Premature end of file.
2025-12-18 21:23:03,533 [ERROR] LogOutputStream:75 - [STDERR_REDIRECT] 
2025-12-18 21:23:04,551 [ERROR] LogOutputStream:75 - [STDERR_REDIRECT] [Fatal Error] :1:1: Premature end of file.
2025-12-18 21:23:04,552 [ERROR] LogOutputStream:75 - [STDERR_REDIRECT] 
2025-12-18 21:23:05,529 [ERROR] LogOutputStream:75 - [STDERR_REDIRECT] [Fatal Error] :1:1: Premature end of file.
2025-12-18 21:23:05,529 [ERROR] LogOutputStream:75 - [STDERR_REDIRECT] 
2025-12-18 21:23:06,532 [ERROR] LogOutputStream:75 - [STDERR_REDIRECT] [Fatal Error] :1:1: Premature end of file.
2025-12-18 21:23:06,533 [ERROR] LogOutputStream:75 - [STDERR_REDIRECT] 
2025-12-18 21:23:06,615 [ERROR] LogOutputStream:75 - [STDERR_REDIRECT] 
2025-12-18 21:23:06,615 [ERROR] LogOutputStream:75 - [STDERR_REDIRECT] 
