2025-11-16 11:55:21,650 [INFO] Activator:176 - 


2025-11-16 11:55:21,651 [INFO] Activator:177 - !SESSION log4j initialized
2025-11-16 11:55:23,371 [INFO] LogOutputStream:77 - [STDOUT_REDIRECT] 
2025-11-16 11:55:25,148 [INFO] ApplicationProperties:184 - Using Application install path: C:\ST\STM32CubeIDE_1.19.0\STM32CubeIDE\plugins\com.st.stm32cube.common.mx_6.15.0.202507011659
2025-11-16 11:55:25,161 [INFO] DbMcusXml:78 - Set database path to: C:\ST\STM32CubeIDE_1.19.0\STM32CubeIDE\plugins\com.st.stm32cube.common.mx_6.15.0.202507011659\\db\/mcu/
2025-11-16 11:55:25,162 [INFO] ApiDb:274 - Set plugin database path to: C:\ST\STM32CubeIDE_1.19.0\STM32CubeIDE\plugins\com.st.stm32cube.common.mx_6.15.0.202507011659\\db\/plugins/boardmanager/
2025-11-16 11:55:25,162 [WARN] ApiDb:259 - Overriding images path with different value:  => C:\ST\STM32CubeIDE_1.19.0\STM32CubeIDE\plugins\com.st.stm32cube.common.mx_6.15.0.202507011659\\db\/plugins/mcufinder/images/
2025-11-16 11:55:25,169 [INFO] ApiDb:250 - Set database path to: C:\Users\akash\.stmcufinder\plugins\mcufinder//mcu/
2025-11-16 11:55:25,170 [INFO] DbMcusAds:125 - Set database path to: C:\Users\akash\.stmcufinder\plugins\mcufinder//mcu/
2025-11-16 11:55:25,173 [INFO] CrossReferenceDbSqlite:203 - Set database path to: C:\Users\akash\.stmcufinder\plugins\mcufinder//mcu/cs/
2025-11-16 11:55:25,274 [INFO] RulesReader:64 - Compatibility file has been processed (317 Rules)
2025-11-16 11:55:25,339 [INFO] DbMcusXml:78 - Set database path to: C:\ST\STM32CubeIDE_1.19.0\STM32CubeIDE\plugins\com.st.stm32cube.common.mx_6.15.0.202507011659\\db\/mcu/
2025-11-16 11:55:25,339 [INFO] ApiDb:274 - Set plugin database path to: C:\ST\STM32CubeIDE_1.19.0\STM32CubeIDE\plugins\com.st.stm32cube.common.mx_6.15.0.202507011659\\db\/plugins/boardmanager/
2025-11-16 11:55:25,339 [INFO] ApiDb:261 - Set plugin images path to: C:\ST\STM32CubeIDE_1.19.0\STM32CubeIDE\plugins\com.st.stm32cube.common.mx_6.15.0.202507011659\\db\/plugins/mcufinder/images/
2025-11-16 11:55:25,339 [WARN] DbFile:41 - Overriding database path with different value: C:\Users\akash\.stmcufinder\plugins\mcufinder/ => C:\Users\akash\.stmcufinder\plugins\mcufinder
2025-11-16 11:55:25,339 [INFO] ApiDb:250 - Set database path to: C:\Users\akash\.stmcufinder\plugins\mcufinder//mcu/
2025-11-16 11:55:25,339 [WARN] DbFile:41 - Overriding database path with different value: C:\Users\akash\.stmcufinder\plugins\mcufinder/ => C:\Users\akash\.stmcufinder\plugins\mcufinder
2025-11-16 11:55:25,339 [INFO] DbMcusAds:125 - Set database path to: C:\Users\akash\.stmcufinder\plugins\mcufinder//mcu/
2025-11-16 11:55:25,340 [WARN] DbFile:41 - Overriding database path with different value: C:\Users\akash\.stmcufinder\plugins\mcufinder/ => C:\Users\akash\.stmcufinder\plugins\mcufinder
2025-11-16 11:55:25,340 [WARN] DbFile:41 - Overriding database path with different value: C:\Users\akash\.stmcufinder\plugins\mcufinder/ => C:\Users\akash\.stmcufinder\plugins\mcufinder
2025-11-16 11:55:25,340 [INFO] CrossReferenceDbSqlite:203 - Set database path to: C:\Users\akash\.stmcufinder\plugins\mcufinder//mcu/cs/
2025-11-16 11:55:25,402 [INFO] MainPanel:274 - HeapMemory: 268435456
2025-11-16 11:55:25,491 [INFO] DbMcusXml:78 - Set database path to: C:\ST\STM32CubeIDE_1.19.0\STM32CubeIDE\plugins\com.st.stm32cube.common.mx_6.15.0.202507011659\\db\/mcu/
2025-11-16 11:55:25,491 [INFO] ApiDb:274 - Set plugin database path to: C:\ST\STM32CubeIDE_1.19.0\STM32CubeIDE\plugins\com.st.stm32cube.common.mx_6.15.0.202507011659\\db\/plugins/boardmanager/
2025-11-16 11:55:25,491 [INFO] ApiDb:261 - Set plugin images path to: C:\ST\STM32CubeIDE_1.19.0\STM32CubeIDE\plugins\com.st.stm32cube.common.mx_6.15.0.202507011659\\db\/plugins/mcufinder/images/
2025-11-16 11:55:25,491 [WARN] DbFile:41 - Overriding database path with different value: C:\Users\akash\.stmcufinder\plugins\mcufinder/ => C:\Users\akash\.stmcufinder\plugins\mcufinder
2025-11-16 11:55:25,491 [INFO] ApiDb:250 - Set database path to: C:\Users\akash\.stmcufinder\plugins\mcufinder//mcu/
2025-11-16 11:55:25,491 [WARN] DbFile:41 - Overriding database path with different value: C:\Users\akash\.stmcufinder\plugins\mcufinder/ => C:\Users\akash\.stmcufinder\plugins\mcufinder
2025-11-16 11:55:25,491 [INFO] DbMcusAds:125 - Set database path to: C:\Users\akash\.stmcufinder\plugins\mcufinder//mcu/
2025-11-16 11:55:25,491 [WARN] DbFile:41 - Overriding database path with different value: C:\Users\akash\.stmcufinder\plugins\mcufinder/ => C:\Users\akash\.stmcufinder\plugins\mcufinder
2025-11-16 11:55:25,492 [WARN] DbFile:41 - Overriding database path with different value: C:\Users\akash\.stmcufinder\plugins\mcufinder/ => C:\Users\akash\.stmcufinder\plugins\mcufinder
2025-11-16 11:55:25,492 [INFO] CrossReferenceDbSqlite:203 - Set database path to: C:\Users\akash\.stmcufinder\plugins\mcufinder//mcu/cs/
2025-11-16 11:55:25,506 [INFO] ApplicationProperties:184 - Using Application install path: C:\ST\STM32CubeIDE_1.19.0\STM32CubeIDE\plugins\com.st.stm32cube.common.mx_6.15.0.202507011659
2025-11-16 11:55:25,507 [INFO] PluginManage:196 - Search for loadable plugins [exclusion list=, ]
2025-11-16 11:55:25,509 [INFO] PluginManage:310 - Check plugin analytics
2025-11-16 11:55:25,658 [INFO] AnalyticsPlugin:253 - Accepted Software Licenses: STM32CubeMX.6.15.0
2025-11-16 11:55:25,658 [INFO] AnalyticsPlugin:255 - Accepted CMSIS Pack Licenses: STMicroelectronics.X-CUBE-AZRTOS-H7.3.3.0
2025-11-16 11:55:25,658 [INFO] AnalyticsPlugin:257 - Accepted Firmware Licenses: FW.H7.1.12.0,FW.G0.1.6.0,FW.G4.1.6.0
2025-11-16 11:55:25,660 [INFO] PluginManage:359 - Loaded plugin analytics (category:tool,tabindex:-1)
2025-11-16 11:55:25,660 [INFO] PluginManage:310 - Check plugin cadmodel
2025-11-16 11:55:25,664 [INFO] CADModel:105 - Init CAD model plugin
2025-11-16 11:55:25,664 [INFO] PluginManage:359 - Loaded plugin cadmodel (category:power,tabindex:5)
2025-11-16 11:55:25,664 [INFO] PluginManage:310 - Check plugin clock
2025-11-16 11:55:25,674 [INFO] PluginManage:359 - Loaded plugin clock (category:base,tabindex:2)
2025-11-16 11:55:25,674 [INFO] PluginManage:310 - Check plugin ddr
2025-11-16 11:55:25,677 [INFO] PluginManage:359 - Loaded plugin ddr (category:tool,tabindex:6)
2025-11-16 11:55:25,677 [INFO] PluginManage:310 - Check plugin filemanager
2025-11-16 11:55:25,830 [INFO] PluginManage:359 - Loaded plugin filemanager (category:base,tabindex:10)
2025-11-16 11:55:25,830 [INFO] PluginManage:310 - Check plugin ipmanager
2025-11-16 11:55:25,835 [INFO] PluginManage:359 - Loaded plugin ipmanager (category:base,tabindex:5)
2025-11-16 11:55:25,835 [INFO] PluginManage:310 - Check plugin lpbam
2025-11-16 11:55:25,843 [INFO] PluginManage:359 - Loaded plugin lpbam (category:base,tabindex:0)
2025-11-16 11:55:25,844 [INFO] PluginManage:310 - Check plugin memorymap
2025-11-16 11:55:25,856 [INFO] PluginManage:359 - Loaded plugin memorymap (category:base,tabindex:4)
2025-11-16 11:55:25,857 [INFO] PluginManage:310 - Check plugin pinoutandconfiguration
2025-11-16 11:55:25,864 [INFO] PluginManage:359 - Loaded plugin pinoutandconfiguration (category:base,tabindex:1)
2025-11-16 11:55:25,864 [INFO] PluginManage:310 - Check plugin pinoutconfig
2025-11-16 11:55:25,934 [WARN] SupportedApi:132 - Cannot load RTOS API schema: s4s-elt-must-match.1: The content of 'definitions' must match (annotation?, (simpleType | complexType)?, (unique | key | keyref)*)). A problem was found starting at: attribute.
2025-11-16 11:55:26,041 [INFO] PluginManage:359 - Loaded plugin pinoutconfig (category:base,tabindex:0)
2025-11-16 11:55:26,041 [INFO] PluginManage:310 - Check plugin power
2025-11-16 11:55:26,049 [INFO] PluginManage:359 - Loaded plugin power (category:power,tabindex:4)
2025-11-16 11:55:26,049 [INFO] PluginManage:310 - Check plugin projectmanager
2025-11-16 11:55:26,060 [INFO] PluginManage:359 - Loaded plugin projectmanager (category:projectmanager,tabindex:4)
2025-11-16 11:55:26,060 [INFO] PluginManage:310 - Check plugin rif
2025-11-16 11:55:26,068 [INFO] PluginManage:359 - Loaded plugin rif (category:base,tabindex:3)
2025-11-16 11:55:26,068 [INFO] PluginManage:310 - Check plugin thirdparty
2025-11-16 11:55:26,170 [INFO] PluginManage:359 - Loaded plugin thirdparty (category:base,tabindex:-1)
2025-11-16 11:55:26,170 [WARN] IntegrityCheckThread:84 - waiting for thirdparty lock release [integrity check]
2025-11-16 11:55:26,170 [INFO] IntegrityCheckThread:86 - entering critical section [integrity check]
2025-11-16 11:55:26,170 [INFO] PluginManage:310 - Check plugin tools
2025-11-16 11:55:26,170 [INFO] ThirdPartyUpdaterWithRetryManager:70 - Updater plugin not ready yet. [1/15]
2025-11-16 11:55:26,173 [INFO] PluginManage:359 - Loaded plugin tools (category:base,tabindex:7)
2025-11-16 11:55:26,173 [INFO] PluginManage:310 - Check plugin tutovideos
2025-11-16 11:55:26,334 [INFO] PluginManage:359 - Loaded plugin tutovideos (category:base,tabindex:-1)
2025-11-16 11:55:26,334 [INFO] PluginManage:310 - Check plugin updater
2025-11-16 11:55:26,349 [INFO] PluginManage:359 - Loaded plugin updater (category:base,tabindex:12)
2025-11-16 11:55:26,349 [INFO] PluginManage:310 - Check plugin userauth
2025-11-16 11:55:26,353 [INFO] UserAuth:118 - Init User Auth plugin
2025-11-16 11:55:26,354 [INFO] PluginManage:359 - Loaded plugin userauth (category:base,tabindex:14)
2025-11-16 11:55:26,354 [INFO] PluginManage:283 - PluginManage : Loaded plugins [18]
2025-11-16 11:55:26,502 [INFO] PinOutPanel:1589 - setPackage(No Configuration,No Configuration)
2025-11-16 11:55:26,559 [INFO] CADModel:165 - CPN selected for project level
2025-11-16 11:55:26,559 [INFO] CADModel:114 - Register for checkConnection events
2025-11-16 11:55:26,572 [INFO] IPUIPlugin:80 - create IPUIPlugin
2025-11-16 11:55:26,572 [INFO] PluginManager:220 - loadIPPluginJar : add adc
2025-11-16 11:55:26,574 [INFO] IPUIPlugin:80 - create IPUIPlugin
2025-11-16 11:55:26,575 [INFO] PluginManager:220 - loadIPPluginJar : add aes
2025-11-16 11:55:26,577 [INFO] IPUIPlugin:80 - create IPUIPlugin
2025-11-16 11:55:26,577 [INFO] PluginManager:220 - loadIPPluginJar : add can
2025-11-16 11:55:26,578 [INFO] IPUIPlugin:80 - create IPUIPlugin
2025-11-16 11:55:26,578 [INFO] PluginManager:220 - loadIPPluginJar : add comp
2025-11-16 11:55:26,579 [INFO] IPUIPlugin:80 - create IPUIPlugin
2025-11-16 11:55:26,579 [INFO] PluginManager:220 - loadIPPluginJar : add cryp
2025-11-16 11:55:26,583 [INFO] IPUIPlugin:80 - create IPUIPlugin
2025-11-16 11:55:26,583 [INFO] PluginManager:220 - loadIPPluginJar : add ddr_ctrl_phy
2025-11-16 11:55:26,584 [INFO] IPUIPlugin:80 - create IPUIPlugin
2025-11-16 11:55:26,585 [INFO] PluginManager:220 - loadIPPluginJar : add dfsdm
2025-11-16 11:55:26,588 [INFO] IPUIPlugin:80 - create IPUIPlugin
2025-11-16 11:55:26,588 [INFO] PluginManager:220 - loadIPPluginJar : add dma
2025-11-16 11:55:26,590 [INFO] IPUIPlugin:80 - create IPUIPlugin
2025-11-16 11:55:26,590 [INFO] PluginManager:220 - loadIPPluginJar : add dma3
2025-11-16 11:55:26,592 [INFO] IPUIPlugin:80 - create IPUIPlugin
2025-11-16 11:55:26,593 [INFO] PluginManager:220 - loadIPPluginJar : add extmemmanager
2025-11-16 11:55:26,594 [INFO] IPUIPlugin:80 - create IPUIPlugin
2025-11-16 11:55:26,594 [INFO] PluginManager:220 - loadIPPluginJar : add fatfs
2025-11-16 11:55:26,596 [INFO] IPUIPlugin:80 - create IPUIPlugin
2025-11-16 11:55:26,596 [INFO] PluginManager:220 - loadIPPluginJar : add fmc
2025-11-16 11:55:26,601 [INFO] IPUIPlugin:80 - create IPUIPlugin
2025-11-16 11:55:26,602 [INFO] PluginManager:220 - loadIPPluginJar : add freertos
2025-11-16 11:55:26,603 [INFO] IPUIPlugin:80 - create IPUIPlugin
2025-11-16 11:55:26,603 [INFO] PluginManager:220 - loadIPPluginJar : add genericplugin
2025-11-16 11:55:26,605 [INFO] IPUIPlugin:80 - create IPUIPlugin
2025-11-16 11:55:26,605 [INFO] PluginManager:220 - loadIPPluginJar : add gfxmmu
2025-11-16 11:55:26,608 [INFO] IPUIPlugin:80 - create IPUIPlugin
2025-11-16 11:55:26,608 [INFO] PluginManager:220 - loadIPPluginJar : add gic
2025-11-16 11:55:26,611 [INFO] IPUIPlugin:80 - create IPUIPlugin
2025-11-16 11:55:26,611 [INFO] PluginManager:220 - loadIPPluginJar : add gpio
2025-11-16 11:55:26,613 [INFO] IPUIPlugin:80 - create IPUIPlugin
2025-11-16 11:55:26,613 [INFO] PluginManager:220 - loadIPPluginJar : add gtzc
2025-11-16 11:55:26,616 [INFO] IPUIPlugin:80 - create IPUIPlugin
2025-11-16 11:55:26,616 [INFO] PluginManager:220 - loadIPPluginJar : add hash
2025-11-16 11:55:26,618 [INFO] IPUIPlugin:80 - create IPUIPlugin
2025-11-16 11:55:26,618 [INFO] PluginManager:220 - loadIPPluginJar : add i2c
2025-11-16 11:55:26,620 [INFO] IPUIPlugin:80 - create IPUIPlugin
2025-11-16 11:55:26,620 [INFO] PluginManager:220 - loadIPPluginJar : add i2s
2025-11-16 11:55:26,623 [INFO] IPUIPlugin:80 - create IPUIPlugin
2025-11-16 11:55:26,623 [INFO] PluginManager:220 - loadIPPluginJar : add i3c
2025-11-16 11:55:26,625 [INFO] IPUIPlugin:80 - create IPUIPlugin
2025-11-16 11:55:26,625 [INFO] PluginManager:220 - loadIPPluginJar : add ipddr
2025-11-16 11:55:26,629 [INFO] IPUIPlugin:80 - create IPUIPlugin
2025-11-16 11:55:26,629 [INFO] PluginManager:220 - loadIPPluginJar : add linkedlist
2025-11-16 11:55:26,632 [INFO] IPUIPlugin:80 - create IPUIPlugin
2025-11-16 11:55:26,632 [INFO] PluginManager:220 - loadIPPluginJar : add lorawan
2025-11-16 11:55:26,633 [INFO] IPUIPlugin:80 - create IPUIPlugin
2025-11-16 11:55:26,633 [INFO] PluginManager:220 - loadIPPluginJar : add ltdc
2025-11-16 11:55:26,637 [INFO] IPUIPlugin:80 - create IPUIPlugin
2025-11-16 11:55:26,637 [INFO] PluginManager:220 - loadIPPluginJar : add mdma
2025-11-16 11:55:26,641 [INFO] IPUIPlugin:80 - create IPUIPlugin
2025-11-16 11:55:26,641 [INFO] PluginManager:220 - loadIPPluginJar : add nvic
2025-11-16 11:55:26,642 [INFO] IPUIPlugin:80 - create IPUIPlugin
2025-11-16 11:55:26,643 [INFO] PluginManager:220 - loadIPPluginJar : add opamp
2025-11-16 11:55:26,645 [INFO] IPUIPlugin:80 - create IPUIPlugin
2025-11-16 11:55:26,645 [INFO] PluginManager:220 - loadIPPluginJar : add openamp
2025-11-16 11:55:26,647 [INFO] IPUIPlugin:80 - create IPUIPlugin
2025-11-16 11:55:26,647 [INFO] PluginManager:220 - loadIPPluginJar : add pdm2pcm
2025-11-16 11:55:26,652 [INFO] IPUIPlugin:80 - create IPUIPlugin
2025-11-16 11:55:26,654 [INFO] PluginManager:220 - loadIPPluginJar : add plateformsettings
2025-11-16 11:55:26,656 [INFO] IPUIPlugin:80 - create IPUIPlugin
2025-11-16 11:55:26,656 [INFO] PluginManager:220 - loadIPPluginJar : add quadspi
2025-11-16 11:55:26,657 [INFO] IPUIPlugin:80 - create IPUIPlugin
2025-11-16 11:55:26,657 [INFO] PluginManager:220 - loadIPPluginJar : add radio
2025-11-16 11:55:26,661 [INFO] IPUIPlugin:80 - create IPUIPlugin
2025-11-16 11:55:26,661 [INFO] PluginManager:220 - loadIPPluginJar : add resmgrutility
2025-11-16 11:55:26,662 [INFO] IPUIPlugin:80 - create IPUIPlugin
2025-11-16 11:55:26,663 [INFO] PluginManager:220 - loadIPPluginJar : add sai
2025-11-16 11:55:26,665 [INFO] IPUIPlugin:80 - create IPUIPlugin
2025-11-16 11:55:26,665 [INFO] PluginManager:220 - loadIPPluginJar : add spi
2025-11-16 11:55:26,669 [INFO] IPUIPlugin:80 - create IPUIPlugin
2025-11-16 11:55:26,669 [INFO] PluginManager:220 - loadIPPluginJar : add stm32_wpan
2025-11-16 11:55:26,670 [INFO] IPUIPlugin:80 - create IPUIPlugin
2025-11-16 11:55:26,670 [INFO] PluginManager:220 - loadIPPluginJar : add tim
2025-11-16 11:55:26,672 [INFO] IPUIPlugin:80 - create IPUIPlugin
2025-11-16 11:55:26,674 [INFO] PluginManager:220 - loadIPPluginJar : add touchsensing
2025-11-16 11:55:26,675 [INFO] IPUIPlugin:80 - create IPUIPlugin
2025-11-16 11:55:26,675 [INFO] PluginManager:220 - loadIPPluginJar : add tracer_emb
2025-11-16 11:55:26,676 [INFO] IPUIPlugin:80 - create IPUIPlugin
2025-11-16 11:55:26,676 [INFO] PluginManager:220 - loadIPPluginJar : add ts
2025-11-16 11:55:26,677 [INFO] IPUIPlugin:80 - create IPUIPlugin
2025-11-16 11:55:26,677 [INFO] PluginManager:220 - loadIPPluginJar : add tsc
2025-11-16 11:55:26,678 [INFO] IPUIPlugin:80 - create IPUIPlugin
2025-11-16 11:55:26,678 [INFO] PluginManager:220 - loadIPPluginJar : add ucpd
2025-11-16 11:55:26,680 [INFO] IPUIPlugin:80 - create IPUIPlugin
2025-11-16 11:55:26,680 [INFO] PluginManager:220 - loadIPPluginJar : add usart
2025-11-16 11:55:26,683 [INFO] IPUIPlugin:80 - create IPUIPlugin
2025-11-16 11:55:26,683 [INFO] PluginManager:220 - loadIPPluginJar : add usbx
2025-11-16 11:55:26,792 [FATAL] Updater:351 - Updater called before beeing initialized
2025-11-16 11:55:26,812 [INFO] RulesReader:64 - Compatibility file has been processed (317 Rules)
2025-11-16 11:55:26,821 [INFO] RulesReader:64 - Compatibility file has been processed (317 Rules)
2025-11-16 11:55:26,825 [INFO] CADModel:165 - CPN selected for project level
2025-11-16 11:55:26,826 [INFO] CADModel:114 - Register for checkConnection events
2025-11-16 11:55:26,826 [FATAL] Updater:351 - Updater called before beeing initialized
2025-11-16 11:55:26,826 [ERROR] CADModel:125 - Updater not yet initialized, retry later 
2025-11-16 11:55:26,921 [FATAL] Updater:351 - Updater called before beeing initialized
2025-11-16 11:55:26,921 [INFO] CADModel:165 - CPN selected for project level
2025-11-16 11:55:26,923 [INFO] CADModel:114 - Register for checkConnection events
2025-11-16 11:55:26,923 [FATAL] Updater:351 - Updater called before beeing initialized
2025-11-16 11:55:26,923 [ERROR] CADModel:125 - Updater not yet initialized, retry later 
2025-11-16 11:55:26,925 [FATAL] Updater:351 - Updater called before beeing initialized
2025-11-16 11:55:26,998 [FATAL] Updater:351 - Updater called before beeing initialized
2025-11-16 11:55:27,001 [INFO] DbMcusAds:53 - JSON generation date=Thu Oct 02 02:36:05 PDT 2025 (1759397765645)
2025-11-16 11:55:27,001 [FATAL] Updater:351 - Updater called before beeing initialized
2025-11-16 11:55:27,030 [WARN] DetailPanel:346 - Failed to get advertising image, set to default
2025-11-16 11:55:27,097 [FATAL] Updater:351 - Updater called before beeing initialized
2025-11-16 11:55:27,098 [FATAL] Updater:351 - Updater called before beeing initialized
2025-11-16 11:55:27,098 [FATAL] Updater:351 - Updater called before beeing initialized
2025-11-16 11:55:27,098 [WARN] DetailPanel:346 - Failed to get advertising image, set to default
2025-11-16 11:55:27,100 [FATAL] Updater:351 - Updater called before beeing initialized
2025-11-16 11:55:27,132 [ERROR] Updater:1198 - MainUpdater not yet initialized. External WinMGr cannot be set.
2025-11-16 11:55:27,133 [INFO] Updater:1134 - Updater Version found : 6.15.0
2025-11-16 11:55:27,144 [INFO] ApplicationProperties:184 - Using Application install path: C:\ST\STM32CubeIDE_1.19.0\STM32CubeIDE\plugins\com.st.stm32cube.common.mx_6.15.0.202507011659
2025-11-16 11:55:28,709 [ERROR] LogOutputStream:75 - [STDERR_REDIRECT] Nov 16, 2025 11:55:28 AM java.util.prefs.WindowsPreferences <init>
2025-11-16 11:55:28,710 [ERROR] LogOutputStream:75 - [STDERR_REDIRECT] WARNING: Could not open/create prefs root node Software\JavaSoft\Prefs at root 0xffffffff80000002. Windows RegCreateKeyEx(...) returned error code 5.
2025-11-16 11:55:28,710 [ERROR] LogOutputStream:75 - [STDERR_REDIRECT] 
2025-11-16 11:55:28,899 [INFO] MainUpdater:2872 - connection check result : 10
2025-11-16 11:55:28,899 [INFO] MainUpdater:3604 - Updater definition file requires update
2025-11-16 11:55:28,900 [INFO] MainUpdater:289 - Updater Check For Update Now.
2025-11-16 11:55:28,900 [INFO] MicroXplorer:498 - Change Database Version : DB.6.0.150
2025-11-16 11:55:28,903 [INFO] McuFinderGlobals:63 - Set McuFinder mode to 2 (CubeIDE integrated)
2025-11-16 11:55:28,904 [INFO] UserAuth:487 - Internet connection configuration mode: 1
2025-11-16 11:55:28,916 [INFO] JxBrowserEngine:152 - Initiate JxBrowser Engine with user profile folder
2025-11-16 11:55:29,171 [WARN] MainUpdater:1193 - Updater busy. Cannot search thirdparties
2025-11-16 11:55:29,171 [INFO] ThirdPartyUpdaterWithRetryManager:96 - Updater plugin is busy. [1/15]
2025-11-16 11:55:29,751 [INFO] ServerAccessManage:452 - Complete download http(s) 200
2025-11-16 11:55:29,751 [INFO] ServerAccessManage:509 - Download File updaters.zip
2025-11-16 11:55:29,802 [INFO] FileExtend:248 - Unzip File : updaters.zip
2025-11-16 11:55:29,802 [INFO] FileExtend:263 - Standard Zip Deflate
2025-11-16 11:55:29,896 [INFO] WebApp:169 - Instantiating new browser for Auth
2025-11-16 11:55:30,065 [INFO] ServerAccessManage:452 - Complete download http(s) 200
2025-11-16 11:55:30,065 [INFO] ServerAccessManage:509 - Download File PacksControlFlags.xml
2025-11-16 11:55:30,120 [INFO] ServerAccessManage:452 - Complete download http(s) 200
2025-11-16 11:55:30,120 [INFO] ServerAccessManage:509 - Download File cubemx.pidx
2025-11-16 11:55:30,633 [INFO] WebApp:463 - Apply proxy settings
2025-11-16 11:55:30,633 [INFO] WebApp:548 - Chromium requires no authentication
2025-11-16 11:55:30,644 [INFO] WebApp:491 - Direct internet connection detected
2025-11-16 11:55:30,674 [INFO] WebApp:900 - Register for checkConnection events
2025-11-16 11:55:30,674 [INFO] WebApp:463 - Apply proxy settings
2025-11-16 11:55:30,674 [INFO] WebApp:548 - Chromium requires no authentication
2025-11-16 11:55:30,675 [INFO] WebApp:491 - Direct internet connection detected
2025-11-16 11:55:30,818 [INFO] WebApp:191 - Connection restablished
2025-11-16 11:55:30,899 [INFO] WebApp:225 - Starting web application
2025-11-16 11:55:30,899 [INFO] WebApp:593 - Web application path used C:\ST\STM32CubeIDE_1.19.0\STM32CubeIDE\plugins\com.st.stm32cube.common.mx_6.15.0.202507011659\db\plugins\mcufinder\reactClient1\index.html
2025-11-16 11:55:31,092 [INFO] UserAuth:487 - Internet connection configuration mode: 1
2025-11-16 11:55:31,347 [ERROR] LogOutputStream:75 - [STDERR_REDIRECT] [Fatal Error] :1:1: Premature end of file.
2025-11-16 11:55:31,348 [ERROR] LogOutputStream:75 - [STDERR_REDIRECT] 
2025-11-16 11:55:31,362 [INFO] ServerAccessManage:452 - Complete download http(s) 200
2025-11-16 11:55:31,362 [INFO] ServerAccessManage:509 - Download File Avnet-IOTCONNECT.X-CUBE-iotc-st67-sdk.pdsc
2025-11-16 11:55:31,466 [INFO] PopulateThirdPartyThread:66 - Ending populate Thread
2025-11-16 11:55:31,467 [INFO] ThirdParty:1030 - CMSIS Pack Vendor :Avnet-IOTCONNECT X-CUBE-iotc-st67-sdk 1.0.0
2025-11-16 11:55:31,467 [INFO] LoadServerUpdatesThread:375 - End of LoadServerUpdate Thread
2025-11-16 11:55:31,583 [INFO] CheckServerUpdateThread:120 - End of CheckServer Thread
2025-11-16 11:55:32,143 [ERROR] LogOutputStream:75 - [STDERR_REDIRECT] [Fatal Error] :1:1: Premature end of file.
2025-11-16 11:55:32,143 [ERROR] LogOutputStream:75 - [STDERR_REDIRECT] 
2025-11-16 11:55:32,321 [WARN] PackLoader:240 - Cannot read IP mode file for STMicroelectronics.FP-SNS-MOTENVWB1.1.4.0
2025-11-16 11:55:32,328 [WARN] PackLoader:240 - Cannot read IP mode file for STMicroelectronics.FP-ATR-ASTRA1.2.0.2
2025-11-16 11:55:32,334 [WARN] PackLoader:240 - Cannot read IP mode file for STMicroelectronics.X-CUBE-SMBUS.2.1.0
2025-11-16 11:55:32,337 [WARN] PackLoader:240 - Cannot read IP mode file for STMicroelectronics.X-CUBE-ST60.1.0.0
2025-11-16 11:55:32,356 [WARN] PackLoader:240 - Cannot read IP mode file for STMicroelectronics.X-CUBE-AZRTOS-F7.1.1.0
2025-11-16 11:55:32,363 [WARN] PackLoader:240 - Cannot read IP mode file for STMicroelectronics.FP-SNS-MOTENV1.5.1.0
2025-11-16 11:55:32,382 [WARN] PackLoader:240 - Cannot read IP mode file for Infineon.AIROC-Wi-Fi-Bluetooth-STM32.1.7.1
2025-11-16 11:55:32,402 [WARN] PackLoader:240 - Cannot read IP mode file for STMicroelectronics.X-CUBE-AZRTOS-H7.3.4.0
2025-11-16 11:55:32,410 [WARN] PackLoader:240 - Cannot read IP mode file for STMicroelectronics.X-CUBE-DISPLAY.3.0.0
2025-11-16 11:55:32,419 [WARN] PackLoader:240 - Cannot read IP mode file for STMicroelectronics.X-CUBE-NFC10.1.0.0
2025-11-16 11:55:32,422 [WARN] PackLoader:240 - Cannot read IP mode file for STMicroelectronics.X-CUBE-ST60.1.1.0
2025-11-16 11:55:32,427 [WARN] PackLoader:240 - Cannot read IP mode file for emotas.I-CUBE-CANOPEN.1.3.0
2025-11-16 11:55:32,431 [WARN] PackLoader:240 - Cannot read IP mode file for STMicroelectronics.X-CUBE-GNSS1.7.1.0
2025-11-16 11:55:32,436 [WARN] PackLoader:240 - Cannot read IP mode file for STMicroelectronics.FP-SNS-STBOX1.2.1.0
2025-11-16 11:55:32,441 [WARN] PackLoader:240 - Cannot read IP mode file for STMicroelectronics.FP-SNS-SMARTAG2.1.2.0
2025-11-16 11:55:32,444 [WARN] PackLoader:240 - Cannot read IP mode file for STMicroelectronics.FP-SNS-FLIGHT1.5.1.0
2025-11-16 11:55:32,449 [INFO] LogOutputStream:77 - [STDOUT_REDIRECT] 1 : Invalid condition id : UX_CORESTACK_Condition cause : null
2025-11-16 11:55:32,449 [INFO] LogOutputStream:77 - [STDOUT_REDIRECT] 1 : Invalid condition id : UX_CORESTACK_Condition cause : null
2025-11-16 11:55:32,451 [INFO] LogOutputStream:77 - [STDOUT_REDIRECT] 1 : Invalid condition id : UX_CORESTACK_Condition cause : null
2025-11-16 11:55:32,451 [INFO] LogOutputStream:77 - [STDOUT_REDIRECT] 1 : Invalid condition id : UX_CORESTACK_Condition cause : null
2025-11-16 11:55:32,452 [INFO] LogOutputStream:77 - [STDOUT_REDIRECT] 1 : Invalid condition id : UX_CORESTACK_Condition cause : null
2025-11-16 11:55:32,454 [WARN] PackLoader:240 - Cannot read IP mode file for STMicroelectronics.X-CUBE-AZRTOS-WL.2.0.0
2025-11-16 11:55:32,458 [WARN] PackLoader:240 - Cannot read IP mode file for STMicroelectronics.FP-SNS-MOTENV1.5.0.0
2025-11-16 11:55:32,463 [WARN] PackLoader:240 - Cannot read IP mode file for WES.I-CUBE-Cesium.1.3.0
2025-11-16 11:55:32,466 [WARN] PackLoader:240 - Cannot read IP mode file for STMicroelectronics.X-CUBE-BLE2.3.3.0
2025-11-16 11:55:32,477 [WARN] PackLoader:240 - Cannot read IP mode file for STMicroelectronics.X-CUBE-NFC9.1.0.0
2025-11-16 11:55:32,481 [WARN] PackLoader:240 - Cannot read IP mode file for wolfSSL.I-CUBE-wolfSSL.5.8.0
2025-11-16 11:55:32,485 [WARN] PackLoader:240 - Cannot read IP mode file for STMicroelectronics.X-CUBE-BLE1.7.1.0
2025-11-16 11:55:32,487 [WARN] PackLoader:240 - Cannot read IP mode file for wolfSSL.I-CUBE-wolfMQTT.1.19.2
2025-11-16 11:55:32,492 [WARN] PackLoader:240 - Cannot read IP mode file for STMicroelectronics.X-CUBE-EEPRMA1.5.2.0
2025-11-16 11:55:32,496 [WARN] PackLoader:240 - Cannot read IP mode file for STMicroelectronics.X-CUBE-ST67W61.1.1.0
2025-11-16 11:55:32,499 [WARN] PackLoader:240 - Cannot read IP mode file for STMicroelectronics.X-CUBE-AI.10.1.0
2025-11-16 11:55:32,508 [WARN] PackLoader:240 - Cannot read IP mode file for STMicroelectronics.X-CUBE-AZRTOS-G0.1.1.0
2025-11-16 11:55:32,513 [WARN] PackLoader:240 - Cannot read IP mode file for STMicroelectronics.X-CUBE-SAFEA1.1.2.2
2025-11-16 11:55:32,517 [WARN] PackLoader:240 - Cannot read IP mode file for STMicroelectronics.X-CUBE-NFC4.3.0.0
2025-11-16 11:55:32,522 [WARN] PackLoader:240 - Cannot read IP mode file for EmbeddedOffice.I-CUBE-FS-RTOS.1.0.1
2025-11-16 11:55:32,527 [WARN] PackLoader:240 - Cannot read IP mode file for STMicroelectronics.X-CUBE-WB05N.2.0.0
2025-11-16 11:55:32,530 [WARN] PackLoader:240 - Cannot read IP mode file for wolfSSL.I-CUBE-wolfTPM.3.8.0
2025-11-16 11:55:32,533 [WARN] PackLoader:240 - Cannot read IP mode file for STMicroelectronics.X-CUBE-TCPP.4.2.0
2025-11-16 11:55:32,537 [WARN] PackLoader:240 - Cannot read IP mode file for RealThread.X-CUBE-RT-Thread_Nano.4.1.1
2025-11-16 11:55:32,540 [WARN] PackLoader:240 - Cannot read IP mode file for STMicroelectronics.FP-ATR-SIGFOX1.3.2.0
2025-11-16 11:55:32,544 [WARN] PackLoader:240 - Cannot read IP mode file for ITTIA_DB.I-CUBE-ITTIADB.8.9.0
2025-11-16 11:55:32,547 [WARN] PackLoader:240 - Cannot read IP mode file for STMicroelectronics.X-CUBE-ST67W61.1.0.0
2025-11-16 11:55:32,550 [WARN] PackLoader:240 - Cannot read IP mode file for STMicroelectronics.X-CUBE-AI.10.2.0
2025-11-16 11:55:32,566 [WARN] PackLoader:240 - Cannot read IP mode file for SEGGER.I-CUBE-embOS.1.3.1
2025-11-16 11:55:32,594 [WARN] PackLoader:240 - Cannot read IP mode file for STMicroelectronics.X-CUBE-ALGOBUILD.1.4.0
2025-11-16 11:55:32,621 [WARN] PackLoader:240 - Cannot read IP mode file for STMicroelectronics.X-CUBE-MEMS1.11.3.0
2025-11-16 11:55:32,703 [WARN] PackLoader:240 - Cannot read IP mode file for STMicroelectronics.X-CUBE-PM33A1.1.0.0
2025-11-16 11:55:32,712 [WARN] PackLoader:240 - Cannot read IP mode file for STMicroelectronics.X-CUBE-AZRTOS-F4.1.1.0
2025-11-16 11:55:32,717 [WARN] PackLoader:240 - Cannot read IP mode file for Avnet-IotConnect.X-CUBE-IoTC-DA16k-PMOD.1.0.0
2025-11-16 11:55:32,720 [WARN] PackLoader:240 - Cannot read IP mode file for STMicroelectronics.X-CUBE-ISPU.2.1.0
2025-11-16 11:55:32,729 [WARN] PackLoader:240 - Cannot read IP mode file for STMicroelectronics.X-CUBE-IPS.3.2.0
2025-11-16 11:55:32,735 [WARN] PackLoader:240 - Cannot read IP mode file for STMicroelectronics.X-CUBE-NFC12.1.0.0
2025-11-16 11:55:32,745 [WARN] PackLoader:240 - Cannot read IP mode file for STMicroelectronics.X-CUBE-AZRTOS-L5.2.0.0
2025-11-16 11:55:32,750 [WARN] PackLoader:240 - Cannot read IP mode file for STMicroelectronics.X-CUBE-NFC6.3.1.0
2025-11-16 11:55:32,754 [WARN] PackLoader:240 - Cannot read IP mode file for STMicroelectronics.X-CUBE-FREERTOS.1.3.1
2025-11-16 11:55:32,759 [WARN] PackLoader:240 - Cannot read IP mode file for STMicroelectronics.X-CUBE-TOUCHGFX.4.26.0
2025-11-16 11:55:32,762 [WARN] PackLoader:240 - Cannot read IP mode file for STMicroelectronics.FP-SNS-STAIOTCFT.1.0.0
2025-11-16 11:55:32,765 [WARN] PackLoader:240 - Cannot read IP mode file for STMicroelectronics.X-CUBE-DPower.1.3.0
2025-11-16 11:55:32,775 [WARN] ConditionMgr:438 - getConditionDescription Invalid condition id : LAN8742 Phy interface Condition cause : null
2025-11-16 11:55:32,775 [WARN] PackLoader:240 - Cannot read IP mode file for STMicroelectronics.X-CUBE-AZRTOS-L4.2.0.0
2025-11-16 11:55:32,775 [WARN] ConditionMgr:1044 - genDependencies : Invalid condition id : LAN8742 Phy interface Condition cause : null
2025-11-16 11:55:32,777 [WARN] ConditionMgr:1044 - genDependencies : Invalid condition id : LAN8742 Phy interface Condition cause : null
2025-11-16 11:55:32,777 [WARN] ConditionMgr:1044 - genDependencies : Invalid condition id : LAN8742 Phy interface Condition cause : null
2025-11-16 11:55:32,781 [WARN] PackLoader:240 - Cannot read IP mode file for STMicroelectronics.X-CUBE-SFXS2LP1.4.0.0
2025-11-16 11:55:32,795 [WARN] PackLoader:240 - Cannot read IP mode file for STMicroelectronics.X-CUBE-AZRTOS-H7.3.3.0
2025-11-16 11:55:32,918 [WARN] PackLoader:240 - Cannot read IP mode file for STMicroelectronics.X-CUBE-BLEMGR.4.1.0
2025-11-16 11:55:32,928 [WARN] ConditionMgr:438 - getConditionDescription Invalid condition id : UX DEVICE CLASS RTOS Condition cause : null
2025-11-16 11:55:32,928 [WARN] ConditionMgr:438 - getConditionDescription Invalid condition id : UX DEVICE CLASS RTOS Condition cause : null
2025-11-16 11:55:32,929 [WARN] PackLoader:240 - Cannot read IP mode file for STMicroelectronics.X-CUBE-AZRTOS-WB.2.0.0
2025-11-16 11:55:32,929 [WARN] ConditionMgr:1044 - genDependencies : Invalid condition id : UX DEVICE CLASS RTOS Condition cause : null
2025-11-16 11:55:32,929 [WARN] ConditionMgr:1044 - genDependencies : Invalid condition id : UX DEVICE CLASS RTOS Condition cause : null
2025-11-16 11:55:32,929 [WARN] ConditionMgr:1044 - genDependencies : Invalid condition id : UX DEVICE CLASS RTOS Condition cause : null
2025-11-16 11:55:32,929 [WARN] ConditionMgr:1044 - genDependencies : Invalid condition id : UX DEVICE CLASS RTOS Condition cause : null
2025-11-16 11:55:32,929 [WARN] ConditionMgr:1044 - genDependencies : Invalid condition id : UX DEVICE CLASS RTOS Condition cause : null
2025-11-16 11:55:32,932 [WARN] PackLoader:240 - Cannot read IP mode file for STMicroelectronics.X-CUBE-GNSS1.7.0.1
2025-11-16 11:55:32,934 [WARN] PackLoader:240 - Cannot read IP mode file for STMicroelectronics.X-CUBE-TOUCHGFX.4.25.0
2025-11-16 11:55:32,939 [WARN] PackLoader:240 - Cannot read IP mode file for STMicroelectronics.FP-SNS-STBOX1.2.0.0
2025-11-16 11:55:32,943 [WARN] ConditionMgr:438 - getConditionDescription Invalid condition id : Cortex-A Device cause : null
2025-11-16 11:55:32,948 [WARN] ConditionMgr:1044 - genDependencies : Invalid condition id : Cortex-A Device cause : null
2025-11-16 11:55:32,948 [WARN] ConditionMgr:1044 - genDependencies : Invalid condition id : Cortex-A Device cause : null
2025-11-16 11:55:32,948 [WARN] ConditionMgr:1044 - genDependencies : Invalid condition id : Cortex-A Device cause : null
2025-11-16 11:55:32,954 [WARN] PackLoader:240 - Cannot read IP mode file for STMicroelectronics.X-CUBE-SUBG2.5.0.0
2025-11-16 11:55:32,967 [WARN] PackLoader:240 - Cannot read IP mode file for STMicroelectronics.X-CUBE-AZRTOS-H7RS.1.1.0
2025-11-16 11:55:32,971 [WARN] PackLoader:240 - Cannot read IP mode file for Cesanta.I-CUBE-Mongoose.7.13.0
2025-11-16 11:55:32,979 [WARN] PackLoader:240 - Cannot read IP mode file for STMicroelectronics.X-CUBE-AZRTOS-G4.2.0.0
2025-11-16 11:55:32,982 [WARN] PackLoader:240 - Cannot read IP mode file for wolfSSL.I-CUBE-wolfSSH.1.4.20
2025-11-16 11:55:32,985 [WARN] PackLoader:240 - Cannot read IP mode file for STMicroelectronics.X-CUBE-NFC7.2.0.0
2025-11-16 11:55:32,991 [WARN] PackLoader:240 - Cannot read IP mode file for STMicroelectronics.X-CUBE-IPS.3.1.0
2025-11-16 11:55:33,003 [WARN] PackLoader:240 - Cannot read IP mode file for STMicroelectronics.X-CUBE-ALS.1.0.2
2025-11-16 11:55:33,007 [WARN] PackLoader:240 - Cannot read IP mode file for STMicroelectronics.X-CUBE-STSE01.1.0.0
2025-11-16 11:55:33,012 [WARN] PackLoader:240 - Cannot read IP mode file for portGmbH.I-Cube-SoM-uGOAL.1.1.0
2025-11-16 11:55:33,017 [WARN] PackLoader:240 - Cannot read IP mode file for STMicroelectronics.X-CUBE-TOF1.3.4.3
2025-11-16 11:55:33,024 [INFO] ThirdParty:978 - Integrity check success = true
2025-11-16 11:55:33,024 [INFO] IntegrityCheckThread:100 - exiting critical section [integrity check]
2025-11-16 11:55:33,024 [INFO] IntegrityCheckThread:103 - End integrity checks thread
2025-11-16 11:55:33,144 [ERROR] LogOutputStream:75 - [STDERR_REDIRECT] [Fatal Error] :1:1: Premature end of file.
2025-11-16 11:55:33,144 [ERROR] LogOutputStream:75 - [STDERR_REDIRECT] 
2025-11-16 11:55:34,142 [ERROR] LogOutputStream:75 - [STDERR_REDIRECT] [Fatal Error] :1:1: Premature end of file.
2025-11-16 11:55:34,142 [ERROR] LogOutputStream:75 - [STDERR_REDIRECT] 
2025-11-16 11:55:35,144 [ERROR] LogOutputStream:75 - [STDERR_REDIRECT] [Fatal Error] :1:1: Premature end of file.
2025-11-16 11:55:35,144 [ERROR] LogOutputStream:75 - [STDERR_REDIRECT] 
2025-11-16 11:55:36,144 [ERROR] LogOutputStream:75 - [STDERR_REDIRECT] [Fatal Error] :1:1: Premature end of file.
2025-11-16 11:55:36,144 [ERROR] LogOutputStream:75 - [STDERR_REDIRECT] 
2025-11-16 11:55:37,148 [ERROR] LogOutputStream:75 - [STDERR_REDIRECT] [Fatal Error] :1:1: Premature end of file.
2025-11-16 11:55:37,148 [ERROR] LogOutputStream:75 - [STDERR_REDIRECT] 
2025-11-16 11:55:38,164 [ERROR] LogOutputStream:75 - [STDERR_REDIRECT] [Fatal Error] :1:1: Premature end of file.
2025-11-16 11:55:38,164 [ERROR] LogOutputStream:75 - [STDERR_REDIRECT] 
2025-11-16 11:55:39,153 [ERROR] LogOutputStream:75 - [STDERR_REDIRECT] [Fatal Error] :1:1: Premature end of file.
2025-11-16 11:55:39,154 [ERROR] LogOutputStream:75 - [STDERR_REDIRECT] 
2025-11-16 11:55:40,148 [ERROR] LogOutputStream:75 - [STDERR_REDIRECT] [Fatal Error] :1:1: Premature end of file.
2025-11-16 11:55:40,148 [ERROR] LogOutputStream:75 - [STDERR_REDIRECT] 
2025-11-16 11:55:41,153 [ERROR] LogOutputStream:75 - [STDERR_REDIRECT] [Fatal Error] :1:1: Premature end of file.
2025-11-16 11:55:41,153 [ERROR] LogOutputStream:75 - [STDERR_REDIRECT] 
2025-11-16 11:55:42,147 [ERROR] LogOutputStream:75 - [STDERR_REDIRECT] [Fatal Error] :1:1: Premature end of file.
2025-11-16 11:55:42,147 [ERROR] LogOutputStream:75 - [STDERR_REDIRECT] 
2025-11-16 11:55:43,144 [ERROR] LogOutputStream:75 - [STDERR_REDIRECT] [Fatal Error] :1:1: Premature end of file.
2025-11-16 11:55:43,145 [ERROR] LogOutputStream:75 - [STDERR_REDIRECT] 
2025-11-16 11:55:43,399 [ERROR] LogOutputStream:75 - [STDERR_REDIRECT] 
2025-11-16 11:56:23,102 [INFO] Activator:176 - 


2025-11-16 11:56:23,104 [INFO] Activator:177 - !SESSION log4j initialized
2025-11-16 11:56:25,129 [INFO] LogOutputStream:77 - [STDOUT_REDIRECT] 
2025-11-16 11:56:26,479 [INFO] ApplicationProperties:184 - Using Application install path: C:\ST\STM32CubeIDE_1.19.0\STM32CubeIDE\plugins\com.st.stm32cube.common.mx_6.15.0.202507011659
2025-11-16 11:56:26,489 [INFO] DbMcusXml:78 - Set database path to: C:\ST\STM32CubeIDE_1.19.0\STM32CubeIDE\plugins\com.st.stm32cube.common.mx_6.15.0.202507011659\\db\/mcu/
2025-11-16 11:56:26,489 [INFO] ApiDb:274 - Set plugin database path to: C:\ST\STM32CubeIDE_1.19.0\STM32CubeIDE\plugins\com.st.stm32cube.common.mx_6.15.0.202507011659\\db\/plugins/boardmanager/
2025-11-16 11:56:26,489 [WARN] ApiDb:259 - Overriding images path with different value:  => C:\ST\STM32CubeIDE_1.19.0\STM32CubeIDE\plugins\com.st.stm32cube.common.mx_6.15.0.202507011659\\db\/plugins/mcufinder/images/
2025-11-16 11:56:26,492 [INFO] ApiDb:250 - Set database path to: C:\Users\akash\.stmcufinder\plugins\mcufinder//mcu/
2025-11-16 11:56:26,494 [INFO] DbMcusAds:125 - Set database path to: C:\Users\akash\.stmcufinder\plugins\mcufinder//mcu/
2025-11-16 11:56:26,495 [INFO] CrossReferenceDbSqlite:203 - Set database path to: C:\Users\akash\.stmcufinder\plugins\mcufinder//mcu/cs/
2025-11-16 11:56:26,571 [INFO] RulesReader:64 - Compatibility file has been processed (317 Rules)
2025-11-16 11:56:26,618 [INFO] DbMcusXml:78 - Set database path to: C:\ST\STM32CubeIDE_1.19.0\STM32CubeIDE\plugins\com.st.stm32cube.common.mx_6.15.0.202507011659\\db\/mcu/
2025-11-16 11:56:26,618 [INFO] ApiDb:274 - Set plugin database path to: C:\ST\STM32CubeIDE_1.19.0\STM32CubeIDE\plugins\com.st.stm32cube.common.mx_6.15.0.202507011659\\db\/plugins/boardmanager/
2025-11-16 11:56:26,618 [INFO] ApiDb:261 - Set plugin images path to: C:\ST\STM32CubeIDE_1.19.0\STM32CubeIDE\plugins\com.st.stm32cube.common.mx_6.15.0.202507011659\\db\/plugins/mcufinder/images/
2025-11-16 11:56:26,618 [WARN] DbFile:41 - Overriding database path with different value: C:\Users\akash\.stmcufinder\plugins\mcufinder/ => C:\Users\akash\.stmcufinder\plugins\mcufinder
2025-11-16 11:56:26,619 [INFO] ApiDb:250 - Set database path to: C:\Users\akash\.stmcufinder\plugins\mcufinder//mcu/
2025-11-16 11:56:26,619 [WARN] DbFile:41 - Overriding database path with different value: C:\Users\akash\.stmcufinder\plugins\mcufinder/ => C:\Users\akash\.stmcufinder\plugins\mcufinder
2025-11-16 11:56:26,619 [INFO] DbMcusAds:125 - Set database path to: C:\Users\akash\.stmcufinder\plugins\mcufinder//mcu/
2025-11-16 11:56:26,619 [WARN] DbFile:41 - Overriding database path with different value: C:\Users\akash\.stmcufinder\plugins\mcufinder/ => C:\Users\akash\.stmcufinder\plugins\mcufinder
2025-11-16 11:56:26,619 [WARN] DbFile:41 - Overriding database path with different value: C:\Users\akash\.stmcufinder\plugins\mcufinder/ => C:\Users\akash\.stmcufinder\plugins\mcufinder
2025-11-16 11:56:26,619 [INFO] CrossReferenceDbSqlite:203 - Set database path to: C:\Users\akash\.stmcufinder\plugins\mcufinder//mcu/cs/
2025-11-16 11:56:26,661 [INFO] MainPanel:274 - HeapMemory: 268435456
2025-11-16 11:56:26,713 [INFO] DbMcusXml:78 - Set database path to: C:\ST\STM32CubeIDE_1.19.0\STM32CubeIDE\plugins\com.st.stm32cube.common.mx_6.15.0.202507011659\\db\/mcu/
2025-11-16 11:56:26,713 [INFO] ApiDb:274 - Set plugin database path to: C:\ST\STM32CubeIDE_1.19.0\STM32CubeIDE\plugins\com.st.stm32cube.common.mx_6.15.0.202507011659\\db\/plugins/boardmanager/
2025-11-16 11:56:26,714 [INFO] ApiDb:261 - Set plugin images path to: C:\ST\STM32CubeIDE_1.19.0\STM32CubeIDE\plugins\com.st.stm32cube.common.mx_6.15.0.202507011659\\db\/plugins/mcufinder/images/
2025-11-16 11:56:26,714 [WARN] DbFile:41 - Overriding database path with different value: C:\Users\akash\.stmcufinder\plugins\mcufinder/ => C:\Users\akash\.stmcufinder\plugins\mcufinder
2025-11-16 11:56:26,714 [INFO] ApiDb:250 - Set database path to: C:\Users\akash\.stmcufinder\plugins\mcufinder//mcu/
2025-11-16 11:56:26,714 [WARN] DbFile:41 - Overriding database path with different value: C:\Users\akash\.stmcufinder\plugins\mcufinder/ => C:\Users\akash\.stmcufinder\plugins\mcufinder
2025-11-16 11:56:26,714 [INFO] DbMcusAds:125 - Set database path to: C:\Users\akash\.stmcufinder\plugins\mcufinder//mcu/
2025-11-16 11:56:26,714 [WARN] DbFile:41 - Overriding database path with different value: C:\Users\akash\.stmcufinder\plugins\mcufinder/ => C:\Users\akash\.stmcufinder\plugins\mcufinder
2025-11-16 11:56:26,714 [WARN] DbFile:41 - Overriding database path with different value: C:\Users\akash\.stmcufinder\plugins\mcufinder/ => C:\Users\akash\.stmcufinder\plugins\mcufinder
2025-11-16 11:56:26,714 [INFO] CrossReferenceDbSqlite:203 - Set database path to: C:\Users\akash\.stmcufinder\plugins\mcufinder//mcu/cs/
2025-11-16 11:56:26,725 [INFO] ApplicationProperties:184 - Using Application install path: C:\ST\STM32CubeIDE_1.19.0\STM32CubeIDE\plugins\com.st.stm32cube.common.mx_6.15.0.202507011659
2025-11-16 11:56:26,726 [INFO] PluginManage:196 - Search for loadable plugins [exclusion list=, ]
2025-11-16 11:56:26,727 [INFO] PluginManage:310 - Check plugin analytics
2025-11-16 11:56:26,851 [INFO] AnalyticsPlugin:253 - Accepted Software Licenses: STM32CubeMX.6.15.0
2025-11-16 11:56:26,851 [INFO] AnalyticsPlugin:255 - Accepted CMSIS Pack Licenses: STMicroelectronics.X-CUBE-AZRTOS-H7.3.3.0
2025-11-16 11:56:26,853 [INFO] AnalyticsPlugin:257 - Accepted Firmware Licenses: FW.H7.1.12.0,FW.G0.1.6.0,FW.G4.1.6.0
2025-11-16 11:56:26,854 [INFO] PluginManage:359 - Loaded plugin analytics (category:tool,tabindex:-1)
2025-11-16 11:56:26,854 [INFO] PluginManage:310 - Check plugin cadmodel
2025-11-16 11:56:26,857 [INFO] CADModel:105 - Init CAD model plugin
2025-11-16 11:56:26,857 [INFO] PluginManage:359 - Loaded plugin cadmodel (category:power,tabindex:5)
2025-11-16 11:56:26,857 [INFO] PluginManage:310 - Check plugin clock
2025-11-16 11:56:26,863 [INFO] PluginManage:359 - Loaded plugin clock (category:base,tabindex:2)
2025-11-16 11:56:26,863 [INFO] PluginManage:310 - Check plugin ddr
2025-11-16 11:56:26,864 [INFO] PluginManage:359 - Loaded plugin ddr (category:tool,tabindex:6)
2025-11-16 11:56:26,864 [INFO] PluginManage:310 - Check plugin filemanager
2025-11-16 11:56:26,996 [INFO] PluginManage:359 - Loaded plugin filemanager (category:base,tabindex:10)
2025-11-16 11:56:26,996 [INFO] PluginManage:310 - Check plugin ipmanager
2025-11-16 11:56:27,002 [INFO] PluginManage:359 - Loaded plugin ipmanager (category:base,tabindex:5)
2025-11-16 11:56:27,002 [INFO] PluginManage:310 - Check plugin lpbam
2025-11-16 11:56:27,008 [INFO] PluginManage:359 - Loaded plugin lpbam (category:base,tabindex:0)
2025-11-16 11:56:27,008 [INFO] PluginManage:310 - Check plugin memorymap
2025-11-16 11:56:27,015 [INFO] PluginManage:359 - Loaded plugin memorymap (category:base,tabindex:4)
2025-11-16 11:56:27,015 [INFO] PluginManage:310 - Check plugin pinoutandconfiguration
2025-11-16 11:56:27,019 [INFO] PluginManage:359 - Loaded plugin pinoutandconfiguration (category:base,tabindex:1)
2025-11-16 11:56:27,020 [INFO] PluginManage:310 - Check plugin pinoutconfig
2025-11-16 11:56:27,079 [WARN] SupportedApi:132 - Cannot load RTOS API schema: s4s-elt-must-match.1: The content of 'definitions' must match (annotation?, (simpleType | complexType)?, (unique | key | keyref)*)). A problem was found starting at: attribute.
2025-11-16 11:56:27,166 [INFO] PluginManage:359 - Loaded plugin pinoutconfig (category:base,tabindex:0)
2025-11-16 11:56:27,166 [INFO] PluginManage:310 - Check plugin power
2025-11-16 11:56:27,170 [INFO] PluginManage:359 - Loaded plugin power (category:power,tabindex:4)
2025-11-16 11:56:27,170 [INFO] PluginManage:310 - Check plugin projectmanager
2025-11-16 11:56:27,182 [INFO] PluginManage:359 - Loaded plugin projectmanager (category:projectmanager,tabindex:4)
2025-11-16 11:56:27,182 [INFO] PluginManage:310 - Check plugin rif
2025-11-16 11:56:27,187 [INFO] PluginManage:359 - Loaded plugin rif (category:base,tabindex:3)
2025-11-16 11:56:27,187 [INFO] PluginManage:310 - Check plugin thirdparty
2025-11-16 11:56:27,268 [INFO] PluginManage:359 - Loaded plugin thirdparty (category:base,tabindex:-1)
2025-11-16 11:56:27,268 [WARN] IntegrityCheckThread:84 - waiting for thirdparty lock release [integrity check]
2025-11-16 11:56:27,268 [INFO] PluginManage:310 - Check plugin tools
2025-11-16 11:56:27,268 [INFO] IntegrityCheckThread:86 - entering critical section [integrity check]
2025-11-16 11:56:27,268 [INFO] ThirdPartyUpdaterWithRetryManager:70 - Updater plugin not ready yet. [1/15]
2025-11-16 11:56:27,269 [INFO] PluginManage:359 - Loaded plugin tools (category:base,tabindex:7)
2025-11-16 11:56:27,269 [INFO] PluginManage:310 - Check plugin tutovideos
2025-11-16 11:56:27,403 [INFO] PluginManage:359 - Loaded plugin tutovideos (category:base,tabindex:-1)
2025-11-16 11:56:27,403 [INFO] PluginManage:310 - Check plugin updater
2025-11-16 11:56:27,418 [INFO] PluginManage:359 - Loaded plugin updater (category:base,tabindex:12)
2025-11-16 11:56:27,418 [INFO] PluginManage:310 - Check plugin userauth
2025-11-16 11:56:27,421 [INFO] UserAuth:118 - Init User Auth plugin
2025-11-16 11:56:27,422 [INFO] PluginManage:359 - Loaded plugin userauth (category:base,tabindex:14)
2025-11-16 11:56:27,423 [INFO] PluginManage:283 - PluginManage : Loaded plugins [18]
2025-11-16 11:56:27,560 [INFO] PinOutPanel:1589 - setPackage(No Configuration,No Configuration)
2025-11-16 11:56:27,618 [INFO] CADModel:165 - CPN selected for project level
2025-11-16 11:56:27,618 [INFO] CADModel:114 - Register for checkConnection events
2025-11-16 11:56:27,628 [INFO] IPUIPlugin:80 - create IPUIPlugin
2025-11-16 11:56:27,628 [INFO] PluginManager:220 - loadIPPluginJar : add adc
2025-11-16 11:56:27,630 [INFO] IPUIPlugin:80 - create IPUIPlugin
2025-11-16 11:56:27,630 [INFO] PluginManager:220 - loadIPPluginJar : add aes
2025-11-16 11:56:27,631 [INFO] IPUIPlugin:80 - create IPUIPlugin
2025-11-16 11:56:27,631 [INFO] PluginManager:220 - loadIPPluginJar : add can
2025-11-16 11:56:27,633 [INFO] IPUIPlugin:80 - create IPUIPlugin
2025-11-16 11:56:27,633 [INFO] PluginManager:220 - loadIPPluginJar : add comp
2025-11-16 11:56:27,634 [INFO] IPUIPlugin:80 - create IPUIPlugin
2025-11-16 11:56:27,635 [INFO] PluginManager:220 - loadIPPluginJar : add cryp
2025-11-16 11:56:27,636 [INFO] IPUIPlugin:80 - create IPUIPlugin
2025-11-16 11:56:27,636 [INFO] PluginManager:220 - loadIPPluginJar : add ddr_ctrl_phy
2025-11-16 11:56:27,638 [INFO] IPUIPlugin:80 - create IPUIPlugin
2025-11-16 11:56:27,638 [INFO] PluginManager:220 - loadIPPluginJar : add dfsdm
2025-11-16 11:56:27,640 [INFO] IPUIPlugin:80 - create IPUIPlugin
2025-11-16 11:56:27,641 [INFO] PluginManager:220 - loadIPPluginJar : add dma
2025-11-16 11:56:27,643 [INFO] IPUIPlugin:80 - create IPUIPlugin
2025-11-16 11:56:27,643 [INFO] PluginManager:220 - loadIPPluginJar : add dma3
2025-11-16 11:56:27,645 [INFO] IPUIPlugin:80 - create IPUIPlugin
2025-11-16 11:56:27,645 [INFO] PluginManager:220 - loadIPPluginJar : add extmemmanager
2025-11-16 11:56:27,645 [INFO] IPUIPlugin:80 - create IPUIPlugin
2025-11-16 11:56:27,645 [INFO] PluginManager:220 - loadIPPluginJar : add fatfs
2025-11-16 11:56:27,648 [INFO] IPUIPlugin:80 - create IPUIPlugin
2025-11-16 11:56:27,648 [INFO] PluginManager:220 - loadIPPluginJar : add fmc
2025-11-16 11:56:27,652 [INFO] IPUIPlugin:80 - create IPUIPlugin
2025-11-16 11:56:27,652 [INFO] PluginManager:220 - loadIPPluginJar : add freertos
2025-11-16 11:56:27,653 [INFO] IPUIPlugin:80 - create IPUIPlugin
2025-11-16 11:56:27,653 [INFO] PluginManager:220 - loadIPPluginJar : add genericplugin
2025-11-16 11:56:27,654 [INFO] IPUIPlugin:80 - create IPUIPlugin
2025-11-16 11:56:27,654 [INFO] PluginManager:220 - loadIPPluginJar : add gfxmmu
2025-11-16 11:56:27,657 [INFO] IPUIPlugin:80 - create IPUIPlugin
2025-11-16 11:56:27,657 [INFO] PluginManager:220 - loadIPPluginJar : add gic
2025-11-16 11:56:27,660 [INFO] IPUIPlugin:80 - create IPUIPlugin
2025-11-16 11:56:27,660 [INFO] PluginManager:220 - loadIPPluginJar : add gpio
2025-11-16 11:56:27,661 [INFO] IPUIPlugin:80 - create IPUIPlugin
2025-11-16 11:56:27,661 [INFO] PluginManager:220 - loadIPPluginJar : add gtzc
2025-11-16 11:56:27,662 [INFO] IPUIPlugin:80 - create IPUIPlugin
2025-11-16 11:56:27,662 [INFO] PluginManager:220 - loadIPPluginJar : add hash
2025-11-16 11:56:27,664 [INFO] IPUIPlugin:80 - create IPUIPlugin
2025-11-16 11:56:27,664 [INFO] PluginManager:220 - loadIPPluginJar : add i2c
2025-11-16 11:56:27,666 [INFO] IPUIPlugin:80 - create IPUIPlugin
2025-11-16 11:56:27,666 [INFO] PluginManager:220 - loadIPPluginJar : add i2s
2025-11-16 11:56:27,667 [INFO] IPUIPlugin:80 - create IPUIPlugin
2025-11-16 11:56:27,667 [INFO] PluginManager:220 - loadIPPluginJar : add i3c
2025-11-16 11:56:27,669 [INFO] IPUIPlugin:80 - create IPUIPlugin
2025-11-16 11:56:27,669 [INFO] PluginManager:220 - loadIPPluginJar : add ipddr
2025-11-16 11:56:27,673 [INFO] IPUIPlugin:80 - create IPUIPlugin
2025-11-16 11:56:27,673 [INFO] PluginManager:220 - loadIPPluginJar : add linkedlist
2025-11-16 11:56:27,675 [INFO] IPUIPlugin:80 - create IPUIPlugin
2025-11-16 11:56:27,675 [INFO] PluginManager:220 - loadIPPluginJar : add lorawan
2025-11-16 11:56:27,676 [INFO] IPUIPlugin:80 - create IPUIPlugin
2025-11-16 11:56:27,676 [INFO] PluginManager:220 - loadIPPluginJar : add ltdc
2025-11-16 11:56:27,678 [INFO] IPUIPlugin:80 - create IPUIPlugin
2025-11-16 11:56:27,680 [INFO] PluginManager:220 - loadIPPluginJar : add mdma
2025-11-16 11:56:27,681 [INFO] IPUIPlugin:80 - create IPUIPlugin
2025-11-16 11:56:27,682 [INFO] PluginManager:220 - loadIPPluginJar : add nvic
2025-11-16 11:56:27,683 [INFO] IPUIPlugin:80 - create IPUIPlugin
2025-11-16 11:56:27,683 [INFO] PluginManager:220 - loadIPPluginJar : add opamp
2025-11-16 11:56:27,686 [INFO] IPUIPlugin:80 - create IPUIPlugin
2025-11-16 11:56:27,686 [INFO] PluginManager:220 - loadIPPluginJar : add openamp
2025-11-16 11:56:27,687 [INFO] IPUIPlugin:80 - create IPUIPlugin
2025-11-16 11:56:27,687 [INFO] PluginManager:220 - loadIPPluginJar : add pdm2pcm
2025-11-16 11:56:27,691 [INFO] IPUIPlugin:80 - create IPUIPlugin
2025-11-16 11:56:27,692 [INFO] PluginManager:220 - loadIPPluginJar : add plateformsettings
2025-11-16 11:56:27,693 [INFO] IPUIPlugin:80 - create IPUIPlugin
2025-11-16 11:56:27,693 [INFO] PluginManager:220 - loadIPPluginJar : add quadspi
2025-11-16 11:56:27,694 [INFO] IPUIPlugin:80 - create IPUIPlugin
2025-11-16 11:56:27,694 [INFO] PluginManager:220 - loadIPPluginJar : add radio
2025-11-16 11:56:27,696 [INFO] IPUIPlugin:80 - create IPUIPlugin
2025-11-16 11:56:27,696 [INFO] PluginManager:220 - loadIPPluginJar : add resmgrutility
2025-11-16 11:56:27,698 [INFO] IPUIPlugin:80 - create IPUIPlugin
2025-11-16 11:56:27,698 [INFO] PluginManager:220 - loadIPPluginJar : add sai
2025-11-16 11:56:27,699 [INFO] IPUIPlugin:80 - create IPUIPlugin
2025-11-16 11:56:27,699 [INFO] PluginManager:220 - loadIPPluginJar : add spi
2025-11-16 11:56:27,703 [INFO] IPUIPlugin:80 - create IPUIPlugin
2025-11-16 11:56:27,703 [INFO] PluginManager:220 - loadIPPluginJar : add stm32_wpan
2025-11-16 11:56:27,704 [INFO] IPUIPlugin:80 - create IPUIPlugin
2025-11-16 11:56:27,704 [INFO] PluginManager:220 - loadIPPluginJar : add tim
2025-11-16 11:56:27,706 [INFO] IPUIPlugin:80 - create IPUIPlugin
2025-11-16 11:56:27,706 [INFO] PluginManager:220 - loadIPPluginJar : add touchsensing
2025-11-16 11:56:27,707 [INFO] IPUIPlugin:80 - create IPUIPlugin
2025-11-16 11:56:27,707 [INFO] PluginManager:220 - loadIPPluginJar : add tracer_emb
2025-11-16 11:56:27,708 [INFO] IPUIPlugin:80 - create IPUIPlugin
2025-11-16 11:56:27,709 [INFO] PluginManager:220 - loadIPPluginJar : add ts
2025-11-16 11:56:27,709 [INFO] IPUIPlugin:80 - create IPUIPlugin
2025-11-16 11:56:27,709 [INFO] PluginManager:220 - loadIPPluginJar : add tsc
2025-11-16 11:56:27,710 [INFO] IPUIPlugin:80 - create IPUIPlugin
2025-11-16 11:56:27,710 [INFO] PluginManager:220 - loadIPPluginJar : add ucpd
2025-11-16 11:56:27,712 [INFO] IPUIPlugin:80 - create IPUIPlugin
2025-11-16 11:56:27,712 [INFO] PluginManager:220 - loadIPPluginJar : add usart
2025-11-16 11:56:27,714 [INFO] IPUIPlugin:80 - create IPUIPlugin
2025-11-16 11:56:27,714 [INFO] PluginManager:220 - loadIPPluginJar : add usbx
2025-11-16 11:56:27,821 [FATAL] Updater:351 - Updater called before beeing initialized
2025-11-16 11:56:27,838 [INFO] RulesReader:64 - Compatibility file has been processed (317 Rules)
2025-11-16 11:56:27,847 [INFO] RulesReader:64 - Compatibility file has been processed (317 Rules)
2025-11-16 11:56:27,851 [INFO] CADModel:165 - CPN selected for project level
2025-11-16 11:56:27,851 [INFO] CADModel:114 - Register for checkConnection events
2025-11-16 11:56:27,851 [FATAL] Updater:351 - Updater called before beeing initialized
2025-11-16 11:56:27,851 [ERROR] CADModel:125 - Updater not yet initialized, retry later 
2025-11-16 11:56:27,934 [FATAL] Updater:351 - Updater called before beeing initialized
2025-11-16 11:56:27,935 [INFO] CADModel:165 - CPN selected for project level
2025-11-16 11:56:27,935 [INFO] CADModel:114 - Register for checkConnection events
2025-11-16 11:56:27,935 [FATAL] Updater:351 - Updater called before beeing initialized
2025-11-16 11:56:27,935 [ERROR] CADModel:125 - Updater not yet initialized, retry later 
2025-11-16 11:56:27,937 [FATAL] Updater:351 - Updater called before beeing initialized
2025-11-16 11:56:28,007 [FATAL] Updater:351 - Updater called before beeing initialized
2025-11-16 11:56:28,010 [INFO] DbMcusAds:53 - JSON generation date=Thu Oct 02 02:36:05 PDT 2025 (1759397765645)
2025-11-16 11:56:28,010 [FATAL] Updater:351 - Updater called before beeing initialized
2025-11-16 11:56:28,035 [WARN] DetailPanel:346 - Failed to get advertising image, set to default
2025-11-16 11:56:28,096 [FATAL] Updater:351 - Updater called before beeing initialized
2025-11-16 11:56:28,097 [FATAL] Updater:351 - Updater called before beeing initialized
2025-11-16 11:56:28,097 [FATAL] Updater:351 - Updater called before beeing initialized
2025-11-16 11:56:28,097 [WARN] DetailPanel:346 - Failed to get advertising image, set to default
2025-11-16 11:56:28,098 [FATAL] Updater:351 - Updater called before beeing initialized
2025-11-16 11:56:28,128 [ERROR] Updater:1198 - MainUpdater not yet initialized. External WinMGr cannot be set.
2025-11-16 11:56:28,129 [INFO] Updater:1134 - Updater Version found : 6.15.0
2025-11-16 11:56:28,138 [INFO] ApplicationProperties:184 - Using Application install path: C:\ST\STM32CubeIDE_1.19.0\STM32CubeIDE\plugins\com.st.stm32cube.common.mx_6.15.0.202507011659
2025-11-16 11:56:29,706 [ERROR] LogOutputStream:75 - [STDERR_REDIRECT] Nov 16, 2025 11:56:29 AM java.util.prefs.WindowsPreferences <init>
2025-11-16 11:56:29,707 [ERROR] LogOutputStream:75 - [STDERR_REDIRECT] WARNING: Could not open/create prefs root node Software\JavaSoft\Prefs at root 0xffffffff80000002. Windows RegCreateKeyEx(...) returned error code 5.
2025-11-16 11:56:29,707 [ERROR] LogOutputStream:75 - [STDERR_REDIRECT] 
2025-11-16 11:56:29,888 [INFO] MainUpdater:2872 - connection check result : 10
2025-11-16 11:56:29,888 [INFO] MainUpdater:289 - Updater Check For Update Now.
2025-11-16 11:56:29,888 [INFO] MicroXplorer:498 - Change Database Version : DB.6.0.150
2025-11-16 11:56:29,893 [INFO] McuFinderGlobals:63 - Set McuFinder mode to 2 (CubeIDE integrated)
2025-11-16 11:56:29,894 [INFO] UserAuth:487 - Internet connection configuration mode: 1
2025-11-16 11:56:29,903 [INFO] JxBrowserEngine:152 - Initiate JxBrowser Engine with user profile folder
2025-11-16 11:56:30,050 [INFO] CheckServerUpdateThread:120 - End of CheckServer Thread
2025-11-16 11:56:30,289 [INFO] WebApp:169 - Instantiating new browser for Auth
2025-11-16 11:56:30,469 [WARN] PackLoader:240 - Cannot read IP mode file for STMicroelectronics.FP-SNS-MOTENVWB1.1.4.0
2025-11-16 11:56:30,476 [WARN] PackLoader:240 - Cannot read IP mode file for STMicroelectronics.FP-ATR-ASTRA1.2.0.2
2025-11-16 11:56:30,486 [WARN] PackLoader:240 - Cannot read IP mode file for STMicroelectronics.X-CUBE-SMBUS.2.1.0
2025-11-16 11:56:30,489 [WARN] PackLoader:240 - Cannot read IP mode file for STMicroelectronics.X-CUBE-ST60.1.0.0
2025-11-16 11:56:30,516 [WARN] PackLoader:240 - Cannot read IP mode file for STMicroelectronics.X-CUBE-AZRTOS-F7.1.1.0
2025-11-16 11:56:30,522 [WARN] PackLoader:240 - Cannot read IP mode file for STMicroelectronics.FP-SNS-MOTENV1.5.1.0
2025-11-16 11:56:30,544 [WARN] PackLoader:240 - Cannot read IP mode file for Infineon.AIROC-Wi-Fi-Bluetooth-STM32.1.7.1
2025-11-16 11:56:30,568 [WARN] PackLoader:240 - Cannot read IP mode file for STMicroelectronics.X-CUBE-AZRTOS-H7.3.4.0
2025-11-16 11:56:30,576 [WARN] PackLoader:240 - Cannot read IP mode file for STMicroelectronics.X-CUBE-DISPLAY.3.0.0
2025-11-16 11:56:30,589 [WARN] PackLoader:240 - Cannot read IP mode file for STMicroelectronics.X-CUBE-NFC10.1.0.0
2025-11-16 11:56:30,593 [WARN] PackLoader:240 - Cannot read IP mode file for STMicroelectronics.X-CUBE-ST60.1.1.0
2025-11-16 11:56:30,598 [WARN] PackLoader:240 - Cannot read IP mode file for emotas.I-CUBE-CANOPEN.1.3.0
2025-11-16 11:56:30,602 [WARN] PackLoader:240 - Cannot read IP mode file for STMicroelectronics.X-CUBE-GNSS1.7.1.0
2025-11-16 11:56:30,608 [WARN] PackLoader:240 - Cannot read IP mode file for STMicroelectronics.FP-SNS-STBOX1.2.1.0
2025-11-16 11:56:30,613 [WARN] PackLoader:240 - Cannot read IP mode file for STMicroelectronics.FP-SNS-SMARTAG2.1.2.0
2025-11-16 11:56:30,616 [WARN] PackLoader:240 - Cannot read IP mode file for STMicroelectronics.FP-SNS-FLIGHT1.5.1.0
2025-11-16 11:56:30,625 [INFO] LogOutputStream:77 - [STDOUT_REDIRECT] 1 : Invalid condition id : UX_CORESTACK_Condition cause : null
2025-11-16 11:56:30,626 [INFO] LogOutputStream:77 - [STDOUT_REDIRECT] 1 : Invalid condition id : UX_CORESTACK_Condition cause : null
2025-11-16 11:56:30,627 [INFO] LogOutputStream:77 - [STDOUT_REDIRECT] 1 : Invalid condition id : UX_CORESTACK_Condition cause : null
2025-11-16 11:56:30,628 [INFO] LogOutputStream:77 - [STDOUT_REDIRECT] 1 : Invalid condition id : UX_CORESTACK_Condition cause : null
2025-11-16 11:56:30,630 [INFO] LogOutputStream:77 - [STDOUT_REDIRECT] 1 : Invalid condition id : UX_CORESTACK_Condition cause : null
2025-11-16 11:56:30,633 [WARN] PackLoader:240 - Cannot read IP mode file for STMicroelectronics.X-CUBE-AZRTOS-WL.2.0.0
2025-11-16 11:56:30,637 [WARN] PackLoader:240 - Cannot read IP mode file for STMicroelectronics.FP-SNS-MOTENV1.5.0.0
2025-11-16 11:56:30,644 [WARN] PackLoader:240 - Cannot read IP mode file for WES.I-CUBE-Cesium.1.3.0
2025-11-16 11:56:30,648 [WARN] PackLoader:240 - Cannot read IP mode file for STMicroelectronics.X-CUBE-BLE2.3.3.0
2025-11-16 11:56:30,662 [WARN] PackLoader:240 - Cannot read IP mode file for STMicroelectronics.X-CUBE-NFC9.1.0.0
2025-11-16 11:56:30,667 [WARN] PackLoader:240 - Cannot read IP mode file for wolfSSL.I-CUBE-wolfSSL.5.8.0
2025-11-16 11:56:30,670 [WARN] PackLoader:240 - Cannot read IP mode file for STMicroelectronics.X-CUBE-BLE1.7.1.0
2025-11-16 11:56:30,673 [WARN] PackLoader:240 - Cannot read IP mode file for wolfSSL.I-CUBE-wolfMQTT.1.19.2
2025-11-16 11:56:30,677 [WARN] PackLoader:240 - Cannot read IP mode file for STMicroelectronics.X-CUBE-EEPRMA1.5.2.0
2025-11-16 11:56:30,680 [WARN] PackLoader:240 - Cannot read IP mode file for STMicroelectronics.X-CUBE-ST67W61.1.1.0
2025-11-16 11:56:30,684 [WARN] PackLoader:240 - Cannot read IP mode file for STMicroelectronics.X-CUBE-AI.10.1.0
2025-11-16 11:56:30,694 [WARN] PackLoader:240 - Cannot read IP mode file for STMicroelectronics.X-CUBE-AZRTOS-G0.1.1.0
2025-11-16 11:56:30,699 [WARN] PackLoader:240 - Cannot read IP mode file for STMicroelectronics.X-CUBE-SAFEA1.1.2.2
2025-11-16 11:56:30,703 [WARN] PackLoader:240 - Cannot read IP mode file for STMicroelectronics.X-CUBE-NFC4.3.0.0
2025-11-16 11:56:30,708 [WARN] PackLoader:240 - Cannot read IP mode file for EmbeddedOffice.I-CUBE-FS-RTOS.1.0.1
2025-11-16 11:56:30,711 [WARN] PackLoader:240 - Cannot read IP mode file for STMicroelectronics.X-CUBE-WB05N.2.0.0
2025-11-16 11:56:30,714 [WARN] PackLoader:240 - Cannot read IP mode file for wolfSSL.I-CUBE-wolfTPM.3.8.0
2025-11-16 11:56:30,717 [WARN] PackLoader:240 - Cannot read IP mode file for STMicroelectronics.X-CUBE-TCPP.4.2.0
2025-11-16 11:56:30,720 [WARN] PackLoader:240 - Cannot read IP mode file for RealThread.X-CUBE-RT-Thread_Nano.4.1.1
2025-11-16 11:56:30,723 [WARN] PackLoader:240 - Cannot read IP mode file for STMicroelectronics.FP-ATR-SIGFOX1.3.2.0
2025-11-16 11:56:30,727 [WARN] PackLoader:240 - Cannot read IP mode file for ITTIA_DB.I-CUBE-ITTIADB.8.9.0
2025-11-16 11:56:30,735 [WARN] PackLoader:240 - Cannot read IP mode file for STMicroelectronics.X-CUBE-ST67W61.1.0.0
2025-11-16 11:56:30,737 [WARN] PackLoader:240 - Cannot read IP mode file for STMicroelectronics.X-CUBE-AI.10.2.0
2025-11-16 11:56:30,755 [WARN] PackLoader:240 - Cannot read IP mode file for SEGGER.I-CUBE-embOS.1.3.1
2025-11-16 11:56:30,802 [WARN] PackLoader:240 - Cannot read IP mode file for STMicroelectronics.X-CUBE-ALGOBUILD.1.4.0
2025-11-16 11:56:30,841 [WARN] PackLoader:240 - Cannot read IP mode file for STMicroelectronics.X-CUBE-MEMS1.11.3.0
2025-11-16 11:56:30,891 [INFO] WebApp:463 - Apply proxy settings
2025-11-16 11:56:30,892 [INFO] WebApp:548 - Chromium requires no authentication
2025-11-16 11:56:30,900 [INFO] WebApp:491 - Direct internet connection detected
2025-11-16 11:56:30,918 [INFO] WebApp:900 - Register for checkConnection events
2025-11-16 11:56:30,918 [INFO] WebApp:463 - Apply proxy settings
2025-11-16 11:56:30,918 [INFO] WebApp:548 - Chromium requires no authentication
2025-11-16 11:56:30,927 [INFO] WebApp:491 - Direct internet connection detected
2025-11-16 11:56:30,952 [WARN] PackLoader:240 - Cannot read IP mode file for STMicroelectronics.X-CUBE-PM33A1.1.0.0
2025-11-16 11:56:30,965 [WARN] PackLoader:240 - Cannot read IP mode file for STMicroelectronics.X-CUBE-AZRTOS-F4.1.1.0
2025-11-16 11:56:30,970 [WARN] PackLoader:240 - Cannot read IP mode file for Avnet-IotConnect.X-CUBE-IoTC-DA16k-PMOD.1.0.0
2025-11-16 11:56:30,983 [WARN] PackLoader:240 - Cannot read IP mode file for STMicroelectronics.X-CUBE-ISPU.2.1.0
2025-11-16 11:56:30,994 [WARN] PackLoader:240 - Cannot read IP mode file for STMicroelectronics.X-CUBE-IPS.3.2.0
2025-11-16 11:56:31,005 [WARN] PackLoader:240 - Cannot read IP mode file for STMicroelectronics.X-CUBE-NFC12.1.0.0
2025-11-16 11:56:31,016 [WARN] PackLoader:240 - Cannot read IP mode file for STMicroelectronics.X-CUBE-AZRTOS-L5.2.0.0
2025-11-16 11:56:31,022 [WARN] PackLoader:240 - Cannot read IP mode file for STMicroelectronics.X-CUBE-NFC6.3.1.0
2025-11-16 11:56:31,025 [WARN] PackLoader:240 - Cannot read IP mode file for STMicroelectronics.X-CUBE-FREERTOS.1.3.1
2025-11-16 11:56:31,028 [WARN] PackLoader:240 - Cannot read IP mode file for STMicroelectronics.X-CUBE-TOUCHGFX.4.26.0
2025-11-16 11:56:31,033 [WARN] PackLoader:240 - Cannot read IP mode file for STMicroelectronics.FP-SNS-STAIOTCFT.1.0.0
2025-11-16 11:56:31,036 [WARN] PackLoader:240 - Cannot read IP mode file for STMicroelectronics.X-CUBE-DPower.1.3.0
2025-11-16 11:56:31,046 [WARN] ConditionMgr:438 - getConditionDescription Invalid condition id : LAN8742 Phy interface Condition cause : null
2025-11-16 11:56:31,047 [WARN] PackLoader:240 - Cannot read IP mode file for STMicroelectronics.X-CUBE-AZRTOS-L4.2.0.0
2025-11-16 11:56:31,048 [WARN] ConditionMgr:1044 - genDependencies : Invalid condition id : LAN8742 Phy interface Condition cause : null
2025-11-16 11:56:31,048 [WARN] ConditionMgr:1044 - genDependencies : Invalid condition id : LAN8742 Phy interface Condition cause : null
2025-11-16 11:56:31,049 [WARN] ConditionMgr:1044 - genDependencies : Invalid condition id : LAN8742 Phy interface Condition cause : null
2025-11-16 11:56:31,055 [WARN] PackLoader:240 - Cannot read IP mode file for STMicroelectronics.X-CUBE-SFXS2LP1.4.0.0
2025-11-16 11:56:31,075 [WARN] PackLoader:240 - Cannot read IP mode file for STMicroelectronics.X-CUBE-AZRTOS-H7.3.3.0
2025-11-16 11:56:31,075 [INFO] WebApp:191 - Connection restablished
2025-11-16 11:56:31,132 [INFO] WebApp:225 - Starting web application
2025-11-16 11:56:31,132 [INFO] WebApp:593 - Web application path used C:\ST\STM32CubeIDE_1.19.0\STM32CubeIDE\plugins\com.st.stm32cube.common.mx_6.15.0.202507011659\db\plugins\mcufinder\reactClient1\index.html
2025-11-16 11:56:31,217 [INFO] UserAuth:487 - Internet connection configuration mode: 1
2025-11-16 11:56:31,315 [WARN] PackLoader:240 - Cannot read IP mode file for STMicroelectronics.X-CUBE-BLEMGR.4.1.0
2025-11-16 11:56:31,329 [WARN] ConditionMgr:438 - getConditionDescription Invalid condition id : UX DEVICE CLASS RTOS Condition cause : null
2025-11-16 11:56:31,329 [WARN] ConditionMgr:438 - getConditionDescription Invalid condition id : UX DEVICE CLASS RTOS Condition cause : null
2025-11-16 11:56:31,331 [WARN] PackLoader:240 - Cannot read IP mode file for STMicroelectronics.X-CUBE-AZRTOS-WB.2.0.0
2025-11-16 11:56:31,331 [WARN] ConditionMgr:1044 - genDependencies : Invalid condition id : UX DEVICE CLASS RTOS Condition cause : null
2025-11-16 11:56:31,331 [WARN] ConditionMgr:1044 - genDependencies : Invalid condition id : UX DEVICE CLASS RTOS Condition cause : null
2025-11-16 11:56:31,332 [WARN] ConditionMgr:1044 - genDependencies : Invalid condition id : UX DEVICE CLASS RTOS Condition cause : null
2025-11-16 11:56:31,332 [WARN] ConditionMgr:1044 - genDependencies : Invalid condition id : UX DEVICE CLASS RTOS Condition cause : null
2025-11-16 11:56:31,332 [WARN] ConditionMgr:1044 - genDependencies : Invalid condition id : UX DEVICE CLASS RTOS Condition cause : null
2025-11-16 11:56:31,335 [WARN] PackLoader:240 - Cannot read IP mode file for STMicroelectronics.X-CUBE-GNSS1.7.0.1
2025-11-16 11:56:31,337 [WARN] PackLoader:240 - Cannot read IP mode file for STMicroelectronics.X-CUBE-TOUCHGFX.4.25.0
2025-11-16 11:56:31,342 [WARN] PackLoader:240 - Cannot read IP mode file for STMicroelectronics.FP-SNS-STBOX1.2.0.0
2025-11-16 11:56:31,347 [WARN] ConditionMgr:438 - getConditionDescription Invalid condition id : Cortex-A Device cause : null
2025-11-16 11:56:31,352 [WARN] ConditionMgr:1044 - genDependencies : Invalid condition id : Cortex-A Device cause : null
2025-11-16 11:56:31,352 [WARN] ConditionMgr:1044 - genDependencies : Invalid condition id : Cortex-A Device cause : null
2025-11-16 11:56:31,352 [WARN] ConditionMgr:1044 - genDependencies : Invalid condition id : Cortex-A Device cause : null
2025-11-16 11:56:31,360 [WARN] PackLoader:240 - Cannot read IP mode file for STMicroelectronics.X-CUBE-SUBG2.5.0.0
2025-11-16 11:56:31,381 [WARN] PackLoader:240 - Cannot read IP mode file for STMicroelectronics.X-CUBE-AZRTOS-H7RS.1.1.0
2025-11-16 11:56:31,387 [WARN] PackLoader:240 - Cannot read IP mode file for Cesanta.I-CUBE-Mongoose.7.13.0
2025-11-16 11:56:31,399 [WARN] PackLoader:240 - Cannot read IP mode file for STMicroelectronics.X-CUBE-AZRTOS-G4.2.0.0
2025-11-16 11:56:31,404 [WARN] PackLoader:240 - Cannot read IP mode file for wolfSSL.I-CUBE-wolfSSH.1.4.20
2025-11-16 11:56:31,435 [WARN] PackLoader:240 - Cannot read IP mode file for STMicroelectronics.X-CUBE-NFC7.2.0.0
2025-11-16 11:56:31,446 [WARN] PackLoader:240 - Cannot read IP mode file for STMicroelectronics.X-CUBE-IPS.3.1.0
2025-11-16 11:56:31,456 [WARN] PackLoader:240 - Cannot read IP mode file for STMicroelectronics.X-CUBE-ALS.1.0.2
2025-11-16 11:56:31,462 [WARN] PackLoader:240 - Cannot read IP mode file for STMicroelectronics.X-CUBE-STSE01.1.0.0
2025-11-16 11:56:31,468 [WARN] PackLoader:240 - Cannot read IP mode file for portGmbH.I-Cube-SoM-uGOAL.1.1.0
2025-11-16 11:56:31,477 [WARN] PackLoader:240 - Cannot read IP mode file for STMicroelectronics.X-CUBE-TOF1.3.4.3
2025-11-16 11:56:31,486 [INFO] ThirdParty:978 - Integrity check success = true
2025-11-16 11:56:31,486 [INFO] IntegrityCheckThread:100 - exiting critical section [integrity check]
2025-11-16 11:56:31,486 [INFO] IntegrityCheckThread:103 - End integrity checks thread
2025-11-16 11:56:31,491 [ERROR] LogOutputStream:75 - [STDERR_REDIRECT] [Fatal Error] :1:1: Premature end of file.
2025-11-16 11:56:31,491 [ERROR] LogOutputStream:75 - [STDERR_REDIRECT] 
2025-11-16 11:56:32,320 [ERROR] LogOutputStream:75 - [STDERR_REDIRECT] [Fatal Error] :1:1: Premature end of file.
2025-11-16 11:56:32,320 [ERROR] LogOutputStream:75 - [STDERR_REDIRECT] 
2025-11-16 11:56:33,277 [ERROR] LogOutputStream:75 - [STDERR_REDIRECT] [Fatal Error] :1:1: Premature end of file.
2025-11-16 11:56:33,277 [ERROR] LogOutputStream:75 - [STDERR_REDIRECT] 
2025-11-16 11:56:34,259 [ERROR] LogOutputStream:75 - [STDERR_REDIRECT] [Fatal Error] :1:1: Premature end of file.
2025-11-16 11:56:34,259 [ERROR] LogOutputStream:75 - [STDERR_REDIRECT] 
2025-11-16 11:56:35,280 [ERROR] LogOutputStream:75 - [STDERR_REDIRECT] [Fatal Error] :1:1: Premature end of file.
2025-11-16 11:56:35,280 [ERROR] LogOutputStream:75 - [STDERR_REDIRECT] 
2025-11-16 11:56:36,297 [ERROR] LogOutputStream:75 - [STDERR_REDIRECT] [Fatal Error] :1:1: Premature end of file.
2025-11-16 11:56:36,297 [ERROR] LogOutputStream:75 - [STDERR_REDIRECT] 
2025-11-16 11:56:37,266 [ERROR] LogOutputStream:75 - [STDERR_REDIRECT] [Fatal Error] :1:1: Premature end of file.
2025-11-16 11:56:37,266 [ERROR] LogOutputStream:75 - [STDERR_REDIRECT] 
2025-11-16 11:56:38,257 [ERROR] LogOutputStream:75 - [STDERR_REDIRECT] [Fatal Error] :1:1: Premature end of file.
2025-11-16 11:56:38,257 [ERROR] LogOutputStream:75 - [STDERR_REDIRECT] 
2025-11-16 11:56:39,270 [ERROR] LogOutputStream:75 - [STDERR_REDIRECT] [Fatal Error] :1:1: Premature end of file.
2025-11-16 11:56:39,270 [ERROR] LogOutputStream:75 - [STDERR_REDIRECT] 
2025-11-16 11:56:40,260 [ERROR] LogOutputStream:75 - [STDERR_REDIRECT] [Fatal Error] :1:1: Premature end of file.
2025-11-16 11:56:40,260 [ERROR] LogOutputStream:75 - [STDERR_REDIRECT] 
2025-11-16 11:56:41,289 [ERROR] LogOutputStream:75 - [STDERR_REDIRECT] [Fatal Error] :1:1: Premature end of file.
2025-11-16 11:56:41,289 [ERROR] LogOutputStream:75 - [STDERR_REDIRECT] 
2025-11-16 11:56:42,257 [ERROR] LogOutputStream:75 - [STDERR_REDIRECT] [Fatal Error] :1:1: Premature end of file.
2025-11-16 11:56:42,258 [ERROR] LogOutputStream:75 - [STDERR_REDIRECT] 
2025-11-16 11:56:43,260 [ERROR] LogOutputStream:75 - [STDERR_REDIRECT] [Fatal Error] :1:1: Premature end of file.
2025-11-16 11:56:43,260 [ERROR] LogOutputStream:75 - [STDERR_REDIRECT] 
2025-11-16 11:56:44,257 [ERROR] LogOutputStream:75 - [STDERR_REDIRECT] [Fatal Error] :1:1: Premature end of file.
2025-11-16 11:56:44,257 [ERROR] LogOutputStream:75 - [STDERR_REDIRECT] 
2025-11-16 11:56:45,163 [INFO] McuFinderGlobals:63 - Set McuFinder mode to 2 (CubeIDE integrated)
2025-11-16 11:56:45,166 [INFO] MainUpdater:2872 - connection check result : 10
2025-11-16 11:56:45,167 [INFO] McuFinderGlobals:76 - Set McuFinderConnectedMode to true
2025-11-16 11:56:45,273 [ERROR] LogOutputStream:75 - [STDERR_REDIRECT] [Fatal Error] :1:1: Premature end of file.
2025-11-16 11:56:45,273 [ERROR] LogOutputStream:75 - [STDERR_REDIRECT] 
2025-11-16 11:56:45,411 [INFO] ServerAccessManage:452 - Complete download http(s) 200
2025-11-16 11:56:45,411 [INFO] ServerAccessManage:509 - Download File mcusAds.json._tmp_
2025-11-16 11:56:45,518 [INFO] LoadUrlFilesThread:156 - End of LoadUrlFiles Thread
2025-11-16 11:56:46,292 [ERROR] LogOutputStream:75 - [STDERR_REDIRECT] [Fatal Error] :1:1: Premature end of file.
2025-11-16 11:56:46,293 [ERROR] LogOutputStream:75 - [STDERR_REDIRECT] 
2025-11-16 11:56:46,669 [INFO] ServerAccessManage:452 - Complete download http(s) 200
2025-11-16 11:56:46,670 [INFO] ServerAccessManage:509 - Download File cube-finder-db.zip
2025-11-16 11:56:47,259 [ERROR] LogOutputStream:75 - [STDERR_REDIRECT] [Fatal Error] :1:1: Premature end of file.
2025-11-16 11:56:47,259 [ERROR] LogOutputStream:75 - [STDERR_REDIRECT] 
2025-11-16 11:56:48,261 [ERROR] LogOutputStream:75 - [STDERR_REDIRECT] [Fatal Error] :1:1: Premature end of file.
2025-11-16 11:56:48,262 [ERROR] LogOutputStream:75 - [STDERR_REDIRECT] 
2025-11-16 11:56:48,377 [INFO] FileExtend:248 - Unzip File : cube-finder-db.zip
2025-11-16 11:56:48,377 [INFO] FileExtend:263 - Standard Zip Deflate
2025-11-16 11:56:48,944 [INFO] LoadUrlFilesThread:156 - End of LoadUrlFiles Thread
2025-11-16 11:56:49,270 [ERROR] LogOutputStream:75 - [STDERR_REDIRECT] [Fatal Error] :1:1: Premature end of file.
2025-11-16 11:56:49,270 [ERROR] LogOutputStream:75 - [STDERR_REDIRECT] 
2025-11-16 11:56:49,695 [INFO] ServerAccessManage:452 - Complete download http(s) 200
2025-11-16 11:56:49,696 [INFO] ServerAccessManage:509 - Download File crdb.zip
2025-11-16 11:56:50,280 [ERROR] LogOutputStream:75 - [STDERR_REDIRECT] [Fatal Error] :1:1: Premature end of file.
2025-11-16 11:56:50,281 [ERROR] LogOutputStream:75 - [STDERR_REDIRECT] 
2025-11-16 11:56:50,644 [INFO] FileExtend:248 - Unzip File : crdb.zip
2025-11-16 11:56:50,644 [INFO] FileExtend:263 - Standard Zip Deflate
2025-11-16 11:56:50,769 [INFO] LoadUrlFilesThread:156 - End of LoadUrlFiles Thread
2025-11-16 11:56:51,259 [ERROR] LogOutputStream:75 - [STDERR_REDIRECT] [Fatal Error] :1:1: Premature end of file.
2025-11-16 11:56:51,260 [ERROR] LogOutputStream:75 - [STDERR_REDIRECT] 
2025-11-16 11:56:51,773 [INFO] ServerAccessManage:452 - Complete download http(s) 200
2025-11-16 11:56:51,774 [INFO] ServerAccessManage:509 - Download File tutoVideoDB.zip
2025-11-16 11:56:51,778 [INFO] FileExtend:248 - Unzip File : tutoVideoDB.zip
2025-11-16 11:56:51,778 [INFO] FileExtend:263 - Standard Zip Deflate
2025-11-16 11:56:51,887 [INFO] LoadUrlFilesThread:156 - End of LoadUrlFiles Thread
2025-11-16 11:56:51,888 [WARN] DbFile:41 - Overriding database path with different value: C:\Users\akash\.stmcufinder\plugins\mcufinder/ => C:\Users\akash\.stmcufinder\plugins\mcufinder
2025-11-16 11:56:52,013 [INFO] ServerAccessManage:452 - Complete download http(s) 200
2025-11-16 11:56:52,013 [INFO] ServerAccessManage:509 - Download File api_config.json
2025-11-16 11:56:52,129 [INFO] LoadUrlFilesThread:156 - End of LoadUrlFiles Thread
2025-11-16 11:56:52,130 [INFO] DbMcusAds:53 - JSON generation date=Mon Nov 10 02:43:01 PST 2025 (1762771381096)
2025-11-16 11:56:52,169 [INFO] ServerAccessManage:452 - Complete download http(s) 200
2025-11-16 11:56:52,169 [INFO] ServerAccessManage:509 - Download File 
2025-11-16 11:56:52,174 [INFO] LoadUrlFilesThread:185 - End of LoadServerUrlFiles without Thread
2025-11-16 11:56:52,174 [INFO] TargetSelectorAdapter:259 - Refresh data is successful
2025-11-16 11:56:52,259 [ERROR] LogOutputStream:75 - [STDERR_REDIRECT] [Fatal Error] :1:1: Premature end of file.
2025-11-16 11:56:52,259 [ERROR] LogOutputStream:75 - [STDERR_REDIRECT] 
2025-11-16 11:56:52,264 [INFO] ApiDb:581 - Connected to CubeFinder SQLite database (C:\Users\akash\.stmcufinder\plugins\mcufinder\mcu\cube-finder-db.db)
2025-11-16 11:56:52,323 [INFO] ApiDb:668 - CubeFinder database Data Model version=2.1
2025-11-16 11:56:52,323 [INFO] ApiDb:669 - CubeFinder database Configuration version=3.0.39
2025-11-16 11:56:52,323 [INFO] ApiDb:670 - CubeFinder database generation date=2025-11-05 (1762334721)
2025-11-16 11:56:52,323 [INFO] ApiDb:671 - CubeFinder database FW Pack versions=[FP-ATR-ASTRA1_V2.0.0, FP-SNS-FLIGHT1_V5.1.0, FP-SNS-MOTENV1_V5.1.0, FP-SNS-MOTENVWB1_V1.4.0, FP-SNS-SMARTAG2_V1.2.0, FP-SNS-STBOX1_V2.1.0, STM32Cube_FW_C0_V1.4.0, STM32Cube_FW_F4_V1.28.3, STM32Cube_FW_F7_V1.17.4, STM32Cube_FW_G0_V1.6.2, STM32Cube_FW_G4_V1.6.1, STM32Cube_FW_H5_V1.5.1, STM32Cube_FW_H7RS_V1.3.0, STM32Cube_FW_H7_V1.12.1, STM32Cube_FW_L0_V1.12.2, STM32Cube_FW_L4_V1.18.1, STM32Cube_FW_L5_V1.6.0, STM32Cube_FW_N6_V1.3.0, STM32Cube_FW_U0_V1.3.0, STM32Cube_FW_U3_V1.2.1, STM32Cube_FW_U5_V1.8.0, STM32Cube_FW_WB0_V1.4.0, STM32Cube_FW_WBA_V1.8.0, STM32Cube_FW_WB_V1.24.0, STM32Cube_FW_WL3_V1.3.0, STM32Cube_FW_WL_V1.4.0, X-CUBE-ALGOBUILD_V1.4.0, X-CUBE-ALS_V1.0.2, X-CUBE-AZRTOS-F4_V1.1.0, X-CUBE-AZRTOS-F7_V1.1.0, X-CUBE-AZRTOS-G0_V1.1.0, X-CUBE-AZRTOS-G4_V2.0.0, X-CUBE-AZRTOS-H7RS_V1.1.0, X-CUBE-AZRTOS-H7_V3.4.0, X-CUBE-AZRTOS-L4_V2.0.0, X-CUBE-AZRTOS-L5_V2.0.0, X-CUBE-AZRTOS-WB_V2.0.0, X-CUBE-AZRTOS-WL_V2.0.0, X-CUBE-BLE1_V7.1.0, X-CUBE-BLE2_V3.3.0, X-CUBE-BLEMGR_V4.1.0, X-CUBE-EEPRMA1_V5.2.0, X-CUBE-FREERTOS_V1.3.1, X-CUBE-GNSS1_V6.0.0, X-CUBE-MEMS1_V11.3.0, X-CUBE-NFC4_V3.0.0, X-CUBE-NFC7_V2.0.0, X-CUBE-SFXS2LP1_V4.0.0, X-CUBE-ST67W61_V1.1.0, X-CUBE-SUBG2_V5.0.0, X-CUBE-TOF1_V3.4.3]
2025-11-16 11:56:53,260 [ERROR] LogOutputStream:75 - [STDERR_REDIRECT] [Fatal Error] :1:1: Premature end of file.
2025-11-16 11:56:53,261 [ERROR] LogOutputStream:75 - [STDERR_REDIRECT] 
2025-11-16 11:56:54,258 [ERROR] LogOutputStream:75 - [STDERR_REDIRECT] [Fatal Error] :1:1: Premature end of file.
2025-11-16 11:56:54,259 [ERROR] LogOutputStream:75 - [STDERR_REDIRECT] 
2025-11-16 11:56:54,306 [INFO] ApiDb:240 - Found 880 in-development CPN: [B-G473E-ZEST1S, B-WB1M-WPAN1, B-WBA5M-WPAN, B-WL5M-SUBG1, NUCLEO-C031C6, NUCLEO-C051C8, NUCLEO-C071RB, NUCLEO-C092RC, NUCLEO-H503RB, NUCLEO-H533RE, NUCLEO-H563ZI, NUCLEO-H7S3L8, NUCLEO-N657X0-Q, NUCLEO-U031R8, NUCLEO-U083RC, NUCLEO-U385RG-Q, NUCLEO-U545RE-Q, NUCLEO-U5A5ZJ-Q, NUCLEO-WB05KZ, NUCLEO-WB07CC, NUCLEO-WB09KE, NUCLEO-WBA52CG, NUCLEO-WBA55CG, NUCLEO-WL33CC1, NUCLEO-WL33CC2, STEVAL-PROTEUS1, STEVAL-SMARTAG2, STEVAL-STWINBX1, STM320518-EVAL, STM32C0116-DK, STM32C011D6Y3TR, STM32C011D6Y6TR, STM32C011F4P3, STM32C011F4P6, STM32C011F4U3, STM32C011F4U6TR, STM32C011F6P3, STM32C011F6P6, STM32C011F6U3, STM32C011F6U6TR, STM32C011J4M3, STM32C011J4M6, STM32C011J6M3, STM32C011J6M6, STM32C0316-DK, STM32C031C4T3, STM32C031C4T6, STM32C031C4U3, STM32C031C4U6, STM32C031C6T3, STM32C031C6T6, STM32C031C6U3, STM32C031C6U6, STM32C031F4P3, STM32C031F4P6, STM32C031F6P3, STM32C031F6P6, STM32C031G4U3, STM32C031G4U6, STM32C031G6U3, STM32C031G6U6, STM32C031K4T3, STM32C031K4T6, STM32C031K4U3, STM32C031K4U6, STM32C031K6T3, STM32C031K6T6, STM32C031K6U3, STM32C031K6U6, STM32C051C6T6, STM32C051C6U6, STM32C051C8T6, STM32C051C8U6, STM32C051D8Y6TR, STM32C051F6P6, STM32C051F8P6, STM32C051G6U6, STM32C051G8U6, STM32C051K6T6, STM32C051K6U6, STM32C051K8T6, STM32C071C8T6, STM32C071C8T6N, STM32C071C8U6, STM32C071C8U6N, STM32C071CBT6, STM32C071CBT6N, STM32C071CBU6, STM32C071CBU6N, STM32C071F8P6, STM32C071F8P6N, STM32C071FBP6, STM32C071FBP6N, STM32C071FBY6TR, STM32C071G8U6, STM32C071G8U6N, STM32C071GBU6, STM32C071GBU6N, STM32C071K8T6, STM32C071K8T6N, STM32C071K8U6, STM32C071K8U6N, STM32C071KBT6, STM32C071KBT6N, STM32C071KBU6, STM32C071KBU6N, STM32C071R8T6, STM32C071R8T6N, STM32C071RBI6N, STM32C071RBT6, STM32C071RBT6N, STM32C091CBT6, STM32C091CBU6, STM32C091CCT6, STM32C091CCU6, STM32C091ECY6TR, STM32C091FBP6, STM32C091FCP6, STM32C091GBU6, STM32C091GCU6, STM32C091KBT6, STM32C091KBU6, STM32C091KCT6, STM32C091KCU6, STM32C091RBT6, STM32C091RCI6, STM32C091RCT6, STM32C092CBT6, STM32C092CBU6, STM32C092CCT6, STM32C092CCU6, STM32C092ECY6TR, STM32C092FBP6, STM32C092FCP6, STM32C092GBU6, STM32C092GCU6, STM32C092KBT6, STM32C092KBU6, STM32C092KCT6, STM32C092KCU6, STM32C092RBT6, STM32C092RCI6, STM32C092RCT6, STM32G071K8TXN, STM32G071K8UXN, STM32G081GBU6N, STM32G081KBT6N, STM32G081KBUXN, STM32G0B1CCT6N, STM32G0B1KCT6, STM32G0B1NEY6TR, STM32G0B1RCT6N, STM32G0C1CCT6, STM32G0C1CCT6N, STM32G0C1CCU6N, STM32G0C1CET6N, STM32G0C1CEU6N, STM32G0C1KCT6, STM32G0C1NEY6TR, STM32G0C1RCI6N, STM32G0C1RCT6N, STM32G0C1REI6N, STM32G0C1RET6N, STM32G0C1VCI6, STM32G0C1VEI6, STM32G411C6T3, STM32G411C6T6, STM32G411C6U3, STM32G411C6U6, STM32G411C8T3, STM32G411C8T6, STM32G411C8U3, STM32G411C8U6, STM32G411CBT3, STM32G411CBT6, STM32G411CBU3, STM32G411CBU6, STM32G411K6T3, STM32G411K6T6, STM32G411K6U3, STM32G411K6U6, STM32G411K8T3, STM32G411K8T6, STM32G411K8U3, STM32G411K8U6, STM32G411KBT3, STM32G411KBT6, STM32G411KBU3, STM32G411KBU6, STM32G411M6T3, STM32G411M6T6, STM32G411M8T3, STM32G411M8T6, STM32G411MBT3, STM32G411MBT6, STM32G411R6T3, STM32G411R6T6, STM32G411R8T3, STM32G411R8T6, STM32G411RBT3, STM32G411RBT6, STM32G414CBT3, STM32G414CBT6, STM32G414CBU3, STM32G414CBU6, STM32G414CCT3, STM32G414CCT6, STM32G414CCU3, STM32G414CCU6, STM32G414MBT3, STM32G414MBT6, STM32G414MCT3, STM32G414MCT6, STM32G414RBT3, STM32G414RBT6, STM32G414RCT3, STM32G414RCT6, STM32G414VBT3, STM32G414VBT6, STM32G414VCT3, STM32G414VCT6, STM32G431CBT3Z, STM32G431RBT3Z, STM32G471CCT6, STM32G471CCU6, STM32G471CET3, STM32G471CET6, STM32G471CEU3, STM32G471CEU6, STM32G471MCT6, STM32G471MET3, STM32G471MET6, STM32G471MEY6TR, STM32G471QCT6, STM32G471QET3, STM32G471RCT6, STM32G471RET3, STM32G471RET6, STM32G471VCH6, STM32G471VCI6, STM32G471VCT6, STM32G471VEH3, STM32G471VEH6, STM32G471VEI3, STM32G471VEI6, STM32G471VET3, STM32G471VET6, STM32G473QET3Z, STM32G473RET3Z, STM32G474CCT6, STM32G491RET3Z, STM32H503CBT6, STM32H503CBU6, STM32H503EBY6TR, STM32H503KBU6, STM32H503RBT6, STM32H523CCT6, STM32H523CCU6, STM32H523CET6, STM32H523CEU6, STM32H523HEY6TR, STM32H523RCT6, STM32H523RET6, STM32H523VCI6, STM32H523VCT6, STM32H523VEI6, STM32H523VET6, STM32H523ZCJ6, STM32H523ZCT6, STM32H523ZEJ6, STM32H523ZET6, STM32H533CET6, STM32H533CEU6, STM32H533HEY6TR, STM32H533RET6, STM32H533VEI6, STM32H533VET6, STM32H533ZEJ6, STM32H533ZET6, STM32H562AGI6, STM32H562AII6, STM32H562IGK6, STM32H562IGT6, STM32H562IIK6, STM32H562IIT6, STM32H562RGT6, STM32H562RGV6, STM32H562RIT6, STM32H562RIV6, STM32H562VGT6, STM32H562VIT6, STM32H562ZGT6, STM32H562ZIT6, STM32H563AGI6, STM32H563AII3Q, STM32H563AII6, STM32H563IGK6, STM32H563IGT6, STM32H563IIK3Q, STM32H563IIK6, STM32H563IIT3Q, STM32H563IIT6, STM32H563MIY3QTR, STM32H563RGT6, STM32H563RGV6, STM32H563RIT6, STM32H563RIV6, STM32H563VGT6, STM32H563VIT3Q, STM32H563VIT6, STM32H563ZGT6, STM32H563ZIT3Q, STM32H563ZIT6, STM32H573AII3Q, STM32H573AII6, STM32H573I-DK, STM32H573IIK3Q, STM32H573IIK6, STM32H573IIT3Q, STM32H573IIT6, STM32H573MIY3QTR, STM32H573RIT6, STM32H573RIV6, STM32H573VIT3Q, STM32H573VIT6, STM32H573ZIT3Q, STM32H573ZIT6, STM32H7R3A8I6, STM32H7R3I8K6, STM32H7R3I8T6, STM32H7R3L8H6, STM32H7R3L8H6H, STM32H7R3R8V6, STM32H7R3V8H6, STM32H7R3V8T6, STM32H7R3V8Y6TR, STM32H7R3Z8J6, STM32H7R3Z8T6, STM32H7R7A8I6, STM32H7R7I8K6, STM32H7R7I8T6, STM32H7R7L8H6, STM32H7R7L8H6H, STM32H7R7Z8J6, STM32H7S3A8I6, STM32H7S3I8K6, STM32H7S3I8T6, STM32H7S3L8H6, STM32H7S3L8H6H, STM32H7S3R8V6, STM32H7S3V8H6, STM32H7S3V8T6, STM32H7S3V8Y6TR, STM32H7S3Z8J6, STM32H7S3Z8T6, STM32H7S78-DK, STM32H7S7A8I6, STM32H7S7I8K6, STM32H7S7I8T6, STM32H7S7L8H6, STM32H7S7L8H6H, STM32H7S7Z8J6, STM32L4R5QGI6STR, STM32MP131AAE3, STM32MP131AAF3, STM32MP131AAG3, STM32MP131CAE3, STM32MP131CAF3, STM32MP131CAG3, STM32MP131DAE7, STM32MP131DAF7, STM32MP131DAG7, STM32MP131FAE7, STM32MP131FAF7, STM32MP131FAG7, STM32MP133AAE3, STM32MP133AAF3, STM32MP133AAG3, STM32MP133CAE3, STM32MP133CAF3, STM32MP133CAG3, STM32MP133DAE7, STM32MP133DAF7, STM32MP133DAG7, STM32MP133FAE7, STM32MP133FAF7, STM32MP133FAG7, STM32MP135AAE3, STM32MP135AAF3, STM32MP135AAG3, STM32MP135CAE3, STM32MP135CAF3, STM32MP135CAG3, STM32MP135DAE7, STM32MP135DAF7, STM32MP135DAG7, STM32MP135F-DK, STM32MP135FAE7, STM32MP135FAF7, STM32MP135FAF7T, STM32MP135FAF7U, STM32MP135FAG7, STM32MP211AAL3, STM32MP211AAM3, STM32MP211AAN3, STM32MP211AAO3, STM32MP211CAL3, STM32MP211CAM3, STM32MP211CAN3, STM32MP211CAO3, STM32MP211DAL3, STM32MP211DAM3, STM32MP211DAN3, STM32MP211DAO3, STM32MP211FAL3, STM32MP211FAM3, STM32MP211FAN3, STM32MP211FAO3, STM32MP213AAL3, STM32MP213AAM3, STM32MP213AAN3, STM32MP213AAO3, STM32MP213CAL3, STM32MP213CAM3, STM32MP213CAN3, STM32MP213CAO3, STM32MP213DAL3, STM32MP213DAM3, STM32MP213DAN3, STM32MP213DAO3, STM32MP213FAL3, STM32MP213FAM3, STM32MP213FAN3, STM32MP213FAO3, STM32MP215AAL3, STM32MP215AAM3, STM32MP215AAN3, STM32MP215AAO3, STM32MP215CAL3, STM32MP215CAM3, STM32MP215CAN3, STM32MP215CAO3, STM32MP215DAL3, STM32MP215DAM3, STM32MP215DAN3, STM32MP215DAO3, STM32MP215F-DK, STM32MP215FAL3, STM32MP215FAM3, STM32MP215FAN3, STM32MP215FAO3, STM32MP231AAJ3, STM32MP231AAK3, STM32MP231AAL3, STM32MP231CAJ3, STM32MP231CAK3, STM32MP231CAL3, STM32MP231DAJ3, STM32MP231DAK3, STM32MP231DAL3, STM32MP231FAJ3, STM32MP231FAK3, STM32MP231FAL3, STM32MP233AAJ3, STM32MP233AAK3, STM32MP233AAL3, STM32MP233CAJ3, STM32MP233CAK3, STM32MP233CAL3, STM32MP233DAJ3, STM32MP233DAK3, STM32MP233DAL3, STM32MP233FAJ3, STM32MP233FAK3, STM32MP233FAL3, STM32MP235AAJ3, STM32MP235AAK3, STM32MP235AAL3, STM32MP235CAJ3, STM32MP235CAK3, STM32MP235CAL3, STM32MP235DAJ3, STM32MP235DAK3, STM32MP235DAL3, STM32MP235FAJ3, STM32MP235FAK3, STM32MP235FAL3, STM32MP251AAI3, STM32MP251AAK3, STM32MP251AAL3, STM32MP251CAI3, STM32MP251CAK3, STM32MP251CAL3, STM32MP251DAI3, STM32MP251DAK3, STM32MP251DAL3, STM32MP251FAI3, STM32MP251FAK3, STM32MP251FAL3, STM32MP253AAI3, STM32MP253AAK3, STM32MP253AAL3, STM32MP253CAI3, STM32MP253CAK3, STM32MP253CAL3, STM32MP253DAI3, STM32MP253DAK3, STM32MP253DAL3, STM32MP253FAI3, STM32MP253FAK3, STM32MP253FAL3, STM32MP255AAI3, STM32MP255AAK3, STM32MP255AAL3, STM32MP255CAI3, STM32MP255CAK3, STM32MP255CAL3, STM32MP255DAI3, STM32MP255DAK3, STM32MP255DAL3, STM32MP255FAI3, STM32MP255FAK3, STM32MP255FAL3, STM32MP257AAI3, STM32MP257AAK3, STM32MP257AAL3, STM32MP257CAI3, STM32MP257CAK3, STM32MP257CAL3, STM32MP257DAI3, STM32MP257DAK3, STM32MP257DAL3, STM32MP257F-DK, STM32MP257F-EV1, STM32MP257FAI3, STM32MP257FAK3, STM32MP257FAL3, STM32N645A0H3Q, STM32N645B0H3Q, STM32N645I0H3Q, STM32N645L0H3Q, STM32N645X0H3Q, STM32N645Z0H3Q, STM32N647A0H3Q, STM32N647B0H3Q, STM32N647I0H3Q, STM32N647L0H3Q, STM32N647X0H3Q, STM32N647Z0H3Q, STM32N655A0H3Q, STM32N655B0H3Q, STM32N655I0H3Q, STM32N655L0H3Q, STM32N655X0H3Q, STM32N655Z0H3Q, STM32N6570-DK, STM32N657A0H3Q, STM32N657B0H3Q, STM32N657I0H3Q, STM32N657L0H3Q, STM32N657X0H3Q, STM32N657Z0H3Q, STM32U031C6T6, STM32U031C6U6, STM32U031C8T6, STM32U031C8U6, STM32U031F4P6, STM32U031F6P6, STM32U031F8P6, STM32U031G6Y6TR, STM32U031G8Y6TR, STM32U031K4U6, STM32U031K6U6, STM32U031K8U6, STM32U031R6I6, STM32U031R6T6, STM32U031R8I6, STM32U031R8T6, STM32U073C8T6, STM32U073C8U6, STM32U073CBT6, STM32U073CBU6, STM32U073CCT6, STM32U073CCU6, STM32U073H8Y6TR, STM32U073HBY6TR, STM32U073HCY6TR, STM32U073K8U6, STM32U073KBU6, STM32U073KCU6, STM32U073M8I6, STM32U073M8T6, STM32U073MBI6, STM32U073MBT6, STM32U073MCI6, STM32U073MCT6, STM32U073R8I6, STM32U073R8T6, STM32U073RBI6, STM32U073RBT6, STM32U073RCI6, STM32U073RCT6, STM32U083C-DK, STM32U083CCT6, STM32U083CCU6, STM32U083HCY6TR, STM32U083KCU6, STM32U083MCI6, STM32U083MCT6, STM32U083RCI6, STM32U083RCT6, STM32U375CET6, STM32U375CET6Q, STM32U375CEU6, STM32U375CEU6Q, STM32U375CEY6QTR, STM32U375CGT6, STM32U375CGT6Q, STM32U375CGU6, STM32U375CGU6Q, STM32U375CGY6QTR, STM32U375KEU6, STM32U375KGU6, STM32U375REI6, STM32U375REI6Q, STM32U375RET6, STM32U375RET6Q, STM32U375REY6GTR, STM32U375REY6QTR, STM32U375RGI6, STM32U375RGI6Q, STM32U375RGT6, STM32U375RGT6Q, STM32U375RGY6GTR, STM32U375RGY6QTR, STM32U375VEI6, STM32U375VEI6Q, STM32U375VET6, STM32U375VET6Q, STM32U375VGI6, STM32U375VGI6Q, STM32U375VGT6, STM32U375VGT6Q, STM32U385CGT6, STM32U385CGT6Q, STM32U385CGU6, STM32U385CGU6Q, STM32U385CGY6QTR, STM32U385KGU6, STM32U385RGI6, STM32U385RGI6Q, STM32U385RGT6, STM32U385RGT6Q, STM32U385RGY6GTR, STM32U385RGY6QTR, STM32U385VGI6, STM32U385VGI6Q, STM32U385VGT6, STM32U385VGT6Q, STM32U535CBT6, STM32U535CBT6Q, STM32U535CBU6, STM32U535CBU6Q, STM32U535CCT6, STM32U535CCT6Q, STM32U535CCU6, STM32U535CCU6Q, STM32U535CET6, STM32U535CET6Q, STM32U535CEU6, STM32U535CEU6Q, STM32U535JEY6QTR, STM32U535NCY6QTR, STM32U535NEY6QTR, STM32U535RBI6, STM32U535RBI6Q, STM32U535RBT6, STM32U535RBT6Q, STM32U535RCI6, STM32U535RCI6Q, STM32U535RCT6, STM32U535RCT6Q, STM32U535REI6, STM32U535REI6Q, STM32U535RET6, STM32U535RET6Q, STM32U535VCI6, STM32U535VCI6Q, STM32U535VCT6, STM32U535VCT6Q, STM32U535VEI6, STM32U535VEI6Q, STM32U535VET6, STM32U535VET6Q, STM32U545CET6, STM32U545CET6Q, STM32U545CEU6, STM32U545CEU6Q, STM32U545JEY6QTR, STM32U545NEY6QTR, STM32U545REI6, STM32U545REI6Q, STM32U545RET6, STM32U545RET6Q, STM32U545VEI6, STM32U545VEI6Q, STM32U545VET6, STM32U545VET6Q, STM32U595AIH6, STM32U595AIH6Q, STM32U595AJH6, STM32U595AJH6Q, STM32U595QII6, STM32U595QII6Q, STM32U595QJI6, STM32U595QJI6Q, STM32U595RIT6, STM32U595RIT6Q, STM32U595RJT6, STM32U595RJT6Q, STM32U595VIT6, STM32U595VIT6Q, STM32U595VJT6, STM32U595VJT6Q, STM32U595ZIT6, STM32U595ZIT6Q, STM32U595ZIY6QTR, STM32U595ZJT6, STM32U595ZJT6Q, STM32U595ZJY6QTR, STM32U599BJY6QTR, STM32U599NIH6Q, STM32U599NJH6Q, STM32U599VIT6Q, STM32U599VJT6, STM32U599VJT6Q, STM32U599ZIT6Q, STM32U599ZIY6QTR, STM32U599ZJT6Q, STM32U599ZJY6QTR, STM32U5A5AJH6, STM32U5A5AJH6Q, STM32U5A5QII3Q , STM32U5A5QJI6, STM32U5A5QJI6Q, STM32U5A5RJT6, STM32U5A5RJT6Q, STM32U5A5VJT6, STM32U5A5VJT6Q, STM32U5A5ZJT6, STM32U5A5ZJT6Q, STM32U5A5ZJY6QTR, STM32U5A9BJY6QTR, STM32U5A9J-DK, STM32U5A9NJH6Q, STM32U5A9VJT6Q, STM32U5A9ZJT6Q, STM32U5A9ZJY6QTR, STM32U5F7VIT6, STM32U5F7VIT6Q, STM32U5F7VJT6, STM32U5F7VJT6Q, STM32U5F9BJY6QTR, STM32U5F9NJH6Q, STM32U5F9VIT6Q, STM32U5F9VJT6Q, STM32U5F9ZIJ6QTR, STM32U5F9ZIT6Q, STM32U5F9ZJJ6QTR, STM32U5F9ZJT6Q, STM32U5G7VJT6, STM32U5G7VJT6Q, STM32U5G9BJY6QTR, STM32U5G9J-DK1, STM32U5G9J-DK2, STM32U5G9NJH6Q, STM32U5G9VJT6Q, STM32U5G9ZJJ6QTR, STM32U5G9ZJT6Q, STM32WB05KZV6TR, STM32WB05KZV7TR, STM32WB05TZF6TR, STM32WB05TZF7TR, STM32WB06CCF6TR, STM32WB06CCF7TR, STM32WB06CCV6TR, STM32WB06CCV7TR, STM32WB06KCV6TR, STM32WB06KCV7TR, STM32WB07CCF6TR, STM32WB07CCF7TR, STM32WB07CCV6TR, STM32WB07CCV7TR, STM32WB07KCV6TR, STM32WB07KCV7TR, STM32WB09KEV6TR, STM32WB09KEV7TR, STM32WB09TEF6TR, STM32WB09TEF7TR, STM32WB1MMCH6, STM32WBA50KGU6, STM32WBA50KGU6TR, STM32WBA52CEU6, STM32WBA52CEU6TR, STM32WBA52CEU7, STM32WBA52CEU7TR, STM32WBA52CGU6, STM32WBA52CGU6TR, STM32WBA52CGU6U, STM32WBA52CGU7, STM32WBA52CGU7TR, STM32WBA52KEU6, STM32WBA52KEU6TR, STM32WBA52KGU6, STM32WBA52KGU6TR, STM32WBA54CEU6, STM32WBA54CEU6TR, STM32WBA54CEU7, STM32WBA54CEU7TR, STM32WBA54CGU6, STM32WBA54CGU6TR, STM32WBA54CGU7, STM32WBA54CGU7TR, STM32WBA54KEU6, STM32WBA54KEU6TR, STM32WBA54KEU7, STM32WBA54KEU7TR, STM32WBA54KGU6, STM32WBA54KGU6TR, STM32WBA54KGU7, STM32WBA54KGU7TR, STM32WBA55CEU6, STM32WBA55CEU6TR, STM32WBA55CEU7, STM32WBA55CEU7TR, STM32WBA55CGU6, STM32WBA55CGU6TR, STM32WBA55CGU6U, STM32WBA55CGU7, STM32WBA55CGU7TR, STM32WBA55G-DK1, STM32WBA55HEF6, STM32WBA55HEF7, STM32WBA55HGF6, STM32WBA55HGF7, STM32WBA55UEI6, STM32WBA55UEI6TR, STM32WBA55UEI7, STM32WBA55UEI7TR, STM32WBA55UGI6, STM32WBA55UGI6TR, STM32WBA55UGI7, STM32WBA55UGI7TR, STM32WBA5MMGH6TR, STM32WBA62MGF6, STM32WBA62MIF6, STM32WBA65MGF7, STM32WBA65MIF6, STM32WBA65MIF7, STM32WL30K8V6, STM32WL30KBV6, STM32WL31C8V6, STM32WL31CBV6, STM32WL31K8V6, STM32WL31KBV6, STM32WL33C8V6, STM32WL33C8V6X, STM32WL33CBV6, STM32WL33CBV6X, STM32WL33CCV6, STM32WL33CCV6A, STM32WL33CCV6X, STM32WL33K8V7, STM32WL33K8V7X, STM32WL33KBV7 , STM32WL33KBV7X, STM32WL33KCV7, STM32WL33KCV7X, STM32WL5MOCH6, STM32WL5MOCH6TR]
2025-11-16 11:56:54,312 [INFO] DbMcus:218 - Found 4876 MCUs, 4876 are supported
2025-11-16 11:56:54,312 [INFO] ApiDb:423 - Load user favorites file C:\Users\akash/.stm32cubeide/favorites.mcus.txt: 0 item(s)
2025-11-16 11:56:54,312 [INFO] ApiDb:427 - User favorites MCUs=[]
2025-11-16 11:56:54,312 [INFO] DbMcus:224 - Set 0 / 0 favorites MCUs
2025-11-16 11:56:54,696 [INFO] ApiDb:668 - CubeFinder database Data Model version=2.1
2025-11-16 11:56:54,696 [INFO] ApiDb:669 - CubeFinder database Configuration version=3.0.39
2025-11-16 11:56:54,696 [INFO] ApiDb:670 - CubeFinder database generation date=2025-11-05 (1762334721)
2025-11-16 11:56:54,697 [INFO] ApiDb:671 - CubeFinder database FW Pack versions=[FP-ATR-ASTRA1_V2.0.0, FP-SNS-FLIGHT1_V5.1.0, FP-SNS-MOTENV1_V5.1.0, FP-SNS-MOTENVWB1_V1.4.0, FP-SNS-SMARTAG2_V1.2.0, FP-SNS-STBOX1_V2.1.0, STM32Cube_FW_C0_V1.4.0, STM32Cube_FW_F4_V1.28.3, STM32Cube_FW_F7_V1.17.4, STM32Cube_FW_G0_V1.6.2, STM32Cube_FW_G4_V1.6.1, STM32Cube_FW_H5_V1.5.1, STM32Cube_FW_H7RS_V1.3.0, STM32Cube_FW_H7_V1.12.1, STM32Cube_FW_L0_V1.12.2, STM32Cube_FW_L4_V1.18.1, STM32Cube_FW_L5_V1.6.0, STM32Cube_FW_N6_V1.3.0, STM32Cube_FW_U0_V1.3.0, STM32Cube_FW_U3_V1.2.1, STM32Cube_FW_U5_V1.8.0, STM32Cube_FW_WB0_V1.4.0, STM32Cube_FW_WBA_V1.8.0, STM32Cube_FW_WB_V1.24.0, STM32Cube_FW_WL3_V1.3.0, STM32Cube_FW_WL_V1.4.0, X-CUBE-ALGOBUILD_V1.4.0, X-CUBE-ALS_V1.0.2, X-CUBE-AZRTOS-F4_V1.1.0, X-CUBE-AZRTOS-F7_V1.1.0, X-CUBE-AZRTOS-G0_V1.1.0, X-CUBE-AZRTOS-G4_V2.0.0, X-CUBE-AZRTOS-H7RS_V1.1.0, X-CUBE-AZRTOS-H7_V3.4.0, X-CUBE-AZRTOS-L4_V2.0.0, X-CUBE-AZRTOS-L5_V2.0.0, X-CUBE-AZRTOS-WB_V2.0.0, X-CUBE-AZRTOS-WL_V2.0.0, X-CUBE-BLE1_V7.1.0, X-CUBE-BLE2_V3.3.0, X-CUBE-BLEMGR_V4.1.0, X-CUBE-EEPRMA1_V5.2.0, X-CUBE-FREERTOS_V1.3.1, X-CUBE-GNSS1_V6.0.0, X-CUBE-MEMS1_V11.3.0, X-CUBE-NFC4_V3.0.0, X-CUBE-NFC7_V2.0.0, X-CUBE-SFXS2LP1_V4.0.0, X-CUBE-ST67W61_V1.1.0, X-CUBE-SUBG2_V5.0.0, X-CUBE-TOF1_V3.4.3]
2025-11-16 11:56:54,736 [INFO] DbBoardsSqlite:226 - include board P-NUCLEO-WB55-NUCLEO as a kit item of type 'Nucleo-64'
2025-11-16 11:56:54,737 [INFO] DbBoardsSqlite:226 - include board P-NUCLEO-WB55-USBDONGLE as a kit item of type 'Nucleo USB Dongle'
2025-11-16 11:56:54,737 [INFO] DbBoardsSqlite:226 - include board STEVAL-IDP005V1 as a kit item of type 'Evaluation Board'
2025-11-16 11:56:54,737 [INFO] DbBoardsSqlite:226 - include board STEVAL-IDP005V2 as a kit item of type 'Evaluation Board'
2025-11-16 11:56:54,788 [INFO] ApiDb:240 - Found 880 in-development CPN: [B-G473E-ZEST1S, B-WB1M-WPAN1, B-WBA5M-WPAN, B-WL5M-SUBG1, NUCLEO-C031C6, NUCLEO-C051C8, NUCLEO-C071RB, NUCLEO-C092RC, NUCLEO-H503RB, NUCLEO-H533RE, NUCLEO-H563ZI, NUCLEO-H7S3L8, NUCLEO-N657X0-Q, NUCLEO-U031R8, NUCLEO-U083RC, NUCLEO-U385RG-Q, NUCLEO-U545RE-Q, NUCLEO-U5A5ZJ-Q, NUCLEO-WB05KZ, NUCLEO-WB07CC, NUCLEO-WB09KE, NUCLEO-WBA52CG, NUCLEO-WBA55CG, NUCLEO-WL33CC1, NUCLEO-WL33CC2, STEVAL-PROTEUS1, STEVAL-SMARTAG2, STEVAL-STWINBX1, STM320518-EVAL, STM32C0116-DK, STM32C011D6Y3TR, STM32C011D6Y6TR, STM32C011F4P3, STM32C011F4P6, STM32C011F4U3, STM32C011F4U6TR, STM32C011F6P3, STM32C011F6P6, STM32C011F6U3, STM32C011F6U6TR, STM32C011J4M3, STM32C011J4M6, STM32C011J6M3, STM32C011J6M6, STM32C0316-DK, STM32C031C4T3, STM32C031C4T6, STM32C031C4U3, STM32C031C4U6, STM32C031C6T3, STM32C031C6T6, STM32C031C6U3, STM32C031C6U6, STM32C031F4P3, STM32C031F4P6, STM32C031F6P3, STM32C031F6P6, STM32C031G4U3, STM32C031G4U6, STM32C031G6U3, STM32C031G6U6, STM32C031K4T3, STM32C031K4T6, STM32C031K4U3, STM32C031K4U6, STM32C031K6T3, STM32C031K6T6, STM32C031K6U3, STM32C031K6U6, STM32C051C6T6, STM32C051C6U6, STM32C051C8T6, STM32C051C8U6, STM32C051D8Y6TR, STM32C051F6P6, STM32C051F8P6, STM32C051G6U6, STM32C051G8U6, STM32C051K6T6, STM32C051K6U6, STM32C051K8T6, STM32C071C8T6, STM32C071C8T6N, STM32C071C8U6, STM32C071C8U6N, STM32C071CBT6, STM32C071CBT6N, STM32C071CBU6, STM32C071CBU6N, STM32C071F8P6, STM32C071F8P6N, STM32C071FBP6, STM32C071FBP6N, STM32C071FBY6TR, STM32C071G8U6, STM32C071G8U6N, STM32C071GBU6, STM32C071GBU6N, STM32C071K8T6, STM32C071K8T6N, STM32C071K8U6, STM32C071K8U6N, STM32C071KBT6, STM32C071KBT6N, STM32C071KBU6, STM32C071KBU6N, STM32C071R8T6, STM32C071R8T6N, STM32C071RBI6N, STM32C071RBT6, STM32C071RBT6N, STM32C091CBT6, STM32C091CBU6, STM32C091CCT6, STM32C091CCU6, STM32C091ECY6TR, STM32C091FBP6, STM32C091FCP6, STM32C091GBU6, STM32C091GCU6, STM32C091KBT6, STM32C091KBU6, STM32C091KCT6, STM32C091KCU6, STM32C091RBT6, STM32C091RCI6, STM32C091RCT6, STM32C092CBT6, STM32C092CBU6, STM32C092CCT6, STM32C092CCU6, STM32C092ECY6TR, STM32C092FBP6, STM32C092FCP6, STM32C092GBU6, STM32C092GCU6, STM32C092KBT6, STM32C092KBU6, STM32C092KCT6, STM32C092KCU6, STM32C092RBT6, STM32C092RCI6, STM32C092RCT6, STM32G071K8TXN, STM32G071K8UXN, STM32G081GBU6N, STM32G081KBT6N, STM32G081KBUXN, STM32G0B1CCT6N, STM32G0B1KCT6, STM32G0B1NEY6TR, STM32G0B1RCT6N, STM32G0C1CCT6, STM32G0C1CCT6N, STM32G0C1CCU6N, STM32G0C1CET6N, STM32G0C1CEU6N, STM32G0C1KCT6, STM32G0C1NEY6TR, STM32G0C1RCI6N, STM32G0C1RCT6N, STM32G0C1REI6N, STM32G0C1RET6N, STM32G0C1VCI6, STM32G0C1VEI6, STM32G411C6T3, STM32G411C6T6, STM32G411C6U3, STM32G411C6U6, STM32G411C8T3, STM32G411C8T6, STM32G411C8U3, STM32G411C8U6, STM32G411CBT3, STM32G411CBT6, STM32G411CBU3, STM32G411CBU6, STM32G411K6T3, STM32G411K6T6, STM32G411K6U3, STM32G411K6U6, STM32G411K8T3, STM32G411K8T6, STM32G411K8U3, STM32G411K8U6, STM32G411KBT3, STM32G411KBT6, STM32G411KBU3, STM32G411KBU6, STM32G411M6T3, STM32G411M6T6, STM32G411M8T3, STM32G411M8T6, STM32G411MBT3, STM32G411MBT6, STM32G411R6T3, STM32G411R6T6, STM32G411R8T3, STM32G411R8T6, STM32G411RBT3, STM32G411RBT6, STM32G414CBT3, STM32G414CBT6, STM32G414CBU3, STM32G414CBU6, STM32G414CCT3, STM32G414CCT6, STM32G414CCU3, STM32G414CCU6, STM32G414MBT3, STM32G414MBT6, STM32G414MCT3, STM32G414MCT6, STM32G414RBT3, STM32G414RBT6, STM32G414RCT3, STM32G414RCT6, STM32G414VBT3, STM32G414VBT6, STM32G414VCT3, STM32G414VCT6, STM32G431CBT3Z, STM32G431RBT3Z, STM32G471CCT6, STM32G471CCU6, STM32G471CET3, STM32G471CET6, STM32G471CEU3, STM32G471CEU6, STM32G471MCT6, STM32G471MET3, STM32G471MET6, STM32G471MEY6TR, STM32G471QCT6, STM32G471QET3, STM32G471RCT6, STM32G471RET3, STM32G471RET6, STM32G471VCH6, STM32G471VCI6, STM32G471VCT6, STM32G471VEH3, STM32G471VEH6, STM32G471VEI3, STM32G471VEI6, STM32G471VET3, STM32G471VET6, STM32G473QET3Z, STM32G473RET3Z, STM32G474CCT6, STM32G491RET3Z, STM32H503CBT6, STM32H503CBU6, STM32H503EBY6TR, STM32H503KBU6, STM32H503RBT6, STM32H523CCT6, STM32H523CCU6, STM32H523CET6, STM32H523CEU6, STM32H523HEY6TR, STM32H523RCT6, STM32H523RET6, STM32H523VCI6, STM32H523VCT6, STM32H523VEI6, STM32H523VET6, STM32H523ZCJ6, STM32H523ZCT6, STM32H523ZEJ6, STM32H523ZET6, STM32H533CET6, STM32H533CEU6, STM32H533HEY6TR, STM32H533RET6, STM32H533VEI6, STM32H533VET6, STM32H533ZEJ6, STM32H533ZET6, STM32H562AGI6, STM32H562AII6, STM32H562IGK6, STM32H562IGT6, STM32H562IIK6, STM32H562IIT6, STM32H562RGT6, STM32H562RGV6, STM32H562RIT6, STM32H562RIV6, STM32H562VGT6, STM32H562VIT6, STM32H562ZGT6, STM32H562ZIT6, STM32H563AGI6, STM32H563AII3Q, STM32H563AII6, STM32H563IGK6, STM32H563IGT6, STM32H563IIK3Q, STM32H563IIK6, STM32H563IIT3Q, STM32H563IIT6, STM32H563MIY3QTR, STM32H563RGT6, STM32H563RGV6, STM32H563RIT6, STM32H563RIV6, STM32H563VGT6, STM32H563VIT3Q, STM32H563VIT6, STM32H563ZGT6, STM32H563ZIT3Q, STM32H563ZIT6, STM32H573AII3Q, STM32H573AII6, STM32H573I-DK, STM32H573IIK3Q, STM32H573IIK6, STM32H573IIT3Q, STM32H573IIT6, STM32H573MIY3QTR, STM32H573RIT6, STM32H573RIV6, STM32H573VIT3Q, STM32H573VIT6, STM32H573ZIT3Q, STM32H573ZIT6, STM32H7R3A8I6, STM32H7R3I8K6, STM32H7R3I8T6, STM32H7R3L8H6, STM32H7R3L8H6H, STM32H7R3R8V6, STM32H7R3V8H6, STM32H7R3V8T6, STM32H7R3V8Y6TR, STM32H7R3Z8J6, STM32H7R3Z8T6, STM32H7R7A8I6, STM32H7R7I8K6, STM32H7R7I8T6, STM32H7R7L8H6, STM32H7R7L8H6H, STM32H7R7Z8J6, STM32H7S3A8I6, STM32H7S3I8K6, STM32H7S3I8T6, STM32H7S3L8H6, STM32H7S3L8H6H, STM32H7S3R8V6, STM32H7S3V8H6, STM32H7S3V8T6, STM32H7S3V8Y6TR, STM32H7S3Z8J6, STM32H7S3Z8T6, STM32H7S78-DK, STM32H7S7A8I6, STM32H7S7I8K6, STM32H7S7I8T6, STM32H7S7L8H6, STM32H7S7L8H6H, STM32H7S7Z8J6, STM32L4R5QGI6STR, STM32MP131AAE3, STM32MP131AAF3, STM32MP131AAG3, STM32MP131CAE3, STM32MP131CAF3, STM32MP131CAG3, STM32MP131DAE7, STM32MP131DAF7, STM32MP131DAG7, STM32MP131FAE7, STM32MP131FAF7, STM32MP131FAG7, STM32MP133AAE3, STM32MP133AAF3, STM32MP133AAG3, STM32MP133CAE3, STM32MP133CAF3, STM32MP133CAG3, STM32MP133DAE7, STM32MP133DAF7, STM32MP133DAG7, STM32MP133FAE7, STM32MP133FAF7, STM32MP133FAG7, STM32MP135AAE3, STM32MP135AAF3, STM32MP135AAG3, STM32MP135CAE3, STM32MP135CAF3, STM32MP135CAG3, STM32MP135DAE7, STM32MP135DAF7, STM32MP135DAG7, STM32MP135F-DK, STM32MP135FAE7, STM32MP135FAF7, STM32MP135FAF7T, STM32MP135FAF7U, STM32MP135FAG7, STM32MP211AAL3, STM32MP211AAM3, STM32MP211AAN3, STM32MP211AAO3, STM32MP211CAL3, STM32MP211CAM3, STM32MP211CAN3, STM32MP211CAO3, STM32MP211DAL3, STM32MP211DAM3, STM32MP211DAN3, STM32MP211DAO3, STM32MP211FAL3, STM32MP211FAM3, STM32MP211FAN3, STM32MP211FAO3, STM32MP213AAL3, STM32MP213AAM3, STM32MP213AAN3, STM32MP213AAO3, STM32MP213CAL3, STM32MP213CAM3, STM32MP213CAN3, STM32MP213CAO3, STM32MP213DAL3, STM32MP213DAM3, STM32MP213DAN3, STM32MP213DAO3, STM32MP213FAL3, STM32MP213FAM3, STM32MP213FAN3, STM32MP213FAO3, STM32MP215AAL3, STM32MP215AAM3, STM32MP215AAN3, STM32MP215AAO3, STM32MP215CAL3, STM32MP215CAM3, STM32MP215CAN3, STM32MP215CAO3, STM32MP215DAL3, STM32MP215DAM3, STM32MP215DAN3, STM32MP215DAO3, STM32MP215F-DK, STM32MP215FAL3, STM32MP215FAM3, STM32MP215FAN3, STM32MP215FAO3, STM32MP231AAJ3, STM32MP231AAK3, STM32MP231AAL3, STM32MP231CAJ3, STM32MP231CAK3, STM32MP231CAL3, STM32MP231DAJ3, STM32MP231DAK3, STM32MP231DAL3, STM32MP231FAJ3, STM32MP231FAK3, STM32MP231FAL3, STM32MP233AAJ3, STM32MP233AAK3, STM32MP233AAL3, STM32MP233CAJ3, STM32MP233CAK3, STM32MP233CAL3, STM32MP233DAJ3, STM32MP233DAK3, STM32MP233DAL3, STM32MP233FAJ3, STM32MP233FAK3, STM32MP233FAL3, STM32MP235AAJ3, STM32MP235AAK3, STM32MP235AAL3, STM32MP235CAJ3, STM32MP235CAK3, STM32MP235CAL3, STM32MP235DAJ3, STM32MP235DAK3, STM32MP235DAL3, STM32MP235FAJ3, STM32MP235FAK3, STM32MP235FAL3, STM32MP251AAI3, STM32MP251AAK3, STM32MP251AAL3, STM32MP251CAI3, STM32MP251CAK3, STM32MP251CAL3, STM32MP251DAI3, STM32MP251DAK3, STM32MP251DAL3, STM32MP251FAI3, STM32MP251FAK3, STM32MP251FAL3, STM32MP253AAI3, STM32MP253AAK3, STM32MP253AAL3, STM32MP253CAI3, STM32MP253CAK3, STM32MP253CAL3, STM32MP253DAI3, STM32MP253DAK3, STM32MP253DAL3, STM32MP253FAI3, STM32MP253FAK3, STM32MP253FAL3, STM32MP255AAI3, STM32MP255AAK3, STM32MP255AAL3, STM32MP255CAI3, STM32MP255CAK3, STM32MP255CAL3, STM32MP255DAI3, STM32MP255DAK3, STM32MP255DAL3, STM32MP255FAI3, STM32MP255FAK3, STM32MP255FAL3, STM32MP257AAI3, STM32MP257AAK3, STM32MP257AAL3, STM32MP257CAI3, STM32MP257CAK3, STM32MP257CAL3, STM32MP257DAI3, STM32MP257DAK3, STM32MP257DAL3, STM32MP257F-DK, STM32MP257F-EV1, STM32MP257FAI3, STM32MP257FAK3, STM32MP257FAL3, STM32N645A0H3Q, STM32N645B0H3Q, STM32N645I0H3Q, STM32N645L0H3Q, STM32N645X0H3Q, STM32N645Z0H3Q, STM32N647A0H3Q, STM32N647B0H3Q, STM32N647I0H3Q, STM32N647L0H3Q, STM32N647X0H3Q, STM32N647Z0H3Q, STM32N655A0H3Q, STM32N655B0H3Q, STM32N655I0H3Q, STM32N655L0H3Q, STM32N655X0H3Q, STM32N655Z0H3Q, STM32N6570-DK, STM32N657A0H3Q, STM32N657B0H3Q, STM32N657I0H3Q, STM32N657L0H3Q, STM32N657X0H3Q, STM32N657Z0H3Q, STM32U031C6T6, STM32U031C6U6, STM32U031C8T6, STM32U031C8U6, STM32U031F4P6, STM32U031F6P6, STM32U031F8P6, STM32U031G6Y6TR, STM32U031G8Y6TR, STM32U031K4U6, STM32U031K6U6, STM32U031K8U6, STM32U031R6I6, STM32U031R6T6, STM32U031R8I6, STM32U031R8T6, STM32U073C8T6, STM32U073C8U6, STM32U073CBT6, STM32U073CBU6, STM32U073CCT6, STM32U073CCU6, STM32U073H8Y6TR, STM32U073HBY6TR, STM32U073HCY6TR, STM32U073K8U6, STM32U073KBU6, STM32U073KCU6, STM32U073M8I6, STM32U073M8T6, STM32U073MBI6, STM32U073MBT6, STM32U073MCI6, STM32U073MCT6, STM32U073R8I6, STM32U073R8T6, STM32U073RBI6, STM32U073RBT6, STM32U073RCI6, STM32U073RCT6, STM32U083C-DK, STM32U083CCT6, STM32U083CCU6, STM32U083HCY6TR, STM32U083KCU6, STM32U083MCI6, STM32U083MCT6, STM32U083RCI6, STM32U083RCT6, STM32U375CET6, STM32U375CET6Q, STM32U375CEU6, STM32U375CEU6Q, STM32U375CEY6QTR, STM32U375CGT6, STM32U375CGT6Q, STM32U375CGU6, STM32U375CGU6Q, STM32U375CGY6QTR, STM32U375KEU6, STM32U375KGU6, STM32U375REI6, STM32U375REI6Q, STM32U375RET6, STM32U375RET6Q, STM32U375REY6GTR, STM32U375REY6QTR, STM32U375RGI6, STM32U375RGI6Q, STM32U375RGT6, STM32U375RGT6Q, STM32U375RGY6GTR, STM32U375RGY6QTR, STM32U375VEI6, STM32U375VEI6Q, STM32U375VET6, STM32U375VET6Q, STM32U375VGI6, STM32U375VGI6Q, STM32U375VGT6, STM32U375VGT6Q, STM32U385CGT6, STM32U385CGT6Q, STM32U385CGU6, STM32U385CGU6Q, STM32U385CGY6QTR, STM32U385KGU6, STM32U385RGI6, STM32U385RGI6Q, STM32U385RGT6, STM32U385RGT6Q, STM32U385RGY6GTR, STM32U385RGY6QTR, STM32U385VGI6, STM32U385VGI6Q, STM32U385VGT6, STM32U385VGT6Q, STM32U535CBT6, STM32U535CBT6Q, STM32U535CBU6, STM32U535CBU6Q, STM32U535CCT6, STM32U535CCT6Q, STM32U535CCU6, STM32U535CCU6Q, STM32U535CET6, STM32U535CET6Q, STM32U535CEU6, STM32U535CEU6Q, STM32U535JEY6QTR, STM32U535NCY6QTR, STM32U535NEY6QTR, STM32U535RBI6, STM32U535RBI6Q, STM32U535RBT6, STM32U535RBT6Q, STM32U535RCI6, STM32U535RCI6Q, STM32U535RCT6, STM32U535RCT6Q, STM32U535REI6, STM32U535REI6Q, STM32U535RET6, STM32U535RET6Q, STM32U535VCI6, STM32U535VCI6Q, STM32U535VCT6, STM32U535VCT6Q, STM32U535VEI6, STM32U535VEI6Q, STM32U535VET6, STM32U535VET6Q, STM32U545CET6, STM32U545CET6Q, STM32U545CEU6, STM32U545CEU6Q, STM32U545JEY6QTR, STM32U545NEY6QTR, STM32U545REI6, STM32U545REI6Q, STM32U545RET6, STM32U545RET6Q, STM32U545VEI6, STM32U545VEI6Q, STM32U545VET6, STM32U545VET6Q, STM32U595AIH6, STM32U595AIH6Q, STM32U595AJH6, STM32U595AJH6Q, STM32U595QII6, STM32U595QII6Q, STM32U595QJI6, STM32U595QJI6Q, STM32U595RIT6, STM32U595RIT6Q, STM32U595RJT6, STM32U595RJT6Q, STM32U595VIT6, STM32U595VIT6Q, STM32U595VJT6, STM32U595VJT6Q, STM32U595ZIT6, STM32U595ZIT6Q, STM32U595ZIY6QTR, STM32U595ZJT6, STM32U595ZJT6Q, STM32U595ZJY6QTR, STM32U599BJY6QTR, STM32U599NIH6Q, STM32U599NJH6Q, STM32U599VIT6Q, STM32U599VJT6, STM32U599VJT6Q, STM32U599ZIT6Q, STM32U599ZIY6QTR, STM32U599ZJT6Q, STM32U599ZJY6QTR, STM32U5A5AJH6, STM32U5A5AJH6Q, STM32U5A5QII3Q , STM32U5A5QJI6, STM32U5A5QJI6Q, STM32U5A5RJT6, STM32U5A5RJT6Q, STM32U5A5VJT6, STM32U5A5VJT6Q, STM32U5A5ZJT6, STM32U5A5ZJT6Q, STM32U5A5ZJY6QTR, STM32U5A9BJY6QTR, STM32U5A9J-DK, STM32U5A9NJH6Q, STM32U5A9VJT6Q, STM32U5A9ZJT6Q, STM32U5A9ZJY6QTR, STM32U5F7VIT6, STM32U5F7VIT6Q, STM32U5F7VJT6, STM32U5F7VJT6Q, STM32U5F9BJY6QTR, STM32U5F9NJH6Q, STM32U5F9VIT6Q, STM32U5F9VJT6Q, STM32U5F9ZIJ6QTR, STM32U5F9ZIT6Q, STM32U5F9ZJJ6QTR, STM32U5F9ZJT6Q, STM32U5G7VJT6, STM32U5G7VJT6Q, STM32U5G9BJY6QTR, STM32U5G9J-DK1, STM32U5G9J-DK2, STM32U5G9NJH6Q, STM32U5G9VJT6Q, STM32U5G9ZJJ6QTR, STM32U5G9ZJT6Q, STM32WB05KZV6TR, STM32WB05KZV7TR, STM32WB05TZF6TR, STM32WB05TZF7TR, STM32WB06CCF6TR, STM32WB06CCF7TR, STM32WB06CCV6TR, STM32WB06CCV7TR, STM32WB06KCV6TR, STM32WB06KCV7TR, STM32WB07CCF6TR, STM32WB07CCF7TR, STM32WB07CCV6TR, STM32WB07CCV7TR, STM32WB07KCV6TR, STM32WB07KCV7TR, STM32WB09KEV6TR, STM32WB09KEV7TR, STM32WB09TEF6TR, STM32WB09TEF7TR, STM32WB1MMCH6, STM32WBA50KGU6, STM32WBA50KGU6TR, STM32WBA52CEU6, STM32WBA52CEU6TR, STM32WBA52CEU7, STM32WBA52CEU7TR, STM32WBA52CGU6, STM32WBA52CGU6TR, STM32WBA52CGU6U, STM32WBA52CGU7, STM32WBA52CGU7TR, STM32WBA52KEU6, STM32WBA52KEU6TR, STM32WBA52KGU6, STM32WBA52KGU6TR, STM32WBA54CEU6, STM32WBA54CEU6TR, STM32WBA54CEU7, STM32WBA54CEU7TR, STM32WBA54CGU6, STM32WBA54CGU6TR, STM32WBA54CGU7, STM32WBA54CGU7TR, STM32WBA54KEU6, STM32WBA54KEU6TR, STM32WBA54KEU7, STM32WBA54KEU7TR, STM32WBA54KGU6, STM32WBA54KGU6TR, STM32WBA54KGU7, STM32WBA54KGU7TR, STM32WBA55CEU6, STM32WBA55CEU6TR, STM32WBA55CEU7, STM32WBA55CEU7TR, STM32WBA55CGU6, STM32WBA55CGU6TR, STM32WBA55CGU6U, STM32WBA55CGU7, STM32WBA55CGU7TR, STM32WBA55G-DK1, STM32WBA55HEF6, STM32WBA55HEF7, STM32WBA55HGF6, STM32WBA55HGF7, STM32WBA55UEI6, STM32WBA55UEI6TR, STM32WBA55UEI7, STM32WBA55UEI7TR, STM32WBA55UGI6, STM32WBA55UGI6TR, STM32WBA55UGI7, STM32WBA55UGI7TR, STM32WBA5MMGH6TR, STM32WBA62MGF6, STM32WBA62MIF6, STM32WBA65MGF7, STM32WBA65MIF6, STM32WBA65MIF7, STM32WL30K8V6, STM32WL30KBV6, STM32WL31C8V6, STM32WL31CBV6, STM32WL31K8V6, STM32WL31KBV6, STM32WL33C8V6, STM32WL33C8V6X, STM32WL33CBV6, STM32WL33CBV6X, STM32WL33CCV6, STM32WL33CCV6A, STM32WL33CCV6X, STM32WL33K8V7, STM32WL33K8V7X, STM32WL33KBV7 , STM32WL33KBV7X, STM32WL33KCV7, STM32WL33KCV7X, STM32WL5MOCH6, STM32WL5MOCH6TR]
2025-11-16 11:56:55,012 [INFO] BoardInfo:889 - No configuration file found for board P-NUCLEO-WB55
2025-11-16 11:56:55,013 [INFO] DbBoards:161 - Kit is not supported: P-NUCLEO-WB55
2025-11-16 11:56:55,019 [INFO] BoardInfo:889 - No configuration file found for board STEVAL-BFA001V1B
2025-11-16 11:56:55,020 [INFO] DbBoards:161 - Kit is not supported: STEVAL-BFA001V1B
2025-11-16 11:56:55,021 [INFO] BoardInfo:889 - No configuration file found for board STEVAL-BFA001V2B
2025-11-16 11:56:55,023 [INFO] DbBoards:161 - Kit is not supported: STEVAL-BFA001V2B
2025-11-16 11:56:55,224 [INFO] DbBoards:168 - Found 212 boards, 209 are supported
2025-11-16 11:56:55,224 [INFO] DbBoards:169 - Found 212 boards, 43 of them is supported for  Bsp
2025-11-16 11:56:55,226 [INFO] ApiDb:423 - Load user favorites file C:\Users\akash/.stm32cubeide/favorites.boards.txt: 2 item(s)
2025-11-16 11:56:55,226 [INFO] ApiDb:427 - User favorites Boards=[NUCLEO-H755ZI-Q, STM32H747I-DISCO]
2025-11-16 11:56:55,226 [INFO] DbBoards:198 - Set 2 / 2 favorites Boards
2025-11-16 11:56:55,228 [INFO] ApiDb:668 - CubeFinder database Data Model version=2.1
2025-11-16 11:56:55,228 [INFO] ApiDb:669 - CubeFinder database Configuration version=3.0.39
2025-11-16 11:56:55,228 [INFO] ApiDb:670 - CubeFinder database generation date=2025-11-05 (1762334721)
2025-11-16 11:56:55,228 [INFO] ApiDb:671 - CubeFinder database FW Pack versions=[FP-ATR-ASTRA1_V2.0.0, FP-SNS-FLIGHT1_V5.1.0, FP-SNS-MOTENV1_V5.1.0, FP-SNS-MOTENVWB1_V1.4.0, FP-SNS-SMARTAG2_V1.2.0, FP-SNS-STBOX1_V2.1.0, STM32Cube_FW_C0_V1.4.0, STM32Cube_FW_F4_V1.28.3, STM32Cube_FW_F7_V1.17.4, STM32Cube_FW_G0_V1.6.2, STM32Cube_FW_G4_V1.6.1, STM32Cube_FW_H5_V1.5.1, STM32Cube_FW_H7RS_V1.3.0, STM32Cube_FW_H7_V1.12.1, STM32Cube_FW_L0_V1.12.2, STM32Cube_FW_L4_V1.18.1, STM32Cube_FW_L5_V1.6.0, STM32Cube_FW_N6_V1.3.0, STM32Cube_FW_U0_V1.3.0, STM32Cube_FW_U3_V1.2.1, STM32Cube_FW_U5_V1.8.0, STM32Cube_FW_WB0_V1.4.0, STM32Cube_FW_WBA_V1.8.0, STM32Cube_FW_WB_V1.24.0, STM32Cube_FW_WL3_V1.3.0, STM32Cube_FW_WL_V1.4.0, X-CUBE-ALGOBUILD_V1.4.0, X-CUBE-ALS_V1.0.2, X-CUBE-AZRTOS-F4_V1.1.0, X-CUBE-AZRTOS-F7_V1.1.0, X-CUBE-AZRTOS-G0_V1.1.0, X-CUBE-AZRTOS-G4_V2.0.0, X-CUBE-AZRTOS-H7RS_V1.1.0, X-CUBE-AZRTOS-H7_V3.4.0, X-CUBE-AZRTOS-L4_V2.0.0, X-CUBE-AZRTOS-L5_V2.0.0, X-CUBE-AZRTOS-WB_V2.0.0, X-CUBE-AZRTOS-WL_V2.0.0, X-CUBE-BLE1_V7.1.0, X-CUBE-BLE2_V3.3.0, X-CUBE-BLEMGR_V4.1.0, X-CUBE-EEPRMA1_V5.2.0, X-CUBE-FREERTOS_V1.3.1, X-CUBE-GNSS1_V6.0.0, X-CUBE-MEMS1_V11.3.0, X-CUBE-NFC4_V3.0.0, X-CUBE-NFC7_V2.0.0, X-CUBE-SFXS2LP1_V4.0.0, X-CUBE-ST67W61_V1.1.0, X-CUBE-SUBG2_V5.0.0, X-CUBE-TOF1_V3.4.3]
2025-11-16 11:56:55,260 [ERROR] LogOutputStream:75 - [STDERR_REDIRECT] [Fatal Error] :1:1: Premature end of file.
2025-11-16 11:56:55,260 [ERROR] LogOutputStream:75 - [STDERR_REDIRECT] 
2025-11-16 11:56:55,738 [ERROR] DbExamplesSqlite:437 - Missing JSON key: board_cpn
2025-11-16 11:56:55,738 [ERROR] DbExamplesSqlite:437 - Missing JSON key: board_cpn
2025-11-16 11:56:55,738 [ERROR] DbExamplesSqlite:437 - Missing JSON key: board_cpn
2025-11-16 11:56:55,739 [ERROR] DbExamplesSqlite:437 - Missing JSON key: board_cpn
2025-11-16 11:56:56,010 [ERROR] DbExamplesSqlite:437 - Missing JSON key: board_cpn
2025-11-16 11:56:56,010 [ERROR] DbExamplesSqlite:437 - Missing JSON key: board_cpn
2025-11-16 11:56:56,017 [INFO] DbExamplesSqlite:395 - Ignored 42 examples not supported by CubeIDE
2025-11-16 11:56:56,017 [INFO] DbExamplesSqlite:396 - Found 10883 examples active
2025-11-16 11:56:56,017 [INFO] DbExamplesSqlite:397 - Found 0 examples obsolete
2025-11-16 11:56:56,017 [INFO] DbExamplesSqlite:398 - Found 0 examples under development
2025-11-16 11:56:56,017 [INFO] DbExamplesSqlite:399 - Found 85 examples not building
2025-11-16 11:56:56,018 [INFO] DbExamples:125 - Found 10926 examples
2025-11-16 11:56:56,045 [ERROR] DbExamples:208 - Found 73 examples with invalid data (board or MCU)
2025-11-16 11:56:56,046 [INFO] DbExamples:222 - Found 134 boards with related examples
2025-11-16 11:56:56,046 [INFO] DbExamples:235 - Found 111 MCUs with related examples
2025-11-16 11:56:56,064 [INFO] ApiDb:423 - Load user favorites file C:\Users\akash/.stm32cubeide/favorites.examples.txt: 0 item(s)
2025-11-16 11:56:56,065 [INFO] ApiDb:427 - User favorites Examples=[]
2025-11-16 11:56:56,065 [INFO] DbExamples:250 - Set 0 / 0 favorites Examples
2025-11-16 11:56:56,161 [INFO] McuFinderGlobals:76 - Set McuFinderConnectedMode to true
2025-11-16 11:56:56,168 [INFO] MultiScanPanel:200 - Auto-refresh data requested => check proxy status ongoing
2025-11-16 11:56:56,170 [INFO] FinderPluginLoader:96 - Searching for filters in installed packs
2025-11-16 11:56:56,263 [ERROR] LogOutputStream:75 - [STDERR_REDIRECT] [Fatal Error] :1:1: Premature end of file.
2025-11-16 11:56:56,263 [ERROR] LogOutputStream:75 - [STDERR_REDIRECT] 
2025-11-16 11:56:57,264 [ERROR] LogOutputStream:75 - [STDERR_REDIRECT] [Fatal Error] :1:1: Premature end of file.
2025-11-16 11:56:57,264 [ERROR] LogOutputStream:75 - [STDERR_REDIRECT] 
2025-11-16 11:56:57,337 [INFO] LoadUrlFilesThread:185 - End of LoadServerUrlFiles without Thread
2025-11-16 11:56:57,346 [INFO] DetailPanel:341 - Set advertising image to C:/Users/akash/STM32Cube/Repository/\en.mcu-finder-preevent.jpg
2025-11-16 11:56:57,804 [INFO] MultiScanPanel:728 - adjusting invalid saved split location: -0.18
2025-11-16 11:56:58,130 [INFO] MultiScanPanel:728 - adjusting invalid saved split location: -0.18
2025-11-16 11:56:58,134 [INFO] MultiScanPanel:200 - Auto-refresh data requested => check proxy status ongoing
2025-11-16 11:56:58,230 [INFO] LoadUrlFilesThread:185 - End of LoadServerUrlFiles without Thread
2025-11-16 11:56:58,230 [INFO] DetailPanel:341 - Set advertising image to C:/Users/akash/STM32Cube/Repository/\en.mcu-finder-preevent.jpg
2025-11-16 11:56:58,236 [INFO] MultiScanPanel:728 - adjusting invalid saved split location: -0.22
2025-11-16 11:56:58,238 [INFO] DbBoards:642 - Loading board mini-images...
2025-11-16 11:56:58,262 [ERROR] LogOutputStream:75 - [STDERR_REDIRECT] [Fatal Error] :1:1: Premature end of file.
2025-11-16 11:56:58,263 [ERROR] LogOutputStream:75 - [STDERR_REDIRECT] 
2025-11-16 11:56:59,266 [ERROR] LogOutputStream:75 - [STDERR_REDIRECT] [Fatal Error] :1:1: Premature end of file.
2025-11-16 11:56:59,266 [ERROR] LogOutputStream:75 - [STDERR_REDIRECT] 
2025-11-16 11:56:59,818 [ERROR] DbBoards:659 - Image file not found for board STM32MP215F-DK: C:\Users\akash\.stmcufinder\plugins\mcufinder//mcu//boards_images/STM32MP215F-DK.jpg
2025-11-16 11:56:59,916 [INFO] DbBoards:665 - Loaded 211 board mini-images
2025-11-16 11:56:59,953 [INFO] MultiScanPanel:728 - adjusting invalid saved split location: -0.22
2025-11-16 11:56:59,956 [INFO] MultiScanPanel:200 - Auto-refresh data requested => check proxy status ongoing
2025-11-16 11:56:59,964 [INFO] SoftwarePacks:127 - Download is needed for SW pack 'FP-ATR-ASTRA1_V2.0.0'
2025-11-16 11:56:59,967 [INFO] SoftwarePacks:127 - Download is needed for SW pack 'FP-SNS-FLIGHT1_V5.1.0'
2025-11-16 11:56:59,970 [INFO] SoftwarePacks:127 - Download is needed for SW pack 'FP-SNS-MOTENV1_V5.1.0'
2025-11-16 11:56:59,974 [INFO] SoftwarePacks:127 - Download is needed for SW pack 'FP-SNS-MOTENVWB1_V1.4.0'
2025-11-16 11:56:59,976 [INFO] SoftwarePacks:127 - Download is needed for SW pack 'FP-SNS-SMARTAG2_V1.2.0'
2025-11-16 11:56:59,979 [INFO] SoftwarePacks:127 - Download is needed for SW pack 'FP-SNS-STBOX1_V2.1.0'
2025-11-16 11:56:59,985 [INFO] SoftwarePacks:127 - Download is needed for SW pack 'STM32Cube_FW_C0_V1.4.0'
2025-11-16 11:56:59,992 [INFO] SoftwarePacks:127 - Download is needed for SW pack 'STM32Cube_FW_F4_V1.28.3'
2025-11-16 11:56:59,998 [INFO] SoftwarePacks:127 - Download is needed for SW pack 'STM32Cube_FW_F7_V1.17.4'
2025-11-16 11:57:00,004 [INFO] SoftwarePacks:131 - Found SW pack 'STM32Cube_FW_G0_V1.6.2' up-to-date on disk.
2025-11-16 11:57:00,009 [INFO] SoftwarePacks:131 - Found SW pack 'STM32Cube_FW_G4_V1.6.1' up-to-date on disk.
2025-11-16 11:57:00,016 [INFO] SoftwarePacks:127 - Download is needed for SW pack 'STM32Cube_FW_H5_V1.5.1'
2025-11-16 11:57:00,021 [INFO] SoftwarePacks:127 - Download is needed for SW pack 'STM32Cube_FW_H7RS_V1.3.0'
2025-11-16 11:57:00,025 [INFO] SoftwarePacks:131 - Found SW pack 'STM32Cube_FW_H7_V1.12.1' up-to-date on disk.
2025-11-16 11:57:00,032 [INFO] SoftwarePacks:127 - Download is needed for SW pack 'STM32Cube_FW_L0_V1.12.2'
2025-11-16 11:57:00,037 [INFO] SoftwarePacks:127 - Download is needed for SW pack 'STM32Cube_FW_L4_V1.18.1'
2025-11-16 11:57:00,041 [INFO] SoftwarePacks:127 - Download is needed for SW pack 'STM32Cube_FW_L5_V1.6.0'
2025-11-16 11:57:00,047 [INFO] SoftwarePacks:127 - Download is needed for SW pack 'STM32Cube_FW_N6_V1.3.0'
2025-11-16 11:57:00,052 [INFO] SoftwarePacks:127 - Download is needed for SW pack 'STM32Cube_FW_U0_V1.3.0'
2025-11-16 11:57:00,056 [INFO] SoftwarePacks:127 - Download is needed for SW pack 'STM32Cube_FW_U3_V1.2.1'
2025-11-16 11:57:00,061 [INFO] SoftwarePacks:127 - Download is needed for SW pack 'STM32Cube_FW_U5_V1.8.0'
2025-11-16 11:57:00,065 [INFO] SoftwarePacks:127 - Download is needed for SW pack 'STM32Cube_FW_WB0_V1.4.0'
2025-11-16 11:57:00,069 [INFO] SoftwarePacks:127 - Download is needed for SW pack 'STM32Cube_FW_WBA_V1.8.0'
2025-11-16 11:57:00,073 [INFO] SoftwarePacks:127 - Download is needed for SW pack 'STM32Cube_FW_WB_V1.24.0'
2025-11-16 11:57:00,079 [INFO] SoftwarePacks:127 - Download is needed for SW pack 'STM32Cube_FW_WL3_V1.3.0'
2025-11-16 11:57:00,083 [INFO] SoftwarePacks:127 - Download is needed for SW pack 'STM32Cube_FW_WL_V1.4.0'
2025-11-16 11:57:00,085 [INFO] SoftwarePacks:127 - Download is needed for SW pack 'X-CUBE-ALGOBUILD_V1.4.0'
2025-11-16 11:57:00,087 [INFO] SoftwarePacks:127 - Download is needed for SW pack 'X-CUBE-ALS_V1.0.2'
2025-11-16 11:57:00,089 [INFO] SoftwarePacks:127 - Download is needed for SW pack 'X-CUBE-AZRTOS-F4_V1.1.0'
2025-11-16 11:57:00,091 [INFO] SoftwarePacks:127 - Download is needed for SW pack 'X-CUBE-AZRTOS-F7_V1.1.0'
2025-11-16 11:57:00,093 [INFO] SoftwarePacks:127 - Download is needed for SW pack 'X-CUBE-AZRTOS-G0_V1.1.0'
2025-11-16 11:57:00,096 [INFO] SoftwarePacks:127 - Download is needed for SW pack 'X-CUBE-AZRTOS-G4_V2.0.0'
2025-11-16 11:57:00,098 [INFO] SoftwarePacks:127 - Download is needed for SW pack 'X-CUBE-AZRTOS-H7RS_V1.1.0'
2025-11-16 11:57:00,100 [INFO] SoftwarePacks:127 - Download is needed for SW pack 'X-CUBE-AZRTOS-H7_V3.4.0'
2025-11-16 11:57:00,101 [INFO] SoftwarePacks:127 - Download is needed for SW pack 'X-CUBE-AZRTOS-L4_V2.0.0'
2025-11-16 11:57:00,103 [INFO] SoftwarePacks:127 - Download is needed for SW pack 'X-CUBE-AZRTOS-L5_V2.0.0'
2025-11-16 11:57:00,105 [INFO] SoftwarePacks:127 - Download is needed for SW pack 'X-CUBE-AZRTOS-WB_V2.0.0'
2025-11-16 11:57:00,107 [INFO] SoftwarePacks:127 - Download is needed for SW pack 'X-CUBE-AZRTOS-WL_V2.0.0'
2025-11-16 11:57:00,109 [INFO] SoftwarePacks:127 - Download is needed for SW pack 'X-CUBE-BLE1_V7.1.0'
2025-11-16 11:57:00,112 [INFO] SoftwarePacks:127 - Download is needed for SW pack 'X-CUBE-BLE2_V3.3.0'
2025-11-16 11:57:00,114 [INFO] SoftwarePacks:127 - Download is needed for SW pack 'X-CUBE-BLEMGR_V4.1.0'
2025-11-16 11:57:00,117 [INFO] SoftwarePacks:127 - Download is needed for SW pack 'X-CUBE-EEPRMA1_V5.2.0'
2025-11-16 11:57:00,118 [INFO] SoftwarePacks:127 - Download is needed for SW pack 'X-CUBE-FREERTOS_V1.3.1'
2025-11-16 11:57:00,120 [INFO] SoftwarePacks:127 - Download is needed for SW pack 'X-CUBE-GNSS1_V6.0.0'
2025-11-16 11:57:00,122 [INFO] SoftwarePacks:127 - Download is needed for SW pack 'X-CUBE-MEMS1_V11.3.0'
2025-11-16 11:57:00,124 [INFO] SoftwarePacks:127 - Download is needed for SW pack 'X-CUBE-NFC4_V3.0.0'
2025-11-16 11:57:00,126 [INFO] SoftwarePacks:127 - Download is needed for SW pack 'X-CUBE-NFC7_V2.0.0'
2025-11-16 11:57:00,130 [INFO] SoftwarePacks:127 - Download is needed for SW pack 'X-CUBE-SFXS2LP1_V4.0.0'
2025-11-16 11:57:00,131 [INFO] SoftwarePacks:127 - Download is needed for SW pack 'X-CUBE-ST67W61_V1.1.0'
2025-11-16 11:57:00,133 [INFO] SoftwarePacks:127 - Download is needed for SW pack 'X-CUBE-SUBG2_V5.0.0'
2025-11-16 11:57:00,135 [INFO] SoftwarePacks:127 - Download is needed for SW pack 'X-CUBE-TOF1_V3.4.3'
2025-11-16 11:57:00,259 [ERROR] LogOutputStream:75 - [STDERR_REDIRECT] [Fatal Error] :1:1: Premature end of file.
2025-11-16 11:57:00,260 [ERROR] LogOutputStream:75 - [STDERR_REDIRECT] 
2025-11-16 11:57:01,265 [ERROR] LogOutputStream:75 - [STDERR_REDIRECT] [Fatal Error] :1:1: Premature end of file.
2025-11-16 11:57:01,265 [ERROR] LogOutputStream:75 - [STDERR_REDIRECT] 
2025-11-16 11:57:01,405 [INFO] LoadUrlFilesThread:185 - End of LoadServerUrlFiles without Thread
2025-11-16 11:57:01,405 [INFO] DetailPanel:341 - Set advertising image to C:/Users/akash/STM32Cube/Repository/\en.mcu-finder-preevent.jpg
2025-11-16 11:57:01,931 [ERROR] AppliInfo:139 - Unknown STM32CubeMX version: 6.16.0
2025-11-16 11:57:01,931 [ERROR] AppliInfo:139 - Unknown STM32CubeMX version: 6.16.0
2025-11-16 11:57:01,931 [ERROR] AppliInfo:139 - Unknown STM32CubeMX version: 6.16.0
2025-11-16 11:57:01,932 [ERROR] AppliInfo:139 - Unknown STM32CubeMX version: 6.16.0
2025-11-16 11:57:01,932 [ERROR] AppliInfo:139 - Unknown STM32CubeMX version: 6.16.0
2025-11-16 11:57:01,943 [ERROR] AppliInfo:139 - Unknown STM32CubeMX version: 6.16.0
2025-11-16 11:57:01,943 [ERROR] AppliInfo:139 - Unknown STM32CubeMX version: 6.16.0
2025-11-16 11:57:01,944 [ERROR] AppliInfo:139 - Unknown STM32CubeMX version: 6.16.0
2025-11-16 11:57:01,945 [ERROR] AppliInfo:139 - Unknown STM32CubeMX version: 6.16.0
2025-11-16 11:57:02,082 [ERROR] AppliInfo:139 - Unknown STM32CubeMX version: 6.16.0
2025-11-16 11:57:02,083 [ERROR] AppliInfo:139 - Unknown STM32CubeMX version: 6.16.0
2025-11-16 11:57:02,100 [ERROR] AppliInfo:139 - Unknown STM32CubeMX version: 6.16.0
2025-11-16 11:57:02,101 [ERROR] AppliInfo:139 - Unknown STM32CubeMX version: 6.16.0
2025-11-16 11:57:02,102 [ERROR] AppliInfo:139 - Unknown STM32CubeMX version: 6.16.0
2025-11-16 11:57:02,102 [ERROR] AppliInfo:139 - Unknown STM32CubeMX version: 6.16.0
2025-11-16 11:57:02,102 [ERROR] AppliInfo:139 - Unknown STM32CubeMX version: 6.16.0
2025-11-16 11:57:02,102 [ERROR] AppliInfo:139 - Unknown STM32CubeMX version: 6.16.0
2025-11-16 11:57:02,102 [ERROR] AppliInfo:139 - Unknown STM32CubeMX version: 6.16.0
2025-11-16 11:57:02,102 [ERROR] AppliInfo:139 - Unknown STM32CubeMX version: 6.16.0
2025-11-16 11:57:02,103 [ERROR] AppliInfo:139 - Unknown STM32CubeMX version: 6.16.0
2025-11-16 11:57:02,103 [ERROR] AppliInfo:139 - Unknown STM32CubeMX version: 6.16.0
2025-11-16 11:57:02,103 [ERROR] AppliInfo:139 - Unknown STM32CubeMX version: 6.16.0
2025-11-16 11:57:02,103 [ERROR] AppliInfo:139 - Unknown STM32CubeMX version: 6.16.0
2025-11-16 11:57:02,104 [ERROR] AppliInfo:139 - Unknown STM32CubeMX version: 6.16.0
2025-11-16 11:57:02,104 [ERROR] AppliInfo:139 - Unknown STM32CubeMX version: 6.16.0
2025-11-16 11:57:02,105 [ERROR] AppliInfo:139 - Unknown STM32CubeMX version: 6.16.0
2025-11-16 11:57:02,105 [ERROR] AppliInfo:139 - Unknown STM32CubeMX version: 6.16.0
2025-11-16 11:57:02,105 [ERROR] AppliInfo:139 - Unknown STM32CubeMX version: 6.16.0
2025-11-16 11:57:02,105 [ERROR] AppliInfo:139 - Unknown STM32CubeMX version: 6.16.0
2025-11-16 11:57:02,107 [ERROR] AppliInfo:139 - Unknown STM32CubeMX version: 6.16.0
2025-11-16 11:57:02,107 [ERROR] AppliInfo:139 - Unknown STM32CubeMX version: 6.16.0
2025-11-16 11:57:02,107 [ERROR] AppliInfo:139 - Unknown STM32CubeMX version: 6.16.0
2025-11-16 11:57:02,107 [ERROR] AppliInfo:139 - Unknown STM32CubeMX version: 6.16.0
2025-11-16 11:57:02,108 [ERROR] AppliInfo:139 - Unknown STM32CubeMX version: 6.16.0
2025-11-16 11:57:02,108 [ERROR] AppliInfo:139 - Unknown STM32CubeMX version: 6.16.0
2025-11-16 11:57:02,109 [ERROR] AppliInfo:139 - Unknown STM32CubeMX version: 6.16.0
2025-11-16 11:57:02,109 [ERROR] AppliInfo:139 - Unknown STM32CubeMX version: 6.16.0
2025-11-16 11:57:02,109 [ERROR] AppliInfo:139 - Unknown STM32CubeMX version: 6.16.0
2025-11-16 11:57:02,110 [ERROR] AppliInfo:139 - Unknown STM32CubeMX version: 6.16.0
2025-11-16 11:57:02,110 [ERROR] AppliInfo:139 - Unknown STM32CubeMX version: 6.16.0
2025-11-16 11:57:02,110 [ERROR] AppliInfo:139 - Unknown STM32CubeMX version: 6.16.0
2025-11-16 11:57:02,110 [ERROR] AppliInfo:139 - Unknown STM32CubeMX version: 6.16.0
2025-11-16 11:57:02,111 [ERROR] AppliInfo:139 - Unknown STM32CubeMX version: 6.16.0
2025-11-16 11:57:02,111 [ERROR] AppliInfo:139 - Unknown STM32CubeMX version: 6.16.0
2025-11-16 11:57:02,111 [ERROR] AppliInfo:139 - Unknown STM32CubeMX version: 6.16.0
2025-11-16 11:57:02,112 [ERROR] AppliInfo:139 - Unknown STM32CubeMX version: 6.16.0
2025-11-16 11:57:02,113 [ERROR] AppliInfo:139 - Unknown STM32CubeMX version: 6.16.0
2025-11-16 11:57:02,113 [ERROR] AppliInfo:139 - Unknown STM32CubeMX version: 6.16.0
2025-11-16 11:57:02,113 [ERROR] AppliInfo:139 - Unknown STM32CubeMX version: 6.16.0
2025-11-16 11:57:02,113 [ERROR] AppliInfo:139 - Unknown STM32CubeMX version: 6.16.0
2025-11-16 11:57:02,195 [ERROR] AppliInfo:139 - Unknown STM32CubeMX version: 6.16.0
2025-11-16 11:57:02,204 [ERROR] AppliInfo:139 - Unknown STM32CubeMX version: 6.16.0
2025-11-16 11:57:02,204 [ERROR] AppliInfo:139 - Unknown STM32CubeMX version: 6.16.0
2025-11-16 11:57:02,204 [ERROR] AppliInfo:139 - Unknown STM32CubeMX version: 6.16.0
2025-11-16 11:57:02,204 [ERROR] AppliInfo:139 - Unknown STM32CubeMX version: 6.16.0
2025-11-16 11:57:02,204 [ERROR] AppliInfo:139 - Unknown STM32CubeMX version: 6.16.0
2025-11-16 11:57:02,204 [ERROR] AppliInfo:139 - Unknown STM32CubeMX version: 6.16.0
2025-11-16 11:57:02,229 [ERROR] AppliInfo:139 - Unknown STM32CubeMX version: 6.12.1
2025-11-16 11:57:02,229 [ERROR] AppliInfo:139 - Unknown STM32CubeMX version: 6.16.0
2025-11-16 11:57:02,229 [ERROR] AppliInfo:139 - Unknown STM32CubeMX version: 6.16.0
2025-11-16 11:57:02,229 [ERROR] AppliInfo:139 - Unknown STM32CubeMX version: 6.16.0
2025-11-16 11:57:02,229 [ERROR] AppliInfo:139 - Unknown STM32CubeMX version: 6.16.0
2025-11-16 11:57:02,229 [ERROR] AppliInfo:139 - Unknown STM32CubeMX version: 6.16.0
2025-11-16 11:57:02,230 [ERROR] AppliInfo:139 - Unknown STM32CubeMX version: 6.16.0
2025-11-16 11:57:02,230 [ERROR] AppliInfo:139 - Unknown STM32CubeMX version: 6.16.0
2025-11-16 11:57:02,230 [ERROR] AppliInfo:139 - Unknown STM32CubeMX version: 6.16.0
2025-11-16 11:57:02,230 [ERROR] AppliInfo:139 - Unknown STM32CubeMX version: 6.16.0
2025-11-16 11:57:02,230 [ERROR] AppliInfo:139 - Unknown STM32CubeMX version: 6.16.0
2025-11-16 11:57:02,230 [ERROR] AppliInfo:139 - Unknown STM32CubeMX version: 6.16.0
2025-11-16 11:57:02,230 [ERROR] AppliInfo:139 - Unknown STM32CubeMX version: 6.16.0
2025-11-16 11:57:02,230 [ERROR] AppliInfo:139 - Unknown STM32CubeMX version: 6.16.0
2025-11-16 11:57:02,231 [ERROR] AppliInfo:139 - Unknown STM32CubeMX version: 6.16.0
2025-11-16 11:57:02,231 [ERROR] AppliInfo:139 - Unknown STM32CubeMX version: 6.16.0
2025-11-16 11:57:02,231 [ERROR] AppliInfo:139 - Unknown STM32CubeMX version: 6.16.0
2025-11-16 11:57:02,231 [ERROR] AppliInfo:139 - Unknown STM32CubeMX version: 6.16.0
2025-11-16 11:57:02,231 [ERROR] AppliInfo:139 - Unknown STM32CubeMX version: 6.16.0
2025-11-16 11:57:02,231 [ERROR] AppliInfo:139 - Unknown STM32CubeMX version: 6.16.0
2025-11-16 11:57:02,231 [ERROR] AppliInfo:139 - Unknown STM32CubeMX version: 6.16.0
2025-11-16 11:57:02,231 [ERROR] AppliInfo:139 - Unknown STM32CubeMX version: 6.16.0
2025-11-16 11:57:02,235 [ERROR] AppliInfo:139 - Unknown STM32CubeMX version: 6.16.0
2025-11-16 11:57:02,235 [ERROR] AppliInfo:139 - Unknown STM32CubeMX version: 6.16.0
2025-11-16 11:57:02,235 [ERROR] AppliInfo:139 - Unknown STM32CubeMX version: 6.16.0
2025-11-16 11:57:02,235 [ERROR] AppliInfo:139 - Unknown STM32CubeMX version: 6.16.0
2025-11-16 11:57:02,235 [ERROR] AppliInfo:139 - Unknown STM32CubeMX version: 6.16.0
2025-11-16 11:57:02,236 [ERROR] AppliInfo:139 - Unknown STM32CubeMX version: 6.16.0
2025-11-16 11:57:02,236 [ERROR] AppliInfo:139 - Unknown STM32CubeMX version: 6.16.0
2025-11-16 11:57:02,236 [ERROR] AppliInfo:139 - Unknown STM32CubeMX version: 6.16.0
2025-11-16 11:57:02,236 [ERROR] AppliInfo:139 - Unknown STM32CubeMX version: 6.16.0
2025-11-16 11:57:02,236 [ERROR] AppliInfo:139 - Unknown STM32CubeMX version: 6.16.0
2025-11-16 11:57:02,236 [ERROR] AppliInfo:139 - Unknown STM32CubeMX version: 6.16.0
2025-11-16 11:57:02,236 [ERROR] AppliInfo:139 - Unknown STM32CubeMX version: 6.16.0
2025-11-16 11:57:02,237 [ERROR] AppliInfo:139 - Unknown STM32CubeMX version: 6.16.0
2025-11-16 11:57:02,237 [ERROR] AppliInfo:139 - Unknown STM32CubeMX version: 6.16.0
2025-11-16 11:57:02,237 [ERROR] AppliInfo:139 - Unknown STM32CubeMX version: 6.16.0
2025-11-16 11:57:02,237 [ERROR] AppliInfo:139 - Unknown STM32CubeMX version: 6.16.0
2025-11-16 11:57:02,237 [ERROR] AppliInfo:139 - Unknown STM32CubeMX version: 6.16.0
2025-11-16 11:57:02,237 [ERROR] AppliInfo:139 - Unknown STM32CubeMX version: 6.16.0
2025-11-16 11:57:02,237 [ERROR] AppliInfo:139 - Unknown STM32CubeMX version: 6.16.0
2025-11-16 11:57:02,237 [ERROR] AppliInfo:139 - Unknown STM32CubeMX version: 6.16.0
2025-11-16 11:57:02,238 [ERROR] AppliInfo:139 - Unknown STM32CubeMX version: 6.16.0
2025-11-16 11:57:02,242 [ERROR] AppliInfo:139 - Unknown STM32CubeMX version: 6.16.0
2025-11-16 11:57:02,242 [ERROR] AppliInfo:139 - Unknown STM32CubeMX version: 6.16.0
2025-11-16 11:57:02,242 [ERROR] AppliInfo:139 - Unknown STM32CubeMX version: 6.16.0
2025-11-16 11:57:02,243 [ERROR] AppliInfo:139 - Unknown STM32CubeMX version: 6.16.0
2025-11-16 11:57:02,243 [ERROR] AppliInfo:139 - Unknown STM32CubeMX version: 6.16.0
2025-11-16 11:57:02,243 [ERROR] AppliInfo:139 - Unknown STM32CubeMX version: 6.16.0
2025-11-16 11:57:02,243 [ERROR] AppliInfo:139 - Unknown STM32CubeMX version: 6.16.0
2025-11-16 11:57:02,243 [ERROR] AppliInfo:139 - Unknown STM32CubeMX version: 6.16.0
2025-11-16 11:57:02,243 [ERROR] AppliInfo:139 - Unknown STM32CubeMX version: 6.16.0
2025-11-16 11:57:02,243 [ERROR] AppliInfo:139 - Unknown STM32CubeMX version: 6.16.0
2025-11-16 11:57:02,244 [ERROR] AppliInfo:139 - Unknown STM32CubeMX version: 6.16.0
2025-11-16 11:57:02,244 [ERROR] AppliInfo:139 - Unknown STM32CubeMX version: 6.16.0
2025-11-16 11:57:02,244 [ERROR] AppliInfo:139 - Unknown STM32CubeMX version: 6.16.0
2025-11-16 11:57:02,244 [ERROR] AppliInfo:139 - Unknown STM32CubeMX version: 6.16.0
2025-11-16 11:57:02,244 [ERROR] AppliInfo:139 - Unknown STM32CubeMX version: 6.16.0
2025-11-16 11:57:02,244 [ERROR] AppliInfo:139 - Unknown STM32CubeMX version: 6.16.0
2025-11-16 11:57:02,244 [ERROR] AppliInfo:139 - Unknown STM32CubeMX version: 6.16.0
2025-11-16 11:57:02,245 [ERROR] AppliInfo:139 - Unknown STM32CubeMX version: 6.16.0
2025-11-16 11:57:02,245 [ERROR] AppliInfo:139 - Unknown STM32CubeMX version: 6.16.0
2025-11-16 11:57:02,245 [ERROR] AppliInfo:139 - Unknown STM32CubeMX version: 6.16.0
2025-11-16 11:57:02,245 [ERROR] AppliInfo:139 - Unknown STM32CubeMX version: 6.16.0
2025-11-16 11:57:02,252 [ERROR] AppliInfo:139 - Unknown STM32CubeMX version: 6.16.0
2025-11-16 11:57:02,252 [ERROR] AppliInfo:139 - Unknown STM32CubeMX version: 6.16.0
2025-11-16 11:57:02,252 [ERROR] AppliInfo:139 - Unknown STM32CubeMX version: 6.16.0
2025-11-16 11:57:02,252 [ERROR] AppliInfo:139 - Unknown STM32CubeMX version: 6.16.0
2025-11-16 11:57:02,252 [ERROR] AppliInfo:139 - Unknown STM32CubeMX version: 6.16.0
2025-11-16 11:57:02,252 [ERROR] AppliInfo:139 - Unknown STM32CubeMX version: 6.16.0
2025-11-16 11:57:02,253 [ERROR] AppliInfo:139 - Unknown STM32CubeMX version: 6.16.0
2025-11-16 11:57:02,253 [ERROR] AppliInfo:139 - Unknown STM32CubeMX version: 6.16.0
2025-11-16 11:57:02,253 [ERROR] AppliInfo:139 - Unknown STM32CubeMX version: 6.16.0
2025-11-16 11:57:02,254 [ERROR] AppliInfo:139 - Unknown STM32CubeMX version: 6.16.0
2025-11-16 11:57:02,254 [ERROR] AppliInfo:139 - Unknown STM32CubeMX version: 6.16.0
2025-11-16 11:57:02,254 [ERROR] AppliInfo:139 - Unknown STM32CubeMX version: 6.16.0
2025-11-16 11:57:02,254 [ERROR] AppliInfo:139 - Unknown STM32CubeMX version: 6.16.0
2025-11-16 11:57:02,254 [ERROR] AppliInfo:139 - Unknown STM32CubeMX version: 6.16.0
2025-11-16 11:57:02,254 [ERROR] AppliInfo:139 - Unknown STM32CubeMX version: 6.16.0
2025-11-16 11:57:02,255 [ERROR] AppliInfo:139 - Unknown STM32CubeMX version: 6.16.0
2025-11-16 11:57:02,255 [ERROR] AppliInfo:139 - Unknown STM32CubeMX version: 6.16.0
2025-11-16 11:57:02,255 [ERROR] AppliInfo:139 - Unknown STM32CubeMX version: 6.16.0
2025-11-16 11:57:02,256 [ERROR] AppliInfo:139 - Unknown STM32CubeMX version: 6.16.0
2025-11-16 11:57:02,256 [ERROR] AppliInfo:139 - Unknown STM32CubeMX version: 6.16.0
2025-11-16 11:57:02,256 [ERROR] AppliInfo:139 - Unknown STM32CubeMX version: 6.16.0
2025-11-16 11:57:02,256 [ERROR] AppliInfo:139 - Unknown STM32CubeMX version: 6.16.0
2025-11-16 11:57:02,256 [ERROR] AppliInfo:139 - Unknown STM32CubeMX version: 6.16.0
2025-11-16 11:57:02,257 [ERROR] AppliInfo:139 - Unknown STM32CubeMX version: 6.16.0
2025-11-16 11:57:02,257 [ERROR] AppliInfo:139 - Unknown STM32CubeMX version: 6.16.0
2025-11-16 11:57:02,258 [ERROR] AppliInfo:139 - Unknown STM32CubeMX version: 6.16.0
2025-11-16 11:57:02,258 [ERROR] AppliInfo:139 - Unknown STM32CubeMX version: 6.16.0
2025-11-16 11:57:02,258 [ERROR] AppliInfo:139 - Unknown STM32CubeMX version: 6.16.0
2025-11-16 11:57:02,258 [ERROR] AppliInfo:139 - Unknown STM32CubeMX version: 6.16.0
2025-11-16 11:57:02,258 [ERROR] AppliInfo:139 - Unknown STM32CubeMX version: 6.16.0
2025-11-16 11:57:02,259 [ERROR] AppliInfo:139 - Unknown STM32CubeMX version: 6.16.0
2025-11-16 11:57:02,259 [ERROR] AppliInfo:139 - Unknown STM32CubeMX version: 6.16.0
2025-11-16 11:57:02,259 [ERROR] AppliInfo:139 - Unknown STM32CubeMX version: 6.16.0
2025-11-16 11:57:02,259 [ERROR] AppliInfo:139 - Unknown STM32CubeMX version: 6.16.0
2025-11-16 11:57:02,259 [ERROR] AppliInfo:139 - Unknown STM32CubeMX version: 6.16.0
2025-11-16 11:57:02,259 [ERROR] AppliInfo:139 - Unknown STM32CubeMX version: 6.16.0
2025-11-16 11:57:02,259 [ERROR] AppliInfo:139 - Unknown STM32CubeMX version: 6.16.0
2025-11-16 11:57:02,260 [ERROR] AppliInfo:139 - Unknown STM32CubeMX version: 6.16.0
2025-11-16 11:57:02,260 [ERROR] LogOutputStream:75 - [STDERR_REDIRECT] [Fatal Error] :1:1: Premature end of file.
2025-11-16 11:57:02,260 [ERROR] AppliInfo:139 - Unknown STM32CubeMX version: 6.16.0
2025-11-16 11:57:02,260 [ERROR] LogOutputStream:75 - [STDERR_REDIRECT] 
2025-11-16 11:57:02,260 [ERROR] AppliInfo:139 - Unknown STM32CubeMX version: 6.16.0
2025-11-16 11:57:02,260 [ERROR] AppliInfo:139 - Unknown STM32CubeMX version: 6.16.0
2025-11-16 11:57:02,260 [ERROR] AppliInfo:139 - Unknown STM32CubeMX version: 6.16.0
2025-11-16 11:57:02,261 [ERROR] AppliInfo:139 - Unknown STM32CubeMX version: 6.16.0
2025-11-16 11:57:02,261 [ERROR] AppliInfo:139 - Unknown STM32CubeMX version: 6.16.0
2025-11-16 11:57:02,262 [ERROR] AppliInfo:139 - Unknown STM32CubeMX version: 6.16.0
2025-11-16 11:57:02,262 [ERROR] AppliInfo:139 - Unknown STM32CubeMX version: 6.16.0
2025-11-16 11:57:02,262 [ERROR] AppliInfo:139 - Unknown STM32CubeMX version: 6.16.0
2025-11-16 11:57:02,263 [ERROR] AppliInfo:139 - Unknown STM32CubeMX version: 6.16.0
2025-11-16 11:57:02,263 [ERROR] AppliInfo:139 - Unknown STM32CubeMX version: 6.16.0
2025-11-16 11:57:02,263 [ERROR] AppliInfo:139 - Unknown STM32CubeMX version: 6.16.0
2025-11-16 11:57:02,264 [ERROR] AppliInfo:139 - Unknown STM32CubeMX version: 6.16.0
2025-11-16 11:57:02,264 [ERROR] AppliInfo:139 - Unknown STM32CubeMX version: 6.16.0
2025-11-16 11:57:02,264 [ERROR] AppliInfo:139 - Unknown STM32CubeMX version: 6.16.0
2025-11-16 11:57:02,264 [ERROR] AppliInfo:139 - Unknown STM32CubeMX version: 6.16.0
2025-11-16 11:57:02,264 [ERROR] AppliInfo:139 - Unknown STM32CubeMX version: 6.16.0
2025-11-16 11:57:02,264 [ERROR] AppliInfo:139 - Unknown STM32CubeMX version: 6.16.0
2025-11-16 11:57:02,264 [ERROR] AppliInfo:139 - Unknown STM32CubeMX version: 6.16.0
2025-11-16 11:57:02,265 [ERROR] AppliInfo:139 - Unknown STM32CubeMX version: 6.16.0
2025-11-16 11:57:02,265 [ERROR] AppliInfo:139 - Unknown STM32CubeMX version: 6.16.0
2025-11-16 11:57:02,265 [ERROR] AppliInfo:139 - Unknown STM32CubeMX version: 6.16.0
2025-11-16 11:57:02,266 [ERROR] AppliInfo:139 - Unknown STM32CubeMX version: 6.16.0
2025-11-16 11:57:02,266 [ERROR] AppliInfo:139 - Unknown STM32CubeMX version: 6.16.0
2025-11-16 11:57:02,266 [ERROR] AppliInfo:139 - Unknown STM32CubeMX version: 6.16.0
2025-11-16 11:57:02,267 [ERROR] AppliInfo:139 - Unknown STM32CubeMX version: 6.16.0
2025-11-16 11:57:02,267 [ERROR] AppliInfo:139 - Unknown STM32CubeMX version: 6.16.0
2025-11-16 11:57:02,267 [ERROR] AppliInfo:139 - Unknown STM32CubeMX version: 6.16.0
2025-11-16 11:57:02,274 [ERROR] AppliInfo:139 - Unknown STM32CubeMX version: 6.16.0
2025-11-16 11:57:02,275 [ERROR] AppliInfo:139 - Unknown STM32CubeMX version: 6.16.0
2025-11-16 11:57:02,283 [ERROR] AppliInfo:139 - Unknown STM32CubeMX version: 6.16.0
2025-11-16 11:57:02,284 [ERROR] AppliInfo:139 - Unknown STM32CubeMX version: 6.16.0
2025-11-16 11:57:02,284 [ERROR] AppliInfo:139 - Unknown STM32CubeMX version: 6.16.0
2025-11-16 11:57:02,284 [ERROR] AppliInfo:139 - Unknown STM32CubeMX version: 6.16.0
2025-11-16 11:57:02,284 [ERROR] AppliInfo:139 - Unknown STM32CubeMX version: 6.16.0
2025-11-16 11:57:02,284 [ERROR] AppliInfo:139 - Unknown STM32CubeMX version: 6.16.0
2025-11-16 11:57:02,285 [ERROR] AppliInfo:139 - Unknown STM32CubeMX version: 6.16.0
2025-11-16 11:57:02,285 [ERROR] AppliInfo:139 - Unknown STM32CubeMX version: 6.16.0
2025-11-16 11:57:02,285 [ERROR] AppliInfo:139 - Unknown STM32CubeMX version: 6.16.0
2025-11-16 11:57:02,285 [ERROR] AppliInfo:139 - Unknown STM32CubeMX version: 6.16.0
2025-11-16 11:57:02,286 [ERROR] AppliInfo:139 - Unknown STM32CubeMX version: 6.16.0
2025-11-16 11:57:02,286 [ERROR] AppliInfo:139 - Unknown STM32CubeMX version: 6.16.0
2025-11-16 11:57:02,287 [ERROR] AppliInfo:139 - Unknown STM32CubeMX version: 6.16.0
2025-11-16 11:57:02,287 [ERROR] AppliInfo:139 - Unknown STM32CubeMX version: 6.16.0
2025-11-16 11:57:02,287 [ERROR] AppliInfo:139 - Unknown STM32CubeMX version: 6.16.0
2025-11-16 11:57:02,287 [ERROR] AppliInfo:139 - Unknown STM32CubeMX version: 6.16.0
2025-11-16 11:57:02,287 [ERROR] AppliInfo:139 - Unknown STM32CubeMX version: 6.16.0
2025-11-16 11:57:02,287 [ERROR] AppliInfo:139 - Unknown STM32CubeMX version: 6.16.0
2025-11-16 11:57:02,287 [ERROR] AppliInfo:139 - Unknown STM32CubeMX version: 6.16.0
2025-11-16 11:57:02,288 [ERROR] AppliInfo:139 - Unknown STM32CubeMX version: 6.16.0
2025-11-16 11:57:02,288 [ERROR] AppliInfo:139 - Unknown STM32CubeMX version: 6.16.0
2025-11-16 11:57:02,288 [ERROR] AppliInfo:139 - Unknown STM32CubeMX version: 6.16.0
2025-11-16 11:57:02,288 [ERROR] AppliInfo:139 - Unknown STM32CubeMX version: 6.16.0
2025-11-16 11:57:02,288 [ERROR] AppliInfo:139 - Unknown STM32CubeMX version: 6.16.0
2025-11-16 11:57:02,288 [ERROR] AppliInfo:139 - Unknown STM32CubeMX version: 6.16.0
2025-11-16 11:57:02,288 [ERROR] AppliInfo:139 - Unknown STM32CubeMX version: 6.16.0
2025-11-16 11:57:02,289 [ERROR] AppliInfo:139 - Unknown STM32CubeMX version: 6.16.0
2025-11-16 11:57:02,289 [ERROR] AppliInfo:139 - Unknown STM32CubeMX version: 6.16.0
2025-11-16 11:57:02,289 [ERROR] AppliInfo:139 - Unknown STM32CubeMX version: 6.16.0
2025-11-16 11:57:02,289 [ERROR] AppliInfo:139 - Unknown STM32CubeMX version: 6.16.0
2025-11-16 11:57:02,289 [ERROR] AppliInfo:139 - Unknown STM32CubeMX version: 6.16.0
2025-11-16 11:57:02,289 [ERROR] AppliInfo:139 - Unknown STM32CubeMX version: 6.16.0
2025-11-16 11:57:02,290 [ERROR] AppliInfo:139 - Unknown STM32CubeMX version: 6.16.0
2025-11-16 11:57:02,290 [ERROR] AppliInfo:139 - Unknown STM32CubeMX version: 6.16.0
2025-11-16 11:57:02,290 [ERROR] AppliInfo:139 - Unknown STM32CubeMX version: 6.16.0
2025-11-16 11:57:02,290 [ERROR] AppliInfo:139 - Unknown STM32CubeMX version: 6.16.0
2025-11-16 11:57:02,290 [ERROR] AppliInfo:139 - Unknown STM32CubeMX version: 6.16.0
2025-11-16 11:57:02,291 [ERROR] AppliInfo:139 - Unknown STM32CubeMX version: 6.16.0
2025-11-16 11:57:02,291 [ERROR] AppliInfo:139 - Unknown STM32CubeMX version: 6.16.0
2025-11-16 11:57:02,292 [ERROR] AppliInfo:139 - Unknown STM32CubeMX version: 6.16.0
2025-11-16 11:57:02,293 [ERROR] AppliInfo:139 - Unknown STM32CubeMX version: 6.16.0
2025-11-16 11:57:02,293 [ERROR] AppliInfo:139 - Unknown STM32CubeMX version: 6.16.0
2025-11-16 11:57:02,293 [ERROR] AppliInfo:139 - Unknown STM32CubeMX version: 6.16.0
2025-11-16 11:57:02,293 [ERROR] AppliInfo:139 - Unknown STM32CubeMX version: 6.16.0
2025-11-16 11:57:02,293 [ERROR] AppliInfo:139 - Unknown STM32CubeMX version: 6.16.0
2025-11-16 11:57:02,293 [ERROR] AppliInfo:139 - Unknown STM32CubeMX version: 6.16.0
2025-11-16 11:57:02,294 [ERROR] AppliInfo:139 - Unknown STM32CubeMX version: 6.16.0
2025-11-16 11:57:02,294 [ERROR] AppliInfo:139 - Unknown STM32CubeMX version: 6.16.0
2025-11-16 11:57:02,294 [ERROR] AppliInfo:139 - Unknown STM32CubeMX version: 6.16.0
2025-11-16 11:57:02,294 [ERROR] AppliInfo:139 - Unknown STM32CubeMX version: 6.16.0
2025-11-16 11:57:02,294 [ERROR] AppliInfo:139 - Unknown STM32CubeMX version: 6.16.0
2025-11-16 11:57:02,294 [ERROR] AppliInfo:139 - Unknown STM32CubeMX version: 6.16.0
2025-11-16 11:57:02,295 [ERROR] AppliInfo:139 - Unknown STM32CubeMX version: 6.16.0
2025-11-16 11:57:02,295 [ERROR] AppliInfo:139 - Unknown STM32CubeMX version: 6.16.0
2025-11-16 11:57:02,295 [ERROR] AppliInfo:139 - Unknown STM32CubeMX version: 6.16.0
2025-11-16 11:57:02,295 [ERROR] AppliInfo:139 - Unknown STM32CubeMX version: 6.16.0
2025-11-16 11:57:02,295 [ERROR] AppliInfo:139 - Unknown STM32CubeMX version: 6.16.0
2025-11-16 11:57:02,295 [ERROR] AppliInfo:139 - Unknown STM32CubeMX version: 6.16.0
2025-11-16 11:57:02,296 [ERROR] AppliInfo:139 - Unknown STM32CubeMX version: 6.16.0
2025-11-16 11:57:02,296 [ERROR] AppliInfo:139 - Unknown STM32CubeMX version: 6.16.0
2025-11-16 11:57:02,296 [ERROR] AppliInfo:139 - Unknown STM32CubeMX version: 6.16.0
2025-11-16 11:57:02,296 [ERROR] AppliInfo:139 - Unknown STM32CubeMX version: 6.16.0
2025-11-16 11:57:02,297 [ERROR] AppliInfo:139 - Unknown STM32CubeMX version: 6.16.0
2025-11-16 11:57:02,297 [ERROR] AppliInfo:139 - Unknown STM32CubeMX version: 6.16.0
2025-11-16 11:57:02,297 [ERROR] AppliInfo:139 - Unknown STM32CubeMX version: 6.16.0
2025-11-16 11:57:02,297 [ERROR] AppliInfo:139 - Unknown STM32CubeMX version: 6.16.0
2025-11-16 11:57:02,297 [ERROR] AppliInfo:139 - Unknown STM32CubeMX version: 6.16.0
2025-11-16 11:57:02,307 [ERROR] AppliInfo:139 - Unknown STM32CubeMX version: 6.16.0
2025-11-16 11:57:02,307 [ERROR] AppliInfo:139 - Unknown STM32CubeMX version: 6.16.0
2025-11-16 11:57:02,307 [ERROR] AppliInfo:139 - Unknown STM32CubeMX version: 6.16.0
2025-11-16 11:57:02,308 [ERROR] AppliInfo:139 - Unknown STM32CubeMX version: 6.16.0
2025-11-16 11:57:02,308 [ERROR] AppliInfo:139 - Unknown STM32CubeMX version: 6.16.0
2025-11-16 11:57:02,308 [ERROR] AppliInfo:139 - Unknown STM32CubeMX version: 6.16.0
2025-11-16 11:57:02,308 [ERROR] AppliInfo:139 - Unknown STM32CubeMX version: 6.16.0
2025-11-16 11:57:02,309 [ERROR] AppliInfo:139 - Unknown STM32CubeMX version: 6.16.0
2025-11-16 11:57:02,309 [ERROR] AppliInfo:139 - Unknown STM32CubeMX version: 6.16.0
2025-11-16 11:57:02,309 [ERROR] AppliInfo:139 - Unknown STM32CubeMX version: 6.16.0
2025-11-16 11:57:02,309 [ERROR] AppliInfo:139 - Unknown STM32CubeMX version: 6.16.0
2025-11-16 11:57:02,309 [ERROR] AppliInfo:139 - Unknown STM32CubeMX version: 6.16.0
2025-11-16 11:57:02,310 [ERROR] AppliInfo:139 - Unknown STM32CubeMX version: 6.16.0
2025-11-16 11:57:02,310 [ERROR] AppliInfo:139 - Unknown STM32CubeMX version: 6.16.0
2025-11-16 11:57:02,311 [ERROR] AppliInfo:139 - Unknown STM32CubeMX version: 6.16.0
2025-11-16 11:57:02,311 [ERROR] AppliInfo:139 - Unknown STM32CubeMX version: 6.16.0
2025-11-16 11:57:02,311 [ERROR] AppliInfo:139 - Unknown STM32CubeMX version: 6.16.0
2025-11-16 11:57:02,311 [ERROR] AppliInfo:139 - Unknown STM32CubeMX version: 6.16.0
2025-11-16 11:57:02,311 [ERROR] AppliInfo:139 - Unknown STM32CubeMX version: 6.16.0
2025-11-16 11:57:02,312 [ERROR] AppliInfo:139 - Unknown STM32CubeMX version: 6.16.0
2025-11-16 11:57:02,312 [ERROR] AppliInfo:139 - Unknown STM32CubeMX version: 6.16.0
2025-11-16 11:57:02,312 [ERROR] AppliInfo:139 - Unknown STM32CubeMX version: 6.16.0
2025-11-16 11:57:02,312 [ERROR] AppliInfo:139 - Unknown STM32CubeMX version: 6.16.0
2025-11-16 11:57:02,312 [ERROR] AppliInfo:139 - Unknown STM32CubeMX version: 6.16.0
2025-11-16 11:57:02,312 [ERROR] AppliInfo:139 - Unknown STM32CubeMX version: 6.16.0
2025-11-16 11:57:02,313 [ERROR] AppliInfo:139 - Unknown STM32CubeMX version: 6.16.0
2025-11-16 11:57:02,313 [ERROR] AppliInfo:139 - Unknown STM32CubeMX version: 6.16.0
2025-11-16 11:57:02,313 [ERROR] AppliInfo:139 - Unknown STM32CubeMX version: 6.16.0
2025-11-16 11:57:02,313 [ERROR] AppliInfo:139 - Unknown STM32CubeMX version: 6.16.0
2025-11-16 11:57:02,313 [ERROR] AppliInfo:139 - Unknown STM32CubeMX version: 6.16.0
2025-11-16 11:57:02,316 [ERROR] AppliInfo:139 - Unknown STM32CubeMX version: 6.16.0
2025-11-16 11:57:02,316 [ERROR] AppliInfo:139 - Unknown STM32CubeMX version: 6.16.0
2025-11-16 11:57:02,316 [ERROR] AppliInfo:139 - Unknown STM32CubeMX version: 6.16.0
2025-11-16 11:57:02,317 [ERROR] AppliInfo:139 - Unknown STM32CubeMX version: 6.16.0
2025-11-16 11:57:02,317 [ERROR] AppliInfo:139 - Unknown STM32CubeMX version: 6.16.0
2025-11-16 11:57:02,317 [ERROR] AppliInfo:139 - Unknown STM32CubeMX version: 6.16.0
2025-11-16 11:57:02,317 [ERROR] AppliInfo:139 - Unknown STM32CubeMX version: 6.16.0
2025-11-16 11:57:02,317 [ERROR] AppliInfo:139 - Unknown STM32CubeMX version: 6.16.0
2025-11-16 11:57:02,317 [ERROR] AppliInfo:139 - Unknown STM32CubeMX version: 6.16.0
2025-11-16 11:57:02,317 [ERROR] AppliInfo:139 - Unknown STM32CubeMX version: 6.16.0
2025-11-16 11:57:02,319 [ERROR] AppliInfo:139 - Unknown STM32CubeMX version: 6.16.0
2025-11-16 11:57:02,320 [ERROR] AppliInfo:139 - Unknown STM32CubeMX version: 6.16.0
2025-11-16 11:57:02,320 [ERROR] AppliInfo:139 - Unknown STM32CubeMX version: 6.16.0
2025-11-16 11:57:02,320 [ERROR] AppliInfo:139 - Unknown STM32CubeMX version: 6.16.0
2025-11-16 11:57:02,320 [ERROR] AppliInfo:139 - Unknown STM32CubeMX version: 6.16.0
2025-11-16 11:57:02,320 [ERROR] AppliInfo:139 - Unknown STM32CubeMX version: 6.16.0
2025-11-16 11:57:02,320 [ERROR] AppliInfo:139 - Unknown STM32CubeMX version: 6.16.0
2025-11-16 11:57:02,320 [ERROR] AppliInfo:139 - Unknown STM32CubeMX version: 6.16.0
2025-11-16 11:57:02,321 [ERROR] AppliInfo:139 - Unknown STM32CubeMX version: 6.16.0
2025-11-16 11:57:02,321 [ERROR] AppliInfo:139 - Unknown STM32CubeMX version: 6.16.0
2025-11-16 11:57:02,321 [ERROR] AppliInfo:139 - Unknown STM32CubeMX version: 6.16.0
2025-11-16 11:57:02,321 [ERROR] AppliInfo:139 - Unknown STM32CubeMX version: 6.16.0
2025-11-16 11:57:02,321 [ERROR] AppliInfo:139 - Unknown STM32CubeMX version: 6.16.0
2025-11-16 11:57:02,321 [ERROR] AppliInfo:139 - Unknown STM32CubeMX version: 6.16.0
2025-11-16 11:57:02,322 [ERROR] AppliInfo:139 - Unknown STM32CubeMX version: 6.16.0
2025-11-16 11:57:02,322 [ERROR] AppliInfo:139 - Unknown STM32CubeMX version: 6.16.0
2025-11-16 11:57:02,322 [ERROR] AppliInfo:139 - Unknown STM32CubeMX version: 6.16.0
2025-11-16 11:57:02,323 [ERROR] AppliInfo:139 - Unknown STM32CubeMX version: 6.16.0
2025-11-16 11:57:02,323 [ERROR] AppliInfo:139 - Unknown STM32CubeMX version: 6.16.0
2025-11-16 11:57:02,323 [ERROR] AppliInfo:139 - Unknown STM32CubeMX version: 6.16.0
2025-11-16 11:57:02,323 [ERROR] AppliInfo:139 - Unknown STM32CubeMX version: 6.16.0
2025-11-16 11:57:02,324 [ERROR] AppliInfo:139 - Unknown STM32CubeMX version: 6.16.0
2025-11-16 11:57:02,324 [ERROR] AppliInfo:139 - Unknown STM32CubeMX version: 6.16.0
2025-11-16 11:57:02,324 [ERROR] AppliInfo:139 - Unknown STM32CubeMX version: 6.16.0
2025-11-16 11:57:02,324 [ERROR] AppliInfo:139 - Unknown STM32CubeMX version: 6.16.0
2025-11-16 11:57:02,325 [ERROR] AppliInfo:139 - Unknown STM32CubeMX version: 6.16.0
2025-11-16 11:57:02,325 [ERROR] AppliInfo:139 - Unknown STM32CubeMX version: 6.16.0
2025-11-16 11:57:02,325 [ERROR] AppliInfo:139 - Unknown STM32CubeMX version: 6.16.0
2025-11-16 11:57:02,325 [ERROR] AppliInfo:139 - Unknown STM32CubeMX version: 6.16.0
2025-11-16 11:57:02,326 [ERROR] AppliInfo:139 - Unknown STM32CubeMX version: 6.16.0
2025-11-16 11:57:02,326 [ERROR] AppliInfo:139 - Unknown STM32CubeMX version: 6.16.0
2025-11-16 11:57:02,326 [ERROR] AppliInfo:139 - Unknown STM32CubeMX version: 6.16.0
2025-11-16 11:57:02,326 [ERROR] AppliInfo:139 - Unknown STM32CubeMX version: 6.16.0
2025-11-16 11:57:02,326 [ERROR] AppliInfo:139 - Unknown STM32CubeMX version: 6.16.0
2025-11-16 11:57:02,326 [ERROR] AppliInfo:139 - Unknown STM32CubeMX version: 6.16.0
2025-11-16 11:57:02,326 [ERROR] AppliInfo:139 - Unknown STM32CubeMX version: 6.16.0
2025-11-16 11:57:02,326 [ERROR] AppliInfo:139 - Unknown STM32CubeMX version: 6.16.0
2025-11-16 11:57:02,327 [ERROR] AppliInfo:139 - Unknown STM32CubeMX version: 6.16.0
2025-11-16 11:57:02,327 [ERROR] AppliInfo:139 - Unknown STM32CubeMX version: 6.16.0
2025-11-16 11:57:02,327 [ERROR] AppliInfo:139 - Unknown STM32CubeMX version: 6.16.0
2025-11-16 11:57:02,327 [ERROR] AppliInfo:139 - Unknown STM32CubeMX version: 6.16.0
2025-11-16 11:57:02,327 [ERROR] AppliInfo:139 - Unknown STM32CubeMX version: 6.16.0
2025-11-16 11:57:02,327 [ERROR] AppliInfo:139 - Unknown STM32CubeMX version: 6.16.0
2025-11-16 11:57:02,328 [ERROR] AppliInfo:139 - Unknown STM32CubeMX version: 6.16.0
2025-11-16 11:57:02,328 [ERROR] AppliInfo:139 - Unknown STM32CubeMX version: 6.16.0
2025-11-16 11:57:02,328 [ERROR] AppliInfo:139 - Unknown STM32CubeMX version: 6.16.0
2025-11-16 11:57:02,346 [ERROR] AppliInfo:139 - Unknown STM32CubeMX version: 6.16.0
2025-11-16 11:57:02,346 [ERROR] AppliInfo:139 - Unknown STM32CubeMX version: 6.16.0
2025-11-16 11:57:02,346 [ERROR] AppliInfo:139 - Unknown STM32CubeMX version: 6.16.0
2025-11-16 11:57:02,346 [ERROR] AppliInfo:139 - Unknown STM32CubeMX version: 6.16.0
2025-11-16 11:57:02,346 [ERROR] AppliInfo:139 - Unknown STM32CubeMX version: 6.16.0
2025-11-16 11:57:02,346 [ERROR] AppliInfo:139 - Unknown STM32CubeMX version: 6.16.0
2025-11-16 11:57:02,347 [ERROR] AppliInfo:139 - Unknown STM32CubeMX version: 6.16.0
2025-11-16 11:57:02,347 [ERROR] AppliInfo:139 - Unknown STM32CubeMX version: 6.16.0
2025-11-16 11:57:02,347 [ERROR] AppliInfo:139 - Unknown STM32CubeMX version: 6.16.0
2025-11-16 11:57:02,347 [ERROR] AppliInfo:139 - Unknown STM32CubeMX version: 6.16.0
2025-11-16 11:57:02,347 [ERROR] AppliInfo:139 - Unknown STM32CubeMX version: 6.16.0
2025-11-16 11:57:02,347 [ERROR] AppliInfo:139 - Unknown STM32CubeMX version: 6.16.0
2025-11-16 11:57:02,347 [ERROR] AppliInfo:139 - Unknown STM32CubeMX version: 6.16.0
2025-11-16 11:57:02,347 [ERROR] AppliInfo:139 - Unknown STM32CubeMX version: 6.16.0
2025-11-16 11:57:02,348 [ERROR] AppliInfo:139 - Unknown STM32CubeMX version: 6.16.0
2025-11-16 11:57:02,348 [ERROR] AppliInfo:139 - Unknown STM32CubeMX version: 6.16.0
2025-11-16 11:57:02,348 [ERROR] AppliInfo:139 - Unknown STM32CubeMX version: 6.16.0
2025-11-16 11:57:02,348 [ERROR] AppliInfo:139 - Unknown STM32CubeMX version: 6.16.0
2025-11-16 11:57:02,348 [ERROR] AppliInfo:139 - Unknown STM32CubeMX version: 6.16.0
2025-11-16 11:57:02,366 [ERROR] AppliInfo:139 - Unknown STM32CubeMX version: 6.16.0
2025-11-16 11:57:02,366 [ERROR] AppliInfo:139 - Unknown STM32CubeMX version: 6.16.0
2025-11-16 11:57:02,366 [ERROR] AppliInfo:139 - Unknown STM32CubeMX version: 6.16.0
2025-11-16 11:57:02,366 [ERROR] AppliInfo:139 - Unknown STM32CubeMX version: 6.16.0
2025-11-16 11:57:02,366 [ERROR] AppliInfo:139 - Unknown STM32CubeMX version: 6.16.0
2025-11-16 11:57:02,366 [ERROR] AppliInfo:139 - Unknown STM32CubeMX version: 6.16.0
2025-11-16 11:57:02,367 [ERROR] AppliInfo:139 - Unknown STM32CubeMX version: 6.16.0
2025-11-16 11:57:02,367 [ERROR] AppliInfo:139 - Unknown STM32CubeMX version: 6.16.0
2025-11-16 11:57:02,367 [ERROR] AppliInfo:139 - Unknown STM32CubeMX version: 6.16.0
2025-11-16 11:57:02,367 [ERROR] AppliInfo:139 - Unknown STM32CubeMX version: 6.16.0
2025-11-16 11:57:02,367 [ERROR] AppliInfo:139 - Unknown STM32CubeMX version: 6.16.0
2025-11-16 11:57:02,367 [ERROR] AppliInfo:139 - Unknown STM32CubeMX version: 6.16.0
2025-11-16 11:57:02,368 [ERROR] AppliInfo:139 - Unknown STM32CubeMX version: 6.16.0
2025-11-16 11:57:02,368 [ERROR] AppliInfo:139 - Unknown STM32CubeMX version: 6.16.0
2025-11-16 11:57:02,368 [ERROR] AppliInfo:139 - Unknown STM32CubeMX version: 6.16.0
2025-11-16 11:57:02,368 [ERROR] AppliInfo:139 - Unknown STM32CubeMX version: 6.16.0
2025-11-16 11:57:02,368 [ERROR] AppliInfo:139 - Unknown STM32CubeMX version: 6.16.0
2025-11-16 11:57:02,368 [ERROR] AppliInfo:139 - Unknown STM32CubeMX version: 6.16.0
2025-11-16 11:57:02,369 [ERROR] AppliInfo:139 - Unknown STM32CubeMX version: 6.16.0
2025-11-16 11:57:02,369 [ERROR] AppliInfo:139 - Unknown STM32CubeMX version: 6.16.0
2025-11-16 11:57:02,369 [ERROR] AppliInfo:139 - Unknown STM32CubeMX version: 6.16.0
2025-11-16 11:57:02,376 [ERROR] AppliInfo:139 - Unknown STM32CubeMX version: 6.16.0
2025-11-16 11:57:02,377 [ERROR] AppliInfo:139 - Unknown STM32CubeMX version: 6.16.0
2025-11-16 11:57:02,377 [ERROR] AppliInfo:139 - Unknown STM32CubeMX version: 6.16.0
2025-11-16 11:57:02,384 [ERROR] AppliInfo:139 - Unknown STM32CubeMX version: 6.16.0
2025-11-16 11:57:02,385 [ERROR] AppliInfo:139 - Unknown STM32CubeMX version: 6.16.0
2025-11-16 11:57:02,385 [ERROR] AppliInfo:139 - Unknown STM32CubeMX version: 6.16.0
2025-11-16 11:57:02,385 [ERROR] AppliInfo:139 - Unknown STM32CubeMX version: 6.16.0
2025-11-16 11:57:02,385 [ERROR] AppliInfo:139 - Unknown STM32CubeMX version: 6.16.0
2025-11-16 11:57:02,385 [ERROR] AppliInfo:139 - Unknown STM32CubeMX version: 6.16.0
2025-11-16 11:57:02,385 [ERROR] AppliInfo:139 - Unknown STM32CubeMX version: 6.16.0
2025-11-16 11:57:02,385 [ERROR] AppliInfo:139 - Unknown STM32CubeMX version: 6.16.0
2025-11-16 11:57:02,386 [ERROR] AppliInfo:139 - Unknown STM32CubeMX version: 6.16.0
2025-11-16 11:57:02,386 [ERROR] AppliInfo:139 - Unknown STM32CubeMX version: 6.16.0
2025-11-16 11:57:02,386 [ERROR] AppliInfo:139 - Unknown STM32CubeMX version: 6.16.0
2025-11-16 11:57:02,386 [ERROR] AppliInfo:139 - Unknown STM32CubeMX version: 6.16.0
2025-11-16 11:57:02,387 [ERROR] AppliInfo:139 - Unknown STM32CubeMX version: 6.16.0
2025-11-16 11:57:02,387 [ERROR] AppliInfo:139 - Unknown STM32CubeMX version: 6.16.0
2025-11-16 11:57:02,387 [ERROR] AppliInfo:139 - Unknown STM32CubeMX version: 6.16.0
2025-11-16 11:57:02,387 [ERROR] AppliInfo:139 - Unknown STM32CubeMX version: 6.16.0
2025-11-16 11:57:02,387 [ERROR] AppliInfo:139 - Unknown STM32CubeMX version: 6.16.0
2025-11-16 11:57:02,387 [ERROR] AppliInfo:139 - Unknown STM32CubeMX version: 6.16.0
2025-11-16 11:57:02,387 [ERROR] AppliInfo:139 - Unknown STM32CubeMX version: 6.16.0
2025-11-16 11:57:02,388 [ERROR] AppliInfo:139 - Unknown STM32CubeMX version: 6.16.0
2025-11-16 11:57:02,388 [ERROR] AppliInfo:139 - Unknown STM32CubeMX version: 6.16.0
2025-11-16 11:57:02,388 [ERROR] AppliInfo:139 - Unknown STM32CubeMX version: 6.16.0
2025-11-16 11:57:02,388 [ERROR] AppliInfo:139 - Unknown STM32CubeMX version: 6.16.0
2025-11-16 11:57:02,388 [ERROR] AppliInfo:139 - Unknown STM32CubeMX version: 6.16.0
2025-11-16 11:57:02,388 [ERROR] AppliInfo:139 - Unknown STM32CubeMX version: 6.16.0
2025-11-16 11:57:02,389 [ERROR] AppliInfo:139 - Unknown STM32CubeMX version: 6.16.0
2025-11-16 11:57:02,389 [ERROR] AppliInfo:139 - Unknown STM32CubeMX version: 6.16.0
2025-11-16 11:57:02,389 [ERROR] AppliInfo:139 - Unknown STM32CubeMX version: 6.16.0
2025-11-16 11:57:02,389 [ERROR] AppliInfo:139 - Unknown STM32CubeMX version: 6.16.0
2025-11-16 11:57:02,389 [ERROR] AppliInfo:139 - Unknown STM32CubeMX version: 6.16.0
2025-11-16 11:57:02,389 [ERROR] AppliInfo:139 - Unknown STM32CubeMX version: 6.16.0
2025-11-16 11:57:02,389 [ERROR] AppliInfo:139 - Unknown STM32CubeMX version: 6.16.0
2025-11-16 11:57:02,389 [ERROR] AppliInfo:139 - Unknown STM32CubeMX version: 6.16.0
2025-11-16 11:57:02,390 [ERROR] AppliInfo:139 - Unknown STM32CubeMX version: 6.16.0
2025-11-16 11:57:02,390 [ERROR] AppliInfo:139 - Unknown STM32CubeMX version: 6.16.0
2025-11-16 11:57:02,390 [ERROR] AppliInfo:139 - Unknown STM32CubeMX version: 6.16.0
2025-11-16 11:57:02,390 [ERROR] AppliInfo:139 - Unknown STM32CubeMX version: 6.16.0
2025-11-16 11:57:02,390 [ERROR] AppliInfo:139 - Unknown STM32CubeMX version: 6.16.0
2025-11-16 11:57:02,390 [ERROR] AppliInfo:139 - Unknown STM32CubeMX version: 6.16.0
2025-11-16 11:57:02,390 [ERROR] AppliInfo:139 - Unknown STM32CubeMX version: 6.16.0
2025-11-16 11:57:02,390 [ERROR] AppliInfo:139 - Unknown STM32CubeMX version: 6.16.0
2025-11-16 11:57:02,391 [ERROR] AppliInfo:139 - Unknown STM32CubeMX version: 6.16.0
2025-11-16 11:57:02,391 [ERROR] AppliInfo:139 - Unknown STM32CubeMX version: 6.16.0
2025-11-16 11:57:02,391 [ERROR] AppliInfo:139 - Unknown STM32CubeMX version: 6.16.0
2025-11-16 11:57:02,391 [ERROR] AppliInfo:139 - Unknown STM32CubeMX version: 6.16.0
2025-11-16 11:57:02,391 [ERROR] AppliInfo:139 - Unknown STM32CubeMX version: 6.16.0
2025-11-16 11:57:02,391 [ERROR] AppliInfo:139 - Unknown STM32CubeMX version: 6.16.0
2025-11-16 11:57:02,391 [ERROR] AppliInfo:139 - Unknown STM32CubeMX version: 6.16.0
2025-11-16 11:57:02,392 [ERROR] AppliInfo:139 - Unknown STM32CubeMX version: 6.16.0
2025-11-16 11:57:02,392 [ERROR] AppliInfo:139 - Unknown STM32CubeMX version: 6.16.0
2025-11-16 11:57:02,392 [ERROR] AppliInfo:139 - Unknown STM32CubeMX version: 6.16.0
2025-11-16 11:57:02,392 [ERROR] AppliInfo:139 - Unknown STM32CubeMX version: 6.16.0
2025-11-16 11:57:02,392 [ERROR] AppliInfo:139 - Unknown STM32CubeMX version: 6.16.0
2025-11-16 11:57:02,392 [ERROR] AppliInfo:139 - Unknown STM32CubeMX version: 6.16.0
2025-11-16 11:57:02,392 [ERROR] AppliInfo:139 - Unknown STM32CubeMX version: 6.16.0
2025-11-16 11:57:02,393 [ERROR] AppliInfo:139 - Unknown STM32CubeMX version: 6.16.0
2025-11-16 11:57:02,393 [ERROR] AppliInfo:139 - Unknown STM32CubeMX version: 6.16.0
2025-11-16 11:57:02,393 [ERROR] AppliInfo:139 - Unknown STM32CubeMX version: 6.16.0
2025-11-16 11:57:02,393 [ERROR] AppliInfo:139 - Unknown STM32CubeMX version: 6.16.0
2025-11-16 11:57:02,394 [ERROR] AppliInfo:139 - Unknown STM32CubeMX version: 6.16.0
2025-11-16 11:57:03,259 [ERROR] LogOutputStream:75 - [STDERR_REDIRECT] [Fatal Error] :1:1: Premature end of file.
2025-11-16 11:57:03,259 [ERROR] LogOutputStream:75 - [STDERR_REDIRECT] 
2025-11-16 11:57:04,261 [ERROR] LogOutputStream:75 - [STDERR_REDIRECT] [Fatal Error] :1:1: Premature end of file.
2025-11-16 11:57:04,261 [ERROR] LogOutputStream:75 - [STDERR_REDIRECT] 
2025-11-16 11:57:05,260 [ERROR] LogOutputStream:75 - [STDERR_REDIRECT] [Fatal Error] :1:1: Premature end of file.
2025-11-16 11:57:05,260 [ERROR] LogOutputStream:75 - [STDERR_REDIRECT] 
2025-11-16 11:57:06,257 [ERROR] LogOutputStream:75 - [STDERR_REDIRECT] [Fatal Error] :1:1: Premature end of file.
2025-11-16 11:57:06,257 [ERROR] LogOutputStream:75 - [STDERR_REDIRECT] 
2025-11-16 11:57:07,257 [ERROR] LogOutputStream:75 - [STDERR_REDIRECT] [Fatal Error] :1:1: Premature end of file.
2025-11-16 11:57:07,257 [ERROR] LogOutputStream:75 - [STDERR_REDIRECT] 
2025-11-16 11:57:08,259 [ERROR] LogOutputStream:75 - [STDERR_REDIRECT] [Fatal Error] :1:1: Premature end of file.
2025-11-16 11:57:08,259 [ERROR] LogOutputStream:75 - [STDERR_REDIRECT] 
2025-11-16 11:57:09,257 [ERROR] LogOutputStream:75 - [STDERR_REDIRECT] [Fatal Error] :1:1: Premature end of file.
2025-11-16 11:57:09,258 [ERROR] LogOutputStream:75 - [STDERR_REDIRECT] 
2025-11-16 11:57:10,258 [ERROR] LogOutputStream:75 - [STDERR_REDIRECT] [Fatal Error] :1:1: Premature end of file.
2025-11-16 11:57:10,259 [ERROR] LogOutputStream:75 - [STDERR_REDIRECT] 
2025-11-16 11:57:11,259 [ERROR] LogOutputStream:75 - [STDERR_REDIRECT] [Fatal Error] :1:1: Premature end of file.
2025-11-16 11:57:11,259 [ERROR] LogOutputStream:75 - [STDERR_REDIRECT] 
2025-11-16 11:57:12,257 [ERROR] LogOutputStream:75 - [STDERR_REDIRECT] [Fatal Error] :1:1: Premature end of file.
2025-11-16 11:57:12,257 [ERROR] LogOutputStream:75 - [STDERR_REDIRECT] 
2025-11-16 11:57:13,257 [ERROR] LogOutputStream:75 - [STDERR_REDIRECT] [Fatal Error] :1:1: Premature end of file.
2025-11-16 11:57:13,258 [ERROR] LogOutputStream:75 - [STDERR_REDIRECT] 
2025-11-16 11:57:14,259 [ERROR] LogOutputStream:75 - [STDERR_REDIRECT] [Fatal Error] :1:1: Premature end of file.
2025-11-16 11:57:14,259 [ERROR] LogOutputStream:75 - [STDERR_REDIRECT] 
2025-11-16 11:57:15,258 [ERROR] LogOutputStream:75 - [STDERR_REDIRECT] [Fatal Error] :1:1: Premature end of file.
2025-11-16 11:57:15,258 [ERROR] LogOutputStream:75 - [STDERR_REDIRECT] 
2025-11-16 11:57:16,258 [ERROR] LogOutputStream:75 - [STDERR_REDIRECT] [Fatal Error] :1:1: Premature end of file.
2025-11-16 11:57:16,258 [ERROR] LogOutputStream:75 - [STDERR_REDIRECT] 
2025-11-16 11:57:16,618 [INFO] SoftwarePacks:190 - Size of SW pack 'X-CUBE-TOF1_V3.4.3' is: 24.54 MB
2025-11-16 11:57:17,262 [ERROR] LogOutputStream:75 - [STDERR_REDIRECT] [Fatal Error] :1:1: Premature end of file.
2025-11-16 11:57:17,262 [ERROR] LogOutputStream:75 - [STDERR_REDIRECT] 
2025-11-16 11:57:18,297 [ERROR] LogOutputStream:75 - [STDERR_REDIRECT] [Fatal Error] :1:1: Premature end of file.
2025-11-16 11:57:18,297 [ERROR] LogOutputStream:75 - [STDERR_REDIRECT] 
2025-11-16 11:57:19,259 [ERROR] LogOutputStream:75 - [STDERR_REDIRECT] [Fatal Error] :1:1: Premature end of file.
2025-11-16 11:57:19,259 [ERROR] LogOutputStream:75 - [STDERR_REDIRECT] 
2025-11-16 11:57:20,271 [ERROR] LogOutputStream:75 - [STDERR_REDIRECT] [Fatal Error] :1:1: Premature end of file.
2025-11-16 11:57:20,271 [ERROR] LogOutputStream:75 - [STDERR_REDIRECT] 
2025-11-16 11:57:21,258 [ERROR] LogOutputStream:75 - [STDERR_REDIRECT] [Fatal Error] :1:1: Premature end of file.
2025-11-16 11:57:21,258 [ERROR] LogOutputStream:75 - [STDERR_REDIRECT] 
2025-11-16 11:57:22,268 [ERROR] LogOutputStream:75 - [STDERR_REDIRECT] [Fatal Error] :1:1: Premature end of file.
2025-11-16 11:57:22,268 [ERROR] LogOutputStream:75 - [STDERR_REDIRECT] 
2025-11-16 11:57:23,297 [ERROR] LogOutputStream:75 - [STDERR_REDIRECT] [Fatal Error] :1:1: Premature end of file.
2025-11-16 11:57:23,297 [ERROR] LogOutputStream:75 - [STDERR_REDIRECT] 
2025-11-16 11:57:24,292 [ERROR] LogOutputStream:75 - [STDERR_REDIRECT] [Fatal Error] :1:1: Premature end of file.
2025-11-16 11:57:24,294 [ERROR] LogOutputStream:75 - [STDERR_REDIRECT] 
2025-11-16 11:57:25,257 [ERROR] LogOutputStream:75 - [STDERR_REDIRECT] [Fatal Error] :1:1: Premature end of file.
2025-11-16 11:57:25,257 [ERROR] LogOutputStream:75 - [STDERR_REDIRECT] 
2025-11-16 11:57:26,260 [ERROR] LogOutputStream:75 - [STDERR_REDIRECT] [Fatal Error] :1:1: Premature end of file.
2025-11-16 11:57:26,260 [ERROR] LogOutputStream:75 - [STDERR_REDIRECT] 
2025-11-16 11:57:27,257 [ERROR] LogOutputStream:75 - [STDERR_REDIRECT] [Fatal Error] :1:1: Premature end of file.
2025-11-16 11:57:27,257 [ERROR] LogOutputStream:75 - [STDERR_REDIRECT] 
2025-11-16 11:57:28,260 [ERROR] LogOutputStream:75 - [STDERR_REDIRECT] [Fatal Error] :1:1: Premature end of file.
2025-11-16 11:57:28,260 [ERROR] LogOutputStream:75 - [STDERR_REDIRECT] 
2025-11-16 11:57:29,260 [ERROR] LogOutputStream:75 - [STDERR_REDIRECT] [Fatal Error] :1:1: Premature end of file.
2025-11-16 11:57:29,260 [ERROR] LogOutputStream:75 - [STDERR_REDIRECT] 
2025-11-16 11:57:30,262 [ERROR] LogOutputStream:75 - [STDERR_REDIRECT] [Fatal Error] :1:1: Premature end of file.
2025-11-16 11:57:30,262 [ERROR] LogOutputStream:75 - [STDERR_REDIRECT] 
2025-11-16 11:57:31,259 [ERROR] LogOutputStream:75 - [STDERR_REDIRECT] [Fatal Error] :1:1: Premature end of file.
2025-11-16 11:57:31,259 [ERROR] LogOutputStream:75 - [STDERR_REDIRECT] 
2025-11-16 11:57:31,678 [ERROR] AppliInfo:139 - Unknown STM32CubeMX version: 6.16.0
2025-11-16 11:57:31,678 [ERROR] AppliInfo:139 - Unknown STM32CubeMX version: 6.16.0
2025-11-16 11:57:31,679 [ERROR] AppliInfo:139 - Unknown STM32CubeMX version: 6.16.0
2025-11-16 11:57:31,697 [ERROR] AppliInfo:139 - Unknown STM32CubeMX version: 6.16.0
2025-11-16 11:57:31,822 [ERROR] AppliInfo:139 - Unknown STM32CubeMX version: 6.16.0
2025-11-16 11:57:31,824 [ERROR] AppliInfo:139 - Unknown STM32CubeMX version: 6.16.0
2025-11-16 11:57:31,852 [ERROR] AppliInfo:139 - Unknown STM32CubeMX version: 6.16.0
2025-11-16 11:57:31,853 [ERROR] AppliInfo:139 - Unknown STM32CubeMX version: 6.16.0
2025-11-16 11:57:31,853 [ERROR] AppliInfo:139 - Unknown STM32CubeMX version: 6.16.0
2025-11-16 11:57:31,853 [ERROR] AppliInfo:139 - Unknown STM32CubeMX version: 6.16.0
2025-11-16 11:57:31,853 [ERROR] AppliInfo:139 - Unknown STM32CubeMX version: 6.16.0
2025-11-16 11:57:31,853 [ERROR] AppliInfo:139 - Unknown STM32CubeMX version: 6.16.0
2025-11-16 11:57:31,853 [ERROR] AppliInfo:139 - Unknown STM32CubeMX version: 6.16.0
2025-11-16 11:57:31,853 [ERROR] AppliInfo:139 - Unknown STM32CubeMX version: 6.16.0
2025-11-16 11:57:31,854 [ERROR] AppliInfo:139 - Unknown STM32CubeMX version: 6.16.0
2025-11-16 11:57:31,854 [ERROR] AppliInfo:139 - Unknown STM32CubeMX version: 6.16.0
2025-11-16 11:57:31,854 [ERROR] AppliInfo:139 - Unknown STM32CubeMX version: 6.16.0
2025-11-16 11:57:31,855 [ERROR] AppliInfo:139 - Unknown STM32CubeMX version: 6.16.0
2025-11-16 11:57:31,855 [ERROR] AppliInfo:139 - Unknown STM32CubeMX version: 6.16.0
2025-11-16 11:57:31,855 [ERROR] AppliInfo:139 - Unknown STM32CubeMX version: 6.16.0
2025-11-16 11:57:31,855 [ERROR] AppliInfo:139 - Unknown STM32CubeMX version: 6.16.0
2025-11-16 11:57:31,856 [ERROR] AppliInfo:139 - Unknown STM32CubeMX version: 6.16.0
2025-11-16 11:57:31,856 [ERROR] AppliInfo:139 - Unknown STM32CubeMX version: 6.16.0
2025-11-16 11:57:31,856 [ERROR] AppliInfo:139 - Unknown STM32CubeMX version: 6.16.0
2025-11-16 11:57:31,856 [ERROR] AppliInfo:139 - Unknown STM32CubeMX version: 6.16.0
2025-11-16 11:57:31,856 [ERROR] AppliInfo:139 - Unknown STM32CubeMX version: 6.16.0
2025-11-16 11:57:31,857 [ERROR] AppliInfo:139 - Unknown STM32CubeMX version: 6.16.0
2025-11-16 11:57:31,857 [ERROR] AppliInfo:139 - Unknown STM32CubeMX version: 6.16.0
2025-11-16 11:57:31,857 [ERROR] AppliInfo:139 - Unknown STM32CubeMX version: 6.16.0
2025-11-16 11:57:31,857 [ERROR] AppliInfo:139 - Unknown STM32CubeMX version: 6.16.0
2025-11-16 11:57:31,857 [ERROR] AppliInfo:139 - Unknown STM32CubeMX version: 6.16.0
2025-11-16 11:57:31,904 [ERROR] AppliInfo:139 - Unknown STM32CubeMX version: 6.16.0
2025-11-16 11:57:31,916 [ERROR] AppliInfo:139 - Unknown STM32CubeMX version: 6.12.1
2025-11-16 11:57:31,917 [ERROR] AppliInfo:139 - Unknown STM32CubeMX version: 6.16.0
2025-11-16 11:57:31,917 [ERROR] AppliInfo:139 - Unknown STM32CubeMX version: 6.16.0
2025-11-16 11:57:31,917 [ERROR] AppliInfo:139 - Unknown STM32CubeMX version: 6.16.0
2025-11-16 11:57:31,917 [ERROR] AppliInfo:139 - Unknown STM32CubeMX version: 6.16.0
2025-11-16 11:57:31,917 [ERROR] AppliInfo:139 - Unknown STM32CubeMX version: 6.16.0
2025-11-16 11:57:31,917 [ERROR] AppliInfo:139 - Unknown STM32CubeMX version: 6.16.0
2025-11-16 11:57:31,917 [ERROR] AppliInfo:139 - Unknown STM32CubeMX version: 6.16.0
2025-11-16 11:57:31,917 [ERROR] AppliInfo:139 - Unknown STM32CubeMX version: 6.16.0
2025-11-16 11:57:31,917 [ERROR] AppliInfo:139 - Unknown STM32CubeMX version: 6.16.0
2025-11-16 11:57:31,918 [ERROR] AppliInfo:139 - Unknown STM32CubeMX version: 6.16.0
2025-11-16 11:57:31,919 [ERROR] AppliInfo:139 - Unknown STM32CubeMX version: 6.16.0
2025-11-16 11:57:31,919 [ERROR] AppliInfo:139 - Unknown STM32CubeMX version: 6.16.0
2025-11-16 11:57:31,919 [ERROR] AppliInfo:139 - Unknown STM32CubeMX version: 6.16.0
2025-11-16 11:57:31,919 [ERROR] AppliInfo:139 - Unknown STM32CubeMX version: 6.16.0
2025-11-16 11:57:31,919 [ERROR] AppliInfo:139 - Unknown STM32CubeMX version: 6.16.0
2025-11-16 11:57:31,919 [ERROR] AppliInfo:139 - Unknown STM32CubeMX version: 6.16.0
2025-11-16 11:57:31,919 [ERROR] AppliInfo:139 - Unknown STM32CubeMX version: 6.16.0
2025-11-16 11:57:31,919 [ERROR] AppliInfo:139 - Unknown STM32CubeMX version: 6.16.0
2025-11-16 11:57:31,919 [ERROR] AppliInfo:139 - Unknown STM32CubeMX version: 6.16.0
2025-11-16 11:57:31,920 [ERROR] AppliInfo:139 - Unknown STM32CubeMX version: 6.16.0
2025-11-16 11:57:31,920 [ERROR] AppliInfo:139 - Unknown STM32CubeMX version: 6.16.0
2025-11-16 11:57:31,921 [ERROR] AppliInfo:139 - Unknown STM32CubeMX version: 6.16.0
2025-11-16 11:57:31,921 [ERROR] AppliInfo:139 - Unknown STM32CubeMX version: 6.16.0
2025-11-16 11:57:31,921 [ERROR] AppliInfo:139 - Unknown STM32CubeMX version: 6.16.0
2025-11-16 11:57:31,921 [ERROR] AppliInfo:139 - Unknown STM32CubeMX version: 6.16.0
2025-11-16 11:57:31,921 [ERROR] AppliInfo:139 - Unknown STM32CubeMX version: 6.16.0
2025-11-16 11:57:31,921 [ERROR] AppliInfo:139 - Unknown STM32CubeMX version: 6.16.0
2025-11-16 11:57:31,921 [ERROR] AppliInfo:139 - Unknown STM32CubeMX version: 6.16.0
2025-11-16 11:57:31,921 [ERROR] AppliInfo:139 - Unknown STM32CubeMX version: 6.16.0
2025-11-16 11:57:31,923 [ERROR] AppliInfo:139 - Unknown STM32CubeMX version: 6.16.0
2025-11-16 11:57:31,923 [ERROR] AppliInfo:139 - Unknown STM32CubeMX version: 6.16.0
2025-11-16 11:57:31,923 [ERROR] AppliInfo:139 - Unknown STM32CubeMX version: 6.16.0
2025-11-16 11:57:31,923 [ERROR] AppliInfo:139 - Unknown STM32CubeMX version: 6.16.0
2025-11-16 11:57:31,923 [ERROR] AppliInfo:139 - Unknown STM32CubeMX version: 6.16.0
2025-11-16 11:57:31,924 [ERROR] AppliInfo:139 - Unknown STM32CubeMX version: 6.16.0
2025-11-16 11:57:31,924 [ERROR] AppliInfo:139 - Unknown STM32CubeMX version: 6.16.0
2025-11-16 11:57:31,925 [ERROR] AppliInfo:139 - Unknown STM32CubeMX version: 6.16.0
2025-11-16 11:57:31,925 [ERROR] AppliInfo:139 - Unknown STM32CubeMX version: 6.16.0
2025-11-16 11:57:31,925 [ERROR] AppliInfo:139 - Unknown STM32CubeMX version: 6.16.0
2025-11-16 11:57:31,925 [ERROR] AppliInfo:139 - Unknown STM32CubeMX version: 6.16.0
2025-11-16 11:57:31,926 [ERROR] AppliInfo:139 - Unknown STM32CubeMX version: 6.16.0
2025-11-16 11:57:31,926 [ERROR] AppliInfo:139 - Unknown STM32CubeMX version: 6.16.0
2025-11-16 11:57:31,926 [ERROR] AppliInfo:139 - Unknown STM32CubeMX version: 6.16.0
2025-11-16 11:57:31,926 [ERROR] AppliInfo:139 - Unknown STM32CubeMX version: 6.16.0
2025-11-16 11:57:31,926 [ERROR] AppliInfo:139 - Unknown STM32CubeMX version: 6.16.0
2025-11-16 11:57:31,926 [ERROR] AppliInfo:139 - Unknown STM32CubeMX version: 6.16.0
2025-11-16 11:57:31,926 [ERROR] AppliInfo:139 - Unknown STM32CubeMX version: 6.16.0
2025-11-16 11:57:31,927 [ERROR] AppliInfo:139 - Unknown STM32CubeMX version: 6.16.0
2025-11-16 11:57:31,927 [ERROR] AppliInfo:139 - Unknown STM32CubeMX version: 6.16.0
2025-11-16 11:57:31,927 [ERROR] AppliInfo:139 - Unknown STM32CubeMX version: 6.16.0
2025-11-16 11:57:31,927 [ERROR] AppliInfo:139 - Unknown STM32CubeMX version: 6.16.0
2025-11-16 11:57:31,927 [ERROR] AppliInfo:139 - Unknown STM32CubeMX version: 6.16.0
2025-11-16 11:57:31,927 [ERROR] AppliInfo:139 - Unknown STM32CubeMX version: 6.16.0
2025-11-16 11:57:31,927 [ERROR] AppliInfo:139 - Unknown STM32CubeMX version: 6.16.0
2025-11-16 11:57:31,927 [ERROR] AppliInfo:139 - Unknown STM32CubeMX version: 6.16.0
2025-11-16 11:57:31,927 [ERROR] AppliInfo:139 - Unknown STM32CubeMX version: 6.16.0
2025-11-16 11:57:31,928 [ERROR] AppliInfo:139 - Unknown STM32CubeMX version: 6.16.0
2025-11-16 11:57:31,928 [ERROR] AppliInfo:139 - Unknown STM32CubeMX version: 6.16.0
2025-11-16 11:57:31,928 [ERROR] AppliInfo:139 - Unknown STM32CubeMX version: 6.16.0
2025-11-16 11:57:31,928 [ERROR] AppliInfo:139 - Unknown STM32CubeMX version: 6.16.0
2025-11-16 11:57:31,928 [ERROR] AppliInfo:139 - Unknown STM32CubeMX version: 6.16.0
2025-11-16 11:57:31,928 [ERROR] AppliInfo:139 - Unknown STM32CubeMX version: 6.16.0
2025-11-16 11:57:31,928 [ERROR] AppliInfo:139 - Unknown STM32CubeMX version: 6.16.0
2025-11-16 11:57:31,928 [ERROR] AppliInfo:139 - Unknown STM32CubeMX version: 6.16.0
2025-11-16 11:57:31,929 [ERROR] AppliInfo:139 - Unknown STM32CubeMX version: 6.16.0
2025-11-16 11:57:31,929 [ERROR] AppliInfo:139 - Unknown STM32CubeMX version: 6.16.0
2025-11-16 11:57:31,929 [ERROR] AppliInfo:139 - Unknown STM32CubeMX version: 6.16.0
2025-11-16 11:57:31,929 [ERROR] AppliInfo:139 - Unknown STM32CubeMX version: 6.16.0
2025-11-16 11:57:31,929 [ERROR] AppliInfo:139 - Unknown STM32CubeMX version: 6.16.0
2025-11-16 11:57:31,929 [ERROR] AppliInfo:139 - Unknown STM32CubeMX version: 6.16.0
2025-11-16 11:57:31,929 [ERROR] AppliInfo:139 - Unknown STM32CubeMX version: 6.16.0
2025-11-16 11:57:31,931 [ERROR] AppliInfo:139 - Unknown STM32CubeMX version: 6.16.0
2025-11-16 11:57:31,931 [ERROR] AppliInfo:139 - Unknown STM32CubeMX version: 6.16.0
2025-11-16 11:57:31,931 [ERROR] AppliInfo:139 - Unknown STM32CubeMX version: 6.16.0
2025-11-16 11:57:31,932 [ERROR] AppliInfo:139 - Unknown STM32CubeMX version: 6.16.0
2025-11-16 11:57:31,933 [ERROR] AppliInfo:139 - Unknown STM32CubeMX version: 6.16.0
2025-11-16 11:57:31,937 [ERROR] AppliInfo:139 - Unknown STM32CubeMX version: 6.16.0
2025-11-16 11:57:31,937 [ERROR] AppliInfo:139 - Unknown STM32CubeMX version: 6.16.0
2025-11-16 11:57:31,937 [ERROR] AppliInfo:139 - Unknown STM32CubeMX version: 6.16.0
2025-11-16 11:57:31,937 [ERROR] AppliInfo:139 - Unknown STM32CubeMX version: 6.16.0
2025-11-16 11:57:31,938 [ERROR] AppliInfo:139 - Unknown STM32CubeMX version: 6.16.0
2025-11-16 11:57:31,938 [ERROR] AppliInfo:139 - Unknown STM32CubeMX version: 6.16.0
2025-11-16 11:57:31,938 [ERROR] AppliInfo:139 - Unknown STM32CubeMX version: 6.16.0
2025-11-16 11:57:31,938 [ERROR] AppliInfo:139 - Unknown STM32CubeMX version: 6.16.0
2025-11-16 11:57:31,938 [ERROR] AppliInfo:139 - Unknown STM32CubeMX version: 6.16.0
2025-11-16 11:57:31,939 [ERROR] AppliInfo:139 - Unknown STM32CubeMX version: 6.16.0
2025-11-16 11:57:31,939 [ERROR] AppliInfo:139 - Unknown STM32CubeMX version: 6.16.0
2025-11-16 11:57:31,939 [ERROR] AppliInfo:139 - Unknown STM32CubeMX version: 6.16.0
2025-11-16 11:57:31,939 [ERROR] AppliInfo:139 - Unknown STM32CubeMX version: 6.16.0
2025-11-16 11:57:31,939 [ERROR] AppliInfo:139 - Unknown STM32CubeMX version: 6.16.0
2025-11-16 11:57:31,939 [ERROR] AppliInfo:139 - Unknown STM32CubeMX version: 6.16.0
2025-11-16 11:57:31,939 [ERROR] AppliInfo:139 - Unknown STM32CubeMX version: 6.16.0
2025-11-16 11:57:31,939 [ERROR] AppliInfo:139 - Unknown STM32CubeMX version: 6.16.0
2025-11-16 11:57:31,939 [ERROR] AppliInfo:139 - Unknown STM32CubeMX version: 6.16.0
2025-11-16 11:57:31,939 [ERROR] AppliInfo:139 - Unknown STM32CubeMX version: 6.16.0
2025-11-16 11:57:31,940 [ERROR] AppliInfo:139 - Unknown STM32CubeMX version: 6.16.0
2025-11-16 11:57:31,940 [ERROR] AppliInfo:139 - Unknown STM32CubeMX version: 6.16.0
2025-11-16 11:57:31,940 [ERROR] AppliInfo:139 - Unknown STM32CubeMX version: 6.16.0
2025-11-16 11:57:31,940 [ERROR] AppliInfo:139 - Unknown STM32CubeMX version: 6.16.0
2025-11-16 11:57:31,940 [ERROR] AppliInfo:139 - Unknown STM32CubeMX version: 6.16.0
2025-11-16 11:57:31,940 [ERROR] AppliInfo:139 - Unknown STM32CubeMX version: 6.16.0
2025-11-16 11:57:31,940 [ERROR] AppliInfo:139 - Unknown STM32CubeMX version: 6.16.0
2025-11-16 11:57:31,940 [ERROR] AppliInfo:139 - Unknown STM32CubeMX version: 6.16.0
2025-11-16 11:57:31,940 [ERROR] AppliInfo:139 - Unknown STM32CubeMX version: 6.16.0
2025-11-16 11:57:31,941 [ERROR] AppliInfo:139 - Unknown STM32CubeMX version: 6.16.0
2025-11-16 11:57:31,941 [ERROR] AppliInfo:139 - Unknown STM32CubeMX version: 6.16.0
2025-11-16 11:57:31,942 [ERROR] AppliInfo:139 - Unknown STM32CubeMX version: 6.16.0
2025-11-16 11:57:31,942 [ERROR] AppliInfo:139 - Unknown STM32CubeMX version: 6.16.0
2025-11-16 11:57:31,942 [ERROR] AppliInfo:139 - Unknown STM32CubeMX version: 6.16.0
2025-11-16 11:57:31,942 [ERROR] AppliInfo:139 - Unknown STM32CubeMX version: 6.16.0
2025-11-16 11:57:31,942 [ERROR] AppliInfo:139 - Unknown STM32CubeMX version: 6.16.0
2025-11-16 11:57:31,942 [ERROR] AppliInfo:139 - Unknown STM32CubeMX version: 6.16.0
2025-11-16 11:57:31,942 [ERROR] AppliInfo:139 - Unknown STM32CubeMX version: 6.16.0
2025-11-16 11:57:31,942 [ERROR] AppliInfo:139 - Unknown STM32CubeMX version: 6.16.0
2025-11-16 11:57:31,943 [ERROR] AppliInfo:139 - Unknown STM32CubeMX version: 6.16.0
2025-11-16 11:57:31,943 [ERROR] AppliInfo:139 - Unknown STM32CubeMX version: 6.16.0
2025-11-16 11:57:31,943 [ERROR] AppliInfo:139 - Unknown STM32CubeMX version: 6.16.0
2025-11-16 11:57:31,943 [ERROR] AppliInfo:139 - Unknown STM32CubeMX version: 6.16.0
2025-11-16 11:57:31,943 [ERROR] AppliInfo:139 - Unknown STM32CubeMX version: 6.16.0
2025-11-16 11:57:31,943 [ERROR] AppliInfo:139 - Unknown STM32CubeMX version: 6.16.0
2025-11-16 11:57:31,943 [ERROR] AppliInfo:139 - Unknown STM32CubeMX version: 6.16.0
2025-11-16 11:57:31,943 [ERROR] AppliInfo:139 - Unknown STM32CubeMX version: 6.16.0
2025-11-16 11:57:31,944 [ERROR] AppliInfo:139 - Unknown STM32CubeMX version: 6.16.0
2025-11-16 11:57:31,944 [ERROR] AppliInfo:139 - Unknown STM32CubeMX version: 6.16.0
2025-11-16 11:57:31,944 [ERROR] AppliInfo:139 - Unknown STM32CubeMX version: 6.16.0
2025-11-16 11:57:31,944 [ERROR] AppliInfo:139 - Unknown STM32CubeMX version: 6.16.0
2025-11-16 11:57:31,944 [ERROR] AppliInfo:139 - Unknown STM32CubeMX version: 6.16.0
2025-11-16 11:57:31,944 [ERROR] AppliInfo:139 - Unknown STM32CubeMX version: 6.16.0
2025-11-16 11:57:31,945 [ERROR] AppliInfo:139 - Unknown STM32CubeMX version: 6.16.0
2025-11-16 11:57:31,945 [ERROR] AppliInfo:139 - Unknown STM32CubeMX version: 6.16.0
2025-11-16 11:57:31,945 [ERROR] AppliInfo:139 - Unknown STM32CubeMX version: 6.16.0
2025-11-16 11:57:31,945 [ERROR] AppliInfo:139 - Unknown STM32CubeMX version: 6.16.0
2025-11-16 11:57:31,945 [ERROR] AppliInfo:139 - Unknown STM32CubeMX version: 6.16.0
2025-11-16 11:57:31,945 [ERROR] AppliInfo:139 - Unknown STM32CubeMX version: 6.16.0
2025-11-16 11:57:31,945 [ERROR] AppliInfo:139 - Unknown STM32CubeMX version: 6.16.0
2025-11-16 11:57:31,945 [ERROR] AppliInfo:139 - Unknown STM32CubeMX version: 6.16.0
2025-11-16 11:57:31,945 [ERROR] AppliInfo:139 - Unknown STM32CubeMX version: 6.16.0
2025-11-16 11:57:31,946 [ERROR] AppliInfo:139 - Unknown STM32CubeMX version: 6.16.0
2025-11-16 11:57:31,946 [ERROR] AppliInfo:139 - Unknown STM32CubeMX version: 6.16.0
2025-11-16 11:57:31,946 [ERROR] AppliInfo:139 - Unknown STM32CubeMX version: 6.16.0
2025-11-16 11:57:31,946 [ERROR] AppliInfo:139 - Unknown STM32CubeMX version: 6.16.0
2025-11-16 11:57:31,946 [ERROR] AppliInfo:139 - Unknown STM32CubeMX version: 6.16.0
2025-11-16 11:57:31,956 [ERROR] AppliInfo:139 - Unknown STM32CubeMX version: 6.16.0
2025-11-16 11:57:31,956 [ERROR] AppliInfo:139 - Unknown STM32CubeMX version: 6.16.0
2025-11-16 11:57:31,956 [ERROR] AppliInfo:139 - Unknown STM32CubeMX version: 6.16.0
2025-11-16 11:57:31,956 [ERROR] AppliInfo:139 - Unknown STM32CubeMX version: 6.16.0
2025-11-16 11:57:31,956 [ERROR] AppliInfo:139 - Unknown STM32CubeMX version: 6.16.0
2025-11-16 11:57:31,956 [ERROR] AppliInfo:139 - Unknown STM32CubeMX version: 6.16.0
2025-11-16 11:57:31,957 [ERROR] AppliInfo:139 - Unknown STM32CubeMX version: 6.16.0
2025-11-16 11:57:31,957 [ERROR] AppliInfo:139 - Unknown STM32CubeMX version: 6.16.0
2025-11-16 11:57:31,957 [ERROR] AppliInfo:139 - Unknown STM32CubeMX version: 6.16.0
2025-11-16 11:57:31,957 [ERROR] AppliInfo:139 - Unknown STM32CubeMX version: 6.16.0
2025-11-16 11:57:31,957 [ERROR] AppliInfo:139 - Unknown STM32CubeMX version: 6.16.0
2025-11-16 11:57:31,958 [ERROR] AppliInfo:139 - Unknown STM32CubeMX version: 6.16.0
2025-11-16 11:57:31,958 [ERROR] AppliInfo:139 - Unknown STM32CubeMX version: 6.16.0
2025-11-16 11:57:31,958 [ERROR] AppliInfo:139 - Unknown STM32CubeMX version: 6.16.0
2025-11-16 11:57:31,958 [ERROR] AppliInfo:139 - Unknown STM32CubeMX version: 6.16.0
2025-11-16 11:57:31,959 [ERROR] AppliInfo:139 - Unknown STM32CubeMX version: 6.16.0
2025-11-16 11:57:31,960 [ERROR] AppliInfo:139 - Unknown STM32CubeMX version: 6.16.0
2025-11-16 11:57:31,960 [ERROR] AppliInfo:139 - Unknown STM32CubeMX version: 6.16.0
2025-11-16 11:57:31,960 [ERROR] AppliInfo:139 - Unknown STM32CubeMX version: 6.16.0
2025-11-16 11:57:31,961 [ERROR] AppliInfo:139 - Unknown STM32CubeMX version: 6.16.0
2025-11-16 11:57:31,961 [ERROR] AppliInfo:139 - Unknown STM32CubeMX version: 6.16.0
2025-11-16 11:57:31,961 [ERROR] AppliInfo:139 - Unknown STM32CubeMX version: 6.16.0
2025-11-16 11:57:31,961 [ERROR] AppliInfo:139 - Unknown STM32CubeMX version: 6.16.0
2025-11-16 11:57:31,961 [ERROR] AppliInfo:139 - Unknown STM32CubeMX version: 6.16.0
2025-11-16 11:57:31,961 [ERROR] AppliInfo:139 - Unknown STM32CubeMX version: 6.16.0
2025-11-16 11:57:31,962 [ERROR] AppliInfo:139 - Unknown STM32CubeMX version: 6.16.0
2025-11-16 11:57:31,970 [ERROR] AppliInfo:139 - Unknown STM32CubeMX version: 6.16.0
2025-11-16 11:57:31,971 [ERROR] AppliInfo:139 - Unknown STM32CubeMX version: 6.16.0
2025-11-16 11:57:31,971 [ERROR] AppliInfo:139 - Unknown STM32CubeMX version: 6.16.0
2025-11-16 11:57:31,971 [ERROR] AppliInfo:139 - Unknown STM32CubeMX version: 6.16.0
2025-11-16 11:57:31,971 [ERROR] AppliInfo:139 - Unknown STM32CubeMX version: 6.16.0
2025-11-16 11:57:31,971 [ERROR] AppliInfo:139 - Unknown STM32CubeMX version: 6.16.0
2025-11-16 11:57:31,971 [ERROR] AppliInfo:139 - Unknown STM32CubeMX version: 6.16.0
2025-11-16 11:57:31,971 [ERROR] AppliInfo:139 - Unknown STM32CubeMX version: 6.16.0
2025-11-16 11:57:31,983 [ERROR] AppliInfo:139 - Unknown STM32CubeMX version: 6.16.0
2025-11-16 11:57:31,983 [ERROR] AppliInfo:139 - Unknown STM32CubeMX version: 6.16.0
2025-11-16 11:57:31,983 [ERROR] AppliInfo:139 - Unknown STM32CubeMX version: 6.16.0
2025-11-16 11:57:31,983 [ERROR] AppliInfo:139 - Unknown STM32CubeMX version: 6.16.0
2025-11-16 11:57:31,983 [ERROR] AppliInfo:139 - Unknown STM32CubeMX version: 6.16.0
2025-11-16 11:57:31,983 [ERROR] AppliInfo:139 - Unknown STM32CubeMX version: 6.16.0
2025-11-16 11:57:31,983 [ERROR] AppliInfo:139 - Unknown STM32CubeMX version: 6.16.0
2025-11-16 11:57:31,984 [ERROR] AppliInfo:139 - Unknown STM32CubeMX version: 6.16.0
2025-11-16 11:57:31,984 [ERROR] AppliInfo:139 - Unknown STM32CubeMX version: 6.16.0
2025-11-16 11:57:31,984 [ERROR] AppliInfo:139 - Unknown STM32CubeMX version: 6.16.0
2025-11-16 11:57:31,984 [ERROR] AppliInfo:139 - Unknown STM32CubeMX version: 6.16.0
2025-11-16 11:57:31,987 [ERROR] AppliInfo:139 - Unknown STM32CubeMX version: 6.16.0
2025-11-16 11:57:31,991 [ERROR] AppliInfo:139 - Unknown STM32CubeMX version: 6.16.0
2025-11-16 11:57:31,991 [ERROR] AppliInfo:139 - Unknown STM32CubeMX version: 6.16.0
2025-11-16 11:57:31,991 [ERROR] AppliInfo:139 - Unknown STM32CubeMX version: 6.16.0
2025-11-16 11:57:31,992 [ERROR] AppliInfo:139 - Unknown STM32CubeMX version: 6.16.0
2025-11-16 11:57:31,992 [ERROR] AppliInfo:139 - Unknown STM32CubeMX version: 6.16.0
2025-11-16 11:57:31,992 [ERROR] AppliInfo:139 - Unknown STM32CubeMX version: 6.16.0
2025-11-16 11:57:31,992 [ERROR] AppliInfo:139 - Unknown STM32CubeMX version: 6.16.0
2025-11-16 11:57:31,992 [ERROR] AppliInfo:139 - Unknown STM32CubeMX version: 6.16.0
2025-11-16 11:57:31,992 [ERROR] AppliInfo:139 - Unknown STM32CubeMX version: 6.16.0
2025-11-16 11:57:31,992 [ERROR] AppliInfo:139 - Unknown STM32CubeMX version: 6.16.0
2025-11-16 11:57:31,993 [ERROR] AppliInfo:139 - Unknown STM32CubeMX version: 6.16.0
2025-11-16 11:57:31,993 [ERROR] AppliInfo:139 - Unknown STM32CubeMX version: 6.16.0
2025-11-16 11:57:31,993 [ERROR] AppliInfo:139 - Unknown STM32CubeMX version: 6.16.0
2025-11-16 11:57:31,993 [ERROR] AppliInfo:139 - Unknown STM32CubeMX version: 6.16.0
2025-11-16 11:57:31,993 [ERROR] AppliInfo:139 - Unknown STM32CubeMX version: 6.16.0
2025-11-16 11:57:31,993 [ERROR] AppliInfo:139 - Unknown STM32CubeMX version: 6.16.0
2025-11-16 11:57:31,993 [ERROR] AppliInfo:139 - Unknown STM32CubeMX version: 6.16.0
2025-11-16 11:57:31,993 [ERROR] AppliInfo:139 - Unknown STM32CubeMX version: 6.16.0
2025-11-16 11:57:31,994 [ERROR] AppliInfo:139 - Unknown STM32CubeMX version: 6.16.0
2025-11-16 11:57:31,994 [ERROR] AppliInfo:139 - Unknown STM32CubeMX version: 6.16.0
2025-11-16 11:57:31,994 [ERROR] AppliInfo:139 - Unknown STM32CubeMX version: 6.16.0
2025-11-16 11:57:31,994 [ERROR] AppliInfo:139 - Unknown STM32CubeMX version: 6.16.0
2025-11-16 11:57:31,994 [ERROR] AppliInfo:139 - Unknown STM32CubeMX version: 6.16.0
2025-11-16 11:57:31,994 [ERROR] AppliInfo:139 - Unknown STM32CubeMX version: 6.16.0
2025-11-16 11:57:31,994 [ERROR] AppliInfo:139 - Unknown STM32CubeMX version: 6.16.0
2025-11-16 11:57:31,994 [ERROR] AppliInfo:139 - Unknown STM32CubeMX version: 6.16.0
2025-11-16 11:57:31,994 [ERROR] AppliInfo:139 - Unknown STM32CubeMX version: 6.16.0
2025-11-16 11:57:31,994 [ERROR] AppliInfo:139 - Unknown STM32CubeMX version: 6.16.0
2025-11-16 11:57:31,995 [ERROR] AppliInfo:139 - Unknown STM32CubeMX version: 6.16.0
2025-11-16 11:57:31,995 [ERROR] AppliInfo:139 - Unknown STM32CubeMX version: 6.16.0
2025-11-16 11:57:31,995 [ERROR] AppliInfo:139 - Unknown STM32CubeMX version: 6.16.0
2025-11-16 11:57:31,995 [ERROR] AppliInfo:139 - Unknown STM32CubeMX version: 6.16.0
2025-11-16 11:57:31,995 [ERROR] AppliInfo:139 - Unknown STM32CubeMX version: 6.16.0
2025-11-16 11:57:31,995 [ERROR] AppliInfo:139 - Unknown STM32CubeMX version: 6.16.0
2025-11-16 11:57:31,995 [ERROR] AppliInfo:139 - Unknown STM32CubeMX version: 6.16.0
2025-11-16 11:57:31,995 [ERROR] AppliInfo:139 - Unknown STM32CubeMX version: 6.16.0
2025-11-16 11:57:32,268 [ERROR] LogOutputStream:75 - [STDERR_REDIRECT] [Fatal Error] :1:1: Premature end of file.
2025-11-16 11:57:32,268 [ERROR] LogOutputStream:75 - [STDERR_REDIRECT] 
2025-11-16 11:57:33,259 [ERROR] LogOutputStream:75 - [STDERR_REDIRECT] [Fatal Error] :1:1: Premature end of file.
2025-11-16 11:57:33,260 [ERROR] LogOutputStream:75 - [STDERR_REDIRECT] 
2025-11-16 11:57:34,264 [ERROR] LogOutputStream:75 - [STDERR_REDIRECT] [Fatal Error] :1:1: Premature end of file.
2025-11-16 11:57:34,264 [ERROR] LogOutputStream:75 - [STDERR_REDIRECT] 
2025-11-16 11:57:35,264 [ERROR] LogOutputStream:75 - [STDERR_REDIRECT] [Fatal Error] :1:1: Premature end of file.
2025-11-16 11:57:35,264 [ERROR] LogOutputStream:75 - [STDERR_REDIRECT] 
2025-11-16 11:57:36,258 [ERROR] LogOutputStream:75 - [STDERR_REDIRECT] [Fatal Error] :1:1: Premature end of file.
2025-11-16 11:57:36,258 [ERROR] LogOutputStream:75 - [STDERR_REDIRECT] 
2025-11-16 11:57:37,259 [ERROR] LogOutputStream:75 - [STDERR_REDIRECT] [Fatal Error] :1:1: Premature end of file.
2025-11-16 11:57:37,259 [ERROR] LogOutputStream:75 - [STDERR_REDIRECT] 
2025-11-16 11:57:38,261 [ERROR] LogOutputStream:75 - [STDERR_REDIRECT] [Fatal Error] :1:1: Premature end of file.
2025-11-16 11:57:38,262 [ERROR] LogOutputStream:75 - [STDERR_REDIRECT] 
2025-11-16 11:57:39,260 [ERROR] LogOutputStream:75 - [STDERR_REDIRECT] [Fatal Error] :1:1: Premature end of file.
2025-11-16 11:57:39,260 [ERROR] LogOutputStream:75 - [STDERR_REDIRECT] 
2025-11-16 11:57:40,259 [ERROR] LogOutputStream:75 - [STDERR_REDIRECT] [Fatal Error] :1:1: Premature end of file.
2025-11-16 11:57:40,260 [ERROR] LogOutputStream:75 - [STDERR_REDIRECT] 
2025-11-16 11:57:41,267 [ERROR] LogOutputStream:75 - [STDERR_REDIRECT] [Fatal Error] :1:1: Premature end of file.
2025-11-16 11:57:41,267 [ERROR] LogOutputStream:75 - [STDERR_REDIRECT] 
2025-11-16 11:57:42,260 [ERROR] LogOutputStream:75 - [STDERR_REDIRECT] [Fatal Error] :1:1: Premature end of file.
2025-11-16 11:57:42,260 [ERROR] LogOutputStream:75 - [STDERR_REDIRECT] 
2025-11-16 11:57:43,267 [ERROR] LogOutputStream:75 - [STDERR_REDIRECT] [Fatal Error] :1:1: Premature end of file.
2025-11-16 11:57:43,268 [ERROR] LogOutputStream:75 - [STDERR_REDIRECT] 
2025-11-16 11:57:44,267 [ERROR] LogOutputStream:75 - [STDERR_REDIRECT] [Fatal Error] :1:1: Premature end of file.
2025-11-16 11:57:44,267 [ERROR] LogOutputStream:75 - [STDERR_REDIRECT] 
2025-11-16 11:57:45,292 [ERROR] LogOutputStream:75 - [STDERR_REDIRECT] [Fatal Error] :1:1: Premature end of file.
2025-11-16 11:57:45,292 [ERROR] LogOutputStream:75 - [STDERR_REDIRECT] 
2025-11-16 11:57:46,277 [ERROR] LogOutputStream:75 - [STDERR_REDIRECT] [Fatal Error] :1:1: Premature end of file.
2025-11-16 11:57:46,277 [ERROR] LogOutputStream:75 - [STDERR_REDIRECT] 
2025-11-16 11:57:47,288 [ERROR] LogOutputStream:75 - [STDERR_REDIRECT] [Fatal Error] :1:1: Premature end of file.
2025-11-16 11:57:47,290 [ERROR] LogOutputStream:75 - [STDERR_REDIRECT] 
2025-11-16 11:57:48,258 [ERROR] LogOutputStream:75 - [STDERR_REDIRECT] [Fatal Error] :1:1: Premature end of file.
2025-11-16 11:57:48,258 [ERROR] LogOutputStream:75 - [STDERR_REDIRECT] 
2025-11-16 11:57:49,266 [ERROR] LogOutputStream:75 - [STDERR_REDIRECT] [Fatal Error] :1:1: Premature end of file.
2025-11-16 11:57:49,266 [ERROR] LogOutputStream:75 - [STDERR_REDIRECT] 
2025-11-16 11:57:50,263 [ERROR] LogOutputStream:75 - [STDERR_REDIRECT] [Fatal Error] :1:1: Premature end of file.
2025-11-16 11:57:50,263 [ERROR] LogOutputStream:75 - [STDERR_REDIRECT] 
2025-11-16 11:57:51,257 [ERROR] LogOutputStream:75 - [STDERR_REDIRECT] [Fatal Error] :1:1: Premature end of file.
2025-11-16 11:57:51,258 [ERROR] LogOutputStream:75 - [STDERR_REDIRECT] 
2025-11-16 11:57:52,258 [ERROR] LogOutputStream:75 - [STDERR_REDIRECT] [Fatal Error] :1:1: Premature end of file.
2025-11-16 11:57:52,258 [ERROR] LogOutputStream:75 - [STDERR_REDIRECT] 
2025-11-16 11:57:53,257 [ERROR] LogOutputStream:75 - [STDERR_REDIRECT] [Fatal Error] :1:1: Premature end of file.
2025-11-16 11:57:53,257 [ERROR] LogOutputStream:75 - [STDERR_REDIRECT] 
2025-11-16 11:57:54,266 [ERROR] LogOutputStream:75 - [STDERR_REDIRECT] [Fatal Error] :1:1: Premature end of file.
2025-11-16 11:57:54,266 [ERROR] LogOutputStream:75 - [STDERR_REDIRECT] 
2025-11-16 11:57:55,266 [ERROR] LogOutputStream:75 - [STDERR_REDIRECT] [Fatal Error] :1:1: Premature end of file.
2025-11-16 11:57:55,267 [ERROR] LogOutputStream:75 - [STDERR_REDIRECT] 
2025-11-16 11:57:56,267 [ERROR] LogOutputStream:75 - [STDERR_REDIRECT] [Fatal Error] :1:1: Premature end of file.
2025-11-16 11:57:56,267 [ERROR] LogOutputStream:75 - [STDERR_REDIRECT] 
2025-11-16 11:57:57,268 [ERROR] LogOutputStream:75 - [STDERR_REDIRECT] [Fatal Error] :1:1: Premature end of file.
2025-11-16 11:57:57,269 [ERROR] LogOutputStream:75 - [STDERR_REDIRECT] 
2025-11-16 11:57:58,287 [ERROR] LogOutputStream:75 - [STDERR_REDIRECT] [Fatal Error] :1:1: Premature end of file.
2025-11-16 11:57:58,287 [ERROR] LogOutputStream:75 - [STDERR_REDIRECT] 
2025-11-16 11:57:59,267 [ERROR] LogOutputStream:75 - [STDERR_REDIRECT] [Fatal Error] :1:1: Premature end of file.
2025-11-16 11:57:59,267 [ERROR] LogOutputStream:75 - [STDERR_REDIRECT] 
2025-11-16 11:58:00,258 [ERROR] LogOutputStream:75 - [STDERR_REDIRECT] [Fatal Error] :1:1: Premature end of file.
2025-11-16 11:58:00,258 [ERROR] LogOutputStream:75 - [STDERR_REDIRECT] 
2025-11-16 11:58:01,280 [ERROR] LogOutputStream:75 - [STDERR_REDIRECT] [Fatal Error] :1:1: Premature end of file.
2025-11-16 11:58:01,280 [ERROR] LogOutputStream:75 - [STDERR_REDIRECT] 
2025-11-16 11:58:02,258 [ERROR] LogOutputStream:75 - [STDERR_REDIRECT] [Fatal Error] :1:1: Premature end of file.
2025-11-16 11:58:02,258 [ERROR] LogOutputStream:75 - [STDERR_REDIRECT] 
2025-11-16 11:58:03,268 [ERROR] LogOutputStream:75 - [STDERR_REDIRECT] [Fatal Error] :1:1: Premature end of file.
2025-11-16 11:58:03,270 [ERROR] LogOutputStream:75 - [STDERR_REDIRECT] 
2025-11-16 11:58:04,268 [ERROR] LogOutputStream:75 - [STDERR_REDIRECT] [Fatal Error] :1:1: Premature end of file.
2025-11-16 11:58:04,268 [ERROR] LogOutputStream:75 - [STDERR_REDIRECT] 
2025-11-16 11:58:05,265 [ERROR] LogOutputStream:75 - [STDERR_REDIRECT] [Fatal Error] :1:1: Premature end of file.
2025-11-16 11:58:05,265 [ERROR] LogOutputStream:75 - [STDERR_REDIRECT] 
2025-11-16 11:58:06,261 [ERROR] LogOutputStream:75 - [STDERR_REDIRECT] [Fatal Error] :1:1: Premature end of file.
2025-11-16 11:58:06,261 [ERROR] LogOutputStream:75 - [STDERR_REDIRECT] 
2025-11-16 11:58:07,259 [ERROR] LogOutputStream:75 - [STDERR_REDIRECT] [Fatal Error] :1:1: Premature end of file.
2025-11-16 11:58:07,261 [ERROR] LogOutputStream:75 - [STDERR_REDIRECT] 
2025-11-16 11:58:08,269 [ERROR] LogOutputStream:75 - [STDERR_REDIRECT] [Fatal Error] :1:1: Premature end of file.
2025-11-16 11:58:08,269 [ERROR] LogOutputStream:75 - [STDERR_REDIRECT] 
2025-11-16 11:58:09,267 [ERROR] LogOutputStream:75 - [STDERR_REDIRECT] [Fatal Error] :1:1: Premature end of file.
2025-11-16 11:58:09,267 [ERROR] LogOutputStream:75 - [STDERR_REDIRECT] 
2025-11-16 11:58:10,260 [ERROR] LogOutputStream:75 - [STDERR_REDIRECT] [Fatal Error] :1:1: Premature end of file.
2025-11-16 11:58:10,260 [ERROR] LogOutputStream:75 - [STDERR_REDIRECT] 
2025-11-16 11:58:11,261 [ERROR] LogOutputStream:75 - [STDERR_REDIRECT] [Fatal Error] :1:1: Premature end of file.
2025-11-16 11:58:11,261 [ERROR] LogOutputStream:75 - [STDERR_REDIRECT] 
2025-11-16 11:58:12,261 [ERROR] LogOutputStream:75 - [STDERR_REDIRECT] [Fatal Error] :1:1: Premature end of file.
2025-11-16 11:58:12,261 [ERROR] LogOutputStream:75 - [STDERR_REDIRECT] 
2025-11-16 11:58:13,267 [ERROR] LogOutputStream:75 - [STDERR_REDIRECT] [Fatal Error] :1:1: Premature end of file.
2025-11-16 11:58:13,267 [ERROR] LogOutputStream:75 - [STDERR_REDIRECT] 
2025-11-16 11:58:14,259 [ERROR] LogOutputStream:75 - [STDERR_REDIRECT] [Fatal Error] :1:1: Premature end of file.
2025-11-16 11:58:14,259 [ERROR] LogOutputStream:75 - [STDERR_REDIRECT] 
2025-11-16 11:58:15,260 [ERROR] LogOutputStream:75 - [STDERR_REDIRECT] [Fatal Error] :1:1: Premature end of file.
2025-11-16 11:58:15,260 [ERROR] LogOutputStream:75 - [STDERR_REDIRECT] 
2025-11-16 11:58:16,259 [ERROR] LogOutputStream:75 - [STDERR_REDIRECT] [Fatal Error] :1:1: Premature end of file.
2025-11-16 11:58:16,260 [ERROR] LogOutputStream:75 - [STDERR_REDIRECT] 
2025-11-16 11:58:17,290 [ERROR] LogOutputStream:75 - [STDERR_REDIRECT] [Fatal Error] :1:1: Premature end of file.
2025-11-16 11:58:17,290 [ERROR] LogOutputStream:75 - [STDERR_REDIRECT] 
2025-11-16 11:58:18,266 [ERROR] LogOutputStream:75 - [STDERR_REDIRECT] [Fatal Error] :1:1: Premature end of file.
2025-11-16 11:58:18,266 [ERROR] LogOutputStream:75 - [STDERR_REDIRECT] 
2025-11-16 11:58:19,263 [ERROR] LogOutputStream:75 - [STDERR_REDIRECT] [Fatal Error] :1:1: Premature end of file.
2025-11-16 11:58:19,263 [ERROR] LogOutputStream:75 - [STDERR_REDIRECT] 
2025-11-16 11:58:20,259 [ERROR] LogOutputStream:75 - [STDERR_REDIRECT] [Fatal Error] :1:1: Premature end of file.
2025-11-16 11:58:20,259 [ERROR] LogOutputStream:75 - [STDERR_REDIRECT] 
2025-11-16 11:58:21,262 [ERROR] LogOutputStream:75 - [STDERR_REDIRECT] [Fatal Error] :1:1: Premature end of file.
2025-11-16 11:58:21,262 [ERROR] LogOutputStream:75 - [STDERR_REDIRECT] 
2025-11-16 11:58:22,257 [ERROR] LogOutputStream:75 - [STDERR_REDIRECT] [Fatal Error] :1:1: Premature end of file.
2025-11-16 11:58:22,257 [ERROR] LogOutputStream:75 - [STDERR_REDIRECT] 
2025-11-16 11:58:23,259 [ERROR] LogOutputStream:75 - [STDERR_REDIRECT] [Fatal Error] :1:1: Premature end of file.
2025-11-16 11:58:23,259 [ERROR] LogOutputStream:75 - [STDERR_REDIRECT] 
2025-11-16 11:58:24,267 [ERROR] LogOutputStream:75 - [STDERR_REDIRECT] [Fatal Error] :1:1: Premature end of file.
2025-11-16 11:58:24,267 [ERROR] LogOutputStream:75 - [STDERR_REDIRECT] 
2025-11-16 11:58:25,257 [ERROR] LogOutputStream:75 - [STDERR_REDIRECT] [Fatal Error] :1:1: Premature end of file.
2025-11-16 11:58:25,257 [ERROR] LogOutputStream:75 - [STDERR_REDIRECT] 
2025-11-16 11:58:26,259 [ERROR] LogOutputStream:75 - [STDERR_REDIRECT] [Fatal Error] :1:1: Premature end of file.
2025-11-16 11:58:26,259 [ERROR] LogOutputStream:75 - [STDERR_REDIRECT] 
2025-11-16 11:58:27,261 [ERROR] LogOutputStream:75 - [STDERR_REDIRECT] [Fatal Error] :1:1: Premature end of file.
2025-11-16 11:58:27,261 [ERROR] LogOutputStream:75 - [STDERR_REDIRECT] 
2025-11-16 11:58:28,259 [ERROR] LogOutputStream:75 - [STDERR_REDIRECT] [Fatal Error] :1:1: Premature end of file.
2025-11-16 11:58:28,259 [ERROR] LogOutputStream:75 - [STDERR_REDIRECT] 
2025-11-16 11:58:29,269 [ERROR] LogOutputStream:75 - [STDERR_REDIRECT] [Fatal Error] :1:1: Premature end of file.
2025-11-16 11:58:29,269 [ERROR] LogOutputStream:75 - [STDERR_REDIRECT] 
2025-11-16 11:58:30,256 [ERROR] LogOutputStream:75 - [STDERR_REDIRECT] [Fatal Error] :1:1: Premature end of file.
2025-11-16 11:58:30,256 [ERROR] LogOutputStream:75 - [STDERR_REDIRECT] 
2025-11-16 11:58:31,244 [INFO] BoardAction:75 - Docs & Resources
2025-11-16 11:58:31,261 [ERROR] LogOutputStream:75 - [STDERR_REDIRECT] [Fatal Error] :1:1: Premature end of file.
2025-11-16 11:58:31,261 [ERROR] LogOutputStream:75 - [STDERR_REDIRECT] 
2025-11-16 11:58:32,265 [ERROR] LogOutputStream:75 - [STDERR_REDIRECT] [Fatal Error] :1:1: Premature end of file.
2025-11-16 11:58:32,267 [ERROR] LogOutputStream:75 - [STDERR_REDIRECT] 
2025-11-16 11:58:33,266 [ERROR] LogOutputStream:75 - [STDERR_REDIRECT] [Fatal Error] :1:1: Premature end of file.
2025-11-16 11:58:33,266 [ERROR] LogOutputStream:75 - [STDERR_REDIRECT] 
2025-11-16 11:58:34,283 [ERROR] LogOutputStream:75 - [STDERR_REDIRECT] [Fatal Error] :1:1: Premature end of file.
2025-11-16 11:58:34,283 [ERROR] LogOutputStream:75 - [STDERR_REDIRECT] 
2025-11-16 11:58:35,267 [ERROR] LogOutputStream:75 - [STDERR_REDIRECT] [Fatal Error] :1:1: Premature end of file.
2025-11-16 11:58:35,267 [ERROR] LogOutputStream:75 - [STDERR_REDIRECT] 
2025-11-16 11:58:36,258 [ERROR] LogOutputStream:75 - [STDERR_REDIRECT] [Fatal Error] :1:1: Premature end of file.
2025-11-16 11:58:36,258 [ERROR] LogOutputStream:75 - [STDERR_REDIRECT] 
2025-11-16 11:58:37,258 [ERROR] LogOutputStream:75 - [STDERR_REDIRECT] [Fatal Error] :1:1: Premature end of file.
2025-11-16 11:58:37,259 [ERROR] LogOutputStream:75 - [STDERR_REDIRECT] 
2025-11-16 11:58:38,258 [ERROR] LogOutputStream:75 - [STDERR_REDIRECT] [Fatal Error] :1:1: Premature end of file.
2025-11-16 11:58:38,258 [ERROR] LogOutputStream:75 - [STDERR_REDIRECT] 
2025-11-16 11:58:39,277 [ERROR] LogOutputStream:75 - [STDERR_REDIRECT] [Fatal Error] :1:1: Premature end of file.
2025-11-16 11:58:39,277 [ERROR] LogOutputStream:75 - [STDERR_REDIRECT] 
2025-11-16 11:58:40,261 [ERROR] LogOutputStream:75 - [STDERR_REDIRECT] [Fatal Error] :1:1: Premature end of file.
2025-11-16 11:58:40,261 [ERROR] LogOutputStream:75 - [STDERR_REDIRECT] 
2025-11-16 11:58:40,784 [INFO] LoadUrlFilesThread:156 - End of LoadUrlFiles Thread
2025-11-16 11:58:41,263 [ERROR] LogOutputStream:75 - [STDERR_REDIRECT] [Fatal Error] :1:1: Premature end of file.
2025-11-16 11:58:41,263 [ERROR] LogOutputStream:75 - [STDERR_REDIRECT] 
2025-11-16 11:58:42,260 [ERROR] LogOutputStream:75 - [STDERR_REDIRECT] [Fatal Error] :1:1: Premature end of file.
2025-11-16 11:58:42,260 [ERROR] LogOutputStream:75 - [STDERR_REDIRECT] 
2025-11-16 11:58:43,305 [ERROR] LogOutputStream:75 - [STDERR_REDIRECT] [Fatal Error] :1:1: Premature end of file.
2025-11-16 11:58:43,306 [ERROR] LogOutputStream:75 - [STDERR_REDIRECT] 
2025-11-16 11:58:44,258 [ERROR] LogOutputStream:75 - [STDERR_REDIRECT] [Fatal Error] :1:1: Premature end of file.
2025-11-16 11:58:44,258 [ERROR] LogOutputStream:75 - [STDERR_REDIRECT] 
2025-11-16 11:58:45,275 [ERROR] LogOutputStream:75 - [STDERR_REDIRECT] [Fatal Error] :1:1: Premature end of file.
2025-11-16 11:58:45,276 [ERROR] LogOutputStream:75 - [STDERR_REDIRECT] 
2025-11-16 11:58:46,258 [ERROR] LogOutputStream:75 - [STDERR_REDIRECT] [Fatal Error] :1:1: Premature end of file.
2025-11-16 11:58:46,259 [ERROR] LogOutputStream:75 - [STDERR_REDIRECT] 
2025-11-16 11:58:47,286 [ERROR] LogOutputStream:75 - [STDERR_REDIRECT] [Fatal Error] :1:1: Premature end of file.
2025-11-16 11:58:47,287 [ERROR] LogOutputStream:75 - [STDERR_REDIRECT] 
2025-11-16 11:58:48,257 [ERROR] LogOutputStream:75 - [STDERR_REDIRECT] [Fatal Error] :1:1: Premature end of file.
2025-11-16 11:58:48,257 [ERROR] LogOutputStream:75 - [STDERR_REDIRECT] 
2025-11-16 11:58:49,258 [ERROR] LogOutputStream:75 - [STDERR_REDIRECT] [Fatal Error] :1:1: Premature end of file.
2025-11-16 11:58:49,258 [ERROR] LogOutputStream:75 - [STDERR_REDIRECT] 
2025-11-16 11:58:50,256 [ERROR] LogOutputStream:75 - [STDERR_REDIRECT] [Fatal Error] :1:1: Premature end of file.
2025-11-16 11:58:50,256 [ERROR] LogOutputStream:75 - [STDERR_REDIRECT] 
2025-11-16 11:58:51,265 [ERROR] LogOutputStream:75 - [STDERR_REDIRECT] [Fatal Error] :1:1: Premature end of file.
2025-11-16 11:58:51,265 [ERROR] LogOutputStream:75 - [STDERR_REDIRECT] 
2025-11-16 11:58:52,257 [ERROR] LogOutputStream:75 - [STDERR_REDIRECT] [Fatal Error] :1:1: Premature end of file.
2025-11-16 11:58:52,259 [ERROR] LogOutputStream:75 - [STDERR_REDIRECT] 
2025-11-16 11:58:53,258 [ERROR] LogOutputStream:75 - [STDERR_REDIRECT] [Fatal Error] :1:1: Premature end of file.
2025-11-16 11:58:53,258 [ERROR] LogOutputStream:75 - [STDERR_REDIRECT] 
2025-11-16 11:58:54,259 [ERROR] LogOutputStream:75 - [STDERR_REDIRECT] [Fatal Error] :1:1: Premature end of file.
2025-11-16 11:58:54,259 [ERROR] LogOutputStream:75 - [STDERR_REDIRECT] 
2025-11-16 11:58:55,270 [ERROR] LogOutputStream:75 - [STDERR_REDIRECT] [Fatal Error] :1:1: Premature end of file.
2025-11-16 11:58:55,270 [ERROR] LogOutputStream:75 - [STDERR_REDIRECT] 
2025-11-16 11:58:56,257 [ERROR] LogOutputStream:75 - [STDERR_REDIRECT] [Fatal Error] :1:1: Premature end of file.
2025-11-16 11:58:56,257 [ERROR] LogOutputStream:75 - [STDERR_REDIRECT] 
2025-11-16 11:58:57,258 [ERROR] LogOutputStream:75 - [STDERR_REDIRECT] [Fatal Error] :1:1: Premature end of file.
2025-11-16 11:58:57,258 [ERROR] LogOutputStream:75 - [STDERR_REDIRECT] 
2025-11-16 11:58:58,275 [ERROR] LogOutputStream:75 - [STDERR_REDIRECT] [Fatal Error] :1:1: Premature end of file.
2025-11-16 11:58:58,276 [ERROR] LogOutputStream:75 - [STDERR_REDIRECT] 
2025-11-16 11:58:59,267 [ERROR] LogOutputStream:75 - [STDERR_REDIRECT] [Fatal Error] :1:1: Premature end of file.
2025-11-16 11:58:59,267 [ERROR] LogOutputStream:75 - [STDERR_REDIRECT] 
2025-11-16 11:59:00,259 [ERROR] LogOutputStream:75 - [STDERR_REDIRECT] [Fatal Error] :1:1: Premature end of file.
2025-11-16 11:59:00,259 [ERROR] LogOutputStream:75 - [STDERR_REDIRECT] 
2025-11-16 11:59:01,258 [ERROR] LogOutputStream:75 - [STDERR_REDIRECT] [Fatal Error] :1:1: Premature end of file.
2025-11-16 11:59:01,258 [ERROR] LogOutputStream:75 - [STDERR_REDIRECT] 
2025-11-16 11:59:02,268 [ERROR] LogOutputStream:75 - [STDERR_REDIRECT] [Fatal Error] :1:1: Premature end of file.
2025-11-16 11:59:02,268 [ERROR] LogOutputStream:75 - [STDERR_REDIRECT] 
2025-11-16 11:59:03,257 [ERROR] LogOutputStream:75 - [STDERR_REDIRECT] [Fatal Error] :1:1: Premature end of file.
2025-11-16 11:59:03,258 [ERROR] LogOutputStream:75 - [STDERR_REDIRECT] 
2025-11-16 11:59:04,259 [ERROR] LogOutputStream:75 - [STDERR_REDIRECT] [Fatal Error] :1:1: Premature end of file.
2025-11-16 11:59:04,260 [ERROR] LogOutputStream:75 - [STDERR_REDIRECT] 
2025-11-16 11:59:05,258 [ERROR] LogOutputStream:75 - [STDERR_REDIRECT] [Fatal Error] :1:1: Premature end of file.
2025-11-16 11:59:05,258 [ERROR] LogOutputStream:75 - [STDERR_REDIRECT] 
2025-11-16 11:59:06,267 [ERROR] LogOutputStream:75 - [STDERR_REDIRECT] [Fatal Error] :1:1: Premature end of file.
2025-11-16 11:59:06,267 [ERROR] LogOutputStream:75 - [STDERR_REDIRECT] 
2025-11-16 11:59:06,952 [INFO] LoadUrlFilesThread:156 - End of LoadUrlFiles Thread
2025-11-16 11:59:06,972 [INFO] BoardAction:139 - Datasheet
2025-11-16 11:59:07,259 [ERROR] LogOutputStream:75 - [STDERR_REDIRECT] [Fatal Error] :1:1: Premature end of file.
2025-11-16 11:59:07,259 [ERROR] LogOutputStream:75 - [STDERR_REDIRECT] 
2025-11-16 11:59:08,256 [ERROR] LogOutputStream:75 - [STDERR_REDIRECT] [Fatal Error] :1:1: Premature end of file.
2025-11-16 11:59:08,257 [ERROR] LogOutputStream:75 - [STDERR_REDIRECT] 
2025-11-16 11:59:09,267 [ERROR] LogOutputStream:75 - [STDERR_REDIRECT] [Fatal Error] :1:1: Premature end of file.
2025-11-16 11:59:09,268 [ERROR] LogOutputStream:75 - [STDERR_REDIRECT] 
2025-11-16 11:59:10,257 [ERROR] LogOutputStream:75 - [STDERR_REDIRECT] [Fatal Error] :1:1: Premature end of file.
2025-11-16 11:59:10,257 [ERROR] LogOutputStream:75 - [STDERR_REDIRECT] 
2025-11-16 11:59:11,257 [ERROR] LogOutputStream:75 - [STDERR_REDIRECT] [Fatal Error] :1:1: Premature end of file.
2025-11-16 11:59:11,257 [ERROR] LogOutputStream:75 - [STDERR_REDIRECT] 
2025-11-16 11:59:12,268 [ERROR] LogOutputStream:75 - [STDERR_REDIRECT] [Fatal Error] :1:1: Premature end of file.
2025-11-16 11:59:12,268 [ERROR] LogOutputStream:75 - [STDERR_REDIRECT] 
2025-11-16 11:59:13,257 [ERROR] LogOutputStream:75 - [STDERR_REDIRECT] [Fatal Error] :1:1: Premature end of file.
2025-11-16 11:59:13,257 [ERROR] LogOutputStream:75 - [STDERR_REDIRECT] 
2025-11-16 11:59:14,258 [ERROR] LogOutputStream:75 - [STDERR_REDIRECT] [Fatal Error] :1:1: Premature end of file.
2025-11-16 11:59:14,259 [ERROR] LogOutputStream:75 - [STDERR_REDIRECT] 
2025-11-16 11:59:15,258 [ERROR] LogOutputStream:75 - [STDERR_REDIRECT] [Fatal Error] :1:1: Premature end of file.
2025-11-16 11:59:15,258 [ERROR] LogOutputStream:75 - [STDERR_REDIRECT] 
2025-11-16 11:59:16,258 [ERROR] LogOutputStream:75 - [STDERR_REDIRECT] [Fatal Error] :1:1: Premature end of file.
2025-11-16 11:59:16,258 [ERROR] LogOutputStream:75 - [STDERR_REDIRECT] 
2025-11-16 11:59:17,259 [ERROR] LogOutputStream:75 - [STDERR_REDIRECT] [Fatal Error] :1:1: Premature end of file.
2025-11-16 11:59:17,259 [ERROR] LogOutputStream:75 - [STDERR_REDIRECT] 
2025-11-16 11:59:18,292 [ERROR] LogOutputStream:75 - [STDERR_REDIRECT] [Fatal Error] :1:1: Premature end of file.
2025-11-16 11:59:18,294 [ERROR] LogOutputStream:75 - [STDERR_REDIRECT] 
2025-11-16 11:59:19,274 [ERROR] LogOutputStream:75 - [STDERR_REDIRECT] [Fatal Error] :1:1: Premature end of file.
2025-11-16 11:59:19,274 [ERROR] LogOutputStream:75 - [STDERR_REDIRECT] 
2025-11-16 11:59:20,258 [ERROR] LogOutputStream:75 - [STDERR_REDIRECT] [Fatal Error] :1:1: Premature end of file.
2025-11-16 11:59:20,258 [ERROR] LogOutputStream:75 - [STDERR_REDIRECT] 
2025-11-16 11:59:21,262 [ERROR] LogOutputStream:75 - [STDERR_REDIRECT] [Fatal Error] :1:1: Premature end of file.
2025-11-16 11:59:21,262 [ERROR] LogOutputStream:75 - [STDERR_REDIRECT] 
2025-11-16 11:59:22,258 [ERROR] LogOutputStream:75 - [STDERR_REDIRECT] [Fatal Error] :1:1: Premature end of file.
2025-11-16 11:59:22,258 [ERROR] LogOutputStream:75 - [STDERR_REDIRECT] 
2025-11-16 11:59:23,260 [ERROR] LogOutputStream:75 - [STDERR_REDIRECT] [Fatal Error] :1:1: Premature end of file.
2025-11-16 11:59:23,260 [ERROR] LogOutputStream:75 - [STDERR_REDIRECT] 
2025-11-16 11:59:24,259 [ERROR] LogOutputStream:75 - [STDERR_REDIRECT] [Fatal Error] :1:1: Premature end of file.
2025-11-16 11:59:24,259 [ERROR] LogOutputStream:75 - [STDERR_REDIRECT] 
2025-11-16 11:59:25,259 [ERROR] LogOutputStream:75 - [STDERR_REDIRECT] [Fatal Error] :1:1: Premature end of file.
2025-11-16 11:59:25,259 [ERROR] LogOutputStream:75 - [STDERR_REDIRECT] 
2025-11-16 11:59:26,259 [ERROR] LogOutputStream:75 - [STDERR_REDIRECT] [Fatal Error] :1:1: Premature end of file.
2025-11-16 11:59:26,259 [ERROR] LogOutputStream:75 - [STDERR_REDIRECT] 
2025-11-16 11:59:27,270 [ERROR] LogOutputStream:75 - [STDERR_REDIRECT] [Fatal Error] :1:1: Premature end of file.
2025-11-16 11:59:27,270 [ERROR] LogOutputStream:75 - [STDERR_REDIRECT] 
2025-11-16 11:59:28,257 [ERROR] LogOutputStream:75 - [STDERR_REDIRECT] [Fatal Error] :1:1: Premature end of file.
2025-11-16 11:59:28,257 [ERROR] LogOutputStream:75 - [STDERR_REDIRECT] 
2025-11-16 11:59:28,839 [INFO] BoardAction:48 - Features
2025-11-16 11:59:29,259 [ERROR] LogOutputStream:75 - [STDERR_REDIRECT] [Fatal Error] :1:1: Premature end of file.
2025-11-16 11:59:29,259 [ERROR] LogOutputStream:75 - [STDERR_REDIRECT] 
2025-11-16 11:59:30,262 [ERROR] LogOutputStream:75 - [STDERR_REDIRECT] [Fatal Error] :1:1: Premature end of file.
2025-11-16 11:59:30,262 [ERROR] LogOutputStream:75 - [STDERR_REDIRECT] 
2025-11-16 11:59:31,276 [ERROR] LogOutputStream:75 - [STDERR_REDIRECT] [Fatal Error] :1:1: Premature end of file.
2025-11-16 11:59:31,276 [ERROR] LogOutputStream:75 - [STDERR_REDIRECT] 
2025-11-16 11:59:32,262 [ERROR] LogOutputStream:75 - [STDERR_REDIRECT] [Fatal Error] :1:1: Premature end of file.
2025-11-16 11:59:32,262 [ERROR] LogOutputStream:75 - [STDERR_REDIRECT] 
2025-11-16 11:59:33,265 [ERROR] LogOutputStream:75 - [STDERR_REDIRECT] [Fatal Error] :1:1: Premature end of file.
2025-11-16 11:59:33,265 [ERROR] LogOutputStream:75 - [STDERR_REDIRECT] 
2025-11-16 11:59:34,265 [ERROR] LogOutputStream:75 - [STDERR_REDIRECT] [Fatal Error] :1:1: Premature end of file.
2025-11-16 11:59:34,266 [ERROR] LogOutputStream:75 - [STDERR_REDIRECT] 
2025-11-16 11:59:35,258 [ERROR] LogOutputStream:75 - [STDERR_REDIRECT] [Fatal Error] :1:1: Premature end of file.
2025-11-16 11:59:35,258 [ERROR] LogOutputStream:75 - [STDERR_REDIRECT] 
2025-11-16 11:59:36,259 [ERROR] LogOutputStream:75 - [STDERR_REDIRECT] [Fatal Error] :1:1: Premature end of file.
2025-11-16 11:59:36,259 [ERROR] LogOutputStream:75 - [STDERR_REDIRECT] 
2025-11-16 11:59:37,263 [ERROR] LogOutputStream:75 - [STDERR_REDIRECT] [Fatal Error] :1:1: Premature end of file.
2025-11-16 11:59:37,264 [ERROR] LogOutputStream:75 - [STDERR_REDIRECT] 
2025-11-16 11:59:38,260 [ERROR] LogOutputStream:75 - [STDERR_REDIRECT] [Fatal Error] :1:1: Premature end of file.
2025-11-16 11:59:38,260 [ERROR] LogOutputStream:75 - [STDERR_REDIRECT] 
2025-11-16 11:59:39,260 [ERROR] LogOutputStream:75 - [STDERR_REDIRECT] [Fatal Error] :1:1: Premature end of file.
2025-11-16 11:59:39,260 [ERROR] LogOutputStream:75 - [STDERR_REDIRECT] 
2025-11-16 11:59:40,257 [ERROR] LogOutputStream:75 - [STDERR_REDIRECT] [Fatal Error] :1:1: Premature end of file.
2025-11-16 11:59:40,257 [ERROR] LogOutputStream:75 - [STDERR_REDIRECT] 
2025-11-16 11:59:41,260 [ERROR] LogOutputStream:75 - [STDERR_REDIRECT] [Fatal Error] :1:1: Premature end of file.
2025-11-16 11:59:41,261 [ERROR] LogOutputStream:75 - [STDERR_REDIRECT] 
2025-11-16 11:59:42,258 [ERROR] LogOutputStream:75 - [STDERR_REDIRECT] [Fatal Error] :1:1: Premature end of file.
2025-11-16 11:59:42,258 [ERROR] LogOutputStream:75 - [STDERR_REDIRECT] 
2025-11-16 11:59:43,260 [ERROR] LogOutputStream:75 - [STDERR_REDIRECT] [Fatal Error] :1:1: Premature end of file.
2025-11-16 11:59:43,260 [ERROR] LogOutputStream:75 - [STDERR_REDIRECT] 
2025-11-16 11:59:44,258 [ERROR] LogOutputStream:75 - [STDERR_REDIRECT] [Fatal Error] :1:1: Premature end of file.
2025-11-16 11:59:44,258 [ERROR] LogOutputStream:75 - [STDERR_REDIRECT] 
2025-11-16 11:59:45,259 [ERROR] LogOutputStream:75 - [STDERR_REDIRECT] [Fatal Error] :1:1: Premature end of file.
2025-11-16 11:59:45,259 [ERROR] LogOutputStream:75 - [STDERR_REDIRECT] 
2025-11-16 11:59:46,259 [ERROR] LogOutputStream:75 - [STDERR_REDIRECT] [Fatal Error] :1:1: Premature end of file.
2025-11-16 11:59:46,259 [ERROR] LogOutputStream:75 - [STDERR_REDIRECT] 
2025-11-16 11:59:47,259 [ERROR] LogOutputStream:75 - [STDERR_REDIRECT] [Fatal Error] :1:1: Premature end of file.
2025-11-16 11:59:47,259 [ERROR] LogOutputStream:75 - [STDERR_REDIRECT] 
2025-11-16 11:59:48,260 [ERROR] LogOutputStream:75 - [STDERR_REDIRECT] [Fatal Error] :1:1: Premature end of file.
2025-11-16 11:59:48,260 [ERROR] LogOutputStream:75 - [STDERR_REDIRECT] 
2025-11-16 11:59:49,258 [ERROR] LogOutputStream:75 - [STDERR_REDIRECT] [Fatal Error] :1:1: Premature end of file.
2025-11-16 11:59:49,258 [ERROR] LogOutputStream:75 - [STDERR_REDIRECT] 
2025-11-16 11:59:50,262 [ERROR] LogOutputStream:75 - [STDERR_REDIRECT] [Fatal Error] :1:1: Premature end of file.
2025-11-16 11:59:50,262 [ERROR] LogOutputStream:75 - [STDERR_REDIRECT] 
2025-11-16 11:59:51,264 [ERROR] LogOutputStream:75 - [STDERR_REDIRECT] [Fatal Error] :1:1: Premature end of file.
2025-11-16 11:59:51,264 [ERROR] LogOutputStream:75 - [STDERR_REDIRECT] 
2025-11-16 11:59:52,268 [ERROR] LogOutputStream:75 - [STDERR_REDIRECT] [Fatal Error] :1:1: Premature end of file.
2025-11-16 11:59:52,268 [ERROR] LogOutputStream:75 - [STDERR_REDIRECT] 
2025-11-16 11:59:53,264 [ERROR] LogOutputStream:75 - [STDERR_REDIRECT] [Fatal Error] :1:1: Premature end of file.
2025-11-16 11:59:53,265 [ERROR] LogOutputStream:75 - [STDERR_REDIRECT] 
2025-11-16 11:59:54,266 [ERROR] LogOutputStream:75 - [STDERR_REDIRECT] [Fatal Error] :1:1: Premature end of file.
2025-11-16 11:59:54,266 [ERROR] LogOutputStream:75 - [STDERR_REDIRECT] 
2025-11-16 11:59:54,492 [ERROR] AppliInfo:139 - Unknown STM32CubeMX version: 6.16.0
2025-11-16 11:59:54,492 [ERROR] AppliInfo:139 - Unknown STM32CubeMX version: 6.16.0
2025-11-16 11:59:54,492 [ERROR] AppliInfo:139 - Unknown STM32CubeMX version: 6.16.0
2025-11-16 11:59:54,493 [ERROR] AppliInfo:139 - Unknown STM32CubeMX version: 6.16.0
2025-11-16 11:59:54,493 [ERROR] AppliInfo:139 - Unknown STM32CubeMX version: 6.16.0
2025-11-16 11:59:54,521 [ERROR] AppliInfo:139 - Unknown STM32CubeMX version: 6.16.0
2025-11-16 11:59:54,521 [ERROR] AppliInfo:139 - Unknown STM32CubeMX version: 6.16.0
2025-11-16 11:59:54,522 [ERROR] AppliInfo:139 - Unknown STM32CubeMX version: 6.16.0
2025-11-16 11:59:54,525 [ERROR] AppliInfo:139 - Unknown STM32CubeMX version: 6.16.0
2025-11-16 11:59:54,710 [ERROR] AppliInfo:139 - Unknown STM32CubeMX version: 6.16.0
2025-11-16 11:59:54,711 [ERROR] AppliInfo:139 - Unknown STM32CubeMX version: 6.16.0
2025-11-16 11:59:54,731 [ERROR] AppliInfo:139 - Unknown STM32CubeMX version: 6.16.0
2025-11-16 11:59:54,732 [ERROR] AppliInfo:139 - Unknown STM32CubeMX version: 6.16.0
2025-11-16 11:59:54,732 [ERROR] AppliInfo:139 - Unknown STM32CubeMX version: 6.16.0
2025-11-16 11:59:54,733 [ERROR] AppliInfo:139 - Unknown STM32CubeMX version: 6.16.0
2025-11-16 11:59:54,733 [ERROR] AppliInfo:139 - Unknown STM32CubeMX version: 6.16.0
2025-11-16 11:59:54,733 [ERROR] AppliInfo:139 - Unknown STM32CubeMX version: 6.16.0
2025-11-16 11:59:54,733 [ERROR] AppliInfo:139 - Unknown STM32CubeMX version: 6.16.0
2025-11-16 11:59:54,734 [ERROR] AppliInfo:139 - Unknown STM32CubeMX version: 6.16.0
2025-11-16 11:59:54,734 [ERROR] AppliInfo:139 - Unknown STM32CubeMX version: 6.16.0
2025-11-16 11:59:54,734 [ERROR] AppliInfo:139 - Unknown STM32CubeMX version: 6.16.0
2025-11-16 11:59:54,734 [ERROR] AppliInfo:139 - Unknown STM32CubeMX version: 6.16.0
2025-11-16 11:59:54,734 [ERROR] AppliInfo:139 - Unknown STM32CubeMX version: 6.16.0
2025-11-16 11:59:54,735 [ERROR] AppliInfo:139 - Unknown STM32CubeMX version: 6.16.0
2025-11-16 11:59:54,735 [ERROR] AppliInfo:139 - Unknown STM32CubeMX version: 6.16.0
2025-11-16 11:59:54,736 [ERROR] AppliInfo:139 - Unknown STM32CubeMX version: 6.16.0
2025-11-16 11:59:54,736 [ERROR] AppliInfo:139 - Unknown STM32CubeMX version: 6.16.0
2025-11-16 11:59:54,737 [ERROR] AppliInfo:139 - Unknown STM32CubeMX version: 6.16.0
2025-11-16 11:59:54,737 [ERROR] AppliInfo:139 - Unknown STM32CubeMX version: 6.16.0
2025-11-16 11:59:54,739 [ERROR] AppliInfo:139 - Unknown STM32CubeMX version: 6.16.0
2025-11-16 11:59:54,739 [ERROR] AppliInfo:139 - Unknown STM32CubeMX version: 6.16.0
2025-11-16 11:59:54,739 [ERROR] AppliInfo:139 - Unknown STM32CubeMX version: 6.16.0
2025-11-16 11:59:54,739 [ERROR] AppliInfo:139 - Unknown STM32CubeMX version: 6.16.0
2025-11-16 11:59:54,740 [ERROR] AppliInfo:139 - Unknown STM32CubeMX version: 6.16.0
2025-11-16 11:59:54,740 [ERROR] AppliInfo:139 - Unknown STM32CubeMX version: 6.16.0
2025-11-16 11:59:54,741 [ERROR] AppliInfo:139 - Unknown STM32CubeMX version: 6.16.0
2025-11-16 11:59:54,741 [ERROR] AppliInfo:139 - Unknown STM32CubeMX version: 6.16.0
2025-11-16 11:59:54,743 [ERROR] AppliInfo:139 - Unknown STM32CubeMX version: 6.16.0
2025-11-16 11:59:54,743 [ERROR] AppliInfo:139 - Unknown STM32CubeMX version: 6.16.0
2025-11-16 11:59:54,744 [ERROR] AppliInfo:139 - Unknown STM32CubeMX version: 6.16.0
2025-11-16 11:59:54,744 [ERROR] AppliInfo:139 - Unknown STM32CubeMX version: 6.16.0
2025-11-16 11:59:54,744 [ERROR] AppliInfo:139 - Unknown STM32CubeMX version: 6.16.0
2025-11-16 11:59:54,745 [ERROR] AppliInfo:139 - Unknown STM32CubeMX version: 6.16.0
2025-11-16 11:59:54,745 [ERROR] AppliInfo:139 - Unknown STM32CubeMX version: 6.16.0
2025-11-16 11:59:54,745 [ERROR] AppliInfo:139 - Unknown STM32CubeMX version: 6.16.0
2025-11-16 11:59:54,746 [ERROR] AppliInfo:139 - Unknown STM32CubeMX version: 6.16.0
2025-11-16 11:59:54,747 [ERROR] AppliInfo:139 - Unknown STM32CubeMX version: 6.16.0
2025-11-16 11:59:54,747 [ERROR] AppliInfo:139 - Unknown STM32CubeMX version: 6.16.0
2025-11-16 11:59:54,747 [ERROR] AppliInfo:139 - Unknown STM32CubeMX version: 6.16.0
2025-11-16 11:59:54,747 [ERROR] AppliInfo:139 - Unknown STM32CubeMX version: 6.16.0
2025-11-16 11:59:54,866 [ERROR] AppliInfo:139 - Unknown STM32CubeMX version: 6.16.0
2025-11-16 11:59:54,879 [ERROR] AppliInfo:139 - Unknown STM32CubeMX version: 6.16.0
2025-11-16 11:59:54,879 [ERROR] AppliInfo:139 - Unknown STM32CubeMX version: 6.16.0
2025-11-16 11:59:54,879 [ERROR] AppliInfo:139 - Unknown STM32CubeMX version: 6.16.0
2025-11-16 11:59:54,879 [ERROR] AppliInfo:139 - Unknown STM32CubeMX version: 6.16.0
2025-11-16 11:59:54,879 [ERROR] AppliInfo:139 - Unknown STM32CubeMX version: 6.16.0
2025-11-16 11:59:54,879 [ERROR] AppliInfo:139 - Unknown STM32CubeMX version: 6.16.0
2025-11-16 11:59:54,903 [ERROR] AppliInfo:139 - Unknown STM32CubeMX version: 6.12.1
2025-11-16 11:59:54,903 [ERROR] AppliInfo:139 - Unknown STM32CubeMX version: 6.16.0
2025-11-16 11:59:54,903 [ERROR] AppliInfo:139 - Unknown STM32CubeMX version: 6.16.0
2025-11-16 11:59:54,903 [ERROR] AppliInfo:139 - Unknown STM32CubeMX version: 6.16.0
2025-11-16 11:59:54,903 [ERROR] AppliInfo:139 - Unknown STM32CubeMX version: 6.16.0
2025-11-16 11:59:54,903 [ERROR] AppliInfo:139 - Unknown STM32CubeMX version: 6.16.0
2025-11-16 11:59:54,904 [ERROR] AppliInfo:139 - Unknown STM32CubeMX version: 6.16.0
2025-11-16 11:59:54,904 [ERROR] AppliInfo:139 - Unknown STM32CubeMX version: 6.16.0
2025-11-16 11:59:54,904 [ERROR] AppliInfo:139 - Unknown STM32CubeMX version: 6.16.0
2025-11-16 11:59:54,904 [ERROR] AppliInfo:139 - Unknown STM32CubeMX version: 6.16.0
2025-11-16 11:59:54,904 [ERROR] AppliInfo:139 - Unknown STM32CubeMX version: 6.16.0
2025-11-16 11:59:54,904 [ERROR] AppliInfo:139 - Unknown STM32CubeMX version: 6.16.0
2025-11-16 11:59:54,904 [ERROR] AppliInfo:139 - Unknown STM32CubeMX version: 6.16.0
2025-11-16 11:59:54,904 [ERROR] AppliInfo:139 - Unknown STM32CubeMX version: 6.16.0
2025-11-16 11:59:54,905 [ERROR] AppliInfo:139 - Unknown STM32CubeMX version: 6.16.0
2025-11-16 11:59:54,905 [ERROR] AppliInfo:139 - Unknown STM32CubeMX version: 6.16.0
2025-11-16 11:59:54,905 [ERROR] AppliInfo:139 - Unknown STM32CubeMX version: 6.16.0
2025-11-16 11:59:54,905 [ERROR] AppliInfo:139 - Unknown STM32CubeMX version: 6.16.0
2025-11-16 11:59:54,905 [ERROR] AppliInfo:139 - Unknown STM32CubeMX version: 6.16.0
2025-11-16 11:59:54,905 [ERROR] AppliInfo:139 - Unknown STM32CubeMX version: 6.16.0
2025-11-16 11:59:54,905 [ERROR] AppliInfo:139 - Unknown STM32CubeMX version: 6.16.0
2025-11-16 11:59:54,906 [ERROR] AppliInfo:139 - Unknown STM32CubeMX version: 6.16.0
2025-11-16 11:59:54,909 [ERROR] AppliInfo:139 - Unknown STM32CubeMX version: 6.16.0
2025-11-16 11:59:54,909 [ERROR] AppliInfo:139 - Unknown STM32CubeMX version: 6.16.0
2025-11-16 11:59:54,909 [ERROR] AppliInfo:139 - Unknown STM32CubeMX version: 6.16.0
2025-11-16 11:59:54,909 [ERROR] AppliInfo:139 - Unknown STM32CubeMX version: 6.16.0
2025-11-16 11:59:54,911 [ERROR] AppliInfo:139 - Unknown STM32CubeMX version: 6.16.0
2025-11-16 11:59:54,911 [ERROR] AppliInfo:139 - Unknown STM32CubeMX version: 6.16.0
2025-11-16 11:59:54,911 [ERROR] AppliInfo:139 - Unknown STM32CubeMX version: 6.16.0
2025-11-16 11:59:54,911 [ERROR] AppliInfo:139 - Unknown STM32CubeMX version: 6.16.0
2025-11-16 11:59:54,911 [ERROR] AppliInfo:139 - Unknown STM32CubeMX version: 6.16.0
2025-11-16 11:59:54,911 [ERROR] AppliInfo:139 - Unknown STM32CubeMX version: 6.16.0
2025-11-16 11:59:54,911 [ERROR] AppliInfo:139 - Unknown STM32CubeMX version: 6.16.0
2025-11-16 11:59:54,911 [ERROR] AppliInfo:139 - Unknown STM32CubeMX version: 6.16.0
2025-11-16 11:59:54,911 [ERROR] AppliInfo:139 - Unknown STM32CubeMX version: 6.16.0
2025-11-16 11:59:54,912 [ERROR] AppliInfo:139 - Unknown STM32CubeMX version: 6.16.0
2025-11-16 11:59:54,912 [ERROR] AppliInfo:139 - Unknown STM32CubeMX version: 6.16.0
2025-11-16 11:59:54,912 [ERROR] AppliInfo:139 - Unknown STM32CubeMX version: 6.16.0
2025-11-16 11:59:54,912 [ERROR] AppliInfo:139 - Unknown STM32CubeMX version: 6.16.0
2025-11-16 11:59:54,912 [ERROR] AppliInfo:139 - Unknown STM32CubeMX version: 6.16.0
2025-11-16 11:59:54,912 [ERROR] AppliInfo:139 - Unknown STM32CubeMX version: 6.16.0
2025-11-16 11:59:54,912 [ERROR] AppliInfo:139 - Unknown STM32CubeMX version: 6.16.0
2025-11-16 11:59:54,912 [ERROR] AppliInfo:139 - Unknown STM32CubeMX version: 6.16.0
2025-11-16 11:59:54,916 [ERROR] AppliInfo:139 - Unknown STM32CubeMX version: 6.16.0
2025-11-16 11:59:54,916 [ERROR] AppliInfo:139 - Unknown STM32CubeMX version: 6.16.0
2025-11-16 11:59:54,916 [ERROR] AppliInfo:139 - Unknown STM32CubeMX version: 6.16.0
2025-11-16 11:59:54,916 [ERROR] AppliInfo:139 - Unknown STM32CubeMX version: 6.16.0
2025-11-16 11:59:54,916 [ERROR] AppliInfo:139 - Unknown STM32CubeMX version: 6.16.0
2025-11-16 11:59:54,916 [ERROR] AppliInfo:139 - Unknown STM32CubeMX version: 6.16.0
2025-11-16 11:59:54,916 [ERROR] AppliInfo:139 - Unknown STM32CubeMX version: 6.16.0
2025-11-16 11:59:54,916 [ERROR] AppliInfo:139 - Unknown STM32CubeMX version: 6.16.0
2025-11-16 11:59:54,917 [ERROR] AppliInfo:139 - Unknown STM32CubeMX version: 6.16.0
2025-11-16 11:59:54,917 [ERROR] AppliInfo:139 - Unknown STM32CubeMX version: 6.16.0
2025-11-16 11:59:54,917 [ERROR] AppliInfo:139 - Unknown STM32CubeMX version: 6.16.0
2025-11-16 11:59:54,917 [ERROR] AppliInfo:139 - Unknown STM32CubeMX version: 6.16.0
2025-11-16 11:59:54,917 [ERROR] AppliInfo:139 - Unknown STM32CubeMX version: 6.16.0
2025-11-16 11:59:54,917 [ERROR] AppliInfo:139 - Unknown STM32CubeMX version: 6.16.0
2025-11-16 11:59:54,917 [ERROR] AppliInfo:139 - Unknown STM32CubeMX version: 6.16.0
2025-11-16 11:59:54,917 [ERROR] AppliInfo:139 - Unknown STM32CubeMX version: 6.16.0
2025-11-16 11:59:54,917 [ERROR] AppliInfo:139 - Unknown STM32CubeMX version: 6.16.0
2025-11-16 11:59:54,917 [ERROR] AppliInfo:139 - Unknown STM32CubeMX version: 6.16.0
2025-11-16 11:59:54,918 [ERROR] AppliInfo:139 - Unknown STM32CubeMX version: 6.16.0
2025-11-16 11:59:54,918 [ERROR] AppliInfo:139 - Unknown STM32CubeMX version: 6.16.0
2025-11-16 11:59:54,918 [ERROR] AppliInfo:139 - Unknown STM32CubeMX version: 6.16.0
2025-11-16 11:59:54,925 [ERROR] AppliInfo:139 - Unknown STM32CubeMX version: 6.16.0
2025-11-16 11:59:54,925 [ERROR] AppliInfo:139 - Unknown STM32CubeMX version: 6.16.0
2025-11-16 11:59:54,925 [ERROR] AppliInfo:139 - Unknown STM32CubeMX version: 6.16.0
2025-11-16 11:59:54,925 [ERROR] AppliInfo:139 - Unknown STM32CubeMX version: 6.16.0
2025-11-16 11:59:54,925 [ERROR] AppliInfo:139 - Unknown STM32CubeMX version: 6.16.0
2025-11-16 11:59:54,925 [ERROR] AppliInfo:139 - Unknown STM32CubeMX version: 6.16.0
2025-11-16 11:59:54,925 [ERROR] AppliInfo:139 - Unknown STM32CubeMX version: 6.16.0
2025-11-16 11:59:54,926 [ERROR] AppliInfo:139 - Unknown STM32CubeMX version: 6.16.0
2025-11-16 11:59:54,926 [ERROR] AppliInfo:139 - Unknown STM32CubeMX version: 6.16.0
2025-11-16 11:59:54,926 [ERROR] AppliInfo:139 - Unknown STM32CubeMX version: 6.16.0
2025-11-16 11:59:54,926 [ERROR] AppliInfo:139 - Unknown STM32CubeMX version: 6.16.0
2025-11-16 11:59:54,927 [ERROR] AppliInfo:139 - Unknown STM32CubeMX version: 6.16.0
2025-11-16 11:59:54,927 [ERROR] AppliInfo:139 - Unknown STM32CubeMX version: 6.16.0
2025-11-16 11:59:54,927 [ERROR] AppliInfo:139 - Unknown STM32CubeMX version: 6.16.0
2025-11-16 11:59:54,927 [ERROR] AppliInfo:139 - Unknown STM32CubeMX version: 6.16.0
2025-11-16 11:59:54,928 [ERROR] AppliInfo:139 - Unknown STM32CubeMX version: 6.16.0
2025-11-16 11:59:54,928 [ERROR] AppliInfo:139 - Unknown STM32CubeMX version: 6.16.0
2025-11-16 11:59:54,928 [ERROR] AppliInfo:139 - Unknown STM32CubeMX version: 6.16.0
2025-11-16 11:59:54,928 [ERROR] AppliInfo:139 - Unknown STM32CubeMX version: 6.16.0
2025-11-16 11:59:54,928 [ERROR] AppliInfo:139 - Unknown STM32CubeMX version: 6.16.0
2025-11-16 11:59:54,928 [ERROR] AppliInfo:139 - Unknown STM32CubeMX version: 6.16.0
2025-11-16 11:59:54,928 [ERROR] AppliInfo:139 - Unknown STM32CubeMX version: 6.16.0
2025-11-16 11:59:54,928 [ERROR] AppliInfo:139 - Unknown STM32CubeMX version: 6.16.0
2025-11-16 11:59:54,929 [ERROR] AppliInfo:139 - Unknown STM32CubeMX version: 6.16.0
2025-11-16 11:59:54,930 [ERROR] AppliInfo:139 - Unknown STM32CubeMX version: 6.16.0
2025-11-16 11:59:54,930 [ERROR] AppliInfo:139 - Unknown STM32CubeMX version: 6.16.0
2025-11-16 11:59:54,930 [ERROR] AppliInfo:139 - Unknown STM32CubeMX version: 6.16.0
2025-11-16 11:59:54,930 [ERROR] AppliInfo:139 - Unknown STM32CubeMX version: 6.16.0
2025-11-16 11:59:54,930 [ERROR] AppliInfo:139 - Unknown STM32CubeMX version: 6.16.0
2025-11-16 11:59:54,930 [ERROR] AppliInfo:139 - Unknown STM32CubeMX version: 6.16.0
2025-11-16 11:59:54,931 [ERROR] AppliInfo:139 - Unknown STM32CubeMX version: 6.16.0
2025-11-16 11:59:54,931 [ERROR] AppliInfo:139 - Unknown STM32CubeMX version: 6.16.0
2025-11-16 11:59:54,931 [ERROR] AppliInfo:139 - Unknown STM32CubeMX version: 6.16.0
2025-11-16 11:59:54,931 [ERROR] AppliInfo:139 - Unknown STM32CubeMX version: 6.16.0
2025-11-16 11:59:54,931 [ERROR] AppliInfo:139 - Unknown STM32CubeMX version: 6.16.0
2025-11-16 11:59:54,931 [ERROR] AppliInfo:139 - Unknown STM32CubeMX version: 6.16.0
2025-11-16 11:59:54,931 [ERROR] AppliInfo:139 - Unknown STM32CubeMX version: 6.16.0
2025-11-16 11:59:54,932 [ERROR] AppliInfo:139 - Unknown STM32CubeMX version: 6.16.0
2025-11-16 11:59:54,932 [ERROR] AppliInfo:139 - Unknown STM32CubeMX version: 6.16.0
2025-11-16 11:59:54,932 [ERROR] AppliInfo:139 - Unknown STM32CubeMX version: 6.16.0
2025-11-16 11:59:54,932 [ERROR] AppliInfo:139 - Unknown STM32CubeMX version: 6.16.0
2025-11-16 11:59:54,932 [ERROR] AppliInfo:139 - Unknown STM32CubeMX version: 6.16.0
2025-11-16 11:59:54,932 [ERROR] AppliInfo:139 - Unknown STM32CubeMX version: 6.16.0
2025-11-16 11:59:54,933 [ERROR] AppliInfo:139 - Unknown STM32CubeMX version: 6.16.0
2025-11-16 11:59:54,933 [ERROR] AppliInfo:139 - Unknown STM32CubeMX version: 6.16.0
2025-11-16 11:59:54,933 [ERROR] AppliInfo:139 - Unknown STM32CubeMX version: 6.16.0
2025-11-16 11:59:54,933 [ERROR] AppliInfo:139 - Unknown STM32CubeMX version: 6.16.0
2025-11-16 11:59:54,934 [ERROR] AppliInfo:139 - Unknown STM32CubeMX version: 6.16.0
2025-11-16 11:59:54,934 [ERROR] AppliInfo:139 - Unknown STM32CubeMX version: 6.16.0
2025-11-16 11:59:54,934 [ERROR] AppliInfo:139 - Unknown STM32CubeMX version: 6.16.0
2025-11-16 11:59:54,935 [ERROR] AppliInfo:139 - Unknown STM32CubeMX version: 6.16.0
2025-11-16 11:59:54,935 [ERROR] AppliInfo:139 - Unknown STM32CubeMX version: 6.16.0
2025-11-16 11:59:54,935 [ERROR] AppliInfo:139 - Unknown STM32CubeMX version: 6.16.0
2025-11-16 11:59:54,935 [ERROR] AppliInfo:139 - Unknown STM32CubeMX version: 6.16.0
2025-11-16 11:59:54,935 [ERROR] AppliInfo:139 - Unknown STM32CubeMX version: 6.16.0
2025-11-16 11:59:54,935 [ERROR] AppliInfo:139 - Unknown STM32CubeMX version: 6.16.0
2025-11-16 11:59:54,935 [ERROR] AppliInfo:139 - Unknown STM32CubeMX version: 6.16.0
2025-11-16 11:59:54,935 [ERROR] AppliInfo:139 - Unknown STM32CubeMX version: 6.16.0
2025-11-16 11:59:54,935 [ERROR] AppliInfo:139 - Unknown STM32CubeMX version: 6.16.0
2025-11-16 11:59:54,935 [ERROR] AppliInfo:139 - Unknown STM32CubeMX version: 6.16.0
2025-11-16 11:59:54,936 [ERROR] AppliInfo:139 - Unknown STM32CubeMX version: 6.16.0
2025-11-16 11:59:54,936 [ERROR] AppliInfo:139 - Unknown STM32CubeMX version: 6.16.0
2025-11-16 11:59:54,936 [ERROR] AppliInfo:139 - Unknown STM32CubeMX version: 6.16.0
2025-11-16 11:59:54,936 [ERROR] AppliInfo:139 - Unknown STM32CubeMX version: 6.16.0
2025-11-16 11:59:54,936 [ERROR] AppliInfo:139 - Unknown STM32CubeMX version: 6.16.0
2025-11-16 11:59:54,936 [ERROR] AppliInfo:139 - Unknown STM32CubeMX version: 6.16.0
2025-11-16 11:59:54,943 [ERROR] AppliInfo:139 - Unknown STM32CubeMX version: 6.16.0
2025-11-16 11:59:54,944 [ERROR] AppliInfo:139 - Unknown STM32CubeMX version: 6.16.0
2025-11-16 11:59:54,952 [ERROR] AppliInfo:139 - Unknown STM32CubeMX version: 6.16.0
2025-11-16 11:59:54,952 [ERROR] AppliInfo:139 - Unknown STM32CubeMX version: 6.16.0
2025-11-16 11:59:54,952 [ERROR] AppliInfo:139 - Unknown STM32CubeMX version: 6.16.0
2025-11-16 11:59:54,952 [ERROR] AppliInfo:139 - Unknown STM32CubeMX version: 6.16.0
2025-11-16 11:59:54,953 [ERROR] AppliInfo:139 - Unknown STM32CubeMX version: 6.16.0
2025-11-16 11:59:54,953 [ERROR] AppliInfo:139 - Unknown STM32CubeMX version: 6.16.0
2025-11-16 11:59:54,954 [ERROR] AppliInfo:139 - Unknown STM32CubeMX version: 6.16.0
2025-11-16 11:59:54,954 [ERROR] AppliInfo:139 - Unknown STM32CubeMX version: 6.16.0
2025-11-16 11:59:54,954 [ERROR] AppliInfo:139 - Unknown STM32CubeMX version: 6.16.0
2025-11-16 11:59:54,954 [ERROR] AppliInfo:139 - Unknown STM32CubeMX version: 6.16.0
2025-11-16 11:59:54,956 [ERROR] AppliInfo:139 - Unknown STM32CubeMX version: 6.16.0
2025-11-16 11:59:54,956 [ERROR] AppliInfo:139 - Unknown STM32CubeMX version: 6.16.0
2025-11-16 11:59:54,956 [ERROR] AppliInfo:139 - Unknown STM32CubeMX version: 6.16.0
2025-11-16 11:59:54,956 [ERROR] AppliInfo:139 - Unknown STM32CubeMX version: 6.16.0
2025-11-16 11:59:54,956 [ERROR] AppliInfo:139 - Unknown STM32CubeMX version: 6.16.0
2025-11-16 11:59:54,956 [ERROR] AppliInfo:139 - Unknown STM32CubeMX version: 6.16.0
2025-11-16 11:59:54,956 [ERROR] AppliInfo:139 - Unknown STM32CubeMX version: 6.16.0
2025-11-16 11:59:54,956 [ERROR] AppliInfo:139 - Unknown STM32CubeMX version: 6.16.0
2025-11-16 11:59:54,957 [ERROR] AppliInfo:139 - Unknown STM32CubeMX version: 6.16.0
2025-11-16 11:59:54,957 [ERROR] AppliInfo:139 - Unknown STM32CubeMX version: 6.16.0
2025-11-16 11:59:54,957 [ERROR] AppliInfo:139 - Unknown STM32CubeMX version: 6.16.0
2025-11-16 11:59:54,957 [ERROR] AppliInfo:139 - Unknown STM32CubeMX version: 6.16.0
2025-11-16 11:59:54,957 [ERROR] AppliInfo:139 - Unknown STM32CubeMX version: 6.16.0
2025-11-16 11:59:54,957 [ERROR] AppliInfo:139 - Unknown STM32CubeMX version: 6.16.0
2025-11-16 11:59:54,957 [ERROR] AppliInfo:139 - Unknown STM32CubeMX version: 6.16.0
2025-11-16 11:59:54,957 [ERROR] AppliInfo:139 - Unknown STM32CubeMX version: 6.16.0
2025-11-16 11:59:54,957 [ERROR] AppliInfo:139 - Unknown STM32CubeMX version: 6.16.0
2025-11-16 11:59:54,957 [ERROR] AppliInfo:139 - Unknown STM32CubeMX version: 6.16.0
2025-11-16 11:59:54,958 [ERROR] AppliInfo:139 - Unknown STM32CubeMX version: 6.16.0
2025-11-16 11:59:54,958 [ERROR] AppliInfo:139 - Unknown STM32CubeMX version: 6.16.0
2025-11-16 11:59:54,958 [ERROR] AppliInfo:139 - Unknown STM32CubeMX version: 6.16.0
2025-11-16 11:59:54,958 [ERROR] AppliInfo:139 - Unknown STM32CubeMX version: 6.16.0
2025-11-16 11:59:54,958 [ERROR] AppliInfo:139 - Unknown STM32CubeMX version: 6.16.0
2025-11-16 11:59:54,958 [ERROR] AppliInfo:139 - Unknown STM32CubeMX version: 6.16.0
2025-11-16 11:59:54,958 [ERROR] AppliInfo:139 - Unknown STM32CubeMX version: 6.16.0
2025-11-16 11:59:54,959 [ERROR] AppliInfo:139 - Unknown STM32CubeMX version: 6.16.0
2025-11-16 11:59:54,959 [ERROR] AppliInfo:139 - Unknown STM32CubeMX version: 6.16.0
2025-11-16 11:59:54,959 [ERROR] AppliInfo:139 - Unknown STM32CubeMX version: 6.16.0
2025-11-16 11:59:54,959 [ERROR] AppliInfo:139 - Unknown STM32CubeMX version: 6.16.0
2025-11-16 11:59:54,959 [ERROR] AppliInfo:139 - Unknown STM32CubeMX version: 6.16.0
2025-11-16 11:59:54,962 [ERROR] AppliInfo:139 - Unknown STM32CubeMX version: 6.16.0
2025-11-16 11:59:54,962 [ERROR] AppliInfo:139 - Unknown STM32CubeMX version: 6.16.0
2025-11-16 11:59:54,962 [ERROR] AppliInfo:139 - Unknown STM32CubeMX version: 6.16.0
2025-11-16 11:59:54,962 [ERROR] AppliInfo:139 - Unknown STM32CubeMX version: 6.16.0
2025-11-16 11:59:54,962 [ERROR] AppliInfo:139 - Unknown STM32CubeMX version: 6.16.0
2025-11-16 11:59:54,962 [ERROR] AppliInfo:139 - Unknown STM32CubeMX version: 6.16.0
2025-11-16 11:59:54,962 [ERROR] AppliInfo:139 - Unknown STM32CubeMX version: 6.16.0
2025-11-16 11:59:54,963 [ERROR] AppliInfo:139 - Unknown STM32CubeMX version: 6.16.0
2025-11-16 11:59:54,963 [ERROR] AppliInfo:139 - Unknown STM32CubeMX version: 6.16.0
2025-11-16 11:59:54,963 [ERROR] AppliInfo:139 - Unknown STM32CubeMX version: 6.16.0
2025-11-16 11:59:54,963 [ERROR] AppliInfo:139 - Unknown STM32CubeMX version: 6.16.0
2025-11-16 11:59:54,963 [ERROR] AppliInfo:139 - Unknown STM32CubeMX version: 6.16.0
2025-11-16 11:59:54,963 [ERROR] AppliInfo:139 - Unknown STM32CubeMX version: 6.16.0
2025-11-16 11:59:54,963 [ERROR] AppliInfo:139 - Unknown STM32CubeMX version: 6.16.0
2025-11-16 11:59:54,963 [ERROR] AppliInfo:139 - Unknown STM32CubeMX version: 6.16.0
2025-11-16 11:59:54,964 [ERROR] AppliInfo:139 - Unknown STM32CubeMX version: 6.16.0
2025-11-16 11:59:54,964 [ERROR] AppliInfo:139 - Unknown STM32CubeMX version: 6.16.0
2025-11-16 11:59:54,964 [ERROR] AppliInfo:139 - Unknown STM32CubeMX version: 6.16.0
2025-11-16 11:59:54,964 [ERROR] AppliInfo:139 - Unknown STM32CubeMX version: 6.16.0
2025-11-16 11:59:54,964 [ERROR] AppliInfo:139 - Unknown STM32CubeMX version: 6.16.0
2025-11-16 11:59:54,964 [ERROR] AppliInfo:139 - Unknown STM32CubeMX version: 6.16.0
2025-11-16 11:59:54,965 [ERROR] AppliInfo:139 - Unknown STM32CubeMX version: 6.16.0
2025-11-16 11:59:54,965 [ERROR] AppliInfo:139 - Unknown STM32CubeMX version: 6.16.0
2025-11-16 11:59:54,965 [ERROR] AppliInfo:139 - Unknown STM32CubeMX version: 6.16.0
2025-11-16 11:59:54,965 [ERROR] AppliInfo:139 - Unknown STM32CubeMX version: 6.16.0
2025-11-16 11:59:54,965 [ERROR] AppliInfo:139 - Unknown STM32CubeMX version: 6.16.0
2025-11-16 11:59:54,966 [ERROR] AppliInfo:139 - Unknown STM32CubeMX version: 6.16.0
2025-11-16 11:59:54,966 [ERROR] AppliInfo:139 - Unknown STM32CubeMX version: 6.16.0
2025-11-16 11:59:54,966 [ERROR] AppliInfo:139 - Unknown STM32CubeMX version: 6.16.0
2025-11-16 11:59:54,966 [ERROR] AppliInfo:139 - Unknown STM32CubeMX version: 6.16.0
2025-11-16 11:59:54,966 [ERROR] AppliInfo:139 - Unknown STM32CubeMX version: 6.16.0
2025-11-16 11:59:54,966 [ERROR] AppliInfo:139 - Unknown STM32CubeMX version: 6.16.0
2025-11-16 11:59:54,966 [ERROR] AppliInfo:139 - Unknown STM32CubeMX version: 6.16.0
2025-11-16 11:59:54,967 [ERROR] AppliInfo:139 - Unknown STM32CubeMX version: 6.16.0
2025-11-16 11:59:54,967 [ERROR] AppliInfo:139 - Unknown STM32CubeMX version: 6.16.0
2025-11-16 11:59:54,967 [ERROR] AppliInfo:139 - Unknown STM32CubeMX version: 6.16.0
2025-11-16 11:59:54,967 [ERROR] AppliInfo:139 - Unknown STM32CubeMX version: 6.16.0
2025-11-16 11:59:54,967 [ERROR] AppliInfo:139 - Unknown STM32CubeMX version: 6.16.0
2025-11-16 11:59:54,967 [ERROR] AppliInfo:139 - Unknown STM32CubeMX version: 6.16.0
2025-11-16 11:59:54,968 [ERROR] AppliInfo:139 - Unknown STM32CubeMX version: 6.16.0
2025-11-16 11:59:54,968 [ERROR] AppliInfo:139 - Unknown STM32CubeMX version: 6.16.0
2025-11-16 11:59:54,968 [ERROR] AppliInfo:139 - Unknown STM32CubeMX version: 6.16.0
2025-11-16 11:59:54,968 [ERROR] AppliInfo:139 - Unknown STM32CubeMX version: 6.16.0
2025-11-16 11:59:54,969 [ERROR] AppliInfo:139 - Unknown STM32CubeMX version: 6.16.0
2025-11-16 11:59:54,969 [ERROR] AppliInfo:139 - Unknown STM32CubeMX version: 6.16.0
2025-11-16 11:59:54,969 [ERROR] AppliInfo:139 - Unknown STM32CubeMX version: 6.16.0
2025-11-16 11:59:54,969 [ERROR] AppliInfo:139 - Unknown STM32CubeMX version: 6.16.0
2025-11-16 11:59:54,969 [ERROR] AppliInfo:139 - Unknown STM32CubeMX version: 6.16.0
2025-11-16 11:59:54,969 [ERROR] AppliInfo:139 - Unknown STM32CubeMX version: 6.16.0
2025-11-16 11:59:54,969 [ERROR] AppliInfo:139 - Unknown STM32CubeMX version: 6.16.0
2025-11-16 11:59:54,970 [ERROR] AppliInfo:139 - Unknown STM32CubeMX version: 6.16.0
2025-11-16 11:59:54,970 [ERROR] AppliInfo:139 - Unknown STM32CubeMX version: 6.16.0
2025-11-16 11:59:54,970 [ERROR] AppliInfo:139 - Unknown STM32CubeMX version: 6.16.0
2025-11-16 11:59:54,970 [ERROR] AppliInfo:139 - Unknown STM32CubeMX version: 6.16.0
2025-11-16 11:59:54,970 [ERROR] AppliInfo:139 - Unknown STM32CubeMX version: 6.16.0
2025-11-16 11:59:54,970 [ERROR] AppliInfo:139 - Unknown STM32CubeMX version: 6.16.0
2025-11-16 11:59:54,970 [ERROR] AppliInfo:139 - Unknown STM32CubeMX version: 6.16.0
2025-11-16 11:59:54,973 [ERROR] AppliInfo:139 - Unknown STM32CubeMX version: 6.16.0
2025-11-16 11:59:54,973 [ERROR] AppliInfo:139 - Unknown STM32CubeMX version: 6.16.0
2025-11-16 11:59:54,973 [ERROR] AppliInfo:139 - Unknown STM32CubeMX version: 6.16.0
2025-11-16 11:59:54,973 [ERROR] AppliInfo:139 - Unknown STM32CubeMX version: 6.16.0
2025-11-16 11:59:54,973 [ERROR] AppliInfo:139 - Unknown STM32CubeMX version: 6.16.0
2025-11-16 11:59:54,974 [ERROR] AppliInfo:139 - Unknown STM32CubeMX version: 6.16.0
2025-11-16 11:59:54,974 [ERROR] AppliInfo:139 - Unknown STM32CubeMX version: 6.16.0
2025-11-16 11:59:54,974 [ERROR] AppliInfo:139 - Unknown STM32CubeMX version: 6.16.0
2025-11-16 11:59:54,974 [ERROR] AppliInfo:139 - Unknown STM32CubeMX version: 6.16.0
2025-11-16 11:59:54,974 [ERROR] AppliInfo:139 - Unknown STM32CubeMX version: 6.16.0
2025-11-16 11:59:54,977 [ERROR] AppliInfo:139 - Unknown STM32CubeMX version: 6.16.0
2025-11-16 11:59:54,977 [ERROR] AppliInfo:139 - Unknown STM32CubeMX version: 6.16.0
2025-11-16 11:59:54,977 [ERROR] AppliInfo:139 - Unknown STM32CubeMX version: 6.16.0
2025-11-16 11:59:54,977 [ERROR] AppliInfo:139 - Unknown STM32CubeMX version: 6.16.0
2025-11-16 11:59:54,978 [ERROR] AppliInfo:139 - Unknown STM32CubeMX version: 6.16.0
2025-11-16 11:59:54,978 [ERROR] AppliInfo:139 - Unknown STM32CubeMX version: 6.16.0
2025-11-16 11:59:54,978 [ERROR] AppliInfo:139 - Unknown STM32CubeMX version: 6.16.0
2025-11-16 11:59:54,978 [ERROR] AppliInfo:139 - Unknown STM32CubeMX version: 6.16.0
2025-11-16 11:59:54,978 [ERROR] AppliInfo:139 - Unknown STM32CubeMX version: 6.16.0
2025-11-16 11:59:54,978 [ERROR] AppliInfo:139 - Unknown STM32CubeMX version: 6.16.0
2025-11-16 11:59:54,978 [ERROR] AppliInfo:139 - Unknown STM32CubeMX version: 6.16.0
2025-11-16 11:59:54,979 [ERROR] AppliInfo:139 - Unknown STM32CubeMX version: 6.16.0
2025-11-16 11:59:54,979 [ERROR] AppliInfo:139 - Unknown STM32CubeMX version: 6.16.0
2025-11-16 11:59:54,979 [ERROR] AppliInfo:139 - Unknown STM32CubeMX version: 6.16.0
2025-11-16 11:59:54,980 [ERROR] AppliInfo:139 - Unknown STM32CubeMX version: 6.16.0
2025-11-16 11:59:54,980 [ERROR] AppliInfo:139 - Unknown STM32CubeMX version: 6.16.0
2025-11-16 11:59:54,980 [ERROR] AppliInfo:139 - Unknown STM32CubeMX version: 6.16.0
2025-11-16 11:59:54,981 [ERROR] AppliInfo:139 - Unknown STM32CubeMX version: 6.16.0
2025-11-16 11:59:54,981 [ERROR] AppliInfo:139 - Unknown STM32CubeMX version: 6.16.0
2025-11-16 11:59:54,981 [ERROR] AppliInfo:139 - Unknown STM32CubeMX version: 6.16.0
2025-11-16 11:59:54,981 [ERROR] AppliInfo:139 - Unknown STM32CubeMX version: 6.16.0
2025-11-16 11:59:54,981 [ERROR] AppliInfo:139 - Unknown STM32CubeMX version: 6.16.0
2025-11-16 11:59:54,981 [ERROR] AppliInfo:139 - Unknown STM32CubeMX version: 6.16.0
2025-11-16 11:59:54,983 [ERROR] AppliInfo:139 - Unknown STM32CubeMX version: 6.16.0
2025-11-16 11:59:54,983 [ERROR] AppliInfo:139 - Unknown STM32CubeMX version: 6.16.0
2025-11-16 11:59:54,984 [ERROR] AppliInfo:139 - Unknown STM32CubeMX version: 6.16.0
2025-11-16 11:59:54,984 [ERROR] AppliInfo:139 - Unknown STM32CubeMX version: 6.16.0
2025-11-16 11:59:54,984 [ERROR] AppliInfo:139 - Unknown STM32CubeMX version: 6.16.0
2025-11-16 11:59:54,984 [ERROR] AppliInfo:139 - Unknown STM32CubeMX version: 6.16.0
2025-11-16 11:59:54,985 [ERROR] AppliInfo:139 - Unknown STM32CubeMX version: 6.16.0
2025-11-16 11:59:54,985 [ERROR] AppliInfo:139 - Unknown STM32CubeMX version: 6.16.0
2025-11-16 11:59:54,985 [ERROR] AppliInfo:139 - Unknown STM32CubeMX version: 6.16.0
2025-11-16 11:59:54,985 [ERROR] AppliInfo:139 - Unknown STM32CubeMX version: 6.16.0
2025-11-16 11:59:54,985 [ERROR] AppliInfo:139 - Unknown STM32CubeMX version: 6.16.0
2025-11-16 11:59:54,986 [ERROR] AppliInfo:139 - Unknown STM32CubeMX version: 6.16.0
2025-11-16 11:59:54,986 [ERROR] AppliInfo:139 - Unknown STM32CubeMX version: 6.16.0
2025-11-16 11:59:54,986 [ERROR] AppliInfo:139 - Unknown STM32CubeMX version: 6.16.0
2025-11-16 11:59:54,986 [ERROR] AppliInfo:139 - Unknown STM32CubeMX version: 6.16.0
2025-11-16 11:59:54,986 [ERROR] AppliInfo:139 - Unknown STM32CubeMX version: 6.16.0
2025-11-16 11:59:54,986 [ERROR] AppliInfo:139 - Unknown STM32CubeMX version: 6.16.0
2025-11-16 11:59:54,986 [ERROR] AppliInfo:139 - Unknown STM32CubeMX version: 6.16.0
2025-11-16 11:59:54,986 [ERROR] AppliInfo:139 - Unknown STM32CubeMX version: 6.16.0
2025-11-16 11:59:54,987 [ERROR] AppliInfo:139 - Unknown STM32CubeMX version: 6.16.0
2025-11-16 11:59:54,987 [ERROR] AppliInfo:139 - Unknown STM32CubeMX version: 6.16.0
2025-11-16 11:59:54,987 [ERROR] AppliInfo:139 - Unknown STM32CubeMX version: 6.16.0
2025-11-16 11:59:54,987 [ERROR] AppliInfo:139 - Unknown STM32CubeMX version: 6.16.0
2025-11-16 11:59:55,011 [ERROR] AppliInfo:139 - Unknown STM32CubeMX version: 6.16.0
2025-11-16 11:59:55,012 [ERROR] AppliInfo:139 - Unknown STM32CubeMX version: 6.16.0
2025-11-16 11:59:55,012 [ERROR] AppliInfo:139 - Unknown STM32CubeMX version: 6.16.0
2025-11-16 11:59:55,012 [ERROR] AppliInfo:139 - Unknown STM32CubeMX version: 6.16.0
2025-11-16 11:59:55,012 [ERROR] AppliInfo:139 - Unknown STM32CubeMX version: 6.16.0
2025-11-16 11:59:55,012 [ERROR] AppliInfo:139 - Unknown STM32CubeMX version: 6.16.0
2025-11-16 11:59:55,012 [ERROR] AppliInfo:139 - Unknown STM32CubeMX version: 6.16.0
2025-11-16 11:59:55,013 [ERROR] AppliInfo:139 - Unknown STM32CubeMX version: 6.16.0
2025-11-16 11:59:55,013 [ERROR] AppliInfo:139 - Unknown STM32CubeMX version: 6.16.0
2025-11-16 11:59:55,013 [ERROR] AppliInfo:139 - Unknown STM32CubeMX version: 6.16.0
2025-11-16 11:59:55,013 [ERROR] AppliInfo:139 - Unknown STM32CubeMX version: 6.16.0
2025-11-16 11:59:55,013 [ERROR] AppliInfo:139 - Unknown STM32CubeMX version: 6.16.0
2025-11-16 11:59:55,013 [ERROR] AppliInfo:139 - Unknown STM32CubeMX version: 6.16.0
2025-11-16 11:59:55,013 [ERROR] AppliInfo:139 - Unknown STM32CubeMX version: 6.16.0
2025-11-16 11:59:55,013 [ERROR] AppliInfo:139 - Unknown STM32CubeMX version: 6.16.0
2025-11-16 11:59:55,014 [ERROR] AppliInfo:139 - Unknown STM32CubeMX version: 6.16.0
2025-11-16 11:59:55,014 [ERROR] AppliInfo:139 - Unknown STM32CubeMX version: 6.16.0
2025-11-16 11:59:55,014 [ERROR] AppliInfo:139 - Unknown STM32CubeMX version: 6.16.0
2025-11-16 11:59:55,015 [ERROR] AppliInfo:139 - Unknown STM32CubeMX version: 6.16.0
2025-11-16 11:59:55,052 [ERROR] AppliInfo:139 - Unknown STM32CubeMX version: 6.16.0
2025-11-16 11:59:55,052 [ERROR] AppliInfo:139 - Unknown STM32CubeMX version: 6.16.0
2025-11-16 11:59:55,052 [ERROR] AppliInfo:139 - Unknown STM32CubeMX version: 6.16.0
2025-11-16 11:59:55,052 [ERROR] AppliInfo:139 - Unknown STM32CubeMX version: 6.16.0
2025-11-16 11:59:55,052 [ERROR] AppliInfo:139 - Unknown STM32CubeMX version: 6.16.0
2025-11-16 11:59:55,052 [ERROR] AppliInfo:139 - Unknown STM32CubeMX version: 6.16.0
2025-11-16 11:59:55,053 [ERROR] AppliInfo:139 - Unknown STM32CubeMX version: 6.16.0
2025-11-16 11:59:55,053 [ERROR] AppliInfo:139 - Unknown STM32CubeMX version: 6.16.0
2025-11-16 11:59:55,053 [ERROR] AppliInfo:139 - Unknown STM32CubeMX version: 6.16.0
2025-11-16 11:59:55,053 [ERROR] AppliInfo:139 - Unknown STM32CubeMX version: 6.16.0
2025-11-16 11:59:55,053 [ERROR] AppliInfo:139 - Unknown STM32CubeMX version: 6.16.0
2025-11-16 11:59:55,053 [ERROR] AppliInfo:139 - Unknown STM32CubeMX version: 6.16.0
2025-11-16 11:59:55,053 [ERROR] AppliInfo:139 - Unknown STM32CubeMX version: 6.16.0
2025-11-16 11:59:55,053 [ERROR] AppliInfo:139 - Unknown STM32CubeMX version: 6.16.0
2025-11-16 11:59:55,053 [ERROR] AppliInfo:139 - Unknown STM32CubeMX version: 6.16.0
2025-11-16 11:59:55,054 [ERROR] AppliInfo:139 - Unknown STM32CubeMX version: 6.16.0
2025-11-16 11:59:55,054 [ERROR] AppliInfo:139 - Unknown STM32CubeMX version: 6.16.0
2025-11-16 11:59:55,054 [ERROR] AppliInfo:139 - Unknown STM32CubeMX version: 6.16.0
2025-11-16 11:59:55,054 [ERROR] AppliInfo:139 - Unknown STM32CubeMX version: 6.16.0
2025-11-16 11:59:55,056 [ERROR] AppliInfo:139 - Unknown STM32CubeMX version: 6.16.0
2025-11-16 11:59:55,056 [ERROR] AppliInfo:139 - Unknown STM32CubeMX version: 6.16.0
2025-11-16 11:59:55,062 [ERROR] AppliInfo:139 - Unknown STM32CubeMX version: 6.16.0
2025-11-16 11:59:55,062 [ERROR] AppliInfo:139 - Unknown STM32CubeMX version: 6.16.0
2025-11-16 11:59:55,062 [ERROR] AppliInfo:139 - Unknown STM32CubeMX version: 6.16.0
2025-11-16 11:59:55,069 [ERROR] AppliInfo:139 - Unknown STM32CubeMX version: 6.16.0
2025-11-16 11:59:55,069 [ERROR] AppliInfo:139 - Unknown STM32CubeMX version: 6.16.0
2025-11-16 11:59:55,069 [ERROR] AppliInfo:139 - Unknown STM32CubeMX version: 6.16.0
2025-11-16 11:59:55,069 [ERROR] AppliInfo:139 - Unknown STM32CubeMX version: 6.16.0
2025-11-16 11:59:55,069 [ERROR] AppliInfo:139 - Unknown STM32CubeMX version: 6.16.0
2025-11-16 11:59:55,069 [ERROR] AppliInfo:139 - Unknown STM32CubeMX version: 6.16.0
2025-11-16 11:59:55,070 [ERROR] AppliInfo:139 - Unknown STM32CubeMX version: 6.16.0
2025-11-16 11:59:55,070 [ERROR] AppliInfo:139 - Unknown STM32CubeMX version: 6.16.0
2025-11-16 11:59:55,070 [ERROR] AppliInfo:139 - Unknown STM32CubeMX version: 6.16.0
2025-11-16 11:59:55,070 [ERROR] AppliInfo:139 - Unknown STM32CubeMX version: 6.16.0
2025-11-16 11:59:55,070 [ERROR] AppliInfo:139 - Unknown STM32CubeMX version: 6.16.0
2025-11-16 11:59:55,071 [ERROR] AppliInfo:139 - Unknown STM32CubeMX version: 6.16.0
2025-11-16 11:59:55,071 [ERROR] AppliInfo:139 - Unknown STM32CubeMX version: 6.16.0
2025-11-16 11:59:55,071 [ERROR] AppliInfo:139 - Unknown STM32CubeMX version: 6.16.0
2025-11-16 11:59:55,071 [ERROR] AppliInfo:139 - Unknown STM32CubeMX version: 6.16.0
2025-11-16 11:59:55,071 [ERROR] AppliInfo:139 - Unknown STM32CubeMX version: 6.16.0
2025-11-16 11:59:55,071 [ERROR] AppliInfo:139 - Unknown STM32CubeMX version: 6.16.0
2025-11-16 11:59:55,071 [ERROR] AppliInfo:139 - Unknown STM32CubeMX version: 6.16.0
2025-11-16 11:59:55,071 [ERROR] AppliInfo:139 - Unknown STM32CubeMX version: 6.16.0
2025-11-16 11:59:55,073 [ERROR] AppliInfo:139 - Unknown STM32CubeMX version: 6.16.0
2025-11-16 11:59:55,073 [ERROR] AppliInfo:139 - Unknown STM32CubeMX version: 6.16.0
2025-11-16 11:59:55,073 [ERROR] AppliInfo:139 - Unknown STM32CubeMX version: 6.16.0
2025-11-16 11:59:55,073 [ERROR] AppliInfo:139 - Unknown STM32CubeMX version: 6.16.0
2025-11-16 11:59:55,073 [ERROR] AppliInfo:139 - Unknown STM32CubeMX version: 6.16.0
2025-11-16 11:59:55,073 [ERROR] AppliInfo:139 - Unknown STM32CubeMX version: 6.16.0
2025-11-16 11:59:55,073 [ERROR] AppliInfo:139 - Unknown STM32CubeMX version: 6.16.0
2025-11-16 11:59:55,073 [ERROR] AppliInfo:139 - Unknown STM32CubeMX version: 6.16.0
2025-11-16 11:59:55,074 [ERROR] AppliInfo:139 - Unknown STM32CubeMX version: 6.16.0
2025-11-16 11:59:55,074 [ERROR] AppliInfo:139 - Unknown STM32CubeMX version: 6.16.0
2025-11-16 11:59:55,074 [ERROR] AppliInfo:139 - Unknown STM32CubeMX version: 6.16.0
2025-11-16 11:59:55,074 [ERROR] AppliInfo:139 - Unknown STM32CubeMX version: 6.16.0
2025-11-16 11:59:55,074 [ERROR] AppliInfo:139 - Unknown STM32CubeMX version: 6.16.0
2025-11-16 11:59:55,074 [ERROR] AppliInfo:139 - Unknown STM32CubeMX version: 6.16.0
2025-11-16 11:59:55,074 [ERROR] AppliInfo:139 - Unknown STM32CubeMX version: 6.16.0
2025-11-16 11:59:55,074 [ERROR] AppliInfo:139 - Unknown STM32CubeMX version: 6.16.0
2025-11-16 11:59:55,074 [ERROR] AppliInfo:139 - Unknown STM32CubeMX version: 6.16.0
2025-11-16 11:59:55,074 [ERROR] AppliInfo:139 - Unknown STM32CubeMX version: 6.16.0
2025-11-16 11:59:55,075 [ERROR] AppliInfo:139 - Unknown STM32CubeMX version: 6.16.0
2025-11-16 11:59:55,075 [ERROR] AppliInfo:139 - Unknown STM32CubeMX version: 6.16.0
2025-11-16 11:59:55,075 [ERROR] AppliInfo:139 - Unknown STM32CubeMX version: 6.16.0
2025-11-16 11:59:55,075 [ERROR] AppliInfo:139 - Unknown STM32CubeMX version: 6.16.0
2025-11-16 11:59:55,075 [ERROR] AppliInfo:139 - Unknown STM32CubeMX version: 6.16.0
2025-11-16 11:59:55,075 [ERROR] AppliInfo:139 - Unknown STM32CubeMX version: 6.16.0
2025-11-16 11:59:55,075 [ERROR] AppliInfo:139 - Unknown STM32CubeMX version: 6.16.0
2025-11-16 11:59:55,075 [ERROR] AppliInfo:139 - Unknown STM32CubeMX version: 6.16.0
2025-11-16 11:59:55,075 [ERROR] AppliInfo:139 - Unknown STM32CubeMX version: 6.16.0
2025-11-16 11:59:55,076 [ERROR] AppliInfo:139 - Unknown STM32CubeMX version: 6.16.0
2025-11-16 11:59:55,076 [ERROR] AppliInfo:139 - Unknown STM32CubeMX version: 6.16.0
2025-11-16 11:59:55,076 [ERROR] AppliInfo:139 - Unknown STM32CubeMX version: 6.16.0
2025-11-16 11:59:55,076 [ERROR] AppliInfo:139 - Unknown STM32CubeMX version: 6.16.0
2025-11-16 11:59:55,076 [ERROR] AppliInfo:139 - Unknown STM32CubeMX version: 6.16.0
2025-11-16 11:59:55,076 [ERROR] AppliInfo:139 - Unknown STM32CubeMX version: 6.16.0
2025-11-16 11:59:55,076 [ERROR] AppliInfo:139 - Unknown STM32CubeMX version: 6.16.0
2025-11-16 11:59:55,076 [ERROR] AppliInfo:139 - Unknown STM32CubeMX version: 6.16.0
2025-11-16 11:59:55,076 [ERROR] AppliInfo:139 - Unknown STM32CubeMX version: 6.16.0
2025-11-16 11:59:55,076 [ERROR] AppliInfo:139 - Unknown STM32CubeMX version: 6.16.0
2025-11-16 11:59:55,077 [ERROR] AppliInfo:139 - Unknown STM32CubeMX version: 6.16.0
2025-11-16 11:59:55,077 [ERROR] AppliInfo:139 - Unknown STM32CubeMX version: 6.16.0
2025-11-16 11:59:55,077 [ERROR] AppliInfo:139 - Unknown STM32CubeMX version: 6.16.0
2025-11-16 11:59:55,077 [ERROR] AppliInfo:139 - Unknown STM32CubeMX version: 6.16.0
2025-11-16 11:59:55,258 [ERROR] LogOutputStream:75 - [STDERR_REDIRECT] [Fatal Error] :1:1: Premature end of file.
2025-11-16 11:59:55,260 [ERROR] LogOutputStream:75 - [STDERR_REDIRECT] 
2025-11-16 11:59:56,267 [ERROR] LogOutputStream:75 - [STDERR_REDIRECT] [Fatal Error] :1:1: Premature end of file.
2025-11-16 11:59:56,267 [ERROR] LogOutputStream:75 - [STDERR_REDIRECT] 
2025-11-16 11:59:57,257 [ERROR] LogOutputStream:75 - [STDERR_REDIRECT] [Fatal Error] :1:1: Premature end of file.
2025-11-16 11:59:57,258 [ERROR] LogOutputStream:75 - [STDERR_REDIRECT] 
2025-11-16 11:59:58,261 [ERROR] LogOutputStream:75 - [STDERR_REDIRECT] [Fatal Error] :1:1: Premature end of file.
2025-11-16 11:59:58,261 [ERROR] LogOutputStream:75 - [STDERR_REDIRECT] 
2025-11-16 11:59:59,268 [ERROR] LogOutputStream:75 - [STDERR_REDIRECT] [Fatal Error] :1:1: Premature end of file.
2025-11-16 11:59:59,268 [ERROR] LogOutputStream:75 - [STDERR_REDIRECT] 
2025-11-16 12:00:00,259 [ERROR] LogOutputStream:75 - [STDERR_REDIRECT] [Fatal Error] :1:1: Premature end of file.
2025-11-16 12:00:00,259 [ERROR] LogOutputStream:75 - [STDERR_REDIRECT] 
2025-11-16 12:00:01,267 [ERROR] LogOutputStream:75 - [STDERR_REDIRECT] [Fatal Error] :1:1: Premature end of file.
2025-11-16 12:00:01,267 [ERROR] LogOutputStream:75 - [STDERR_REDIRECT] 
2025-11-16 12:00:02,262 [ERROR] LogOutputStream:75 - [STDERR_REDIRECT] [Fatal Error] :1:1: Premature end of file.
2025-11-16 12:00:02,262 [ERROR] LogOutputStream:75 - [STDERR_REDIRECT] 
2025-11-16 12:00:03,259 [ERROR] LogOutputStream:75 - [STDERR_REDIRECT] [Fatal Error] :1:1: Premature end of file.
2025-11-16 12:00:03,259 [ERROR] LogOutputStream:75 - [STDERR_REDIRECT] 
2025-11-16 12:00:04,258 [ERROR] LogOutputStream:75 - [STDERR_REDIRECT] [Fatal Error] :1:1: Premature end of file.
2025-11-16 12:00:04,258 [ERROR] LogOutputStream:75 - [STDERR_REDIRECT] 
2025-11-16 12:00:05,255 [ERROR] LogOutputStream:75 - [STDERR_REDIRECT] [Fatal Error] :1:1: Premature end of file.
2025-11-16 12:00:05,255 [ERROR] LogOutputStream:75 - [STDERR_REDIRECT] 
2025-11-16 12:00:06,264 [ERROR] LogOutputStream:75 - [STDERR_REDIRECT] [Fatal Error] :1:1: Premature end of file.
2025-11-16 12:00:06,264 [ERROR] LogOutputStream:75 - [STDERR_REDIRECT] 
2025-11-16 12:00:07,266 [ERROR] LogOutputStream:75 - [STDERR_REDIRECT] [Fatal Error] :1:1: Premature end of file.
2025-11-16 12:00:07,266 [ERROR] LogOutputStream:75 - [STDERR_REDIRECT] 
2025-11-16 12:00:08,267 [ERROR] LogOutputStream:75 - [STDERR_REDIRECT] [Fatal Error] :1:1: Premature end of file.
2025-11-16 12:00:08,267 [ERROR] LogOutputStream:75 - [STDERR_REDIRECT] 
2025-11-16 12:00:09,263 [ERROR] LogOutputStream:75 - [STDERR_REDIRECT] [Fatal Error] :1:1: Premature end of file.
2025-11-16 12:00:09,263 [ERROR] LogOutputStream:75 - [STDERR_REDIRECT] 
2025-11-16 12:00:10,259 [ERROR] LogOutputStream:75 - [STDERR_REDIRECT] [Fatal Error] :1:1: Premature end of file.
2025-11-16 12:00:10,259 [ERROR] LogOutputStream:75 - [STDERR_REDIRECT] 
2025-11-16 12:00:10,909 [ERROR] AppliInfo:139 - Unknown STM32CubeMX version: 6.16.0
2025-11-16 12:00:10,910 [ERROR] AppliInfo:139 - Unknown STM32CubeMX version: 6.16.0
2025-11-16 12:00:10,910 [ERROR] AppliInfo:139 - Unknown STM32CubeMX version: 6.16.0
2025-11-16 12:00:10,910 [ERROR] AppliInfo:139 - Unknown STM32CubeMX version: 6.16.0
2025-11-16 12:00:10,910 [ERROR] AppliInfo:139 - Unknown STM32CubeMX version: 6.16.0
2025-11-16 12:00:10,922 [ERROR] AppliInfo:139 - Unknown STM32CubeMX version: 6.16.0
2025-11-16 12:00:10,922 [ERROR] AppliInfo:139 - Unknown STM32CubeMX version: 6.16.0
2025-11-16 12:00:10,922 [ERROR] AppliInfo:139 - Unknown STM32CubeMX version: 6.16.0
2025-11-16 12:00:10,924 [ERROR] AppliInfo:139 - Unknown STM32CubeMX version: 6.16.0
2025-11-16 12:00:11,276 [ERROR] LogOutputStream:75 - [STDERR_REDIRECT] [Fatal Error] :1:1: Premature end of file.
2025-11-16 12:00:11,276 [ERROR] LogOutputStream:75 - [STDERR_REDIRECT] 
2025-11-16 12:00:12,236 [ERROR] AppliInfo:139 - Unknown STM32CubeMX version: 6.16.0
2025-11-16 12:00:12,236 [ERROR] AppliInfo:139 - Unknown STM32CubeMX version: 6.16.0
2025-11-16 12:00:12,236 [ERROR] AppliInfo:139 - Unknown STM32CubeMX version: 6.16.0
2025-11-16 12:00:12,236 [ERROR] AppliInfo:139 - Unknown STM32CubeMX version: 6.16.0
2025-11-16 12:00:12,236 [ERROR] AppliInfo:139 - Unknown STM32CubeMX version: 6.16.0
2025-11-16 12:00:12,244 [ERROR] AppliInfo:139 - Unknown STM32CubeMX version: 6.16.0
2025-11-16 12:00:12,244 [ERROR] AppliInfo:139 - Unknown STM32CubeMX version: 6.16.0
2025-11-16 12:00:12,244 [ERROR] AppliInfo:139 - Unknown STM32CubeMX version: 6.16.0
2025-11-16 12:00:12,245 [ERROR] AppliInfo:139 - Unknown STM32CubeMX version: 6.16.0
2025-11-16 12:00:12,260 [ERROR] LogOutputStream:75 - [STDERR_REDIRECT] [Fatal Error] :1:1: Premature end of file.
2025-11-16 12:00:12,260 [ERROR] LogOutputStream:75 - [STDERR_REDIRECT] 
2025-11-16 12:00:13,266 [ERROR] LogOutputStream:75 - [STDERR_REDIRECT] [Fatal Error] :1:1: Premature end of file.
2025-11-16 12:00:13,266 [ERROR] LogOutputStream:75 - [STDERR_REDIRECT] 
2025-11-16 12:00:14,089 [ERROR] AppliInfo:139 - Unknown STM32CubeMX version: 6.16.0
2025-11-16 12:00:14,089 [ERROR] AppliInfo:139 - Unknown STM32CubeMX version: 6.16.0
2025-11-16 12:00:14,089 [ERROR] AppliInfo:139 - Unknown STM32CubeMX version: 6.16.0
2025-11-16 12:00:14,089 [ERROR] AppliInfo:139 - Unknown STM32CubeMX version: 6.16.0
2025-11-16 12:00:14,089 [ERROR] AppliInfo:139 - Unknown STM32CubeMX version: 6.16.0
2025-11-16 12:00:14,098 [ERROR] AppliInfo:139 - Unknown STM32CubeMX version: 6.16.0
2025-11-16 12:00:14,098 [ERROR] AppliInfo:139 - Unknown STM32CubeMX version: 6.16.0
2025-11-16 12:00:14,098 [ERROR] AppliInfo:139 - Unknown STM32CubeMX version: 6.16.0
2025-11-16 12:00:14,099 [ERROR] AppliInfo:139 - Unknown STM32CubeMX version: 6.16.0
2025-11-16 12:00:14,257 [ERROR] LogOutputStream:75 - [STDERR_REDIRECT] [Fatal Error] :1:1: Premature end of file.
2025-11-16 12:00:14,257 [ERROR] LogOutputStream:75 - [STDERR_REDIRECT] 
2025-11-16 12:00:15,053 [ERROR] AppliInfo:139 - Unknown STM32CubeMX version: 6.16.0
2025-11-16 12:00:15,053 [ERROR] AppliInfo:139 - Unknown STM32CubeMX version: 6.16.0
2025-11-16 12:00:15,053 [ERROR] AppliInfo:139 - Unknown STM32CubeMX version: 6.16.0
2025-11-16 12:00:15,053 [ERROR] AppliInfo:139 - Unknown STM32CubeMX version: 6.16.0
2025-11-16 12:00:15,054 [ERROR] AppliInfo:139 - Unknown STM32CubeMX version: 6.16.0
2025-11-16 12:00:15,062 [ERROR] AppliInfo:139 - Unknown STM32CubeMX version: 6.16.0
2025-11-16 12:00:15,062 [ERROR] AppliInfo:139 - Unknown STM32CubeMX version: 6.16.0
2025-11-16 12:00:15,062 [ERROR] AppliInfo:139 - Unknown STM32CubeMX version: 6.16.0
2025-11-16 12:00:15,064 [ERROR] AppliInfo:139 - Unknown STM32CubeMX version: 6.16.0
2025-11-16 12:00:15,258 [ERROR] LogOutputStream:75 - [STDERR_REDIRECT] [Fatal Error] :1:1: Premature end of file.
2025-11-16 12:00:15,258 [ERROR] LogOutputStream:75 - [STDERR_REDIRECT] 
2025-11-16 12:00:16,258 [ERROR] LogOutputStream:75 - [STDERR_REDIRECT] [Fatal Error] :1:1: Premature end of file.
2025-11-16 12:00:16,258 [ERROR] LogOutputStream:75 - [STDERR_REDIRECT] 
2025-11-16 12:00:16,330 [ERROR] AppliInfo:139 - Unknown STM32CubeMX version: 6.16.0
2025-11-16 12:00:16,330 [ERROR] AppliInfo:139 - Unknown STM32CubeMX version: 6.16.0
2025-11-16 12:00:16,330 [ERROR] AppliInfo:139 - Unknown STM32CubeMX version: 6.16.0
2025-11-16 12:00:16,330 [ERROR] AppliInfo:139 - Unknown STM32CubeMX version: 6.16.0
2025-11-16 12:00:16,330 [ERROR] AppliInfo:139 - Unknown STM32CubeMX version: 6.16.0
2025-11-16 12:00:16,338 [ERROR] AppliInfo:139 - Unknown STM32CubeMX version: 6.16.0
2025-11-16 12:00:16,338 [ERROR] AppliInfo:139 - Unknown STM32CubeMX version: 6.16.0
2025-11-16 12:00:16,338 [ERROR] AppliInfo:139 - Unknown STM32CubeMX version: 6.16.0
2025-11-16 12:00:16,339 [ERROR] AppliInfo:139 - Unknown STM32CubeMX version: 6.16.0
2025-11-16 12:00:16,790 [ERROR] AppliInfo:139 - Unknown STM32CubeMX version: 6.16.0
2025-11-16 12:00:16,790 [ERROR] AppliInfo:139 - Unknown STM32CubeMX version: 6.16.0
2025-11-16 12:00:16,790 [ERROR] AppliInfo:139 - Unknown STM32CubeMX version: 6.16.0
2025-11-16 12:00:16,790 [ERROR] AppliInfo:139 - Unknown STM32CubeMX version: 6.16.0
2025-11-16 12:00:16,790 [ERROR] AppliInfo:139 - Unknown STM32CubeMX version: 6.16.0
2025-11-16 12:00:16,827 [ERROR] AppliInfo:139 - Unknown STM32CubeMX version: 6.16.0
2025-11-16 12:00:16,827 [ERROR] AppliInfo:139 - Unknown STM32CubeMX version: 6.16.0
2025-11-16 12:00:16,827 [ERROR] AppliInfo:139 - Unknown STM32CubeMX version: 6.16.0
2025-11-16 12:00:16,829 [ERROR] AppliInfo:139 - Unknown STM32CubeMX version: 6.16.0
2025-11-16 12:00:17,259 [ERROR] LogOutputStream:75 - [STDERR_REDIRECT] [Fatal Error] :1:1: Premature end of file.
2025-11-16 12:00:17,259 [ERROR] LogOutputStream:75 - [STDERR_REDIRECT] 
2025-11-16 12:00:17,433 [ERROR] AppliInfo:139 - Unknown STM32CubeMX version: 6.16.0
2025-11-16 12:00:17,433 [ERROR] AppliInfo:139 - Unknown STM32CubeMX version: 6.16.0
2025-11-16 12:00:17,433 [ERROR] AppliInfo:139 - Unknown STM32CubeMX version: 6.16.0
2025-11-16 12:00:17,433 [ERROR] AppliInfo:139 - Unknown STM32CubeMX version: 6.16.0
2025-11-16 12:00:17,433 [ERROR] AppliInfo:139 - Unknown STM32CubeMX version: 6.16.0
2025-11-16 12:00:17,445 [ERROR] AppliInfo:139 - Unknown STM32CubeMX version: 6.16.0
2025-11-16 12:00:17,445 [ERROR] AppliInfo:139 - Unknown STM32CubeMX version: 6.16.0
2025-11-16 12:00:17,445 [ERROR] AppliInfo:139 - Unknown STM32CubeMX version: 6.16.0
2025-11-16 12:00:17,447 [ERROR] AppliInfo:139 - Unknown STM32CubeMX version: 6.16.0
2025-11-16 12:00:17,568 [ERROR] AppliInfo:139 - Unknown STM32CubeMX version: 6.16.0
2025-11-16 12:00:17,569 [ERROR] AppliInfo:139 - Unknown STM32CubeMX version: 6.16.0
2025-11-16 12:00:17,588 [ERROR] AppliInfo:139 - Unknown STM32CubeMX version: 6.16.0
2025-11-16 12:00:17,589 [ERROR] AppliInfo:139 - Unknown STM32CubeMX version: 6.16.0
2025-11-16 12:00:17,589 [ERROR] AppliInfo:139 - Unknown STM32CubeMX version: 6.16.0
2025-11-16 12:00:17,590 [ERROR] AppliInfo:139 - Unknown STM32CubeMX version: 6.16.0
2025-11-16 12:00:17,590 [ERROR] AppliInfo:139 - Unknown STM32CubeMX version: 6.16.0
2025-11-16 12:00:17,590 [ERROR] AppliInfo:139 - Unknown STM32CubeMX version: 6.16.0
2025-11-16 12:00:17,590 [ERROR] AppliInfo:139 - Unknown STM32CubeMX version: 6.16.0
2025-11-16 12:00:17,590 [ERROR] AppliInfo:139 - Unknown STM32CubeMX version: 6.16.0
2025-11-16 12:00:17,591 [ERROR] AppliInfo:139 - Unknown STM32CubeMX version: 6.16.0
2025-11-16 12:00:17,591 [ERROR] AppliInfo:139 - Unknown STM32CubeMX version: 6.16.0
2025-11-16 12:00:17,591 [ERROR] AppliInfo:139 - Unknown STM32CubeMX version: 6.16.0
2025-11-16 12:00:17,591 [ERROR] AppliInfo:139 - Unknown STM32CubeMX version: 6.16.0
2025-11-16 12:00:17,592 [ERROR] AppliInfo:139 - Unknown STM32CubeMX version: 6.16.0
2025-11-16 12:00:17,592 [ERROR] AppliInfo:139 - Unknown STM32CubeMX version: 6.16.0
2025-11-16 12:00:17,593 [ERROR] AppliInfo:139 - Unknown STM32CubeMX version: 6.16.0
2025-11-16 12:00:17,593 [ERROR] AppliInfo:139 - Unknown STM32CubeMX version: 6.16.0
2025-11-16 12:00:17,594 [ERROR] AppliInfo:139 - Unknown STM32CubeMX version: 6.16.0
2025-11-16 12:00:17,594 [ERROR] AppliInfo:139 - Unknown STM32CubeMX version: 6.16.0
2025-11-16 12:00:17,596 [ERROR] AppliInfo:139 - Unknown STM32CubeMX version: 6.16.0
2025-11-16 12:00:17,596 [ERROR] AppliInfo:139 - Unknown STM32CubeMX version: 6.16.0
2025-11-16 12:00:17,596 [ERROR] AppliInfo:139 - Unknown STM32CubeMX version: 6.16.0
2025-11-16 12:00:17,596 [ERROR] AppliInfo:139 - Unknown STM32CubeMX version: 6.16.0
2025-11-16 12:00:17,597 [ERROR] AppliInfo:139 - Unknown STM32CubeMX version: 6.16.0
2025-11-16 12:00:17,597 [ERROR] AppliInfo:139 - Unknown STM32CubeMX version: 6.16.0
2025-11-16 12:00:17,598 [ERROR] AppliInfo:139 - Unknown STM32CubeMX version: 6.16.0
2025-11-16 12:00:17,598 [ERROR] AppliInfo:139 - Unknown STM32CubeMX version: 6.16.0
2025-11-16 12:00:17,599 [ERROR] AppliInfo:139 - Unknown STM32CubeMX version: 6.16.0
2025-11-16 12:00:17,599 [ERROR] AppliInfo:139 - Unknown STM32CubeMX version: 6.16.0
2025-11-16 12:00:17,599 [ERROR] AppliInfo:139 - Unknown STM32CubeMX version: 6.16.0
2025-11-16 12:00:17,600 [ERROR] AppliInfo:139 - Unknown STM32CubeMX version: 6.16.0
2025-11-16 12:00:17,600 [ERROR] AppliInfo:139 - Unknown STM32CubeMX version: 6.16.0
2025-11-16 12:00:17,600 [ERROR] AppliInfo:139 - Unknown STM32CubeMX version: 6.16.0
2025-11-16 12:00:17,607 [ERROR] AppliInfo:139 - Unknown STM32CubeMX version: 6.16.0
2025-11-16 12:00:17,608 [ERROR] AppliInfo:139 - Unknown STM32CubeMX version: 6.16.0
2025-11-16 12:00:17,608 [ERROR] AppliInfo:139 - Unknown STM32CubeMX version: 6.16.0
2025-11-16 12:00:17,609 [ERROR] AppliInfo:139 - Unknown STM32CubeMX version: 6.16.0
2025-11-16 12:00:17,609 [ERROR] AppliInfo:139 - Unknown STM32CubeMX version: 6.16.0
2025-11-16 12:00:17,609 [ERROR] AppliInfo:139 - Unknown STM32CubeMX version: 6.16.0
2025-11-16 12:00:17,609 [ERROR] AppliInfo:139 - Unknown STM32CubeMX version: 6.16.0
2025-11-16 12:00:17,682 [ERROR] AppliInfo:139 - Unknown STM32CubeMX version: 6.16.0
2025-11-16 12:00:17,690 [ERROR] AppliInfo:139 - Unknown STM32CubeMX version: 6.16.0
2025-11-16 12:00:17,690 [ERROR] AppliInfo:139 - Unknown STM32CubeMX version: 6.16.0
2025-11-16 12:00:17,690 [ERROR] AppliInfo:139 - Unknown STM32CubeMX version: 6.16.0
2025-11-16 12:00:17,690 [ERROR] AppliInfo:139 - Unknown STM32CubeMX version: 6.16.0
2025-11-16 12:00:17,690 [ERROR] AppliInfo:139 - Unknown STM32CubeMX version: 6.16.0
2025-11-16 12:00:17,691 [ERROR] AppliInfo:139 - Unknown STM32CubeMX version: 6.16.0
2025-11-16 12:00:17,720 [ERROR] AppliInfo:139 - Unknown STM32CubeMX version: 6.12.1
2025-11-16 12:00:17,720 [ERROR] AppliInfo:139 - Unknown STM32CubeMX version: 6.16.0
2025-11-16 12:00:17,720 [ERROR] AppliInfo:139 - Unknown STM32CubeMX version: 6.16.0
2025-11-16 12:00:17,720 [ERROR] AppliInfo:139 - Unknown STM32CubeMX version: 6.16.0
2025-11-16 12:00:17,720 [ERROR] AppliInfo:139 - Unknown STM32CubeMX version: 6.16.0
2025-11-16 12:00:17,720 [ERROR] AppliInfo:139 - Unknown STM32CubeMX version: 6.16.0
2025-11-16 12:00:17,720 [ERROR] AppliInfo:139 - Unknown STM32CubeMX version: 6.16.0
2025-11-16 12:00:17,720 [ERROR] AppliInfo:139 - Unknown STM32CubeMX version: 6.16.0
2025-11-16 12:00:17,720 [ERROR] AppliInfo:139 - Unknown STM32CubeMX version: 6.16.0
2025-11-16 12:00:17,721 [ERROR] AppliInfo:139 - Unknown STM32CubeMX version: 6.16.0
2025-11-16 12:00:17,721 [ERROR] AppliInfo:139 - Unknown STM32CubeMX version: 6.16.0
2025-11-16 12:00:17,721 [ERROR] AppliInfo:139 - Unknown STM32CubeMX version: 6.16.0
2025-11-16 12:00:17,721 [ERROR] AppliInfo:139 - Unknown STM32CubeMX version: 6.16.0
2025-11-16 12:00:17,721 [ERROR] AppliInfo:139 - Unknown STM32CubeMX version: 6.16.0
2025-11-16 12:00:17,721 [ERROR] AppliInfo:139 - Unknown STM32CubeMX version: 6.16.0
2025-11-16 12:00:17,721 [ERROR] AppliInfo:139 - Unknown STM32CubeMX version: 6.16.0
2025-11-16 12:00:17,721 [ERROR] AppliInfo:139 - Unknown STM32CubeMX version: 6.16.0
2025-11-16 12:00:17,721 [ERROR] AppliInfo:139 - Unknown STM32CubeMX version: 6.16.0
2025-11-16 12:00:17,722 [ERROR] AppliInfo:139 - Unknown STM32CubeMX version: 6.16.0
2025-11-16 12:00:17,722 [ERROR] AppliInfo:139 - Unknown STM32CubeMX version: 6.16.0
2025-11-16 12:00:17,722 [ERROR] AppliInfo:139 - Unknown STM32CubeMX version: 6.16.0
2025-11-16 12:00:17,722 [ERROR] AppliInfo:139 - Unknown STM32CubeMX version: 6.16.0
2025-11-16 12:00:17,725 [ERROR] AppliInfo:139 - Unknown STM32CubeMX version: 6.16.0
2025-11-16 12:00:17,725 [ERROR] AppliInfo:139 - Unknown STM32CubeMX version: 6.16.0
2025-11-16 12:00:17,725 [ERROR] AppliInfo:139 - Unknown STM32CubeMX version: 6.16.0
2025-11-16 12:00:17,725 [ERROR] AppliInfo:139 - Unknown STM32CubeMX version: 6.16.0
2025-11-16 12:00:17,726 [ERROR] AppliInfo:139 - Unknown STM32CubeMX version: 6.16.0
2025-11-16 12:00:17,726 [ERROR] AppliInfo:139 - Unknown STM32CubeMX version: 6.16.0
2025-11-16 12:00:17,726 [ERROR] AppliInfo:139 - Unknown STM32CubeMX version: 6.16.0
2025-11-16 12:00:17,726 [ERROR] AppliInfo:139 - Unknown STM32CubeMX version: 6.16.0
2025-11-16 12:00:17,726 [ERROR] AppliInfo:139 - Unknown STM32CubeMX version: 6.16.0
2025-11-16 12:00:17,726 [ERROR] AppliInfo:139 - Unknown STM32CubeMX version: 6.16.0
2025-11-16 12:00:17,726 [ERROR] AppliInfo:139 - Unknown STM32CubeMX version: 6.16.0
2025-11-16 12:00:17,726 [ERROR] AppliInfo:139 - Unknown STM32CubeMX version: 6.16.0
2025-11-16 12:00:17,726 [ERROR] AppliInfo:139 - Unknown STM32CubeMX version: 6.16.0
2025-11-16 12:00:17,727 [ERROR] AppliInfo:139 - Unknown STM32CubeMX version: 6.16.0
2025-11-16 12:00:17,727 [ERROR] AppliInfo:139 - Unknown STM32CubeMX version: 6.16.0
2025-11-16 12:00:17,727 [ERROR] AppliInfo:139 - Unknown STM32CubeMX version: 6.16.0
2025-11-16 12:00:17,727 [ERROR] AppliInfo:139 - Unknown STM32CubeMX version: 6.16.0
2025-11-16 12:00:17,727 [ERROR] AppliInfo:139 - Unknown STM32CubeMX version: 6.16.0
2025-11-16 12:00:17,727 [ERROR] AppliInfo:139 - Unknown STM32CubeMX version: 6.16.0
2025-11-16 12:00:17,727 [ERROR] AppliInfo:139 - Unknown STM32CubeMX version: 6.16.0
2025-11-16 12:00:17,727 [ERROR] AppliInfo:139 - Unknown STM32CubeMX version: 6.16.0
2025-11-16 12:00:17,730 [ERROR] AppliInfo:139 - Unknown STM32CubeMX version: 6.16.0
2025-11-16 12:00:17,730 [ERROR] AppliInfo:139 - Unknown STM32CubeMX version: 6.16.0
2025-11-16 12:00:17,730 [ERROR] AppliInfo:139 - Unknown STM32CubeMX version: 6.16.0
2025-11-16 12:00:17,732 [ERROR] AppliInfo:139 - Unknown STM32CubeMX version: 6.16.0
2025-11-16 12:00:17,732 [ERROR] AppliInfo:139 - Unknown STM32CubeMX version: 6.16.0
2025-11-16 12:00:17,732 [ERROR] AppliInfo:139 - Unknown STM32CubeMX version: 6.16.0
2025-11-16 12:00:17,732 [ERROR] AppliInfo:139 - Unknown STM32CubeMX version: 6.16.0
2025-11-16 12:00:17,732 [ERROR] AppliInfo:139 - Unknown STM32CubeMX version: 6.16.0
2025-11-16 12:00:17,732 [ERROR] AppliInfo:139 - Unknown STM32CubeMX version: 6.16.0
2025-11-16 12:00:17,732 [ERROR] AppliInfo:139 - Unknown STM32CubeMX version: 6.16.0
2025-11-16 12:00:17,732 [ERROR] AppliInfo:139 - Unknown STM32CubeMX version: 6.16.0
2025-11-16 12:00:17,732 [ERROR] AppliInfo:139 - Unknown STM32CubeMX version: 6.16.0
2025-11-16 12:00:17,733 [ERROR] AppliInfo:139 - Unknown STM32CubeMX version: 6.16.0
2025-11-16 12:00:17,733 [ERROR] AppliInfo:139 - Unknown STM32CubeMX version: 6.16.0
2025-11-16 12:00:17,733 [ERROR] AppliInfo:139 - Unknown STM32CubeMX version: 6.16.0
2025-11-16 12:00:17,733 [ERROR] AppliInfo:139 - Unknown STM32CubeMX version: 6.16.0
2025-11-16 12:00:17,733 [ERROR] AppliInfo:139 - Unknown STM32CubeMX version: 6.16.0
2025-11-16 12:00:17,733 [ERROR] AppliInfo:139 - Unknown STM32CubeMX version: 6.16.0
2025-11-16 12:00:17,733 [ERROR] AppliInfo:139 - Unknown STM32CubeMX version: 6.16.0
2025-11-16 12:00:17,733 [ERROR] AppliInfo:139 - Unknown STM32CubeMX version: 6.16.0
2025-11-16 12:00:17,733 [ERROR] AppliInfo:139 - Unknown STM32CubeMX version: 6.16.0
2025-11-16 12:00:17,739 [ERROR] AppliInfo:139 - Unknown STM32CubeMX version: 6.16.0
2025-11-16 12:00:17,739 [ERROR] AppliInfo:139 - Unknown STM32CubeMX version: 6.16.0
2025-11-16 12:00:17,740 [ERROR] AppliInfo:139 - Unknown STM32CubeMX version: 6.16.0
2025-11-16 12:00:17,740 [ERROR] AppliInfo:139 - Unknown STM32CubeMX version: 6.16.0
2025-11-16 12:00:17,740 [ERROR] AppliInfo:139 - Unknown STM32CubeMX version: 6.16.0
2025-11-16 12:00:17,740 [ERROR] AppliInfo:139 - Unknown STM32CubeMX version: 6.16.0
2025-11-16 12:00:17,740 [ERROR] AppliInfo:139 - Unknown STM32CubeMX version: 6.16.0
2025-11-16 12:00:17,740 [ERROR] AppliInfo:139 - Unknown STM32CubeMX version: 6.16.0
2025-11-16 12:00:17,740 [ERROR] AppliInfo:139 - Unknown STM32CubeMX version: 6.16.0
2025-11-16 12:00:17,741 [ERROR] AppliInfo:139 - Unknown STM32CubeMX version: 6.16.0
2025-11-16 12:00:17,741 [ERROR] AppliInfo:139 - Unknown STM32CubeMX version: 6.16.0
2025-11-16 12:00:17,741 [ERROR] AppliInfo:139 - Unknown STM32CubeMX version: 6.16.0
2025-11-16 12:00:17,741 [ERROR] AppliInfo:139 - Unknown STM32CubeMX version: 6.16.0
2025-11-16 12:00:17,741 [ERROR] AppliInfo:139 - Unknown STM32CubeMX version: 6.16.0
2025-11-16 12:00:17,741 [ERROR] AppliInfo:139 - Unknown STM32CubeMX version: 6.16.0
2025-11-16 12:00:17,742 [ERROR] AppliInfo:139 - Unknown STM32CubeMX version: 6.16.0
2025-11-16 12:00:17,742 [ERROR] AppliInfo:139 - Unknown STM32CubeMX version: 6.16.0
2025-11-16 12:00:17,742 [ERROR] AppliInfo:139 - Unknown STM32CubeMX version: 6.16.0
2025-11-16 12:00:17,743 [ERROR] AppliInfo:139 - Unknown STM32CubeMX version: 6.16.0
2025-11-16 12:00:17,743 [ERROR] AppliInfo:139 - Unknown STM32CubeMX version: 6.16.0
2025-11-16 12:00:17,743 [ERROR] AppliInfo:139 - Unknown STM32CubeMX version: 6.16.0
2025-11-16 12:00:17,743 [ERROR] AppliInfo:139 - Unknown STM32CubeMX version: 6.16.0
2025-11-16 12:00:17,743 [ERROR] AppliInfo:139 - Unknown STM32CubeMX version: 6.16.0
2025-11-16 12:00:17,744 [ERROR] AppliInfo:139 - Unknown STM32CubeMX version: 6.16.0
2025-11-16 12:00:17,744 [ERROR] AppliInfo:139 - Unknown STM32CubeMX version: 6.16.0
2025-11-16 12:00:17,744 [ERROR] AppliInfo:139 - Unknown STM32CubeMX version: 6.16.0
2025-11-16 12:00:17,744 [ERROR] AppliInfo:139 - Unknown STM32CubeMX version: 6.16.0
2025-11-16 12:00:17,744 [ERROR] AppliInfo:139 - Unknown STM32CubeMX version: 6.16.0
2025-11-16 12:00:17,744 [ERROR] AppliInfo:139 - Unknown STM32CubeMX version: 6.16.0
2025-11-16 12:00:17,744 [ERROR] AppliInfo:139 - Unknown STM32CubeMX version: 6.16.0
2025-11-16 12:00:17,745 [ERROR] AppliInfo:139 - Unknown STM32CubeMX version: 6.16.0
2025-11-16 12:00:17,745 [ERROR] AppliInfo:139 - Unknown STM32CubeMX version: 6.16.0
2025-11-16 12:00:17,745 [ERROR] AppliInfo:139 - Unknown STM32CubeMX version: 6.16.0
2025-11-16 12:00:17,745 [ERROR] AppliInfo:139 - Unknown STM32CubeMX version: 6.16.0
2025-11-16 12:00:17,745 [ERROR] AppliInfo:139 - Unknown STM32CubeMX version: 6.16.0
2025-11-16 12:00:17,745 [ERROR] AppliInfo:139 - Unknown STM32CubeMX version: 6.16.0
2025-11-16 12:00:17,745 [ERROR] AppliInfo:139 - Unknown STM32CubeMX version: 6.16.0
2025-11-16 12:00:17,747 [ERROR] AppliInfo:139 - Unknown STM32CubeMX version: 6.16.0
2025-11-16 12:00:17,747 [ERROR] AppliInfo:139 - Unknown STM32CubeMX version: 6.16.0
2025-11-16 12:00:17,747 [ERROR] AppliInfo:139 - Unknown STM32CubeMX version: 6.16.0
2025-11-16 12:00:17,747 [ERROR] AppliInfo:139 - Unknown STM32CubeMX version: 6.16.0
2025-11-16 12:00:17,747 [ERROR] AppliInfo:139 - Unknown STM32CubeMX version: 6.16.0
2025-11-16 12:00:17,747 [ERROR] AppliInfo:139 - Unknown STM32CubeMX version: 6.16.0
2025-11-16 12:00:17,748 [ERROR] AppliInfo:139 - Unknown STM32CubeMX version: 6.16.0
2025-11-16 12:00:17,748 [ERROR] AppliInfo:139 - Unknown STM32CubeMX version: 6.16.0
2025-11-16 12:00:17,748 [ERROR] AppliInfo:139 - Unknown STM32CubeMX version: 6.16.0
2025-11-16 12:00:17,748 [ERROR] AppliInfo:139 - Unknown STM32CubeMX version: 6.16.0
2025-11-16 12:00:17,749 [ERROR] AppliInfo:139 - Unknown STM32CubeMX version: 6.16.0
2025-11-16 12:00:17,749 [ERROR] AppliInfo:139 - Unknown STM32CubeMX version: 6.16.0
2025-11-16 12:00:17,749 [ERROR] AppliInfo:139 - Unknown STM32CubeMX version: 6.16.0
2025-11-16 12:00:17,749 [ERROR] AppliInfo:139 - Unknown STM32CubeMX version: 6.16.0
2025-11-16 12:00:17,749 [ERROR] AppliInfo:139 - Unknown STM32CubeMX version: 6.16.0
2025-11-16 12:00:17,749 [ERROR] AppliInfo:139 - Unknown STM32CubeMX version: 6.16.0
2025-11-16 12:00:17,749 [ERROR] AppliInfo:139 - Unknown STM32CubeMX version: 6.16.0
2025-11-16 12:00:17,750 [ERROR] AppliInfo:139 - Unknown STM32CubeMX version: 6.16.0
2025-11-16 12:00:17,750 [ERROR] AppliInfo:139 - Unknown STM32CubeMX version: 6.16.0
2025-11-16 12:00:17,750 [ERROR] AppliInfo:139 - Unknown STM32CubeMX version: 6.16.0
2025-11-16 12:00:17,755 [ERROR] AppliInfo:139 - Unknown STM32CubeMX version: 6.16.0
2025-11-16 12:00:17,755 [ERROR] AppliInfo:139 - Unknown STM32CubeMX version: 6.16.0
2025-11-16 12:00:17,755 [ERROR] AppliInfo:139 - Unknown STM32CubeMX version: 6.16.0
2025-11-16 12:00:17,755 [ERROR] AppliInfo:139 - Unknown STM32CubeMX version: 6.16.0
2025-11-16 12:00:17,755 [ERROR] AppliInfo:139 - Unknown STM32CubeMX version: 6.16.0
2025-11-16 12:00:17,756 [ERROR] AppliInfo:139 - Unknown STM32CubeMX version: 6.16.0
2025-11-16 12:00:17,756 [ERROR] AppliInfo:139 - Unknown STM32CubeMX version: 6.16.0
2025-11-16 12:00:17,756 [ERROR] AppliInfo:139 - Unknown STM32CubeMX version: 6.16.0
2025-11-16 12:00:17,756 [ERROR] AppliInfo:139 - Unknown STM32CubeMX version: 6.16.0
2025-11-16 12:00:17,761 [ERROR] AppliInfo:139 - Unknown STM32CubeMX version: 6.16.0
2025-11-16 12:00:17,761 [ERROR] AppliInfo:139 - Unknown STM32CubeMX version: 6.16.0
2025-11-16 12:00:17,769 [ERROR] AppliInfo:139 - Unknown STM32CubeMX version: 6.16.0
2025-11-16 12:00:17,769 [ERROR] AppliInfo:139 - Unknown STM32CubeMX version: 6.16.0
2025-11-16 12:00:17,769 [ERROR] AppliInfo:139 - Unknown STM32CubeMX version: 6.16.0
2025-11-16 12:00:17,769 [ERROR] AppliInfo:139 - Unknown STM32CubeMX version: 6.16.0
2025-11-16 12:00:17,770 [ERROR] AppliInfo:139 - Unknown STM32CubeMX version: 6.16.0
2025-11-16 12:00:17,770 [ERROR] AppliInfo:139 - Unknown STM32CubeMX version: 6.16.0
2025-11-16 12:00:17,770 [ERROR] AppliInfo:139 - Unknown STM32CubeMX version: 6.16.0
2025-11-16 12:00:17,770 [ERROR] AppliInfo:139 - Unknown STM32CubeMX version: 6.16.0
2025-11-16 12:00:17,770 [ERROR] AppliInfo:139 - Unknown STM32CubeMX version: 6.16.0
2025-11-16 12:00:17,770 [ERROR] AppliInfo:139 - Unknown STM32CubeMX version: 6.16.0
2025-11-16 12:00:17,771 [ERROR] AppliInfo:139 - Unknown STM32CubeMX version: 6.16.0
2025-11-16 12:00:17,771 [ERROR] AppliInfo:139 - Unknown STM32CubeMX version: 6.16.0
2025-11-16 12:00:17,772 [ERROR] AppliInfo:139 - Unknown STM32CubeMX version: 6.16.0
2025-11-16 12:00:17,772 [ERROR] AppliInfo:139 - Unknown STM32CubeMX version: 6.16.0
2025-11-16 12:00:17,772 [ERROR] AppliInfo:139 - Unknown STM32CubeMX version: 6.16.0
2025-11-16 12:00:17,772 [ERROR] AppliInfo:139 - Unknown STM32CubeMX version: 6.16.0
2025-11-16 12:00:17,772 [ERROR] AppliInfo:139 - Unknown STM32CubeMX version: 6.16.0
2025-11-16 12:00:17,772 [ERROR] AppliInfo:139 - Unknown STM32CubeMX version: 6.16.0
2025-11-16 12:00:17,772 [ERROR] AppliInfo:139 - Unknown STM32CubeMX version: 6.16.0
2025-11-16 12:00:17,772 [ERROR] AppliInfo:139 - Unknown STM32CubeMX version: 6.16.0
2025-11-16 12:00:17,772 [ERROR] AppliInfo:139 - Unknown STM32CubeMX version: 6.16.0
2025-11-16 12:00:17,773 [ERROR] AppliInfo:139 - Unknown STM32CubeMX version: 6.16.0
2025-11-16 12:00:17,773 [ERROR] AppliInfo:139 - Unknown STM32CubeMX version: 6.16.0
2025-11-16 12:00:17,773 [ERROR] AppliInfo:139 - Unknown STM32CubeMX version: 6.16.0
2025-11-16 12:00:17,773 [ERROR] AppliInfo:139 - Unknown STM32CubeMX version: 6.16.0
2025-11-16 12:00:17,773 [ERROR] AppliInfo:139 - Unknown STM32CubeMX version: 6.16.0
2025-11-16 12:00:17,773 [ERROR] AppliInfo:139 - Unknown STM32CubeMX version: 6.16.0
2025-11-16 12:00:17,773 [ERROR] AppliInfo:139 - Unknown STM32CubeMX version: 6.16.0
2025-11-16 12:00:17,773 [ERROR] AppliInfo:139 - Unknown STM32CubeMX version: 6.16.0
2025-11-16 12:00:17,773 [ERROR] AppliInfo:139 - Unknown STM32CubeMX version: 6.16.0
2025-11-16 12:00:17,774 [ERROR] AppliInfo:139 - Unknown STM32CubeMX version: 6.16.0
2025-11-16 12:00:17,774 [ERROR] AppliInfo:139 - Unknown STM32CubeMX version: 6.16.0
2025-11-16 12:00:17,774 [ERROR] AppliInfo:139 - Unknown STM32CubeMX version: 6.16.0
2025-11-16 12:00:17,774 [ERROR] AppliInfo:139 - Unknown STM32CubeMX version: 6.16.0
2025-11-16 12:00:17,774 [ERROR] AppliInfo:139 - Unknown STM32CubeMX version: 6.16.0
2025-11-16 12:00:17,774 [ERROR] AppliInfo:139 - Unknown STM32CubeMX version: 6.16.0
2025-11-16 12:00:17,774 [ERROR] AppliInfo:139 - Unknown STM32CubeMX version: 6.16.0
2025-11-16 12:00:17,774 [ERROR] AppliInfo:139 - Unknown STM32CubeMX version: 6.16.0
2025-11-16 12:00:17,775 [ERROR] AppliInfo:139 - Unknown STM32CubeMX version: 6.16.0
2025-11-16 12:00:17,775 [ERROR] AppliInfo:139 - Unknown STM32CubeMX version: 6.16.0
2025-11-16 12:00:17,776 [ERROR] AppliInfo:139 - Unknown STM32CubeMX version: 6.16.0
2025-11-16 12:00:17,776 [ERROR] AppliInfo:139 - Unknown STM32CubeMX version: 6.16.0
2025-11-16 12:00:17,776 [ERROR] AppliInfo:139 - Unknown STM32CubeMX version: 6.16.0
2025-11-16 12:00:17,776 [ERROR] AppliInfo:139 - Unknown STM32CubeMX version: 6.16.0
2025-11-16 12:00:17,776 [ERROR] AppliInfo:139 - Unknown STM32CubeMX version: 6.16.0
2025-11-16 12:00:17,777 [ERROR] AppliInfo:139 - Unknown STM32CubeMX version: 6.16.0
2025-11-16 12:00:17,777 [ERROR] AppliInfo:139 - Unknown STM32CubeMX version: 6.16.0
2025-11-16 12:00:17,777 [ERROR] AppliInfo:139 - Unknown STM32CubeMX version: 6.16.0
2025-11-16 12:00:17,777 [ERROR] AppliInfo:139 - Unknown STM32CubeMX version: 6.16.0
2025-11-16 12:00:17,777 [ERROR] AppliInfo:139 - Unknown STM32CubeMX version: 6.16.0
2025-11-16 12:00:17,777 [ERROR] AppliInfo:139 - Unknown STM32CubeMX version: 6.16.0
2025-11-16 12:00:17,777 [ERROR] AppliInfo:139 - Unknown STM32CubeMX version: 6.16.0
2025-11-16 12:00:17,777 [ERROR] AppliInfo:139 - Unknown STM32CubeMX version: 6.16.0
2025-11-16 12:00:17,777 [ERROR] AppliInfo:139 - Unknown STM32CubeMX version: 6.16.0
2025-11-16 12:00:17,778 [ERROR] AppliInfo:139 - Unknown STM32CubeMX version: 6.16.0
2025-11-16 12:00:17,778 [ERROR] AppliInfo:139 - Unknown STM32CubeMX version: 6.16.0
2025-11-16 12:00:17,778 [ERROR] AppliInfo:139 - Unknown STM32CubeMX version: 6.16.0
2025-11-16 12:00:17,778 [ERROR] AppliInfo:139 - Unknown STM32CubeMX version: 6.16.0
2025-11-16 12:00:17,778 [ERROR] AppliInfo:139 - Unknown STM32CubeMX version: 6.16.0
2025-11-16 12:00:17,778 [ERROR] AppliInfo:139 - Unknown STM32CubeMX version: 6.16.0
2025-11-16 12:00:17,778 [ERROR] AppliInfo:139 - Unknown STM32CubeMX version: 6.16.0
2025-11-16 12:00:17,779 [ERROR] AppliInfo:139 - Unknown STM32CubeMX version: 6.16.0
2025-11-16 12:00:17,779 [ERROR] AppliInfo:139 - Unknown STM32CubeMX version: 6.16.0
2025-11-16 12:00:17,779 [ERROR] AppliInfo:139 - Unknown STM32CubeMX version: 6.16.0
2025-11-16 12:00:17,779 [ERROR] AppliInfo:139 - Unknown STM32CubeMX version: 6.16.0
2025-11-16 12:00:17,779 [ERROR] AppliInfo:139 - Unknown STM32CubeMX version: 6.16.0
2025-11-16 12:00:17,779 [ERROR] AppliInfo:139 - Unknown STM32CubeMX version: 6.16.0
2025-11-16 12:00:17,779 [ERROR] AppliInfo:139 - Unknown STM32CubeMX version: 6.16.0
2025-11-16 12:00:17,780 [ERROR] AppliInfo:139 - Unknown STM32CubeMX version: 6.16.0
2025-11-16 12:00:17,780 [ERROR] AppliInfo:139 - Unknown STM32CubeMX version: 6.16.0
2025-11-16 12:00:17,780 [ERROR] AppliInfo:139 - Unknown STM32CubeMX version: 6.16.0
2025-11-16 12:00:17,780 [ERROR] AppliInfo:139 - Unknown STM32CubeMX version: 6.16.0
2025-11-16 12:00:17,780 [ERROR] AppliInfo:139 - Unknown STM32CubeMX version: 6.16.0
2025-11-16 12:00:17,780 [ERROR] AppliInfo:139 - Unknown STM32CubeMX version: 6.16.0
2025-11-16 12:00:17,780 [ERROR] AppliInfo:139 - Unknown STM32CubeMX version: 6.16.0
2025-11-16 12:00:17,780 [ERROR] AppliInfo:139 - Unknown STM32CubeMX version: 6.16.0
2025-11-16 12:00:17,782 [ERROR] AppliInfo:139 - Unknown STM32CubeMX version: 6.16.0
2025-11-16 12:00:17,782 [ERROR] AppliInfo:139 - Unknown STM32CubeMX version: 6.16.0
2025-11-16 12:00:17,782 [ERROR] AppliInfo:139 - Unknown STM32CubeMX version: 6.16.0
2025-11-16 12:00:17,782 [ERROR] AppliInfo:139 - Unknown STM32CubeMX version: 6.16.0
2025-11-16 12:00:17,783 [ERROR] AppliInfo:139 - Unknown STM32CubeMX version: 6.16.0
2025-11-16 12:00:17,783 [ERROR] AppliInfo:139 - Unknown STM32CubeMX version: 6.16.0
2025-11-16 12:00:17,783 [ERROR] AppliInfo:139 - Unknown STM32CubeMX version: 6.16.0
2025-11-16 12:00:17,783 [ERROR] AppliInfo:139 - Unknown STM32CubeMX version: 6.16.0
2025-11-16 12:00:17,783 [ERROR] AppliInfo:139 - Unknown STM32CubeMX version: 6.16.0
2025-11-16 12:00:17,783 [ERROR] AppliInfo:139 - Unknown STM32CubeMX version: 6.16.0
2025-11-16 12:00:17,784 [ERROR] AppliInfo:139 - Unknown STM32CubeMX version: 6.16.0
2025-11-16 12:00:17,784 [ERROR] AppliInfo:139 - Unknown STM32CubeMX version: 6.16.0
2025-11-16 12:00:17,784 [ERROR] AppliInfo:139 - Unknown STM32CubeMX version: 6.16.0
2025-11-16 12:00:17,784 [ERROR] AppliInfo:139 - Unknown STM32CubeMX version: 6.16.0
2025-11-16 12:00:17,784 [ERROR] AppliInfo:139 - Unknown STM32CubeMX version: 6.16.0
2025-11-16 12:00:17,784 [ERROR] AppliInfo:139 - Unknown STM32CubeMX version: 6.16.0
2025-11-16 12:00:17,784 [ERROR] AppliInfo:139 - Unknown STM32CubeMX version: 6.16.0
2025-11-16 12:00:17,784 [ERROR] AppliInfo:139 - Unknown STM32CubeMX version: 6.16.0
2025-11-16 12:00:17,784 [ERROR] AppliInfo:139 - Unknown STM32CubeMX version: 6.16.0
2025-11-16 12:00:17,785 [ERROR] AppliInfo:139 - Unknown STM32CubeMX version: 6.16.0
2025-11-16 12:00:17,785 [ERROR] AppliInfo:139 - Unknown STM32CubeMX version: 6.16.0
2025-11-16 12:00:17,786 [ERROR] AppliInfo:139 - Unknown STM32CubeMX version: 6.16.0
2025-11-16 12:00:17,787 [ERROR] AppliInfo:139 - Unknown STM32CubeMX version: 6.16.0
2025-11-16 12:00:17,787 [ERROR] AppliInfo:139 - Unknown STM32CubeMX version: 6.16.0
2025-11-16 12:00:17,787 [ERROR] AppliInfo:139 - Unknown STM32CubeMX version: 6.16.0
2025-11-16 12:00:17,787 [ERROR] AppliInfo:139 - Unknown STM32CubeMX version: 6.16.0
2025-11-16 12:00:17,787 [ERROR] AppliInfo:139 - Unknown STM32CubeMX version: 6.16.0
2025-11-16 12:00:17,787 [ERROR] AppliInfo:139 - Unknown STM32CubeMX version: 6.16.0
2025-11-16 12:00:17,787 [ERROR] AppliInfo:139 - Unknown STM32CubeMX version: 6.16.0
2025-11-16 12:00:17,787 [ERROR] AppliInfo:139 - Unknown STM32CubeMX version: 6.16.0
2025-11-16 12:00:17,787 [ERROR] AppliInfo:139 - Unknown STM32CubeMX version: 6.16.0
2025-11-16 12:00:17,790 [ERROR] AppliInfo:139 - Unknown STM32CubeMX version: 6.16.0
2025-11-16 12:00:17,790 [ERROR] AppliInfo:139 - Unknown STM32CubeMX version: 6.16.0
2025-11-16 12:00:17,790 [ERROR] AppliInfo:139 - Unknown STM32CubeMX version: 6.16.0
2025-11-16 12:00:17,790 [ERROR] AppliInfo:139 - Unknown STM32CubeMX version: 6.16.0
2025-11-16 12:00:17,790 [ERROR] AppliInfo:139 - Unknown STM32CubeMX version: 6.16.0
2025-11-16 12:00:17,790 [ERROR] AppliInfo:139 - Unknown STM32CubeMX version: 6.16.0
2025-11-16 12:00:17,790 [ERROR] AppliInfo:139 - Unknown STM32CubeMX version: 6.16.0
2025-11-16 12:00:17,791 [ERROR] AppliInfo:139 - Unknown STM32CubeMX version: 6.16.0
2025-11-16 12:00:17,791 [ERROR] AppliInfo:139 - Unknown STM32CubeMX version: 6.16.0
2025-11-16 12:00:17,791 [ERROR] AppliInfo:139 - Unknown STM32CubeMX version: 6.16.0
2025-11-16 12:00:17,791 [ERROR] AppliInfo:139 - Unknown STM32CubeMX version: 6.16.0
2025-11-16 12:00:17,791 [ERROR] AppliInfo:139 - Unknown STM32CubeMX version: 6.16.0
2025-11-16 12:00:17,791 [ERROR] AppliInfo:139 - Unknown STM32CubeMX version: 6.16.0
2025-11-16 12:00:17,791 [ERROR] AppliInfo:139 - Unknown STM32CubeMX version: 6.16.0
2025-11-16 12:00:17,792 [ERROR] AppliInfo:139 - Unknown STM32CubeMX version: 6.16.0
2025-11-16 12:00:17,792 [ERROR] AppliInfo:139 - Unknown STM32CubeMX version: 6.16.0
2025-11-16 12:00:17,792 [ERROR] AppliInfo:139 - Unknown STM32CubeMX version: 6.16.0
2025-11-16 12:00:17,793 [ERROR] AppliInfo:139 - Unknown STM32CubeMX version: 6.16.0
2025-11-16 12:00:17,793 [ERROR] AppliInfo:139 - Unknown STM32CubeMX version: 6.16.0
2025-11-16 12:00:17,793 [ERROR] AppliInfo:139 - Unknown STM32CubeMX version: 6.16.0
2025-11-16 12:00:17,793 [ERROR] AppliInfo:139 - Unknown STM32CubeMX version: 6.16.0
2025-11-16 12:00:17,793 [ERROR] AppliInfo:139 - Unknown STM32CubeMX version: 6.16.0
2025-11-16 12:00:17,794 [ERROR] AppliInfo:139 - Unknown STM32CubeMX version: 6.16.0
2025-11-16 12:00:17,798 [ERROR] AppliInfo:139 - Unknown STM32CubeMX version: 6.16.0
2025-11-16 12:00:17,798 [ERROR] AppliInfo:139 - Unknown STM32CubeMX version: 6.16.0
2025-11-16 12:00:17,798 [ERROR] AppliInfo:139 - Unknown STM32CubeMX version: 6.16.0
2025-11-16 12:00:17,798 [ERROR] AppliInfo:139 - Unknown STM32CubeMX version: 6.16.0
2025-11-16 12:00:17,799 [ERROR] AppliInfo:139 - Unknown STM32CubeMX version: 6.16.0
2025-11-16 12:00:17,799 [ERROR] AppliInfo:139 - Unknown STM32CubeMX version: 6.16.0
2025-11-16 12:00:17,799 [ERROR] AppliInfo:139 - Unknown STM32CubeMX version: 6.16.0
2025-11-16 12:00:17,799 [ERROR] AppliInfo:139 - Unknown STM32CubeMX version: 6.16.0
2025-11-16 12:00:17,799 [ERROR] AppliInfo:139 - Unknown STM32CubeMX version: 6.16.0
2025-11-16 12:00:17,799 [ERROR] AppliInfo:139 - Unknown STM32CubeMX version: 6.16.0
2025-11-16 12:00:17,799 [ERROR] AppliInfo:139 - Unknown STM32CubeMX version: 6.16.0
2025-11-16 12:00:17,800 [ERROR] AppliInfo:139 - Unknown STM32CubeMX version: 6.16.0
2025-11-16 12:00:17,800 [ERROR] AppliInfo:139 - Unknown STM32CubeMX version: 6.16.0
2025-11-16 12:00:17,800 [ERROR] AppliInfo:139 - Unknown STM32CubeMX version: 6.16.0
2025-11-16 12:00:17,800 [ERROR] AppliInfo:139 - Unknown STM32CubeMX version: 6.16.0
2025-11-16 12:00:17,800 [ERROR] AppliInfo:139 - Unknown STM32CubeMX version: 6.16.0
2025-11-16 12:00:17,800 [ERROR] AppliInfo:139 - Unknown STM32CubeMX version: 6.16.0
2025-11-16 12:00:17,800 [ERROR] AppliInfo:139 - Unknown STM32CubeMX version: 6.16.0
2025-11-16 12:00:17,800 [ERROR] AppliInfo:139 - Unknown STM32CubeMX version: 6.16.0
2025-11-16 12:00:17,800 [ERROR] AppliInfo:139 - Unknown STM32CubeMX version: 6.16.0
2025-11-16 12:00:17,801 [ERROR] AppliInfo:139 - Unknown STM32CubeMX version: 6.16.0
2025-11-16 12:00:17,801 [ERROR] AppliInfo:139 - Unknown STM32CubeMX version: 6.16.0
2025-11-16 12:00:17,801 [ERROR] AppliInfo:139 - Unknown STM32CubeMX version: 6.16.0
2025-11-16 12:00:17,818 [ERROR] AppliInfo:139 - Unknown STM32CubeMX version: 6.16.0
2025-11-16 12:00:17,818 [ERROR] AppliInfo:139 - Unknown STM32CubeMX version: 6.16.0
2025-11-16 12:00:17,818 [ERROR] AppliInfo:139 - Unknown STM32CubeMX version: 6.16.0
2025-11-16 12:00:17,819 [ERROR] AppliInfo:139 - Unknown STM32CubeMX version: 6.16.0
2025-11-16 12:00:17,819 [ERROR] AppliInfo:139 - Unknown STM32CubeMX version: 6.16.0
2025-11-16 12:00:17,819 [ERROR] AppliInfo:139 - Unknown STM32CubeMX version: 6.16.0
2025-11-16 12:00:17,819 [ERROR] AppliInfo:139 - Unknown STM32CubeMX version: 6.16.0
2025-11-16 12:00:17,819 [ERROR] AppliInfo:139 - Unknown STM32CubeMX version: 6.16.0
2025-11-16 12:00:17,819 [ERROR] AppliInfo:139 - Unknown STM32CubeMX version: 6.16.0
2025-11-16 12:00:17,819 [ERROR] AppliInfo:139 - Unknown STM32CubeMX version: 6.16.0
2025-11-16 12:00:17,819 [ERROR] AppliInfo:139 - Unknown STM32CubeMX version: 6.16.0
2025-11-16 12:00:17,819 [ERROR] AppliInfo:139 - Unknown STM32CubeMX version: 6.16.0
2025-11-16 12:00:17,820 [ERROR] AppliInfo:139 - Unknown STM32CubeMX version: 6.16.0
2025-11-16 12:00:17,820 [ERROR] AppliInfo:139 - Unknown STM32CubeMX version: 6.16.0
2025-11-16 12:00:17,820 [ERROR] AppliInfo:139 - Unknown STM32CubeMX version: 6.16.0
2025-11-16 12:00:17,820 [ERROR] AppliInfo:139 - Unknown STM32CubeMX version: 6.16.0
2025-11-16 12:00:17,820 [ERROR] AppliInfo:139 - Unknown STM32CubeMX version: 6.16.0
2025-11-16 12:00:17,820 [ERROR] AppliInfo:139 - Unknown STM32CubeMX version: 6.16.0
2025-11-16 12:00:17,821 [ERROR] AppliInfo:139 - Unknown STM32CubeMX version: 6.16.0
2025-11-16 12:00:17,841 [ERROR] AppliInfo:139 - Unknown STM32CubeMX version: 6.16.0
2025-11-16 12:00:17,841 [ERROR] AppliInfo:139 - Unknown STM32CubeMX version: 6.16.0
2025-11-16 12:00:17,841 [ERROR] AppliInfo:139 - Unknown STM32CubeMX version: 6.16.0
2025-11-16 12:00:17,841 [ERROR] AppliInfo:139 - Unknown STM32CubeMX version: 6.16.0
2025-11-16 12:00:17,841 [ERROR] AppliInfo:139 - Unknown STM32CubeMX version: 6.16.0
2025-11-16 12:00:17,841 [ERROR] AppliInfo:139 - Unknown STM32CubeMX version: 6.16.0
2025-11-16 12:00:17,841 [ERROR] AppliInfo:139 - Unknown STM32CubeMX version: 6.16.0
2025-11-16 12:00:17,842 [ERROR] AppliInfo:139 - Unknown STM32CubeMX version: 6.16.0
2025-11-16 12:00:17,842 [ERROR] AppliInfo:139 - Unknown STM32CubeMX version: 6.16.0
2025-11-16 12:00:17,842 [ERROR] AppliInfo:139 - Unknown STM32CubeMX version: 6.16.0
2025-11-16 12:00:17,842 [ERROR] AppliInfo:139 - Unknown STM32CubeMX version: 6.16.0
2025-11-16 12:00:17,842 [ERROR] AppliInfo:139 - Unknown STM32CubeMX version: 6.16.0
2025-11-16 12:00:17,842 [ERROR] AppliInfo:139 - Unknown STM32CubeMX version: 6.16.0
2025-11-16 12:00:17,842 [ERROR] AppliInfo:139 - Unknown STM32CubeMX version: 6.16.0
2025-11-16 12:00:17,842 [ERROR] AppliInfo:139 - Unknown STM32CubeMX version: 6.16.0
2025-11-16 12:00:17,842 [ERROR] AppliInfo:139 - Unknown STM32CubeMX version: 6.16.0
2025-11-16 12:00:17,843 [ERROR] AppliInfo:139 - Unknown STM32CubeMX version: 6.16.0
2025-11-16 12:00:17,843 [ERROR] AppliInfo:139 - Unknown STM32CubeMX version: 6.16.0
2025-11-16 12:00:17,843 [ERROR] AppliInfo:139 - Unknown STM32CubeMX version: 6.16.0
2025-11-16 12:00:17,843 [ERROR] AppliInfo:139 - Unknown STM32CubeMX version: 6.16.0
2025-11-16 12:00:17,844 [ERROR] AppliInfo:139 - Unknown STM32CubeMX version: 6.16.0
2025-11-16 12:00:17,851 [ERROR] AppliInfo:139 - Unknown STM32CubeMX version: 6.16.0
2025-11-16 12:00:17,851 [ERROR] AppliInfo:139 - Unknown STM32CubeMX version: 6.16.0
2025-11-16 12:00:17,851 [ERROR] AppliInfo:139 - Unknown STM32CubeMX version: 6.16.0
2025-11-16 12:00:17,858 [ERROR] AppliInfo:139 - Unknown STM32CubeMX version: 6.16.0
2025-11-16 12:00:17,858 [ERROR] AppliInfo:139 - Unknown STM32CubeMX version: 6.16.0
2025-11-16 12:00:17,858 [ERROR] AppliInfo:139 - Unknown STM32CubeMX version: 6.16.0
2025-11-16 12:00:17,858 [ERROR] AppliInfo:139 - Unknown STM32CubeMX version: 6.16.0
2025-11-16 12:00:17,858 [ERROR] AppliInfo:139 - Unknown STM32CubeMX version: 6.16.0
2025-11-16 12:00:17,858 [ERROR] AppliInfo:139 - Unknown STM32CubeMX version: 6.16.0
2025-11-16 12:00:17,858 [ERROR] AppliInfo:139 - Unknown STM32CubeMX version: 6.16.0
2025-11-16 12:00:17,858 [ERROR] AppliInfo:139 - Unknown STM32CubeMX version: 6.16.0
2025-11-16 12:00:17,859 [ERROR] AppliInfo:139 - Unknown STM32CubeMX version: 6.16.0
2025-11-16 12:00:17,859 [ERROR] AppliInfo:139 - Unknown STM32CubeMX version: 6.16.0
2025-11-16 12:00:17,859 [ERROR] AppliInfo:139 - Unknown STM32CubeMX version: 6.16.0
2025-11-16 12:00:17,859 [ERROR] AppliInfo:139 - Unknown STM32CubeMX version: 6.16.0
2025-11-16 12:00:17,859 [ERROR] AppliInfo:139 - Unknown STM32CubeMX version: 6.16.0
2025-11-16 12:00:17,859 [ERROR] AppliInfo:139 - Unknown STM32CubeMX version: 6.16.0
2025-11-16 12:00:17,860 [ERROR] AppliInfo:139 - Unknown STM32CubeMX version: 6.16.0
2025-11-16 12:00:17,860 [ERROR] AppliInfo:139 - Unknown STM32CubeMX version: 6.16.0
2025-11-16 12:00:17,860 [ERROR] AppliInfo:139 - Unknown STM32CubeMX version: 6.16.0
2025-11-16 12:00:17,860 [ERROR] AppliInfo:139 - Unknown STM32CubeMX version: 6.16.0
2025-11-16 12:00:17,860 [ERROR] AppliInfo:139 - Unknown STM32CubeMX version: 6.16.0
2025-11-16 12:00:17,861 [ERROR] AppliInfo:139 - Unknown STM32CubeMX version: 6.16.0
2025-11-16 12:00:17,861 [ERROR] AppliInfo:139 - Unknown STM32CubeMX version: 6.16.0
2025-11-16 12:00:17,861 [ERROR] AppliInfo:139 - Unknown STM32CubeMX version: 6.16.0
2025-11-16 12:00:17,861 [ERROR] AppliInfo:139 - Unknown STM32CubeMX version: 6.16.0
2025-11-16 12:00:17,861 [ERROR] AppliInfo:139 - Unknown STM32CubeMX version: 6.16.0
2025-11-16 12:00:17,861 [ERROR] AppliInfo:139 - Unknown STM32CubeMX version: 6.16.0
2025-11-16 12:00:17,861 [ERROR] AppliInfo:139 - Unknown STM32CubeMX version: 6.16.0
2025-11-16 12:00:17,862 [ERROR] AppliInfo:139 - Unknown STM32CubeMX version: 6.16.0
2025-11-16 12:00:17,862 [ERROR] AppliInfo:139 - Unknown STM32CubeMX version: 6.16.0
2025-11-16 12:00:17,862 [ERROR] AppliInfo:139 - Unknown STM32CubeMX version: 6.16.0
2025-11-16 12:00:17,862 [ERROR] AppliInfo:139 - Unknown STM32CubeMX version: 6.16.0
2025-11-16 12:00:17,865 [ERROR] AppliInfo:139 - Unknown STM32CubeMX version: 6.16.0
2025-11-16 12:00:17,865 [ERROR] AppliInfo:139 - Unknown STM32CubeMX version: 6.16.0
2025-11-16 12:00:17,866 [ERROR] AppliInfo:139 - Unknown STM32CubeMX version: 6.16.0
2025-11-16 12:00:17,866 [ERROR] AppliInfo:139 - Unknown STM32CubeMX version: 6.16.0
2025-11-16 12:00:17,866 [ERROR] AppliInfo:139 - Unknown STM32CubeMX version: 6.16.0
2025-11-16 12:00:17,866 [ERROR] AppliInfo:139 - Unknown STM32CubeMX version: 6.16.0
2025-11-16 12:00:17,866 [ERROR] AppliInfo:139 - Unknown STM32CubeMX version: 6.16.0
2025-11-16 12:00:17,866 [ERROR] AppliInfo:139 - Unknown STM32CubeMX version: 6.16.0
2025-11-16 12:00:17,866 [ERROR] AppliInfo:139 - Unknown STM32CubeMX version: 6.16.0
2025-11-16 12:00:17,866 [ERROR] AppliInfo:139 - Unknown STM32CubeMX version: 6.16.0
2025-11-16 12:00:17,866 [ERROR] AppliInfo:139 - Unknown STM32CubeMX version: 6.16.0
2025-11-16 12:00:17,867 [ERROR] AppliInfo:139 - Unknown STM32CubeMX version: 6.16.0
2025-11-16 12:00:17,867 [ERROR] AppliInfo:139 - Unknown STM32CubeMX version: 6.16.0
2025-11-16 12:00:17,867 [ERROR] AppliInfo:139 - Unknown STM32CubeMX version: 6.16.0
2025-11-16 12:00:17,867 [ERROR] AppliInfo:139 - Unknown STM32CubeMX version: 6.16.0
2025-11-16 12:00:17,867 [ERROR] AppliInfo:139 - Unknown STM32CubeMX version: 6.16.0
2025-11-16 12:00:17,867 [ERROR] AppliInfo:139 - Unknown STM32CubeMX version: 6.16.0
2025-11-16 12:00:17,867 [ERROR] AppliInfo:139 - Unknown STM32CubeMX version: 6.16.0
2025-11-16 12:00:17,867 [ERROR] AppliInfo:139 - Unknown STM32CubeMX version: 6.16.0
2025-11-16 12:00:17,867 [ERROR] AppliInfo:139 - Unknown STM32CubeMX version: 6.16.0
2025-11-16 12:00:17,867 [ERROR] AppliInfo:139 - Unknown STM32CubeMX version: 6.16.0
2025-11-16 12:00:17,868 [ERROR] AppliInfo:139 - Unknown STM32CubeMX version: 6.16.0
2025-11-16 12:00:17,868 [ERROR] AppliInfo:139 - Unknown STM32CubeMX version: 6.16.0
2025-11-16 12:00:17,868 [ERROR] AppliInfo:139 - Unknown STM32CubeMX version: 6.16.0
2025-11-16 12:00:17,868 [ERROR] AppliInfo:139 - Unknown STM32CubeMX version: 6.16.0
2025-11-16 12:00:17,868 [ERROR] AppliInfo:139 - Unknown STM32CubeMX version: 6.16.0
2025-11-16 12:00:17,868 [ERROR] AppliInfo:139 - Unknown STM32CubeMX version: 6.16.0
2025-11-16 12:00:17,868 [ERROR] AppliInfo:139 - Unknown STM32CubeMX version: 6.16.0
2025-11-16 12:00:17,868 [ERROR] AppliInfo:139 - Unknown STM32CubeMX version: 6.16.0
2025-11-16 12:00:17,869 [ERROR] AppliInfo:139 - Unknown STM32CubeMX version: 6.16.0
2025-11-16 12:00:18,294 [ERROR] LogOutputStream:75 - [STDERR_REDIRECT] [Fatal Error] :1:1: Premature end of file.
2025-11-16 12:00:18,295 [ERROR] LogOutputStream:75 - [STDERR_REDIRECT] 
2025-11-16 12:00:19,267 [ERROR] LogOutputStream:75 - [STDERR_REDIRECT] [Fatal Error] :1:1: Premature end of file.
2025-11-16 12:00:19,267 [ERROR] LogOutputStream:75 - [STDERR_REDIRECT] 
2025-11-16 12:00:20,298 [ERROR] LogOutputStream:75 - [STDERR_REDIRECT] [Fatal Error] :1:1: Premature end of file.
2025-11-16 12:00:20,298 [ERROR] LogOutputStream:75 - [STDERR_REDIRECT] 
2025-11-16 12:00:21,267 [ERROR] LogOutputStream:75 - [STDERR_REDIRECT] [Fatal Error] :1:1: Premature end of file.
2025-11-16 12:00:21,268 [ERROR] LogOutputStream:75 - [STDERR_REDIRECT] 
2025-11-16 12:00:22,269 [ERROR] LogOutputStream:75 - [STDERR_REDIRECT] [Fatal Error] :1:1: Premature end of file.
2025-11-16 12:00:22,269 [ERROR] LogOutputStream:75 - [STDERR_REDIRECT] 
2025-11-16 12:00:23,267 [ERROR] LogOutputStream:75 - [STDERR_REDIRECT] [Fatal Error] :1:1: Premature end of file.
2025-11-16 12:00:23,267 [ERROR] LogOutputStream:75 - [STDERR_REDIRECT] 
2025-11-16 12:00:24,266 [ERROR] LogOutputStream:75 - [STDERR_REDIRECT] [Fatal Error] :1:1: Premature end of file.
2025-11-16 12:00:24,267 [ERROR] LogOutputStream:75 - [STDERR_REDIRECT] 
2025-11-16 12:00:25,268 [ERROR] LogOutputStream:75 - [STDERR_REDIRECT] [Fatal Error] :1:1: Premature end of file.
2025-11-16 12:00:25,270 [ERROR] LogOutputStream:75 - [STDERR_REDIRECT] 
2025-11-16 12:00:26,267 [ERROR] LogOutputStream:75 - [STDERR_REDIRECT] [Fatal Error] :1:1: Premature end of file.
2025-11-16 12:00:26,267 [ERROR] LogOutputStream:75 - [STDERR_REDIRECT] 
2025-11-16 12:00:27,286 [ERROR] LogOutputStream:75 - [STDERR_REDIRECT] [Fatal Error] :1:1: Premature end of file.
2025-11-16 12:00:27,286 [ERROR] LogOutputStream:75 - [STDERR_REDIRECT] 
2025-11-16 12:00:28,279 [ERROR] LogOutputStream:75 - [STDERR_REDIRECT] [Fatal Error] :1:1: Premature end of file.
2025-11-16 12:00:28,279 [ERROR] LogOutputStream:75 - [STDERR_REDIRECT] 
2025-11-16 12:00:29,267 [ERROR] LogOutputStream:75 - [STDERR_REDIRECT] [Fatal Error] :1:1: Premature end of file.
2025-11-16 12:00:29,267 [ERROR] LogOutputStream:75 - [STDERR_REDIRECT] 
2025-11-16 12:00:30,267 [ERROR] LogOutputStream:75 - [STDERR_REDIRECT] [Fatal Error] :1:1: Premature end of file.
2025-11-16 12:00:30,267 [ERROR] LogOutputStream:75 - [STDERR_REDIRECT] 
2025-11-16 12:00:31,268 [ERROR] LogOutputStream:75 - [STDERR_REDIRECT] [Fatal Error] :1:1: Premature end of file.
2025-11-16 12:00:31,268 [ERROR] LogOutputStream:75 - [STDERR_REDIRECT] 
2025-11-16 12:00:32,268 [ERROR] LogOutputStream:75 - [STDERR_REDIRECT] [Fatal Error] :1:1: Premature end of file.
2025-11-16 12:00:32,268 [ERROR] LogOutputStream:75 - [STDERR_REDIRECT] 
2025-11-16 12:00:33,267 [ERROR] LogOutputStream:75 - [STDERR_REDIRECT] [Fatal Error] :1:1: Premature end of file.
2025-11-16 12:00:33,267 [ERROR] LogOutputStream:75 - [STDERR_REDIRECT] 
2025-11-16 12:00:34,269 [ERROR] LogOutputStream:75 - [STDERR_REDIRECT] [Fatal Error] :1:1: Premature end of file.
2025-11-16 12:00:34,269 [ERROR] LogOutputStream:75 - [STDERR_REDIRECT] 
2025-11-16 12:00:35,267 [ERROR] LogOutputStream:75 - [STDERR_REDIRECT] [Fatal Error] :1:1: Premature end of file.
2025-11-16 12:00:35,267 [ERROR] LogOutputStream:75 - [STDERR_REDIRECT] 
2025-11-16 12:00:36,266 [ERROR] LogOutputStream:75 - [STDERR_REDIRECT] [Fatal Error] :1:1: Premature end of file.
2025-11-16 12:00:36,266 [ERROR] LogOutputStream:75 - [STDERR_REDIRECT] 
2025-11-16 12:00:37,267 [ERROR] LogOutputStream:75 - [STDERR_REDIRECT] [Fatal Error] :1:1: Premature end of file.
2025-11-16 12:00:37,267 [ERROR] LogOutputStream:75 - [STDERR_REDIRECT] 
2025-11-16 12:00:38,268 [ERROR] LogOutputStream:75 - [STDERR_REDIRECT] [Fatal Error] :1:1: Premature end of file.
2025-11-16 12:00:38,268 [ERROR] LogOutputStream:75 - [STDERR_REDIRECT] 
2025-11-16 12:00:39,287 [ERROR] LogOutputStream:75 - [STDERR_REDIRECT] [Fatal Error] :1:1: Premature end of file.
2025-11-16 12:00:39,287 [ERROR] LogOutputStream:75 - [STDERR_REDIRECT] 
2025-11-16 12:00:40,266 [ERROR] LogOutputStream:75 - [STDERR_REDIRECT] [Fatal Error] :1:1: Premature end of file.
2025-11-16 12:00:40,266 [ERROR] LogOutputStream:75 - [STDERR_REDIRECT] 
2025-11-16 12:00:41,263 [ERROR] LogOutputStream:75 - [STDERR_REDIRECT] [Fatal Error] :1:1: Premature end of file.
2025-11-16 12:00:41,264 [ERROR] LogOutputStream:75 - [STDERR_REDIRECT] 
2025-11-16 12:00:42,265 [ERROR] LogOutputStream:75 - [STDERR_REDIRECT] [Fatal Error] :1:1: Premature end of file.
2025-11-16 12:00:42,265 [ERROR] LogOutputStream:75 - [STDERR_REDIRECT] 
2025-11-16 12:00:43,260 [ERROR] LogOutputStream:75 - [STDERR_REDIRECT] [Fatal Error] :1:1: Premature end of file.
2025-11-16 12:00:43,260 [ERROR] LogOutputStream:75 - [STDERR_REDIRECT] 
2025-11-16 12:00:44,269 [ERROR] LogOutputStream:75 - [STDERR_REDIRECT] [Fatal Error] :1:1: Premature end of file.
2025-11-16 12:00:44,269 [ERROR] LogOutputStream:75 - [STDERR_REDIRECT] 
2025-11-16 12:00:45,262 [ERROR] LogOutputStream:75 - [STDERR_REDIRECT] [Fatal Error] :1:1: Premature end of file.
2025-11-16 12:00:45,262 [ERROR] LogOutputStream:75 - [STDERR_REDIRECT] 
2025-11-16 12:00:46,262 [ERROR] LogOutputStream:75 - [STDERR_REDIRECT] [Fatal Error] :1:1: Premature end of file.
2025-11-16 12:00:46,262 [ERROR] LogOutputStream:75 - [STDERR_REDIRECT] 
2025-11-16 12:00:47,268 [ERROR] LogOutputStream:75 - [STDERR_REDIRECT] [Fatal Error] :1:1: Premature end of file.
2025-11-16 12:00:47,268 [ERROR] LogOutputStream:75 - [STDERR_REDIRECT] 
2025-11-16 12:00:48,265 [ERROR] LogOutputStream:75 - [STDERR_REDIRECT] [Fatal Error] :1:1: Premature end of file.
2025-11-16 12:00:48,265 [ERROR] LogOutputStream:75 - [STDERR_REDIRECT] 
2025-11-16 12:00:49,266 [ERROR] LogOutputStream:75 - [STDERR_REDIRECT] [Fatal Error] :1:1: Premature end of file.
2025-11-16 12:00:49,266 [ERROR] LogOutputStream:75 - [STDERR_REDIRECT] 
2025-11-16 12:00:50,265 [ERROR] LogOutputStream:75 - [STDERR_REDIRECT] [Fatal Error] :1:1: Premature end of file.
2025-11-16 12:00:50,265 [ERROR] LogOutputStream:75 - [STDERR_REDIRECT] 
2025-11-16 12:00:51,267 [ERROR] LogOutputStream:75 - [STDERR_REDIRECT] [Fatal Error] :1:1: Premature end of file.
2025-11-16 12:00:51,267 [ERROR] LogOutputStream:75 - [STDERR_REDIRECT] 
2025-11-16 12:00:52,266 [ERROR] LogOutputStream:75 - [STDERR_REDIRECT] [Fatal Error] :1:1: Premature end of file.
2025-11-16 12:00:52,266 [ERROR] LogOutputStream:75 - [STDERR_REDIRECT] 
2025-11-16 12:00:53,267 [ERROR] LogOutputStream:75 - [STDERR_REDIRECT] [Fatal Error] :1:1: Premature end of file.
2025-11-16 12:00:53,267 [ERROR] LogOutputStream:75 - [STDERR_REDIRECT] 
2025-11-16 12:00:54,266 [ERROR] LogOutputStream:75 - [STDERR_REDIRECT] [Fatal Error] :1:1: Premature end of file.
2025-11-16 12:00:54,266 [ERROR] LogOutputStream:75 - [STDERR_REDIRECT] 
2025-11-16 12:00:55,259 [ERROR] LogOutputStream:75 - [STDERR_REDIRECT] [Fatal Error] :1:1: Premature end of file.
2025-11-16 12:00:55,259 [ERROR] LogOutputStream:75 - [STDERR_REDIRECT] 
2025-11-16 12:00:56,267 [ERROR] LogOutputStream:75 - [STDERR_REDIRECT] [Fatal Error] :1:1: Premature end of file.
2025-11-16 12:00:56,267 [ERROR] LogOutputStream:75 - [STDERR_REDIRECT] 
2025-11-16 12:00:57,268 [ERROR] LogOutputStream:75 - [STDERR_REDIRECT] [Fatal Error] :1:1: Premature end of file.
2025-11-16 12:00:57,268 [ERROR] LogOutputStream:75 - [STDERR_REDIRECT] 
2025-11-16 12:00:58,266 [ERROR] LogOutputStream:75 - [STDERR_REDIRECT] [Fatal Error] :1:1: Premature end of file.
2025-11-16 12:00:58,266 [ERROR] LogOutputStream:75 - [STDERR_REDIRECT] 
2025-11-16 12:00:59,260 [ERROR] LogOutputStream:75 - [STDERR_REDIRECT] [Fatal Error] :1:1: Premature end of file.
2025-11-16 12:00:59,260 [ERROR] LogOutputStream:75 - [STDERR_REDIRECT] 
2025-11-16 12:01:00,261 [ERROR] LogOutputStream:75 - [STDERR_REDIRECT] [Fatal Error] :1:1: Premature end of file.
2025-11-16 12:01:00,261 [ERROR] LogOutputStream:75 - [STDERR_REDIRECT] 
2025-11-16 12:01:01,266 [ERROR] LogOutputStream:75 - [STDERR_REDIRECT] [Fatal Error] :1:1: Premature end of file.
2025-11-16 12:01:01,266 [ERROR] LogOutputStream:75 - [STDERR_REDIRECT] 
2025-11-16 12:01:02,261 [ERROR] LogOutputStream:75 - [STDERR_REDIRECT] [Fatal Error] :1:1: Premature end of file.
2025-11-16 12:01:02,262 [ERROR] LogOutputStream:75 - [STDERR_REDIRECT] 
2025-11-16 12:01:03,292 [ERROR] LogOutputStream:75 - [STDERR_REDIRECT] [Fatal Error] :1:1: Premature end of file.
2025-11-16 12:01:03,292 [ERROR] LogOutputStream:75 - [STDERR_REDIRECT] 
2025-11-16 12:01:04,268 [ERROR] LogOutputStream:75 - [STDERR_REDIRECT] [Fatal Error] :1:1: Premature end of file.
2025-11-16 12:01:04,268 [ERROR] LogOutputStream:75 - [STDERR_REDIRECT] 
2025-11-16 12:01:05,266 [ERROR] LogOutputStream:75 - [STDERR_REDIRECT] [Fatal Error] :1:1: Premature end of file.
2025-11-16 12:01:05,266 [ERROR] LogOutputStream:75 - [STDERR_REDIRECT] 
2025-11-16 12:01:06,268 [ERROR] LogOutputStream:75 - [STDERR_REDIRECT] [Fatal Error] :1:1: Premature end of file.
2025-11-16 12:01:06,268 [ERROR] LogOutputStream:75 - [STDERR_REDIRECT] 
2025-11-16 12:01:07,267 [ERROR] LogOutputStream:75 - [STDERR_REDIRECT] [Fatal Error] :1:1: Premature end of file.
2025-11-16 12:01:07,267 [ERROR] LogOutputStream:75 - [STDERR_REDIRECT] 
2025-11-16 12:01:08,268 [ERROR] LogOutputStream:75 - [STDERR_REDIRECT] [Fatal Error] :1:1: Premature end of file.
2025-11-16 12:01:08,268 [ERROR] LogOutputStream:75 - [STDERR_REDIRECT] 
2025-11-16 12:01:09,259 [ERROR] LogOutputStream:75 - [STDERR_REDIRECT] [Fatal Error] :1:1: Premature end of file.
2025-11-16 12:01:09,259 [ERROR] LogOutputStream:75 - [STDERR_REDIRECT] 
2025-11-16 12:01:10,290 [ERROR] LogOutputStream:75 - [STDERR_REDIRECT] [Fatal Error] :1:1: Premature end of file.
2025-11-16 12:01:10,291 [ERROR] LogOutputStream:75 - [STDERR_REDIRECT] 
2025-11-16 12:01:11,259 [ERROR] LogOutputStream:75 - [STDERR_REDIRECT] [Fatal Error] :1:1: Premature end of file.
2025-11-16 12:01:11,259 [ERROR] LogOutputStream:75 - [STDERR_REDIRECT] 
2025-11-16 12:01:12,257 [ERROR] LogOutputStream:75 - [STDERR_REDIRECT] [Fatal Error] :1:1: Premature end of file.
2025-11-16 12:01:12,257 [ERROR] LogOutputStream:75 - [STDERR_REDIRECT] 
2025-11-16 12:01:13,258 [ERROR] LogOutputStream:75 - [STDERR_REDIRECT] [Fatal Error] :1:1: Premature end of file.
2025-11-16 12:01:13,258 [ERROR] LogOutputStream:75 - [STDERR_REDIRECT] 
2025-11-16 12:01:14,275 [ERROR] LogOutputStream:75 - [STDERR_REDIRECT] [Fatal Error] :1:1: Premature end of file.
2025-11-16 12:01:14,275 [ERROR] LogOutputStream:75 - [STDERR_REDIRECT] 
2025-11-16 12:01:15,262 [ERROR] LogOutputStream:75 - [STDERR_REDIRECT] [Fatal Error] :1:1: Premature end of file.
2025-11-16 12:01:15,262 [ERROR] LogOutputStream:75 - [STDERR_REDIRECT] 
2025-11-16 12:01:16,272 [ERROR] LogOutputStream:75 - [STDERR_REDIRECT] [Fatal Error] :1:1: Premature end of file.
2025-11-16 12:01:16,272 [ERROR] LogOutputStream:75 - [STDERR_REDIRECT] 
2025-11-16 12:01:17,277 [ERROR] LogOutputStream:75 - [STDERR_REDIRECT] [Fatal Error] :1:1: Premature end of file.
2025-11-16 12:01:17,277 [ERROR] LogOutputStream:75 - [STDERR_REDIRECT] 
2025-11-16 12:01:18,268 [ERROR] LogOutputStream:75 - [STDERR_REDIRECT] [Fatal Error] :1:1: Premature end of file.
2025-11-16 12:01:18,268 [ERROR] LogOutputStream:75 - [STDERR_REDIRECT] 
2025-11-16 12:01:19,276 [ERROR] LogOutputStream:75 - [STDERR_REDIRECT] [Fatal Error] :1:1: Premature end of file.
2025-11-16 12:01:19,276 [ERROR] LogOutputStream:75 - [STDERR_REDIRECT] 
2025-11-16 12:01:20,276 [ERROR] LogOutputStream:75 - [STDERR_REDIRECT] [Fatal Error] :1:1: Premature end of file.
2025-11-16 12:01:20,276 [ERROR] LogOutputStream:75 - [STDERR_REDIRECT] 
2025-11-16 12:01:21,261 [ERROR] LogOutputStream:75 - [STDERR_REDIRECT] [Fatal Error] :1:1: Premature end of file.
2025-11-16 12:01:21,261 [ERROR] LogOutputStream:75 - [STDERR_REDIRECT] 
2025-11-16 12:01:22,260 [ERROR] LogOutputStream:75 - [STDERR_REDIRECT] [Fatal Error] :1:1: Premature end of file.
2025-11-16 12:01:22,260 [ERROR] LogOutputStream:75 - [STDERR_REDIRECT] 
2025-11-16 12:01:23,288 [ERROR] LogOutputStream:75 - [STDERR_REDIRECT] [Fatal Error] :1:1: Premature end of file.
2025-11-16 12:01:23,288 [ERROR] LogOutputStream:75 - [STDERR_REDIRECT] 
2025-11-16 12:01:24,266 [ERROR] LogOutputStream:75 - [STDERR_REDIRECT] [Fatal Error] :1:1: Premature end of file.
2025-11-16 12:01:24,266 [ERROR] LogOutputStream:75 - [STDERR_REDIRECT] 
2025-11-16 12:01:25,269 [ERROR] LogOutputStream:75 - [STDERR_REDIRECT] [Fatal Error] :1:1: Premature end of file.
2025-11-16 12:01:25,269 [ERROR] LogOutputStream:75 - [STDERR_REDIRECT] 
2025-11-16 12:01:26,264 [ERROR] LogOutputStream:75 - [STDERR_REDIRECT] [Fatal Error] :1:1: Premature end of file.
2025-11-16 12:01:26,264 [ERROR] LogOutputStream:75 - [STDERR_REDIRECT] 
2025-11-16 12:01:27,265 [ERROR] LogOutputStream:75 - [STDERR_REDIRECT] [Fatal Error] :1:1: Premature end of file.
2025-11-16 12:01:27,266 [ERROR] LogOutputStream:75 - [STDERR_REDIRECT] 
2025-11-16 12:01:28,267 [ERROR] LogOutputStream:75 - [STDERR_REDIRECT] [Fatal Error] :1:1: Premature end of file.
2025-11-16 12:01:28,267 [ERROR] LogOutputStream:75 - [STDERR_REDIRECT] 
2025-11-16 12:01:29,267 [ERROR] LogOutputStream:75 - [STDERR_REDIRECT] [Fatal Error] :1:1: Premature end of file.
2025-11-16 12:01:29,267 [ERROR] LogOutputStream:75 - [STDERR_REDIRECT] 
2025-11-16 12:01:30,267 [ERROR] LogOutputStream:75 - [STDERR_REDIRECT] [Fatal Error] :1:1: Premature end of file.
2025-11-16 12:01:30,267 [ERROR] LogOutputStream:75 - [STDERR_REDIRECT] 
2025-11-16 12:01:31,267 [ERROR] LogOutputStream:75 - [STDERR_REDIRECT] [Fatal Error] :1:1: Premature end of file.
2025-11-16 12:01:31,267 [ERROR] LogOutputStream:75 - [STDERR_REDIRECT] 
2025-11-16 12:01:32,267 [ERROR] LogOutputStream:75 - [STDERR_REDIRECT] [Fatal Error] :1:1: Premature end of file.
2025-11-16 12:01:32,267 [ERROR] LogOutputStream:75 - [STDERR_REDIRECT] 
2025-11-16 12:01:33,268 [ERROR] LogOutputStream:75 - [STDERR_REDIRECT] [Fatal Error] :1:1: Premature end of file.
2025-11-16 12:01:33,268 [ERROR] LogOutputStream:75 - [STDERR_REDIRECT] 
2025-11-16 12:01:34,267 [ERROR] LogOutputStream:75 - [STDERR_REDIRECT] [Fatal Error] :1:1: Premature end of file.
2025-11-16 12:01:34,267 [ERROR] LogOutputStream:75 - [STDERR_REDIRECT] 
2025-11-16 12:01:35,267 [ERROR] LogOutputStream:75 - [STDERR_REDIRECT] [Fatal Error] :1:1: Premature end of file.
2025-11-16 12:01:35,267 [ERROR] LogOutputStream:75 - [STDERR_REDIRECT] 
2025-11-16 12:01:36,267 [ERROR] LogOutputStream:75 - [STDERR_REDIRECT] [Fatal Error] :1:1: Premature end of file.
2025-11-16 12:01:36,267 [ERROR] LogOutputStream:75 - [STDERR_REDIRECT] 
2025-11-16 12:01:37,266 [ERROR] LogOutputStream:75 - [STDERR_REDIRECT] [Fatal Error] :1:1: Premature end of file.
2025-11-16 12:01:37,268 [ERROR] LogOutputStream:75 - [STDERR_REDIRECT] 
2025-11-16 12:01:38,267 [ERROR] LogOutputStream:75 - [STDERR_REDIRECT] [Fatal Error] :1:1: Premature end of file.
2025-11-16 12:01:38,268 [ERROR] LogOutputStream:75 - [STDERR_REDIRECT] 
2025-11-16 12:01:39,267 [ERROR] LogOutputStream:75 - [STDERR_REDIRECT] [Fatal Error] :1:1: Premature end of file.
2025-11-16 12:01:39,267 [ERROR] LogOutputStream:75 - [STDERR_REDIRECT] 
2025-11-16 12:01:40,292 [ERROR] LogOutputStream:75 - [STDERR_REDIRECT] [Fatal Error] :1:1: Premature end of file.
2025-11-16 12:01:40,292 [ERROR] LogOutputStream:75 - [STDERR_REDIRECT] 
2025-11-16 12:01:41,266 [ERROR] LogOutputStream:75 - [STDERR_REDIRECT] [Fatal Error] :1:1: Premature end of file.
2025-11-16 12:01:41,266 [ERROR] LogOutputStream:75 - [STDERR_REDIRECT] 
2025-11-16 12:01:42,289 [ERROR] LogOutputStream:75 - [STDERR_REDIRECT] [Fatal Error] :1:1: Premature end of file.
2025-11-16 12:01:42,289 [ERROR] LogOutputStream:75 - [STDERR_REDIRECT] 
2025-11-16 12:01:43,271 [ERROR] LogOutputStream:75 - [STDERR_REDIRECT] [Fatal Error] :1:1: Premature end of file.
2025-11-16 12:01:43,271 [ERROR] LogOutputStream:75 - [STDERR_REDIRECT] 
2025-11-16 12:01:44,270 [ERROR] LogOutputStream:75 - [STDERR_REDIRECT] [Fatal Error] :1:1: Premature end of file.
2025-11-16 12:01:44,271 [ERROR] LogOutputStream:75 - [STDERR_REDIRECT] 
2025-11-16 12:01:45,267 [ERROR] LogOutputStream:75 - [STDERR_REDIRECT] [Fatal Error] :1:1: Premature end of file.
2025-11-16 12:01:45,267 [ERROR] LogOutputStream:75 - [STDERR_REDIRECT] 
2025-11-16 12:01:46,267 [ERROR] LogOutputStream:75 - [STDERR_REDIRECT] [Fatal Error] :1:1: Premature end of file.
2025-11-16 12:01:46,267 [ERROR] LogOutputStream:75 - [STDERR_REDIRECT] 
2025-11-16 12:01:47,267 [ERROR] LogOutputStream:75 - [STDERR_REDIRECT] [Fatal Error] :1:1: Premature end of file.
2025-11-16 12:01:47,267 [ERROR] LogOutputStream:75 - [STDERR_REDIRECT] 
2025-11-16 12:01:48,267 [ERROR] LogOutputStream:75 - [STDERR_REDIRECT] [Fatal Error] :1:1: Premature end of file.
2025-11-16 12:01:48,268 [ERROR] LogOutputStream:75 - [STDERR_REDIRECT] 
2025-11-16 12:01:49,268 [ERROR] LogOutputStream:75 - [STDERR_REDIRECT] [Fatal Error] :1:1: Premature end of file.
2025-11-16 12:01:49,268 [ERROR] LogOutputStream:75 - [STDERR_REDIRECT] 
2025-11-16 12:01:50,268 [ERROR] LogOutputStream:75 - [STDERR_REDIRECT] [Fatal Error] :1:1: Premature end of file.
2025-11-16 12:01:50,268 [ERROR] LogOutputStream:75 - [STDERR_REDIRECT] 
2025-11-16 12:01:51,282 [ERROR] LogOutputStream:75 - [STDERR_REDIRECT] [Fatal Error] :1:1: Premature end of file.
2025-11-16 12:01:51,282 [ERROR] LogOutputStream:75 - [STDERR_REDIRECT] 
2025-11-16 12:01:52,294 [ERROR] LogOutputStream:75 - [STDERR_REDIRECT] [Fatal Error] :1:1: Premature end of file.
2025-11-16 12:01:52,294 [ERROR] LogOutputStream:75 - [STDERR_REDIRECT] 
2025-11-16 12:01:53,268 [ERROR] LogOutputStream:75 - [STDERR_REDIRECT] [Fatal Error] :1:1: Premature end of file.
2025-11-16 12:01:53,268 [ERROR] LogOutputStream:75 - [STDERR_REDIRECT] 
2025-11-16 12:01:54,272 [ERROR] LogOutputStream:75 - [STDERR_REDIRECT] [Fatal Error] :1:1: Premature end of file.
2025-11-16 12:01:54,272 [ERROR] LogOutputStream:75 - [STDERR_REDIRECT] 
2025-11-16 12:01:55,293 [ERROR] LogOutputStream:75 - [STDERR_REDIRECT] [Fatal Error] :1:1: Premature end of file.
2025-11-16 12:01:55,293 [ERROR] LogOutputStream:75 - [STDERR_REDIRECT] 
2025-11-16 12:01:56,275 [ERROR] LogOutputStream:75 - [STDERR_REDIRECT] [Fatal Error] :1:1: Premature end of file.
2025-11-16 12:01:56,275 [ERROR] LogOutputStream:75 - [STDERR_REDIRECT] 
2025-11-16 12:01:57,267 [ERROR] LogOutputStream:75 - [STDERR_REDIRECT] [Fatal Error] :1:1: Premature end of file.
2025-11-16 12:01:57,267 [ERROR] LogOutputStream:75 - [STDERR_REDIRECT] 
2025-11-16 12:01:58,267 [ERROR] LogOutputStream:75 - [STDERR_REDIRECT] [Fatal Error] :1:1: Premature end of file.
2025-11-16 12:01:58,267 [ERROR] LogOutputStream:75 - [STDERR_REDIRECT] 
2025-11-16 12:01:59,268 [ERROR] LogOutputStream:75 - [STDERR_REDIRECT] [Fatal Error] :1:1: Premature end of file.
2025-11-16 12:01:59,268 [ERROR] LogOutputStream:75 - [STDERR_REDIRECT] 
2025-11-16 12:02:00,275 [ERROR] LogOutputStream:75 - [STDERR_REDIRECT] [Fatal Error] :1:1: Premature end of file.
2025-11-16 12:02:00,275 [ERROR] LogOutputStream:75 - [STDERR_REDIRECT] 
2025-11-16 12:02:01,267 [ERROR] LogOutputStream:75 - [STDERR_REDIRECT] [Fatal Error] :1:1: Premature end of file.
2025-11-16 12:02:01,267 [ERROR] LogOutputStream:75 - [STDERR_REDIRECT] 
2025-11-16 12:02:02,267 [ERROR] LogOutputStream:75 - [STDERR_REDIRECT] [Fatal Error] :1:1: Premature end of file.
2025-11-16 12:02:02,267 [ERROR] LogOutputStream:75 - [STDERR_REDIRECT] 
2025-11-16 12:02:03,266 [ERROR] LogOutputStream:75 - [STDERR_REDIRECT] [Fatal Error] :1:1: Premature end of file.
2025-11-16 12:02:03,266 [ERROR] LogOutputStream:75 - [STDERR_REDIRECT] 
2025-11-16 12:02:04,268 [ERROR] LogOutputStream:75 - [STDERR_REDIRECT] [Fatal Error] :1:1: Premature end of file.
2025-11-16 12:02:04,268 [ERROR] LogOutputStream:75 - [STDERR_REDIRECT] 
2025-11-16 12:02:05,272 [ERROR] LogOutputStream:75 - [STDERR_REDIRECT] [Fatal Error] :1:1: Premature end of file.
2025-11-16 12:02:05,272 [ERROR] LogOutputStream:75 - [STDERR_REDIRECT] 
2025-11-16 12:02:06,267 [ERROR] LogOutputStream:75 - [STDERR_REDIRECT] [Fatal Error] :1:1: Premature end of file.
2025-11-16 12:02:06,267 [ERROR] LogOutputStream:75 - [STDERR_REDIRECT] 
2025-11-16 12:02:07,266 [ERROR] LogOutputStream:75 - [STDERR_REDIRECT] [Fatal Error] :1:1: Premature end of file.
2025-11-16 12:02:07,266 [ERROR] LogOutputStream:75 - [STDERR_REDIRECT] 
2025-11-16 12:02:08,268 [ERROR] LogOutputStream:75 - [STDERR_REDIRECT] [Fatal Error] :1:1: Premature end of file.
2025-11-16 12:02:08,268 [ERROR] LogOutputStream:75 - [STDERR_REDIRECT] 
2025-11-16 12:02:09,267 [ERROR] LogOutputStream:75 - [STDERR_REDIRECT] [Fatal Error] :1:1: Premature end of file.
2025-11-16 12:02:09,267 [ERROR] LogOutputStream:75 - [STDERR_REDIRECT] 
2025-11-16 12:02:10,267 [ERROR] LogOutputStream:75 - [STDERR_REDIRECT] [Fatal Error] :1:1: Premature end of file.
2025-11-16 12:02:10,267 [ERROR] LogOutputStream:75 - [STDERR_REDIRECT] 
2025-11-16 12:02:11,276 [ERROR] LogOutputStream:75 - [STDERR_REDIRECT] [Fatal Error] :1:1: Premature end of file.
2025-11-16 12:02:11,276 [ERROR] LogOutputStream:75 - [STDERR_REDIRECT] 
2025-11-16 12:02:12,265 [ERROR] LogOutputStream:75 - [STDERR_REDIRECT] [Fatal Error] :1:1: Premature end of file.
2025-11-16 12:02:12,265 [ERROR] LogOutputStream:75 - [STDERR_REDIRECT] 
2025-11-16 12:02:13,257 [ERROR] LogOutputStream:75 - [STDERR_REDIRECT] [Fatal Error] :1:1: Premature end of file.
2025-11-16 12:02:13,257 [ERROR] LogOutputStream:75 - [STDERR_REDIRECT] 
2025-11-16 12:02:14,277 [ERROR] LogOutputStream:75 - [STDERR_REDIRECT] [Fatal Error] :1:1: Premature end of file.
2025-11-16 12:02:14,277 [ERROR] LogOutputStream:75 - [STDERR_REDIRECT] 
2025-11-16 12:02:15,266 [ERROR] LogOutputStream:75 - [STDERR_REDIRECT] [Fatal Error] :1:1: Premature end of file.
2025-11-16 12:02:15,266 [ERROR] LogOutputStream:75 - [STDERR_REDIRECT] 
2025-11-16 12:02:16,262 [ERROR] LogOutputStream:75 - [STDERR_REDIRECT] [Fatal Error] :1:1: Premature end of file.
2025-11-16 12:02:16,262 [ERROR] LogOutputStream:75 - [STDERR_REDIRECT] 
2025-11-16 12:02:17,280 [ERROR] LogOutputStream:75 - [STDERR_REDIRECT] [Fatal Error] :1:1: Premature end of file.
2025-11-16 12:02:17,280 [ERROR] LogOutputStream:75 - [STDERR_REDIRECT] 
2025-11-16 12:02:18,291 [ERROR] LogOutputStream:75 - [STDERR_REDIRECT] [Fatal Error] :1:1: Premature end of file.
2025-11-16 12:02:18,291 [ERROR] LogOutputStream:75 - [STDERR_REDIRECT] 
2025-11-16 12:02:19,266 [ERROR] LogOutputStream:75 - [STDERR_REDIRECT] [Fatal Error] :1:1: Premature end of file.
2025-11-16 12:02:19,268 [ERROR] LogOutputStream:75 - [STDERR_REDIRECT] 
2025-11-16 12:02:20,276 [ERROR] LogOutputStream:75 - [STDERR_REDIRECT] [Fatal Error] :1:1: Premature end of file.
2025-11-16 12:02:20,276 [ERROR] LogOutputStream:75 - [STDERR_REDIRECT] 
2025-11-16 12:02:21,273 [ERROR] LogOutputStream:75 - [STDERR_REDIRECT] [Fatal Error] :1:1: Premature end of file.
2025-11-16 12:02:21,273 [ERROR] LogOutputStream:75 - [STDERR_REDIRECT] 
2025-11-16 12:02:22,271 [ERROR] LogOutputStream:75 - [STDERR_REDIRECT] [Fatal Error] :1:1: Premature end of file.
2025-11-16 12:02:22,271 [ERROR] LogOutputStream:75 - [STDERR_REDIRECT] 
2025-11-16 12:02:23,268 [ERROR] LogOutputStream:75 - [STDERR_REDIRECT] [Fatal Error] :1:1: Premature end of file.
2025-11-16 12:02:23,268 [ERROR] LogOutputStream:75 - [STDERR_REDIRECT] 
2025-11-16 12:02:24,268 [ERROR] LogOutputStream:75 - [STDERR_REDIRECT] [Fatal Error] :1:1: Premature end of file.
2025-11-16 12:02:24,268 [ERROR] LogOutputStream:75 - [STDERR_REDIRECT] 
2025-11-16 12:02:25,262 [ERROR] LogOutputStream:75 - [STDERR_REDIRECT] [Fatal Error] :1:1: Premature end of file.
2025-11-16 12:02:25,262 [ERROR] LogOutputStream:75 - [STDERR_REDIRECT] 
2025-11-16 12:02:26,268 [ERROR] LogOutputStream:75 - [STDERR_REDIRECT] [Fatal Error] :1:1: Premature end of file.
2025-11-16 12:02:26,268 [ERROR] LogOutputStream:75 - [STDERR_REDIRECT] 
2025-11-16 12:02:27,267 [ERROR] LogOutputStream:75 - [STDERR_REDIRECT] [Fatal Error] :1:1: Premature end of file.
2025-11-16 12:02:27,267 [ERROR] LogOutputStream:75 - [STDERR_REDIRECT] 
2025-11-16 12:02:28,268 [ERROR] LogOutputStream:75 - [STDERR_REDIRECT] [Fatal Error] :1:1: Premature end of file.
2025-11-16 12:02:28,268 [ERROR] LogOutputStream:75 - [STDERR_REDIRECT] 
2025-11-16 12:02:29,266 [ERROR] LogOutputStream:75 - [STDERR_REDIRECT] [Fatal Error] :1:1: Premature end of file.
2025-11-16 12:02:29,266 [ERROR] LogOutputStream:75 - [STDERR_REDIRECT] 
2025-11-16 12:02:30,268 [ERROR] LogOutputStream:75 - [STDERR_REDIRECT] [Fatal Error] :1:1: Premature end of file.
2025-11-16 12:02:30,268 [ERROR] LogOutputStream:75 - [STDERR_REDIRECT] 
2025-11-16 12:02:31,267 [ERROR] LogOutputStream:75 - [STDERR_REDIRECT] [Fatal Error] :1:1: Premature end of file.
2025-11-16 12:02:31,267 [ERROR] LogOutputStream:75 - [STDERR_REDIRECT] 
2025-11-16 12:02:32,267 [ERROR] LogOutputStream:75 - [STDERR_REDIRECT] [Fatal Error] :1:1: Premature end of file.
2025-11-16 12:02:32,267 [ERROR] LogOutputStream:75 - [STDERR_REDIRECT] 
2025-11-16 12:02:33,286 [ERROR] LogOutputStream:75 - [STDERR_REDIRECT] [Fatal Error] :1:1: Premature end of file.
2025-11-16 12:02:33,286 [ERROR] LogOutputStream:75 - [STDERR_REDIRECT] 
2025-11-16 12:02:34,263 [ERROR] LogOutputStream:75 - [STDERR_REDIRECT] [Fatal Error] :1:1: Premature end of file.
2025-11-16 12:02:34,263 [ERROR] LogOutputStream:75 - [STDERR_REDIRECT] 
2025-11-16 12:02:35,277 [ERROR] LogOutputStream:75 - [STDERR_REDIRECT] [Fatal Error] :1:1: Premature end of file.
2025-11-16 12:02:35,277 [ERROR] LogOutputStream:75 - [STDERR_REDIRECT] 
2025-11-16 12:02:36,263 [ERROR] LogOutputStream:75 - [STDERR_REDIRECT] [Fatal Error] :1:1: Premature end of file.
2025-11-16 12:02:36,263 [ERROR] LogOutputStream:75 - [STDERR_REDIRECT] 
2025-11-16 12:02:37,267 [ERROR] LogOutputStream:75 - [STDERR_REDIRECT] [Fatal Error] :1:1: Premature end of file.
2025-11-16 12:02:37,267 [ERROR] LogOutputStream:75 - [STDERR_REDIRECT] 
2025-11-16 12:02:38,268 [ERROR] LogOutputStream:75 - [STDERR_REDIRECT] [Fatal Error] :1:1: Premature end of file.
2025-11-16 12:02:38,268 [ERROR] LogOutputStream:75 - [STDERR_REDIRECT] 
2025-11-16 12:02:39,264 [ERROR] LogOutputStream:75 - [STDERR_REDIRECT] [Fatal Error] :1:1: Premature end of file.
2025-11-16 12:02:39,264 [ERROR] LogOutputStream:75 - [STDERR_REDIRECT] 
2025-11-16 12:02:40,268 [ERROR] LogOutputStream:75 - [STDERR_REDIRECT] [Fatal Error] :1:1: Premature end of file.
2025-11-16 12:02:40,268 [ERROR] LogOutputStream:75 - [STDERR_REDIRECT] 
2025-11-16 12:02:41,268 [ERROR] LogOutputStream:75 - [STDERR_REDIRECT] [Fatal Error] :1:1: Premature end of file.
2025-11-16 12:02:41,268 [ERROR] LogOutputStream:75 - [STDERR_REDIRECT] 
2025-11-16 12:02:42,262 [ERROR] LogOutputStream:75 - [STDERR_REDIRECT] [Fatal Error] :1:1: Premature end of file.
2025-11-16 12:02:42,262 [ERROR] LogOutputStream:75 - [STDERR_REDIRECT] 
2025-11-16 12:02:43,258 [ERROR] LogOutputStream:75 - [STDERR_REDIRECT] [Fatal Error] :1:1: Premature end of file.
2025-11-16 12:02:43,258 [ERROR] LogOutputStream:75 - [STDERR_REDIRECT] 
2025-11-16 12:02:44,266 [ERROR] LogOutputStream:75 - [STDERR_REDIRECT] [Fatal Error] :1:1: Premature end of file.
2025-11-16 12:02:44,266 [ERROR] LogOutputStream:75 - [STDERR_REDIRECT] 
2025-11-16 12:02:45,259 [ERROR] LogOutputStream:75 - [STDERR_REDIRECT] [Fatal Error] :1:1: Premature end of file.
2025-11-16 12:02:45,259 [ERROR] LogOutputStream:75 - [STDERR_REDIRECT] 
2025-11-16 12:02:46,267 [ERROR] LogOutputStream:75 - [STDERR_REDIRECT] [Fatal Error] :1:1: Premature end of file.
2025-11-16 12:02:46,267 [ERROR] LogOutputStream:75 - [STDERR_REDIRECT] 
2025-11-16 12:02:47,276 [ERROR] LogOutputStream:75 - [STDERR_REDIRECT] [Fatal Error] :1:1: Premature end of file.
2025-11-16 12:02:47,276 [ERROR] LogOutputStream:75 - [STDERR_REDIRECT] 
2025-11-16 12:02:48,280 [ERROR] LogOutputStream:75 - [STDERR_REDIRECT] [Fatal Error] :1:1: Premature end of file.
2025-11-16 12:02:48,281 [ERROR] LogOutputStream:75 - [STDERR_REDIRECT] 
2025-11-16 12:02:49,262 [ERROR] LogOutputStream:75 - [STDERR_REDIRECT] [Fatal Error] :1:1: Premature end of file.
2025-11-16 12:02:49,262 [ERROR] LogOutputStream:75 - [STDERR_REDIRECT] 
2025-11-16 12:02:50,260 [ERROR] LogOutputStream:75 - [STDERR_REDIRECT] [Fatal Error] :1:1: Premature end of file.
2025-11-16 12:02:50,260 [ERROR] LogOutputStream:75 - [STDERR_REDIRECT] 
2025-11-16 12:02:51,267 [ERROR] LogOutputStream:75 - [STDERR_REDIRECT] [Fatal Error] :1:1: Premature end of file.
2025-11-16 12:02:51,267 [ERROR] LogOutputStream:75 - [STDERR_REDIRECT] 
2025-11-16 12:02:52,259 [ERROR] LogOutputStream:75 - [STDERR_REDIRECT] [Fatal Error] :1:1: Premature end of file.
2025-11-16 12:02:52,259 [ERROR] LogOutputStream:75 - [STDERR_REDIRECT] 
2025-11-16 12:02:53,258 [ERROR] LogOutputStream:75 - [STDERR_REDIRECT] [Fatal Error] :1:1: Premature end of file.
2025-11-16 12:02:53,258 [ERROR] LogOutputStream:75 - [STDERR_REDIRECT] 
2025-11-16 12:02:54,257 [ERROR] LogOutputStream:75 - [STDERR_REDIRECT] [Fatal Error] :1:1: Premature end of file.
2025-11-16 12:02:54,257 [ERROR] LogOutputStream:75 - [STDERR_REDIRECT] 
2025-11-16 12:02:55,275 [ERROR] LogOutputStream:75 - [STDERR_REDIRECT] [Fatal Error] :1:1: Premature end of file.
2025-11-16 12:02:55,275 [ERROR] LogOutputStream:75 - [STDERR_REDIRECT] 
2025-11-16 12:02:56,259 [ERROR] LogOutputStream:75 - [STDERR_REDIRECT] [Fatal Error] :1:1: Premature end of file.
2025-11-16 12:02:56,259 [ERROR] LogOutputStream:75 - [STDERR_REDIRECT] 
2025-11-16 12:02:57,260 [ERROR] LogOutputStream:75 - [STDERR_REDIRECT] [Fatal Error] :1:1: Premature end of file.
2025-11-16 12:02:57,260 [ERROR] LogOutputStream:75 - [STDERR_REDIRECT] 
2025-11-16 12:02:58,257 [ERROR] LogOutputStream:75 - [STDERR_REDIRECT] [Fatal Error] :1:1: Premature end of file.
2025-11-16 12:02:58,257 [ERROR] LogOutputStream:75 - [STDERR_REDIRECT] 
2025-11-16 12:02:59,258 [ERROR] LogOutputStream:75 - [STDERR_REDIRECT] [Fatal Error] :1:1: Premature end of file.
2025-11-16 12:02:59,258 [ERROR] LogOutputStream:75 - [STDERR_REDIRECT] 
2025-11-16 12:03:00,263 [ERROR] LogOutputStream:75 - [STDERR_REDIRECT] [Fatal Error] :1:1: Premature end of file.
2025-11-16 12:03:00,263 [ERROR] LogOutputStream:75 - [STDERR_REDIRECT] 
2025-11-16 12:03:01,258 [ERROR] LogOutputStream:75 - [STDERR_REDIRECT] [Fatal Error] :1:1: Premature end of file.
2025-11-16 12:03:01,258 [ERROR] LogOutputStream:75 - [STDERR_REDIRECT] 
2025-11-16 12:03:02,258 [ERROR] LogOutputStream:75 - [STDERR_REDIRECT] [Fatal Error] :1:1: Premature end of file.
2025-11-16 12:03:02,258 [ERROR] LogOutputStream:75 - [STDERR_REDIRECT] 
2025-11-16 12:03:02,386 [INFO] McuFinderGlobals:76 - Set McuFinderConnectedMode to true
2025-11-16 12:03:02,510 [INFO] ApiDb:448 - Save user favorites file C:\Users\akash/.stm32cubeide/favorites.mcus.txt: 0 item(s)
2025-11-16 12:03:02,510 [INFO] ApiDb:452 - User favorites MCUs=[]
2025-11-16 12:03:02,511 [INFO] ApiDb:448 - Save user favorites file C:\Users\akash/.stm32cubeide/favorites.boards.txt: 2 item(s)
2025-11-16 12:03:02,511 [INFO] ApiDb:452 - User favorites Boards=[NUCLEO-H755ZI-Q, STM32H747I-DISCO]
2025-11-16 12:03:02,512 [INFO] ApiDb:448 - Save user favorites file C:\Users\akash/.stm32cubeide/favorites.examples.txt: 0 item(s)
2025-11-16 12:03:02,512 [INFO] ApiDb:452 - User favorites Examples=[]
2025-11-16 12:03:03,258 [ERROR] LogOutputStream:75 - [STDERR_REDIRECT] [Fatal Error] :1:1: Premature end of file.
2025-11-16 12:03:03,258 [ERROR] LogOutputStream:75 - [STDERR_REDIRECT] 
2025-11-16 12:03:04,258 [ERROR] LogOutputStream:75 - [STDERR_REDIRECT] [Fatal Error] :1:1: Premature end of file.
2025-11-16 12:03:04,258 [ERROR] LogOutputStream:75 - [STDERR_REDIRECT] 
2025-11-16 12:03:05,266 [ERROR] LogOutputStream:75 - [STDERR_REDIRECT] [Fatal Error] :1:1: Premature end of file.
2025-11-16 12:03:05,266 [ERROR] LogOutputStream:75 - [STDERR_REDIRECT] 
2025-11-16 12:03:06,262 [ERROR] LogOutputStream:75 - [STDERR_REDIRECT] [Fatal Error] :1:1: Premature end of file.
2025-11-16 12:03:06,263 [ERROR] LogOutputStream:75 - [STDERR_REDIRECT] 
2025-11-16 12:03:07,267 [ERROR] LogOutputStream:75 - [STDERR_REDIRECT] [Fatal Error] :1:1: Premature end of file.
2025-11-16 12:03:07,267 [ERROR] LogOutputStream:75 - [STDERR_REDIRECT] 
2025-11-16 12:03:07,341 [INFO] MainUpdater:2872 - connection check result : 10
2025-11-16 12:03:07,435 [INFO] McuFinderGlobals:76 - Set McuFinderConnectedMode to true
2025-11-16 12:03:07,435 [INFO] MultiScanPanel:200 - Auto-refresh data requested => check proxy status ongoing
2025-11-16 12:03:07,435 [INFO] FinderPluginLoader:96 - Searching for filters in installed packs
2025-11-16 12:03:07,905 [INFO] LoadUrlFilesThread:185 - End of LoadServerUrlFiles without Thread
2025-11-16 12:03:07,905 [INFO] DetailPanel:341 - Set advertising image to C:/Users/akash/STM32Cube/Repository/\en.mcu-finder-preevent.jpg
2025-11-16 12:03:08,263 [ERROR] LogOutputStream:75 - [STDERR_REDIRECT] [Fatal Error] :1:1: Premature end of file.
2025-11-16 12:03:08,263 [ERROR] LogOutputStream:75 - [STDERR_REDIRECT] 
2025-11-16 12:03:09,258 [ERROR] LogOutputStream:75 - [STDERR_REDIRECT] [Fatal Error] :1:1: Premature end of file.
2025-11-16 12:03:09,258 [ERROR] LogOutputStream:75 - [STDERR_REDIRECT] 
2025-11-16 12:03:10,257 [ERROR] LogOutputStream:75 - [STDERR_REDIRECT] [Fatal Error] :1:1: Premature end of file.
2025-11-16 12:03:10,257 [ERROR] LogOutputStream:75 - [STDERR_REDIRECT] 
2025-11-16 12:03:11,278 [INFO] MultiScanPanel:200 - Auto-refresh data requested => check proxy status ongoing
2025-11-16 12:03:11,283 [ERROR] LogOutputStream:75 - [STDERR_REDIRECT] [Fatal Error] :1:1: Premature end of file.
2025-11-16 12:03:11,283 [ERROR] LogOutputStream:75 - [STDERR_REDIRECT] 
2025-11-16 12:03:11,314 [INFO] LoadUrlFilesThread:185 - End of LoadServerUrlFiles without Thread
2025-11-16 12:03:11,314 [INFO] DetailPanel:341 - Set advertising image to C:/Users/akash/STM32Cube/Repository/\en.mcu-finder-preevent.jpg
2025-11-16 12:03:12,266 [ERROR] LogOutputStream:75 - [STDERR_REDIRECT] [Fatal Error] :1:1: Premature end of file.
2025-11-16 12:03:12,266 [ERROR] LogOutputStream:75 - [STDERR_REDIRECT] 
2025-11-16 12:03:13,258 [ERROR] LogOutputStream:75 - [STDERR_REDIRECT] [Fatal Error] :1:1: Premature end of file.
2025-11-16 12:03:13,258 [ERROR] LogOutputStream:75 - [STDERR_REDIRECT] 
2025-11-16 12:03:14,257 [ERROR] LogOutputStream:75 - [STDERR_REDIRECT] [Fatal Error] :1:1: Premature end of file.
2025-11-16 12:03:14,257 [ERROR] LogOutputStream:75 - [STDERR_REDIRECT] 
2025-11-16 12:03:15,262 [ERROR] LogOutputStream:75 - [STDERR_REDIRECT] [Fatal Error] :1:1: Premature end of file.
2025-11-16 12:03:15,262 [ERROR] LogOutputStream:75 - [STDERR_REDIRECT] 
2025-11-16 12:03:16,256 [ERROR] LogOutputStream:75 - [STDERR_REDIRECT] [Fatal Error] :1:1: Premature end of file.
2025-11-16 12:03:16,256 [ERROR] LogOutputStream:75 - [STDERR_REDIRECT] 
2025-11-16 12:03:17,267 [ERROR] LogOutputStream:75 - [STDERR_REDIRECT] [Fatal Error] :1:1: Premature end of file.
2025-11-16 12:03:17,267 [ERROR] LogOutputStream:75 - [STDERR_REDIRECT] 
2025-11-16 12:03:18,257 [ERROR] LogOutputStream:75 - [STDERR_REDIRECT] [Fatal Error] :1:1: Premature end of file.
2025-11-16 12:03:18,257 [ERROR] LogOutputStream:75 - [STDERR_REDIRECT] 
2025-11-16 12:03:18,538 [INFO] ApiDb:581 - Connected to CubeFinder SQLite database (C:\Users\akash\.stmcufinder\plugins\mcufinder\mcu\cube-finder-db.db)
2025-11-16 12:03:19,258 [ERROR] LogOutputStream:75 - [STDERR_REDIRECT] [Fatal Error] :1:1: Premature end of file.
2025-11-16 12:03:19,260 [ERROR] LogOutputStream:75 - [STDERR_REDIRECT] 
2025-11-16 12:03:20,267 [ERROR] LogOutputStream:75 - [STDERR_REDIRECT] [Fatal Error] :1:1: Premature end of file.
2025-11-16 12:03:20,267 [ERROR] LogOutputStream:75 - [STDERR_REDIRECT] 
2025-11-16 12:03:21,265 [ERROR] LogOutputStream:75 - [STDERR_REDIRECT] [Fatal Error] :1:1: Premature end of file.
2025-11-16 12:03:21,265 [ERROR] LogOutputStream:75 - [STDERR_REDIRECT] 
2025-11-16 12:03:22,257 [ERROR] LogOutputStream:75 - [STDERR_REDIRECT] [Fatal Error] :1:1: Premature end of file.
2025-11-16 12:03:22,257 [ERROR] LogOutputStream:75 - [STDERR_REDIRECT] 
2025-11-16 12:03:23,266 [ERROR] LogOutputStream:75 - [STDERR_REDIRECT] [Fatal Error] :1:1: Premature end of file.
2025-11-16 12:03:23,266 [ERROR] LogOutputStream:75 - [STDERR_REDIRECT] 
2025-11-16 12:03:24,262 [ERROR] LogOutputStream:75 - [STDERR_REDIRECT] [Fatal Error] :1:1: Premature end of file.
2025-11-16 12:03:24,262 [ERROR] LogOutputStream:75 - [STDERR_REDIRECT] 
2025-11-16 12:03:25,268 [ERROR] LogOutputStream:75 - [STDERR_REDIRECT] [Fatal Error] :1:1: Premature end of file.
2025-11-16 12:03:25,268 [ERROR] LogOutputStream:75 - [STDERR_REDIRECT] 
2025-11-16 12:03:26,277 [ERROR] LogOutputStream:75 - [STDERR_REDIRECT] [Fatal Error] :1:1: Premature end of file.
2025-11-16 12:03:26,277 [ERROR] LogOutputStream:75 - [STDERR_REDIRECT] 
2025-11-16 12:03:27,258 [ERROR] LogOutputStream:75 - [STDERR_REDIRECT] [Fatal Error] :1:1: Premature end of file.
2025-11-16 12:03:27,258 [ERROR] LogOutputStream:75 - [STDERR_REDIRECT] 
2025-11-16 12:03:28,258 [ERROR] LogOutputStream:75 - [STDERR_REDIRECT] [Fatal Error] :1:1: Premature end of file.
2025-11-16 12:03:28,258 [ERROR] LogOutputStream:75 - [STDERR_REDIRECT] 
2025-11-16 12:03:29,258 [ERROR] LogOutputStream:75 - [STDERR_REDIRECT] [Fatal Error] :1:1: Premature end of file.
2025-11-16 12:03:29,258 [ERROR] LogOutputStream:75 - [STDERR_REDIRECT] 
2025-11-16 12:03:30,268 [ERROR] LogOutputStream:75 - [STDERR_REDIRECT] [Fatal Error] :1:1: Premature end of file.
2025-11-16 12:03:30,268 [ERROR] LogOutputStream:75 - [STDERR_REDIRECT] 
2025-11-16 12:03:31,267 [ERROR] LogOutputStream:75 - [STDERR_REDIRECT] [Fatal Error] :1:1: Premature end of file.
2025-11-16 12:03:31,267 [ERROR] LogOutputStream:75 - [STDERR_REDIRECT] 
2025-11-16 12:03:32,271 [ERROR] LogOutputStream:75 - [STDERR_REDIRECT] [Fatal Error] :1:1: Premature end of file.
2025-11-16 12:03:32,271 [ERROR] LogOutputStream:75 - [STDERR_REDIRECT] 
2025-11-16 12:03:33,277 [ERROR] LogOutputStream:75 - [STDERR_REDIRECT] [Fatal Error] :1:1: Premature end of file.
2025-11-16 12:03:33,277 [ERROR] LogOutputStream:75 - [STDERR_REDIRECT] 
2025-11-16 12:03:34,258 [ERROR] LogOutputStream:75 - [STDERR_REDIRECT] [Fatal Error] :1:1: Premature end of file.
2025-11-16 12:03:34,258 [ERROR] LogOutputStream:75 - [STDERR_REDIRECT] 
2025-11-16 12:03:35,267 [ERROR] LogOutputStream:75 - [STDERR_REDIRECT] [Fatal Error] :1:1: Premature end of file.
2025-11-16 12:03:35,267 [ERROR] LogOutputStream:75 - [STDERR_REDIRECT] 
2025-11-16 12:03:36,288 [ERROR] LogOutputStream:75 - [STDERR_REDIRECT] [Fatal Error] :1:1: Premature end of file.
2025-11-16 12:03:36,288 [ERROR] LogOutputStream:75 - [STDERR_REDIRECT] 
2025-11-16 12:03:37,288 [ERROR] LogOutputStream:75 - [STDERR_REDIRECT] [Fatal Error] :1:1: Premature end of file.
2025-11-16 12:03:37,288 [ERROR] LogOutputStream:75 - [STDERR_REDIRECT] 
2025-11-16 12:03:37,962 [INFO] MainUpdater:2872 - connection check result : 10
2025-11-16 12:03:37,962 [INFO] MainUpdater:2872 - connection check result : 10
2025-11-16 12:03:37,971 [INFO] MicroXplorer:468 - Change Database Path : 
2025-11-16 12:03:37,971 [INFO] MicroXplorer:498 - Change Database Version : DB.6.0.150
2025-11-16 12:03:37,975 [WARN] ThirdParty:871 - waiting for thirdparty lock release [close project]
2025-11-16 12:03:37,975 [INFO] ThirdParty:873 - entering critical section [close project]
2025-11-16 12:03:37,976 [INFO] ThirdParty:883 - exiting critical section [close project]
2025-11-16 12:03:37,977 [INFO] PinOutPanel:1589 - setPackage(No Configuration,No Configuration)
2025-11-16 12:03:37,977 [INFO] UtilMem:75 - Begin LoadConfig() Used Memory: 278310648 Bytes (599785472)
2025-11-16 12:03:37,981 [INFO] OpenFileManager:355 - Change cursor
2025-11-16 12:03:38,029 [INFO] Mcu:2029 - Initializing MCU STM32H755ZITx STM32H755ZITx STM32H755ZIT6
2025-11-16 12:03:38,261 [ERROR] LogOutputStream:75 - [STDERR_REDIRECT] [Fatal Error] :1:1: Premature end of file.
2025-11-16 12:03:38,261 [ERROR] LogOutputStream:75 - [STDERR_REDIRECT] 
2025-11-16 12:03:39,259 [ERROR] LogOutputStream:75 - [STDERR_REDIRECT] [Fatal Error] :1:1: Premature end of file.
2025-11-16 12:03:39,259 [ERROR] LogOutputStream:75 - [STDERR_REDIRECT] 
2025-11-16 12:03:40,257 [ERROR] LogOutputStream:75 - [STDERR_REDIRECT] [Fatal Error] :1:1: Premature end of file.
2025-11-16 12:03:40,257 [ERROR] LogOutputStream:75 - [STDERR_REDIRECT] 
2025-11-16 12:03:40,663 [INFO] Context:786 - Trying to add GPIOservice into a context  which must be forbidden
2025-11-16 12:03:40,663 [INFO] Context:786 - Trying to add GPIOservice into a context  which must be forbidden
2025-11-16 12:03:41,259 [ERROR] LogOutputStream:75 - [STDERR_REDIRECT] [Fatal Error] :1:1: Premature end of file.
2025-11-16 12:03:41,259 [ERROR] LogOutputStream:75 - [STDERR_REDIRECT] 
2025-11-16 12:03:41,918 [INFO] Rule:233 - rule Adapt Old IOC before rework replace old CORTEX_M33/CORTEX_M55 attributes by the new one. is applicable
2025-11-16 12:03:41,918 [INFO] Rule:233 - rule Rename parametre of RCC RCC_APBDBG_DIV2 to RCC_TIMPRES_DIV2 is applicable
2025-11-16 12:03:41,918 [INFO] Rule:233 - rule Rename DIE493 pin PA10 [PA12] -> PA10 is applicable
2025-11-16 12:03:41,918 [INFO] Rule:233 - rule Rename DIE493 pin PA9 [PA11] -> PA9 is applicable
2025-11-16 12:03:41,918 [INFO] Rule:233 - rule Rename DIE492 PartNumber CPN STM32WBA5MJGHx -> STM32WBA5MMGHx is applicable
2025-11-16 12:03:41,918 [INFO] Rule:233 - rule Rename DIE492 PartNumber  Name STM32WBA5MJGHx -> STM32WBA5MMGHx is applicable
2025-11-16 12:03:41,918 [INFO] Rule:233 - rule Rename DIE492 PartNumber UserName STM32WBA5MJGHx -> STM32WBA5MMGHx is applicable
2025-11-16 12:03:41,918 [INFO] Rule:233 - rule Rename DIE492 PartNumber DeviceId STM32WBA5MJGHx -> STM32WBA5MMGHx is applicable
2025-11-16 12:03:41,919 [INFO] Rule:233 - rule Adapt Old IOC CSI. is applicable
2025-11-16 12:03:41,919 [INFO] Rule:233 - rule Adapt Old IOC DCMIPP. is applicable
2025-11-16 12:03:41,919 [INFO] Rule:233 - rule Adapt Old IOC DCMIPP Mode Parallel. is applicable
2025-11-16 12:03:41,919 [INFO] Rule:233 - rule Adapt Old IOC LTDC. is applicable
2025-11-16 12:03:41,919 [INFO] Rule:233 - rule Rename STM32MP2 RIF Peripheral LTDC RIF.RISUP.LTDC_L0L1.Privilege -> RIF.RISUP.LTDC_L1L2.Privilege is applicable
2025-11-16 12:03:41,919 [INFO] Rule:233 - rule Rename STM32MP2 RIF Peripheral LTDC RIF.RISUP.LTDC_L0L1.Privilege -> RIF.RISUP.LTDC_L1L2.Privilege is applicable
2025-11-16 12:03:41,919 [INFO] Rule:233 - rule Rename STM32MP2 RIF Peripheral LTDC RIF.RISUP.LTDC_L0L1.Lock -> RIF.RISUP.LTDC_L1L2.Lock is applicable
2025-11-16 12:03:41,919 [INFO] Rule:233 - rule Rename STM32MP2 RIF Peripheral LTDC RIF.RISUP.LTDC_L2.Lock -> RIF.RISUP.LTDC_L3.Lock is applicable
2025-11-16 12:03:41,919 [INFO] Rule:233 - rule Adapt the old IOC example for updating the SYS when it is misconfigured. is applicable
2025-11-16 12:03:41,919 [INFO] Rule:233 - rule Rename STM32C09 Mcu.Package LQFP64 -> LQFP48 is applicable
2025-11-16 12:03:41,919 [INFO] Rule:233 - rule Adapt the old IOC example for updating the SYS when it is misconfigured. is applicable
2025-11-16 12:03:41,919 [INFO] Rule:233 - rule Adapt the old IOC example for updating the SYS when it is misconfigured. is applicable
2025-11-16 12:03:41,920 [INFO] DbConfProperties:307 - Apply Compatibility (4/20 Rules)
2025-11-16 12:03:41,969 [INFO] ApiDbMcu:532 - Load IP Config File for NUCLEO-H755ZI-Q
2025-11-16 12:03:42,119 [INFO] Context:786 - Trying to add GPIOservice into a context  which must be forbidden
2025-11-16 12:03:42,132 [INFO] Context:786 - Trying to add GPIOservice into a context  which must be forbidden
2025-11-16 12:03:42,136 [INFO] ImportTextPane:234 - (OptionalMessage_ERROR) Pin27 (VP_RIF_VS_RIF1) cannot be retrieved for this MCU
2025-11-16 12:03:42,260 [ERROR] LogOutputStream:75 - [STDERR_REDIRECT] [Fatal Error] :1:1: Premature end of file.
2025-11-16 12:03:42,260 [ERROR] LogOutputStream:75 - [STDERR_REDIRECT] 
2025-11-16 12:03:42,268 [INFO] RtosManager:558 - Registered RTOS mode: class=CMSIS, group=RTOS, mode=CMSIS_V1, owner=FREERTOS_M7
2025-11-16 12:03:42,268 [INFO] RtosManager:558 - Registered RTOS mode: class=CMSIS, group=RTOS2, mode=CMSIS_V2, owner=FREERTOS_M7
2025-11-16 12:03:42,268 [INFO] RtosManager:558 - Registered RTOS mode: class=RTOS, group=Core, mode=CMSIS_V1, owner=FREERTOS_M7
2025-11-16 12:03:42,268 [INFO] RtosManager:558 - Registered RTOS mode: class=RTOS, group=Core, mode=CMSIS_V2, owner=FREERTOS_M7
2025-11-16 12:03:42,268 [WARN] ModelIntegratedComponent:184 - Missing modes for component STMicroelectronics:FreeRTOS:0.0.1:STMicroelectronics:RTOS:FreeRTOS:Core:::10.2.0:
2025-11-16 12:03:42,281 [WARN] ModelIntegratedComponent:63 - No mode defined for component null
2025-11-16 12:03:42,281 [WARN] ModelIntegratedComponent:63 - No mode defined for component null
2025-11-16 12:03:42,281 [WARN] ModelIntegratedComponent:63 - No mode defined for component null
2025-11-16 12:03:42,281 [WARN] ModelIntegratedComponent:63 - No mode defined for component null
2025-11-16 12:03:42,281 [WARN] ModelIntegratedComponent:63 - No mode defined for component null
2025-11-16 12:03:42,281 [WARN] ModelIntegratedComponent:63 - No mode defined for component null
2025-11-16 12:03:42,281 [WARN] ModelIntegratedComponent:63 - No mode defined for component null
2025-11-16 12:03:42,281 [WARN] ModelIntegratedComponent:63 - No mode defined for component null
2025-11-16 12:03:42,281 [WARN] ModelIntegratedComponent:63 - No mode defined for component null
2025-11-16 12:03:42,281 [WARN] ModelIntegratedComponent:63 - No mode defined for component null
2025-11-16 12:03:42,281 [WARN] ModelIntegratedComponent:63 - No mode defined for component null
2025-11-16 12:03:42,281 [WARN] ModelIntegratedComponent:63 - No mode defined for component null
2025-11-16 12:03:42,282 [WARN] ModelIntegratedComponent:63 - No mode defined for component null
2025-11-16 12:03:42,282 [WARN] ModelIntegratedComponent:63 - No mode defined for component null
2025-11-16 12:03:42,282 [WARN] ModelIntegratedComponent:63 - No mode defined for component null
2025-11-16 12:03:42,282 [WARN] ModelIntegratedComponent:63 - No mode defined for component null
2025-11-16 12:03:42,282 [WARN] ModelIntegratedComponent:63 - No mode defined for component null
2025-11-16 12:03:42,282 [WARN] ModelIntegratedComponent:63 - No mode defined for component null
2025-11-16 12:03:42,282 [WARN] ModelIntegratedComponent:63 - No mode defined for component null
2025-11-16 12:03:42,282 [WARN] ModelIntegratedComponent:63 - No mode defined for component null
2025-11-16 12:03:42,282 [WARN] ModelIntegratedComponent:63 - No mode defined for component null
2025-11-16 12:03:42,282 [WARN] ModelIntegratedComponent:63 - No mode defined for component null
2025-11-16 12:03:42,282 [WARN] ModelIntegratedComponent:63 - No mode defined for component null
2025-11-16 12:03:42,282 [WARN] ModelIntegratedComponent:63 - No mode defined for component null
2025-11-16 12:03:42,282 [WARN] ModelIntegratedComponent:63 - No mode defined for component null
2025-11-16 12:03:42,282 [WARN] ModelIntegratedComponent:63 - No mode defined for component null
2025-11-16 12:03:42,282 [WARN] ModelIntegratedComponent:63 - No mode defined for component null
2025-11-16 12:03:42,282 [WARN] ModelIntegratedComponent:63 - No mode defined for component null
2025-11-16 12:03:42,282 [WARN] ModelIntegratedComponent:63 - No mode defined for component null
2025-11-16 12:03:42,282 [WARN] ModelIntegratedComponent:63 - No mode defined for component null
2025-11-16 12:03:42,282 [WARN] ModelIntegratedComponent:63 - No mode defined for component null
2025-11-16 12:03:42,282 [WARN] ModelIntegratedComponent:63 - No mode defined for component null
2025-11-16 12:03:42,282 [WARN] ModelIntegratedComponent:63 - No mode defined for component null
2025-11-16 12:03:42,282 [WARN] ModelIntegratedComponent:63 - No mode defined for component null
2025-11-16 12:03:42,282 [WARN] ModelIntegratedComponent:63 - No mode defined for component null
2025-11-16 12:03:42,282 [WARN] ModelPack:524 - Component already loaded: STMicroelectronics:HAL Drivers:0.0.0:STMicroelectronics:Device:STMicro_Driver:XSPI:HAL::0.0.1:HAL_XSPI
2025-11-16 12:03:42,361 [INFO] RtosManager:558 - Registered RTOS mode: class=CMSIS, group=RTOS, mode=CMSIS_V1, owner=FREERTOS_M4
2025-11-16 12:03:42,361 [INFO] RtosManager:558 - Registered RTOS mode: class=CMSIS, group=RTOS2, mode=CMSIS_V2, owner=FREERTOS_M4
2025-11-16 12:03:42,361 [INFO] RtosManager:558 - Registered RTOS mode: class=RTOS, group=Core, mode=CMSIS_V1, owner=FREERTOS_M4
2025-11-16 12:03:42,361 [INFO] RtosManager:558 - Registered RTOS mode: class=RTOS, group=Core, mode=CMSIS_V2, owner=FREERTOS_M4
2025-11-16 12:03:42,361 [WARN] ModelIntegratedComponent:184 - Missing modes for component STMicroelectronics:FreeRTOS:0.0.1:STMicroelectronics:RTOS:FreeRTOS:Core:::10.2.0:
2025-11-16 12:03:42,367 [WARN] ModelIntegratedComponent:63 - No mode defined for component null
2025-11-16 12:03:42,367 [WARN] ModelIntegratedComponent:63 - No mode defined for component null
2025-11-16 12:03:42,367 [WARN] ModelIntegratedComponent:63 - No mode defined for component null
2025-11-16 12:03:42,367 [WARN] ModelIntegratedComponent:63 - No mode defined for component null
2025-11-16 12:03:42,367 [WARN] ModelIntegratedComponent:63 - No mode defined for component null
2025-11-16 12:03:42,367 [WARN] ModelIntegratedComponent:63 - No mode defined for component null
2025-11-16 12:03:42,367 [WARN] ModelIntegratedComponent:63 - No mode defined for component null
2025-11-16 12:03:42,367 [WARN] ModelIntegratedComponent:63 - No mode defined for component null
2025-11-16 12:03:42,367 [WARN] ModelIntegratedComponent:63 - No mode defined for component null
2025-11-16 12:03:42,367 [WARN] ModelIntegratedComponent:63 - No mode defined for component null
2025-11-16 12:03:42,367 [WARN] ModelIntegratedComponent:63 - No mode defined for component null
2025-11-16 12:03:42,367 [WARN] ModelIntegratedComponent:63 - No mode defined for component null
2025-11-16 12:03:42,367 [WARN] ModelIntegratedComponent:63 - No mode defined for component null
2025-11-16 12:03:42,367 [WARN] ModelIntegratedComponent:63 - No mode defined for component null
2025-11-16 12:03:42,367 [WARN] ModelIntegratedComponent:63 - No mode defined for component null
2025-11-16 12:03:42,367 [WARN] ModelIntegratedComponent:63 - No mode defined for component null
2025-11-16 12:03:42,368 [WARN] ModelIntegratedComponent:63 - No mode defined for component null
2025-11-16 12:03:42,368 [WARN] ModelIntegratedComponent:63 - No mode defined for component null
2025-11-16 12:03:42,368 [WARN] ModelIntegratedComponent:63 - No mode defined for component null
2025-11-16 12:03:42,368 [WARN] ModelIntegratedComponent:63 - No mode defined for component null
2025-11-16 12:03:42,368 [WARN] ModelIntegratedComponent:63 - No mode defined for component null
2025-11-16 12:03:42,368 [WARN] ModelIntegratedComponent:63 - No mode defined for component null
2025-11-16 12:03:42,368 [WARN] ModelIntegratedComponent:63 - No mode defined for component null
2025-11-16 12:03:42,368 [WARN] ModelIntegratedComponent:63 - No mode defined for component null
2025-11-16 12:03:42,368 [WARN] ModelIntegratedComponent:63 - No mode defined for component null
2025-11-16 12:03:42,368 [WARN] ModelIntegratedComponent:63 - No mode defined for component null
2025-11-16 12:03:42,368 [WARN] ModelIntegratedComponent:63 - No mode defined for component null
2025-11-16 12:03:42,368 [WARN] ModelIntegratedComponent:63 - No mode defined for component null
2025-11-16 12:03:42,368 [WARN] ModelIntegratedComponent:63 - No mode defined for component null
2025-11-16 12:03:42,368 [WARN] ModelIntegratedComponent:63 - No mode defined for component null
2025-11-16 12:03:42,368 [WARN] ModelIntegratedComponent:63 - No mode defined for component null
2025-11-16 12:03:42,368 [WARN] ModelIntegratedComponent:63 - No mode defined for component null
2025-11-16 12:03:42,368 [WARN] ModelIntegratedComponent:63 - No mode defined for component null
2025-11-16 12:03:42,368 [WARN] ModelIntegratedComponent:63 - No mode defined for component null
2025-11-16 12:03:42,368 [WARN] ModelIntegratedComponent:63 - No mode defined for component null
2025-11-16 12:03:42,368 [WARN] ModelPack:524 - Component already loaded: STMicroelectronics:HAL Drivers:0.0.0:STMicroelectronics:Device:STMicro_Driver:XSPI:HAL::0.0.1:HAL_XSPI
2025-11-16 12:03:42,482 [INFO] ThirdPartyModel:298 - Start build external matchings
2025-11-16 12:03:43,134 [INFO] ThirdPartyModel:316 - End build external matchings
2025-11-16 12:03:43,145 [INFO] ThirdPartyModel:298 - Start build external matchings
2025-11-16 12:03:43,259 [ERROR] LogOutputStream:75 - [STDERR_REDIRECT] [Fatal Error] :1:1: Premature end of file.
2025-11-16 12:03:43,259 [ERROR] LogOutputStream:75 - [STDERR_REDIRECT] 
2025-11-16 12:03:43,754 [INFO] ThirdPartyModel:316 - End build external matchings
2025-11-16 12:03:43,935 [INFO] UtilMem:75 - End LoadConfig() Used Memory: 444971792 Bytes (844103680)
2025-11-16 12:03:44,258 [ERROR] LogOutputStream:75 - [STDERR_REDIRECT] [Fatal Error] :1:1: Premature end of file.
2025-11-16 12:03:44,258 [ERROR] LogOutputStream:75 - [STDERR_REDIRECT] 
2025-11-16 12:03:45,258 [ERROR] LogOutputStream:75 - [STDERR_REDIRECT] [Fatal Error] :1:1: Premature end of file.
2025-11-16 12:03:45,258 [ERROR] LogOutputStream:75 - [STDERR_REDIRECT] 
2025-11-16 12:03:46,258 [ERROR] LogOutputStream:75 - [STDERR_REDIRECT] [Fatal Error] :1:1: Premature end of file.
2025-11-16 12:03:46,258 [ERROR] LogOutputStream:75 - [STDERR_REDIRECT] 
2025-11-16 12:03:47,268 [ERROR] LogOutputStream:75 - [STDERR_REDIRECT] [Fatal Error] :1:1: Premature end of file.
2025-11-16 12:03:47,268 [ERROR] LogOutputStream:75 - [STDERR_REDIRECT] 
2025-11-16 12:03:48,258 [ERROR] LogOutputStream:75 - [STDERR_REDIRECT] [Fatal Error] :1:1: Premature end of file.
2025-11-16 12:03:48,259 [ERROR] LogOutputStream:75 - [STDERR_REDIRECT] 
2025-11-16 12:03:49,276 [ERROR] LogOutputStream:75 - [STDERR_REDIRECT] [Fatal Error] :1:1: Premature end of file.
2025-11-16 12:03:49,276 [ERROR] LogOutputStream:75 - [STDERR_REDIRECT] 
2025-11-16 12:03:50,267 [ERROR] LogOutputStream:75 - [STDERR_REDIRECT] [Fatal Error] :1:1: Premature end of file.
2025-11-16 12:03:50,267 [ERROR] LogOutputStream:75 - [STDERR_REDIRECT] 
2025-11-16 12:03:51,268 [ERROR] LogOutputStream:75 - [STDERR_REDIRECT] [Fatal Error] :1:1: Premature end of file.
2025-11-16 12:03:51,268 [ERROR] LogOutputStream:75 - [STDERR_REDIRECT] 
2025-11-16 12:03:52,258 [ERROR] LogOutputStream:75 - [STDERR_REDIRECT] [Fatal Error] :1:1: Premature end of file.
2025-11-16 12:03:52,258 [ERROR] LogOutputStream:75 - [STDERR_REDIRECT] 
2025-11-16 12:03:53,262 [ERROR] LogOutputStream:75 - [STDERR_REDIRECT] [Fatal Error] :1:1: Premature end of file.
2025-11-16 12:03:53,262 [ERROR] LogOutputStream:75 - [STDERR_REDIRECT] 
2025-11-16 12:03:53,452 [INFO] BspBoardWizard:580 - Analytics plugin initialized with success
2025-11-16 12:03:53,550 [INFO] BspBoardWizard:580 - Analytics plugin initialized with success
2025-11-16 12:03:53,578 [INFO] BspBoardWizard:580 - Analytics plugin initialized with success
2025-11-16 12:03:53,618 [WARN] ThirdParty:833 - waiting for thirdparty lock release [change project]
2025-11-16 12:03:53,618 [INFO] ThirdParty:835 - entering critical section [change project]
2025-11-16 12:03:53,618 [INFO] ThirdParty:1030 - CMSIS Pack Vendor :STMicroelectronics X-CUBE-PM33A1 1.0.0
2025-11-16 12:03:53,618 [INFO] ThirdParty:1030 - CMSIS Pack Vendor :STMicroelectronics USBPD 4.1
2025-11-16 12:03:53,618 [INFO] ThirdParty:1030 - CMSIS Pack Vendor :STMicroelectronics X-CUBE-AZRTOS-H7 3.3.0
2025-11-16 12:03:53,618 [INFO] ThirdParty:1030 - CMSIS Pack Vendor :STMicroelectronics X-CUBE-NFC9 1.0.0
2025-11-16 12:03:53,618 [INFO] ThirdParty:1030 - CMSIS Pack Vendor :wolfSSL I-CUBE-wolfSSL 5.8.0
2025-11-16 12:03:53,618 [INFO] ThirdParty:1030 - CMSIS Pack Vendor :STMicroelectronics USB_HOST 2.0.0
2025-11-16 12:03:53,618 [INFO] ThirdParty:1030 - CMSIS Pack Vendor :STMicroelectronics FP-SNS-MOTENVWB1 1.4.0
2025-11-16 12:03:53,618 [INFO] ThirdParty:1030 - CMSIS Pack Vendor :STMicroelectronics X-CUBE-AZRTOS-F4 1.1.0
2025-11-16 12:03:53,618 [INFO] ThirdParty:1030 - CMSIS Pack Vendor :STMicroelectronics LIBJPEG 8.0.0
2025-11-16 12:03:53,618 [INFO] ThirdParty:1030 - CMSIS Pack Vendor :STMicroelectronics FP-ATR-ASTRA1 2.0.2
2025-11-16 12:03:53,618 [INFO] ThirdParty:1030 - CMSIS Pack Vendor :STMicroelectronics X-CUBE-BLE1 7.1.0
2025-11-16 12:03:53,618 [INFO] ThirdParty:1030 - CMSIS Pack Vendor :Avnet-IotConnect X-CUBE-IoTC-DA16k-PMOD 1.0.0
2025-11-16 12:03:53,618 [INFO] ThirdParty:1030 - CMSIS Pack Vendor :STMicroelectronics X-CUBE-SMBUS 2.1.0
2025-11-16 12:03:53,618 [INFO] ThirdParty:1030 - CMSIS Pack Vendor :wolfSSL I-CUBE-wolfMQTT 1.19.2
2025-11-16 12:03:53,618 [INFO] ThirdParty:1030 - CMSIS Pack Vendor :STMicroelectronics USB_DEVICE 3.0.0
2025-11-16 12:03:53,618 [INFO] ThirdParty:1030 - CMSIS Pack Vendor :STMicroelectronics X-CUBE-ISPU 2.1.0
2025-11-16 12:03:53,618 [INFO] ThirdParty:1030 - CMSIS Pack Vendor :STMicroelectronics X-CUBE-EEPRMA1 5.2.0
2025-11-16 12:03:53,618 [INFO] ThirdParty:1030 - CMSIS Pack Vendor :STMicroelectronics X-CUBE-IPS 3.2.0
2025-11-16 12:03:53,618 [INFO] ThirdParty:1030 - CMSIS Pack Vendor :STMicroelectronics X-CUBE-BLEMGR 4.1.0
2025-11-16 12:03:53,618 [INFO] ThirdParty:1030 - CMSIS Pack Vendor :STMicroelectronics X-CUBE-AZRTOS-WB 2.0.0
2025-11-16 12:03:53,618 [INFO] ThirdParty:1030 - CMSIS Pack Vendor :STMicroelectronics X-CUBE-ST60 1.0.0
2025-11-16 12:03:53,618 [INFO] ThirdParty:1030 - CMSIS Pack Vendor :STMicroelectronics X-CUBE-GNSS1 7.0.1
2025-11-16 12:03:53,618 [INFO] ThirdParty:1030 - CMSIS Pack Vendor :STMicroelectronics X-CUBE-NFC12 1.0.0
2025-11-16 12:03:53,618 [INFO] ThirdParty:1030 - CMSIS Pack Vendor :STMicroelectronics X-CUBE-AZRTOS-F7 1.1.0
2025-11-16 12:03:53,618 [INFO] ThirdParty:1030 - CMSIS Pack Vendor :STMicroelectronics X-CUBE-AZRTOS-L5 2.0.0
2025-11-16 12:03:53,618 [INFO] ThirdParty:1030 - CMSIS Pack Vendor :STMicroelectronics X-CUBE-TOUCHGFX 4.25.0
2025-11-16 12:03:53,618 [INFO] ThirdParty:1030 - CMSIS Pack Vendor :STMicroelectronics USB_DEVICE 2.0.0
2025-11-16 12:03:53,618 [INFO] ThirdParty:1030 - CMSIS Pack Vendor :STMicroelectronics X-CUBE-NFC6 3.1.0
2025-11-16 12:03:53,618 [INFO] ThirdParty:1030 - CMSIS Pack Vendor :STMicroelectronics X-CUBE-ST67W61 1.1.0
2025-11-16 12:03:53,618 [INFO] ThirdParty:1030 - CMSIS Pack Vendor :STMicroelectronics X-CUBE-AI 10.1.0
2025-11-16 12:03:53,618 [INFO] ThirdParty:1030 - CMSIS Pack Vendor :STMicroelectronics FP-SNS-STBOX1 2.0.0
2025-11-16 12:03:53,618 [INFO] ThirdParty:1030 - CMSIS Pack Vendor :quantropi X-CUBE-qispace-sdk-base 2.1.0
2025-11-16 12:03:53,618 [INFO] ThirdParty:1030 - CMSIS Pack Vendor :STMicroelectronics FP-SNS-MOTENV1 5.1.0
2025-11-16 12:03:53,618 [INFO] ThirdParty:1030 - CMSIS Pack Vendor :STMicroelectronics FreeRTOS 0.0.1
2025-11-16 12:03:53,618 [INFO] ThirdParty:1030 - CMSIS Pack Vendor :STMicroelectronics X-CUBE-AZRTOS-G0 1.1.0
2025-11-16 12:03:53,618 [INFO] ThirdParty:1030 - CMSIS Pack Vendor :STMicroelectronics X-CUBE-SAFEA1 1.2.2
2025-11-16 12:03:53,619 [INFO] ThirdParty:1030 - CMSIS Pack Vendor :STMicroelectronics X-CUBE-NFC4 3.0.0
2025-11-16 12:03:53,619 [INFO] ThirdParty:1030 - CMSIS Pack Vendor :STMicroelectronics X-CUBE-SUBG2 5.0.0
2025-11-16 12:03:53,619 [INFO] ThirdParty:1030 - CMSIS Pack Vendor :STMicroelectronics X-CUBE-AZRTOS-H7RS 1.1.0
2025-11-16 12:03:53,619 [INFO] ThirdParty:1030 - CMSIS Pack Vendor :STMicroelectronics STM32_WPAN 1.0.0
2025-11-16 12:03:53,619 [INFO] ThirdParty:1030 - CMSIS Pack Vendor :EmbeddedOffice I-CUBE-FS-RTOS 1.0.1
2025-11-16 12:03:53,619 [INFO] ThirdParty:1030 - CMSIS Pack Vendor :STMicroelectronics lwIP 2.0.3
2025-11-16 12:03:53,619 [INFO] ThirdParty:1030 - CMSIS Pack Vendor :Cesanta I-CUBE-Mongoose 7.13.0
2025-11-16 12:03:53,619 [INFO] ThirdParty:1030 - CMSIS Pack Vendor :STMicroelectronics USB_HOST 1.0.0
2025-11-16 12:03:53,619 [INFO] ThirdParty:1030 - CMSIS Pack Vendor :Infineon AIROC-Wi-Fi-Bluetooth-STM32 1.7.1
2025-11-16 12:03:53,619 [INFO] ThirdParty:1030 - CMSIS Pack Vendor :STMicroelectronics X-CUBE-AZRTOS-G4 2.0.0
2025-11-16 12:03:53,619 [INFO] ThirdParty:1030 - CMSIS Pack Vendor :STMicroelectronics X-CUBE-WB05N 2.0.0
2025-11-16 12:03:53,619 [INFO] ThirdParty:1030 - CMSIS Pack Vendor :STMicroelectronics PDM2PCM 3.1.0
2025-11-16 12:03:53,619 [INFO] ThirdParty:1030 - CMSIS Pack Vendor :STMicroelectronics PDM2PCM 3.3.0
2025-11-16 12:03:53,619 [INFO] ThirdParty:1030 - CMSIS Pack Vendor :wolfSSL I-CUBE-wolfTPM 3.8.0
2025-11-16 12:03:53,619 [INFO] ThirdParty:1030 - CMSIS Pack Vendor :STMicroelectronics X-CUBE-AZRTOS-H7 3.4.0
2025-11-16 12:03:53,619 [INFO] ThirdParty:1030 - CMSIS Pack Vendor :STMicroelectronics X-CUBE-DISPLAY 3.0.0
2025-11-16 12:03:53,619 [INFO] ThirdParty:1030 - CMSIS Pack Vendor :wolfSSL I-CUBE-wolfSSH 1.4.20
2025-11-16 12:03:53,619 [INFO] ThirdParty:1030 - CMSIS Pack Vendor :STMicroelectronics X-CUBE-NFC7 2.0.0
2025-11-16 12:03:53,619 [INFO] ThirdParty:1030 - CMSIS Pack Vendor :STMicroelectronics X-CUBE-TCPP 4.2.0
2025-11-16 12:03:53,619 [INFO] ThirdParty:1030 - CMSIS Pack Vendor :RealThread X-CUBE-RT-Thread_Nano 4.1.1
2025-11-16 12:03:53,619 [INFO] ThirdParty:1030 - CMSIS Pack Vendor :STMicroelectronics FP-ATR-SIGFOX1 3.2.0
2025-11-16 12:03:53,619 [INFO] ThirdParty:1030 - CMSIS Pack Vendor :STMicroelectronics X-CUBE-NFC10 1.0.0
2025-11-16 12:03:53,619 [INFO] ThirdParty:1030 - CMSIS Pack Vendor :STMicroelectronics X-CUBE-FREERTOS 1.3.1
2025-11-16 12:03:53,619 [INFO] ThirdParty:1030 - CMSIS Pack Vendor :STMicroelectronics HAL Drivers 0.0.0
2025-11-16 12:03:53,619 [INFO] ThirdParty:1030 - CMSIS Pack Vendor :STMicroelectronics MBEDTLS 2.16.2
2025-11-16 12:03:53,619 [INFO] ThirdParty:1030 - CMSIS Pack Vendor :STMicroelectronics X-CUBE-ST60 1.1.0
2025-11-16 12:03:53,619 [INFO] ThirdParty:1030 - CMSIS Pack Vendor :STMicroelectronics X-CUBE-IPS 3.1.0
2025-11-16 12:03:53,619 [INFO] ThirdParty:1030 - CMSIS Pack Vendor :STMicroelectronics X-CUBE-ALS 1.0.2
2025-11-16 12:03:53,619 [INFO] ThirdParty:1030 - CMSIS Pack Vendor :emotas I-CUBE-CANOPEN 1.3.0
2025-11-16 12:03:53,619 [INFO] ThirdParty:1030 - CMSIS Pack Vendor :STMicroelectronics MBEDTLS 2.14.1
2025-11-16 12:03:53,619 [INFO] ThirdParty:1030 - CMSIS Pack Vendor :STMicroelectronics X-CUBE-GNSS1 7.1.0
2025-11-16 12:03:53,619 [INFO] ThirdParty:1030 - CMSIS Pack Vendor :ITTIA_DB I-CUBE-ITTIADB 8.9.0
2025-11-16 12:03:53,619 [INFO] ThirdParty:1030 - CMSIS Pack Vendor :STMicroelectronics X-CUBE-TOUCHGFX 4.26.0
2025-11-16 12:03:53,619 [INFO] ThirdParty:1030 - CMSIS Pack Vendor :STMicroelectronics X-CUBE-STSE01 1.0.0
2025-11-16 12:03:53,619 [INFO] ThirdParty:1030 - CMSIS Pack Vendor :portGmbH I-Cube-SoM-uGOAL 1.1.0
2025-11-16 12:03:53,619 [INFO] ThirdParty:1030 - CMSIS Pack Vendor :STMicroelectronics X-CUBE-ST67W61 1.0.0
2025-11-16 12:03:53,619 [INFO] ThirdParty:1030 - CMSIS Pack Vendor :STMicroelectronics FP-SNS-STBOX1 2.1.0
2025-11-16 12:03:53,619 [INFO] ThirdParty:1030 - CMSIS Pack Vendor :STMicroelectronics X-CUBE-AI 10.2.0
2025-11-16 12:03:53,619 [INFO] ThirdParty:1030 - CMSIS Pack Vendor :STMicroelectronics FP-SNS-STAIOTCFT 1.0.0
2025-11-16 12:03:53,619 [INFO] ThirdParty:1030 - CMSIS Pack Vendor :STMicroelectronics ThreadX 1.0.0
2025-11-16 12:03:53,619 [INFO] ThirdParty:1030 - CMSIS Pack Vendor :STMicroelectronics FP-SNS-SMARTAG2 1.2.0
2025-11-16 12:03:53,619 [INFO] ThirdParty:1030 - CMSIS Pack Vendor :STMicroelectronics FP-SNS-FLIGHT1 5.1.0
2025-11-16 12:03:53,619 [INFO] ThirdParty:1030 - CMSIS Pack Vendor :STMicroelectronics X-CUBE-AZRTOS-WL 2.0.0
2025-11-16 12:03:53,619 [INFO] ThirdParty:1030 - CMSIS Pack Vendor :SEGGER I-CUBE-embOS 1.3.1
2025-11-16 12:03:53,619 [INFO] ThirdParty:1030 - CMSIS Pack Vendor :STMicroelectronics X-CUBE-ALGOBUILD 1.4.0
2025-11-16 12:03:53,619 [INFO] ThirdParty:1030 - CMSIS Pack Vendor :STMicroelectronics X-CUBE-DPower 1.3.0
2025-11-16 12:03:53,619 [INFO] ThirdParty:1030 - CMSIS Pack Vendor :STMicroelectronics X-CUBE-MEMS1 11.3.0
2025-11-16 12:03:53,619 [INFO] ThirdParty:1030 - CMSIS Pack Vendor :STMicroelectronics FP-SNS-MOTENV1 5.0.0
2025-11-16 12:03:53,619 [INFO] ThirdParty:1030 - CMSIS Pack Vendor :STMicroelectronics USB_DEVICE 1.0.0
2025-11-16 12:03:53,619 [INFO] ThirdParty:1030 - CMSIS Pack Vendor :STMicroelectronics X-CUBE-AZRTOS-L4 2.0.0
2025-11-16 12:03:53,619 [INFO] ThirdParty:1030 - CMSIS Pack Vendor :STMicroelectronics ThreadX 0.0.2
2025-11-16 12:03:53,619 [INFO] ThirdParty:1030 - CMSIS Pack Vendor :WES I-CUBE-Cesium 1.3.0
2025-11-16 12:03:53,619 [INFO] ThirdParty:1030 - CMSIS Pack Vendor :STMicroelectronics lwIP 2.1.2
2025-11-16 12:03:53,619 [INFO] ThirdParty:1030 - CMSIS Pack Vendor :STMicroelectronics X-CUBE-SFXS2LP1 4.0.0
2025-11-16 12:03:53,619 [INFO] ThirdParty:1030 - CMSIS Pack Vendor :STMicroelectronics X-CUBE-BLE2 3.3.0
2025-11-16 12:03:53,619 [INFO] ThirdParty:1030 - CMSIS Pack Vendor :Avnet-IOTCONNECT X-CUBE-iotc-st67-sdk 1.0.0
2025-11-16 12:03:53,619 [INFO] ThirdParty:1030 - CMSIS Pack Vendor :STMicroelectronics X-CUBE-TOF1 3.4.3
2025-11-16 12:03:53,619 [INFO] ThirdParty:1030 - CMSIS Pack Vendor :STMicroelectronics PDM2PCM 3.2.0
2025-11-16 12:03:53,619 [INFO] ThirdParty:841 - exiting critical section [change project]
2025-11-16 12:03:54,256 [INFO] PinOutPanel:1589 - setPackage(No Configuration,No Configuration)
2025-11-16 12:03:54,257 [INFO] PinOutPanel:1589 - setPackage(STM32H755ZITx,LQFP144)
2025-11-16 12:03:54,259 [ERROR] LogOutputStream:75 - [STDERR_REDIRECT] [Fatal Error] :1:1: Premature end of file.
2025-11-16 12:03:54,260 [ERROR] LogOutputStream:75 - [STDERR_REDIRECT] 
2025-11-16 12:03:54,833 [INFO] UtilMem:75 - Before build in PCC Used Memory: 424423344 Bytes (844103680)
2025-11-16 12:03:55,260 [ERROR] LogOutputStream:75 - [STDERR_REDIRECT] [Fatal Error] :1:1: Premature end of file.
2025-11-16 12:03:55,260 [ERROR] LogOutputStream:75 - [STDERR_REDIRECT] 
2025-11-16 12:03:55,443 [INFO] UtilMem:75 - After build in PCC Used Memory: 578037680 Bytes (844103680)
2025-11-16 12:03:55,473 [INFO] IPUIPlugin:80 - create IPUIPlugin
2025-11-16 12:03:55,473 [INFO] IPUIPlugin:80 - create IPUIPlugin
2025-11-16 12:03:55,473 [INFO] IPUIPlugin:80 - create IPUIPlugin
2025-11-16 12:03:55,473 [INFO] IPUIPlugin:80 - create IPUIPlugin
2025-11-16 12:03:55,473 [INFO] IPUIPlugin:80 - create IPUIPlugin
2025-11-16 12:03:55,473 [INFO] IPUIPlugin:80 - create IPUIPlugin
2025-11-16 12:03:55,473 [INFO] IPUIPlugin:80 - create IPUIPlugin
2025-11-16 12:03:55,473 [INFO] IPUIPlugin:80 - create IPUIPlugin
2025-11-16 12:03:55,473 [INFO] IPUIPlugin:80 - create IPUIPlugin
2025-11-16 12:03:55,473 [INFO] IPUIPlugin:80 - create IPUIPlugin
2025-11-16 12:03:55,475 [INFO] IPUIPlugin:80 - create IPUIPlugin
2025-11-16 12:03:55,475 [INFO] IPUIPlugin:80 - create IPUIPlugin
2025-11-16 12:03:55,475 [INFO] IPUIPlugin:80 - create IPUIPlugin
2025-11-16 12:03:55,475 [INFO] IPUIPlugin:80 - create IPUIPlugin
2025-11-16 12:03:55,475 [INFO] IPUIPlugin:80 - create IPUIPlugin
2025-11-16 12:03:55,475 [INFO] IPUIPlugin:80 - create IPUIPlugin
2025-11-16 12:03:55,475 [INFO] IPUIPlugin:80 - create IPUIPlugin
2025-11-16 12:03:55,475 [INFO] IPUIPlugin:80 - create IPUIPlugin
2025-11-16 12:03:55,475 [INFO] IPUIPlugin:80 - create IPUIPlugin
2025-11-16 12:03:55,475 [INFO] IPUIPlugin:80 - create IPUIPlugin
2025-11-16 12:03:55,475 [INFO] IPUIPlugin:80 - create IPUIPlugin
2025-11-16 12:03:55,475 [INFO] IPUIPlugin:80 - create IPUIPlugin
2025-11-16 12:03:55,476 [INFO] IPUIPlugin:80 - create IPUIPlugin
2025-11-16 12:03:55,476 [INFO] IPUIPlugin:80 - create IPUIPlugin
2025-11-16 12:03:55,476 [INFO] IPUIPlugin:80 - create IPUIPlugin
2025-11-16 12:03:55,476 [INFO] IPUIPlugin:80 - create IPUIPlugin
2025-11-16 12:03:55,476 [INFO] IPUIPlugin:80 - create IPUIPlugin
2025-11-16 12:03:55,476 [INFO] IPUIPlugin:80 - create IPUIPlugin
2025-11-16 12:03:55,476 [INFO] IPUIPlugin:80 - create IPUIPlugin
2025-11-16 12:03:55,476 [INFO] IPUIPlugin:80 - create IPUIPlugin
2025-11-16 12:03:55,476 [INFO] IPUIPlugin:80 - create IPUIPlugin
2025-11-16 12:03:55,476 [INFO] IPUIPlugin:80 - create IPUIPlugin
2025-11-16 12:03:55,476 [INFO] IPUIPlugin:80 - create IPUIPlugin
2025-11-16 12:03:55,476 [INFO] IPUIPlugin:80 - create IPUIPlugin
2025-11-16 12:03:55,477 [INFO] IPUIPlugin:80 - create IPUIPlugin
2025-11-16 12:03:55,477 [INFO] IPUIPlugin:80 - create IPUIPlugin
2025-11-16 12:03:55,477 [INFO] IPUIPlugin:80 - create IPUIPlugin
2025-11-16 12:03:55,477 [INFO] IPUIPlugin:80 - create IPUIPlugin
2025-11-16 12:03:55,477 [INFO] IPUIPlugin:80 - create IPUIPlugin
2025-11-16 12:03:55,478 [INFO] IPUIPlugin:80 - create IPUIPlugin
2025-11-16 12:03:55,478 [INFO] IPUIPlugin:80 - create IPUIPlugin
2025-11-16 12:03:55,478 [INFO] IPUIPlugin:80 - create IPUIPlugin
2025-11-16 12:03:55,478 [INFO] IPUIPlugin:80 - create IPUIPlugin
2025-11-16 12:03:55,478 [INFO] IPUIPlugin:80 - create IPUIPlugin
2025-11-16 12:03:55,479 [INFO] IPUIPlugin:80 - create IPUIPlugin
2025-11-16 12:03:55,479 [INFO] IPUIPlugin:80 - create IPUIPlugin
2025-11-16 12:03:55,479 [INFO] IPUIPlugin:80 - create IPUIPlugin
2025-11-16 12:03:55,479 [INFO] IPUIPlugin:80 - create IPUIPlugin
2025-11-16 12:03:55,480 [INFO] IPUIPlugin:80 - create IPUIPlugin
2025-11-16 12:03:55,480 [INFO] IPUIPlugin:80 - create IPUIPlugin
2025-11-16 12:03:55,480 [INFO] IPUIPlugin:80 - create IPUIPlugin
2025-11-16 12:03:55,480 [INFO] IPUIPlugin:80 - create IPUIPlugin
2025-11-16 12:03:55,480 [INFO] IPUIPlugin:80 - create IPUIPlugin
2025-11-16 12:03:55,480 [INFO] IPUIPlugin:80 - create IPUIPlugin
2025-11-16 12:03:55,481 [INFO] IPUIPlugin:80 - create IPUIPlugin
2025-11-16 12:03:55,481 [INFO] IPUIPlugin:80 - create IPUIPlugin
2025-11-16 12:03:55,481 [INFO] IPUIPlugin:80 - create IPUIPlugin
2025-11-16 12:03:55,481 [INFO] IPUIPlugin:80 - create IPUIPlugin
2025-11-16 12:03:55,481 [INFO] IPUIPlugin:80 - create IPUIPlugin
2025-11-16 12:03:55,481 [INFO] IPUIPlugin:80 - create IPUIPlugin
2025-11-16 12:03:55,481 [INFO] IPUIPlugin:80 - create IPUIPlugin
2025-11-16 12:03:55,482 [INFO] IPUIPlugin:80 - create IPUIPlugin
2025-11-16 12:03:55,482 [INFO] IPUIPlugin:80 - create IPUIPlugin
2025-11-16 12:03:55,482 [INFO] IPUIPlugin:80 - create IPUIPlugin
2025-11-16 12:03:55,482 [INFO] IPUIPlugin:80 - create IPUIPlugin
2025-11-16 12:03:55,483 [INFO] IPUIPlugin:80 - create IPUIPlugin
2025-11-16 12:03:55,483 [INFO] IPUIPlugin:80 - create IPUIPlugin
2025-11-16 12:03:55,483 [INFO] IPUIPlugin:80 - create IPUIPlugin
2025-11-16 12:03:55,483 [INFO] IPUIPlugin:80 - create IPUIPlugin
2025-11-16 12:03:55,483 [INFO] IPUIPlugin:80 - create IPUIPlugin
2025-11-16 12:03:55,484 [INFO] IPUIPlugin:80 - create IPUIPlugin
2025-11-16 12:03:55,484 [INFO] IPUIPlugin:80 - create IPUIPlugin
2025-11-16 12:03:55,484 [INFO] IPUIPlugin:80 - create IPUIPlugin
2025-11-16 12:03:55,484 [INFO] IPUIPlugin:80 - create IPUIPlugin
2025-11-16 12:03:55,485 [INFO] IPUIPlugin:80 - create IPUIPlugin
2025-11-16 12:03:55,485 [INFO] IPUIPlugin:80 - create IPUIPlugin
2025-11-16 12:03:55,485 [INFO] IPUIPlugin:80 - create IPUIPlugin
2025-11-16 12:03:55,485 [INFO] IPUIPlugin:80 - create IPUIPlugin
2025-11-16 12:03:55,485 [INFO] IPUIPlugin:80 - create IPUIPlugin
2025-11-16 12:03:55,487 [INFO] IPUIPlugin:80 - create IPUIPlugin
2025-11-16 12:03:55,487 [INFO] IPUIPlugin:80 - create IPUIPlugin
2025-11-16 12:03:55,487 [INFO] IPUIPlugin:80 - create IPUIPlugin
2025-11-16 12:03:55,487 [INFO] IPUIPlugin:80 - create IPUIPlugin
2025-11-16 12:03:55,487 [INFO] IPUIPlugin:80 - create IPUIPlugin
2025-11-16 12:03:55,488 [INFO] IPUIPlugin:80 - create IPUIPlugin
2025-11-16 12:03:55,488 [INFO] IPUIPlugin:80 - create IPUIPlugin
2025-11-16 12:03:55,488 [INFO] IPUIPlugin:80 - create IPUIPlugin
2025-11-16 12:03:55,488 [INFO] IPUIPlugin:80 - create IPUIPlugin
2025-11-16 12:03:55,488 [INFO] IPUIPlugin:80 - create IPUIPlugin
2025-11-16 12:03:55,488 [INFO] IPUIPlugin:80 - create IPUIPlugin
2025-11-16 12:03:55,489 [INFO] IPUIPlugin:80 - create IPUIPlugin
2025-11-16 12:03:55,489 [INFO] IPUIPlugin:80 - create IPUIPlugin
2025-11-16 12:03:55,489 [INFO] IPUIPlugin:80 - create IPUIPlugin
2025-11-16 12:03:55,490 [INFO] IPUIPlugin:80 - create IPUIPlugin
2025-11-16 12:03:55,490 [INFO] IPUIPlugin:80 - create IPUIPlugin
2025-11-16 12:03:55,490 [INFO] IPUIPlugin:80 - create IPUIPlugin
2025-11-16 12:03:55,490 [INFO] IPUIPlugin:80 - create IPUIPlugin
2025-11-16 12:03:55,491 [INFO] IPUIPlugin:80 - create IPUIPlugin
2025-11-16 12:03:55,491 [INFO] IPUIPlugin:80 - create IPUIPlugin
2025-11-16 12:03:55,491 [INFO] IPUIPlugin:80 - create IPUIPlugin
2025-11-16 12:03:55,491 [INFO] IPUIPlugin:80 - create IPUIPlugin
2025-11-16 12:03:55,493 [INFO] IPUIPlugin:80 - create IPUIPlugin
2025-11-16 12:03:55,493 [INFO] IPUIPlugin:80 - create IPUIPlugin
2025-11-16 12:03:55,493 [INFO] IPUIPlugin:80 - create IPUIPlugin
2025-11-16 12:03:55,494 [INFO] IPUIPlugin:80 - create IPUIPlugin
2025-11-16 12:03:55,494 [INFO] IPUIPlugin:80 - create IPUIPlugin
2025-11-16 12:03:55,495 [INFO] IPUIPlugin:80 - create IPUIPlugin
2025-11-16 12:03:55,495 [INFO] IPUIPlugin:80 - create IPUIPlugin
2025-11-16 12:03:55,495 [INFO] IPUIPlugin:80 - create IPUIPlugin
2025-11-16 12:03:55,496 [INFO] IPUIPlugin:80 - create IPUIPlugin
2025-11-16 12:03:55,496 [INFO] IPUIPlugin:80 - create IPUIPlugin
2025-11-16 12:03:55,497 [INFO] IPUIPlugin:80 - create IPUIPlugin
2025-11-16 12:03:55,497 [INFO] IPUIPlugin:80 - create IPUIPlugin
2025-11-16 12:03:55,497 [INFO] IPUIPlugin:80 - create IPUIPlugin
2025-11-16 12:03:55,513 [INFO] ApiDbMcu:532 - Load IP Config File for PDM2PCM_M7
2025-11-16 12:03:55,516 [INFO] ApiDbMcu:532 - Load IP Config File for PDM2PCM_M4
2025-11-16 12:03:55,637 [INFO] CADModel:165 - CPN selected for project levelSTM32H755ZIT6
2025-11-16 12:03:55,637 [INFO] CADModel:114 - Register for checkConnection events
2025-11-16 12:03:55,682 [INFO] OpenFileManager:386 - Restore cursor
2025-11-16 12:03:56,259 [ERROR] LogOutputStream:75 - [STDERR_REDIRECT] [Fatal Error] :1:1: Premature end of file.
2025-11-16 12:03:56,259 [ERROR] LogOutputStream:75 - [STDERR_REDIRECT] 
2025-11-16 12:03:56,363 [INFO] UtilMem:75 - End SaveConfig() Used Memory: 347875248 Bytes (844103680)
2025-11-16 12:03:56,441 [INFO] UtilMem:75 - End SaveConfig() Used Memory: 372518832 Bytes (844103680)
2025-11-16 12:03:56,781 [INFO] BlockDiagram:2775 - set Specific Code input for plugin: RCC
2025-11-16 12:03:56,781 [INFO] BlockDiagram:2775 - set Specific Code input for plugin: SYS
2025-11-16 12:03:56,781 [INFO] BlockDiagram:2775 - set Specific Code input for plugin: NVIC2
2025-11-16 12:03:56,783 [INFO] BlockDiagram:2775 - set Specific Code input for plugin: SYS_M4
2025-11-16 12:03:56,783 [INFO] BlockDiagram:2775 - set Specific Code input for plugin: NUCLEO-H755ZI-Q
2025-11-16 12:03:56,783 [INFO] BlockDiagram:2775 - set Specific Code input for plugin: NVIC1
2025-11-16 12:03:56,783 [INFO] CodeGenerator:892 - code generatio: config db path: C:\ST\STM32CubeIDE_1.19.0\STM32CubeIDE\plugins\com.st.stm32cube.common.mx_6.15.0.202507011659\\db\
2025-11-16 12:03:56,831 [INFO] CodeGenerator:1619 - *******************Project context M7 selected
2025-11-16 12:03:56,898 [INFO] CodeEngine:265 - oldGeneratedFile, C:\Users\akash\Documents\git\STMPlayground\NUCLEO_H755\EthernetTest\MXTmpFiles\license.tmp_save
2025-11-16 12:03:57,145 [INFO] CodeEngine:289 - Generated code: C:\Users\akash\Documents\git\STMPlayground\NUCLEO_H755\EthernetTest\MXTmpFiles\license.tmp
2025-11-16 12:03:57,223 [WARN] IPConfigManager:103 - WARNING: Missing Config File for NVIC1 ip!!
2025-11-16 12:03:57,237 [INFO] CodeEngine:265 - oldGeneratedFile, C:\Users\akash\Documents\git\STMPlayground\NUCLEO_H755\EthernetTest\CM7\MXTmpFiles\cortex.tmp_save
2025-11-16 12:03:57,260 [ERROR] LogOutputStream:75 - [STDERR_REDIRECT] [Fatal Error] :1:1: Premature end of file.
2025-11-16 12:03:57,260 [ERROR] LogOutputStream:75 - [STDERR_REDIRECT] 
2025-11-16 12:03:57,317 [INFO] CodeEngine:289 - Generated code: C:\Users\akash\Documents\git\STMPlayground\NUCLEO_H755\EthernetTest\CM7\MXTmpFiles\cortex.tmp
2025-11-16 12:03:57,329 [INFO] CodeEngine:265 - oldGeneratedFile, C:\Users\akash\Documents\git\STMPlayground\NUCLEO_H755\EthernetTest\CM7\Core\Inc\stm32h7xx_nucleo_conf.h_save
2025-11-16 12:03:57,387 [INFO] CodeEngine:289 - Generated code: C:\Users\akash\Documents\git\STMPlayground\NUCLEO_H755\EthernetTest\CM7\Core\Inc\stm32h7xx_nucleo_conf.h
2025-11-16 12:03:57,391 [INFO] CodeEngine:265 - oldGeneratedFile, C:\Users\akash\Documents\git\STMPlayground\NUCLEO_H755\EthernetTest\CM7\MXTmpFiles\bsp_inc.tmp_save
2025-11-16 12:03:57,402 [ERROR] IocParser:95 - Exception caught: Cannot invoke "java.lang.CharSequence.length()" because "this.text" is null
2025-11-16 12:03:57,442 [INFO] CodeEngine:289 - Generated code: C:\Users\akash\Documents\git\STMPlayground\NUCLEO_H755\EthernetTest\CM7\MXTmpFiles\bsp_inc.tmp
2025-11-16 12:03:57,447 [INFO] CodeEngine:265 - oldGeneratedFile, C:\Users\akash\Documents\git\STMPlayground\NUCLEO_H755\EthernetTest\CM7\MXTmpFiles\bsp_common_vars.tmp_save
2025-11-16 12:03:57,495 [INFO] CodeEngine:289 - Generated code: C:\Users\akash\Documents\git\STMPlayground\NUCLEO_H755\EthernetTest\CM7\MXTmpFiles\bsp_common_vars.tmp
2025-11-16 12:03:57,500 [INFO] CodeEngine:265 - oldGeneratedFile, C:\Users\akash\Documents\git\STMPlayground\NUCLEO_H755\EthernetTest\CM7\MXTmpFiles\bsp_common_init.tmp_save
2025-11-16 12:03:57,551 [INFO] CodeEngine:289 - Generated code: C:\Users\akash\Documents\git\STMPlayground\NUCLEO_H755\EthernetTest\CM7\MXTmpFiles\bsp_common_init.tmp
2025-11-16 12:03:57,555 [INFO] CodeEngine:265 - oldGeneratedFile, C:\Users\akash\Documents\git\STMPlayground\NUCLEO_H755\EthernetTest\CM7\MXTmpFiles\bsp_common_demo_before_while.tmp_save
2025-11-16 12:03:57,603 [INFO] CodeEngine:289 - Generated code: C:\Users\akash\Documents\git\STMPlayground\NUCLEO_H755\EthernetTest\CM7\MXTmpFiles\bsp_common_demo_before_while.tmp
2025-11-16 12:03:57,608 [INFO] CodeEngine:265 - oldGeneratedFile, C:\Users\akash\Documents\git\STMPlayground\NUCLEO_H755\EthernetTest\CM7\MXTmpFiles\bsp_common_demo_inside_while.tmp_save
2025-11-16 12:03:57,655 [INFO] CodeEngine:289 - Generated code: C:\Users\akash\Documents\git\STMPlayground\NUCLEO_H755\EthernetTest\CM7\MXTmpFiles\bsp_common_demo_inside_while.tmp
2025-11-16 12:03:57,660 [INFO] CodeEngine:265 - oldGeneratedFile, C:\Users\akash\Documents\git\STMPlayground\NUCLEO_H755\EthernetTest\CM7\MXTmpFiles\bsp_common_demo_fct.tmp_save
2025-11-16 12:03:57,705 [INFO] CodeEngine:289 - Generated code: C:\Users\akash\Documents\git\STMPlayground\NUCLEO_H755\EthernetTest\CM7\MXTmpFiles\bsp_common_demo_fct.tmp
2025-11-16 12:03:57,720 [INFO] CodeEngine:265 - oldGeneratedFile, C:\Users\akash\Documents\git\STMPlayground\NUCLEO_H755\EthernetTest\CM7\Core\Src\stm32h7xx_it.c_save
2025-11-16 12:03:57,798 [INFO] CodeEngine:289 - Generated code: C:\Users\akash\Documents\git\STMPlayground\NUCLEO_H755\EthernetTest\CM7\Core\Src\stm32h7xx_it.c
2025-11-16 12:03:57,803 [INFO] CodeEngine:265 - oldGeneratedFile, C:\Users\akash\Documents\git\STMPlayground\NUCLEO_H755\EthernetTest\CM7\Core\Inc\stm32h7xx_it.h_save
2025-11-16 12:03:57,850 [INFO] CodeEngine:289 - Generated code: C:\Users\akash\Documents\git\STMPlayground\NUCLEO_H755\EthernetTest\CM7\Core\Inc\stm32h7xx_it.h
2025-11-16 12:03:57,888 [INFO] CodeEngine:265 - oldGeneratedFile, C:\Users\akash\Documents\git\STMPlayground\NUCLEO_H755\EthernetTest\CM7\Core\Src\stm32h7xx_hal_msp.c_save
2025-11-16 12:03:57,973 [INFO] CodeEngine:289 - Generated code: C:\Users\akash\Documents\git\STMPlayground\NUCLEO_H755\EthernetTest\CM7\Core\Src\stm32h7xx_hal_msp.c
2025-11-16 12:03:57,977 [INFO] CodeEngine:265 - oldGeneratedFile, C:\Users\akash\Documents\git\STMPlayground\NUCLEO_H755\EthernetTest\CM7\MXTmpFiles\system.tmp_save
2025-11-16 12:03:58,020 [INFO] CodeEngine:289 - Generated code: C:\Users\akash\Documents\git\STMPlayground\NUCLEO_H755\EthernetTest\CM7\MXTmpFiles\system.tmp
2025-11-16 12:03:58,029 [INFO] CodeEngine:321 - oldGeneratedFile, C:\Users\akash\Documents\git\STMPlayground\NUCLEO_H755\EthernetTest\CM7\Core\Inc\stm32h7xx_hal_conf.h_save
2025-11-16 12:03:58,081 [INFO] CodeEngine:345 - Generated code: C:\Users\akash\Documents\git\STMPlayground\NUCLEO_H755\EthernetTest\CM7\Core\Inc\stm32h7xx_hal_conf.h
2025-11-16 12:03:58,122 [INFO] ApiDbMcu:532 - Load IP Config File for RCC
2025-11-16 12:03:58,124 [WARN] IPConfigManager:3811 - IP not found : NVIC
2025-11-16 12:03:58,125 [WARN] CodeGenerator:4259 - IP not found : null
2025-11-16 12:03:58,132 [INFO] CodeEngine:265 - oldGeneratedFile, C:\Users\akash\Documents\git\STMPlayground\NUCLEO_H755\EthernetTest\CM7\Core\Inc\main.h_save
2025-11-16 12:03:58,228 [INFO] CodeEngine:289 - Generated code: C:\Users\akash\Documents\git\STMPlayground\NUCLEO_H755\EthernetTest\CM7\Core\Inc\main.h
2025-11-16 12:03:58,233 [INFO] CodeEngine:265 - oldGeneratedFile, C:\Users\akash\Documents\git\STMPlayground\NUCLEO_H755\EthernetTest\CM7\Core\Src\main.c_save
2025-11-16 12:03:58,261 [ERROR] LogOutputStream:75 - [STDERR_REDIRECT] [Fatal Error] :1:1: Premature end of file.
2025-11-16 12:03:58,261 [ERROR] LogOutputStream:75 - [STDERR_REDIRECT] 
2025-11-16 12:03:58,331 [INFO] CodeEngine:289 - Generated code: C:\Users\akash\Documents\git\STMPlayground\NUCLEO_H755\EthernetTest\CM7\Core\Src\main.c
2025-11-16 12:03:58,432 [INFO] CodeGenerator:1619 - *******************Project context M4 selected
2025-11-16 12:03:58,517 [INFO] CodeEngine:265 - oldGeneratedFile, C:\Users\akash\Documents\git\STMPlayground\NUCLEO_H755\EthernetTest\MXTmpFiles\license.tmp_save
2025-11-16 12:03:58,567 [INFO] CodeEngine:289 - Generated code: C:\Users\akash\Documents\git\STMPlayground\NUCLEO_H755\EthernetTest\MXTmpFiles\license.tmp
2025-11-16 12:03:58,578 [WARN] IPConfigManager:103 - WARNING: Missing Config File for NVIC2 ip!!
2025-11-16 12:03:58,588 [INFO] CodeEngine:265 - oldGeneratedFile, C:\Users\akash\Documents\git\STMPlayground\NUCLEO_H755\EthernetTest\CM4\MXTmpFiles\cortex.tmp_save
2025-11-16 12:03:58,631 [INFO] CodeEngine:289 - Generated code: C:\Users\akash\Documents\git\STMPlayground\NUCLEO_H755\EthernetTest\CM4\MXTmpFiles\cortex.tmp
2025-11-16 12:03:58,640 [INFO] CodeEngine:265 - oldGeneratedFile, C:\Users\akash\Documents\git\STMPlayground\NUCLEO_H755\EthernetTest\CM4\Core\Inc\stm32h7xx_nucleo_conf.h_save
2025-11-16 12:03:58,685 [INFO] CodeEngine:289 - Generated code: C:\Users\akash\Documents\git\STMPlayground\NUCLEO_H755\EthernetTest\CM4\Core\Inc\stm32h7xx_nucleo_conf.h
2025-11-16 12:03:58,689 [INFO] CodeEngine:265 - oldGeneratedFile, C:\Users\akash\Documents\git\STMPlayground\NUCLEO_H755\EthernetTest\CM4\MXTmpFiles\bsp_inc.tmp_save
2025-11-16 12:03:58,731 [INFO] CodeEngine:289 - Generated code: C:\Users\akash\Documents\git\STMPlayground\NUCLEO_H755\EthernetTest\CM4\MXTmpFiles\bsp_inc.tmp
2025-11-16 12:03:58,745 [INFO] CodeEngine:265 - oldGeneratedFile, C:\Users\akash\Documents\git\STMPlayground\NUCLEO_H755\EthernetTest\CM4\Core\Src\stm32h7xx_it.c_save
2025-11-16 12:03:58,791 [INFO] CodeEngine:289 - Generated code: C:\Users\akash\Documents\git\STMPlayground\NUCLEO_H755\EthernetTest\CM4\Core\Src\stm32h7xx_it.c
2025-11-16 12:03:58,796 [INFO] CodeEngine:265 - oldGeneratedFile, C:\Users\akash\Documents\git\STMPlayground\NUCLEO_H755\EthernetTest\CM4\Core\Inc\stm32h7xx_it.h_save
2025-11-16 12:03:58,838 [INFO] CodeEngine:289 - Generated code: C:\Users\akash\Documents\git\STMPlayground\NUCLEO_H755\EthernetTest\CM4\Core\Inc\stm32h7xx_it.h
2025-11-16 12:03:58,859 [INFO] CodeEngine:265 - oldGeneratedFile, C:\Users\akash\Documents\git\STMPlayground\NUCLEO_H755\EthernetTest\CM4\Core\Src\stm32h7xx_hal_msp.c_save
2025-11-16 12:03:58,920 [INFO] CodeEngine:289 - Generated code: C:\Users\akash\Documents\git\STMPlayground\NUCLEO_H755\EthernetTest\CM4\Core\Src\stm32h7xx_hal_msp.c
2025-11-16 12:03:58,924 [INFO] CodeEngine:265 - oldGeneratedFile, C:\Users\akash\Documents\git\STMPlayground\NUCLEO_H755\EthernetTest\CM4\MXTmpFiles\system.tmp_save
2025-11-16 12:03:58,965 [INFO] CodeEngine:289 - Generated code: C:\Users\akash\Documents\git\STMPlayground\NUCLEO_H755\EthernetTest\CM4\MXTmpFiles\system.tmp
2025-11-16 12:03:58,972 [INFO] CodeEngine:321 - oldGeneratedFile, C:\Users\akash\Documents\git\STMPlayground\NUCLEO_H755\EthernetTest\CM4\Core\Inc\stm32h7xx_hal_conf.h_save
2025-11-16 12:03:59,021 [INFO] CodeEngine:345 - Generated code: C:\Users\akash\Documents\git\STMPlayground\NUCLEO_H755\EthernetTest\CM4\Core\Inc\stm32h7xx_hal_conf.h
2025-11-16 12:03:59,033 [WARN] IPConfigManager:3811 - IP not found : NVIC
2025-11-16 12:03:59,034 [WARN] CodeGenerator:4259 - IP not found : null
2025-11-16 12:03:59,038 [INFO] CodeEngine:265 - oldGeneratedFile, C:\Users\akash\Documents\git\STMPlayground\NUCLEO_H755\EthernetTest\CM4\Core\Inc\main.h_save
2025-11-16 12:03:59,086 [INFO] CodeEngine:289 - Generated code: C:\Users\akash\Documents\git\STMPlayground\NUCLEO_H755\EthernetTest\CM4\Core\Inc\main.h
2025-11-16 12:03:59,089 [INFO] CodeEngine:265 - oldGeneratedFile, C:\Users\akash\Documents\git\STMPlayground\NUCLEO_H755\EthernetTest\CM4\Core\Src\main.c_save
2025-11-16 12:03:59,149 [INFO] CodeEngine:289 - Generated code: C:\Users\akash\Documents\git\STMPlayground\NUCLEO_H755\EthernetTest\CM4\Core\Src\main.c
2025-11-16 12:03:59,259 [ERROR] LogOutputStream:75 - [STDERR_REDIRECT] [Fatal Error] :1:1: Premature end of file.
2025-11-16 12:03:59,259 [ERROR] LogOutputStream:75 - [STDERR_REDIRECT] 
2025-11-16 12:03:59,498 [INFO] ProjectBuilder:3606 - Time for Copy HAL[1] : 155mS.
2025-11-16 12:03:59,511 [INFO] ProjectBuilder:5216 - Project Generator version: 4.7.0-B52
2025-11-16 12:03:59,583 [INFO] ConfigFileManager:1595 - The Die is : DIE450
2025-11-16 12:04:00,259 [ERROR] LogOutputStream:75 - [STDERR_REDIRECT] [Fatal Error] :1:1: Premature end of file.
2025-11-16 12:04:00,259 [ERROR] LogOutputStream:75 - [STDERR_REDIRECT] 
2025-11-16 12:04:00,445 [INFO] LogOutputStream:77 - [STDOUT_REDIRECT] 
2025-11-16 12:04:01,262 [ERROR] LogOutputStream:75 - [STDERR_REDIRECT] [Fatal Error] :1:1: Premature end of file.
2025-11-16 12:04:01,262 [ERROR] LogOutputStream:75 - [STDERR_REDIRECT] 
2025-11-16 12:04:02,257 [ERROR] LogOutputStream:75 - [STDERR_REDIRECT] [Fatal Error] :1:1: Premature end of file.
2025-11-16 12:04:02,257 [ERROR] LogOutputStream:75 - [STDERR_REDIRECT] 
2025-11-16 12:04:03,264 [ERROR] LogOutputStream:75 - [STDERR_REDIRECT] [Fatal Error] :1:1: Premature end of file.
2025-11-16 12:04:03,264 [ERROR] LogOutputStream:75 - [STDERR_REDIRECT] 
2025-11-16 12:04:04,259 [ERROR] LogOutputStream:75 - [STDERR_REDIRECT] [Fatal Error] :1:1: Premature end of file.
2025-11-16 12:04:04,259 [ERROR] LogOutputStream:75 - [STDERR_REDIRECT] 
2025-11-16 12:04:04,515 [INFO] ProjectBuilder:5496 - Time for Generating toolchain IDE Files: 5004mS.
2025-11-16 12:04:04,516 [INFO] ProjectBuilder:3463 - Time for Copy CMSIS : 1mS.
2025-11-16 12:04:04,517 [INFO] ProjectBuilder:3463 - Time for Copy CMSIS : 0mS.
2025-11-16 12:04:05,047 [INFO] McuFinderGlobals:76 - Set McuFinderConnectedMode to true
2025-11-16 12:04:05,049 [INFO] ApiDb:448 - Save user favorites file C:\Users\akash/.stm32cubeide/favorites.mcus.txt: 0 item(s)
2025-11-16 12:04:05,049 [INFO] ApiDb:452 - User favorites MCUs=[]
2025-11-16 12:04:05,050 [INFO] ApiDb:448 - Save user favorites file C:\Users\akash/.stm32cubeide/favorites.boards.txt: 2 item(s)
2025-11-16 12:04:05,051 [INFO] ApiDb:452 - User favorites Boards=[NUCLEO-H755ZI-Q, STM32H747I-DISCO]
2025-11-16 12:04:05,263 [ERROR] LogOutputStream:75 - [STDERR_REDIRECT] [Fatal Error] :1:1: Premature end of file.
2025-11-16 12:04:05,264 [ERROR] LogOutputStream:75 - [STDERR_REDIRECT] 
2025-11-16 12:04:06,260 [ERROR] LogOutputStream:75 - [STDERR_REDIRECT] [Fatal Error] :1:1: Premature end of file.
2025-11-16 12:04:06,260 [ERROR] LogOutputStream:75 - [STDERR_REDIRECT] 
2025-11-16 12:04:07,261 [ERROR] LogOutputStream:75 - [STDERR_REDIRECT] [Fatal Error] :1:1: Premature end of file.
2025-11-16 12:04:07,261 [ERROR] LogOutputStream:75 - [STDERR_REDIRECT] 
2025-11-16 12:04:08,258 [ERROR] LogOutputStream:75 - [STDERR_REDIRECT] [Fatal Error] :1:1: Premature end of file.
2025-11-16 12:04:08,258 [ERROR] LogOutputStream:75 - [STDERR_REDIRECT] 
2025-11-16 12:04:09,259 [ERROR] LogOutputStream:75 - [STDERR_REDIRECT] [Fatal Error] :1:1: Premature end of file.
2025-11-16 12:04:09,259 [ERROR] LogOutputStream:75 - [STDERR_REDIRECT] 
2025-11-16 12:04:10,257 [ERROR] LogOutputStream:75 - [STDERR_REDIRECT] [Fatal Error] :1:1: Premature end of file.
2025-11-16 12:04:10,257 [ERROR] LogOutputStream:75 - [STDERR_REDIRECT] 
2025-11-16 12:04:11,268 [ERROR] LogOutputStream:75 - [STDERR_REDIRECT] [Fatal Error] :1:1: Premature end of file.
2025-11-16 12:04:11,268 [ERROR] LogOutputStream:75 - [STDERR_REDIRECT] 
2025-11-16 12:04:12,259 [ERROR] LogOutputStream:75 - [STDERR_REDIRECT] [Fatal Error] :1:1: Premature end of file.
2025-11-16 12:04:12,259 [ERROR] LogOutputStream:75 - [STDERR_REDIRECT] 
2025-11-16 12:04:13,264 [ERROR] LogOutputStream:75 - [STDERR_REDIRECT] [Fatal Error] :1:1: Premature end of file.
2025-11-16 12:04:13,264 [ERROR] LogOutputStream:75 - [STDERR_REDIRECT] 
2025-11-16 12:04:14,257 [ERROR] LogOutputStream:75 - [STDERR_REDIRECT] [Fatal Error] :1:1: Premature end of file.
2025-11-16 12:04:14,257 [ERROR] LogOutputStream:75 - [STDERR_REDIRECT] 
2025-11-16 12:04:15,266 [ERROR] LogOutputStream:75 - [STDERR_REDIRECT] [Fatal Error] :1:1: Premature end of file.
2025-11-16 12:04:15,266 [ERROR] LogOutputStream:75 - [STDERR_REDIRECT] 
2025-11-16 12:04:16,259 [ERROR] LogOutputStream:75 - [STDERR_REDIRECT] [Fatal Error] :1:1: Premature end of file.
2025-11-16 12:04:16,259 [ERROR] LogOutputStream:75 - [STDERR_REDIRECT] 
2025-11-16 12:04:17,268 [ERROR] LogOutputStream:75 - [STDERR_REDIRECT] [Fatal Error] :1:1: Premature end of file.
2025-11-16 12:04:17,269 [ERROR] LogOutputStream:75 - [STDERR_REDIRECT] 
2025-11-16 12:04:18,257 [ERROR] LogOutputStream:75 - [STDERR_REDIRECT] [Fatal Error] :1:1: Premature end of file.
2025-11-16 12:04:18,257 [ERROR] LogOutputStream:75 - [STDERR_REDIRECT] 
2025-11-16 12:04:19,258 [ERROR] LogOutputStream:75 - [STDERR_REDIRECT] [Fatal Error] :1:1: Premature end of file.
2025-11-16 12:04:19,258 [ERROR] LogOutputStream:75 - [STDERR_REDIRECT] 
2025-11-16 12:04:20,259 [ERROR] LogOutputStream:75 - [STDERR_REDIRECT] [Fatal Error] :1:1: Premature end of file.
2025-11-16 12:04:20,260 [ERROR] LogOutputStream:75 - [STDERR_REDIRECT] 
2025-11-16 12:04:21,259 [ERROR] LogOutputStream:75 - [STDERR_REDIRECT] [Fatal Error] :1:1: Premature end of file.
2025-11-16 12:04:21,259 [ERROR] LogOutputStream:75 - [STDERR_REDIRECT] 
2025-11-16 12:04:22,259 [ERROR] LogOutputStream:75 - [STDERR_REDIRECT] [Fatal Error] :1:1: Premature end of file.
2025-11-16 12:04:22,259 [ERROR] LogOutputStream:75 - [STDERR_REDIRECT] 
2025-11-16 12:04:23,262 [ERROR] LogOutputStream:75 - [STDERR_REDIRECT] [Fatal Error] :1:1: Premature end of file.
2025-11-16 12:04:23,262 [ERROR] LogOutputStream:75 - [STDERR_REDIRECT] 
2025-11-16 12:04:24,259 [ERROR] LogOutputStream:75 - [STDERR_REDIRECT] [Fatal Error] :1:1: Premature end of file.
2025-11-16 12:04:24,259 [ERROR] LogOutputStream:75 - [STDERR_REDIRECT] 
2025-11-16 12:04:25,260 [ERROR] LogOutputStream:75 - [STDERR_REDIRECT] [Fatal Error] :1:1: Premature end of file.
2025-11-16 12:04:25,261 [ERROR] LogOutputStream:75 - [STDERR_REDIRECT] 
2025-11-16 12:04:26,258 [ERROR] LogOutputStream:75 - [STDERR_REDIRECT] [Fatal Error] :1:1: Premature end of file.
2025-11-16 12:04:26,258 [ERROR] LogOutputStream:75 - [STDERR_REDIRECT] 
2025-11-16 12:04:27,260 [ERROR] LogOutputStream:75 - [STDERR_REDIRECT] [Fatal Error] :1:1: Premature end of file.
2025-11-16 12:04:27,260 [ERROR] LogOutputStream:75 - [STDERR_REDIRECT] 
2025-11-16 12:04:28,260 [ERROR] LogOutputStream:75 - [STDERR_REDIRECT] [Fatal Error] :1:1: Premature end of file.
2025-11-16 12:04:28,260 [ERROR] LogOutputStream:75 - [STDERR_REDIRECT] 
2025-11-16 12:04:29,260 [ERROR] LogOutputStream:75 - [STDERR_REDIRECT] [Fatal Error] :1:1: Premature end of file.
2025-11-16 12:04:29,261 [ERROR] LogOutputStream:75 - [STDERR_REDIRECT] 
2025-11-16 12:04:30,258 [ERROR] LogOutputStream:75 - [STDERR_REDIRECT] [Fatal Error] :1:1: Premature end of file.
2025-11-16 12:04:30,258 [ERROR] LogOutputStream:75 - [STDERR_REDIRECT] 
2025-11-16 12:04:31,258 [ERROR] LogOutputStream:75 - [STDERR_REDIRECT] [Fatal Error] :1:1: Premature end of file.
2025-11-16 12:04:31,259 [ERROR] LogOutputStream:75 - [STDERR_REDIRECT] 
2025-11-16 12:04:32,259 [ERROR] LogOutputStream:75 - [STDERR_REDIRECT] [Fatal Error] :1:1: Premature end of file.
2025-11-16 12:04:32,259 [ERROR] LogOutputStream:75 - [STDERR_REDIRECT] 
2025-11-16 12:04:33,262 [ERROR] LogOutputStream:75 - [STDERR_REDIRECT] [Fatal Error] :1:1: Premature end of file.
2025-11-16 12:04:33,262 [ERROR] LogOutputStream:75 - [STDERR_REDIRECT] 
2025-11-16 12:04:34,259 [ERROR] LogOutputStream:75 - [STDERR_REDIRECT] [Fatal Error] :1:1: Premature end of file.
2025-11-16 12:04:34,259 [ERROR] LogOutputStream:75 - [STDERR_REDIRECT] 
2025-11-16 12:04:35,264 [ERROR] LogOutputStream:75 - [STDERR_REDIRECT] [Fatal Error] :1:1: Premature end of file.
2025-11-16 12:04:35,264 [ERROR] LogOutputStream:75 - [STDERR_REDIRECT] 
2025-11-16 12:04:36,258 [ERROR] LogOutputStream:75 - [STDERR_REDIRECT] [Fatal Error] :1:1: Premature end of file.
2025-11-16 12:04:36,258 [ERROR] LogOutputStream:75 - [STDERR_REDIRECT] 
2025-11-16 12:04:37,260 [ERROR] LogOutputStream:75 - [STDERR_REDIRECT] [Fatal Error] :1:1: Premature end of file.
2025-11-16 12:04:37,260 [ERROR] LogOutputStream:75 - [STDERR_REDIRECT] 
2025-11-16 12:04:38,256 [ERROR] LogOutputStream:75 - [STDERR_REDIRECT] [Fatal Error] :1:1: Premature end of file.
2025-11-16 12:04:38,256 [ERROR] LogOutputStream:75 - [STDERR_REDIRECT] 
2025-11-16 12:04:39,258 [ERROR] LogOutputStream:75 - [STDERR_REDIRECT] [Fatal Error] :1:1: Premature end of file.
2025-11-16 12:04:39,258 [ERROR] LogOutputStream:75 - [STDERR_REDIRECT] 
2025-11-16 12:04:40,257 [ERROR] LogOutputStream:75 - [STDERR_REDIRECT] [Fatal Error] :1:1: Premature end of file.
2025-11-16 12:04:40,257 [ERROR] LogOutputStream:75 - [STDERR_REDIRECT] 
2025-11-16 12:04:41,265 [ERROR] LogOutputStream:75 - [STDERR_REDIRECT] [Fatal Error] :1:1: Premature end of file.
2025-11-16 12:04:41,265 [ERROR] LogOutputStream:75 - [STDERR_REDIRECT] 
2025-11-16 12:04:42,259 [ERROR] LogOutputStream:75 - [STDERR_REDIRECT] [Fatal Error] :1:1: Premature end of file.
2025-11-16 12:04:42,259 [ERROR] LogOutputStream:75 - [STDERR_REDIRECT] 
2025-11-16 12:04:43,259 [ERROR] LogOutputStream:75 - [STDERR_REDIRECT] [Fatal Error] :1:1: Premature end of file.
2025-11-16 12:04:43,259 [ERROR] LogOutputStream:75 - [STDERR_REDIRECT] 
2025-11-16 12:04:44,264 [ERROR] LogOutputStream:75 - [STDERR_REDIRECT] [Fatal Error] :1:1: Premature end of file.
2025-11-16 12:04:44,264 [ERROR] LogOutputStream:75 - [STDERR_REDIRECT] 
2025-11-16 12:04:45,258 [ERROR] LogOutputStream:75 - [STDERR_REDIRECT] [Fatal Error] :1:1: Premature end of file.
2025-11-16 12:04:45,259 [ERROR] LogOutputStream:75 - [STDERR_REDIRECT] 
2025-11-16 12:04:46,258 [ERROR] LogOutputStream:75 - [STDERR_REDIRECT] [Fatal Error] :1:1: Premature end of file.
2025-11-16 12:04:46,258 [ERROR] LogOutputStream:75 - [STDERR_REDIRECT] 
2025-11-16 12:04:47,262 [ERROR] LogOutputStream:75 - [STDERR_REDIRECT] [Fatal Error] :1:1: Premature end of file.
2025-11-16 12:04:47,262 [ERROR] LogOutputStream:75 - [STDERR_REDIRECT] 
2025-11-16 12:04:48,266 [ERROR] LogOutputStream:75 - [STDERR_REDIRECT] [Fatal Error] :1:1: Premature end of file.
2025-11-16 12:04:48,266 [ERROR] LogOutputStream:75 - [STDERR_REDIRECT] 
2025-11-16 12:04:49,257 [ERROR] LogOutputStream:75 - [STDERR_REDIRECT] [Fatal Error] :1:1: Premature end of file.
2025-11-16 12:04:49,257 [ERROR] LogOutputStream:75 - [STDERR_REDIRECT] 
2025-11-16 12:04:50,259 [ERROR] LogOutputStream:75 - [STDERR_REDIRECT] [Fatal Error] :1:1: Premature end of file.
2025-11-16 12:04:50,259 [ERROR] LogOutputStream:75 - [STDERR_REDIRECT] 
2025-11-16 12:04:51,257 [ERROR] LogOutputStream:75 - [STDERR_REDIRECT] [Fatal Error] :1:1: Premature end of file.
2025-11-16 12:04:51,257 [ERROR] LogOutputStream:75 - [STDERR_REDIRECT] 
2025-11-16 12:04:52,260 [ERROR] LogOutputStream:75 - [STDERR_REDIRECT] [Fatal Error] :1:1: Premature end of file.
2025-11-16 12:04:52,260 [ERROR] LogOutputStream:75 - [STDERR_REDIRECT] 
2025-11-16 12:04:53,257 [ERROR] LogOutputStream:75 - [STDERR_REDIRECT] [Fatal Error] :1:1: Premature end of file.
2025-11-16 12:04:53,257 [ERROR] LogOutputStream:75 - [STDERR_REDIRECT] 
2025-11-16 12:04:54,256 [ERROR] LogOutputStream:75 - [STDERR_REDIRECT] [Fatal Error] :1:1: Premature end of file.
2025-11-16 12:04:54,256 [ERROR] LogOutputStream:75 - [STDERR_REDIRECT] 
2025-11-16 12:04:55,259 [ERROR] LogOutputStream:75 - [STDERR_REDIRECT] [Fatal Error] :1:1: Premature end of file.
2025-11-16 12:04:55,259 [ERROR] LogOutputStream:75 - [STDERR_REDIRECT] 
2025-11-16 12:04:56,258 [ERROR] LogOutputStream:75 - [STDERR_REDIRECT] [Fatal Error] :1:1: Premature end of file.
2025-11-16 12:04:56,258 [ERROR] LogOutputStream:75 - [STDERR_REDIRECT] 
2025-11-16 12:04:57,287 [ERROR] LogOutputStream:75 - [STDERR_REDIRECT] [Fatal Error] :1:1: Premature end of file.
2025-11-16 12:04:57,288 [ERROR] LogOutputStream:75 - [STDERR_REDIRECT] 
2025-11-16 12:04:58,257 [ERROR] LogOutputStream:75 - [STDERR_REDIRECT] [Fatal Error] :1:1: Premature end of file.
2025-11-16 12:04:58,257 [ERROR] LogOutputStream:75 - [STDERR_REDIRECT] 
2025-11-16 12:04:59,260 [ERROR] LogOutputStream:75 - [STDERR_REDIRECT] [Fatal Error] :1:1: Premature end of file.
2025-11-16 12:04:59,260 [ERROR] LogOutputStream:75 - [STDERR_REDIRECT] 
2025-11-16 12:05:00,260 [ERROR] LogOutputStream:75 - [STDERR_REDIRECT] [Fatal Error] :1:1: Premature end of file.
2025-11-16 12:05:00,260 [ERROR] LogOutputStream:75 - [STDERR_REDIRECT] 
2025-11-16 12:05:01,280 [ERROR] LogOutputStream:75 - [STDERR_REDIRECT] [Fatal Error] :1:1: Premature end of file.
2025-11-16 12:05:01,280 [ERROR] LogOutputStream:75 - [STDERR_REDIRECT] 
2025-11-16 12:05:02,259 [ERROR] LogOutputStream:75 - [STDERR_REDIRECT] [Fatal Error] :1:1: Premature end of file.
2025-11-16 12:05:02,259 [ERROR] LogOutputStream:75 - [STDERR_REDIRECT] 
2025-11-16 12:05:03,258 [ERROR] LogOutputStream:75 - [STDERR_REDIRECT] [Fatal Error] :1:1: Premature end of file.
2025-11-16 12:05:03,258 [ERROR] LogOutputStream:75 - [STDERR_REDIRECT] 
2025-11-16 12:05:04,258 [ERROR] LogOutputStream:75 - [STDERR_REDIRECT] [Fatal Error] :1:1: Premature end of file.
2025-11-16 12:05:04,258 [ERROR] LogOutputStream:75 - [STDERR_REDIRECT] 
2025-11-16 12:05:05,257 [ERROR] LogOutputStream:75 - [STDERR_REDIRECT] [Fatal Error] :1:1: Premature end of file.
2025-11-16 12:05:05,257 [ERROR] LogOutputStream:75 - [STDERR_REDIRECT] 
2025-11-16 12:05:06,258 [ERROR] LogOutputStream:75 - [STDERR_REDIRECT] [Fatal Error] :1:1: Premature end of file.
2025-11-16 12:05:06,258 [ERROR] LogOutputStream:75 - [STDERR_REDIRECT] 
2025-11-16 12:05:07,258 [ERROR] LogOutputStream:75 - [STDERR_REDIRECT] [Fatal Error] :1:1: Premature end of file.
2025-11-16 12:05:07,258 [ERROR] LogOutputStream:75 - [STDERR_REDIRECT] 
2025-11-16 12:05:08,256 [ERROR] LogOutputStream:75 - [STDERR_REDIRECT] [Fatal Error] :1:1: Premature end of file.
2025-11-16 12:05:08,257 [ERROR] LogOutputStream:75 - [STDERR_REDIRECT] 
2025-11-16 12:05:09,261 [ERROR] LogOutputStream:75 - [STDERR_REDIRECT] [Fatal Error] :1:1: Premature end of file.
2025-11-16 12:05:09,261 [ERROR] LogOutputStream:75 - [STDERR_REDIRECT] 
2025-11-16 12:05:10,258 [ERROR] LogOutputStream:75 - [STDERR_REDIRECT] [Fatal Error] :1:1: Premature end of file.
2025-11-16 12:05:10,258 [ERROR] LogOutputStream:75 - [STDERR_REDIRECT] 
2025-11-16 12:05:11,258 [ERROR] LogOutputStream:75 - [STDERR_REDIRECT] [Fatal Error] :1:1: Premature end of file.
2025-11-16 12:05:11,258 [ERROR] LogOutputStream:75 - [STDERR_REDIRECT] 
2025-11-16 12:05:12,257 [ERROR] LogOutputStream:75 - [STDERR_REDIRECT] [Fatal Error] :1:1: Premature end of file.
2025-11-16 12:05:12,257 [ERROR] LogOutputStream:75 - [STDERR_REDIRECT] 
2025-11-16 12:05:13,264 [ERROR] LogOutputStream:75 - [STDERR_REDIRECT] [Fatal Error] :1:1: Premature end of file.
2025-11-16 12:05:13,264 [ERROR] LogOutputStream:75 - [STDERR_REDIRECT] 
2025-11-16 12:05:14,258 [ERROR] LogOutputStream:75 - [STDERR_REDIRECT] [Fatal Error] :1:1: Premature end of file.
2025-11-16 12:05:14,258 [ERROR] LogOutputStream:75 - [STDERR_REDIRECT] 
2025-11-16 12:05:15,267 [ERROR] LogOutputStream:75 - [STDERR_REDIRECT] [Fatal Error] :1:1: Premature end of file.
2025-11-16 12:05:15,267 [ERROR] LogOutputStream:75 - [STDERR_REDIRECT] 
2025-11-16 12:05:16,287 [ERROR] LogOutputStream:75 - [STDERR_REDIRECT] [Fatal Error] :1:1: Premature end of file.
2025-11-16 12:05:16,287 [ERROR] LogOutputStream:75 - [STDERR_REDIRECT] 
2025-11-16 12:05:17,266 [ERROR] LogOutputStream:75 - [STDERR_REDIRECT] [Fatal Error] :1:1: Premature end of file.
2025-11-16 12:05:17,266 [ERROR] LogOutputStream:75 - [STDERR_REDIRECT] 
2025-11-16 12:05:18,257 [ERROR] LogOutputStream:75 - [STDERR_REDIRECT] [Fatal Error] :1:1: Premature end of file.
2025-11-16 12:05:18,257 [ERROR] LogOutputStream:75 - [STDERR_REDIRECT] 
2025-11-16 12:05:19,257 [ERROR] LogOutputStream:75 - [STDERR_REDIRECT] [Fatal Error] :1:1: Premature end of file.
2025-11-16 12:05:19,258 [ERROR] LogOutputStream:75 - [STDERR_REDIRECT] 
2025-11-16 12:05:20,260 [ERROR] LogOutputStream:75 - [STDERR_REDIRECT] [Fatal Error] :1:1: Premature end of file.
2025-11-16 12:05:20,260 [ERROR] LogOutputStream:75 - [STDERR_REDIRECT] 
2025-11-16 12:05:21,257 [ERROR] LogOutputStream:75 - [STDERR_REDIRECT] [Fatal Error] :1:1: Premature end of file.
2025-11-16 12:05:21,257 [ERROR] LogOutputStream:75 - [STDERR_REDIRECT] 
2025-11-16 12:05:22,276 [ERROR] LogOutputStream:75 - [STDERR_REDIRECT] [Fatal Error] :1:1: Premature end of file.
2025-11-16 12:05:22,276 [ERROR] LogOutputStream:75 - [STDERR_REDIRECT] 
2025-11-16 12:05:23,272 [ERROR] LogOutputStream:75 - [STDERR_REDIRECT] [Fatal Error] :1:1: Premature end of file.
2025-11-16 12:05:23,272 [ERROR] LogOutputStream:75 - [STDERR_REDIRECT] 
2025-11-16 12:05:24,289 [ERROR] LogOutputStream:75 - [STDERR_REDIRECT] [Fatal Error] :1:1: Premature end of file.
2025-11-16 12:05:24,289 [ERROR] LogOutputStream:75 - [STDERR_REDIRECT] 
2025-11-16 12:05:25,280 [ERROR] LogOutputStream:75 - [STDERR_REDIRECT] [Fatal Error] :1:1: Premature end of file.
2025-11-16 12:05:25,280 [ERROR] LogOutputStream:75 - [STDERR_REDIRECT] 
2025-11-16 12:05:26,266 [ERROR] LogOutputStream:75 - [STDERR_REDIRECT] [Fatal Error] :1:1: Premature end of file.
2025-11-16 12:05:26,266 [ERROR] LogOutputStream:75 - [STDERR_REDIRECT] 
2025-11-16 12:05:27,288 [ERROR] LogOutputStream:75 - [STDERR_REDIRECT] [Fatal Error] :1:1: Premature end of file.
2025-11-16 12:05:27,288 [ERROR] LogOutputStream:75 - [STDERR_REDIRECT] 
2025-11-16 12:05:28,267 [ERROR] LogOutputStream:75 - [STDERR_REDIRECT] [Fatal Error] :1:1: Premature end of file.
2025-11-16 12:05:28,267 [ERROR] LogOutputStream:75 - [STDERR_REDIRECT] 
2025-11-16 12:05:29,268 [ERROR] LogOutputStream:75 - [STDERR_REDIRECT] [Fatal Error] :1:1: Premature end of file.
2025-11-16 12:05:29,268 [ERROR] LogOutputStream:75 - [STDERR_REDIRECT] 
2025-11-16 12:05:30,262 [ERROR] LogOutputStream:75 - [STDERR_REDIRECT] [Fatal Error] :1:1: Premature end of file.
2025-11-16 12:05:30,262 [ERROR] LogOutputStream:75 - [STDERR_REDIRECT] 
2025-11-16 12:05:31,276 [ERROR] LogOutputStream:75 - [STDERR_REDIRECT] [Fatal Error] :1:1: Premature end of file.
2025-11-16 12:05:31,276 [ERROR] LogOutputStream:75 - [STDERR_REDIRECT] 
2025-11-16 12:05:32,268 [ERROR] LogOutputStream:75 - [STDERR_REDIRECT] [Fatal Error] :1:1: Premature end of file.
2025-11-16 12:05:32,268 [ERROR] LogOutputStream:75 - [STDERR_REDIRECT] 
2025-11-16 12:05:33,268 [ERROR] LogOutputStream:75 - [STDERR_REDIRECT] [Fatal Error] :1:1: Premature end of file.
2025-11-16 12:05:33,268 [ERROR] LogOutputStream:75 - [STDERR_REDIRECT] 
2025-11-16 12:05:34,285 [ERROR] LogOutputStream:75 - [STDERR_REDIRECT] [Fatal Error] :1:1: Premature end of file.
2025-11-16 12:05:34,285 [ERROR] LogOutputStream:75 - [STDERR_REDIRECT] 
2025-11-16 12:05:35,269 [ERROR] LogOutputStream:75 - [STDERR_REDIRECT] [Fatal Error] :1:1: Premature end of file.
2025-11-16 12:05:35,269 [ERROR] LogOutputStream:75 - [STDERR_REDIRECT] 
2025-11-16 12:05:36,267 [ERROR] LogOutputStream:75 - [STDERR_REDIRECT] [Fatal Error] :1:1: Premature end of file.
2025-11-16 12:05:36,267 [ERROR] LogOutputStream:75 - [STDERR_REDIRECT] 
2025-11-16 12:05:37,266 [ERROR] LogOutputStream:75 - [STDERR_REDIRECT] [Fatal Error] :1:1: Premature end of file.
2025-11-16 12:05:37,266 [ERROR] LogOutputStream:75 - [STDERR_REDIRECT] 
2025-11-16 12:05:38,268 [ERROR] LogOutputStream:75 - [STDERR_REDIRECT] [Fatal Error] :1:1: Premature end of file.
2025-11-16 12:05:38,268 [ERROR] LogOutputStream:75 - [STDERR_REDIRECT] 
2025-11-16 12:05:39,268 [ERROR] LogOutputStream:75 - [STDERR_REDIRECT] [Fatal Error] :1:1: Premature end of file.
2025-11-16 12:05:39,268 [ERROR] LogOutputStream:75 - [STDERR_REDIRECT] 
2025-11-16 12:05:40,270 [ERROR] LogOutputStream:75 - [STDERR_REDIRECT] [Fatal Error] :1:1: Premature end of file.
2025-11-16 12:05:40,270 [ERROR] LogOutputStream:75 - [STDERR_REDIRECT] 
2025-11-16 12:05:41,279 [ERROR] LogOutputStream:75 - [STDERR_REDIRECT] [Fatal Error] :1:1: Premature end of file.
2025-11-16 12:05:41,279 [ERROR] LogOutputStream:75 - [STDERR_REDIRECT] 
2025-11-16 12:05:42,268 [ERROR] LogOutputStream:75 - [STDERR_REDIRECT] [Fatal Error] :1:1: Premature end of file.
2025-11-16 12:05:42,268 [ERROR] LogOutputStream:75 - [STDERR_REDIRECT] 
2025-11-16 12:05:43,267 [ERROR] LogOutputStream:75 - [STDERR_REDIRECT] [Fatal Error] :1:1: Premature end of file.
2025-11-16 12:05:43,267 [ERROR] LogOutputStream:75 - [STDERR_REDIRECT] 
2025-11-16 12:05:44,264 [ERROR] LogOutputStream:75 - [STDERR_REDIRECT] [Fatal Error] :1:1: Premature end of file.
2025-11-16 12:05:44,264 [ERROR] LogOutputStream:75 - [STDERR_REDIRECT] 
2025-11-16 12:05:45,275 [ERROR] LogOutputStream:75 - [STDERR_REDIRECT] [Fatal Error] :1:1: Premature end of file.
2025-11-16 12:05:45,275 [ERROR] LogOutputStream:75 - [STDERR_REDIRECT] 
2025-11-16 12:05:46,265 [ERROR] LogOutputStream:75 - [STDERR_REDIRECT] [Fatal Error] :1:1: Premature end of file.
2025-11-16 12:05:46,265 [ERROR] LogOutputStream:75 - [STDERR_REDIRECT] 
2025-11-16 12:05:47,266 [ERROR] LogOutputStream:75 - [STDERR_REDIRECT] [Fatal Error] :1:1: Premature end of file.
2025-11-16 12:05:47,266 [ERROR] LogOutputStream:75 - [STDERR_REDIRECT] 
2025-11-16 12:05:48,276 [ERROR] LogOutputStream:75 - [STDERR_REDIRECT] [Fatal Error] :1:1: Premature end of file.
2025-11-16 12:05:48,276 [ERROR] LogOutputStream:75 - [STDERR_REDIRECT] 
2025-11-16 12:05:49,276 [ERROR] LogOutputStream:75 - [STDERR_REDIRECT] [Fatal Error] :1:1: Premature end of file.
2025-11-16 12:05:49,276 [ERROR] LogOutputStream:75 - [STDERR_REDIRECT] 
2025-11-16 12:05:50,265 [ERROR] LogOutputStream:75 - [STDERR_REDIRECT] [Fatal Error] :1:1: Premature end of file.
2025-11-16 12:05:50,265 [ERROR] LogOutputStream:75 - [STDERR_REDIRECT] 
2025-11-16 12:05:51,257 [ERROR] LogOutputStream:75 - [STDERR_REDIRECT] [Fatal Error] :1:1: Premature end of file.
2025-11-16 12:05:51,257 [ERROR] LogOutputStream:75 - [STDERR_REDIRECT] 
2025-11-16 12:05:52,263 [ERROR] LogOutputStream:75 - [STDERR_REDIRECT] [Fatal Error] :1:1: Premature end of file.
2025-11-16 12:05:52,263 [ERROR] LogOutputStream:75 - [STDERR_REDIRECT] 
2025-11-16 12:05:53,267 [ERROR] LogOutputStream:75 - [STDERR_REDIRECT] [Fatal Error] :1:1: Premature end of file.
2025-11-16 12:05:53,267 [ERROR] LogOutputStream:75 - [STDERR_REDIRECT] 
2025-11-16 12:05:54,267 [ERROR] LogOutputStream:75 - [STDERR_REDIRECT] [Fatal Error] :1:1: Premature end of file.
2025-11-16 12:05:54,268 [ERROR] LogOutputStream:75 - [STDERR_REDIRECT] 
2025-11-16 12:05:55,268 [ERROR] LogOutputStream:75 - [STDERR_REDIRECT] [Fatal Error] :1:1: Premature end of file.
2025-11-16 12:05:55,268 [ERROR] LogOutputStream:75 - [STDERR_REDIRECT] 
2025-11-16 12:05:56,267 [ERROR] LogOutputStream:75 - [STDERR_REDIRECT] [Fatal Error] :1:1: Premature end of file.
2025-11-16 12:05:56,267 [ERROR] LogOutputStream:75 - [STDERR_REDIRECT] 
2025-11-16 12:05:57,266 [ERROR] LogOutputStream:75 - [STDERR_REDIRECT] [Fatal Error] :1:1: Premature end of file.
2025-11-16 12:05:57,266 [ERROR] LogOutputStream:75 - [STDERR_REDIRECT] 
2025-11-16 12:05:58,277 [ERROR] LogOutputStream:75 - [STDERR_REDIRECT] [Fatal Error] :1:1: Premature end of file.
2025-11-16 12:05:58,277 [ERROR] LogOutputStream:75 - [STDERR_REDIRECT] 
2025-11-16 12:05:59,276 [ERROR] LogOutputStream:75 - [STDERR_REDIRECT] [Fatal Error] :1:1: Premature end of file.
2025-11-16 12:05:59,276 [ERROR] LogOutputStream:75 - [STDERR_REDIRECT] 
2025-11-16 12:06:00,290 [ERROR] LogOutputStream:75 - [STDERR_REDIRECT] [Fatal Error] :1:1: Premature end of file.
2025-11-16 12:06:00,290 [ERROR] LogOutputStream:75 - [STDERR_REDIRECT] 
2025-11-16 12:06:01,296 [ERROR] LogOutputStream:75 - [STDERR_REDIRECT] [Fatal Error] :1:1: Premature end of file.
2025-11-16 12:06:01,296 [ERROR] LogOutputStream:75 - [STDERR_REDIRECT] 
2025-11-16 12:06:02,270 [ERROR] LogOutputStream:75 - [STDERR_REDIRECT] [Fatal Error] :1:1: Premature end of file.
2025-11-16 12:06:02,270 [ERROR] LogOutputStream:75 - [STDERR_REDIRECT] 
2025-11-16 12:06:03,268 [ERROR] LogOutputStream:75 - [STDERR_REDIRECT] [Fatal Error] :1:1: Premature end of file.
2025-11-16 12:06:03,268 [ERROR] LogOutputStream:75 - [STDERR_REDIRECT] 
2025-11-16 12:06:04,267 [ERROR] LogOutputStream:75 - [STDERR_REDIRECT] [Fatal Error] :1:1: Premature end of file.
2025-11-16 12:06:04,267 [ERROR] LogOutputStream:75 - [STDERR_REDIRECT] 
2025-11-16 12:06:05,267 [ERROR] LogOutputStream:75 - [STDERR_REDIRECT] [Fatal Error] :1:1: Premature end of file.
2025-11-16 12:06:05,267 [ERROR] LogOutputStream:75 - [STDERR_REDIRECT] 
2025-11-16 12:06:06,292 [ERROR] LogOutputStream:75 - [STDERR_REDIRECT] [Fatal Error] :1:1: Premature end of file.
2025-11-16 12:06:06,292 [ERROR] LogOutputStream:75 - [STDERR_REDIRECT] 
2025-11-16 12:06:07,278 [ERROR] LogOutputStream:75 - [STDERR_REDIRECT] [Fatal Error] :1:1: Premature end of file.
2025-11-16 12:06:07,278 [ERROR] LogOutputStream:75 - [STDERR_REDIRECT] 
2025-11-16 12:06:08,267 [ERROR] LogOutputStream:75 - [STDERR_REDIRECT] [Fatal Error] :1:1: Premature end of file.
2025-11-16 12:06:08,267 [ERROR] LogOutputStream:75 - [STDERR_REDIRECT] 
2025-11-16 12:06:09,268 [ERROR] LogOutputStream:75 - [STDERR_REDIRECT] [Fatal Error] :1:1: Premature end of file.
2025-11-16 12:06:09,268 [ERROR] LogOutputStream:75 - [STDERR_REDIRECT] 
2025-11-16 12:06:10,289 [ERROR] LogOutputStream:75 - [STDERR_REDIRECT] [Fatal Error] :1:1: Premature end of file.
2025-11-16 12:06:10,289 [ERROR] LogOutputStream:75 - [STDERR_REDIRECT] 
2025-11-16 12:06:11,268 [ERROR] LogOutputStream:75 - [STDERR_REDIRECT] [Fatal Error] :1:1: Premature end of file.
2025-11-16 12:06:11,268 [ERROR] LogOutputStream:75 - [STDERR_REDIRECT] 
2025-11-16 12:06:12,267 [ERROR] LogOutputStream:75 - [STDERR_REDIRECT] [Fatal Error] :1:1: Premature end of file.
2025-11-16 12:06:12,267 [ERROR] LogOutputStream:75 - [STDERR_REDIRECT] 
2025-11-16 12:06:13,257 [ERROR] LogOutputStream:75 - [STDERR_REDIRECT] [Fatal Error] :1:1: Premature end of file.
2025-11-16 12:06:13,257 [ERROR] LogOutputStream:75 - [STDERR_REDIRECT] 
2025-11-16 12:06:14,262 [ERROR] LogOutputStream:75 - [STDERR_REDIRECT] [Fatal Error] :1:1: Premature end of file.
2025-11-16 12:06:14,262 [ERROR] LogOutputStream:75 - [STDERR_REDIRECT] 
2025-11-16 12:06:15,284 [ERROR] LogOutputStream:75 - [STDERR_REDIRECT] [Fatal Error] :1:1: Premature end of file.
2025-11-16 12:06:15,284 [ERROR] LogOutputStream:75 - [STDERR_REDIRECT] 
2025-11-16 12:06:16,261 [ERROR] LogOutputStream:75 - [STDERR_REDIRECT] [Fatal Error] :1:1: Premature end of file.
2025-11-16 12:06:16,261 [ERROR] LogOutputStream:75 - [STDERR_REDIRECT] 
2025-11-16 12:06:17,293 [ERROR] LogOutputStream:75 - [STDERR_REDIRECT] [Fatal Error] :1:1: Premature end of file.
2025-11-16 12:06:17,293 [ERROR] LogOutputStream:75 - [STDERR_REDIRECT] 
2025-11-16 12:06:18,285 [ERROR] LogOutputStream:75 - [STDERR_REDIRECT] [Fatal Error] :1:1: Premature end of file.
2025-11-16 12:06:18,285 [ERROR] LogOutputStream:75 - [STDERR_REDIRECT] 
2025-11-16 12:06:19,259 [ERROR] LogOutputStream:75 - [STDERR_REDIRECT] [Fatal Error] :1:1: Premature end of file.
2025-11-16 12:06:19,259 [ERROR] LogOutputStream:75 - [STDERR_REDIRECT] 
2025-11-16 12:06:20,268 [ERROR] LogOutputStream:75 - [STDERR_REDIRECT] [Fatal Error] :1:1: Premature end of file.
2025-11-16 12:06:20,268 [ERROR] LogOutputStream:75 - [STDERR_REDIRECT] 
2025-11-16 12:06:21,284 [ERROR] LogOutputStream:75 - [STDERR_REDIRECT] [Fatal Error] :1:1: Premature end of file.
2025-11-16 12:06:21,284 [ERROR] LogOutputStream:75 - [STDERR_REDIRECT] 
2025-11-16 12:06:22,284 [ERROR] LogOutputStream:75 - [STDERR_REDIRECT] [Fatal Error] :1:1: Premature end of file.
2025-11-16 12:06:22,284 [ERROR] LogOutputStream:75 - [STDERR_REDIRECT] 
2025-11-16 12:06:23,287 [ERROR] LogOutputStream:75 - [STDERR_REDIRECT] [Fatal Error] :1:1: Premature end of file.
2025-11-16 12:06:23,287 [ERROR] LogOutputStream:75 - [STDERR_REDIRECT] 
2025-11-16 12:06:24,267 [ERROR] LogOutputStream:75 - [STDERR_REDIRECT] [Fatal Error] :1:1: Premature end of file.
2025-11-16 12:06:24,267 [ERROR] LogOutputStream:75 - [STDERR_REDIRECT] 
2025-11-16 12:06:25,266 [ERROR] LogOutputStream:75 - [STDERR_REDIRECT] [Fatal Error] :1:1: Premature end of file.
2025-11-16 12:06:25,266 [ERROR] LogOutputStream:75 - [STDERR_REDIRECT] 
2025-11-16 12:06:26,283 [ERROR] LogOutputStream:75 - [STDERR_REDIRECT] [Fatal Error] :1:1: Premature end of file.
2025-11-16 12:06:26,283 [ERROR] LogOutputStream:75 - [STDERR_REDIRECT] 
2025-11-16 12:06:27,277 [ERROR] LogOutputStream:75 - [STDERR_REDIRECT] [Fatal Error] :1:1: Premature end of file.
2025-11-16 12:06:27,277 [ERROR] LogOutputStream:75 - [STDERR_REDIRECT] 
2025-11-16 12:06:28,267 [ERROR] LogOutputStream:75 - [STDERR_REDIRECT] [Fatal Error] :1:1: Premature end of file.
2025-11-16 12:06:28,267 [ERROR] LogOutputStream:75 - [STDERR_REDIRECT] 
2025-11-16 12:06:29,266 [ERROR] LogOutputStream:75 - [STDERR_REDIRECT] [Fatal Error] :1:1: Premature end of file.
2025-11-16 12:06:29,266 [ERROR] LogOutputStream:75 - [STDERR_REDIRECT] 
2025-11-16 12:06:30,258 [ERROR] LogOutputStream:75 - [STDERR_REDIRECT] [Fatal Error] :1:1: Premature end of file.
2025-11-16 12:06:30,258 [ERROR] LogOutputStream:75 - [STDERR_REDIRECT] 
2025-11-16 12:06:31,263 [ERROR] LogOutputStream:75 - [STDERR_REDIRECT] [Fatal Error] :1:1: Premature end of file.
2025-11-16 12:06:31,263 [ERROR] LogOutputStream:75 - [STDERR_REDIRECT] 
2025-11-16 12:06:32,271 [ERROR] LogOutputStream:75 - [STDERR_REDIRECT] [Fatal Error] :1:1: Premature end of file.
2025-11-16 12:06:32,271 [ERROR] LogOutputStream:75 - [STDERR_REDIRECT] 
2025-11-16 12:06:33,281 [ERROR] LogOutputStream:75 - [STDERR_REDIRECT] [Fatal Error] :1:1: Premature end of file.
2025-11-16 12:06:33,281 [ERROR] LogOutputStream:75 - [STDERR_REDIRECT] 
2025-11-16 12:06:34,266 [ERROR] LogOutputStream:75 - [STDERR_REDIRECT] [Fatal Error] :1:1: Premature end of file.
2025-11-16 12:06:34,266 [ERROR] LogOutputStream:75 - [STDERR_REDIRECT] 
2025-11-16 12:06:35,268 [ERROR] LogOutputStream:75 - [STDERR_REDIRECT] [Fatal Error] :1:1: Premature end of file.
2025-11-16 12:06:35,268 [ERROR] LogOutputStream:75 - [STDERR_REDIRECT] 
2025-11-16 12:06:36,288 [ERROR] LogOutputStream:75 - [STDERR_REDIRECT] [Fatal Error] :1:1: Premature end of file.
2025-11-16 12:06:36,288 [ERROR] LogOutputStream:75 - [STDERR_REDIRECT] 
2025-11-16 12:06:37,267 [ERROR] LogOutputStream:75 - [STDERR_REDIRECT] [Fatal Error] :1:1: Premature end of file.
2025-11-16 12:06:37,267 [ERROR] LogOutputStream:75 - [STDERR_REDIRECT] 
2025-11-16 12:06:38,267 [ERROR] LogOutputStream:75 - [STDERR_REDIRECT] [Fatal Error] :1:1: Premature end of file.
2025-11-16 12:06:38,268 [ERROR] LogOutputStream:75 - [STDERR_REDIRECT] 
2025-11-16 12:06:39,291 [ERROR] LogOutputStream:75 - [STDERR_REDIRECT] [Fatal Error] :1:1: Premature end of file.
2025-11-16 12:06:39,291 [ERROR] LogOutputStream:75 - [STDERR_REDIRECT] 
2025-11-16 12:06:40,266 [ERROR] LogOutputStream:75 - [STDERR_REDIRECT] [Fatal Error] :1:1: Premature end of file.
2025-11-16 12:06:40,266 [ERROR] LogOutputStream:75 - [STDERR_REDIRECT] 
2025-11-16 12:06:41,266 [ERROR] LogOutputStream:75 - [STDERR_REDIRECT] [Fatal Error] :1:1: Premature end of file.
2025-11-16 12:06:41,266 [ERROR] LogOutputStream:75 - [STDERR_REDIRECT] 
2025-11-16 12:06:42,268 [ERROR] LogOutputStream:75 - [STDERR_REDIRECT] [Fatal Error] :1:1: Premature end of file.
2025-11-16 12:06:42,268 [ERROR] LogOutputStream:75 - [STDERR_REDIRECT] 
2025-11-16 12:06:43,297 [ERROR] LogOutputStream:75 - [STDERR_REDIRECT] [Fatal Error] :1:1: Premature end of file.
2025-11-16 12:06:43,297 [ERROR] LogOutputStream:75 - [STDERR_REDIRECT] 
2025-11-16 12:06:44,264 [ERROR] LogOutputStream:75 - [STDERR_REDIRECT] [Fatal Error] :1:1: Premature end of file.
2025-11-16 12:06:44,264 [ERROR] LogOutputStream:75 - [STDERR_REDIRECT] 
2025-11-16 12:06:45,259 [ERROR] LogOutputStream:75 - [STDERR_REDIRECT] [Fatal Error] :1:1: Premature end of file.
2025-11-16 12:06:45,259 [ERROR] LogOutputStream:75 - [STDERR_REDIRECT] 
2025-11-16 12:06:46,257 [ERROR] LogOutputStream:75 - [STDERR_REDIRECT] [Fatal Error] :1:1: Premature end of file.
2025-11-16 12:06:46,257 [ERROR] LogOutputStream:75 - [STDERR_REDIRECT] 
2025-11-16 12:06:47,257 [ERROR] LogOutputStream:75 - [STDERR_REDIRECT] [Fatal Error] :1:1: Premature end of file.
2025-11-16 12:06:47,257 [ERROR] LogOutputStream:75 - [STDERR_REDIRECT] 
2025-11-16 12:06:48,267 [ERROR] LogOutputStream:75 - [STDERR_REDIRECT] [Fatal Error] :1:1: Premature end of file.
2025-11-16 12:06:48,267 [ERROR] LogOutputStream:75 - [STDERR_REDIRECT] 
2025-11-16 12:06:49,274 [ERROR] LogOutputStream:75 - [STDERR_REDIRECT] [Fatal Error] :1:1: Premature end of file.
2025-11-16 12:06:49,274 [ERROR] LogOutputStream:75 - [STDERR_REDIRECT] 
2025-11-16 12:06:50,292 [ERROR] LogOutputStream:75 - [STDERR_REDIRECT] [Fatal Error] :1:1: Premature end of file.
2025-11-16 12:06:50,292 [ERROR] LogOutputStream:75 - [STDERR_REDIRECT] 
2025-11-16 12:06:51,277 [ERROR] LogOutputStream:75 - [STDERR_REDIRECT] [Fatal Error] :1:1: Premature end of file.
2025-11-16 12:06:51,277 [ERROR] LogOutputStream:75 - [STDERR_REDIRECT] 
2025-11-16 12:06:52,258 [ERROR] LogOutputStream:75 - [STDERR_REDIRECT] [Fatal Error] :1:1: Premature end of file.
2025-11-16 12:06:52,258 [ERROR] LogOutputStream:75 - [STDERR_REDIRECT] 
2025-11-16 12:06:53,263 [ERROR] LogOutputStream:75 - [STDERR_REDIRECT] [Fatal Error] :1:1: Premature end of file.
2025-11-16 12:06:53,263 [ERROR] LogOutputStream:75 - [STDERR_REDIRECT] 
2025-11-16 12:06:54,267 [ERROR] LogOutputStream:75 - [STDERR_REDIRECT] [Fatal Error] :1:1: Premature end of file.
2025-11-16 12:06:54,267 [ERROR] LogOutputStream:75 - [STDERR_REDIRECT] 
2025-11-16 12:06:55,293 [ERROR] LogOutputStream:75 - [STDERR_REDIRECT] [Fatal Error] :1:1: Premature end of file.
2025-11-16 12:06:55,293 [ERROR] LogOutputStream:75 - [STDERR_REDIRECT] 
2025-11-16 12:06:56,274 [ERROR] LogOutputStream:75 - [STDERR_REDIRECT] [Fatal Error] :1:1: Premature end of file.
2025-11-16 12:06:56,274 [ERROR] LogOutputStream:75 - [STDERR_REDIRECT] 
2025-11-16 12:06:57,269 [ERROR] LogOutputStream:75 - [STDERR_REDIRECT] [Fatal Error] :1:1: Premature end of file.
2025-11-16 12:06:57,269 [ERROR] LogOutputStream:75 - [STDERR_REDIRECT] 
2025-11-16 12:06:58,265 [ERROR] LogOutputStream:75 - [STDERR_REDIRECT] [Fatal Error] :1:1: Premature end of file.
2025-11-16 12:06:58,265 [ERROR] LogOutputStream:75 - [STDERR_REDIRECT] 
2025-11-16 12:06:59,269 [ERROR] LogOutputStream:75 - [STDERR_REDIRECT] [Fatal Error] :1:1: Premature end of file.
2025-11-16 12:06:59,269 [ERROR] LogOutputStream:75 - [STDERR_REDIRECT] 
2025-11-16 12:07:00,258 [ERROR] LogOutputStream:75 - [STDERR_REDIRECT] [Fatal Error] :1:1: Premature end of file.
2025-11-16 12:07:00,258 [ERROR] LogOutputStream:75 - [STDERR_REDIRECT] 
2025-11-16 12:07:01,257 [ERROR] LogOutputStream:75 - [STDERR_REDIRECT] [Fatal Error] :1:1: Premature end of file.
2025-11-16 12:07:01,258 [ERROR] LogOutputStream:75 - [STDERR_REDIRECT] 
2025-11-16 12:07:02,257 [ERROR] LogOutputStream:75 - [STDERR_REDIRECT] [Fatal Error] :1:1: Premature end of file.
2025-11-16 12:07:02,257 [ERROR] LogOutputStream:75 - [STDERR_REDIRECT] 
2025-11-16 12:07:03,259 [ERROR] LogOutputStream:75 - [STDERR_REDIRECT] [Fatal Error] :1:1: Premature end of file.
2025-11-16 12:07:03,259 [ERROR] LogOutputStream:75 - [STDERR_REDIRECT] 
2025-11-16 12:07:04,256 [ERROR] LogOutputStream:75 - [STDERR_REDIRECT] [Fatal Error] :1:1: Premature end of file.
2025-11-16 12:07:04,256 [ERROR] LogOutputStream:75 - [STDERR_REDIRECT] 
2025-11-16 12:07:05,259 [ERROR] LogOutputStream:75 - [STDERR_REDIRECT] [Fatal Error] :1:1: Premature end of file.
2025-11-16 12:07:05,259 [ERROR] LogOutputStream:75 - [STDERR_REDIRECT] 
2025-11-16 12:07:06,266 [ERROR] LogOutputStream:75 - [STDERR_REDIRECT] [Fatal Error] :1:1: Premature end of file.
2025-11-16 12:07:06,266 [ERROR] LogOutputStream:75 - [STDERR_REDIRECT] 
2025-11-16 12:07:07,259 [ERROR] LogOutputStream:75 - [STDERR_REDIRECT] [Fatal Error] :1:1: Premature end of file.
2025-11-16 12:07:07,259 [ERROR] LogOutputStream:75 - [STDERR_REDIRECT] 
2025-11-16 12:07:08,260 [ERROR] LogOutputStream:75 - [STDERR_REDIRECT] [Fatal Error] :1:1: Premature end of file.
2025-11-16 12:07:08,260 [ERROR] LogOutputStream:75 - [STDERR_REDIRECT] 
2025-11-16 12:07:09,257 [ERROR] LogOutputStream:75 - [STDERR_REDIRECT] [Fatal Error] :1:1: Premature end of file.
2025-11-16 12:07:09,257 [ERROR] LogOutputStream:75 - [STDERR_REDIRECT] 
2025-11-16 12:07:10,258 [ERROR] LogOutputStream:75 - [STDERR_REDIRECT] [Fatal Error] :1:1: Premature end of file.
2025-11-16 12:07:10,258 [ERROR] LogOutputStream:75 - [STDERR_REDIRECT] 
2025-11-16 12:07:11,264 [ERROR] LogOutputStream:75 - [STDERR_REDIRECT] [Fatal Error] :1:1: Premature end of file.
2025-11-16 12:07:11,264 [ERROR] LogOutputStream:75 - [STDERR_REDIRECT] 
2025-11-16 12:07:12,258 [ERROR] LogOutputStream:75 - [STDERR_REDIRECT] [Fatal Error] :1:1: Premature end of file.
2025-11-16 12:07:12,258 [ERROR] LogOutputStream:75 - [STDERR_REDIRECT] 
2025-11-16 12:07:13,259 [ERROR] LogOutputStream:75 - [STDERR_REDIRECT] [Fatal Error] :1:1: Premature end of file.
2025-11-16 12:07:13,259 [ERROR] LogOutputStream:75 - [STDERR_REDIRECT] 
2025-11-16 12:07:14,260 [ERROR] LogOutputStream:75 - [STDERR_REDIRECT] [Fatal Error] :1:1: Premature end of file.
2025-11-16 12:07:14,260 [ERROR] LogOutputStream:75 - [STDERR_REDIRECT] 
2025-11-16 12:07:15,257 [ERROR] LogOutputStream:75 - [STDERR_REDIRECT] [Fatal Error] :1:1: Premature end of file.
2025-11-16 12:07:15,257 [ERROR] LogOutputStream:75 - [STDERR_REDIRECT] 
2025-11-16 12:07:16,260 [ERROR] LogOutputStream:75 - [STDERR_REDIRECT] [Fatal Error] :1:1: Premature end of file.
2025-11-16 12:07:16,260 [ERROR] LogOutputStream:75 - [STDERR_REDIRECT] 
2025-11-16 12:07:17,257 [ERROR] LogOutputStream:75 - [STDERR_REDIRECT] [Fatal Error] :1:1: Premature end of file.
2025-11-16 12:07:17,257 [ERROR] LogOutputStream:75 - [STDERR_REDIRECT] 
2025-11-16 12:07:18,259 [ERROR] LogOutputStream:75 - [STDERR_REDIRECT] [Fatal Error] :1:1: Premature end of file.
2025-11-16 12:07:18,259 [ERROR] LogOutputStream:75 - [STDERR_REDIRECT] 
2025-11-16 12:07:19,259 [ERROR] LogOutputStream:75 - [STDERR_REDIRECT] [Fatal Error] :1:1: Premature end of file.
2025-11-16 12:07:19,259 [ERROR] LogOutputStream:75 - [STDERR_REDIRECT] 
2025-11-16 12:07:20,258 [ERROR] LogOutputStream:75 - [STDERR_REDIRECT] [Fatal Error] :1:1: Premature end of file.
2025-11-16 12:07:20,258 [ERROR] LogOutputStream:75 - [STDERR_REDIRECT] 
2025-11-16 12:07:21,268 [ERROR] LogOutputStream:75 - [STDERR_REDIRECT] [Fatal Error] :1:1: Premature end of file.
2025-11-16 12:07:21,268 [ERROR] LogOutputStream:75 - [STDERR_REDIRECT] 
2025-11-16 12:07:22,286 [ERROR] LogOutputStream:75 - [STDERR_REDIRECT] [Fatal Error] :1:1: Premature end of file.
2025-11-16 12:07:22,286 [ERROR] LogOutputStream:75 - [STDERR_REDIRECT] 
2025-11-16 12:07:23,257 [ERROR] LogOutputStream:75 - [STDERR_REDIRECT] [Fatal Error] :1:1: Premature end of file.
2025-11-16 12:07:23,257 [ERROR] LogOutputStream:75 - [STDERR_REDIRECT] 
2025-11-16 12:07:24,266 [ERROR] LogOutputStream:75 - [STDERR_REDIRECT] [Fatal Error] :1:1: Premature end of file.
2025-11-16 12:07:24,268 [ERROR] LogOutputStream:75 - [STDERR_REDIRECT] 
2025-11-16 12:07:25,258 [ERROR] LogOutputStream:75 - [STDERR_REDIRECT] [Fatal Error] :1:1: Premature end of file.
2025-11-16 12:07:25,258 [ERROR] LogOutputStream:75 - [STDERR_REDIRECT] 
2025-11-16 12:07:26,259 [ERROR] LogOutputStream:75 - [STDERR_REDIRECT] [Fatal Error] :1:1: Premature end of file.
2025-11-16 12:07:26,259 [ERROR] LogOutputStream:75 - [STDERR_REDIRECT] 
2025-11-16 12:07:27,291 [ERROR] LogOutputStream:75 - [STDERR_REDIRECT] [Fatal Error] :1:1: Premature end of file.
2025-11-16 12:07:27,291 [ERROR] LogOutputStream:75 - [STDERR_REDIRECT] 
2025-11-16 12:07:28,260 [ERROR] LogOutputStream:75 - [STDERR_REDIRECT] [Fatal Error] :1:1: Premature end of file.
2025-11-16 12:07:28,260 [ERROR] LogOutputStream:75 - [STDERR_REDIRECT] 
2025-11-16 12:07:29,259 [ERROR] LogOutputStream:75 - [STDERR_REDIRECT] [Fatal Error] :1:1: Premature end of file.
2025-11-16 12:07:29,259 [ERROR] LogOutputStream:75 - [STDERR_REDIRECT] 
2025-11-16 12:07:30,281 [ERROR] LogOutputStream:75 - [STDERR_REDIRECT] [Fatal Error] :1:1: Premature end of file.
2025-11-16 12:07:30,281 [ERROR] LogOutputStream:75 - [STDERR_REDIRECT] 
2025-11-16 12:07:31,291 [ERROR] LogOutputStream:75 - [STDERR_REDIRECT] [Fatal Error] :1:1: Premature end of file.
2025-11-16 12:07:31,291 [ERROR] LogOutputStream:75 - [STDERR_REDIRECT] 
2025-11-16 12:07:32,285 [ERROR] LogOutputStream:75 - [STDERR_REDIRECT] [Fatal Error] :1:1: Premature end of file.
2025-11-16 12:07:32,285 [ERROR] LogOutputStream:75 - [STDERR_REDIRECT] 
2025-11-16 12:07:33,259 [ERROR] LogOutputStream:75 - [STDERR_REDIRECT] [Fatal Error] :1:1: Premature end of file.
2025-11-16 12:07:33,259 [ERROR] LogOutputStream:75 - [STDERR_REDIRECT] 
2025-11-16 12:07:34,279 [ERROR] LogOutputStream:75 - [STDERR_REDIRECT] [Fatal Error] :1:1: Premature end of file.
2025-11-16 12:07:34,279 [ERROR] LogOutputStream:75 - [STDERR_REDIRECT] 
2025-11-16 12:07:35,260 [ERROR] LogOutputStream:75 - [STDERR_REDIRECT] [Fatal Error] :1:1: Premature end of file.
2025-11-16 12:07:35,260 [ERROR] LogOutputStream:75 - [STDERR_REDIRECT] 
2025-11-16 12:07:36,261 [ERROR] LogOutputStream:75 - [STDERR_REDIRECT] [Fatal Error] :1:1: Premature end of file.
2025-11-16 12:07:36,261 [ERROR] LogOutputStream:75 - [STDERR_REDIRECT] 
2025-11-16 12:07:37,263 [ERROR] LogOutputStream:75 - [STDERR_REDIRECT] [Fatal Error] :1:1: Premature end of file.
2025-11-16 12:07:37,263 [ERROR] LogOutputStream:75 - [STDERR_REDIRECT] 
2025-11-16 12:07:38,276 [ERROR] LogOutputStream:75 - [STDERR_REDIRECT] [Fatal Error] :1:1: Premature end of file.
2025-11-16 12:07:38,276 [ERROR] LogOutputStream:75 - [STDERR_REDIRECT] 
2025-11-16 12:07:39,261 [ERROR] LogOutputStream:75 - [STDERR_REDIRECT] [Fatal Error] :1:1: Premature end of file.
2025-11-16 12:07:39,261 [ERROR] LogOutputStream:75 - [STDERR_REDIRECT] 
2025-11-16 12:07:40,287 [ERROR] LogOutputStream:75 - [STDERR_REDIRECT] [Fatal Error] :1:1: Premature end of file.
2025-11-16 12:07:40,287 [ERROR] LogOutputStream:75 - [STDERR_REDIRECT] 
2025-11-16 12:07:41,286 [ERROR] LogOutputStream:75 - [STDERR_REDIRECT] [Fatal Error] :1:1: Premature end of file.
2025-11-16 12:07:41,286 [ERROR] LogOutputStream:75 - [STDERR_REDIRECT] 
2025-11-16 12:07:42,257 [ERROR] LogOutputStream:75 - [STDERR_REDIRECT] [Fatal Error] :1:1: Premature end of file.
2025-11-16 12:07:42,258 [ERROR] LogOutputStream:75 - [STDERR_REDIRECT] 
2025-11-16 12:07:43,256 [ERROR] LogOutputStream:75 - [STDERR_REDIRECT] [Fatal Error] :1:1: Premature end of file.
2025-11-16 12:07:43,256 [ERROR] LogOutputStream:75 - [STDERR_REDIRECT] 
2025-11-16 12:07:44,257 [ERROR] LogOutputStream:75 - [STDERR_REDIRECT] [Fatal Error] :1:1: Premature end of file.
2025-11-16 12:07:44,257 [ERROR] LogOutputStream:75 - [STDERR_REDIRECT] 
2025-11-16 12:07:45,257 [ERROR] LogOutputStream:75 - [STDERR_REDIRECT] [Fatal Error] :1:1: Premature end of file.
2025-11-16 12:07:45,258 [ERROR] LogOutputStream:75 - [STDERR_REDIRECT] 
2025-11-16 12:07:46,275 [ERROR] LogOutputStream:75 - [STDERR_REDIRECT] [Fatal Error] :1:1: Premature end of file.
2025-11-16 12:07:46,275 [ERROR] LogOutputStream:75 - [STDERR_REDIRECT] 
2025-11-16 12:07:47,266 [ERROR] LogOutputStream:75 - [STDERR_REDIRECT] [Fatal Error] :1:1: Premature end of file.
2025-11-16 12:07:47,266 [ERROR] LogOutputStream:75 - [STDERR_REDIRECT] 
2025-11-16 12:07:48,258 [ERROR] LogOutputStream:75 - [STDERR_REDIRECT] [Fatal Error] :1:1: Premature end of file.
2025-11-16 12:07:48,258 [ERROR] LogOutputStream:75 - [STDERR_REDIRECT] 
2025-11-16 12:07:49,258 [ERROR] LogOutputStream:75 - [STDERR_REDIRECT] [Fatal Error] :1:1: Premature end of file.
2025-11-16 12:07:49,258 [ERROR] LogOutputStream:75 - [STDERR_REDIRECT] 
2025-11-16 12:07:50,257 [ERROR] LogOutputStream:75 - [STDERR_REDIRECT] [Fatal Error] :1:1: Premature end of file.
2025-11-16 12:07:50,257 [ERROR] LogOutputStream:75 - [STDERR_REDIRECT] 
2025-11-16 12:07:51,264 [ERROR] LogOutputStream:75 - [STDERR_REDIRECT] [Fatal Error] :1:1: Premature end of file.
2025-11-16 12:07:51,264 [ERROR] LogOutputStream:75 - [STDERR_REDIRECT] 
2025-11-16 12:07:52,258 [ERROR] LogOutputStream:75 - [STDERR_REDIRECT] [Fatal Error] :1:1: Premature end of file.
2025-11-16 12:07:52,258 [ERROR] LogOutputStream:75 - [STDERR_REDIRECT] 
2025-11-16 12:07:53,259 [ERROR] LogOutputStream:75 - [STDERR_REDIRECT] [Fatal Error] :1:1: Premature end of file.
2025-11-16 12:07:53,259 [ERROR] LogOutputStream:75 - [STDERR_REDIRECT] 
2025-11-16 12:07:54,263 [ERROR] LogOutputStream:75 - [STDERR_REDIRECT] [Fatal Error] :1:1: Premature end of file.
2025-11-16 12:07:54,263 [ERROR] LogOutputStream:75 - [STDERR_REDIRECT] 
2025-11-16 12:07:55,282 [ERROR] LogOutputStream:75 - [STDERR_REDIRECT] [Fatal Error] :1:1: Premature end of file.
2025-11-16 12:07:55,282 [ERROR] LogOutputStream:75 - [STDERR_REDIRECT] 
2025-11-16 12:07:56,291 [ERROR] LogOutputStream:75 - [STDERR_REDIRECT] [Fatal Error] :1:1: Premature end of file.
2025-11-16 12:07:56,291 [ERROR] LogOutputStream:75 - [STDERR_REDIRECT] 
2025-11-16 12:07:57,266 [ERROR] LogOutputStream:75 - [STDERR_REDIRECT] [Fatal Error] :1:1: Premature end of file.
2025-11-16 12:07:57,266 [ERROR] LogOutputStream:75 - [STDERR_REDIRECT] 
2025-11-16 12:07:58,266 [ERROR] LogOutputStream:75 - [STDERR_REDIRECT] [Fatal Error] :1:1: Premature end of file.
2025-11-16 12:07:58,266 [ERROR] LogOutputStream:75 - [STDERR_REDIRECT] 
2025-11-16 12:07:59,267 [ERROR] LogOutputStream:75 - [STDERR_REDIRECT] [Fatal Error] :1:1: Premature end of file.
2025-11-16 12:07:59,267 [ERROR] LogOutputStream:75 - [STDERR_REDIRECT] 
2025-11-16 12:08:00,261 [ERROR] LogOutputStream:75 - [STDERR_REDIRECT] [Fatal Error] :1:1: Premature end of file.
2025-11-16 12:08:00,261 [ERROR] LogOutputStream:75 - [STDERR_REDIRECT] 
2025-11-16 12:08:01,280 [ERROR] LogOutputStream:75 - [STDERR_REDIRECT] [Fatal Error] :1:1: Premature end of file.
2025-11-16 12:08:01,280 [ERROR] LogOutputStream:75 - [STDERR_REDIRECT] 
2025-11-16 12:08:02,271 [ERROR] LogOutputStream:75 - [STDERR_REDIRECT] [Fatal Error] :1:1: Premature end of file.
2025-11-16 12:08:02,271 [ERROR] LogOutputStream:75 - [STDERR_REDIRECT] 
2025-11-16 12:08:03,285 [ERROR] LogOutputStream:75 - [STDERR_REDIRECT] [Fatal Error] :1:1: Premature end of file.
2025-11-16 12:08:03,285 [ERROR] LogOutputStream:75 - [STDERR_REDIRECT] 
2025-11-16 12:08:04,261 [ERROR] LogOutputStream:75 - [STDERR_REDIRECT] [Fatal Error] :1:1: Premature end of file.
2025-11-16 12:08:04,261 [ERROR] LogOutputStream:75 - [STDERR_REDIRECT] 
2025-11-16 12:08:05,260 [ERROR] LogOutputStream:75 - [STDERR_REDIRECT] [Fatal Error] :1:1: Premature end of file.
2025-11-16 12:08:05,260 [ERROR] LogOutputStream:75 - [STDERR_REDIRECT] 
2025-11-16 12:08:06,269 [ERROR] LogOutputStream:75 - [STDERR_REDIRECT] [Fatal Error] :1:1: Premature end of file.
2025-11-16 12:08:06,269 [ERROR] LogOutputStream:75 - [STDERR_REDIRECT] 
2025-11-16 12:08:07,268 [ERROR] LogOutputStream:75 - [STDERR_REDIRECT] [Fatal Error] :1:1: Premature end of file.
2025-11-16 12:08:07,268 [ERROR] LogOutputStream:75 - [STDERR_REDIRECT] 
2025-11-16 12:08:08,258 [ERROR] LogOutputStream:75 - [STDERR_REDIRECT] [Fatal Error] :1:1: Premature end of file.
2025-11-16 12:08:08,258 [ERROR] LogOutputStream:75 - [STDERR_REDIRECT] 
2025-11-16 12:08:09,257 [ERROR] LogOutputStream:75 - [STDERR_REDIRECT] [Fatal Error] :1:1: Premature end of file.
2025-11-16 12:08:09,258 [ERROR] LogOutputStream:75 - [STDERR_REDIRECT] 
2025-11-16 12:08:10,268 [ERROR] LogOutputStream:75 - [STDERR_REDIRECT] [Fatal Error] :1:1: Premature end of file.
2025-11-16 12:08:10,268 [ERROR] LogOutputStream:75 - [STDERR_REDIRECT] 
2025-11-16 12:08:11,258 [ERROR] LogOutputStream:75 - [STDERR_REDIRECT] [Fatal Error] :1:1: Premature end of file.
2025-11-16 12:08:11,258 [ERROR] LogOutputStream:75 - [STDERR_REDIRECT] 
2025-11-16 12:08:12,257 [ERROR] LogOutputStream:75 - [STDERR_REDIRECT] [Fatal Error] :1:1: Premature end of file.
2025-11-16 12:08:12,257 [ERROR] LogOutputStream:75 - [STDERR_REDIRECT] 
2025-11-16 12:08:13,259 [ERROR] LogOutputStream:75 - [STDERR_REDIRECT] [Fatal Error] :1:1: Premature end of file.
2025-11-16 12:08:13,259 [ERROR] LogOutputStream:75 - [STDERR_REDIRECT] 
2025-11-16 12:08:14,259 [ERROR] LogOutputStream:75 - [STDERR_REDIRECT] [Fatal Error] :1:1: Premature end of file.
2025-11-16 12:08:14,259 [ERROR] LogOutputStream:75 - [STDERR_REDIRECT] 
2025-11-16 12:08:15,258 [ERROR] LogOutputStream:75 - [STDERR_REDIRECT] [Fatal Error] :1:1: Premature end of file.
2025-11-16 12:08:15,258 [ERROR] LogOutputStream:75 - [STDERR_REDIRECT] 
2025-11-16 12:08:16,259 [ERROR] LogOutputStream:75 - [STDERR_REDIRECT] [Fatal Error] :1:1: Premature end of file.
2025-11-16 12:08:16,259 [ERROR] LogOutputStream:75 - [STDERR_REDIRECT] 
2025-11-16 12:08:17,258 [ERROR] LogOutputStream:75 - [STDERR_REDIRECT] [Fatal Error] :1:1: Premature end of file.
2025-11-16 12:08:17,258 [ERROR] LogOutputStream:75 - [STDERR_REDIRECT] 
2025-11-16 12:08:18,284 [ERROR] LogOutputStream:75 - [STDERR_REDIRECT] [Fatal Error] :1:1: Premature end of file.
2025-11-16 12:08:18,284 [ERROR] LogOutputStream:75 - [STDERR_REDIRECT] 
2025-11-16 12:08:19,286 [ERROR] LogOutputStream:75 - [STDERR_REDIRECT] [Fatal Error] :1:1: Premature end of file.
2025-11-16 12:08:19,286 [ERROR] LogOutputStream:75 - [STDERR_REDIRECT] 
2025-11-16 12:08:20,273 [ERROR] LogOutputStream:75 - [STDERR_REDIRECT] [Fatal Error] :1:1: Premature end of file.
2025-11-16 12:08:20,273 [ERROR] LogOutputStream:75 - [STDERR_REDIRECT] 
2025-11-16 12:08:21,267 [ERROR] LogOutputStream:75 - [STDERR_REDIRECT] [Fatal Error] :1:1: Premature end of file.
2025-11-16 12:08:21,267 [ERROR] LogOutputStream:75 - [STDERR_REDIRECT] 
2025-11-16 12:08:22,257 [ERROR] LogOutputStream:75 - [STDERR_REDIRECT] [Fatal Error] :1:1: Premature end of file.
2025-11-16 12:08:22,257 [ERROR] LogOutputStream:75 - [STDERR_REDIRECT] 
2025-11-16 12:08:23,275 [ERROR] LogOutputStream:75 - [STDERR_REDIRECT] [Fatal Error] :1:1: Premature end of file.
2025-11-16 12:08:23,275 [ERROR] LogOutputStream:75 - [STDERR_REDIRECT] 
2025-11-16 12:08:24,268 [ERROR] LogOutputStream:75 - [STDERR_REDIRECT] [Fatal Error] :1:1: Premature end of file.
2025-11-16 12:08:24,268 [ERROR] LogOutputStream:75 - [STDERR_REDIRECT] 
2025-11-16 12:08:25,257 [ERROR] LogOutputStream:75 - [STDERR_REDIRECT] [Fatal Error] :1:1: Premature end of file.
2025-11-16 12:08:25,257 [ERROR] LogOutputStream:75 - [STDERR_REDIRECT] 
2025-11-16 12:08:26,259 [ERROR] LogOutputStream:75 - [STDERR_REDIRECT] [Fatal Error] :1:1: Premature end of file.
2025-11-16 12:08:26,259 [ERROR] LogOutputStream:75 - [STDERR_REDIRECT] 
2025-11-16 12:08:27,296 [ERROR] LogOutputStream:75 - [STDERR_REDIRECT] [Fatal Error] :1:1: Premature end of file.
2025-11-16 12:08:27,297 [ERROR] LogOutputStream:75 - [STDERR_REDIRECT] 
2025-11-16 12:08:28,258 [ERROR] LogOutputStream:75 - [STDERR_REDIRECT] [Fatal Error] :1:1: Premature end of file.
2025-11-16 12:08:28,258 [ERROR] LogOutputStream:75 - [STDERR_REDIRECT] 
2025-11-16 12:08:29,257 [ERROR] LogOutputStream:75 - [STDERR_REDIRECT] [Fatal Error] :1:1: Premature end of file.
2025-11-16 12:08:29,257 [ERROR] LogOutputStream:75 - [STDERR_REDIRECT] 
2025-11-16 12:08:30,259 [ERROR] LogOutputStream:75 - [STDERR_REDIRECT] [Fatal Error] :1:1: Premature end of file.
2025-11-16 12:08:30,259 [ERROR] LogOutputStream:75 - [STDERR_REDIRECT] 
2025-11-16 12:08:31,258 [ERROR] LogOutputStream:75 - [STDERR_REDIRECT] [Fatal Error] :1:1: Premature end of file.
2025-11-16 12:08:31,258 [ERROR] LogOutputStream:75 - [STDERR_REDIRECT] 
2025-11-16 12:08:32,259 [ERROR] LogOutputStream:75 - [STDERR_REDIRECT] [Fatal Error] :1:1: Premature end of file.
2025-11-16 12:08:32,259 [ERROR] LogOutputStream:75 - [STDERR_REDIRECT] 
2025-11-16 12:08:33,258 [ERROR] LogOutputStream:75 - [STDERR_REDIRECT] [Fatal Error] :1:1: Premature end of file.
2025-11-16 12:08:33,258 [ERROR] LogOutputStream:75 - [STDERR_REDIRECT] 
2025-11-16 12:08:34,260 [ERROR] LogOutputStream:75 - [STDERR_REDIRECT] [Fatal Error] :1:1: Premature end of file.
2025-11-16 12:08:34,260 [ERROR] LogOutputStream:75 - [STDERR_REDIRECT] 
2025-11-16 12:08:35,265 [ERROR] LogOutputStream:75 - [STDERR_REDIRECT] [Fatal Error] :1:1: Premature end of file.
2025-11-16 12:08:35,265 [ERROR] LogOutputStream:75 - [STDERR_REDIRECT] 
2025-11-16 12:08:36,259 [ERROR] LogOutputStream:75 - [STDERR_REDIRECT] [Fatal Error] :1:1: Premature end of file.
2025-11-16 12:08:36,259 [ERROR] LogOutputStream:75 - [STDERR_REDIRECT] 
2025-11-16 12:08:37,274 [ERROR] LogOutputStream:75 - [STDERR_REDIRECT] [Fatal Error] :1:1: Premature end of file.
2025-11-16 12:08:37,275 [ERROR] LogOutputStream:75 - [STDERR_REDIRECT] 
2025-11-16 12:08:38,257 [ERROR] LogOutputStream:75 - [STDERR_REDIRECT] [Fatal Error] :1:1: Premature end of file.
2025-11-16 12:08:38,257 [ERROR] LogOutputStream:75 - [STDERR_REDIRECT] 
2025-11-16 12:08:39,265 [ERROR] LogOutputStream:75 - [STDERR_REDIRECT] [Fatal Error] :1:1: Premature end of file.
2025-11-16 12:08:39,266 [ERROR] LogOutputStream:75 - [STDERR_REDIRECT] 
2025-11-16 12:08:40,275 [ERROR] LogOutputStream:75 - [STDERR_REDIRECT] [Fatal Error] :1:1: Premature end of file.
2025-11-16 12:08:40,275 [ERROR] LogOutputStream:75 - [STDERR_REDIRECT] 
2025-11-16 12:08:41,258 [ERROR] LogOutputStream:75 - [STDERR_REDIRECT] [Fatal Error] :1:1: Premature end of file.
2025-11-16 12:08:41,258 [ERROR] LogOutputStream:75 - [STDERR_REDIRECT] 
2025-11-16 12:08:42,266 [ERROR] LogOutputStream:75 - [STDERR_REDIRECT] [Fatal Error] :1:1: Premature end of file.
2025-11-16 12:08:42,266 [ERROR] LogOutputStream:75 - [STDERR_REDIRECT] 
2025-11-16 12:08:43,292 [ERROR] LogOutputStream:75 - [STDERR_REDIRECT] [Fatal Error] :1:1: Premature end of file.
2025-11-16 12:08:43,292 [ERROR] LogOutputStream:75 - [STDERR_REDIRECT] 
2025-11-16 12:08:44,260 [ERROR] LogOutputStream:75 - [STDERR_REDIRECT] [Fatal Error] :1:1: Premature end of file.
2025-11-16 12:08:44,260 [ERROR] LogOutputStream:75 - [STDERR_REDIRECT] 
2025-11-16 12:08:45,260 [ERROR] LogOutputStream:75 - [STDERR_REDIRECT] [Fatal Error] :1:1: Premature end of file.
2025-11-16 12:08:45,260 [ERROR] LogOutputStream:75 - [STDERR_REDIRECT] 
2025-11-16 12:08:46,268 [ERROR] LogOutputStream:75 - [STDERR_REDIRECT] [Fatal Error] :1:1: Premature end of file.
2025-11-16 12:08:46,268 [ERROR] LogOutputStream:75 - [STDERR_REDIRECT] 
2025-11-16 12:08:47,267 [ERROR] LogOutputStream:75 - [STDERR_REDIRECT] [Fatal Error] :1:1: Premature end of file.
2025-11-16 12:08:47,267 [ERROR] LogOutputStream:75 - [STDERR_REDIRECT] 
2025-11-16 12:08:48,267 [ERROR] LogOutputStream:75 - [STDERR_REDIRECT] [Fatal Error] :1:1: Premature end of file.
2025-11-16 12:08:48,267 [ERROR] LogOutputStream:75 - [STDERR_REDIRECT] 
2025-11-16 12:08:49,269 [ERROR] LogOutputStream:75 - [STDERR_REDIRECT] [Fatal Error] :1:1: Premature end of file.
2025-11-16 12:08:49,269 [ERROR] LogOutputStream:75 - [STDERR_REDIRECT] 
2025-11-16 12:08:50,267 [ERROR] LogOutputStream:75 - [STDERR_REDIRECT] [Fatal Error] :1:1: Premature end of file.
2025-11-16 12:08:50,267 [ERROR] LogOutputStream:75 - [STDERR_REDIRECT] 
2025-11-16 12:08:51,276 [ERROR] LogOutputStream:75 - [STDERR_REDIRECT] [Fatal Error] :1:1: Premature end of file.
2025-11-16 12:08:51,276 [ERROR] LogOutputStream:75 - [STDERR_REDIRECT] 
2025-11-16 12:08:52,266 [ERROR] LogOutputStream:75 - [STDERR_REDIRECT] [Fatal Error] :1:1: Premature end of file.
2025-11-16 12:08:52,266 [ERROR] LogOutputStream:75 - [STDERR_REDIRECT] 
2025-11-16 12:08:53,260 [ERROR] LogOutputStream:75 - [STDERR_REDIRECT] [Fatal Error] :1:1: Premature end of file.
2025-11-16 12:08:53,260 [ERROR] LogOutputStream:75 - [STDERR_REDIRECT] 
2025-11-16 12:08:54,258 [ERROR] LogOutputStream:75 - [STDERR_REDIRECT] [Fatal Error] :1:1: Premature end of file.
2025-11-16 12:08:54,258 [ERROR] LogOutputStream:75 - [STDERR_REDIRECT] 
2025-11-16 12:08:55,257 [ERROR] LogOutputStream:75 - [STDERR_REDIRECT] [Fatal Error] :1:1: Premature end of file.
2025-11-16 12:08:55,257 [ERROR] LogOutputStream:75 - [STDERR_REDIRECT] 
2025-11-16 12:08:56,261 [ERROR] LogOutputStream:75 - [STDERR_REDIRECT] [Fatal Error] :1:1: Premature end of file.
2025-11-16 12:08:56,261 [ERROR] LogOutputStream:75 - [STDERR_REDIRECT] 
2025-11-16 12:08:57,263 [ERROR] LogOutputStream:75 - [STDERR_REDIRECT] [Fatal Error] :1:1: Premature end of file.
2025-11-16 12:08:57,263 [ERROR] LogOutputStream:75 - [STDERR_REDIRECT] 
2025-11-16 12:08:58,258 [ERROR] LogOutputStream:75 - [STDERR_REDIRECT] [Fatal Error] :1:1: Premature end of file.
2025-11-16 12:08:58,258 [ERROR] LogOutputStream:75 - [STDERR_REDIRECT] 
2025-11-16 12:08:59,258 [ERROR] LogOutputStream:75 - [STDERR_REDIRECT] [Fatal Error] :1:1: Premature end of file.
2025-11-16 12:08:59,258 [ERROR] LogOutputStream:75 - [STDERR_REDIRECT] 
2025-11-16 12:09:00,270 [ERROR] LogOutputStream:75 - [STDERR_REDIRECT] [Fatal Error] :1:1: Premature end of file.
2025-11-16 12:09:00,271 [ERROR] LogOutputStream:75 - [STDERR_REDIRECT] 
2025-11-16 12:09:01,293 [ERROR] LogOutputStream:75 - [STDERR_REDIRECT] [Fatal Error] :1:1: Premature end of file.
2025-11-16 12:09:01,293 [ERROR] LogOutputStream:75 - [STDERR_REDIRECT] 
2025-11-16 12:09:02,266 [ERROR] LogOutputStream:75 - [STDERR_REDIRECT] [Fatal Error] :1:1: Premature end of file.
2025-11-16 12:09:02,266 [ERROR] LogOutputStream:75 - [STDERR_REDIRECT] 
2025-11-16 12:09:03,256 [ERROR] LogOutputStream:75 - [STDERR_REDIRECT] [Fatal Error] :1:1: Premature end of file.
2025-11-16 12:09:03,257 [ERROR] LogOutputStream:75 - [STDERR_REDIRECT] 
2025-11-16 12:09:04,258 [ERROR] LogOutputStream:75 - [STDERR_REDIRECT] [Fatal Error] :1:1: Premature end of file.
2025-11-16 12:09:04,258 [ERROR] LogOutputStream:75 - [STDERR_REDIRECT] 
2025-11-16 12:09:05,264 [ERROR] LogOutputStream:75 - [STDERR_REDIRECT] [Fatal Error] :1:1: Premature end of file.
2025-11-16 12:09:05,264 [ERROR] LogOutputStream:75 - [STDERR_REDIRECT] 
2025-11-16 12:09:06,257 [ERROR] LogOutputStream:75 - [STDERR_REDIRECT] [Fatal Error] :1:1: Premature end of file.
2025-11-16 12:09:06,257 [ERROR] LogOutputStream:75 - [STDERR_REDIRECT] 
2025-11-16 12:09:07,259 [ERROR] LogOutputStream:75 - [STDERR_REDIRECT] [Fatal Error] :1:1: Premature end of file.
2025-11-16 12:09:07,259 [ERROR] LogOutputStream:75 - [STDERR_REDIRECT] 
2025-11-16 12:09:08,297 [ERROR] LogOutputStream:75 - [STDERR_REDIRECT] [Fatal Error] :1:1: Premature end of file.
2025-11-16 12:09:08,297 [ERROR] LogOutputStream:75 - [STDERR_REDIRECT] 
2025-11-16 12:09:09,267 [ERROR] LogOutputStream:75 - [STDERR_REDIRECT] [Fatal Error] :1:1: Premature end of file.
2025-11-16 12:09:09,267 [ERROR] LogOutputStream:75 - [STDERR_REDIRECT] 
2025-11-16 12:09:10,283 [ERROR] LogOutputStream:75 - [STDERR_REDIRECT] [Fatal Error] :1:1: Premature end of file.
2025-11-16 12:09:10,283 [ERROR] LogOutputStream:75 - [STDERR_REDIRECT] 
2025-11-16 12:09:11,293 [ERROR] LogOutputStream:75 - [STDERR_REDIRECT] [Fatal Error] :1:1: Premature end of file.
2025-11-16 12:09:11,293 [ERROR] LogOutputStream:75 - [STDERR_REDIRECT] 
2025-11-16 12:09:12,260 [ERROR] LogOutputStream:75 - [STDERR_REDIRECT] [Fatal Error] :1:1: Premature end of file.
2025-11-16 12:09:12,260 [ERROR] LogOutputStream:75 - [STDERR_REDIRECT] 
2025-11-16 12:09:13,262 [ERROR] LogOutputStream:75 - [STDERR_REDIRECT] [Fatal Error] :1:1: Premature end of file.
2025-11-16 12:09:13,262 [ERROR] LogOutputStream:75 - [STDERR_REDIRECT] 
2025-11-16 12:09:14,267 [ERROR] LogOutputStream:75 - [STDERR_REDIRECT] [Fatal Error] :1:1: Premature end of file.
2025-11-16 12:09:14,267 [ERROR] LogOutputStream:75 - [STDERR_REDIRECT] 
2025-11-16 12:09:15,256 [ERROR] LogOutputStream:75 - [STDERR_REDIRECT] [Fatal Error] :1:1: Premature end of file.
2025-11-16 12:09:15,256 [ERROR] LogOutputStream:75 - [STDERR_REDIRECT] 
2025-11-16 12:09:16,258 [ERROR] LogOutputStream:75 - [STDERR_REDIRECT] [Fatal Error] :1:1: Premature end of file.
2025-11-16 12:09:16,258 [ERROR] LogOutputStream:75 - [STDERR_REDIRECT] 
2025-11-16 12:09:17,270 [ERROR] LogOutputStream:75 - [STDERR_REDIRECT] [Fatal Error] :1:1: Premature end of file.
2025-11-16 12:09:17,270 [ERROR] LogOutputStream:75 - [STDERR_REDIRECT] 
2025-11-16 12:09:18,256 [ERROR] LogOutputStream:75 - [STDERR_REDIRECT] [Fatal Error] :1:1: Premature end of file.
2025-11-16 12:09:18,256 [ERROR] LogOutputStream:75 - [STDERR_REDIRECT] 
2025-11-16 12:09:19,258 [ERROR] LogOutputStream:75 - [STDERR_REDIRECT] [Fatal Error] :1:1: Premature end of file.
2025-11-16 12:09:19,258 [ERROR] LogOutputStream:75 - [STDERR_REDIRECT] 
2025-11-16 12:09:20,286 [ERROR] LogOutputStream:75 - [STDERR_REDIRECT] [Fatal Error] :1:1: Premature end of file.
2025-11-16 12:09:20,286 [ERROR] LogOutputStream:75 - [STDERR_REDIRECT] 
2025-11-16 12:09:21,266 [ERROR] LogOutputStream:75 - [STDERR_REDIRECT] [Fatal Error] :1:1: Premature end of file.
2025-11-16 12:09:21,266 [ERROR] LogOutputStream:75 - [STDERR_REDIRECT] 
2025-11-16 12:09:22,267 [ERROR] LogOutputStream:75 - [STDERR_REDIRECT] [Fatal Error] :1:1: Premature end of file.
2025-11-16 12:09:22,267 [ERROR] LogOutputStream:75 - [STDERR_REDIRECT] 
2025-11-16 12:09:23,258 [ERROR] LogOutputStream:75 - [STDERR_REDIRECT] [Fatal Error] :1:1: Premature end of file.
2025-11-16 12:09:23,259 [ERROR] LogOutputStream:75 - [STDERR_REDIRECT] 
2025-11-16 12:09:24,267 [ERROR] LogOutputStream:75 - [STDERR_REDIRECT] [Fatal Error] :1:1: Premature end of file.
2025-11-16 12:09:24,267 [ERROR] LogOutputStream:75 - [STDERR_REDIRECT] 
2025-11-16 12:09:25,259 [ERROR] LogOutputStream:75 - [STDERR_REDIRECT] [Fatal Error] :1:1: Premature end of file.
2025-11-16 12:09:25,259 [ERROR] LogOutputStream:75 - [STDERR_REDIRECT] 
2025-11-16 12:09:26,268 [ERROR] LogOutputStream:75 - [STDERR_REDIRECT] [Fatal Error] :1:1: Premature end of file.
2025-11-16 12:09:26,268 [ERROR] LogOutputStream:75 - [STDERR_REDIRECT] 
2025-11-16 12:09:27,256 [ERROR] LogOutputStream:75 - [STDERR_REDIRECT] [Fatal Error] :1:1: Premature end of file.
2025-11-16 12:09:27,258 [ERROR] LogOutputStream:75 - [STDERR_REDIRECT] 
2025-11-16 12:09:28,268 [ERROR] LogOutputStream:75 - [STDERR_REDIRECT] [Fatal Error] :1:1: Premature end of file.
2025-11-16 12:09:28,268 [ERROR] LogOutputStream:75 - [STDERR_REDIRECT] 
2025-11-16 12:09:29,276 [ERROR] LogOutputStream:75 - [STDERR_REDIRECT] [Fatal Error] :1:1: Premature end of file.
2025-11-16 12:09:29,276 [ERROR] LogOutputStream:75 - [STDERR_REDIRECT] 
2025-11-16 12:09:30,275 [ERROR] LogOutputStream:75 - [STDERR_REDIRECT] [Fatal Error] :1:1: Premature end of file.
2025-11-16 12:09:30,276 [ERROR] LogOutputStream:75 - [STDERR_REDIRECT] 
2025-11-16 12:09:31,257 [ERROR] LogOutputStream:75 - [STDERR_REDIRECT] [Fatal Error] :1:1: Premature end of file.
2025-11-16 12:09:31,257 [ERROR] LogOutputStream:75 - [STDERR_REDIRECT] 
2025-11-16 12:09:32,258 [ERROR] LogOutputStream:75 - [STDERR_REDIRECT] [Fatal Error] :1:1: Premature end of file.
2025-11-16 12:09:32,259 [ERROR] LogOutputStream:75 - [STDERR_REDIRECT] 
2025-11-16 12:09:33,257 [ERROR] LogOutputStream:75 - [STDERR_REDIRECT] [Fatal Error] :1:1: Premature end of file.
2025-11-16 12:09:33,257 [ERROR] LogOutputStream:75 - [STDERR_REDIRECT] 
2025-11-16 12:09:34,268 [ERROR] LogOutputStream:75 - [STDERR_REDIRECT] [Fatal Error] :1:1: Premature end of file.
2025-11-16 12:09:34,268 [ERROR] LogOutputStream:75 - [STDERR_REDIRECT] 
2025-11-16 12:09:35,260 [ERROR] LogOutputStream:75 - [STDERR_REDIRECT] [Fatal Error] :1:1: Premature end of file.
2025-11-16 12:09:35,260 [ERROR] LogOutputStream:75 - [STDERR_REDIRECT] 
2025-11-16 12:09:36,259 [ERROR] LogOutputStream:75 - [STDERR_REDIRECT] [Fatal Error] :1:1: Premature end of file.
2025-11-16 12:09:36,259 [ERROR] LogOutputStream:75 - [STDERR_REDIRECT] 
2025-11-16 12:09:37,264 [ERROR] LogOutputStream:75 - [STDERR_REDIRECT] [Fatal Error] :1:1: Premature end of file.
2025-11-16 12:09:37,264 [ERROR] LogOutputStream:75 - [STDERR_REDIRECT] 
2025-11-16 12:09:38,275 [ERROR] LogOutputStream:75 - [STDERR_REDIRECT] [Fatal Error] :1:1: Premature end of file.
2025-11-16 12:09:38,275 [ERROR] LogOutputStream:75 - [STDERR_REDIRECT] 
2025-11-16 12:09:39,266 [ERROR] LogOutputStream:75 - [STDERR_REDIRECT] [Fatal Error] :1:1: Premature end of file.
2025-11-16 12:09:39,266 [ERROR] LogOutputStream:75 - [STDERR_REDIRECT] 
2025-11-16 12:09:40,267 [ERROR] LogOutputStream:75 - [STDERR_REDIRECT] [Fatal Error] :1:1: Premature end of file.
2025-11-16 12:09:40,267 [ERROR] LogOutputStream:75 - [STDERR_REDIRECT] 
2025-11-16 12:09:41,266 [ERROR] LogOutputStream:75 - [STDERR_REDIRECT] [Fatal Error] :1:1: Premature end of file.
2025-11-16 12:09:41,266 [ERROR] LogOutputStream:75 - [STDERR_REDIRECT] 
2025-11-16 12:09:42,278 [ERROR] LogOutputStream:75 - [STDERR_REDIRECT] [Fatal Error] :1:1: Premature end of file.
2025-11-16 12:09:42,278 [ERROR] LogOutputStream:75 - [STDERR_REDIRECT] 
2025-11-16 12:09:43,279 [ERROR] LogOutputStream:75 - [STDERR_REDIRECT] [Fatal Error] :1:1: Premature end of file.
2025-11-16 12:09:43,279 [ERROR] LogOutputStream:75 - [STDERR_REDIRECT] 
2025-11-16 12:09:44,267 [ERROR] LogOutputStream:75 - [STDERR_REDIRECT] [Fatal Error] :1:1: Premature end of file.
2025-11-16 12:09:44,267 [ERROR] LogOutputStream:75 - [STDERR_REDIRECT] 
2025-11-16 12:09:45,270 [ERROR] LogOutputStream:75 - [STDERR_REDIRECT] [Fatal Error] :1:1: Premature end of file.
2025-11-16 12:09:45,270 [ERROR] LogOutputStream:75 - [STDERR_REDIRECT] 
2025-11-16 12:09:46,283 [ERROR] LogOutputStream:75 - [STDERR_REDIRECT] [Fatal Error] :1:1: Premature end of file.
2025-11-16 12:09:46,283 [ERROR] LogOutputStream:75 - [STDERR_REDIRECT] 
2025-11-16 12:09:47,268 [ERROR] LogOutputStream:75 - [STDERR_REDIRECT] [Fatal Error] :1:1: Premature end of file.
2025-11-16 12:09:47,268 [ERROR] LogOutputStream:75 - [STDERR_REDIRECT] 
2025-11-16 12:09:48,266 [ERROR] LogOutputStream:75 - [STDERR_REDIRECT] [Fatal Error] :1:1: Premature end of file.
2025-11-16 12:09:48,267 [ERROR] LogOutputStream:75 - [STDERR_REDIRECT] 
2025-11-16 12:09:49,258 [ERROR] LogOutputStream:75 - [STDERR_REDIRECT] [Fatal Error] :1:1: Premature end of file.
2025-11-16 12:09:49,258 [ERROR] LogOutputStream:75 - [STDERR_REDIRECT] 
2025-11-16 12:09:50,267 [ERROR] LogOutputStream:75 - [STDERR_REDIRECT] [Fatal Error] :1:1: Premature end of file.
2025-11-16 12:09:50,267 [ERROR] LogOutputStream:75 - [STDERR_REDIRECT] 
2025-11-16 12:09:51,258 [ERROR] LogOutputStream:75 - [STDERR_REDIRECT] [Fatal Error] :1:1: Premature end of file.
2025-11-16 12:09:51,258 [ERROR] LogOutputStream:75 - [STDERR_REDIRECT] 
2025-11-16 12:09:52,258 [ERROR] LogOutputStream:75 - [STDERR_REDIRECT] [Fatal Error] :1:1: Premature end of file.
2025-11-16 12:09:52,258 [ERROR] LogOutputStream:75 - [STDERR_REDIRECT] 
2025-11-16 12:09:53,265 [ERROR] LogOutputStream:75 - [STDERR_REDIRECT] [Fatal Error] :1:1: Premature end of file.
2025-11-16 12:09:53,265 [ERROR] LogOutputStream:75 - [STDERR_REDIRECT] 
2025-11-16 12:09:54,258 [ERROR] LogOutputStream:75 - [STDERR_REDIRECT] [Fatal Error] :1:1: Premature end of file.
2025-11-16 12:09:54,258 [ERROR] LogOutputStream:75 - [STDERR_REDIRECT] 
2025-11-16 12:09:55,267 [ERROR] LogOutputStream:75 - [STDERR_REDIRECT] [Fatal Error] :1:1: Premature end of file.
2025-11-16 12:09:55,267 [ERROR] LogOutputStream:75 - [STDERR_REDIRECT] 
2025-11-16 12:09:56,278 [ERROR] LogOutputStream:75 - [STDERR_REDIRECT] [Fatal Error] :1:1: Premature end of file.
2025-11-16 12:09:56,278 [ERROR] LogOutputStream:75 - [STDERR_REDIRECT] 
2025-11-16 12:09:57,291 [ERROR] LogOutputStream:75 - [STDERR_REDIRECT] [Fatal Error] :1:1: Premature end of file.
2025-11-16 12:09:57,291 [ERROR] LogOutputStream:75 - [STDERR_REDIRECT] 
2025-11-16 12:09:58,256 [ERROR] LogOutputStream:75 - [STDERR_REDIRECT] [Fatal Error] :1:1: Premature end of file.
2025-11-16 12:09:58,256 [ERROR] LogOutputStream:75 - [STDERR_REDIRECT] 
2025-11-16 12:09:59,268 [ERROR] LogOutputStream:75 - [STDERR_REDIRECT] [Fatal Error] :1:1: Premature end of file.
2025-11-16 12:09:59,268 [ERROR] LogOutputStream:75 - [STDERR_REDIRECT] 
2025-11-16 12:10:00,279 [ERROR] LogOutputStream:75 - [STDERR_REDIRECT] [Fatal Error] :1:1: Premature end of file.
2025-11-16 12:10:00,279 [ERROR] LogOutputStream:75 - [STDERR_REDIRECT] 
2025-11-16 12:10:01,261 [ERROR] LogOutputStream:75 - [STDERR_REDIRECT] [Fatal Error] :1:1: Premature end of file.
2025-11-16 12:10:01,261 [ERROR] LogOutputStream:75 - [STDERR_REDIRECT] 
2025-11-16 12:10:02,257 [ERROR] LogOutputStream:75 - [STDERR_REDIRECT] [Fatal Error] :1:1: Premature end of file.
2025-11-16 12:10:02,257 [ERROR] LogOutputStream:75 - [STDERR_REDIRECT] 
2025-11-16 12:10:03,260 [ERROR] LogOutputStream:75 - [STDERR_REDIRECT] [Fatal Error] :1:1: Premature end of file.
2025-11-16 12:10:03,260 [ERROR] LogOutputStream:75 - [STDERR_REDIRECT] 
2025-11-16 12:10:04,257 [ERROR] LogOutputStream:75 - [STDERR_REDIRECT] [Fatal Error] :1:1: Premature end of file.
2025-11-16 12:10:04,257 [ERROR] LogOutputStream:75 - [STDERR_REDIRECT] 
2025-11-16 12:10:05,272 [ERROR] LogOutputStream:75 - [STDERR_REDIRECT] [Fatal Error] :1:1: Premature end of file.
2025-11-16 12:10:05,272 [ERROR] LogOutputStream:75 - [STDERR_REDIRECT] 
2025-11-16 12:10:06,259 [ERROR] LogOutputStream:75 - [STDERR_REDIRECT] [Fatal Error] :1:1: Premature end of file.
2025-11-16 12:10:06,259 [ERROR] LogOutputStream:75 - [STDERR_REDIRECT] 
2025-11-16 12:10:07,268 [ERROR] LogOutputStream:75 - [STDERR_REDIRECT] [Fatal Error] :1:1: Premature end of file.
2025-11-16 12:10:07,268 [ERROR] LogOutputStream:75 - [STDERR_REDIRECT] 
2025-11-16 12:10:08,269 [ERROR] LogOutputStream:75 - [STDERR_REDIRECT] [Fatal Error] :1:1: Premature end of file.
2025-11-16 12:10:08,269 [ERROR] LogOutputStream:75 - [STDERR_REDIRECT] 
2025-11-16 12:10:09,256 [ERROR] LogOutputStream:75 - [STDERR_REDIRECT] [Fatal Error] :1:1: Premature end of file.
2025-11-16 12:10:09,256 [ERROR] LogOutputStream:75 - [STDERR_REDIRECT] 
2025-11-16 12:10:10,257 [ERROR] LogOutputStream:75 - [STDERR_REDIRECT] [Fatal Error] :1:1: Premature end of file.
2025-11-16 12:10:10,257 [ERROR] LogOutputStream:75 - [STDERR_REDIRECT] 
2025-11-16 12:10:11,259 [ERROR] LogOutputStream:75 - [STDERR_REDIRECT] [Fatal Error] :1:1: Premature end of file.
2025-11-16 12:10:11,259 [ERROR] LogOutputStream:75 - [STDERR_REDIRECT] 
2025-11-16 12:10:12,285 [ERROR] LogOutputStream:75 - [STDERR_REDIRECT] [Fatal Error] :1:1: Premature end of file.
2025-11-16 12:10:12,285 [ERROR] LogOutputStream:75 - [STDERR_REDIRECT] 
2025-11-16 12:10:13,290 [ERROR] LogOutputStream:75 - [STDERR_REDIRECT] [Fatal Error] :1:1: Premature end of file.
2025-11-16 12:10:13,290 [ERROR] LogOutputStream:75 - [STDERR_REDIRECT] 
2025-11-16 12:10:14,267 [ERROR] LogOutputStream:75 - [STDERR_REDIRECT] [Fatal Error] :1:1: Premature end of file.
2025-11-16 12:10:14,267 [ERROR] LogOutputStream:75 - [STDERR_REDIRECT] 
2025-11-16 12:10:15,257 [ERROR] LogOutputStream:75 - [STDERR_REDIRECT] [Fatal Error] :1:1: Premature end of file.
2025-11-16 12:10:15,257 [ERROR] LogOutputStream:75 - [STDERR_REDIRECT] 
2025-11-16 12:10:16,275 [ERROR] LogOutputStream:75 - [STDERR_REDIRECT] [Fatal Error] :1:1: Premature end of file.
2025-11-16 12:10:16,275 [ERROR] LogOutputStream:75 - [STDERR_REDIRECT] 
2025-11-16 12:10:17,287 [ERROR] LogOutputStream:75 - [STDERR_REDIRECT] [Fatal Error] :1:1: Premature end of file.
2025-11-16 12:10:17,287 [ERROR] LogOutputStream:75 - [STDERR_REDIRECT] 
2025-11-16 12:10:18,257 [ERROR] LogOutputStream:75 - [STDERR_REDIRECT] [Fatal Error] :1:1: Premature end of file.
2025-11-16 12:10:18,257 [ERROR] LogOutputStream:75 - [STDERR_REDIRECT] 
2025-11-16 12:10:19,258 [ERROR] LogOutputStream:75 - [STDERR_REDIRECT] [Fatal Error] :1:1: Premature end of file.
2025-11-16 12:10:19,258 [ERROR] LogOutputStream:75 - [STDERR_REDIRECT] 
2025-11-16 12:10:20,268 [ERROR] LogOutputStream:75 - [STDERR_REDIRECT] [Fatal Error] :1:1: Premature end of file.
2025-11-16 12:10:20,268 [ERROR] LogOutputStream:75 - [STDERR_REDIRECT] 
2025-11-16 12:10:21,264 [ERROR] LogOutputStream:75 - [STDERR_REDIRECT] [Fatal Error] :1:1: Premature end of file.
2025-11-16 12:10:21,264 [ERROR] LogOutputStream:75 - [STDERR_REDIRECT] 
2025-11-16 12:10:22,263 [ERROR] LogOutputStream:75 - [STDERR_REDIRECT] [Fatal Error] :1:1: Premature end of file.
2025-11-16 12:10:22,265 [ERROR] LogOutputStream:75 - [STDERR_REDIRECT] 
2025-11-16 12:10:23,285 [ERROR] LogOutputStream:75 - [STDERR_REDIRECT] [Fatal Error] :1:1: Premature end of file.
2025-11-16 12:10:23,285 [ERROR] LogOutputStream:75 - [STDERR_REDIRECT] 
2025-11-16 12:10:24,277 [ERROR] LogOutputStream:75 - [STDERR_REDIRECT] [Fatal Error] :1:1: Premature end of file.
2025-11-16 12:10:24,277 [ERROR] LogOutputStream:75 - [STDERR_REDIRECT] 
2025-11-16 12:10:25,285 [ERROR] LogOutputStream:75 - [STDERR_REDIRECT] [Fatal Error] :1:1: Premature end of file.
2025-11-16 12:10:25,285 [ERROR] LogOutputStream:75 - [STDERR_REDIRECT] 
2025-11-16 12:10:26,265 [ERROR] LogOutputStream:75 - [STDERR_REDIRECT] [Fatal Error] :1:1: Premature end of file.
2025-11-16 12:10:26,265 [ERROR] LogOutputStream:75 - [STDERR_REDIRECT] 
2025-11-16 12:10:27,259 [ERROR] LogOutputStream:75 - [STDERR_REDIRECT] [Fatal Error] :1:1: Premature end of file.
2025-11-16 12:10:27,259 [ERROR] LogOutputStream:75 - [STDERR_REDIRECT] 
2025-11-16 12:10:28,268 [ERROR] LogOutputStream:75 - [STDERR_REDIRECT] [Fatal Error] :1:1: Premature end of file.
2025-11-16 12:10:28,268 [ERROR] LogOutputStream:75 - [STDERR_REDIRECT] 
2025-11-16 12:10:29,266 [ERROR] LogOutputStream:75 - [STDERR_REDIRECT] [Fatal Error] :1:1: Premature end of file.
2025-11-16 12:10:29,266 [ERROR] LogOutputStream:75 - [STDERR_REDIRECT] 
2025-11-16 12:10:30,277 [ERROR] LogOutputStream:75 - [STDERR_REDIRECT] [Fatal Error] :1:1: Premature end of file.
2025-11-16 12:10:30,277 [ERROR] LogOutputStream:75 - [STDERR_REDIRECT] 
2025-11-16 12:10:31,278 [ERROR] LogOutputStream:75 - [STDERR_REDIRECT] [Fatal Error] :1:1: Premature end of file.
2025-11-16 12:10:31,278 [ERROR] LogOutputStream:75 - [STDERR_REDIRECT] 
2025-11-16 12:10:32,259 [ERROR] LogOutputStream:75 - [STDERR_REDIRECT] [Fatal Error] :1:1: Premature end of file.
2025-11-16 12:10:32,259 [ERROR] LogOutputStream:75 - [STDERR_REDIRECT] 
2025-11-16 12:10:33,278 [ERROR] LogOutputStream:75 - [STDERR_REDIRECT] [Fatal Error] :1:1: Premature end of file.
2025-11-16 12:10:33,278 [ERROR] LogOutputStream:75 - [STDERR_REDIRECT] 
2025-11-16 12:10:34,264 [ERROR] LogOutputStream:75 - [STDERR_REDIRECT] [Fatal Error] :1:1: Premature end of file.
2025-11-16 12:10:34,264 [ERROR] LogOutputStream:75 - [STDERR_REDIRECT] 
2025-11-16 12:10:35,290 [ERROR] LogOutputStream:75 - [STDERR_REDIRECT] [Fatal Error] :1:1: Premature end of file.
2025-11-16 12:10:35,290 [ERROR] LogOutputStream:75 - [STDERR_REDIRECT] 
2025-11-16 12:10:36,264 [ERROR] LogOutputStream:75 - [STDERR_REDIRECT] [Fatal Error] :1:1: Premature end of file.
2025-11-16 12:10:36,264 [ERROR] LogOutputStream:75 - [STDERR_REDIRECT] 
2025-11-16 12:10:37,299 [ERROR] LogOutputStream:75 - [STDERR_REDIRECT] [Fatal Error] :1:1: Premature end of file.
2025-11-16 12:10:37,299 [ERROR] LogOutputStream:75 - [STDERR_REDIRECT] 
2025-11-16 12:10:38,260 [ERROR] LogOutputStream:75 - [STDERR_REDIRECT] [Fatal Error] :1:1: Premature end of file.
2025-11-16 12:10:38,260 [ERROR] LogOutputStream:75 - [STDERR_REDIRECT] 
2025-11-16 12:10:39,257 [ERROR] LogOutputStream:75 - [STDERR_REDIRECT] [Fatal Error] :1:1: Premature end of file.
2025-11-16 12:10:39,257 [ERROR] LogOutputStream:75 - [STDERR_REDIRECT] 
2025-11-16 12:10:40,267 [ERROR] LogOutputStream:75 - [STDERR_REDIRECT] [Fatal Error] :1:1: Premature end of file.
2025-11-16 12:10:40,267 [ERROR] LogOutputStream:75 - [STDERR_REDIRECT] 
2025-11-16 12:10:41,268 [ERROR] LogOutputStream:75 - [STDERR_REDIRECT] [Fatal Error] :1:1: Premature end of file.
2025-11-16 12:10:41,268 [ERROR] LogOutputStream:75 - [STDERR_REDIRECT] 
2025-11-16 12:10:42,258 [ERROR] LogOutputStream:75 - [STDERR_REDIRECT] [Fatal Error] :1:1: Premature end of file.
2025-11-16 12:10:42,258 [ERROR] LogOutputStream:75 - [STDERR_REDIRECT] 
2025-11-16 12:10:43,258 [ERROR] LogOutputStream:75 - [STDERR_REDIRECT] [Fatal Error] :1:1: Premature end of file.
2025-11-16 12:10:43,258 [ERROR] LogOutputStream:75 - [STDERR_REDIRECT] 
2025-11-16 12:10:44,259 [ERROR] LogOutputStream:75 - [STDERR_REDIRECT] [Fatal Error] :1:1: Premature end of file.
2025-11-16 12:10:44,259 [ERROR] LogOutputStream:75 - [STDERR_REDIRECT] 
2025-11-16 12:10:45,258 [ERROR] LogOutputStream:75 - [STDERR_REDIRECT] [Fatal Error] :1:1: Premature end of file.
2025-11-16 12:10:45,258 [ERROR] LogOutputStream:75 - [STDERR_REDIRECT] 
2025-11-16 12:10:46,268 [ERROR] LogOutputStream:75 - [STDERR_REDIRECT] [Fatal Error] :1:1: Premature end of file.
2025-11-16 12:10:46,268 [ERROR] LogOutputStream:75 - [STDERR_REDIRECT] 
2025-11-16 12:10:47,259 [ERROR] LogOutputStream:75 - [STDERR_REDIRECT] [Fatal Error] :1:1: Premature end of file.
2025-11-16 12:10:47,259 [ERROR] LogOutputStream:75 - [STDERR_REDIRECT] 
2025-11-16 12:10:48,258 [ERROR] LogOutputStream:75 - [STDERR_REDIRECT] [Fatal Error] :1:1: Premature end of file.
2025-11-16 12:10:48,258 [ERROR] LogOutputStream:75 - [STDERR_REDIRECT] 
2025-11-16 12:10:49,283 [ERROR] LogOutputStream:75 - [STDERR_REDIRECT] [Fatal Error] :1:1: Premature end of file.
2025-11-16 12:10:49,283 [ERROR] LogOutputStream:75 - [STDERR_REDIRECT] 
2025-11-16 12:10:50,258 [ERROR] LogOutputStream:75 - [STDERR_REDIRECT] [Fatal Error] :1:1: Premature end of file.
2025-11-16 12:10:50,259 [ERROR] LogOutputStream:75 - [STDERR_REDIRECT] 
2025-11-16 12:10:51,258 [ERROR] LogOutputStream:75 - [STDERR_REDIRECT] [Fatal Error] :1:1: Premature end of file.
2025-11-16 12:10:51,258 [ERROR] LogOutputStream:75 - [STDERR_REDIRECT] 
2025-11-16 12:10:52,256 [ERROR] LogOutputStream:75 - [STDERR_REDIRECT] [Fatal Error] :1:1: Premature end of file.
2025-11-16 12:10:52,256 [ERROR] LogOutputStream:75 - [STDERR_REDIRECT] 
2025-11-16 12:10:53,258 [ERROR] LogOutputStream:75 - [STDERR_REDIRECT] [Fatal Error] :1:1: Premature end of file.
2025-11-16 12:10:53,258 [ERROR] LogOutputStream:75 - [STDERR_REDIRECT] 
2025-11-16 12:10:54,260 [ERROR] LogOutputStream:75 - [STDERR_REDIRECT] [Fatal Error] :1:1: Premature end of file.
2025-11-16 12:10:54,260 [ERROR] LogOutputStream:75 - [STDERR_REDIRECT] 
2025-11-16 12:10:55,257 [ERROR] LogOutputStream:75 - [STDERR_REDIRECT] [Fatal Error] :1:1: Premature end of file.
2025-11-16 12:10:55,257 [ERROR] LogOutputStream:75 - [STDERR_REDIRECT] 
2025-11-16 12:10:56,257 [ERROR] LogOutputStream:75 - [STDERR_REDIRECT] [Fatal Error] :1:1: Premature end of file.
2025-11-16 12:10:56,257 [ERROR] LogOutputStream:75 - [STDERR_REDIRECT] 
2025-11-16 12:10:57,257 [ERROR] LogOutputStream:75 - [STDERR_REDIRECT] [Fatal Error] :1:1: Premature end of file.
2025-11-16 12:10:57,257 [ERROR] LogOutputStream:75 - [STDERR_REDIRECT] 
2025-11-16 12:10:58,257 [ERROR] LogOutputStream:75 - [STDERR_REDIRECT] [Fatal Error] :1:1: Premature end of file.
2025-11-16 12:10:58,257 [ERROR] LogOutputStream:75 - [STDERR_REDIRECT] 
2025-11-16 12:10:59,259 [ERROR] LogOutputStream:75 - [STDERR_REDIRECT] [Fatal Error] :1:1: Premature end of file.
2025-11-16 12:10:59,259 [ERROR] LogOutputStream:75 - [STDERR_REDIRECT] 
2025-11-16 12:11:00,280 [ERROR] LogOutputStream:75 - [STDERR_REDIRECT] [Fatal Error] :1:1: Premature end of file.
2025-11-16 12:11:00,280 [ERROR] LogOutputStream:75 - [STDERR_REDIRECT] 
2025-11-16 12:11:01,268 [ERROR] LogOutputStream:75 - [STDERR_REDIRECT] [Fatal Error] :1:1: Premature end of file.
2025-11-16 12:11:01,268 [ERROR] LogOutputStream:75 - [STDERR_REDIRECT] 
2025-11-16 12:11:02,257 [ERROR] LogOutputStream:75 - [STDERR_REDIRECT] [Fatal Error] :1:1: Premature end of file.
2025-11-16 12:11:02,257 [ERROR] LogOutputStream:75 - [STDERR_REDIRECT] 
2025-11-16 12:11:03,258 [ERROR] LogOutputStream:75 - [STDERR_REDIRECT] [Fatal Error] :1:1: Premature end of file.
2025-11-16 12:11:03,258 [ERROR] LogOutputStream:75 - [STDERR_REDIRECT] 
2025-11-16 12:11:04,258 [ERROR] LogOutputStream:75 - [STDERR_REDIRECT] [Fatal Error] :1:1: Premature end of file.
2025-11-16 12:11:04,258 [ERROR] LogOutputStream:75 - [STDERR_REDIRECT] 
2025-11-16 12:11:05,256 [ERROR] LogOutputStream:75 - [STDERR_REDIRECT] [Fatal Error] :1:1: Premature end of file.
2025-11-16 12:11:05,256 [ERROR] LogOutputStream:75 - [STDERR_REDIRECT] 
2025-11-16 12:11:06,258 [ERROR] LogOutputStream:75 - [STDERR_REDIRECT] [Fatal Error] :1:1: Premature end of file.
2025-11-16 12:11:06,258 [ERROR] LogOutputStream:75 - [STDERR_REDIRECT] 
2025-11-16 12:11:07,291 [ERROR] LogOutputStream:75 - [STDERR_REDIRECT] [Fatal Error] :1:1: Premature end of file.
2025-11-16 12:11:07,291 [ERROR] LogOutputStream:75 - [STDERR_REDIRECT] 
2025-11-16 12:11:08,268 [ERROR] LogOutputStream:75 - [STDERR_REDIRECT] [Fatal Error] :1:1: Premature end of file.
2025-11-16 12:11:08,268 [ERROR] LogOutputStream:75 - [STDERR_REDIRECT] 
2025-11-16 12:11:09,268 [ERROR] LogOutputStream:75 - [STDERR_REDIRECT] [Fatal Error] :1:1: Premature end of file.
2025-11-16 12:11:09,268 [ERROR] LogOutputStream:75 - [STDERR_REDIRECT] 
2025-11-16 12:11:10,257 [ERROR] LogOutputStream:75 - [STDERR_REDIRECT] [Fatal Error] :1:1: Premature end of file.
2025-11-16 12:11:10,257 [ERROR] LogOutputStream:75 - [STDERR_REDIRECT] 
2025-11-16 12:11:11,261 [ERROR] LogOutputStream:75 - [STDERR_REDIRECT] [Fatal Error] :1:1: Premature end of file.
2025-11-16 12:11:11,261 [ERROR] LogOutputStream:75 - [STDERR_REDIRECT] 
2025-11-16 12:11:12,267 [ERROR] LogOutputStream:75 - [STDERR_REDIRECT] [Fatal Error] :1:1: Premature end of file.
2025-11-16 12:11:12,267 [ERROR] LogOutputStream:75 - [STDERR_REDIRECT] 
2025-11-16 12:11:13,259 [ERROR] LogOutputStream:75 - [STDERR_REDIRECT] [Fatal Error] :1:1: Premature end of file.
2025-11-16 12:11:13,259 [ERROR] LogOutputStream:75 - [STDERR_REDIRECT] 
2025-11-16 12:11:14,267 [ERROR] LogOutputStream:75 - [STDERR_REDIRECT] [Fatal Error] :1:1: Premature end of file.
2025-11-16 12:11:14,267 [ERROR] LogOutputStream:75 - [STDERR_REDIRECT] 
2025-11-16 12:11:15,258 [ERROR] LogOutputStream:75 - [STDERR_REDIRECT] [Fatal Error] :1:1: Premature end of file.
2025-11-16 12:11:15,258 [ERROR] LogOutputStream:75 - [STDERR_REDIRECT] 
2025-11-16 12:11:16,262 [ERROR] LogOutputStream:75 - [STDERR_REDIRECT] [Fatal Error] :1:1: Premature end of file.
2025-11-16 12:11:16,262 [ERROR] LogOutputStream:75 - [STDERR_REDIRECT] 
2025-11-16 12:11:17,263 [ERROR] LogOutputStream:75 - [STDERR_REDIRECT] [Fatal Error] :1:1: Premature end of file.
2025-11-16 12:11:17,263 [ERROR] LogOutputStream:75 - [STDERR_REDIRECT] 
2025-11-16 12:11:18,268 [ERROR] LogOutputStream:75 - [STDERR_REDIRECT] [Fatal Error] :1:1: Premature end of file.
2025-11-16 12:11:18,268 [ERROR] LogOutputStream:75 - [STDERR_REDIRECT] 
2025-11-16 12:11:19,258 [ERROR] LogOutputStream:75 - [STDERR_REDIRECT] [Fatal Error] :1:1: Premature end of file.
2025-11-16 12:11:19,258 [ERROR] LogOutputStream:75 - [STDERR_REDIRECT] 
2025-11-16 12:11:20,272 [ERROR] LogOutputStream:75 - [STDERR_REDIRECT] [Fatal Error] :1:1: Premature end of file.
2025-11-16 12:11:20,273 [ERROR] LogOutputStream:75 - [STDERR_REDIRECT] 
2025-11-16 12:11:21,259 [ERROR] LogOutputStream:75 - [STDERR_REDIRECT] [Fatal Error] :1:1: Premature end of file.
2025-11-16 12:11:21,259 [ERROR] LogOutputStream:75 - [STDERR_REDIRECT] 
2025-11-16 12:11:22,267 [ERROR] LogOutputStream:75 - [STDERR_REDIRECT] [Fatal Error] :1:1: Premature end of file.
2025-11-16 12:11:22,267 [ERROR] LogOutputStream:75 - [STDERR_REDIRECT] 
2025-11-16 12:11:23,268 [ERROR] LogOutputStream:75 - [STDERR_REDIRECT] [Fatal Error] :1:1: Premature end of file.
2025-11-16 12:11:23,268 [ERROR] LogOutputStream:75 - [STDERR_REDIRECT] 
2025-11-16 12:11:24,270 [ERROR] LogOutputStream:75 - [STDERR_REDIRECT] [Fatal Error] :1:1: Premature end of file.
2025-11-16 12:11:24,270 [ERROR] LogOutputStream:75 - [STDERR_REDIRECT] 
2025-11-16 12:11:25,267 [ERROR] LogOutputStream:75 - [STDERR_REDIRECT] [Fatal Error] :1:1: Premature end of file.
2025-11-16 12:11:25,267 [ERROR] LogOutputStream:75 - [STDERR_REDIRECT] 
2025-11-16 12:11:26,260 [ERROR] LogOutputStream:75 - [STDERR_REDIRECT] [Fatal Error] :1:1: Premature end of file.
2025-11-16 12:11:26,261 [ERROR] LogOutputStream:75 - [STDERR_REDIRECT] 
2025-11-16 12:11:27,257 [ERROR] LogOutputStream:75 - [STDERR_REDIRECT] [Fatal Error] :1:1: Premature end of file.
2025-11-16 12:11:27,257 [ERROR] LogOutputStream:75 - [STDERR_REDIRECT] 
2025-11-16 12:11:28,276 [ERROR] LogOutputStream:75 - [STDERR_REDIRECT] [Fatal Error] :1:1: Premature end of file.
2025-11-16 12:11:28,276 [ERROR] LogOutputStream:75 - [STDERR_REDIRECT] 
2025-11-16 12:11:29,257 [ERROR] LogOutputStream:75 - [STDERR_REDIRECT] [Fatal Error] :1:1: Premature end of file.
2025-11-16 12:11:29,257 [ERROR] LogOutputStream:75 - [STDERR_REDIRECT] 
2025-11-16 12:11:30,259 [ERROR] LogOutputStream:75 - [STDERR_REDIRECT] [Fatal Error] :1:1: Premature end of file.
2025-11-16 12:11:30,259 [ERROR] LogOutputStream:75 - [STDERR_REDIRECT] 
2025-11-16 12:11:31,258 [ERROR] LogOutputStream:75 - [STDERR_REDIRECT] [Fatal Error] :1:1: Premature end of file.
2025-11-16 12:11:31,258 [ERROR] LogOutputStream:75 - [STDERR_REDIRECT] 
2025-11-16 12:11:32,259 [ERROR] LogOutputStream:75 - [STDERR_REDIRECT] [Fatal Error] :1:1: Premature end of file.
2025-11-16 12:11:32,259 [ERROR] LogOutputStream:75 - [STDERR_REDIRECT] 
2025-11-16 12:11:33,257 [ERROR] LogOutputStream:75 - [STDERR_REDIRECT] [Fatal Error] :1:1: Premature end of file.
2025-11-16 12:11:33,257 [ERROR] LogOutputStream:75 - [STDERR_REDIRECT] 
2025-11-16 12:11:34,257 [ERROR] LogOutputStream:75 - [STDERR_REDIRECT] [Fatal Error] :1:1: Premature end of file.
2025-11-16 12:11:34,257 [ERROR] LogOutputStream:75 - [STDERR_REDIRECT] 
2025-11-16 12:11:35,266 [ERROR] LogOutputStream:75 - [STDERR_REDIRECT] [Fatal Error] :1:1: Premature end of file.
2025-11-16 12:11:35,267 [ERROR] LogOutputStream:75 - [STDERR_REDIRECT] 
2025-11-16 12:11:36,256 [ERROR] LogOutputStream:75 - [STDERR_REDIRECT] [Fatal Error] :1:1: Premature end of file.
2025-11-16 12:11:36,256 [ERROR] LogOutputStream:75 - [STDERR_REDIRECT] 
2025-11-16 12:11:37,267 [ERROR] LogOutputStream:75 - [STDERR_REDIRECT] [Fatal Error] :1:1: Premature end of file.
2025-11-16 12:11:37,267 [ERROR] LogOutputStream:75 - [STDERR_REDIRECT] 
2025-11-16 12:11:38,267 [ERROR] LogOutputStream:75 - [STDERR_REDIRECT] [Fatal Error] :1:1: Premature end of file.
2025-11-16 12:11:38,267 [ERROR] LogOutputStream:75 - [STDERR_REDIRECT] 
2025-11-16 12:11:39,258 [ERROR] LogOutputStream:75 - [STDERR_REDIRECT] [Fatal Error] :1:1: Premature end of file.
2025-11-16 12:11:39,258 [ERROR] LogOutputStream:75 - [STDERR_REDIRECT] 
2025-11-16 12:11:40,266 [ERROR] LogOutputStream:75 - [STDERR_REDIRECT] [Fatal Error] :1:1: Premature end of file.
2025-11-16 12:11:40,266 [ERROR] LogOutputStream:75 - [STDERR_REDIRECT] 
2025-11-16 12:11:41,299 [ERROR] LogOutputStream:75 - [STDERR_REDIRECT] [Fatal Error] :1:1: Premature end of file.
2025-11-16 12:11:41,300 [ERROR] LogOutputStream:75 - [STDERR_REDIRECT] 
2025-11-16 12:11:42,268 [ERROR] LogOutputStream:75 - [STDERR_REDIRECT] [Fatal Error] :1:1: Premature end of file.
2025-11-16 12:11:42,268 [ERROR] LogOutputStream:75 - [STDERR_REDIRECT] 
2025-11-16 12:11:43,257 [ERROR] LogOutputStream:75 - [STDERR_REDIRECT] [Fatal Error] :1:1: Premature end of file.
2025-11-16 12:11:43,257 [ERROR] LogOutputStream:75 - [STDERR_REDIRECT] 
2025-11-16 12:11:44,258 [ERROR] LogOutputStream:75 - [STDERR_REDIRECT] [Fatal Error] :1:1: Premature end of file.
2025-11-16 12:11:44,258 [ERROR] LogOutputStream:75 - [STDERR_REDIRECT] 
2025-11-16 12:11:45,257 [ERROR] LogOutputStream:75 - [STDERR_REDIRECT] [Fatal Error] :1:1: Premature end of file.
2025-11-16 12:11:45,257 [ERROR] LogOutputStream:75 - [STDERR_REDIRECT] 
2025-11-16 12:11:46,260 [ERROR] LogOutputStream:75 - [STDERR_REDIRECT] [Fatal Error] :1:1: Premature end of file.
2025-11-16 12:11:46,260 [ERROR] LogOutputStream:75 - [STDERR_REDIRECT] 
2025-11-16 12:11:47,267 [ERROR] LogOutputStream:75 - [STDERR_REDIRECT] [Fatal Error] :1:1: Premature end of file.
2025-11-16 12:11:47,267 [ERROR] LogOutputStream:75 - [STDERR_REDIRECT] 
2025-11-16 12:11:48,266 [ERROR] LogOutputStream:75 - [STDERR_REDIRECT] [Fatal Error] :1:1: Premature end of file.
2025-11-16 12:11:48,266 [ERROR] LogOutputStream:75 - [STDERR_REDIRECT] 
2025-11-16 12:11:49,290 [ERROR] LogOutputStream:75 - [STDERR_REDIRECT] [Fatal Error] :1:1: Premature end of file.
2025-11-16 12:11:49,290 [ERROR] LogOutputStream:75 - [STDERR_REDIRECT] 
2025-11-16 12:11:50,292 [ERROR] LogOutputStream:75 - [STDERR_REDIRECT] [Fatal Error] :1:1: Premature end of file.
2025-11-16 12:11:50,292 [ERROR] LogOutputStream:75 - [STDERR_REDIRECT] 
2025-11-16 12:11:51,267 [ERROR] LogOutputStream:75 - [STDERR_REDIRECT] [Fatal Error] :1:1: Premature end of file.
2025-11-16 12:11:51,267 [ERROR] LogOutputStream:75 - [STDERR_REDIRECT] 
2025-11-16 12:11:52,258 [ERROR] LogOutputStream:75 - [STDERR_REDIRECT] [Fatal Error] :1:1: Premature end of file.
2025-11-16 12:11:52,258 [ERROR] LogOutputStream:75 - [STDERR_REDIRECT] 
2025-11-16 12:11:53,266 [ERROR] LogOutputStream:75 - [STDERR_REDIRECT] [Fatal Error] :1:1: Premature end of file.
2025-11-16 12:11:53,266 [ERROR] LogOutputStream:75 - [STDERR_REDIRECT] 
2025-11-16 12:11:54,266 [ERROR] LogOutputStream:75 - [STDERR_REDIRECT] [Fatal Error] :1:1: Premature end of file.
2025-11-16 12:11:54,266 [ERROR] LogOutputStream:75 - [STDERR_REDIRECT] 
2025-11-16 12:11:55,258 [ERROR] LogOutputStream:75 - [STDERR_REDIRECT] [Fatal Error] :1:1: Premature end of file.
2025-11-16 12:11:55,258 [ERROR] LogOutputStream:75 - [STDERR_REDIRECT] 
2025-11-16 12:11:56,262 [ERROR] LogOutputStream:75 - [STDERR_REDIRECT] [Fatal Error] :1:1: Premature end of file.
2025-11-16 12:11:56,262 [ERROR] LogOutputStream:75 - [STDERR_REDIRECT] 
2025-11-16 12:11:57,287 [ERROR] LogOutputStream:75 - [STDERR_REDIRECT] [Fatal Error] :1:1: Premature end of file.
2025-11-16 12:11:57,287 [ERROR] LogOutputStream:75 - [STDERR_REDIRECT] 
2025-11-16 12:11:58,266 [ERROR] LogOutputStream:75 - [STDERR_REDIRECT] [Fatal Error] :1:1: Premature end of file.
2025-11-16 12:11:58,266 [ERROR] LogOutputStream:75 - [STDERR_REDIRECT] 
2025-11-16 12:11:59,272 [ERROR] LogOutputStream:75 - [STDERR_REDIRECT] [Fatal Error] :1:1: Premature end of file.
2025-11-16 12:11:59,272 [ERROR] LogOutputStream:75 - [STDERR_REDIRECT] 
2025-11-16 12:12:00,291 [ERROR] LogOutputStream:75 - [STDERR_REDIRECT] [Fatal Error] :1:1: Premature end of file.
2025-11-16 12:12:00,291 [ERROR] LogOutputStream:75 - [STDERR_REDIRECT] 
2025-11-16 12:12:01,269 [ERROR] LogOutputStream:75 - [STDERR_REDIRECT] [Fatal Error] :1:1: Premature end of file.
2025-11-16 12:12:01,269 [ERROR] LogOutputStream:75 - [STDERR_REDIRECT] 
2025-11-16 12:12:02,264 [ERROR] LogOutputStream:75 - [STDERR_REDIRECT] [Fatal Error] :1:1: Premature end of file.
2025-11-16 12:12:02,264 [ERROR] LogOutputStream:75 - [STDERR_REDIRECT] 
2025-11-16 12:12:03,258 [ERROR] LogOutputStream:75 - [STDERR_REDIRECT] [Fatal Error] :1:1: Premature end of file.
2025-11-16 12:12:03,258 [ERROR] LogOutputStream:75 - [STDERR_REDIRECT] 
2025-11-16 12:12:04,262 [ERROR] LogOutputStream:75 - [STDERR_REDIRECT] [Fatal Error] :1:1: Premature end of file.
2025-11-16 12:12:04,262 [ERROR] LogOutputStream:75 - [STDERR_REDIRECT] 
2025-11-16 12:12:05,272 [ERROR] LogOutputStream:75 - [STDERR_REDIRECT] [Fatal Error] :1:1: Premature end of file.
2025-11-16 12:12:05,272 [ERROR] LogOutputStream:75 - [STDERR_REDIRECT] 
2025-11-16 12:12:06,259 [ERROR] LogOutputStream:75 - [STDERR_REDIRECT] [Fatal Error] :1:1: Premature end of file.
2025-11-16 12:12:06,259 [ERROR] LogOutputStream:75 - [STDERR_REDIRECT] 
2025-11-16 12:12:07,257 [ERROR] LogOutputStream:75 - [STDERR_REDIRECT] [Fatal Error] :1:1: Premature end of file.
2025-11-16 12:12:07,257 [ERROR] LogOutputStream:75 - [STDERR_REDIRECT] 
2025-11-16 12:12:08,258 [ERROR] LogOutputStream:75 - [STDERR_REDIRECT] [Fatal Error] :1:1: Premature end of file.
2025-11-16 12:12:08,258 [ERROR] LogOutputStream:75 - [STDERR_REDIRECT] 
2025-11-16 12:12:09,266 [ERROR] LogOutputStream:75 - [STDERR_REDIRECT] [Fatal Error] :1:1: Premature end of file.
2025-11-16 12:12:09,266 [ERROR] LogOutputStream:75 - [STDERR_REDIRECT] 
2025-11-16 12:12:10,266 [ERROR] LogOutputStream:75 - [STDERR_REDIRECT] [Fatal Error] :1:1: Premature end of file.
2025-11-16 12:12:10,266 [ERROR] LogOutputStream:75 - [STDERR_REDIRECT] 
2025-11-16 12:12:11,261 [ERROR] LogOutputStream:75 - [STDERR_REDIRECT] [Fatal Error] :1:1: Premature end of file.
2025-11-16 12:12:11,261 [ERROR] LogOutputStream:75 - [STDERR_REDIRECT] 
2025-11-16 12:12:12,258 [ERROR] LogOutputStream:75 - [STDERR_REDIRECT] [Fatal Error] :1:1: Premature end of file.
2025-11-16 12:12:12,258 [ERROR] LogOutputStream:75 - [STDERR_REDIRECT] 
2025-11-16 12:12:13,258 [ERROR] LogOutputStream:75 - [STDERR_REDIRECT] [Fatal Error] :1:1: Premature end of file.
2025-11-16 12:12:13,258 [ERROR] LogOutputStream:75 - [STDERR_REDIRECT] 
2025-11-16 12:12:14,259 [ERROR] LogOutputStream:75 - [STDERR_REDIRECT] [Fatal Error] :1:1: Premature end of file.
2025-11-16 12:12:14,259 [ERROR] LogOutputStream:75 - [STDERR_REDIRECT] 
2025-11-16 12:12:15,287 [ERROR] LogOutputStream:75 - [STDERR_REDIRECT] [Fatal Error] :1:1: Premature end of file.
2025-11-16 12:12:15,287 [ERROR] LogOutputStream:75 - [STDERR_REDIRECT] 
2025-11-16 12:12:16,259 [ERROR] LogOutputStream:75 - [STDERR_REDIRECT] [Fatal Error] :1:1: Premature end of file.
2025-11-16 12:12:16,259 [ERROR] LogOutputStream:75 - [STDERR_REDIRECT] 
2025-11-16 12:12:17,257 [ERROR] LogOutputStream:75 - [STDERR_REDIRECT] [Fatal Error] :1:1: Premature end of file.
2025-11-16 12:12:17,257 [ERROR] LogOutputStream:75 - [STDERR_REDIRECT] 
2025-11-16 12:12:18,258 [ERROR] LogOutputStream:75 - [STDERR_REDIRECT] [Fatal Error] :1:1: Premature end of file.
2025-11-16 12:12:18,258 [ERROR] LogOutputStream:75 - [STDERR_REDIRECT] 
2025-11-16 12:12:19,285 [ERROR] LogOutputStream:75 - [STDERR_REDIRECT] [Fatal Error] :1:1: Premature end of file.
2025-11-16 12:12:19,285 [ERROR] LogOutputStream:75 - [STDERR_REDIRECT] 
2025-11-16 12:12:20,258 [ERROR] LogOutputStream:75 - [STDERR_REDIRECT] [Fatal Error] :1:1: Premature end of file.
2025-11-16 12:12:20,258 [ERROR] LogOutputStream:75 - [STDERR_REDIRECT] 
2025-11-16 12:12:21,267 [ERROR] LogOutputStream:75 - [STDERR_REDIRECT] [Fatal Error] :1:1: Premature end of file.
2025-11-16 12:12:21,267 [ERROR] LogOutputStream:75 - [STDERR_REDIRECT] 
2025-11-16 12:12:22,267 [ERROR] LogOutputStream:75 - [STDERR_REDIRECT] [Fatal Error] :1:1: Premature end of file.
2025-11-16 12:12:22,267 [ERROR] LogOutputStream:75 - [STDERR_REDIRECT] 
2025-11-16 12:12:23,260 [ERROR] LogOutputStream:75 - [STDERR_REDIRECT] [Fatal Error] :1:1: Premature end of file.
2025-11-16 12:12:23,260 [ERROR] LogOutputStream:75 - [STDERR_REDIRECT] 
2025-11-16 12:12:24,257 [ERROR] LogOutputStream:75 - [STDERR_REDIRECT] [Fatal Error] :1:1: Premature end of file.
2025-11-16 12:12:24,257 [ERROR] LogOutputStream:75 - [STDERR_REDIRECT] 
2025-11-16 12:12:25,257 [ERROR] LogOutputStream:75 - [STDERR_REDIRECT] [Fatal Error] :1:1: Premature end of file.
2025-11-16 12:12:25,257 [ERROR] LogOutputStream:75 - [STDERR_REDIRECT] 
2025-11-16 12:12:26,257 [ERROR] LogOutputStream:75 - [STDERR_REDIRECT] [Fatal Error] :1:1: Premature end of file.
2025-11-16 12:12:26,257 [ERROR] LogOutputStream:75 - [STDERR_REDIRECT] 
2025-11-16 12:12:27,257 [ERROR] LogOutputStream:75 - [STDERR_REDIRECT] [Fatal Error] :1:1: Premature end of file.
2025-11-16 12:12:27,257 [ERROR] LogOutputStream:75 - [STDERR_REDIRECT] 
2025-11-16 12:12:28,267 [ERROR] LogOutputStream:75 - [STDERR_REDIRECT] [Fatal Error] :1:1: Premature end of file.
2025-11-16 12:12:28,267 [ERROR] LogOutputStream:75 - [STDERR_REDIRECT] 
2025-11-16 12:12:29,277 [ERROR] LogOutputStream:75 - [STDERR_REDIRECT] [Fatal Error] :1:1: Premature end of file.
2025-11-16 12:12:29,277 [ERROR] LogOutputStream:75 - [STDERR_REDIRECT] 
2025-11-16 12:12:30,267 [ERROR] LogOutputStream:75 - [STDERR_REDIRECT] [Fatal Error] :1:1: Premature end of file.
2025-11-16 12:12:30,267 [ERROR] LogOutputStream:75 - [STDERR_REDIRECT] 
2025-11-16 12:12:31,258 [ERROR] LogOutputStream:75 - [STDERR_REDIRECT] [Fatal Error] :1:1: Premature end of file.
2025-11-16 12:12:31,258 [ERROR] LogOutputStream:75 - [STDERR_REDIRECT] 
2025-11-16 12:12:32,296 [ERROR] LogOutputStream:75 - [STDERR_REDIRECT] [Fatal Error] :1:1: Premature end of file.
2025-11-16 12:12:32,296 [ERROR] LogOutputStream:75 - [STDERR_REDIRECT] 
2025-11-16 12:12:33,266 [ERROR] LogOutputStream:75 - [STDERR_REDIRECT] [Fatal Error] :1:1: Premature end of file.
2025-11-16 12:12:33,266 [ERROR] LogOutputStream:75 - [STDERR_REDIRECT] 
2025-11-16 12:12:34,258 [ERROR] LogOutputStream:75 - [STDERR_REDIRECT] [Fatal Error] :1:1: Premature end of file.
2025-11-16 12:12:34,258 [ERROR] LogOutputStream:75 - [STDERR_REDIRECT] 
2025-11-16 12:12:35,257 [ERROR] LogOutputStream:75 - [STDERR_REDIRECT] [Fatal Error] :1:1: Premature end of file.
2025-11-16 12:12:35,257 [ERROR] LogOutputStream:75 - [STDERR_REDIRECT] 
2025-11-16 12:12:36,258 [ERROR] LogOutputStream:75 - [STDERR_REDIRECT] [Fatal Error] :1:1: Premature end of file.
2025-11-16 12:12:36,258 [ERROR] LogOutputStream:75 - [STDERR_REDIRECT] 
2025-11-16 12:12:37,258 [ERROR] LogOutputStream:75 - [STDERR_REDIRECT] [Fatal Error] :1:1: Premature end of file.
2025-11-16 12:12:37,258 [ERROR] LogOutputStream:75 - [STDERR_REDIRECT] 
2025-11-16 12:12:38,258 [ERROR] LogOutputStream:75 - [STDERR_REDIRECT] [Fatal Error] :1:1: Premature end of file.
2025-11-16 12:12:38,258 [ERROR] LogOutputStream:75 - [STDERR_REDIRECT] 
2025-11-16 12:12:39,297 [ERROR] LogOutputStream:75 - [STDERR_REDIRECT] [Fatal Error] :1:1: Premature end of file.
2025-11-16 12:12:39,297 [ERROR] LogOutputStream:75 - [STDERR_REDIRECT] 
2025-11-16 12:12:40,258 [ERROR] LogOutputStream:75 - [STDERR_REDIRECT] [Fatal Error] :1:1: Premature end of file.
2025-11-16 12:12:40,258 [ERROR] LogOutputStream:75 - [STDERR_REDIRECT] 
2025-11-16 12:12:41,259 [ERROR] LogOutputStream:75 - [STDERR_REDIRECT] [Fatal Error] :1:1: Premature end of file.
2025-11-16 12:12:41,259 [ERROR] LogOutputStream:75 - [STDERR_REDIRECT] 
2025-11-16 12:12:42,282 [ERROR] LogOutputStream:75 - [STDERR_REDIRECT] [Fatal Error] :1:1: Premature end of file.
2025-11-16 12:12:42,282 [ERROR] LogOutputStream:75 - [STDERR_REDIRECT] 
2025-11-16 12:12:43,273 [ERROR] LogOutputStream:75 - [STDERR_REDIRECT] [Fatal Error] :1:1: Premature end of file.
2025-11-16 12:12:43,273 [ERROR] LogOutputStream:75 - [STDERR_REDIRECT] 
2025-11-16 12:12:44,261 [ERROR] LogOutputStream:75 - [STDERR_REDIRECT] [Fatal Error] :1:1: Premature end of file.
2025-11-16 12:12:44,261 [ERROR] LogOutputStream:75 - [STDERR_REDIRECT] 
2025-11-16 12:12:45,257 [ERROR] LogOutputStream:75 - [STDERR_REDIRECT] [Fatal Error] :1:1: Premature end of file.
2025-11-16 12:12:45,257 [ERROR] LogOutputStream:75 - [STDERR_REDIRECT] 
2025-11-16 12:12:46,258 [ERROR] LogOutputStream:75 - [STDERR_REDIRECT] [Fatal Error] :1:1: Premature end of file.
2025-11-16 12:12:46,258 [ERROR] LogOutputStream:75 - [STDERR_REDIRECT] 
2025-11-16 12:12:47,276 [ERROR] LogOutputStream:75 - [STDERR_REDIRECT] [Fatal Error] :1:1: Premature end of file.
2025-11-16 12:12:47,276 [ERROR] LogOutputStream:75 - [STDERR_REDIRECT] 
2025-11-16 12:12:48,267 [ERROR] LogOutputStream:75 - [STDERR_REDIRECT] [Fatal Error] :1:1: Premature end of file.
2025-11-16 12:12:48,267 [ERROR] LogOutputStream:75 - [STDERR_REDIRECT] 
2025-11-16 12:12:49,257 [ERROR] LogOutputStream:75 - [STDERR_REDIRECT] [Fatal Error] :1:1: Premature end of file.
2025-11-16 12:12:49,257 [ERROR] LogOutputStream:75 - [STDERR_REDIRECT] 
2025-11-16 12:12:50,293 [ERROR] LogOutputStream:75 - [STDERR_REDIRECT] [Fatal Error] :1:1: Premature end of file.
2025-11-16 12:12:50,293 [ERROR] LogOutputStream:75 - [STDERR_REDIRECT] 
2025-11-16 12:12:51,257 [ERROR] LogOutputStream:75 - [STDERR_REDIRECT] [Fatal Error] :1:1: Premature end of file.
2025-11-16 12:12:51,257 [ERROR] LogOutputStream:75 - [STDERR_REDIRECT] 
2025-11-16 12:12:52,276 [ERROR] LogOutputStream:75 - [STDERR_REDIRECT] [Fatal Error] :1:1: Premature end of file.
2025-11-16 12:12:52,276 [ERROR] LogOutputStream:75 - [STDERR_REDIRECT] 
2025-11-16 12:12:53,257 [ERROR] LogOutputStream:75 - [STDERR_REDIRECT] [Fatal Error] :1:1: Premature end of file.
2025-11-16 12:12:53,257 [ERROR] LogOutputStream:75 - [STDERR_REDIRECT] 
2025-11-16 12:12:54,258 [ERROR] LogOutputStream:75 - [STDERR_REDIRECT] [Fatal Error] :1:1: Premature end of file.
2025-11-16 12:12:54,258 [ERROR] LogOutputStream:75 - [STDERR_REDIRECT] 
2025-11-16 12:12:55,258 [ERROR] LogOutputStream:75 - [STDERR_REDIRECT] [Fatal Error] :1:1: Premature end of file.
2025-11-16 12:12:55,258 [ERROR] LogOutputStream:75 - [STDERR_REDIRECT] 
2025-11-16 12:12:56,257 [ERROR] LogOutputStream:75 - [STDERR_REDIRECT] [Fatal Error] :1:1: Premature end of file.
2025-11-16 12:12:56,257 [ERROR] LogOutputStream:75 - [STDERR_REDIRECT] 
2025-11-16 12:12:57,257 [ERROR] LogOutputStream:75 - [STDERR_REDIRECT] [Fatal Error] :1:1: Premature end of file.
2025-11-16 12:12:57,257 [ERROR] LogOutputStream:75 - [STDERR_REDIRECT] 
2025-11-16 12:12:58,256 [ERROR] LogOutputStream:75 - [STDERR_REDIRECT] [Fatal Error] :1:1: Premature end of file.
2025-11-16 12:12:58,256 [ERROR] LogOutputStream:75 - [STDERR_REDIRECT] 
2025-11-16 12:12:59,264 [ERROR] LogOutputStream:75 - [STDERR_REDIRECT] [Fatal Error] :1:1: Premature end of file.
2025-11-16 12:12:59,264 [ERROR] LogOutputStream:75 - [STDERR_REDIRECT] 
2025-11-16 12:13:00,258 [ERROR] LogOutputStream:75 - [STDERR_REDIRECT] [Fatal Error] :1:1: Premature end of file.
2025-11-16 12:13:00,258 [ERROR] LogOutputStream:75 - [STDERR_REDIRECT] 
2025-11-16 12:13:01,261 [ERROR] LogOutputStream:75 - [STDERR_REDIRECT] [Fatal Error] :1:1: Premature end of file.
2025-11-16 12:13:01,261 [ERROR] LogOutputStream:75 - [STDERR_REDIRECT] 
2025-11-16 12:13:02,256 [ERROR] LogOutputStream:75 - [STDERR_REDIRECT] [Fatal Error] :1:1: Premature end of file.
2025-11-16 12:13:02,257 [ERROR] LogOutputStream:75 - [STDERR_REDIRECT] 
2025-11-16 12:13:03,258 [ERROR] LogOutputStream:75 - [STDERR_REDIRECT] [Fatal Error] :1:1: Premature end of file.
2025-11-16 12:13:03,258 [ERROR] LogOutputStream:75 - [STDERR_REDIRECT] 
2025-11-16 12:13:04,257 [ERROR] LogOutputStream:75 - [STDERR_REDIRECT] [Fatal Error] :1:1: Premature end of file.
2025-11-16 12:13:04,257 [ERROR] LogOutputStream:75 - [STDERR_REDIRECT] 
2025-11-16 12:13:05,258 [ERROR] LogOutputStream:75 - [STDERR_REDIRECT] [Fatal Error] :1:1: Premature end of file.
2025-11-16 12:13:05,258 [ERROR] LogOutputStream:75 - [STDERR_REDIRECT] 
2025-11-16 12:13:06,259 [ERROR] LogOutputStream:75 - [STDERR_REDIRECT] [Fatal Error] :1:1: Premature end of file.
2025-11-16 12:13:06,259 [ERROR] LogOutputStream:75 - [STDERR_REDIRECT] 
2025-11-16 12:13:07,260 [ERROR] LogOutputStream:75 - [STDERR_REDIRECT] [Fatal Error] :1:1: Premature end of file.
2025-11-16 12:13:07,260 [ERROR] LogOutputStream:75 - [STDERR_REDIRECT] 
2025-11-16 12:13:08,257 [ERROR] LogOutputStream:75 - [STDERR_REDIRECT] [Fatal Error] :1:1: Premature end of file.
2025-11-16 12:13:08,257 [ERROR] LogOutputStream:75 - [STDERR_REDIRECT] 
2025-11-16 12:13:09,267 [ERROR] LogOutputStream:75 - [STDERR_REDIRECT] [Fatal Error] :1:1: Premature end of file.
2025-11-16 12:13:09,267 [ERROR] LogOutputStream:75 - [STDERR_REDIRECT] 
2025-11-16 12:13:10,257 [ERROR] LogOutputStream:75 - [STDERR_REDIRECT] [Fatal Error] :1:1: Premature end of file.
2025-11-16 12:13:10,257 [ERROR] LogOutputStream:75 - [STDERR_REDIRECT] 
2025-11-16 12:13:11,268 [ERROR] LogOutputStream:75 - [STDERR_REDIRECT] [Fatal Error] :1:1: Premature end of file.
2025-11-16 12:13:11,268 [ERROR] LogOutputStream:75 - [STDERR_REDIRECT] 
2025-11-16 12:13:12,268 [ERROR] LogOutputStream:75 - [STDERR_REDIRECT] [Fatal Error] :1:1: Premature end of file.
2025-11-16 12:13:12,268 [ERROR] LogOutputStream:75 - [STDERR_REDIRECT] 
2025-11-16 12:13:13,256 [ERROR] LogOutputStream:75 - [STDERR_REDIRECT] [Fatal Error] :1:1: Premature end of file.
2025-11-16 12:13:13,256 [ERROR] LogOutputStream:75 - [STDERR_REDIRECT] 
2025-11-16 12:13:14,256 [ERROR] LogOutputStream:75 - [STDERR_REDIRECT] [Fatal Error] :1:1: Premature end of file.
2025-11-16 12:13:14,256 [ERROR] LogOutputStream:75 - [STDERR_REDIRECT] 
2025-11-16 12:13:15,269 [ERROR] LogOutputStream:75 - [STDERR_REDIRECT] [Fatal Error] :1:1: Premature end of file.
2025-11-16 12:13:15,269 [ERROR] LogOutputStream:75 - [STDERR_REDIRECT] 
2025-11-16 12:13:16,260 [ERROR] LogOutputStream:75 - [STDERR_REDIRECT] [Fatal Error] :1:1: Premature end of file.
2025-11-16 12:13:16,260 [ERROR] LogOutputStream:75 - [STDERR_REDIRECT] 
2025-11-16 12:13:17,280 [ERROR] LogOutputStream:75 - [STDERR_REDIRECT] [Fatal Error] :1:1: Premature end of file.
2025-11-16 12:13:17,280 [ERROR] LogOutputStream:75 - [STDERR_REDIRECT] 
2025-11-16 12:13:18,257 [ERROR] LogOutputStream:75 - [STDERR_REDIRECT] [Fatal Error] :1:1: Premature end of file.
2025-11-16 12:13:18,257 [ERROR] LogOutputStream:75 - [STDERR_REDIRECT] 
2025-11-16 12:13:19,261 [ERROR] LogOutputStream:75 - [STDERR_REDIRECT] [Fatal Error] :1:1: Premature end of file.
2025-11-16 12:13:19,261 [ERROR] LogOutputStream:75 - [STDERR_REDIRECT] 
2025-11-16 12:13:20,289 [ERROR] LogOutputStream:75 - [STDERR_REDIRECT] [Fatal Error] :1:1: Premature end of file.
2025-11-16 12:13:20,289 [ERROR] LogOutputStream:75 - [STDERR_REDIRECT] 
2025-11-16 12:13:21,268 [ERROR] LogOutputStream:75 - [STDERR_REDIRECT] [Fatal Error] :1:1: Premature end of file.
2025-11-16 12:13:21,268 [ERROR] LogOutputStream:75 - [STDERR_REDIRECT] 
2025-11-16 12:13:22,265 [ERROR] LogOutputStream:75 - [STDERR_REDIRECT] [Fatal Error] :1:1: Premature end of file.
2025-11-16 12:13:22,265 [ERROR] LogOutputStream:75 - [STDERR_REDIRECT] 
2025-11-16 12:13:23,258 [ERROR] LogOutputStream:75 - [STDERR_REDIRECT] [Fatal Error] :1:1: Premature end of file.
2025-11-16 12:13:23,258 [ERROR] LogOutputStream:75 - [STDERR_REDIRECT] 
2025-11-16 12:13:24,289 [ERROR] LogOutputStream:75 - [STDERR_REDIRECT] [Fatal Error] :1:1: Premature end of file.
2025-11-16 12:13:24,289 [ERROR] LogOutputStream:75 - [STDERR_REDIRECT] 
2025-11-16 12:13:25,266 [ERROR] LogOutputStream:75 - [STDERR_REDIRECT] [Fatal Error] :1:1: Premature end of file.
2025-11-16 12:13:25,266 [ERROR] LogOutputStream:75 - [STDERR_REDIRECT] 
2025-11-16 12:13:26,266 [ERROR] LogOutputStream:75 - [STDERR_REDIRECT] [Fatal Error] :1:1: Premature end of file.
2025-11-16 12:13:26,266 [ERROR] LogOutputStream:75 - [STDERR_REDIRECT] 
2025-11-16 12:13:27,265 [ERROR] LogOutputStream:75 - [STDERR_REDIRECT] [Fatal Error] :1:1: Premature end of file.
2025-11-16 12:13:27,265 [ERROR] LogOutputStream:75 - [STDERR_REDIRECT] 
2025-11-16 12:13:28,260 [ERROR] LogOutputStream:75 - [STDERR_REDIRECT] [Fatal Error] :1:1: Premature end of file.
2025-11-16 12:13:28,260 [ERROR] LogOutputStream:75 - [STDERR_REDIRECT] 
2025-11-16 12:13:29,257 [ERROR] LogOutputStream:75 - [STDERR_REDIRECT] [Fatal Error] :1:1: Premature end of file.
2025-11-16 12:13:29,257 [ERROR] LogOutputStream:75 - [STDERR_REDIRECT] 
2025-11-16 12:13:30,257 [ERROR] LogOutputStream:75 - [STDERR_REDIRECT] [Fatal Error] :1:1: Premature end of file.
2025-11-16 12:13:30,257 [ERROR] LogOutputStream:75 - [STDERR_REDIRECT] 
2025-11-16 12:13:31,278 [ERROR] LogOutputStream:75 - [STDERR_REDIRECT] [Fatal Error] :1:1: Premature end of file.
2025-11-16 12:13:31,279 [ERROR] LogOutputStream:75 - [STDERR_REDIRECT] 
2025-11-16 12:13:32,257 [ERROR] LogOutputStream:75 - [STDERR_REDIRECT] [Fatal Error] :1:1: Premature end of file.
2025-11-16 12:13:32,257 [ERROR] LogOutputStream:75 - [STDERR_REDIRECT] 
2025-11-16 12:13:33,256 [ERROR] LogOutputStream:75 - [STDERR_REDIRECT] [Fatal Error] :1:1: Premature end of file.
2025-11-16 12:13:33,256 [ERROR] LogOutputStream:75 - [STDERR_REDIRECT] 
2025-11-16 12:13:34,257 [ERROR] LogOutputStream:75 - [STDERR_REDIRECT] [Fatal Error] :1:1: Premature end of file.
2025-11-16 12:13:34,257 [ERROR] LogOutputStream:75 - [STDERR_REDIRECT] 
2025-11-16 12:13:35,258 [ERROR] LogOutputStream:75 - [STDERR_REDIRECT] [Fatal Error] :1:1: Premature end of file.
2025-11-16 12:13:35,258 [ERROR] LogOutputStream:75 - [STDERR_REDIRECT] 
2025-11-16 12:13:36,281 [ERROR] LogOutputStream:75 - [STDERR_REDIRECT] [Fatal Error] :1:1: Premature end of file.
2025-11-16 12:13:36,281 [ERROR] LogOutputStream:75 - [STDERR_REDIRECT] 
2025-11-16 12:13:37,261 [ERROR] LogOutputStream:75 - [STDERR_REDIRECT] [Fatal Error] :1:1: Premature end of file.
2025-11-16 12:13:37,261 [ERROR] LogOutputStream:75 - [STDERR_REDIRECT] 
2025-11-16 12:13:38,266 [ERROR] LogOutputStream:75 - [STDERR_REDIRECT] [Fatal Error] :1:1: Premature end of file.
2025-11-16 12:13:38,266 [ERROR] LogOutputStream:75 - [STDERR_REDIRECT] 
2025-11-16 12:13:39,291 [ERROR] LogOutputStream:75 - [STDERR_REDIRECT] [Fatal Error] :1:1: Premature end of file.
2025-11-16 12:13:39,292 [ERROR] LogOutputStream:75 - [STDERR_REDIRECT] 
2025-11-16 12:13:40,258 [ERROR] LogOutputStream:75 - [STDERR_REDIRECT] [Fatal Error] :1:1: Premature end of file.
2025-11-16 12:13:40,258 [ERROR] LogOutputStream:75 - [STDERR_REDIRECT] 
2025-11-16 12:13:41,258 [ERROR] LogOutputStream:75 - [STDERR_REDIRECT] [Fatal Error] :1:1: Premature end of file.
2025-11-16 12:13:41,258 [ERROR] LogOutputStream:75 - [STDERR_REDIRECT] 
2025-11-16 12:13:42,257 [ERROR] LogOutputStream:75 - [STDERR_REDIRECT] [Fatal Error] :1:1: Premature end of file.
2025-11-16 12:13:42,257 [ERROR] LogOutputStream:75 - [STDERR_REDIRECT] 
2025-11-16 12:13:43,258 [ERROR] LogOutputStream:75 - [STDERR_REDIRECT] [Fatal Error] :1:1: Premature end of file.
2025-11-16 12:13:43,258 [ERROR] LogOutputStream:75 - [STDERR_REDIRECT] 
2025-11-16 12:13:44,258 [ERROR] LogOutputStream:75 - [STDERR_REDIRECT] [Fatal Error] :1:1: Premature end of file.
2025-11-16 12:13:44,258 [ERROR] LogOutputStream:75 - [STDERR_REDIRECT] 
2025-11-16 12:13:45,267 [ERROR] LogOutputStream:75 - [STDERR_REDIRECT] [Fatal Error] :1:1: Premature end of file.
2025-11-16 12:13:45,267 [ERROR] LogOutputStream:75 - [STDERR_REDIRECT] 
2025-11-16 12:13:46,277 [ERROR] LogOutputStream:75 - [STDERR_REDIRECT] [Fatal Error] :1:1: Premature end of file.
2025-11-16 12:13:46,277 [ERROR] LogOutputStream:75 - [STDERR_REDIRECT] 
2025-11-16 12:13:47,268 [ERROR] LogOutputStream:75 - [STDERR_REDIRECT] [Fatal Error] :1:1: Premature end of file.
2025-11-16 12:13:47,268 [ERROR] LogOutputStream:75 - [STDERR_REDIRECT] 
2025-11-16 12:13:48,259 [ERROR] LogOutputStream:75 - [STDERR_REDIRECT] [Fatal Error] :1:1: Premature end of file.
2025-11-16 12:13:48,259 [ERROR] LogOutputStream:75 - [STDERR_REDIRECT] 
2025-11-16 12:13:49,294 [ERROR] LogOutputStream:75 - [STDERR_REDIRECT] [Fatal Error] :1:1: Premature end of file.
2025-11-16 12:13:49,294 [ERROR] LogOutputStream:75 - [STDERR_REDIRECT] 
2025-11-16 12:13:50,259 [ERROR] LogOutputStream:75 - [STDERR_REDIRECT] [Fatal Error] :1:1: Premature end of file.
2025-11-16 12:13:50,259 [ERROR] LogOutputStream:75 - [STDERR_REDIRECT] 
2025-11-16 12:13:51,268 [ERROR] LogOutputStream:75 - [STDERR_REDIRECT] [Fatal Error] :1:1: Premature end of file.
2025-11-16 12:13:51,268 [ERROR] LogOutputStream:75 - [STDERR_REDIRECT] 
2025-11-16 12:13:52,257 [ERROR] LogOutputStream:75 - [STDERR_REDIRECT] [Fatal Error] :1:1: Premature end of file.
2025-11-16 12:13:52,257 [ERROR] LogOutputStream:75 - [STDERR_REDIRECT] 
2025-11-16 12:13:53,256 [ERROR] LogOutputStream:75 - [STDERR_REDIRECT] [Fatal Error] :1:1: Premature end of file.
2025-11-16 12:13:53,257 [ERROR] LogOutputStream:75 - [STDERR_REDIRECT] 
2025-11-16 12:13:54,261 [ERROR] LogOutputStream:75 - [STDERR_REDIRECT] [Fatal Error] :1:1: Premature end of file.
2025-11-16 12:13:54,261 [ERROR] LogOutputStream:75 - [STDERR_REDIRECT] 
2025-11-16 12:13:55,258 [ERROR] LogOutputStream:75 - [STDERR_REDIRECT] [Fatal Error] :1:1: Premature end of file.
2025-11-16 12:13:55,258 [ERROR] LogOutputStream:75 - [STDERR_REDIRECT] 
2025-11-16 12:13:56,257 [ERROR] LogOutputStream:75 - [STDERR_REDIRECT] [Fatal Error] :1:1: Premature end of file.
2025-11-16 12:13:56,257 [ERROR] LogOutputStream:75 - [STDERR_REDIRECT] 
2025-11-16 12:13:57,267 [ERROR] LogOutputStream:75 - [STDERR_REDIRECT] [Fatal Error] :1:1: Premature end of file.
2025-11-16 12:13:57,267 [ERROR] LogOutputStream:75 - [STDERR_REDIRECT] 
2025-11-16 12:13:58,262 [ERROR] LogOutputStream:75 - [STDERR_REDIRECT] [Fatal Error] :1:1: Premature end of file.
2025-11-16 12:13:58,262 [ERROR] LogOutputStream:75 - [STDERR_REDIRECT] 
2025-11-16 12:13:59,267 [ERROR] LogOutputStream:75 - [STDERR_REDIRECT] [Fatal Error] :1:1: Premature end of file.
2025-11-16 12:13:59,267 [ERROR] LogOutputStream:75 - [STDERR_REDIRECT] 
2025-11-16 12:14:00,263 [ERROR] LogOutputStream:75 - [STDERR_REDIRECT] [Fatal Error] :1:1: Premature end of file.
2025-11-16 12:14:00,264 [ERROR] LogOutputStream:75 - [STDERR_REDIRECT] 
2025-11-16 12:14:01,268 [ERROR] LogOutputStream:75 - [STDERR_REDIRECT] [Fatal Error] :1:1: Premature end of file.
2025-11-16 12:14:01,268 [ERROR] LogOutputStream:75 - [STDERR_REDIRECT] 
2025-11-16 12:14:02,259 [ERROR] LogOutputStream:75 - [STDERR_REDIRECT] [Fatal Error] :1:1: Premature end of file.
2025-11-16 12:14:02,259 [ERROR] LogOutputStream:75 - [STDERR_REDIRECT] 
2025-11-16 12:14:03,266 [ERROR] LogOutputStream:75 - [STDERR_REDIRECT] [Fatal Error] :1:1: Premature end of file.
2025-11-16 12:14:03,266 [ERROR] LogOutputStream:75 - [STDERR_REDIRECT] 
2025-11-16 12:14:04,266 [ERROR] LogOutputStream:75 - [STDERR_REDIRECT] [Fatal Error] :1:1: Premature end of file.
2025-11-16 12:14:04,266 [ERROR] LogOutputStream:75 - [STDERR_REDIRECT] 
2025-11-16 12:14:05,276 [ERROR] LogOutputStream:75 - [STDERR_REDIRECT] [Fatal Error] :1:1: Premature end of file.
2025-11-16 12:14:05,276 [ERROR] LogOutputStream:75 - [STDERR_REDIRECT] 
2025-11-16 12:14:06,265 [ERROR] LogOutputStream:75 - [STDERR_REDIRECT] [Fatal Error] :1:1: Premature end of file.
2025-11-16 12:14:06,265 [ERROR] LogOutputStream:75 - [STDERR_REDIRECT] 
2025-11-16 12:14:07,258 [ERROR] LogOutputStream:75 - [STDERR_REDIRECT] [Fatal Error] :1:1: Premature end of file.
2025-11-16 12:14:07,258 [ERROR] LogOutputStream:75 - [STDERR_REDIRECT] 
2025-11-16 12:14:08,266 [ERROR] LogOutputStream:75 - [STDERR_REDIRECT] [Fatal Error] :1:1: Premature end of file.
2025-11-16 12:14:08,266 [ERROR] LogOutputStream:75 - [STDERR_REDIRECT] 
2025-11-16 12:14:09,262 [ERROR] LogOutputStream:75 - [STDERR_REDIRECT] [Fatal Error] :1:1: Premature end of file.
2025-11-16 12:14:09,262 [ERROR] LogOutputStream:75 - [STDERR_REDIRECT] 
2025-11-16 12:14:10,259 [ERROR] LogOutputStream:75 - [STDERR_REDIRECT] [Fatal Error] :1:1: Premature end of file.
2025-11-16 12:14:10,259 [ERROR] LogOutputStream:75 - [STDERR_REDIRECT] 
2025-11-16 12:14:11,266 [ERROR] LogOutputStream:75 - [STDERR_REDIRECT] [Fatal Error] :1:1: Premature end of file.
2025-11-16 12:14:11,266 [ERROR] LogOutputStream:75 - [STDERR_REDIRECT] 
2025-11-16 12:14:12,257 [ERROR] LogOutputStream:75 - [STDERR_REDIRECT] [Fatal Error] :1:1: Premature end of file.
2025-11-16 12:14:12,257 [ERROR] LogOutputStream:75 - [STDERR_REDIRECT] 
2025-11-16 12:14:13,262 [ERROR] LogOutputStream:75 - [STDERR_REDIRECT] [Fatal Error] :1:1: Premature end of file.
2025-11-16 12:14:13,262 [ERROR] LogOutputStream:75 - [STDERR_REDIRECT] 
2025-11-16 12:14:14,267 [ERROR] LogOutputStream:75 - [STDERR_REDIRECT] [Fatal Error] :1:1: Premature end of file.
2025-11-16 12:14:14,268 [ERROR] LogOutputStream:75 - [STDERR_REDIRECT] 
2025-11-16 12:14:15,267 [ERROR] LogOutputStream:75 - [STDERR_REDIRECT] [Fatal Error] :1:1: Premature end of file.
2025-11-16 12:14:15,267 [ERROR] LogOutputStream:75 - [STDERR_REDIRECT] 
2025-11-16 12:14:16,267 [ERROR] LogOutputStream:75 - [STDERR_REDIRECT] [Fatal Error] :1:1: Premature end of file.
2025-11-16 12:14:16,267 [ERROR] LogOutputStream:75 - [STDERR_REDIRECT] 
2025-11-16 12:14:17,287 [ERROR] LogOutputStream:75 - [STDERR_REDIRECT] [Fatal Error] :1:1: Premature end of file.
2025-11-16 12:14:17,287 [ERROR] LogOutputStream:75 - [STDERR_REDIRECT] 
2025-11-16 12:14:18,266 [ERROR] LogOutputStream:75 - [STDERR_REDIRECT] [Fatal Error] :1:1: Premature end of file.
2025-11-16 12:14:18,266 [ERROR] LogOutputStream:75 - [STDERR_REDIRECT] 
2025-11-16 12:14:19,290 [ERROR] LogOutputStream:75 - [STDERR_REDIRECT] [Fatal Error] :1:1: Premature end of file.
2025-11-16 12:14:19,290 [ERROR] LogOutputStream:75 - [STDERR_REDIRECT] 
2025-11-16 12:14:20,272 [ERROR] LogOutputStream:75 - [STDERR_REDIRECT] [Fatal Error] :1:1: Premature end of file.
2025-11-16 12:14:20,272 [ERROR] LogOutputStream:75 - [STDERR_REDIRECT] 
2025-11-16 12:14:21,268 [ERROR] LogOutputStream:75 - [STDERR_REDIRECT] [Fatal Error] :1:1: Premature end of file.
2025-11-16 12:14:21,268 [ERROR] LogOutputStream:75 - [STDERR_REDIRECT] 
2025-11-16 12:14:22,258 [ERROR] LogOutputStream:75 - [STDERR_REDIRECT] [Fatal Error] :1:1: Premature end of file.
2025-11-16 12:14:22,258 [ERROR] LogOutputStream:75 - [STDERR_REDIRECT] 
2025-11-16 12:14:23,267 [ERROR] LogOutputStream:75 - [STDERR_REDIRECT] [Fatal Error] :1:1: Premature end of file.
2025-11-16 12:14:23,267 [ERROR] LogOutputStream:75 - [STDERR_REDIRECT] 
2025-11-16 12:14:24,286 [ERROR] LogOutputStream:75 - [STDERR_REDIRECT] [Fatal Error] :1:1: Premature end of file.
2025-11-16 12:14:24,286 [ERROR] LogOutputStream:75 - [STDERR_REDIRECT] 
2025-11-16 12:14:25,257 [ERROR] LogOutputStream:75 - [STDERR_REDIRECT] [Fatal Error] :1:1: Premature end of file.
2025-11-16 12:14:25,257 [ERROR] LogOutputStream:75 - [STDERR_REDIRECT] 
2025-11-16 12:14:26,294 [ERROR] LogOutputStream:75 - [STDERR_REDIRECT] [Fatal Error] :1:1: Premature end of file.
2025-11-16 12:14:26,294 [ERROR] LogOutputStream:75 - [STDERR_REDIRECT] 
2025-11-16 12:14:27,268 [ERROR] LogOutputStream:75 - [STDERR_REDIRECT] [Fatal Error] :1:1: Premature end of file.
2025-11-16 12:14:27,268 [ERROR] LogOutputStream:75 - [STDERR_REDIRECT] 
2025-11-16 12:14:28,267 [ERROR] LogOutputStream:75 - [STDERR_REDIRECT] [Fatal Error] :1:1: Premature end of file.
2025-11-16 12:14:28,267 [ERROR] LogOutputStream:75 - [STDERR_REDIRECT] 
2025-11-16 12:14:29,265 [ERROR] LogOutputStream:75 - [STDERR_REDIRECT] [Fatal Error] :1:1: Premature end of file.
2025-11-16 12:14:29,265 [ERROR] LogOutputStream:75 - [STDERR_REDIRECT] 
2025-11-16 12:14:30,272 [ERROR] LogOutputStream:75 - [STDERR_REDIRECT] [Fatal Error] :1:1: Premature end of file.
2025-11-16 12:14:30,272 [ERROR] LogOutputStream:75 - [STDERR_REDIRECT] 
2025-11-16 12:14:31,258 [ERROR] LogOutputStream:75 - [STDERR_REDIRECT] [Fatal Error] :1:1: Premature end of file.
2025-11-16 12:14:31,258 [ERROR] LogOutputStream:75 - [STDERR_REDIRECT] 
2025-11-16 12:14:32,272 [ERROR] LogOutputStream:75 - [STDERR_REDIRECT] [Fatal Error] :1:1: Premature end of file.
2025-11-16 12:14:32,272 [ERROR] LogOutputStream:75 - [STDERR_REDIRECT] 
2025-11-16 12:14:33,272 [ERROR] LogOutputStream:75 - [STDERR_REDIRECT] [Fatal Error] :1:1: Premature end of file.
2025-11-16 12:14:33,273 [ERROR] LogOutputStream:75 - [STDERR_REDIRECT] 
2025-11-16 12:14:34,260 [ERROR] LogOutputStream:75 - [STDERR_REDIRECT] [Fatal Error] :1:1: Premature end of file.
2025-11-16 12:14:34,260 [ERROR] LogOutputStream:75 - [STDERR_REDIRECT] 
2025-11-16 12:14:35,263 [ERROR] LogOutputStream:75 - [STDERR_REDIRECT] [Fatal Error] :1:1: Premature end of file.
2025-11-16 12:14:35,263 [ERROR] LogOutputStream:75 - [STDERR_REDIRECT] 
2025-11-16 12:14:36,295 [ERROR] LogOutputStream:75 - [STDERR_REDIRECT] [Fatal Error] :1:1: Premature end of file.
2025-11-16 12:14:36,295 [ERROR] LogOutputStream:75 - [STDERR_REDIRECT] 
2025-11-16 12:14:37,287 [ERROR] LogOutputStream:75 - [STDERR_REDIRECT] [Fatal Error] :1:1: Premature end of file.
2025-11-16 12:14:37,287 [ERROR] LogOutputStream:75 - [STDERR_REDIRECT] 
2025-11-16 12:14:38,259 [ERROR] LogOutputStream:75 - [STDERR_REDIRECT] [Fatal Error] :1:1: Premature end of file.
2025-11-16 12:14:38,259 [ERROR] LogOutputStream:75 - [STDERR_REDIRECT] 
2025-11-16 12:14:39,266 [ERROR] LogOutputStream:75 - [STDERR_REDIRECT] [Fatal Error] :1:1: Premature end of file.
2025-11-16 12:14:39,267 [ERROR] LogOutputStream:75 - [STDERR_REDIRECT] 
2025-11-16 12:14:40,280 [ERROR] LogOutputStream:75 - [STDERR_REDIRECT] [Fatal Error] :1:1: Premature end of file.
2025-11-16 12:14:40,280 [ERROR] LogOutputStream:75 - [STDERR_REDIRECT] 
2025-11-16 12:14:41,278 [ERROR] LogOutputStream:75 - [STDERR_REDIRECT] [Fatal Error] :1:1: Premature end of file.
2025-11-16 12:14:41,278 [ERROR] LogOutputStream:75 - [STDERR_REDIRECT] 
2025-11-16 12:14:42,260 [ERROR] LogOutputStream:75 - [STDERR_REDIRECT] [Fatal Error] :1:1: Premature end of file.
2025-11-16 12:14:42,260 [ERROR] LogOutputStream:75 - [STDERR_REDIRECT] 
2025-11-16 12:14:43,258 [ERROR] LogOutputStream:75 - [STDERR_REDIRECT] [Fatal Error] :1:1: Premature end of file.
2025-11-16 12:14:43,258 [ERROR] LogOutputStream:75 - [STDERR_REDIRECT] 
2025-11-16 12:14:44,294 [ERROR] LogOutputStream:75 - [STDERR_REDIRECT] [Fatal Error] :1:1: Premature end of file.
2025-11-16 12:14:44,294 [ERROR] LogOutputStream:75 - [STDERR_REDIRECT] 
2025-11-16 12:14:45,285 [ERROR] LogOutputStream:75 - [STDERR_REDIRECT] [Fatal Error] :1:1: Premature end of file.
2025-11-16 12:14:45,285 [ERROR] LogOutputStream:75 - [STDERR_REDIRECT] 
2025-11-16 12:14:46,281 [ERROR] LogOutputStream:75 - [STDERR_REDIRECT] [Fatal Error] :1:1: Premature end of file.
2025-11-16 12:14:46,281 [ERROR] LogOutputStream:75 - [STDERR_REDIRECT] 
2025-11-16 12:14:47,290 [ERROR] LogOutputStream:75 - [STDERR_REDIRECT] [Fatal Error] :1:1: Premature end of file.
2025-11-16 12:14:47,290 [ERROR] LogOutputStream:75 - [STDERR_REDIRECT] 
2025-11-16 12:14:48,272 [ERROR] LogOutputStream:75 - [STDERR_REDIRECT] [Fatal Error] :1:1: Premature end of file.
2025-11-16 12:14:48,272 [ERROR] LogOutputStream:75 - [STDERR_REDIRECT] 
2025-11-16 12:14:49,284 [ERROR] LogOutputStream:75 - [STDERR_REDIRECT] [Fatal Error] :1:1: Premature end of file.
2025-11-16 12:14:49,284 [ERROR] LogOutputStream:75 - [STDERR_REDIRECT] 
2025-11-16 12:14:50,257 [ERROR] LogOutputStream:75 - [STDERR_REDIRECT] [Fatal Error] :1:1: Premature end of file.
2025-11-16 12:14:50,257 [ERROR] LogOutputStream:75 - [STDERR_REDIRECT] 
2025-11-16 12:14:51,257 [ERROR] LogOutputStream:75 - [STDERR_REDIRECT] [Fatal Error] :1:1: Premature end of file.
2025-11-16 12:14:51,257 [ERROR] LogOutputStream:75 - [STDERR_REDIRECT] 
2025-11-16 12:14:52,259 [ERROR] LogOutputStream:75 - [STDERR_REDIRECT] [Fatal Error] :1:1: Premature end of file.
2025-11-16 12:14:52,259 [ERROR] LogOutputStream:75 - [STDERR_REDIRECT] 
2025-11-16 12:14:53,257 [ERROR] LogOutputStream:75 - [STDERR_REDIRECT] [Fatal Error] :1:1: Premature end of file.
2025-11-16 12:14:53,258 [ERROR] LogOutputStream:75 - [STDERR_REDIRECT] 
2025-11-16 12:14:54,256 [ERROR] LogOutputStream:75 - [STDERR_REDIRECT] [Fatal Error] :1:1: Premature end of file.
2025-11-16 12:14:54,256 [ERROR] LogOutputStream:75 - [STDERR_REDIRECT] 
2025-11-16 12:14:55,265 [ERROR] LogOutputStream:75 - [STDERR_REDIRECT] [Fatal Error] :1:1: Premature end of file.
2025-11-16 12:14:55,265 [ERROR] LogOutputStream:75 - [STDERR_REDIRECT] 
2025-11-16 12:14:56,272 [ERROR] LogOutputStream:75 - [STDERR_REDIRECT] [Fatal Error] :1:1: Premature end of file.
2025-11-16 12:14:56,273 [ERROR] LogOutputStream:75 - [STDERR_REDIRECT] 
2025-11-16 12:14:57,259 [ERROR] LogOutputStream:75 - [STDERR_REDIRECT] [Fatal Error] :1:1: Premature end of file.
2025-11-16 12:14:57,259 [ERROR] LogOutputStream:75 - [STDERR_REDIRECT] 
2025-11-16 12:14:58,259 [ERROR] LogOutputStream:75 - [STDERR_REDIRECT] [Fatal Error] :1:1: Premature end of file.
2025-11-16 12:14:58,259 [ERROR] LogOutputStream:75 - [STDERR_REDIRECT] 
2025-11-16 12:14:59,269 [ERROR] LogOutputStream:75 - [STDERR_REDIRECT] [Fatal Error] :1:1: Premature end of file.
2025-11-16 12:14:59,269 [ERROR] LogOutputStream:75 - [STDERR_REDIRECT] 
2025-11-16 12:15:00,267 [ERROR] LogOutputStream:75 - [STDERR_REDIRECT] [Fatal Error] :1:1: Premature end of file.
2025-11-16 12:15:00,267 [ERROR] LogOutputStream:75 - [STDERR_REDIRECT] 
2025-11-16 12:15:01,268 [ERROR] LogOutputStream:75 - [STDERR_REDIRECT] [Fatal Error] :1:1: Premature end of file.
2025-11-16 12:15:01,268 [ERROR] LogOutputStream:75 - [STDERR_REDIRECT] 
2025-11-16 12:15:02,268 [ERROR] LogOutputStream:75 - [STDERR_REDIRECT] [Fatal Error] :1:1: Premature end of file.
2025-11-16 12:15:02,268 [ERROR] LogOutputStream:75 - [STDERR_REDIRECT] 
2025-11-16 12:15:03,277 [ERROR] LogOutputStream:75 - [STDERR_REDIRECT] [Fatal Error] :1:1: Premature end of file.
2025-11-16 12:15:03,277 [ERROR] LogOutputStream:75 - [STDERR_REDIRECT] 
2025-11-16 12:15:04,267 [ERROR] LogOutputStream:75 - [STDERR_REDIRECT] [Fatal Error] :1:1: Premature end of file.
2025-11-16 12:15:04,267 [ERROR] LogOutputStream:75 - [STDERR_REDIRECT] 
2025-11-16 12:15:05,294 [ERROR] LogOutputStream:75 - [STDERR_REDIRECT] [Fatal Error] :1:1: Premature end of file.
2025-11-16 12:15:05,294 [ERROR] LogOutputStream:75 - [STDERR_REDIRECT] 
2025-11-16 12:15:06,295 [ERROR] LogOutputStream:75 - [STDERR_REDIRECT] [Fatal Error] :1:1: Premature end of file.
2025-11-16 12:15:06,295 [ERROR] LogOutputStream:75 - [STDERR_REDIRECT] 
2025-11-16 12:15:07,257 [ERROR] LogOutputStream:75 - [STDERR_REDIRECT] [Fatal Error] :1:1: Premature end of file.
2025-11-16 12:15:07,257 [ERROR] LogOutputStream:75 - [STDERR_REDIRECT] 
2025-11-16 12:15:08,262 [ERROR] LogOutputStream:75 - [STDERR_REDIRECT] [Fatal Error] :1:1: Premature end of file.
2025-11-16 12:15:08,262 [ERROR] LogOutputStream:75 - [STDERR_REDIRECT] 
2025-11-16 12:15:09,257 [ERROR] LogOutputStream:75 - [STDERR_REDIRECT] [Fatal Error] :1:1: Premature end of file.
2025-11-16 12:15:09,258 [ERROR] LogOutputStream:75 - [STDERR_REDIRECT] 
2025-11-16 12:15:10,268 [ERROR] LogOutputStream:75 - [STDERR_REDIRECT] [Fatal Error] :1:1: Premature end of file.
2025-11-16 12:15:10,268 [ERROR] LogOutputStream:75 - [STDERR_REDIRECT] 
2025-11-16 12:15:11,272 [ERROR] LogOutputStream:75 - [STDERR_REDIRECT] [Fatal Error] :1:1: Premature end of file.
2025-11-16 12:15:11,272 [ERROR] LogOutputStream:75 - [STDERR_REDIRECT] 
2025-11-16 12:15:12,267 [ERROR] LogOutputStream:75 - [STDERR_REDIRECT] [Fatal Error] :1:1: Premature end of file.
2025-11-16 12:15:12,267 [ERROR] LogOutputStream:75 - [STDERR_REDIRECT] 
2025-11-16 12:15:13,264 [ERROR] LogOutputStream:75 - [STDERR_REDIRECT] [Fatal Error] :1:1: Premature end of file.
2025-11-16 12:15:13,264 [ERROR] LogOutputStream:75 - [STDERR_REDIRECT] 
2025-11-16 12:15:14,286 [ERROR] LogOutputStream:75 - [STDERR_REDIRECT] [Fatal Error] :1:1: Premature end of file.
2025-11-16 12:15:14,286 [ERROR] LogOutputStream:75 - [STDERR_REDIRECT] 
2025-11-16 12:15:15,291 [ERROR] LogOutputStream:75 - [STDERR_REDIRECT] [Fatal Error] :1:1: Premature end of file.
2025-11-16 12:15:15,291 [ERROR] LogOutputStream:75 - [STDERR_REDIRECT] 
2025-11-16 12:15:16,293 [ERROR] LogOutputStream:75 - [STDERR_REDIRECT] [Fatal Error] :1:1: Premature end of file.
2025-11-16 12:15:16,293 [ERROR] LogOutputStream:75 - [STDERR_REDIRECT] 
2025-11-16 12:15:17,267 [ERROR] LogOutputStream:75 - [STDERR_REDIRECT] [Fatal Error] :1:1: Premature end of file.
2025-11-16 12:15:17,267 [ERROR] LogOutputStream:75 - [STDERR_REDIRECT] 
2025-11-16 12:15:18,264 [ERROR] LogOutputStream:75 - [STDERR_REDIRECT] [Fatal Error] :1:1: Premature end of file.
2025-11-16 12:15:18,264 [ERROR] LogOutputStream:75 - [STDERR_REDIRECT] 
2025-11-16 12:15:19,290 [ERROR] LogOutputStream:75 - [STDERR_REDIRECT] [Fatal Error] :1:1: Premature end of file.
2025-11-16 12:15:19,290 [ERROR] LogOutputStream:75 - [STDERR_REDIRECT] 
2025-11-16 12:15:20,258 [ERROR] LogOutputStream:75 - [STDERR_REDIRECT] [Fatal Error] :1:1: Premature end of file.
2025-11-16 12:15:20,258 [ERROR] LogOutputStream:75 - [STDERR_REDIRECT] 
2025-11-16 12:15:21,269 [ERROR] LogOutputStream:75 - [STDERR_REDIRECT] [Fatal Error] :1:1: Premature end of file.
2025-11-16 12:15:21,269 [ERROR] LogOutputStream:75 - [STDERR_REDIRECT] 
2025-11-16 12:15:22,257 [ERROR] LogOutputStream:75 - [STDERR_REDIRECT] [Fatal Error] :1:1: Premature end of file.
2025-11-16 12:15:22,257 [ERROR] LogOutputStream:75 - [STDERR_REDIRECT] 
2025-11-16 12:15:23,289 [ERROR] LogOutputStream:75 - [STDERR_REDIRECT] [Fatal Error] :1:1: Premature end of file.
2025-11-16 12:15:23,289 [ERROR] LogOutputStream:75 - [STDERR_REDIRECT] 
2025-11-16 12:15:24,260 [ERROR] LogOutputStream:75 - [STDERR_REDIRECT] [Fatal Error] :1:1: Premature end of file.
2025-11-16 12:15:24,260 [ERROR] LogOutputStream:75 - [STDERR_REDIRECT] 
2025-11-16 12:15:25,258 [ERROR] LogOutputStream:75 - [STDERR_REDIRECT] [Fatal Error] :1:1: Premature end of file.
2025-11-16 12:15:25,258 [ERROR] LogOutputStream:75 - [STDERR_REDIRECT] 
2025-11-16 12:15:26,258 [ERROR] LogOutputStream:75 - [STDERR_REDIRECT] [Fatal Error] :1:1: Premature end of file.
2025-11-16 12:15:26,258 [ERROR] LogOutputStream:75 - [STDERR_REDIRECT] 
2025-11-16 12:15:27,260 [ERROR] LogOutputStream:75 - [STDERR_REDIRECT] [Fatal Error] :1:1: Premature end of file.
2025-11-16 12:15:27,260 [ERROR] LogOutputStream:75 - [STDERR_REDIRECT] 
2025-11-16 12:15:28,259 [ERROR] LogOutputStream:75 - [STDERR_REDIRECT] [Fatal Error] :1:1: Premature end of file.
2025-11-16 12:15:28,259 [ERROR] LogOutputStream:75 - [STDERR_REDIRECT] 
2025-11-16 12:15:29,258 [ERROR] LogOutputStream:75 - [STDERR_REDIRECT] [Fatal Error] :1:1: Premature end of file.
2025-11-16 12:15:29,259 [ERROR] LogOutputStream:75 - [STDERR_REDIRECT] 
2025-11-16 12:15:30,264 [ERROR] LogOutputStream:75 - [STDERR_REDIRECT] [Fatal Error] :1:1: Premature end of file.
2025-11-16 12:15:30,264 [ERROR] LogOutputStream:75 - [STDERR_REDIRECT] 
2025-11-16 12:15:31,267 [ERROR] LogOutputStream:75 - [STDERR_REDIRECT] [Fatal Error] :1:1: Premature end of file.
2025-11-16 12:15:31,267 [ERROR] LogOutputStream:75 - [STDERR_REDIRECT] 
2025-11-16 12:15:32,262 [ERROR] LogOutputStream:75 - [STDERR_REDIRECT] [Fatal Error] :1:1: Premature end of file.
2025-11-16 12:15:32,262 [ERROR] LogOutputStream:75 - [STDERR_REDIRECT] 
2025-11-16 12:15:33,290 [ERROR] LogOutputStream:75 - [STDERR_REDIRECT] [Fatal Error] :1:1: Premature end of file.
2025-11-16 12:15:33,290 [ERROR] LogOutputStream:75 - [STDERR_REDIRECT] 
2025-11-16 12:15:34,259 [ERROR] LogOutputStream:75 - [STDERR_REDIRECT] [Fatal Error] :1:1: Premature end of file.
2025-11-16 12:15:34,259 [ERROR] LogOutputStream:75 - [STDERR_REDIRECT] 
2025-11-16 12:15:35,258 [ERROR] LogOutputStream:75 - [STDERR_REDIRECT] [Fatal Error] :1:1: Premature end of file.
2025-11-16 12:15:35,258 [ERROR] LogOutputStream:75 - [STDERR_REDIRECT] 
2025-11-16 12:15:36,266 [ERROR] LogOutputStream:75 - [STDERR_REDIRECT] [Fatal Error] :1:1: Premature end of file.
2025-11-16 12:15:36,268 [ERROR] LogOutputStream:75 - [STDERR_REDIRECT] 
2025-11-16 12:15:37,272 [ERROR] LogOutputStream:75 - [STDERR_REDIRECT] [Fatal Error] :1:1: Premature end of file.
2025-11-16 12:15:37,272 [ERROR] LogOutputStream:75 - [STDERR_REDIRECT] 
2025-11-16 12:15:38,258 [ERROR] LogOutputStream:75 - [STDERR_REDIRECT] [Fatal Error] :1:1: Premature end of file.
2025-11-16 12:15:38,258 [ERROR] LogOutputStream:75 - [STDERR_REDIRECT] 
2025-11-16 12:15:39,271 [ERROR] LogOutputStream:75 - [STDERR_REDIRECT] [Fatal Error] :1:1: Premature end of file.
2025-11-16 12:15:39,271 [ERROR] LogOutputStream:75 - [STDERR_REDIRECT] 
2025-11-16 12:15:40,259 [ERROR] LogOutputStream:75 - [STDERR_REDIRECT] [Fatal Error] :1:1: Premature end of file.
2025-11-16 12:15:40,259 [ERROR] LogOutputStream:75 - [STDERR_REDIRECT] 
2025-11-16 12:15:41,263 [ERROR] LogOutputStream:75 - [STDERR_REDIRECT] [Fatal Error] :1:1: Premature end of file.
2025-11-16 12:15:41,263 [ERROR] LogOutputStream:75 - [STDERR_REDIRECT] 
2025-11-16 12:15:42,256 [ERROR] LogOutputStream:75 - [STDERR_REDIRECT] [Fatal Error] :1:1: Premature end of file.
2025-11-16 12:15:42,256 [ERROR] LogOutputStream:75 - [STDERR_REDIRECT] 
2025-11-16 12:15:43,278 [ERROR] LogOutputStream:75 - [STDERR_REDIRECT] [Fatal Error] :1:1: Premature end of file.
2025-11-16 12:15:43,278 [ERROR] LogOutputStream:75 - [STDERR_REDIRECT] 
2025-11-16 12:15:44,298 [ERROR] LogOutputStream:75 - [STDERR_REDIRECT] [Fatal Error] :1:1: Premature end of file.
2025-11-16 12:15:44,298 [ERROR] LogOutputStream:75 - [STDERR_REDIRECT] 
2025-11-16 12:15:45,256 [ERROR] LogOutputStream:75 - [STDERR_REDIRECT] [Fatal Error] :1:1: Premature end of file.
2025-11-16 12:15:45,256 [ERROR] LogOutputStream:75 - [STDERR_REDIRECT] 
2025-11-16 12:15:46,278 [ERROR] LogOutputStream:75 - [STDERR_REDIRECT] [Fatal Error] :1:1: Premature end of file.
2025-11-16 12:15:46,278 [ERROR] LogOutputStream:75 - [STDERR_REDIRECT] 
2025-11-16 12:15:47,257 [ERROR] LogOutputStream:75 - [STDERR_REDIRECT] [Fatal Error] :1:1: Premature end of file.
2025-11-16 12:15:47,257 [ERROR] LogOutputStream:75 - [STDERR_REDIRECT] 
2025-11-16 12:15:48,259 [ERROR] LogOutputStream:75 - [STDERR_REDIRECT] [Fatal Error] :1:1: Premature end of file.
2025-11-16 12:15:48,259 [ERROR] LogOutputStream:75 - [STDERR_REDIRECT] 
2025-11-16 12:15:49,259 [ERROR] LogOutputStream:75 - [STDERR_REDIRECT] [Fatal Error] :1:1: Premature end of file.
2025-11-16 12:15:49,259 [ERROR] LogOutputStream:75 - [STDERR_REDIRECT] 
2025-11-16 12:15:50,262 [ERROR] LogOutputStream:75 - [STDERR_REDIRECT] [Fatal Error] :1:1: Premature end of file.
2025-11-16 12:15:50,262 [ERROR] LogOutputStream:75 - [STDERR_REDIRECT] 
2025-11-16 12:15:51,256 [ERROR] LogOutputStream:75 - [STDERR_REDIRECT] [Fatal Error] :1:1: Premature end of file.
2025-11-16 12:15:51,256 [ERROR] LogOutputStream:75 - [STDERR_REDIRECT] 
2025-11-16 12:15:52,258 [ERROR] LogOutputStream:75 - [STDERR_REDIRECT] [Fatal Error] :1:1: Premature end of file.
2025-11-16 12:15:52,258 [ERROR] LogOutputStream:75 - [STDERR_REDIRECT] 
2025-11-16 12:15:53,257 [ERROR] LogOutputStream:75 - [STDERR_REDIRECT] [Fatal Error] :1:1: Premature end of file.
2025-11-16 12:15:53,257 [ERROR] LogOutputStream:75 - [STDERR_REDIRECT] 
2025-11-16 12:15:54,281 [ERROR] LogOutputStream:75 - [STDERR_REDIRECT] [Fatal Error] :1:1: Premature end of file.
2025-11-16 12:15:54,281 [ERROR] LogOutputStream:75 - [STDERR_REDIRECT] 
2025-11-16 12:15:55,258 [ERROR] LogOutputStream:75 - [STDERR_REDIRECT] [Fatal Error] :1:1: Premature end of file.
2025-11-16 12:15:55,258 [ERROR] LogOutputStream:75 - [STDERR_REDIRECT] 
2025-11-16 12:15:56,267 [ERROR] LogOutputStream:75 - [STDERR_REDIRECT] [Fatal Error] :1:1: Premature end of file.
2025-11-16 12:15:56,267 [ERROR] LogOutputStream:75 - [STDERR_REDIRECT] 
2025-11-16 12:15:57,258 [ERROR] LogOutputStream:75 - [STDERR_REDIRECT] [Fatal Error] :1:1: Premature end of file.
2025-11-16 12:15:57,258 [ERROR] LogOutputStream:75 - [STDERR_REDIRECT] 
2025-11-16 12:15:58,257 [ERROR] LogOutputStream:75 - [STDERR_REDIRECT] [Fatal Error] :1:1: Premature end of file.
2025-11-16 12:15:58,257 [ERROR] LogOutputStream:75 - [STDERR_REDIRECT] 
2025-11-16 12:15:59,259 [ERROR] LogOutputStream:75 - [STDERR_REDIRECT] [Fatal Error] :1:1: Premature end of file.
2025-11-16 12:15:59,259 [ERROR] LogOutputStream:75 - [STDERR_REDIRECT] 
2025-11-16 12:16:00,265 [ERROR] LogOutputStream:75 - [STDERR_REDIRECT] [Fatal Error] :1:1: Premature end of file.
2025-11-16 12:16:00,265 [ERROR] LogOutputStream:75 - [STDERR_REDIRECT] 
2025-11-16 12:16:01,259 [ERROR] LogOutputStream:75 - [STDERR_REDIRECT] [Fatal Error] :1:1: Premature end of file.
2025-11-16 12:16:01,259 [ERROR] LogOutputStream:75 - [STDERR_REDIRECT] 
2025-11-16 12:16:02,258 [ERROR] LogOutputStream:75 - [STDERR_REDIRECT] [Fatal Error] :1:1: Premature end of file.
2025-11-16 12:16:02,258 [ERROR] LogOutputStream:75 - [STDERR_REDIRECT] 
2025-11-16 12:16:03,257 [ERROR] LogOutputStream:75 - [STDERR_REDIRECT] [Fatal Error] :1:1: Premature end of file.
2025-11-16 12:16:03,257 [ERROR] LogOutputStream:75 - [STDERR_REDIRECT] 
2025-11-16 12:16:04,258 [ERROR] LogOutputStream:75 - [STDERR_REDIRECT] [Fatal Error] :1:1: Premature end of file.
2025-11-16 12:16:04,258 [ERROR] LogOutputStream:75 - [STDERR_REDIRECT] 
2025-11-16 12:16:05,259 [ERROR] LogOutputStream:75 - [STDERR_REDIRECT] [Fatal Error] :1:1: Premature end of file.
2025-11-16 12:16:05,259 [ERROR] LogOutputStream:75 - [STDERR_REDIRECT] 
2025-11-16 12:16:06,265 [ERROR] LogOutputStream:75 - [STDERR_REDIRECT] [Fatal Error] :1:1: Premature end of file.
2025-11-16 12:16:06,266 [ERROR] LogOutputStream:75 - [STDERR_REDIRECT] 
2025-11-16 12:16:07,268 [ERROR] LogOutputStream:75 - [STDERR_REDIRECT] [Fatal Error] :1:1: Premature end of file.
2025-11-16 12:16:07,268 [ERROR] LogOutputStream:75 - [STDERR_REDIRECT] 
2025-11-16 12:16:08,259 [ERROR] LogOutputStream:75 - [STDERR_REDIRECT] [Fatal Error] :1:1: Premature end of file.
2025-11-16 12:16:08,259 [ERROR] LogOutputStream:75 - [STDERR_REDIRECT] 
2025-11-16 12:16:09,256 [ERROR] LogOutputStream:75 - [STDERR_REDIRECT] [Fatal Error] :1:1: Premature end of file.
2025-11-16 12:16:09,256 [ERROR] LogOutputStream:75 - [STDERR_REDIRECT] 
2025-11-16 12:16:10,256 [ERROR] LogOutputStream:75 - [STDERR_REDIRECT] [Fatal Error] :1:1: Premature end of file.
2025-11-16 12:16:10,256 [ERROR] LogOutputStream:75 - [STDERR_REDIRECT] 
2025-11-16 12:16:11,257 [ERROR] LogOutputStream:75 - [STDERR_REDIRECT] [Fatal Error] :1:1: Premature end of file.
2025-11-16 12:16:11,257 [ERROR] LogOutputStream:75 - [STDERR_REDIRECT] 
2025-11-16 12:16:12,266 [ERROR] LogOutputStream:75 - [STDERR_REDIRECT] [Fatal Error] :1:1: Premature end of file.
2025-11-16 12:16:12,266 [ERROR] LogOutputStream:75 - [STDERR_REDIRECT] 
2025-11-16 12:16:13,260 [ERROR] LogOutputStream:75 - [STDERR_REDIRECT] [Fatal Error] :1:1: Premature end of file.
2025-11-16 12:16:13,260 [ERROR] LogOutputStream:75 - [STDERR_REDIRECT] 
2025-11-16 12:16:14,295 [ERROR] LogOutputStream:75 - [STDERR_REDIRECT] [Fatal Error] :1:1: Premature end of file.
2025-11-16 12:16:14,295 [ERROR] LogOutputStream:75 - [STDERR_REDIRECT] 
2025-11-16 12:16:15,258 [ERROR] LogOutputStream:75 - [STDERR_REDIRECT] [Fatal Error] :1:1: Premature end of file.
2025-11-16 12:16:15,258 [ERROR] LogOutputStream:75 - [STDERR_REDIRECT] 
2025-11-16 12:16:16,261 [ERROR] LogOutputStream:75 - [STDERR_REDIRECT] [Fatal Error] :1:1: Premature end of file.
2025-11-16 12:16:16,261 [ERROR] LogOutputStream:75 - [STDERR_REDIRECT] 
2025-11-16 12:16:17,258 [ERROR] LogOutputStream:75 - [STDERR_REDIRECT] [Fatal Error] :1:1: Premature end of file.
2025-11-16 12:16:17,258 [ERROR] LogOutputStream:75 - [STDERR_REDIRECT] 
2025-11-16 12:16:18,257 [ERROR] LogOutputStream:75 - [STDERR_REDIRECT] [Fatal Error] :1:1: Premature end of file.
2025-11-16 12:16:18,257 [ERROR] LogOutputStream:75 - [STDERR_REDIRECT] 
2025-11-16 12:16:19,257 [ERROR] LogOutputStream:75 - [STDERR_REDIRECT] [Fatal Error] :1:1: Premature end of file.
2025-11-16 12:16:19,257 [ERROR] LogOutputStream:75 - [STDERR_REDIRECT] 
2025-11-16 12:16:20,259 [ERROR] LogOutputStream:75 - [STDERR_REDIRECT] [Fatal Error] :1:1: Premature end of file.
2025-11-16 12:16:20,259 [ERROR] LogOutputStream:75 - [STDERR_REDIRECT] 
2025-11-16 12:16:21,259 [ERROR] LogOutputStream:75 - [STDERR_REDIRECT] [Fatal Error] :1:1: Premature end of file.
2025-11-16 12:16:21,259 [ERROR] LogOutputStream:75 - [STDERR_REDIRECT] 
2025-11-16 12:16:22,288 [ERROR] LogOutputStream:75 - [STDERR_REDIRECT] [Fatal Error] :1:1: Premature end of file.
2025-11-16 12:16:22,288 [ERROR] LogOutputStream:75 - [STDERR_REDIRECT] 
2025-11-16 12:16:23,266 [ERROR] LogOutputStream:75 - [STDERR_REDIRECT] [Fatal Error] :1:1: Premature end of file.
2025-11-16 12:16:23,266 [ERROR] LogOutputStream:75 - [STDERR_REDIRECT] 
2025-11-16 12:16:24,258 [ERROR] LogOutputStream:75 - [STDERR_REDIRECT] [Fatal Error] :1:1: Premature end of file.
2025-11-16 12:16:24,258 [ERROR] LogOutputStream:75 - [STDERR_REDIRECT] 
2025-11-16 12:16:25,258 [ERROR] LogOutputStream:75 - [STDERR_REDIRECT] [Fatal Error] :1:1: Premature end of file.
2025-11-16 12:16:25,258 [ERROR] LogOutputStream:75 - [STDERR_REDIRECT] 
2025-11-16 12:16:26,256 [ERROR] LogOutputStream:75 - [STDERR_REDIRECT] [Fatal Error] :1:1: Premature end of file.
2025-11-16 12:16:26,256 [ERROR] LogOutputStream:75 - [STDERR_REDIRECT] 
2025-11-16 12:16:27,259 [ERROR] LogOutputStream:75 - [STDERR_REDIRECT] [Fatal Error] :1:1: Premature end of file.
2025-11-16 12:16:27,259 [ERROR] LogOutputStream:75 - [STDERR_REDIRECT] 
2025-11-16 12:16:28,257 [ERROR] LogOutputStream:75 - [STDERR_REDIRECT] [Fatal Error] :1:1: Premature end of file.
2025-11-16 12:16:28,257 [ERROR] LogOutputStream:75 - [STDERR_REDIRECT] 
2025-11-16 12:16:29,258 [ERROR] LogOutputStream:75 - [STDERR_REDIRECT] [Fatal Error] :1:1: Premature end of file.
2025-11-16 12:16:29,258 [ERROR] LogOutputStream:75 - [STDERR_REDIRECT] 
2025-11-16 12:16:30,258 [ERROR] LogOutputStream:75 - [STDERR_REDIRECT] [Fatal Error] :1:1: Premature end of file.
2025-11-16 12:16:30,258 [ERROR] LogOutputStream:75 - [STDERR_REDIRECT] 
2025-11-16 12:16:31,259 [ERROR] LogOutputStream:75 - [STDERR_REDIRECT] [Fatal Error] :1:1: Premature end of file.
2025-11-16 12:16:31,259 [ERROR] LogOutputStream:75 - [STDERR_REDIRECT] 
2025-11-16 12:16:32,258 [ERROR] LogOutputStream:75 - [STDERR_REDIRECT] [Fatal Error] :1:1: Premature end of file.
2025-11-16 12:16:32,258 [ERROR] LogOutputStream:75 - [STDERR_REDIRECT] 
2025-11-16 12:16:33,258 [ERROR] LogOutputStream:75 - [STDERR_REDIRECT] [Fatal Error] :1:1: Premature end of file.
2025-11-16 12:16:33,258 [ERROR] LogOutputStream:75 - [STDERR_REDIRECT] 
2025-11-16 12:16:34,267 [ERROR] LogOutputStream:75 - [STDERR_REDIRECT] [Fatal Error] :1:1: Premature end of file.
2025-11-16 12:16:34,267 [ERROR] LogOutputStream:75 - [STDERR_REDIRECT] 
2025-11-16 12:16:35,267 [ERROR] LogOutputStream:75 - [STDERR_REDIRECT] [Fatal Error] :1:1: Premature end of file.
2025-11-16 12:16:35,267 [ERROR] LogOutputStream:75 - [STDERR_REDIRECT] 
2025-11-16 12:16:36,281 [ERROR] LogOutputStream:75 - [STDERR_REDIRECT] [Fatal Error] :1:1: Premature end of file.
2025-11-16 12:16:36,281 [ERROR] LogOutputStream:75 - [STDERR_REDIRECT] 
2025-11-16 12:16:37,267 [ERROR] LogOutputStream:75 - [STDERR_REDIRECT] [Fatal Error] :1:1: Premature end of file.
2025-11-16 12:16:37,267 [ERROR] LogOutputStream:75 - [STDERR_REDIRECT] 
2025-11-16 12:16:38,268 [ERROR] LogOutputStream:75 - [STDERR_REDIRECT] [Fatal Error] :1:1: Premature end of file.
2025-11-16 12:16:38,268 [ERROR] LogOutputStream:75 - [STDERR_REDIRECT] 
2025-11-16 12:16:39,258 [ERROR] LogOutputStream:75 - [STDERR_REDIRECT] [Fatal Error] :1:1: Premature end of file.
2025-11-16 12:16:39,258 [ERROR] LogOutputStream:75 - [STDERR_REDIRECT] 
2025-11-16 12:16:40,267 [ERROR] LogOutputStream:75 - [STDERR_REDIRECT] [Fatal Error] :1:1: Premature end of file.
2025-11-16 12:16:40,267 [ERROR] LogOutputStream:75 - [STDERR_REDIRECT] 
2025-11-16 12:16:41,260 [ERROR] LogOutputStream:75 - [STDERR_REDIRECT] [Fatal Error] :1:1: Premature end of file.
2025-11-16 12:16:41,260 [ERROR] LogOutputStream:75 - [STDERR_REDIRECT] 
2025-11-16 12:16:42,258 [ERROR] LogOutputStream:75 - [STDERR_REDIRECT] [Fatal Error] :1:1: Premature end of file.
2025-11-16 12:16:42,258 [ERROR] LogOutputStream:75 - [STDERR_REDIRECT] 
2025-11-16 12:16:43,273 [ERROR] LogOutputStream:75 - [STDERR_REDIRECT] [Fatal Error] :1:1: Premature end of file.
2025-11-16 12:16:43,273 [ERROR] LogOutputStream:75 - [STDERR_REDIRECT] 
2025-11-16 12:16:44,257 [ERROR] LogOutputStream:75 - [STDERR_REDIRECT] [Fatal Error] :1:1: Premature end of file.
2025-11-16 12:16:44,257 [ERROR] LogOutputStream:75 - [STDERR_REDIRECT] 
2025-11-16 12:16:45,257 [ERROR] LogOutputStream:75 - [STDERR_REDIRECT] [Fatal Error] :1:1: Premature end of file.
2025-11-16 12:16:45,257 [ERROR] LogOutputStream:75 - [STDERR_REDIRECT] 
2025-11-16 12:16:46,258 [ERROR] LogOutputStream:75 - [STDERR_REDIRECT] [Fatal Error] :1:1: Premature end of file.
2025-11-16 12:16:46,258 [ERROR] LogOutputStream:75 - [STDERR_REDIRECT] 
2025-11-16 12:16:47,259 [ERROR] LogOutputStream:75 - [STDERR_REDIRECT] [Fatal Error] :1:1: Premature end of file.
2025-11-16 12:16:47,259 [ERROR] LogOutputStream:75 - [STDERR_REDIRECT] 
2025-11-16 12:16:48,257 [ERROR] LogOutputStream:75 - [STDERR_REDIRECT] [Fatal Error] :1:1: Premature end of file.
2025-11-16 12:16:48,257 [ERROR] LogOutputStream:75 - [STDERR_REDIRECT] 
2025-11-16 12:16:49,257 [ERROR] LogOutputStream:75 - [STDERR_REDIRECT] [Fatal Error] :1:1: Premature end of file.
2025-11-16 12:16:49,257 [ERROR] LogOutputStream:75 - [STDERR_REDIRECT] 
2025-11-16 12:16:50,259 [ERROR] LogOutputStream:75 - [STDERR_REDIRECT] [Fatal Error] :1:1: Premature end of file.
2025-11-16 12:16:50,259 [ERROR] LogOutputStream:75 - [STDERR_REDIRECT] 
2025-11-16 12:16:51,258 [ERROR] LogOutputStream:75 - [STDERR_REDIRECT] [Fatal Error] :1:1: Premature end of file.
2025-11-16 12:16:51,258 [ERROR] LogOutputStream:75 - [STDERR_REDIRECT] 
2025-11-16 12:16:52,258 [ERROR] LogOutputStream:75 - [STDERR_REDIRECT] [Fatal Error] :1:1: Premature end of file.
2025-11-16 12:16:52,258 [ERROR] LogOutputStream:75 - [STDERR_REDIRECT] 
2025-11-16 12:16:53,268 [ERROR] LogOutputStream:75 - [STDERR_REDIRECT] [Fatal Error] :1:1: Premature end of file.
2025-11-16 12:16:53,268 [ERROR] LogOutputStream:75 - [STDERR_REDIRECT] 
2025-11-16 12:16:54,259 [ERROR] LogOutputStream:75 - [STDERR_REDIRECT] [Fatal Error] :1:1: Premature end of file.
2025-11-16 12:16:54,259 [ERROR] LogOutputStream:75 - [STDERR_REDIRECT] 
2025-11-16 12:16:55,260 [ERROR] LogOutputStream:75 - [STDERR_REDIRECT] [Fatal Error] :1:1: Premature end of file.
2025-11-16 12:16:55,260 [ERROR] LogOutputStream:75 - [STDERR_REDIRECT] 
2025-11-16 12:16:56,280 [ERROR] LogOutputStream:75 - [STDERR_REDIRECT] [Fatal Error] :1:1: Premature end of file.
2025-11-16 12:16:56,280 [ERROR] LogOutputStream:75 - [STDERR_REDIRECT] 
2025-11-16 12:16:57,257 [ERROR] LogOutputStream:75 - [STDERR_REDIRECT] [Fatal Error] :1:1: Premature end of file.
2025-11-16 12:16:57,257 [ERROR] LogOutputStream:75 - [STDERR_REDIRECT] 
2025-11-16 12:16:58,267 [ERROR] LogOutputStream:75 - [STDERR_REDIRECT] [Fatal Error] :1:1: Premature end of file.
2025-11-16 12:16:58,267 [ERROR] LogOutputStream:75 - [STDERR_REDIRECT] 
2025-11-16 12:16:59,258 [ERROR] LogOutputStream:75 - [STDERR_REDIRECT] [Fatal Error] :1:1: Premature end of file.
2025-11-16 12:16:59,258 [ERROR] LogOutputStream:75 - [STDERR_REDIRECT] 
2025-11-16 12:17:00,282 [ERROR] LogOutputStream:75 - [STDERR_REDIRECT] [Fatal Error] :1:1: Premature end of file.
2025-11-16 12:17:00,282 [ERROR] LogOutputStream:75 - [STDERR_REDIRECT] 
2025-11-16 12:17:01,283 [ERROR] LogOutputStream:75 - [STDERR_REDIRECT] [Fatal Error] :1:1: Premature end of file.
2025-11-16 12:17:01,283 [ERROR] LogOutputStream:75 - [STDERR_REDIRECT] 
2025-11-16 12:17:02,268 [ERROR] LogOutputStream:75 - [STDERR_REDIRECT] [Fatal Error] :1:1: Premature end of file.
2025-11-16 12:17:02,268 [ERROR] LogOutputStream:75 - [STDERR_REDIRECT] 
2025-11-16 12:17:03,292 [ERROR] LogOutputStream:75 - [STDERR_REDIRECT] [Fatal Error] :1:1: Premature end of file.
2025-11-16 12:17:03,292 [ERROR] LogOutputStream:75 - [STDERR_REDIRECT] 
2025-11-16 12:17:04,262 [ERROR] LogOutputStream:75 - [STDERR_REDIRECT] [Fatal Error] :1:1: Premature end of file.
2025-11-16 12:17:04,262 [ERROR] LogOutputStream:75 - [STDERR_REDIRECT] 
2025-11-16 12:17:05,267 [ERROR] LogOutputStream:75 - [STDERR_REDIRECT] [Fatal Error] :1:1: Premature end of file.
2025-11-16 12:17:05,267 [ERROR] LogOutputStream:75 - [STDERR_REDIRECT] 
2025-11-16 12:17:06,267 [ERROR] LogOutputStream:75 - [STDERR_REDIRECT] [Fatal Error] :1:1: Premature end of file.
2025-11-16 12:17:06,267 [ERROR] LogOutputStream:75 - [STDERR_REDIRECT] 
2025-11-16 12:17:07,258 [ERROR] LogOutputStream:75 - [STDERR_REDIRECT] [Fatal Error] :1:1: Premature end of file.
2025-11-16 12:17:07,258 [ERROR] LogOutputStream:75 - [STDERR_REDIRECT] 
2025-11-16 12:17:08,272 [ERROR] LogOutputStream:75 - [STDERR_REDIRECT] [Fatal Error] :1:1: Premature end of file.
2025-11-16 12:17:08,272 [ERROR] LogOutputStream:75 - [STDERR_REDIRECT] 
2025-11-16 12:17:09,258 [ERROR] LogOutputStream:75 - [STDERR_REDIRECT] [Fatal Error] :1:1: Premature end of file.
2025-11-16 12:17:09,258 [ERROR] LogOutputStream:75 - [STDERR_REDIRECT] 
2025-11-16 12:17:10,257 [ERROR] LogOutputStream:75 - [STDERR_REDIRECT] [Fatal Error] :1:1: Premature end of file.
2025-11-16 12:17:10,257 [ERROR] LogOutputStream:75 - [STDERR_REDIRECT] 
2025-11-16 12:17:11,296 [ERROR] LogOutputStream:75 - [STDERR_REDIRECT] [Fatal Error] :1:1: Premature end of file.
2025-11-16 12:17:11,298 [ERROR] LogOutputStream:75 - [STDERR_REDIRECT] 
2025-11-16 12:17:12,265 [ERROR] LogOutputStream:75 - [STDERR_REDIRECT] [Fatal Error] :1:1: Premature end of file.
2025-11-16 12:17:12,265 [ERROR] LogOutputStream:75 - [STDERR_REDIRECT] 
2025-11-16 12:17:13,266 [ERROR] LogOutputStream:75 - [STDERR_REDIRECT] [Fatal Error] :1:1: Premature end of file.
2025-11-16 12:17:13,266 [ERROR] LogOutputStream:75 - [STDERR_REDIRECT] 
2025-11-16 12:17:14,285 [ERROR] LogOutputStream:75 - [STDERR_REDIRECT] [Fatal Error] :1:1: Premature end of file.
2025-11-16 12:17:14,285 [ERROR] LogOutputStream:75 - [STDERR_REDIRECT] 
2025-11-16 12:17:15,258 [ERROR] LogOutputStream:75 - [STDERR_REDIRECT] [Fatal Error] :1:1: Premature end of file.
2025-11-16 12:17:15,258 [ERROR] LogOutputStream:75 - [STDERR_REDIRECT] 
2025-11-16 12:17:16,257 [ERROR] LogOutputStream:75 - [STDERR_REDIRECT] [Fatal Error] :1:1: Premature end of file.
2025-11-16 12:17:16,257 [ERROR] LogOutputStream:75 - [STDERR_REDIRECT] 
2025-11-16 12:17:17,256 [ERROR] LogOutputStream:75 - [STDERR_REDIRECT] [Fatal Error] :1:1: Premature end of file.
2025-11-16 12:17:17,256 [ERROR] LogOutputStream:75 - [STDERR_REDIRECT] 
2025-11-16 12:17:18,288 [ERROR] LogOutputStream:75 - [STDERR_REDIRECT] [Fatal Error] :1:1: Premature end of file.
2025-11-16 12:17:18,288 [ERROR] LogOutputStream:75 - [STDERR_REDIRECT] 
2025-11-16 12:17:19,257 [ERROR] LogOutputStream:75 - [STDERR_REDIRECT] [Fatal Error] :1:1: Premature end of file.
2025-11-16 12:17:19,257 [ERROR] LogOutputStream:75 - [STDERR_REDIRECT] 
2025-11-16 12:17:20,260 [ERROR] LogOutputStream:75 - [STDERR_REDIRECT] [Fatal Error] :1:1: Premature end of file.
2025-11-16 12:17:20,260 [ERROR] LogOutputStream:75 - [STDERR_REDIRECT] 
2025-11-16 12:17:21,257 [ERROR] LogOutputStream:75 - [STDERR_REDIRECT] [Fatal Error] :1:1: Premature end of file.
2025-11-16 12:17:21,257 [ERROR] LogOutputStream:75 - [STDERR_REDIRECT] 
2025-11-16 12:17:22,259 [ERROR] LogOutputStream:75 - [STDERR_REDIRECT] [Fatal Error] :1:1: Premature end of file.
2025-11-16 12:17:22,259 [ERROR] LogOutputStream:75 - [STDERR_REDIRECT] 
2025-11-16 12:17:23,258 [ERROR] LogOutputStream:75 - [STDERR_REDIRECT] [Fatal Error] :1:1: Premature end of file.
2025-11-16 12:17:23,258 [ERROR] LogOutputStream:75 - [STDERR_REDIRECT] 
2025-11-16 12:17:24,267 [ERROR] LogOutputStream:75 - [STDERR_REDIRECT] [Fatal Error] :1:1: Premature end of file.
2025-11-16 12:17:24,267 [ERROR] LogOutputStream:75 - [STDERR_REDIRECT] 
2025-11-16 12:17:25,256 [ERROR] LogOutputStream:75 - [STDERR_REDIRECT] [Fatal Error] :1:1: Premature end of file.
2025-11-16 12:17:25,256 [ERROR] LogOutputStream:75 - [STDERR_REDIRECT] 
2025-11-16 12:17:26,260 [ERROR] LogOutputStream:75 - [STDERR_REDIRECT] [Fatal Error] :1:1: Premature end of file.
2025-11-16 12:17:26,260 [ERROR] LogOutputStream:75 - [STDERR_REDIRECT] 
2025-11-16 12:17:27,260 [ERROR] LogOutputStream:75 - [STDERR_REDIRECT] [Fatal Error] :1:1: Premature end of file.
2025-11-16 12:17:27,260 [ERROR] LogOutputStream:75 - [STDERR_REDIRECT] 
2025-11-16 12:17:28,267 [ERROR] LogOutputStream:75 - [STDERR_REDIRECT] [Fatal Error] :1:1: Premature end of file.
2025-11-16 12:17:28,267 [ERROR] LogOutputStream:75 - [STDERR_REDIRECT] 
2025-11-16 12:17:29,286 [ERROR] LogOutputStream:75 - [STDERR_REDIRECT] [Fatal Error] :1:1: Premature end of file.
2025-11-16 12:17:29,286 [ERROR] LogOutputStream:75 - [STDERR_REDIRECT] 
2025-11-16 12:17:30,269 [ERROR] LogOutputStream:75 - [STDERR_REDIRECT] [Fatal Error] :1:1: Premature end of file.
2025-11-16 12:17:30,269 [ERROR] LogOutputStream:75 - [STDERR_REDIRECT] 
2025-11-16 12:17:31,266 [ERROR] LogOutputStream:75 - [STDERR_REDIRECT] [Fatal Error] :1:1: Premature end of file.
2025-11-16 12:17:31,266 [ERROR] LogOutputStream:75 - [STDERR_REDIRECT] 
2025-11-16 12:17:32,268 [ERROR] LogOutputStream:75 - [STDERR_REDIRECT] [Fatal Error] :1:1: Premature end of file.
2025-11-16 12:17:32,268 [ERROR] LogOutputStream:75 - [STDERR_REDIRECT] 
2025-11-16 12:17:33,283 [ERROR] LogOutputStream:75 - [STDERR_REDIRECT] [Fatal Error] :1:1: Premature end of file.
2025-11-16 12:17:33,283 [ERROR] LogOutputStream:75 - [STDERR_REDIRECT] 
2025-11-16 12:17:34,259 [ERROR] LogOutputStream:75 - [STDERR_REDIRECT] [Fatal Error] :1:1: Premature end of file.
2025-11-16 12:17:34,259 [ERROR] LogOutputStream:75 - [STDERR_REDIRECT] 
2025-11-16 12:17:35,267 [ERROR] LogOutputStream:75 - [STDERR_REDIRECT] [Fatal Error] :1:1: Premature end of file.
2025-11-16 12:17:35,267 [ERROR] LogOutputStream:75 - [STDERR_REDIRECT] 
2025-11-16 12:17:36,256 [ERROR] LogOutputStream:75 - [STDERR_REDIRECT] [Fatal Error] :1:1: Premature end of file.
2025-11-16 12:17:36,256 [ERROR] LogOutputStream:75 - [STDERR_REDIRECT] 
2025-11-16 12:17:37,267 [ERROR] LogOutputStream:75 - [STDERR_REDIRECT] [Fatal Error] :1:1: Premature end of file.
2025-11-16 12:17:37,267 [ERROR] LogOutputStream:75 - [STDERR_REDIRECT] 
2025-11-16 12:17:38,267 [ERROR] LogOutputStream:75 - [STDERR_REDIRECT] [Fatal Error] :1:1: Premature end of file.
2025-11-16 12:17:38,267 [ERROR] LogOutputStream:75 - [STDERR_REDIRECT] 
2025-11-16 12:17:39,282 [ERROR] LogOutputStream:75 - [STDERR_REDIRECT] [Fatal Error] :1:1: Premature end of file.
2025-11-16 12:17:39,282 [ERROR] LogOutputStream:75 - [STDERR_REDIRECT] 
2025-11-16 12:17:40,284 [ERROR] LogOutputStream:75 - [STDERR_REDIRECT] [Fatal Error] :1:1: Premature end of file.
2025-11-16 12:17:40,284 [ERROR] LogOutputStream:75 - [STDERR_REDIRECT] 
2025-11-16 12:17:41,263 [ERROR] LogOutputStream:75 - [STDERR_REDIRECT] [Fatal Error] :1:1: Premature end of file.
2025-11-16 12:17:41,263 [ERROR] LogOutputStream:75 - [STDERR_REDIRECT] 
2025-11-16 12:17:42,258 [ERROR] LogOutputStream:75 - [STDERR_REDIRECT] [Fatal Error] :1:1: Premature end of file.
2025-11-16 12:17:42,258 [ERROR] LogOutputStream:75 - [STDERR_REDIRECT] 
2025-11-16 12:17:43,256 [ERROR] LogOutputStream:75 - [STDERR_REDIRECT] [Fatal Error] :1:1: Premature end of file.
2025-11-16 12:17:43,258 [ERROR] LogOutputStream:75 - [STDERR_REDIRECT] 
2025-11-16 12:17:44,268 [ERROR] LogOutputStream:75 - [STDERR_REDIRECT] [Fatal Error] :1:1: Premature end of file.
2025-11-16 12:17:44,268 [ERROR] LogOutputStream:75 - [STDERR_REDIRECT] 
2025-11-16 12:17:45,260 [ERROR] LogOutputStream:75 - [STDERR_REDIRECT] [Fatal Error] :1:1: Premature end of file.
2025-11-16 12:17:45,260 [ERROR] LogOutputStream:75 - [STDERR_REDIRECT] 
2025-11-16 12:17:46,268 [ERROR] LogOutputStream:75 - [STDERR_REDIRECT] [Fatal Error] :1:1: Premature end of file.
2025-11-16 12:17:46,268 [ERROR] LogOutputStream:75 - [STDERR_REDIRECT] 
2025-11-16 12:17:47,266 [ERROR] LogOutputStream:75 - [STDERR_REDIRECT] [Fatal Error] :1:1: Premature end of file.
2025-11-16 12:17:47,266 [ERROR] LogOutputStream:75 - [STDERR_REDIRECT] 
2025-11-16 12:17:48,265 [ERROR] LogOutputStream:75 - [STDERR_REDIRECT] [Fatal Error] :1:1: Premature end of file.
2025-11-16 12:17:48,265 [ERROR] LogOutputStream:75 - [STDERR_REDIRECT] 
2025-11-16 12:17:49,267 [ERROR] LogOutputStream:75 - [STDERR_REDIRECT] [Fatal Error] :1:1: Premature end of file.
2025-11-16 12:17:49,267 [ERROR] LogOutputStream:75 - [STDERR_REDIRECT] 
2025-11-16 12:17:50,256 [ERROR] LogOutputStream:75 - [STDERR_REDIRECT] [Fatal Error] :1:1: Premature end of file.
2025-11-16 12:17:50,257 [ERROR] LogOutputStream:75 - [STDERR_REDIRECT] 
2025-11-16 12:17:51,286 [ERROR] LogOutputStream:75 - [STDERR_REDIRECT] [Fatal Error] :1:1: Premature end of file.
2025-11-16 12:17:51,286 [ERROR] LogOutputStream:75 - [STDERR_REDIRECT] 
2025-11-16 12:17:52,259 [ERROR] LogOutputStream:75 - [STDERR_REDIRECT] [Fatal Error] :1:1: Premature end of file.
2025-11-16 12:17:52,259 [ERROR] LogOutputStream:75 - [STDERR_REDIRECT] 
2025-11-16 12:17:53,267 [ERROR] LogOutputStream:75 - [STDERR_REDIRECT] [Fatal Error] :1:1: Premature end of file.
2025-11-16 12:17:53,267 [ERROR] LogOutputStream:75 - [STDERR_REDIRECT] 
2025-11-16 12:17:54,259 [ERROR] LogOutputStream:75 - [STDERR_REDIRECT] [Fatal Error] :1:1: Premature end of file.
2025-11-16 12:17:54,259 [ERROR] LogOutputStream:75 - [STDERR_REDIRECT] 
2025-11-16 12:17:55,275 [ERROR] LogOutputStream:75 - [STDERR_REDIRECT] [Fatal Error] :1:1: Premature end of file.
2025-11-16 12:17:55,275 [ERROR] LogOutputStream:75 - [STDERR_REDIRECT] 
2025-11-16 12:17:56,258 [ERROR] LogOutputStream:75 - [STDERR_REDIRECT] [Fatal Error] :1:1: Premature end of file.
2025-11-16 12:17:56,258 [ERROR] LogOutputStream:75 - [STDERR_REDIRECT] 
2025-11-16 12:17:57,268 [ERROR] LogOutputStream:75 - [STDERR_REDIRECT] [Fatal Error] :1:1: Premature end of file.
2025-11-16 12:17:57,268 [ERROR] LogOutputStream:75 - [STDERR_REDIRECT] 
2025-11-16 12:17:58,267 [ERROR] LogOutputStream:75 - [STDERR_REDIRECT] [Fatal Error] :1:1: Premature end of file.
2025-11-16 12:17:58,267 [ERROR] LogOutputStream:75 - [STDERR_REDIRECT] 
2025-11-16 12:17:59,265 [ERROR] LogOutputStream:75 - [STDERR_REDIRECT] [Fatal Error] :1:1: Premature end of file.
2025-11-16 12:17:59,265 [ERROR] LogOutputStream:75 - [STDERR_REDIRECT] 
2025-11-16 12:18:00,258 [ERROR] LogOutputStream:75 - [STDERR_REDIRECT] [Fatal Error] :1:1: Premature end of file.
2025-11-16 12:18:00,258 [ERROR] LogOutputStream:75 - [STDERR_REDIRECT] 
2025-11-16 12:18:01,267 [ERROR] LogOutputStream:75 - [STDERR_REDIRECT] [Fatal Error] :1:1: Premature end of file.
2025-11-16 12:18:01,267 [ERROR] LogOutputStream:75 - [STDERR_REDIRECT] 
2025-11-16 12:18:02,267 [ERROR] LogOutputStream:75 - [STDERR_REDIRECT] [Fatal Error] :1:1: Premature end of file.
2025-11-16 12:18:02,267 [ERROR] LogOutputStream:75 - [STDERR_REDIRECT] 
2025-11-16 12:18:03,266 [ERROR] LogOutputStream:75 - [STDERR_REDIRECT] [Fatal Error] :1:1: Premature end of file.
2025-11-16 12:18:03,266 [ERROR] LogOutputStream:75 - [STDERR_REDIRECT] 
2025-11-16 12:18:04,265 [ERROR] LogOutputStream:75 - [STDERR_REDIRECT] [Fatal Error] :1:1: Premature end of file.
2025-11-16 12:18:04,265 [ERROR] LogOutputStream:75 - [STDERR_REDIRECT] 
2025-11-16 12:18:05,267 [ERROR] LogOutputStream:75 - [STDERR_REDIRECT] [Fatal Error] :1:1: Premature end of file.
2025-11-16 12:18:05,267 [ERROR] LogOutputStream:75 - [STDERR_REDIRECT] 
2025-11-16 12:18:06,258 [ERROR] LogOutputStream:75 - [STDERR_REDIRECT] [Fatal Error] :1:1: Premature end of file.
2025-11-16 12:18:06,258 [ERROR] LogOutputStream:75 - [STDERR_REDIRECT] 
2025-11-16 12:18:07,259 [ERROR] LogOutputStream:75 - [STDERR_REDIRECT] [Fatal Error] :1:1: Premature end of file.
2025-11-16 12:18:07,259 [ERROR] LogOutputStream:75 - [STDERR_REDIRECT] 
2025-11-16 12:18:08,259 [ERROR] LogOutputStream:75 - [STDERR_REDIRECT] [Fatal Error] :1:1: Premature end of file.
2025-11-16 12:18:08,259 [ERROR] LogOutputStream:75 - [STDERR_REDIRECT] 
2025-11-16 12:18:09,266 [ERROR] LogOutputStream:75 - [STDERR_REDIRECT] [Fatal Error] :1:1: Premature end of file.
2025-11-16 12:18:09,266 [ERROR] LogOutputStream:75 - [STDERR_REDIRECT] 
2025-11-16 12:18:10,267 [ERROR] LogOutputStream:75 - [STDERR_REDIRECT] [Fatal Error] :1:1: Premature end of file.
2025-11-16 12:18:10,267 [ERROR] LogOutputStream:75 - [STDERR_REDIRECT] 
2025-11-16 12:18:11,258 [ERROR] LogOutputStream:75 - [STDERR_REDIRECT] [Fatal Error] :1:1: Premature end of file.
2025-11-16 12:18:11,258 [ERROR] LogOutputStream:75 - [STDERR_REDIRECT] 
2025-11-16 12:18:12,256 [ERROR] LogOutputStream:75 - [STDERR_REDIRECT] [Fatal Error] :1:1: Premature end of file.
2025-11-16 12:18:12,256 [ERROR] LogOutputStream:75 - [STDERR_REDIRECT] 
2025-11-16 12:18:13,267 [ERROR] LogOutputStream:75 - [STDERR_REDIRECT] [Fatal Error] :1:1: Premature end of file.
2025-11-16 12:18:13,267 [ERROR] LogOutputStream:75 - [STDERR_REDIRECT] 
2025-11-16 12:18:14,267 [ERROR] LogOutputStream:75 - [STDERR_REDIRECT] [Fatal Error] :1:1: Premature end of file.
2025-11-16 12:18:14,267 [ERROR] LogOutputStream:75 - [STDERR_REDIRECT] 
2025-11-16 12:18:15,267 [ERROR] LogOutputStream:75 - [STDERR_REDIRECT] [Fatal Error] :1:1: Premature end of file.
2025-11-16 12:18:15,267 [ERROR] LogOutputStream:75 - [STDERR_REDIRECT] 
2025-11-16 12:18:16,259 [ERROR] LogOutputStream:75 - [STDERR_REDIRECT] [Fatal Error] :1:1: Premature end of file.
2025-11-16 12:18:16,259 [ERROR] LogOutputStream:75 - [STDERR_REDIRECT] 
2025-11-16 12:18:17,267 [ERROR] LogOutputStream:75 - [STDERR_REDIRECT] [Fatal Error] :1:1: Premature end of file.
2025-11-16 12:18:17,267 [ERROR] LogOutputStream:75 - [STDERR_REDIRECT] 
2025-11-16 12:18:18,268 [ERROR] LogOutputStream:75 - [STDERR_REDIRECT] [Fatal Error] :1:1: Premature end of file.
2025-11-16 12:18:18,268 [ERROR] LogOutputStream:75 - [STDERR_REDIRECT] 
2025-11-16 12:18:19,267 [ERROR] LogOutputStream:75 - [STDERR_REDIRECT] [Fatal Error] :1:1: Premature end of file.
2025-11-16 12:18:19,267 [ERROR] LogOutputStream:75 - [STDERR_REDIRECT] 
2025-11-16 12:18:20,266 [ERROR] LogOutputStream:75 - [STDERR_REDIRECT] [Fatal Error] :1:1: Premature end of file.
2025-11-16 12:18:20,266 [ERROR] LogOutputStream:75 - [STDERR_REDIRECT] 
2025-11-16 12:18:21,261 [ERROR] LogOutputStream:75 - [STDERR_REDIRECT] [Fatal Error] :1:1: Premature end of file.
2025-11-16 12:18:21,261 [ERROR] LogOutputStream:75 - [STDERR_REDIRECT] 
2025-11-16 12:18:22,259 [ERROR] LogOutputStream:75 - [STDERR_REDIRECT] [Fatal Error] :1:1: Premature end of file.
2025-11-16 12:18:22,259 [ERROR] LogOutputStream:75 - [STDERR_REDIRECT] 
2025-11-16 12:18:23,297 [ERROR] LogOutputStream:75 - [STDERR_REDIRECT] [Fatal Error] :1:1: Premature end of file.
2025-11-16 12:18:23,297 [ERROR] LogOutputStream:75 - [STDERR_REDIRECT] 
2025-11-16 12:18:24,267 [ERROR] LogOutputStream:75 - [STDERR_REDIRECT] [Fatal Error] :1:1: Premature end of file.
2025-11-16 12:18:24,267 [ERROR] LogOutputStream:75 - [STDERR_REDIRECT] 
2025-11-16 12:18:25,276 [ERROR] LogOutputStream:75 - [STDERR_REDIRECT] [Fatal Error] :1:1: Premature end of file.
2025-11-16 12:18:25,276 [ERROR] LogOutputStream:75 - [STDERR_REDIRECT] 
2025-11-16 12:18:26,266 [ERROR] LogOutputStream:75 - [STDERR_REDIRECT] [Fatal Error] :1:1: Premature end of file.
2025-11-16 12:18:26,266 [ERROR] LogOutputStream:75 - [STDERR_REDIRECT] 
2025-11-16 12:18:27,257 [ERROR] LogOutputStream:75 - [STDERR_REDIRECT] [Fatal Error] :1:1: Premature end of file.
2025-11-16 12:18:27,257 [ERROR] LogOutputStream:75 - [STDERR_REDIRECT] 
2025-11-16 12:18:28,256 [ERROR] LogOutputStream:75 - [STDERR_REDIRECT] [Fatal Error] :1:1: Premature end of file.
2025-11-16 12:18:28,257 [ERROR] LogOutputStream:75 - [STDERR_REDIRECT] 
2025-11-16 12:18:29,260 [ERROR] LogOutputStream:75 - [STDERR_REDIRECT] [Fatal Error] :1:1: Premature end of file.
2025-11-16 12:18:29,260 [ERROR] LogOutputStream:75 - [STDERR_REDIRECT] 
2025-11-16 12:18:30,259 [ERROR] LogOutputStream:75 - [STDERR_REDIRECT] [Fatal Error] :1:1: Premature end of file.
2025-11-16 12:18:30,259 [ERROR] LogOutputStream:75 - [STDERR_REDIRECT] 
2025-11-16 12:18:31,258 [ERROR] LogOutputStream:75 - [STDERR_REDIRECT] [Fatal Error] :1:1: Premature end of file.
2025-11-16 12:18:31,258 [ERROR] LogOutputStream:75 - [STDERR_REDIRECT] 
2025-11-16 12:18:32,267 [ERROR] LogOutputStream:75 - [STDERR_REDIRECT] [Fatal Error] :1:1: Premature end of file.
2025-11-16 12:18:32,267 [ERROR] LogOutputStream:75 - [STDERR_REDIRECT] 
2025-11-16 12:18:33,257 [ERROR] LogOutputStream:75 - [STDERR_REDIRECT] [Fatal Error] :1:1: Premature end of file.
2025-11-16 12:18:33,257 [ERROR] LogOutputStream:75 - [STDERR_REDIRECT] 
2025-11-16 12:18:34,258 [ERROR] LogOutputStream:75 - [STDERR_REDIRECT] [Fatal Error] :1:1: Premature end of file.
2025-11-16 12:18:34,258 [ERROR] LogOutputStream:75 - [STDERR_REDIRECT] 
2025-11-16 12:18:35,269 [ERROR] LogOutputStream:75 - [STDERR_REDIRECT] [Fatal Error] :1:1: Premature end of file.
2025-11-16 12:18:35,269 [ERROR] LogOutputStream:75 - [STDERR_REDIRECT] 
2025-11-16 12:18:36,256 [ERROR] LogOutputStream:75 - [STDERR_REDIRECT] [Fatal Error] :1:1: Premature end of file.
2025-11-16 12:18:36,256 [ERROR] LogOutputStream:75 - [STDERR_REDIRECT] 
2025-11-16 12:18:37,275 [ERROR] LogOutputStream:75 - [STDERR_REDIRECT] [Fatal Error] :1:1: Premature end of file.
2025-11-16 12:18:37,275 [ERROR] LogOutputStream:75 - [STDERR_REDIRECT] 
2025-11-16 12:18:38,257 [ERROR] LogOutputStream:75 - [STDERR_REDIRECT] [Fatal Error] :1:1: Premature end of file.
2025-11-16 12:18:38,257 [ERROR] LogOutputStream:75 - [STDERR_REDIRECT] 
2025-11-16 12:18:39,267 [ERROR] LogOutputStream:75 - [STDERR_REDIRECT] [Fatal Error] :1:1: Premature end of file.
2025-11-16 12:18:39,267 [ERROR] LogOutputStream:75 - [STDERR_REDIRECT] 
2025-11-16 12:18:40,256 [ERROR] LogOutputStream:75 - [STDERR_REDIRECT] [Fatal Error] :1:1: Premature end of file.
2025-11-16 12:18:40,257 [ERROR] LogOutputStream:75 - [STDERR_REDIRECT] 
2025-11-16 12:18:41,269 [ERROR] LogOutputStream:75 - [STDERR_REDIRECT] [Fatal Error] :1:1: Premature end of file.
2025-11-16 12:18:41,269 [ERROR] LogOutputStream:75 - [STDERR_REDIRECT] 
2025-11-16 12:18:42,265 [ERROR] LogOutputStream:75 - [STDERR_REDIRECT] [Fatal Error] :1:1: Premature end of file.
2025-11-16 12:18:42,265 [ERROR] LogOutputStream:75 - [STDERR_REDIRECT] 
2025-11-16 12:18:43,267 [ERROR] LogOutputStream:75 - [STDERR_REDIRECT] [Fatal Error] :1:1: Premature end of file.
2025-11-16 12:18:43,267 [ERROR] LogOutputStream:75 - [STDERR_REDIRECT] 
2025-11-16 12:18:44,258 [ERROR] LogOutputStream:75 - [STDERR_REDIRECT] [Fatal Error] :1:1: Premature end of file.
2025-11-16 12:18:44,258 [ERROR] LogOutputStream:75 - [STDERR_REDIRECT] 
2025-11-16 12:18:45,258 [ERROR] LogOutputStream:75 - [STDERR_REDIRECT] [Fatal Error] :1:1: Premature end of file.
2025-11-16 12:18:45,259 [ERROR] LogOutputStream:75 - [STDERR_REDIRECT] 
2025-11-16 12:18:46,259 [ERROR] LogOutputStream:75 - [STDERR_REDIRECT] [Fatal Error] :1:1: Premature end of file.
2025-11-16 12:18:46,259 [ERROR] LogOutputStream:75 - [STDERR_REDIRECT] 
2025-11-16 12:18:47,259 [ERROR] LogOutputStream:75 - [STDERR_REDIRECT] [Fatal Error] :1:1: Premature end of file.
2025-11-16 12:18:47,259 [ERROR] LogOutputStream:75 - [STDERR_REDIRECT] 
2025-11-16 12:18:48,259 [ERROR] LogOutputStream:75 - [STDERR_REDIRECT] [Fatal Error] :1:1: Premature end of file.
2025-11-16 12:18:48,259 [ERROR] LogOutputStream:75 - [STDERR_REDIRECT] 
2025-11-16 12:18:49,258 [ERROR] LogOutputStream:75 - [STDERR_REDIRECT] [Fatal Error] :1:1: Premature end of file.
2025-11-16 12:18:49,258 [ERROR] LogOutputStream:75 - [STDERR_REDIRECT] 
2025-11-16 12:18:50,262 [ERROR] LogOutputStream:75 - [STDERR_REDIRECT] [Fatal Error] :1:1: Premature end of file.
2025-11-16 12:18:50,262 [ERROR] LogOutputStream:75 - [STDERR_REDIRECT] 
2025-11-16 12:18:51,273 [ERROR] LogOutputStream:75 - [STDERR_REDIRECT] [Fatal Error] :1:1: Premature end of file.
2025-11-16 12:18:51,273 [ERROR] LogOutputStream:75 - [STDERR_REDIRECT] 
2025-11-16 12:18:52,259 [ERROR] LogOutputStream:75 - [STDERR_REDIRECT] [Fatal Error] :1:1: Premature end of file.
2025-11-16 12:18:52,259 [ERROR] LogOutputStream:75 - [STDERR_REDIRECT] 
2025-11-16 12:18:53,258 [ERROR] LogOutputStream:75 - [STDERR_REDIRECT] [Fatal Error] :1:1: Premature end of file.
2025-11-16 12:18:53,258 [ERROR] LogOutputStream:75 - [STDERR_REDIRECT] 
2025-11-16 12:18:54,264 [ERROR] LogOutputStream:75 - [STDERR_REDIRECT] [Fatal Error] :1:1: Premature end of file.
2025-11-16 12:18:54,264 [ERROR] LogOutputStream:75 - [STDERR_REDIRECT] 
2025-11-16 12:18:55,259 [ERROR] LogOutputStream:75 - [STDERR_REDIRECT] [Fatal Error] :1:1: Premature end of file.
2025-11-16 12:18:55,259 [ERROR] LogOutputStream:75 - [STDERR_REDIRECT] 
2025-11-16 12:18:56,257 [ERROR] LogOutputStream:75 - [STDERR_REDIRECT] [Fatal Error] :1:1: Premature end of file.
2025-11-16 12:18:56,257 [ERROR] LogOutputStream:75 - [STDERR_REDIRECT] 
2025-11-16 12:18:57,258 [ERROR] LogOutputStream:75 - [STDERR_REDIRECT] [Fatal Error] :1:1: Premature end of file.
2025-11-16 12:18:57,259 [ERROR] LogOutputStream:75 - [STDERR_REDIRECT] 
2025-11-16 12:18:58,260 [ERROR] LogOutputStream:75 - [STDERR_REDIRECT] [Fatal Error] :1:1: Premature end of file.
2025-11-16 12:18:58,260 [ERROR] LogOutputStream:75 - [STDERR_REDIRECT] 
2025-11-16 12:18:59,263 [ERROR] LogOutputStream:75 - [STDERR_REDIRECT] [Fatal Error] :1:1: Premature end of file.
2025-11-16 12:18:59,263 [ERROR] LogOutputStream:75 - [STDERR_REDIRECT] 
2025-11-16 12:19:00,260 [ERROR] LogOutputStream:75 - [STDERR_REDIRECT] [Fatal Error] :1:1: Premature end of file.
2025-11-16 12:19:00,260 [ERROR] LogOutputStream:75 - [STDERR_REDIRECT] 
2025-11-16 12:19:01,264 [ERROR] LogOutputStream:75 - [STDERR_REDIRECT] [Fatal Error] :1:1: Premature end of file.
2025-11-16 12:19:01,264 [ERROR] LogOutputStream:75 - [STDERR_REDIRECT] 
2025-11-16 12:19:02,266 [ERROR] LogOutputStream:75 - [STDERR_REDIRECT] [Fatal Error] :1:1: Premature end of file.
2025-11-16 12:19:02,266 [ERROR] LogOutputStream:75 - [STDERR_REDIRECT] 
2025-11-16 12:19:03,295 [ERROR] LogOutputStream:75 - [STDERR_REDIRECT] [Fatal Error] :1:1: Premature end of file.
2025-11-16 12:19:03,295 [ERROR] LogOutputStream:75 - [STDERR_REDIRECT] 
2025-11-16 12:19:04,265 [ERROR] LogOutputStream:75 - [STDERR_REDIRECT] [Fatal Error] :1:1: Premature end of file.
2025-11-16 12:19:04,265 [ERROR] LogOutputStream:75 - [STDERR_REDIRECT] 
2025-11-16 12:19:05,264 [ERROR] LogOutputStream:75 - [STDERR_REDIRECT] [Fatal Error] :1:1: Premature end of file.
2025-11-16 12:19:05,264 [ERROR] LogOutputStream:75 - [STDERR_REDIRECT] 
2025-11-16 12:19:06,264 [ERROR] LogOutputStream:75 - [STDERR_REDIRECT] [Fatal Error] :1:1: Premature end of file.
2025-11-16 12:19:06,264 [ERROR] LogOutputStream:75 - [STDERR_REDIRECT] 
2025-11-16 12:19:07,275 [ERROR] LogOutputStream:75 - [STDERR_REDIRECT] [Fatal Error] :1:1: Premature end of file.
2025-11-16 12:19:07,275 [ERROR] LogOutputStream:75 - [STDERR_REDIRECT] 
2025-11-16 12:19:08,266 [ERROR] LogOutputStream:75 - [STDERR_REDIRECT] [Fatal Error] :1:1: Premature end of file.
2025-11-16 12:19:08,266 [ERROR] LogOutputStream:75 - [STDERR_REDIRECT] 
2025-11-16 12:19:09,267 [ERROR] LogOutputStream:75 - [STDERR_REDIRECT] [Fatal Error] :1:1: Premature end of file.
2025-11-16 12:19:09,267 [ERROR] LogOutputStream:75 - [STDERR_REDIRECT] 
2025-11-16 12:19:10,267 [ERROR] LogOutputStream:75 - [STDERR_REDIRECT] [Fatal Error] :1:1: Premature end of file.
2025-11-16 12:19:10,267 [ERROR] LogOutputStream:75 - [STDERR_REDIRECT] 
2025-11-16 12:19:11,267 [ERROR] LogOutputStream:75 - [STDERR_REDIRECT] [Fatal Error] :1:1: Premature end of file.
2025-11-16 12:19:11,267 [ERROR] LogOutputStream:75 - [STDERR_REDIRECT] 
2025-11-16 12:19:12,268 [ERROR] LogOutputStream:75 - [STDERR_REDIRECT] [Fatal Error] :1:1: Premature end of file.
2025-11-16 12:19:12,268 [ERROR] LogOutputStream:75 - [STDERR_REDIRECT] 
2025-11-16 12:19:13,267 [ERROR] LogOutputStream:75 - [STDERR_REDIRECT] [Fatal Error] :1:1: Premature end of file.
2025-11-16 12:19:13,267 [ERROR] LogOutputStream:75 - [STDERR_REDIRECT] 
2025-11-16 12:19:14,257 [ERROR] LogOutputStream:75 - [STDERR_REDIRECT] [Fatal Error] :1:1: Premature end of file.
2025-11-16 12:19:14,257 [ERROR] LogOutputStream:75 - [STDERR_REDIRECT] 
2025-11-16 12:19:15,268 [ERROR] LogOutputStream:75 - [STDERR_REDIRECT] [Fatal Error] :1:1: Premature end of file.
2025-11-16 12:19:15,268 [ERROR] LogOutputStream:75 - [STDERR_REDIRECT] 
2025-11-16 12:19:16,267 [ERROR] LogOutputStream:75 - [STDERR_REDIRECT] [Fatal Error] :1:1: Premature end of file.
2025-11-16 12:19:16,267 [ERROR] LogOutputStream:75 - [STDERR_REDIRECT] 
2025-11-16 12:19:17,267 [ERROR] LogOutputStream:75 - [STDERR_REDIRECT] [Fatal Error] :1:1: Premature end of file.
2025-11-16 12:19:17,267 [ERROR] LogOutputStream:75 - [STDERR_REDIRECT] 
2025-11-16 12:19:18,258 [ERROR] LogOutputStream:75 - [STDERR_REDIRECT] [Fatal Error] :1:1: Premature end of file.
2025-11-16 12:19:18,258 [ERROR] LogOutputStream:75 - [STDERR_REDIRECT] 
2025-11-16 12:19:19,267 [ERROR] LogOutputStream:75 - [STDERR_REDIRECT] [Fatal Error] :1:1: Premature end of file.
2025-11-16 12:19:19,267 [ERROR] LogOutputStream:75 - [STDERR_REDIRECT] 
2025-11-16 12:19:20,267 [ERROR] LogOutputStream:75 - [STDERR_REDIRECT] [Fatal Error] :1:1: Premature end of file.
2025-11-16 12:19:20,267 [ERROR] LogOutputStream:75 - [STDERR_REDIRECT] 
2025-11-16 12:19:21,276 [ERROR] LogOutputStream:75 - [STDERR_REDIRECT] [Fatal Error] :1:1: Premature end of file.
2025-11-16 12:19:21,276 [ERROR] LogOutputStream:75 - [STDERR_REDIRECT] 
2025-11-16 12:19:22,268 [ERROR] LogOutputStream:75 - [STDERR_REDIRECT] [Fatal Error] :1:1: Premature end of file.
2025-11-16 12:19:22,268 [ERROR] LogOutputStream:75 - [STDERR_REDIRECT] 
2025-11-16 12:19:23,261 [ERROR] LogOutputStream:75 - [STDERR_REDIRECT] [Fatal Error] :1:1: Premature end of file.
2025-11-16 12:19:23,261 [ERROR] LogOutputStream:75 - [STDERR_REDIRECT] 
2025-11-16 12:19:24,258 [ERROR] LogOutputStream:75 - [STDERR_REDIRECT] [Fatal Error] :1:1: Premature end of file.
2025-11-16 12:19:24,258 [ERROR] LogOutputStream:75 - [STDERR_REDIRECT] 
2025-11-16 12:19:25,292 [ERROR] LogOutputStream:75 - [STDERR_REDIRECT] [Fatal Error] :1:1: Premature end of file.
2025-11-16 12:19:25,292 [ERROR] LogOutputStream:75 - [STDERR_REDIRECT] 
2025-11-16 12:19:26,256 [ERROR] LogOutputStream:75 - [STDERR_REDIRECT] [Fatal Error] :1:1: Premature end of file.
2025-11-16 12:19:26,256 [ERROR] LogOutputStream:75 - [STDERR_REDIRECT] 
2025-11-16 12:19:27,259 [ERROR] LogOutputStream:75 - [STDERR_REDIRECT] [Fatal Error] :1:1: Premature end of file.
2025-11-16 12:19:27,259 [ERROR] LogOutputStream:75 - [STDERR_REDIRECT] 
2025-11-16 12:19:28,257 [ERROR] LogOutputStream:75 - [STDERR_REDIRECT] [Fatal Error] :1:1: Premature end of file.
2025-11-16 12:19:28,258 [ERROR] LogOutputStream:75 - [STDERR_REDIRECT] 
2025-11-16 12:19:29,258 [ERROR] LogOutputStream:75 - [STDERR_REDIRECT] [Fatal Error] :1:1: Premature end of file.
2025-11-16 12:19:29,258 [ERROR] LogOutputStream:75 - [STDERR_REDIRECT] 
2025-11-16 12:19:30,263 [ERROR] LogOutputStream:75 - [STDERR_REDIRECT] [Fatal Error] :1:1: Premature end of file.
2025-11-16 12:19:30,263 [ERROR] LogOutputStream:75 - [STDERR_REDIRECT] 
2025-11-16 12:19:31,277 [ERROR] LogOutputStream:75 - [STDERR_REDIRECT] [Fatal Error] :1:1: Premature end of file.
2025-11-16 12:19:31,277 [ERROR] LogOutputStream:75 - [STDERR_REDIRECT] 
2025-11-16 12:19:32,300 [ERROR] LogOutputStream:75 - [STDERR_REDIRECT] [Fatal Error] :1:1: Premature end of file.
2025-11-16 12:19:32,300 [ERROR] LogOutputStream:75 - [STDERR_REDIRECT] 
2025-11-16 12:19:33,269 [ERROR] LogOutputStream:75 - [STDERR_REDIRECT] [Fatal Error] :1:1: Premature end of file.
2025-11-16 12:19:33,269 [ERROR] LogOutputStream:75 - [STDERR_REDIRECT] 
2025-11-16 12:19:34,256 [ERROR] LogOutputStream:75 - [STDERR_REDIRECT] [Fatal Error] :1:1: Premature end of file.
2025-11-16 12:19:34,256 [ERROR] LogOutputStream:75 - [STDERR_REDIRECT] 
2025-11-16 12:19:35,267 [ERROR] LogOutputStream:75 - [STDERR_REDIRECT] [Fatal Error] :1:1: Premature end of file.
2025-11-16 12:19:35,267 [ERROR] LogOutputStream:75 - [STDERR_REDIRECT] 
2025-11-16 12:19:36,270 [ERROR] LogOutputStream:75 - [STDERR_REDIRECT] [Fatal Error] :1:1: Premature end of file.
2025-11-16 12:19:36,270 [ERROR] LogOutputStream:75 - [STDERR_REDIRECT] 
2025-11-16 12:19:37,261 [ERROR] LogOutputStream:75 - [STDERR_REDIRECT] [Fatal Error] :1:1: Premature end of file.
2025-11-16 12:19:37,261 [ERROR] LogOutputStream:75 - [STDERR_REDIRECT] 
2025-11-16 12:19:38,263 [ERROR] LogOutputStream:75 - [STDERR_REDIRECT] [Fatal Error] :1:1: Premature end of file.
2025-11-16 12:19:38,263 [ERROR] LogOutputStream:75 - [STDERR_REDIRECT] 
2025-11-16 12:19:39,281 [ERROR] LogOutputStream:75 - [STDERR_REDIRECT] [Fatal Error] :1:1: Premature end of file.
2025-11-16 12:19:39,281 [ERROR] LogOutputStream:75 - [STDERR_REDIRECT] 
2025-11-16 12:19:40,257 [ERROR] LogOutputStream:75 - [STDERR_REDIRECT] [Fatal Error] :1:1: Premature end of file.
2025-11-16 12:19:40,257 [ERROR] LogOutputStream:75 - [STDERR_REDIRECT] 
2025-11-16 12:19:41,257 [ERROR] LogOutputStream:75 - [STDERR_REDIRECT] [Fatal Error] :1:1: Premature end of file.
2025-11-16 12:19:41,257 [ERROR] LogOutputStream:75 - [STDERR_REDIRECT] 
2025-11-16 12:19:42,267 [ERROR] LogOutputStream:75 - [STDERR_REDIRECT] [Fatal Error] :1:1: Premature end of file.
2025-11-16 12:19:42,267 [ERROR] LogOutputStream:75 - [STDERR_REDIRECT] 
2025-11-16 12:19:43,277 [ERROR] LogOutputStream:75 - [STDERR_REDIRECT] [Fatal Error] :1:1: Premature end of file.
2025-11-16 12:19:43,277 [ERROR] LogOutputStream:75 - [STDERR_REDIRECT] 
2025-11-16 12:19:44,264 [ERROR] LogOutputStream:75 - [STDERR_REDIRECT] [Fatal Error] :1:1: Premature end of file.
2025-11-16 12:19:44,264 [ERROR] LogOutputStream:75 - [STDERR_REDIRECT] 
2025-11-16 12:19:45,289 [ERROR] LogOutputStream:75 - [STDERR_REDIRECT] [Fatal Error] :1:1: Premature end of file.
2025-11-16 12:19:45,289 [ERROR] LogOutputStream:75 - [STDERR_REDIRECT] 
2025-11-16 12:19:46,277 [ERROR] LogOutputStream:75 - [STDERR_REDIRECT] [Fatal Error] :1:1: Premature end of file.
2025-11-16 12:19:46,277 [ERROR] LogOutputStream:75 - [STDERR_REDIRECT] 
2025-11-16 12:19:47,267 [ERROR] LogOutputStream:75 - [STDERR_REDIRECT] [Fatal Error] :1:1: Premature end of file.
2025-11-16 12:19:47,267 [ERROR] LogOutputStream:75 - [STDERR_REDIRECT] 
2025-11-16 12:19:48,289 [ERROR] LogOutputStream:75 - [STDERR_REDIRECT] [Fatal Error] :1:1: Premature end of file.
2025-11-16 12:19:48,289 [ERROR] LogOutputStream:75 - [STDERR_REDIRECT] 
2025-11-16 12:19:49,267 [ERROR] LogOutputStream:75 - [STDERR_REDIRECT] [Fatal Error] :1:1: Premature end of file.
2025-11-16 12:19:49,267 [ERROR] LogOutputStream:75 - [STDERR_REDIRECT] 
2025-11-16 12:19:50,290 [ERROR] LogOutputStream:75 - [STDERR_REDIRECT] [Fatal Error] :1:1: Premature end of file.
2025-11-16 12:19:50,290 [ERROR] LogOutputStream:75 - [STDERR_REDIRECT] 
2025-11-16 12:19:51,290 [ERROR] LogOutputStream:75 - [STDERR_REDIRECT] [Fatal Error] :1:1: Premature end of file.
2025-11-16 12:19:51,290 [ERROR] LogOutputStream:75 - [STDERR_REDIRECT] 
2025-11-16 12:19:52,267 [ERROR] LogOutputStream:75 - [STDERR_REDIRECT] [Fatal Error] :1:1: Premature end of file.
2025-11-16 12:19:52,267 [ERROR] LogOutputStream:75 - [STDERR_REDIRECT] 
2025-11-16 12:19:53,303 [ERROR] LogOutputStream:75 - [STDERR_REDIRECT] [Fatal Error] :1:1: Premature end of file.
2025-11-16 12:19:53,303 [ERROR] LogOutputStream:75 - [STDERR_REDIRECT] 
2025-11-16 12:19:54,268 [ERROR] LogOutputStream:75 - [STDERR_REDIRECT] [Fatal Error] :1:1: Premature end of file.
2025-11-16 12:19:54,268 [ERROR] LogOutputStream:75 - [STDERR_REDIRECT] 
2025-11-16 12:19:55,267 [ERROR] LogOutputStream:75 - [STDERR_REDIRECT] [Fatal Error] :1:1: Premature end of file.
2025-11-16 12:19:55,267 [ERROR] LogOutputStream:75 - [STDERR_REDIRECT] 
2025-11-16 12:19:56,267 [ERROR] LogOutputStream:75 - [STDERR_REDIRECT] [Fatal Error] :1:1: Premature end of file.
2025-11-16 12:19:56,267 [ERROR] LogOutputStream:75 - [STDERR_REDIRECT] 
2025-11-16 12:19:57,267 [ERROR] LogOutputStream:75 - [STDERR_REDIRECT] [Fatal Error] :1:1: Premature end of file.
2025-11-16 12:19:57,267 [ERROR] LogOutputStream:75 - [STDERR_REDIRECT] 
2025-11-16 12:19:58,267 [ERROR] LogOutputStream:75 - [STDERR_REDIRECT] [Fatal Error] :1:1: Premature end of file.
2025-11-16 12:19:58,267 [ERROR] LogOutputStream:75 - [STDERR_REDIRECT] 
2025-11-16 12:19:59,267 [ERROR] LogOutputStream:75 - [STDERR_REDIRECT] [Fatal Error] :1:1: Premature end of file.
2025-11-16 12:19:59,267 [ERROR] LogOutputStream:75 - [STDERR_REDIRECT] 
2025-11-16 12:20:00,259 [ERROR] LogOutputStream:75 - [STDERR_REDIRECT] [Fatal Error] :1:1: Premature end of file.
2025-11-16 12:20:00,259 [ERROR] LogOutputStream:75 - [STDERR_REDIRECT] 
2025-11-16 12:20:01,266 [ERROR] LogOutputStream:75 - [STDERR_REDIRECT] [Fatal Error] :1:1: Premature end of file.
2025-11-16 12:20:01,266 [ERROR] LogOutputStream:75 - [STDERR_REDIRECT] 
2025-11-16 12:20:02,259 [ERROR] LogOutputStream:75 - [STDERR_REDIRECT] [Fatal Error] :1:1: Premature end of file.
2025-11-16 12:20:02,260 [ERROR] LogOutputStream:75 - [STDERR_REDIRECT] 
2025-11-16 12:20:03,268 [ERROR] LogOutputStream:75 - [STDERR_REDIRECT] [Fatal Error] :1:1: Premature end of file.
2025-11-16 12:20:03,268 [ERROR] LogOutputStream:75 - [STDERR_REDIRECT] 
2025-11-16 12:20:04,298 [ERROR] LogOutputStream:75 - [STDERR_REDIRECT] [Fatal Error] :1:1: Premature end of file.
2025-11-16 12:20:04,298 [ERROR] LogOutputStream:75 - [STDERR_REDIRECT] 
2025-11-16 12:20:05,255 [ERROR] LogOutputStream:75 - [STDERR_REDIRECT] [Fatal Error] :1:1: Premature end of file.
2025-11-16 12:20:05,255 [ERROR] LogOutputStream:75 - [STDERR_REDIRECT] 
2025-11-16 12:20:06,269 [ERROR] LogOutputStream:75 - [STDERR_REDIRECT] [Fatal Error] :1:1: Premature end of file.
2025-11-16 12:20:06,269 [ERROR] LogOutputStream:75 - [STDERR_REDIRECT] 
2025-11-16 12:20:07,256 [ERROR] LogOutputStream:75 - [STDERR_REDIRECT] [Fatal Error] :1:1: Premature end of file.
2025-11-16 12:20:07,256 [ERROR] LogOutputStream:75 - [STDERR_REDIRECT] 
2025-11-16 12:20:08,260 [ERROR] LogOutputStream:75 - [STDERR_REDIRECT] [Fatal Error] :1:1: Premature end of file.
2025-11-16 12:20:08,260 [ERROR] LogOutputStream:75 - [STDERR_REDIRECT] 
2025-11-16 12:20:09,274 [ERROR] LogOutputStream:75 - [STDERR_REDIRECT] [Fatal Error] :1:1: Premature end of file.
2025-11-16 12:20:09,274 [ERROR] LogOutputStream:75 - [STDERR_REDIRECT] 
2025-11-16 12:20:10,293 [ERROR] LogOutputStream:75 - [STDERR_REDIRECT] [Fatal Error] :1:1: Premature end of file.
2025-11-16 12:20:10,293 [ERROR] LogOutputStream:75 - [STDERR_REDIRECT] 
2025-11-16 12:20:11,262 [ERROR] LogOutputStream:75 - [STDERR_REDIRECT] [Fatal Error] :1:1: Premature end of file.
2025-11-16 12:20:11,262 [ERROR] LogOutputStream:75 - [STDERR_REDIRECT] 
2025-11-16 12:20:12,263 [ERROR] LogOutputStream:75 - [STDERR_REDIRECT] [Fatal Error] :1:1: Premature end of file.
2025-11-16 12:20:12,263 [ERROR] LogOutputStream:75 - [STDERR_REDIRECT] 
2025-11-16 12:20:13,257 [ERROR] LogOutputStream:75 - [STDERR_REDIRECT] [Fatal Error] :1:1: Premature end of file.
2025-11-16 12:20:13,257 [ERROR] LogOutputStream:75 - [STDERR_REDIRECT] 
2025-11-16 12:20:14,258 [ERROR] LogOutputStream:75 - [STDERR_REDIRECT] [Fatal Error] :1:1: Premature end of file.
2025-11-16 12:20:14,258 [ERROR] LogOutputStream:75 - [STDERR_REDIRECT] 
2025-11-16 12:20:15,258 [ERROR] LogOutputStream:75 - [STDERR_REDIRECT] [Fatal Error] :1:1: Premature end of file.
2025-11-16 12:20:15,258 [ERROR] LogOutputStream:75 - [STDERR_REDIRECT] 
2025-11-16 12:20:16,261 [ERROR] LogOutputStream:75 - [STDERR_REDIRECT] [Fatal Error] :1:1: Premature end of file.
2025-11-16 12:20:16,261 [ERROR] LogOutputStream:75 - [STDERR_REDIRECT] 
2025-11-16 12:20:17,258 [ERROR] LogOutputStream:75 - [STDERR_REDIRECT] [Fatal Error] :1:1: Premature end of file.
2025-11-16 12:20:17,258 [ERROR] LogOutputStream:75 - [STDERR_REDIRECT] 
2025-11-16 12:20:18,267 [ERROR] LogOutputStream:75 - [STDERR_REDIRECT] [Fatal Error] :1:1: Premature end of file.
2025-11-16 12:20:18,267 [ERROR] LogOutputStream:75 - [STDERR_REDIRECT] 
2025-11-16 12:20:19,259 [ERROR] LogOutputStream:75 - [STDERR_REDIRECT] [Fatal Error] :1:1: Premature end of file.
2025-11-16 12:20:19,259 [ERROR] LogOutputStream:75 - [STDERR_REDIRECT] 
2025-11-16 12:20:20,256 [ERROR] LogOutputStream:75 - [STDERR_REDIRECT] [Fatal Error] :1:1: Premature end of file.
2025-11-16 12:20:20,256 [ERROR] LogOutputStream:75 - [STDERR_REDIRECT] 
2025-11-16 12:20:21,257 [ERROR] LogOutputStream:75 - [STDERR_REDIRECT] [Fatal Error] :1:1: Premature end of file.
2025-11-16 12:20:21,257 [ERROR] LogOutputStream:75 - [STDERR_REDIRECT] 
2025-11-16 12:20:22,260 [ERROR] LogOutputStream:75 - [STDERR_REDIRECT] [Fatal Error] :1:1: Premature end of file.
2025-11-16 12:20:22,260 [ERROR] LogOutputStream:75 - [STDERR_REDIRECT] 
2025-11-16 12:20:23,256 [ERROR] LogOutputStream:75 - [STDERR_REDIRECT] [Fatal Error] :1:1: Premature end of file.
2025-11-16 12:20:23,256 [ERROR] LogOutputStream:75 - [STDERR_REDIRECT] 
2025-11-16 12:20:24,257 [ERROR] LogOutputStream:75 - [STDERR_REDIRECT] [Fatal Error] :1:1: Premature end of file.
2025-11-16 12:20:24,257 [ERROR] LogOutputStream:75 - [STDERR_REDIRECT] 
2025-11-16 12:20:25,257 [ERROR] LogOutputStream:75 - [STDERR_REDIRECT] [Fatal Error] :1:1: Premature end of file.
2025-11-16 12:20:25,257 [ERROR] LogOutputStream:75 - [STDERR_REDIRECT] 
2025-11-16 12:20:26,260 [ERROR] LogOutputStream:75 - [STDERR_REDIRECT] [Fatal Error] :1:1: Premature end of file.
2025-11-16 12:20:26,260 [ERROR] LogOutputStream:75 - [STDERR_REDIRECT] 
2025-11-16 12:20:27,268 [ERROR] LogOutputStream:75 - [STDERR_REDIRECT] [Fatal Error] :1:1: Premature end of file.
2025-11-16 12:20:27,268 [ERROR] LogOutputStream:75 - [STDERR_REDIRECT] 
2025-11-16 12:20:28,298 [ERROR] LogOutputStream:75 - [STDERR_REDIRECT] [Fatal Error] :1:1: Premature end of file.
2025-11-16 12:20:28,300 [ERROR] LogOutputStream:75 - [STDERR_REDIRECT] 
2025-11-16 12:20:29,257 [ERROR] LogOutputStream:75 - [STDERR_REDIRECT] [Fatal Error] :1:1: Premature end of file.
2025-11-16 12:20:29,257 [ERROR] LogOutputStream:75 - [STDERR_REDIRECT] 
2025-11-16 12:20:30,257 [ERROR] LogOutputStream:75 - [STDERR_REDIRECT] [Fatal Error] :1:1: Premature end of file.
2025-11-16 12:20:30,257 [ERROR] LogOutputStream:75 - [STDERR_REDIRECT] 
2025-11-16 12:20:31,257 [ERROR] LogOutputStream:75 - [STDERR_REDIRECT] [Fatal Error] :1:1: Premature end of file.
2025-11-16 12:20:31,257 [ERROR] LogOutputStream:75 - [STDERR_REDIRECT] 
2025-11-16 12:20:32,267 [ERROR] LogOutputStream:75 - [STDERR_REDIRECT] [Fatal Error] :1:1: Premature end of file.
2025-11-16 12:20:32,267 [ERROR] LogOutputStream:75 - [STDERR_REDIRECT] 
2025-11-16 12:20:33,267 [ERROR] LogOutputStream:75 - [STDERR_REDIRECT] [Fatal Error] :1:1: Premature end of file.
2025-11-16 12:20:33,267 [ERROR] LogOutputStream:75 - [STDERR_REDIRECT] 
2025-11-16 12:20:34,259 [ERROR] LogOutputStream:75 - [STDERR_REDIRECT] [Fatal Error] :1:1: Premature end of file.
2025-11-16 12:20:34,259 [ERROR] LogOutputStream:75 - [STDERR_REDIRECT] 
2025-11-16 12:20:35,268 [ERROR] LogOutputStream:75 - [STDERR_REDIRECT] [Fatal Error] :1:1: Premature end of file.
2025-11-16 12:20:35,268 [ERROR] LogOutputStream:75 - [STDERR_REDIRECT] 
2025-11-16 12:20:36,280 [ERROR] LogOutputStream:75 - [STDERR_REDIRECT] [Fatal Error] :1:1: Premature end of file.
2025-11-16 12:20:36,280 [ERROR] LogOutputStream:75 - [STDERR_REDIRECT] 
2025-11-16 12:20:37,267 [ERROR] LogOutputStream:75 - [STDERR_REDIRECT] [Fatal Error] :1:1: Premature end of file.
2025-11-16 12:20:37,267 [ERROR] LogOutputStream:75 - [STDERR_REDIRECT] 
2025-11-16 12:20:38,267 [ERROR] LogOutputStream:75 - [STDERR_REDIRECT] [Fatal Error] :1:1: Premature end of file.
2025-11-16 12:20:38,267 [ERROR] LogOutputStream:75 - [STDERR_REDIRECT] 
2025-11-16 12:20:39,278 [ERROR] LogOutputStream:75 - [STDERR_REDIRECT] [Fatal Error] :1:1: Premature end of file.
2025-11-16 12:20:39,278 [ERROR] LogOutputStream:75 - [STDERR_REDIRECT] 
2025-11-16 12:20:40,287 [ERROR] LogOutputStream:75 - [STDERR_REDIRECT] [Fatal Error] :1:1: Premature end of file.
2025-11-16 12:20:40,287 [ERROR] LogOutputStream:75 - [STDERR_REDIRECT] 
2025-11-16 12:20:41,260 [ERROR] LogOutputStream:75 - [STDERR_REDIRECT] [Fatal Error] :1:1: Premature end of file.
2025-11-16 12:20:41,260 [ERROR] LogOutputStream:75 - [STDERR_REDIRECT] 
2025-11-16 12:20:42,270 [ERROR] LogOutputStream:75 - [STDERR_REDIRECT] [Fatal Error] :1:1: Premature end of file.
2025-11-16 12:20:42,270 [ERROR] LogOutputStream:75 - [STDERR_REDIRECT] 
2025-11-16 12:20:43,259 [ERROR] LogOutputStream:75 - [STDERR_REDIRECT] [Fatal Error] :1:1: Premature end of file.
2025-11-16 12:20:43,259 [ERROR] LogOutputStream:75 - [STDERR_REDIRECT] 
2025-11-16 12:20:44,258 [ERROR] LogOutputStream:75 - [STDERR_REDIRECT] [Fatal Error] :1:1: Premature end of file.
2025-11-16 12:20:44,258 [ERROR] LogOutputStream:75 - [STDERR_REDIRECT] 
2025-11-16 12:20:45,258 [ERROR] LogOutputStream:75 - [STDERR_REDIRECT] [Fatal Error] :1:1: Premature end of file.
2025-11-16 12:20:45,258 [ERROR] LogOutputStream:75 - [STDERR_REDIRECT] 
2025-11-16 12:20:46,270 [ERROR] LogOutputStream:75 - [STDERR_REDIRECT] [Fatal Error] :1:1: Premature end of file.
2025-11-16 12:20:46,270 [ERROR] LogOutputStream:75 - [STDERR_REDIRECT] 
2025-11-16 12:20:47,259 [ERROR] LogOutputStream:75 - [STDERR_REDIRECT] [Fatal Error] :1:1: Premature end of file.
2025-11-16 12:20:47,259 [ERROR] LogOutputStream:75 - [STDERR_REDIRECT] 
2025-11-16 12:20:48,263 [ERROR] LogOutputStream:75 - [STDERR_REDIRECT] [Fatal Error] :1:1: Premature end of file.
2025-11-16 12:20:48,263 [ERROR] LogOutputStream:75 - [STDERR_REDIRECT] 
2025-11-16 12:20:49,260 [ERROR] LogOutputStream:75 - [STDERR_REDIRECT] [Fatal Error] :1:1: Premature end of file.
2025-11-16 12:20:49,260 [ERROR] LogOutputStream:75 - [STDERR_REDIRECT] 
2025-11-16 12:20:50,261 [ERROR] LogOutputStream:75 - [STDERR_REDIRECT] [Fatal Error] :1:1: Premature end of file.
2025-11-16 12:20:50,261 [ERROR] LogOutputStream:75 - [STDERR_REDIRECT] 
2025-11-16 12:20:51,256 [ERROR] LogOutputStream:75 - [STDERR_REDIRECT] [Fatal Error] :1:1: Premature end of file.
2025-11-16 12:20:51,257 [ERROR] LogOutputStream:75 - [STDERR_REDIRECT] 
2025-11-16 12:20:52,261 [ERROR] LogOutputStream:75 - [STDERR_REDIRECT] [Fatal Error] :1:1: Premature end of file.
2025-11-16 12:20:52,261 [ERROR] LogOutputStream:75 - [STDERR_REDIRECT] 
2025-11-16 12:20:53,258 [ERROR] LogOutputStream:75 - [STDERR_REDIRECT] [Fatal Error] :1:1: Premature end of file.
2025-11-16 12:20:53,258 [ERROR] LogOutputStream:75 - [STDERR_REDIRECT] 
2025-11-16 12:20:54,261 [ERROR] LogOutputStream:75 - [STDERR_REDIRECT] [Fatal Error] :1:1: Premature end of file.
2025-11-16 12:20:54,261 [ERROR] LogOutputStream:75 - [STDERR_REDIRECT] 
2025-11-16 12:20:55,257 [ERROR] LogOutputStream:75 - [STDERR_REDIRECT] [Fatal Error] :1:1: Premature end of file.
2025-11-16 12:20:55,257 [ERROR] LogOutputStream:75 - [STDERR_REDIRECT] 
2025-11-16 12:20:56,288 [ERROR] LogOutputStream:75 - [STDERR_REDIRECT] [Fatal Error] :1:1: Premature end of file.
2025-11-16 12:20:56,288 [ERROR] LogOutputStream:75 - [STDERR_REDIRECT] 
2025-11-16 12:20:57,263 [ERROR] LogOutputStream:75 - [STDERR_REDIRECT] [Fatal Error] :1:1: Premature end of file.
2025-11-16 12:20:57,264 [ERROR] LogOutputStream:75 - [STDERR_REDIRECT] 
2025-11-16 12:20:58,262 [ERROR] LogOutputStream:75 - [STDERR_REDIRECT] [Fatal Error] :1:1: Premature end of file.
2025-11-16 12:20:58,262 [ERROR] LogOutputStream:75 - [STDERR_REDIRECT] 
2025-11-16 12:20:59,258 [ERROR] LogOutputStream:75 - [STDERR_REDIRECT] [Fatal Error] :1:1: Premature end of file.
2025-11-16 12:20:59,258 [ERROR] LogOutputStream:75 - [STDERR_REDIRECT] 
2025-11-16 12:21:00,288 [ERROR] LogOutputStream:75 - [STDERR_REDIRECT] [Fatal Error] :1:1: Premature end of file.
2025-11-16 12:21:00,288 [ERROR] LogOutputStream:75 - [STDERR_REDIRECT] 
2025-11-16 12:21:01,261 [ERROR] LogOutputStream:75 - [STDERR_REDIRECT] [Fatal Error] :1:1: Premature end of file.
2025-11-16 12:21:01,261 [ERROR] LogOutputStream:75 - [STDERR_REDIRECT] 
2025-11-16 12:21:02,258 [ERROR] LogOutputStream:75 - [STDERR_REDIRECT] [Fatal Error] :1:1: Premature end of file.
2025-11-16 12:21:02,258 [ERROR] LogOutputStream:75 - [STDERR_REDIRECT] 
2025-11-16 12:21:03,257 [ERROR] LogOutputStream:75 - [STDERR_REDIRECT] [Fatal Error] :1:1: Premature end of file.
2025-11-16 12:21:03,257 [ERROR] LogOutputStream:75 - [STDERR_REDIRECT] 
2025-11-16 12:21:04,258 [ERROR] LogOutputStream:75 - [STDERR_REDIRECT] [Fatal Error] :1:1: Premature end of file.
2025-11-16 12:21:04,258 [ERROR] LogOutputStream:75 - [STDERR_REDIRECT] 
2025-11-16 12:21:05,265 [ERROR] LogOutputStream:75 - [STDERR_REDIRECT] [Fatal Error] :1:1: Premature end of file.
2025-11-16 12:21:05,265 [ERROR] LogOutputStream:75 - [STDERR_REDIRECT] 
2025-11-16 12:21:05,859 [WARN] ContextAllowed:149 - Switch context cannot be done in case of multiple context selected
2025-11-16 12:21:06,260 [ERROR] LogOutputStream:75 - [STDERR_REDIRECT] [Fatal Error] :1:1: Premature end of file.
2025-11-16 12:21:06,260 [ERROR] LogOutputStream:75 - [STDERR_REDIRECT] 
2025-11-16 12:21:07,268 [ERROR] LogOutputStream:75 - [STDERR_REDIRECT] [Fatal Error] :1:1: Premature end of file.
2025-11-16 12:21:07,268 [ERROR] LogOutputStream:75 - [STDERR_REDIRECT] 
2025-11-16 12:21:08,258 [ERROR] LogOutputStream:75 - [STDERR_REDIRECT] [Fatal Error] :1:1: Premature end of file.
2025-11-16 12:21:08,258 [ERROR] LogOutputStream:75 - [STDERR_REDIRECT] 
2025-11-16 12:21:09,266 [ERROR] LogOutputStream:75 - [STDERR_REDIRECT] [Fatal Error] :1:1: Premature end of file.
2025-11-16 12:21:09,266 [ERROR] LogOutputStream:75 - [STDERR_REDIRECT] 
2025-11-16 12:21:10,258 [ERROR] LogOutputStream:75 - [STDERR_REDIRECT] [Fatal Error] :1:1: Premature end of file.
2025-11-16 12:21:10,258 [ERROR] LogOutputStream:75 - [STDERR_REDIRECT] 
2025-11-16 12:21:11,267 [ERROR] LogOutputStream:75 - [STDERR_REDIRECT] [Fatal Error] :1:1: Premature end of file.
2025-11-16 12:21:11,267 [ERROR] LogOutputStream:75 - [STDERR_REDIRECT] 
2025-11-16 12:21:12,274 [ERROR] LogOutputStream:75 - [STDERR_REDIRECT] [Fatal Error] :1:1: Premature end of file.
2025-11-16 12:21:12,274 [ERROR] LogOutputStream:75 - [STDERR_REDIRECT] 
2025-11-16 12:21:13,259 [ERROR] LogOutputStream:75 - [STDERR_REDIRECT] [Fatal Error] :1:1: Premature end of file.
2025-11-16 12:21:13,259 [ERROR] LogOutputStream:75 - [STDERR_REDIRECT] 
2025-11-16 12:21:14,257 [ERROR] LogOutputStream:75 - [STDERR_REDIRECT] [Fatal Error] :1:1: Premature end of file.
2025-11-16 12:21:14,257 [ERROR] LogOutputStream:75 - [STDERR_REDIRECT] 
2025-11-16 12:21:15,259 [ERROR] LogOutputStream:75 - [STDERR_REDIRECT] [Fatal Error] :1:1: Premature end of file.
2025-11-16 12:21:15,259 [ERROR] LogOutputStream:75 - [STDERR_REDIRECT] 
2025-11-16 12:21:16,258 [ERROR] LogOutputStream:75 - [STDERR_REDIRECT] [Fatal Error] :1:1: Premature end of file.
2025-11-16 12:21:16,258 [ERROR] LogOutputStream:75 - [STDERR_REDIRECT] 
2025-11-16 12:21:17,258 [ERROR] LogOutputStream:75 - [STDERR_REDIRECT] [Fatal Error] :1:1: Premature end of file.
2025-11-16 12:21:17,258 [ERROR] LogOutputStream:75 - [STDERR_REDIRECT] 
2025-11-16 12:21:18,268 [ERROR] LogOutputStream:75 - [STDERR_REDIRECT] [Fatal Error] :1:1: Premature end of file.
2025-11-16 12:21:18,268 [ERROR] LogOutputStream:75 - [STDERR_REDIRECT] 
2025-11-16 12:21:19,257 [ERROR] LogOutputStream:75 - [STDERR_REDIRECT] [Fatal Error] :1:1: Premature end of file.
2025-11-16 12:21:19,257 [ERROR] LogOutputStream:75 - [STDERR_REDIRECT] 
2025-11-16 12:21:19,344 [INFO] HwResourcesManager:1943 - RZone for current mcu STM32H755ZITx : STM32_DIE450_864_2048_DUAL
2025-11-16 12:21:19,360 [INFO] HwResourcesManager:286 - provisioning FMC Bank1 added
2025-11-16 12:21:19,363 [INFO] HwResourcesManager:286 - provisioning FMC Bank3 added
2025-11-16 12:21:19,365 [INFO] HwResourcesManager:286 - provisioning QuadSPI added
2025-11-16 12:21:19,366 [INFO] HwResourcesManager:286 - provisioning FMC SDRAM Bank1 added
2025-11-16 12:21:19,368 [INFO] HwResourcesManager:286 - provisioning FMC SDRAM Bank2 added
2025-11-16 12:21:19,377 [INFO] HwResourcesManager:473 - Memory Region RAM_ITCM added without MPC
2025-11-16 12:21:19,380 [INFO] HwResourcesManager:473 - Memory Region Flash Bank1 added without MPC
2025-11-16 12:21:19,381 [INFO] HwResourcesManager:473 - Memory Region Flash Bank2 added without MPC
2025-11-16 12:21:19,385 [INFO] HwResourcesManager:473 - Memory Region RAM1_AHB_C added without MPC
2025-11-16 12:21:19,386 [INFO] HwResourcesManager:473 - Memory Region RAM2_AHB_C added without MPC
2025-11-16 12:21:19,390 [INFO] HwResourcesManager:473 - Memory Region RAM3_AHB_C added without MPC
2025-11-16 12:21:19,392 [INFO] HwResourcesManager:473 - Memory Region RAM_DTCM added without MPC
2025-11-16 12:21:19,394 [INFO] HwResourcesManager:473 - Memory Region RAM_AXI added without MPC
2025-11-16 12:21:19,397 [INFO] HwResourcesManager:473 - Memory Region RAM1_AHB added without MPC
2025-11-16 12:21:19,399 [INFO] HwResourcesManager:473 - Memory Region RAM2_AHB added without MPC
2025-11-16 12:21:19,401 [INFO] HwResourcesManager:473 - Memory Region RAM3_AHB added without MPC
2025-11-16 12:21:19,405 [INFO] HwResourcesManager:473 - Memory Region RAM_AHB_D4 added without MPC
2025-11-16 12:21:19,407 [INFO] HwResourcesManager:473 - Memory Region BKPSRAM added without MPC
2025-11-16 12:21:19,417 [INFO] MemInfoExtractor$FMCInfoExtractor:920 - Cannot find FMC BANK1 start address in the info provided by HWResourceManager => Set it to the default value
2025-11-16 12:21:19,418 [INFO] MemInfoExtractor$OctoQuadSPIInfoExtractor:1646 - Cannot find QUADSPI start address in the info provided by HWResourceManager => Set it to the default value
2025-11-16 12:21:20,260 [ERROR] LogOutputStream:75 - [STDERR_REDIRECT] [Fatal Error] :1:1: Premature end of file.
2025-11-16 12:21:20,260 [ERROR] LogOutputStream:75 - [STDERR_REDIRECT] 
2025-11-16 12:21:21,258 [ERROR] LogOutputStream:75 - [STDERR_REDIRECT] [Fatal Error] :1:1: Premature end of file.
2025-11-16 12:21:21,258 [ERROR] LogOutputStream:75 - [STDERR_REDIRECT] 
2025-11-16 12:21:22,262 [ERROR] LogOutputStream:75 - [STDERR_REDIRECT] [Fatal Error] :1:1: Premature end of file.
2025-11-16 12:21:22,262 [ERROR] LogOutputStream:75 - [STDERR_REDIRECT] 
2025-11-16 12:21:22,270 [INFO] CADModel:198 - CPN selected (Project mode): STM32H755ZIT6
2025-11-16 12:21:22,270 [INFO] CADModel:200 - Internet connection configuration mode: 1
2025-11-16 12:21:22,271 [INFO] CADModel:203 - rpn retrievedSTM32H755ZI
2025-11-16 12:21:22,275 [INFO] WebAppUi:336 - Instantiating new browser for Project
2025-11-16 12:21:22,403 [INFO] WebAppUi:1235 - Register for checkConnection events
2025-11-16 12:21:22,403 [INFO] WebAppUi:1270 - Apply proxy settings
2025-11-16 12:21:22,404 [INFO] WebAppUi:1308 - Chromium requires no authentication
2025-11-16 12:21:22,404 [INFO] WebAppUi:1294 - Direct internet connection detected
2025-11-16 12:21:22,407 [INFO] WebAppUi:1166 - Web application path used C:\ST\STM32CubeIDE_1.19.0\STM32CubeIDE\plugins\com.st.stm32cube.common.mx_6.15.0.202507011659\db\plugins\mcufinder\reactClient\index.html
2025-11-16 12:21:22,428 [INFO] WebAppUi:938 - Path where api_config.json is located C:\Users\akash\.stmcufinder\plugins\mcufinder//mcu/api_config.json
2025-11-16 12:21:22,428 [INFO] WebAppUi:939 - Setting api config in window object
2025-11-16 12:21:22,449 [WARN] WebAppUi:976 - Cannot access cad_preferences.json
2025-11-16 12:21:22,449 [WARN] WebAppUi:979 - Fallback to default consent
2025-11-16 12:21:22,450 [INFO] WebAppUi:947 - Path where cad_preferences.json is located C:\Users\akash/.stm32cubeide/
2025-11-16 12:21:22,450 [INFO] WebAppUi:948 - Setting consent info in window object
2025-11-16 12:21:22,777 [INFO] WebAppUi:843 - Allow Downloads
2025-11-16 12:21:22,778 [INFO] WebAppUi:336 - Instantiating new browser for Finder
2025-11-16 12:21:22,910 [INFO] WebAppUi:1235 - Register for checkConnection events
2025-11-16 12:21:22,910 [INFO] WebAppUi:1270 - Apply proxy settings
2025-11-16 12:21:22,910 [INFO] WebAppUi:1308 - Chromium requires no authentication
2025-11-16 12:21:22,910 [INFO] WebAppUi:1294 - Direct internet connection detected
2025-11-16 12:21:22,914 [INFO] WebAppUi:1166 - Web application path used C:\ST\STM32CubeIDE_1.19.0\STM32CubeIDE\plugins\com.st.stm32cube.common.mx_6.15.0.202507011659\db\plugins\mcufinder\reactClient\index.html
2025-11-16 12:21:22,922 [INFO] WebAppUi:938 - Path where api_config.json is located C:\Users\akash\.stmcufinder\plugins\mcufinder//mcu/api_config.json
2025-11-16 12:21:22,922 [INFO] WebAppUi:939 - Setting api config in window object
2025-11-16 12:21:22,941 [INFO] WebAppUi:947 - Path where cad_preferences.json is located C:\Users\akash/.stm32cubeide/
2025-11-16 12:21:22,941 [INFO] WebAppUi:948 - Setting consent info in window object
2025-11-16 12:21:23,112 [INFO] WebAppUi:1100 - Web application message: [UlApiManager component] Connecting to SSO
2025-11-16 12:21:23,163 [INFO] WebAppUi:843 - Allow Downloads
2025-11-16 12:21:23,163 [INFO] WebAppUi:664 - RPN selected STM32H755ZI
2025-11-16 12:21:23,163 [INFO] WebAppUi:665 - RefName selected STM32H755ZITx
2025-11-16 12:21:23,163 [INFO] WebAppUi:666 - CPN selected STM32H755ZIT6
2025-11-16 12:21:23,166 [INFO] WebAppUi:829 - Which Bigleton in use 2 and which CPN is about STM32H755ZIT6
2025-11-16 12:21:23,167 [INFO] WebAppUi:703 - Have injected Javascript into web application
2025-11-16 12:21:23,167 [INFO] WebAppUiContainer:153 - Web application run mode: Project CPN: STM32H755ZIT6
2025-11-16 12:21:23,263 [ERROR] LogOutputStream:75 - [STDERR_REDIRECT] [Fatal Error] :1:1: Premature end of file.
2025-11-16 12:21:23,263 [ERROR] LogOutputStream:75 - [STDERR_REDIRECT] 
2025-11-16 12:21:23,424 [INFO] WebAppUi:1100 - Web application message: [UlApiManager component] Connected to Ultra Librarian SSO
2025-11-16 12:21:23,425 [INFO] WebAppUi:1100 - Web application message: [UlApiManager component] Connected to Ultra Librarian API
2025-11-16 12:21:23,508 [INFO] WebAppUi:1100 - Web application message: [UlApiManager component] Connecting to SSO
2025-11-16 12:21:23,789 [INFO] WebAppUi:1100 - Web application message: [UlApiManager component] Connected to Ultra Librarian SSO
2025-11-16 12:21:23,791 [INFO] WebAppUi:1100 - Web application message: [UlApiManager component] Connected to Ultra Librarian API
2025-11-16 12:21:24,285 [ERROR] LogOutputStream:75 - [STDERR_REDIRECT] [Fatal Error] :1:1: Premature end of file.
2025-11-16 12:21:24,285 [ERROR] LogOutputStream:75 - [STDERR_REDIRECT] 
2025-11-16 12:21:25,105 [INFO] WebAppUi:938 - Path where api_config.json is located C:\Users\akash\.stmcufinder\plugins\mcufinder//mcu/api_config.json
2025-11-16 12:21:25,106 [INFO] WebAppUi:939 - Setting api config in window object
2025-11-16 12:21:25,122 [INFO] WebAppUi:947 - Path where cad_preferences.json is located C:\Users\akash/.stm32cubeide/
2025-11-16 12:21:25,122 [INFO] WebAppUi:948 - Setting consent info in window object
2025-11-16 12:21:25,171 [INFO] WebAppUi:1100 - Web application message: CAD resources feature launch attempt
2025-11-16 12:21:25,257 [ERROR] LogOutputStream:75 - [STDERR_REDIRECT] [Fatal Error] :1:1: Premature end of file.
2025-11-16 12:21:25,257 [ERROR] LogOutputStream:75 - [STDERR_REDIRECT] 
2025-11-16 12:21:25,591 [INFO] WebAppUi:1100 - Web application message: THREE.WebGLRenderer 101
2025-11-16 12:21:26,257 [ERROR] LogOutputStream:75 - [STDERR_REDIRECT] [Fatal Error] :1:1: Premature end of file.
2025-11-16 12:21:26,257 [ERROR] LogOutputStream:75 - [STDERR_REDIRECT] 
2025-11-16 12:21:27,268 [ERROR] LogOutputStream:75 - [STDERR_REDIRECT] [Fatal Error] :1:1: Premature end of file.
2025-11-16 12:21:27,268 [ERROR] LogOutputStream:75 - [STDERR_REDIRECT] 
2025-11-16 12:21:28,257 [ERROR] LogOutputStream:75 - [STDERR_REDIRECT] [Fatal Error] :1:1: Premature end of file.
2025-11-16 12:21:28,257 [ERROR] LogOutputStream:75 - [STDERR_REDIRECT] 
2025-11-16 12:21:29,258 [ERROR] LogOutputStream:75 - [STDERR_REDIRECT] [Fatal Error] :1:1: Premature end of file.
2025-11-16 12:21:29,259 [ERROR] LogOutputStream:75 - [STDERR_REDIRECT] 
2025-11-16 12:21:30,258 [ERROR] LogOutputStream:75 - [STDERR_REDIRECT] [Fatal Error] :1:1: Premature end of file.
2025-11-16 12:21:30,258 [ERROR] LogOutputStream:75 - [STDERR_REDIRECT] 
2025-11-16 12:21:31,261 [ERROR] LogOutputStream:75 - [STDERR_REDIRECT] [Fatal Error] :1:1: Premature end of file.
2025-11-16 12:21:31,261 [ERROR] LogOutputStream:75 - [STDERR_REDIRECT] 
2025-11-16 12:21:32,266 [ERROR] LogOutputStream:75 - [STDERR_REDIRECT] [Fatal Error] :1:1: Premature end of file.
2025-11-16 12:21:32,266 [ERROR] LogOutputStream:75 - [STDERR_REDIRECT] 
2025-11-16 12:21:33,285 [ERROR] LogOutputStream:75 - [STDERR_REDIRECT] [Fatal Error] :1:1: Premature end of file.
2025-11-16 12:21:33,285 [ERROR] LogOutputStream:75 - [STDERR_REDIRECT] 
2025-11-16 12:21:34,294 [ERROR] LogOutputStream:75 - [STDERR_REDIRECT] [Fatal Error] :1:1: Premature end of file.
2025-11-16 12:21:34,294 [ERROR] LogOutputStream:75 - [STDERR_REDIRECT] 
2025-11-16 12:21:35,258 [ERROR] LogOutputStream:75 - [STDERR_REDIRECT] [Fatal Error] :1:1: Premature end of file.
2025-11-16 12:21:35,258 [ERROR] LogOutputStream:75 - [STDERR_REDIRECT] 
2025-11-16 12:21:36,258 [ERROR] LogOutputStream:75 - [STDERR_REDIRECT] [Fatal Error] :1:1: Premature end of file.
2025-11-16 12:21:36,258 [ERROR] LogOutputStream:75 - [STDERR_REDIRECT] 
2025-11-16 12:21:37,256 [ERROR] LogOutputStream:75 - [STDERR_REDIRECT] [Fatal Error] :1:1: Premature end of file.
2025-11-16 12:21:37,258 [ERROR] LogOutputStream:75 - [STDERR_REDIRECT] 
2025-11-16 12:21:38,276 [ERROR] LogOutputStream:75 - [STDERR_REDIRECT] [Fatal Error] :1:1: Premature end of file.
2025-11-16 12:21:38,276 [ERROR] LogOutputStream:75 - [STDERR_REDIRECT] 
2025-11-16 12:21:39,264 [ERROR] LogOutputStream:75 - [STDERR_REDIRECT] [Fatal Error] :1:1: Premature end of file.
2025-11-16 12:21:39,264 [ERROR] LogOutputStream:75 - [STDERR_REDIRECT] 
2025-11-16 12:21:40,258 [ERROR] LogOutputStream:75 - [STDERR_REDIRECT] [Fatal Error] :1:1: Premature end of file.
2025-11-16 12:21:40,258 [ERROR] LogOutputStream:75 - [STDERR_REDIRECT] 
2025-11-16 12:21:41,287 [ERROR] LogOutputStream:75 - [STDERR_REDIRECT] [Fatal Error] :1:1: Premature end of file.
2025-11-16 12:21:41,287 [ERROR] LogOutputStream:75 - [STDERR_REDIRECT] 
2025-11-16 12:21:42,263 [ERROR] LogOutputStream:75 - [STDERR_REDIRECT] [Fatal Error] :1:1: Premature end of file.
2025-11-16 12:21:42,263 [ERROR] LogOutputStream:75 - [STDERR_REDIRECT] 
2025-11-16 12:21:43,288 [ERROR] LogOutputStream:75 - [STDERR_REDIRECT] [Fatal Error] :1:1: Premature end of file.
2025-11-16 12:21:43,288 [ERROR] LogOutputStream:75 - [STDERR_REDIRECT] 
2025-11-16 12:21:44,259 [ERROR] LogOutputStream:75 - [STDERR_REDIRECT] [Fatal Error] :1:1: Premature end of file.
2025-11-16 12:21:44,259 [ERROR] LogOutputStream:75 - [STDERR_REDIRECT] 
2025-11-16 12:21:45,256 [ERROR] LogOutputStream:75 - [STDERR_REDIRECT] [Fatal Error] :1:1: Premature end of file.
2025-11-16 12:21:45,257 [ERROR] LogOutputStream:75 - [STDERR_REDIRECT] 
2025-11-16 12:21:46,257 [ERROR] LogOutputStream:75 - [STDERR_REDIRECT] [Fatal Error] :1:1: Premature end of file.
2025-11-16 12:21:46,257 [ERROR] LogOutputStream:75 - [STDERR_REDIRECT] 
2025-11-16 12:21:47,266 [ERROR] LogOutputStream:75 - [STDERR_REDIRECT] [Fatal Error] :1:1: Premature end of file.
2025-11-16 12:21:47,266 [ERROR] LogOutputStream:75 - [STDERR_REDIRECT] 
2025-11-16 12:21:48,256 [ERROR] LogOutputStream:75 - [STDERR_REDIRECT] [Fatal Error] :1:1: Premature end of file.
2025-11-16 12:21:48,256 [ERROR] LogOutputStream:75 - [STDERR_REDIRECT] 
2025-11-16 12:21:49,279 [ERROR] LogOutputStream:75 - [STDERR_REDIRECT] [Fatal Error] :1:1: Premature end of file.
2025-11-16 12:21:49,279 [ERROR] LogOutputStream:75 - [STDERR_REDIRECT] 
2025-11-16 12:21:50,266 [ERROR] LogOutputStream:75 - [STDERR_REDIRECT] [Fatal Error] :1:1: Premature end of file.
2025-11-16 12:21:50,266 [ERROR] LogOutputStream:75 - [STDERR_REDIRECT] 
2025-11-16 12:21:51,257 [ERROR] LogOutputStream:75 - [STDERR_REDIRECT] [Fatal Error] :1:1: Premature end of file.
2025-11-16 12:21:51,257 [ERROR] LogOutputStream:75 - [STDERR_REDIRECT] 
2025-11-16 12:21:52,259 [ERROR] LogOutputStream:75 - [STDERR_REDIRECT] [Fatal Error] :1:1: Premature end of file.
2025-11-16 12:21:52,259 [ERROR] LogOutputStream:75 - [STDERR_REDIRECT] 
2025-11-16 12:21:53,269 [ERROR] LogOutputStream:75 - [STDERR_REDIRECT] [Fatal Error] :1:1: Premature end of file.
2025-11-16 12:21:53,269 [ERROR] LogOutputStream:75 - [STDERR_REDIRECT] 
2025-11-16 12:21:54,257 [ERROR] LogOutputStream:75 - [STDERR_REDIRECT] [Fatal Error] :1:1: Premature end of file.
2025-11-16 12:21:54,257 [ERROR] LogOutputStream:75 - [STDERR_REDIRECT] 
2025-11-16 12:21:55,258 [ERROR] LogOutputStream:75 - [STDERR_REDIRECT] [Fatal Error] :1:1: Premature end of file.
2025-11-16 12:21:55,258 [ERROR] LogOutputStream:75 - [STDERR_REDIRECT] 
2025-11-16 12:21:56,288 [ERROR] LogOutputStream:75 - [STDERR_REDIRECT] [Fatal Error] :1:1: Premature end of file.
2025-11-16 12:21:56,288 [ERROR] LogOutputStream:75 - [STDERR_REDIRECT] 
2025-11-16 12:21:57,282 [ERROR] LogOutputStream:75 - [STDERR_REDIRECT] [Fatal Error] :1:1: Premature end of file.
2025-11-16 12:21:57,282 [ERROR] LogOutputStream:75 - [STDERR_REDIRECT] 
2025-11-16 12:21:58,257 [ERROR] LogOutputStream:75 - [STDERR_REDIRECT] [Fatal Error] :1:1: Premature end of file.
2025-11-16 12:21:58,257 [ERROR] LogOutputStream:75 - [STDERR_REDIRECT] 
2025-11-16 12:21:59,259 [ERROR] LogOutputStream:75 - [STDERR_REDIRECT] [Fatal Error] :1:1: Premature end of file.
2025-11-16 12:21:59,259 [ERROR] LogOutputStream:75 - [STDERR_REDIRECT] 
2025-11-16 12:22:00,258 [ERROR] LogOutputStream:75 - [STDERR_REDIRECT] [Fatal Error] :1:1: Premature end of file.
2025-11-16 12:22:00,258 [ERROR] LogOutputStream:75 - [STDERR_REDIRECT] 
2025-11-16 12:22:01,257 [ERROR] LogOutputStream:75 - [STDERR_REDIRECT] [Fatal Error] :1:1: Premature end of file.
2025-11-16 12:22:01,257 [ERROR] LogOutputStream:75 - [STDERR_REDIRECT] 
2025-11-16 12:22:02,259 [ERROR] LogOutputStream:75 - [STDERR_REDIRECT] [Fatal Error] :1:1: Premature end of file.
2025-11-16 12:22:02,259 [ERROR] LogOutputStream:75 - [STDERR_REDIRECT] 
2025-11-16 12:22:03,271 [ERROR] LogOutputStream:75 - [STDERR_REDIRECT] [Fatal Error] :1:1: Premature end of file.
2025-11-16 12:22:03,271 [ERROR] LogOutputStream:75 - [STDERR_REDIRECT] 
2025-11-16 12:22:04,263 [ERROR] LogOutputStream:75 - [STDERR_REDIRECT] [Fatal Error] :1:1: Premature end of file.
2025-11-16 12:22:04,263 [ERROR] LogOutputStream:75 - [STDERR_REDIRECT] 
2025-11-16 12:22:05,260 [ERROR] LogOutputStream:75 - [STDERR_REDIRECT] [Fatal Error] :1:1: Premature end of file.
2025-11-16 12:22:05,260 [ERROR] LogOutputStream:75 - [STDERR_REDIRECT] 
2025-11-16 12:22:06,259 [ERROR] LogOutputStream:75 - [STDERR_REDIRECT] [Fatal Error] :1:1: Premature end of file.
2025-11-16 12:22:06,259 [ERROR] LogOutputStream:75 - [STDERR_REDIRECT] 
2025-11-16 12:22:07,282 [ERROR] LogOutputStream:75 - [STDERR_REDIRECT] [Fatal Error] :1:1: Premature end of file.
2025-11-16 12:22:07,282 [ERROR] LogOutputStream:75 - [STDERR_REDIRECT] 
2025-11-16 12:22:08,259 [ERROR] LogOutputStream:75 - [STDERR_REDIRECT] [Fatal Error] :1:1: Premature end of file.
2025-11-16 12:22:08,259 [ERROR] LogOutputStream:75 - [STDERR_REDIRECT] 
2025-11-16 12:22:09,260 [ERROR] LogOutputStream:75 - [STDERR_REDIRECT] [Fatal Error] :1:1: Premature end of file.
2025-11-16 12:22:09,260 [ERROR] LogOutputStream:75 - [STDERR_REDIRECT] 
2025-11-16 12:22:09,704 [INFO] NvicIntPanel:101 - NVIC parent = com.st.microxplorer.plugins.ip.nvic.MultiNvicIntPanel[,0,0,0x0,invalid,layout=javax.swing.BoxLayout,alignmentX=0.0,alignmentY=0.0,border=,flags=9,maximumSize=,minimumSize=,preferredSize=]
2025-11-16 12:22:09,788 [INFO] NvicIntPanel:101 - NVIC parent = com.st.microxplorer.plugins.ip.nvic.MultiNvicIntPanel[,0,0,0x0,invalid,layout=javax.swing.BoxLayout,alignmentX=0.0,alignmentY=0.0,border=,flags=9,maximumSize=,minimumSize=,preferredSize=]
2025-11-16 12:22:10,087 [INFO] NvicIntPanel:101 - NVIC parent = com.st.microxplorer.plugins.ip.nvic.MultiNvicIntPanel[,0,0,0x0,invalid,layout=javax.swing.BoxLayout,alignmentX=0.0,alignmentY=0.0,border=,flags=9,maximumSize=,minimumSize=,preferredSize=]
2025-11-16 12:22:10,168 [INFO] NvicIntPanel:101 - NVIC parent = com.st.microxplorer.plugins.ip.nvic.MultiNvicIntPanel[,0,0,0x0,invalid,layout=javax.swing.BoxLayout,alignmentX=0.0,alignmentY=0.0,border=,flags=9,maximumSize=,minimumSize=,preferredSize=]
2025-11-16 12:22:10,260 [INFO] NvicIntPanel:101 - NVIC parent = com.st.microxplorer.plugins.ip.nvic.MultiNvicIntPanel[,0,0,0x0,invalid,layout=javax.swing.BoxLayout,alignmentX=0.0,alignmentY=0.0,border=,flags=9,maximumSize=,minimumSize=,preferredSize=]
2025-11-16 12:22:10,262 [ERROR] LogOutputStream:75 - [STDERR_REDIRECT] [Fatal Error] :1:1: Premature end of file.
2025-11-16 12:22:10,262 [ERROR] LogOutputStream:75 - [STDERR_REDIRECT] 
2025-11-16 12:22:10,580 [INFO] NvicIntPanel:101 - NVIC parent = com.st.microxplorer.plugins.ip.nvic.MultiNvicIntPanel[,0,0,0x0,invalid,layout=javax.swing.BoxLayout,alignmentX=0.0,alignmentY=0.0,border=,flags=9,maximumSize=,minimumSize=,preferredSize=]
2025-11-16 12:22:10,662 [INFO] NvicIntPanel:101 - NVIC parent = com.st.microxplorer.plugins.ip.nvic.MultiNvicIntPanel[,0,0,0x0,invalid,layout=javax.swing.BoxLayout,alignmentX=0.0,alignmentY=0.0,border=,flags=9,maximumSize=,minimumSize=,preferredSize=]
2025-11-16 12:22:10,745 [INFO] NvicIntPanel:101 - NVIC parent = com.st.microxplorer.plugins.ip.nvic.MultiNvicIntPanel[,0,0,0x0,invalid,layout=javax.swing.BoxLayout,alignmentX=0.0,alignmentY=0.0,border=,flags=9,maximumSize=,minimumSize=,preferredSize=]
2025-11-16 12:22:11,264 [ERROR] LogOutputStream:75 - [STDERR_REDIRECT] [Fatal Error] :1:1: Premature end of file.
2025-11-16 12:22:11,266 [ERROR] LogOutputStream:75 - [STDERR_REDIRECT] 
2025-11-16 12:22:12,257 [ERROR] LogOutputStream:75 - [STDERR_REDIRECT] [Fatal Error] :1:1: Premature end of file.
2025-11-16 12:22:12,257 [ERROR] LogOutputStream:75 - [STDERR_REDIRECT] 
2025-11-16 12:22:13,264 [ERROR] LogOutputStream:75 - [STDERR_REDIRECT] [Fatal Error] :1:1: Premature end of file.
2025-11-16 12:22:13,264 [ERROR] LogOutputStream:75 - [STDERR_REDIRECT] 
2025-11-16 12:22:14,258 [ERROR] LogOutputStream:75 - [STDERR_REDIRECT] [Fatal Error] :1:1: Premature end of file.
2025-11-16 12:22:14,258 [ERROR] LogOutputStream:75 - [STDERR_REDIRECT] 
2025-11-16 12:22:15,259 [ERROR] LogOutputStream:75 - [STDERR_REDIRECT] [Fatal Error] :1:1: Premature end of file.
2025-11-16 12:22:15,259 [ERROR] LogOutputStream:75 - [STDERR_REDIRECT] 
2025-11-16 12:22:16,265 [ERROR] LogOutputStream:75 - [STDERR_REDIRECT] [Fatal Error] :1:1: Premature end of file.
2025-11-16 12:22:16,265 [ERROR] LogOutputStream:75 - [STDERR_REDIRECT] 
2025-11-16 12:22:17,278 [ERROR] LogOutputStream:75 - [STDERR_REDIRECT] [Fatal Error] :1:1: Premature end of file.
2025-11-16 12:22:17,278 [ERROR] LogOutputStream:75 - [STDERR_REDIRECT] 
2025-11-16 12:22:18,280 [ERROR] LogOutputStream:75 - [STDERR_REDIRECT] [Fatal Error] :1:1: Premature end of file.
2025-11-16 12:22:18,280 [ERROR] LogOutputStream:75 - [STDERR_REDIRECT] 
2025-11-16 12:22:19,289 [ERROR] LogOutputStream:75 - [STDERR_REDIRECT] [Fatal Error] :1:1: Premature end of file.
2025-11-16 12:22:19,289 [ERROR] LogOutputStream:75 - [STDERR_REDIRECT] 
2025-11-16 12:22:20,292 [ERROR] LogOutputStream:75 - [STDERR_REDIRECT] [Fatal Error] :1:1: Premature end of file.
2025-11-16 12:22:20,292 [ERROR] LogOutputStream:75 - [STDERR_REDIRECT] 
2025-11-16 12:22:21,256 [ERROR] LogOutputStream:75 - [STDERR_REDIRECT] [Fatal Error] :1:1: Premature end of file.
2025-11-16 12:22:21,256 [ERROR] LogOutputStream:75 - [STDERR_REDIRECT] 
2025-11-16 12:22:22,267 [ERROR] LogOutputStream:75 - [STDERR_REDIRECT] [Fatal Error] :1:1: Premature end of file.
2025-11-16 12:22:22,267 [ERROR] LogOutputStream:75 - [STDERR_REDIRECT] 
2025-11-16 12:22:23,284 [ERROR] LogOutputStream:75 - [STDERR_REDIRECT] [Fatal Error] :1:1: Premature end of file.
2025-11-16 12:22:23,284 [ERROR] LogOutputStream:75 - [STDERR_REDIRECT] 
2025-11-16 12:22:24,260 [ERROR] LogOutputStream:75 - [STDERR_REDIRECT] [Fatal Error] :1:1: Premature end of file.
2025-11-16 12:22:24,260 [ERROR] LogOutputStream:75 - [STDERR_REDIRECT] 
2025-11-16 12:22:25,290 [ERROR] LogOutputStream:75 - [STDERR_REDIRECT] [Fatal Error] :1:1: Premature end of file.
2025-11-16 12:22:25,290 [ERROR] LogOutputStream:75 - [STDERR_REDIRECT] 
2025-11-16 12:22:26,267 [ERROR] LogOutputStream:75 - [STDERR_REDIRECT] [Fatal Error] :1:1: Premature end of file.
2025-11-16 12:22:26,267 [ERROR] LogOutputStream:75 - [STDERR_REDIRECT] 
2025-11-16 12:22:27,283 [ERROR] LogOutputStream:75 - [STDERR_REDIRECT] [Fatal Error] :1:1: Premature end of file.
2025-11-16 12:22:27,283 [ERROR] LogOutputStream:75 - [STDERR_REDIRECT] 
2025-11-16 12:22:28,262 [ERROR] LogOutputStream:75 - [STDERR_REDIRECT] [Fatal Error] :1:1: Premature end of file.
2025-11-16 12:22:28,262 [ERROR] LogOutputStream:75 - [STDERR_REDIRECT] 
2025-11-16 12:22:29,258 [ERROR] LogOutputStream:75 - [STDERR_REDIRECT] [Fatal Error] :1:1: Premature end of file.
2025-11-16 12:22:29,258 [ERROR] LogOutputStream:75 - [STDERR_REDIRECT] 
2025-11-16 12:22:30,290 [ERROR] LogOutputStream:75 - [STDERR_REDIRECT] [Fatal Error] :1:1: Premature end of file.
2025-11-16 12:22:30,290 [ERROR] LogOutputStream:75 - [STDERR_REDIRECT] 
2025-11-16 12:22:31,258 [ERROR] LogOutputStream:75 - [STDERR_REDIRECT] [Fatal Error] :1:1: Premature end of file.
2025-11-16 12:22:31,258 [ERROR] LogOutputStream:75 - [STDERR_REDIRECT] 
2025-11-16 12:22:31,739 [INFO] NvicIntPanel:101 - NVIC parent = com.st.microxplorer.plugins.ip.nvic.MultiNvicIntPanel[,0,0,0x0,invalid,layout=javax.swing.BoxLayout,alignmentX=0.0,alignmentY=0.0,border=,flags=9,maximumSize=,minimumSize=,preferredSize=]
2025-11-16 12:22:31,834 [INFO] NvicIntPanel:101 - NVIC parent = com.st.microxplorer.plugins.ip.nvic.MultiNvicIntPanel[,0,0,0x0,invalid,layout=javax.swing.BoxLayout,alignmentX=0.0,alignmentY=0.0,border=,flags=9,maximumSize=,minimumSize=,preferredSize=]
2025-11-16 12:22:32,287 [ERROR] LogOutputStream:75 - [STDERR_REDIRECT] [Fatal Error] :1:1: Premature end of file.
2025-11-16 12:22:32,287 [ERROR] LogOutputStream:75 - [STDERR_REDIRECT] 
2025-11-16 12:22:33,285 [ERROR] LogOutputStream:75 - [STDERR_REDIRECT] [Fatal Error] :1:1: Premature end of file.
2025-11-16 12:22:33,285 [ERROR] LogOutputStream:75 - [STDERR_REDIRECT] 
2025-11-16 12:22:34,279 [ERROR] LogOutputStream:75 - [STDERR_REDIRECT] [Fatal Error] :1:1: Premature end of file.
2025-11-16 12:22:34,279 [ERROR] LogOutputStream:75 - [STDERR_REDIRECT] 
2025-11-16 12:22:35,291 [ERROR] LogOutputStream:75 - [STDERR_REDIRECT] [Fatal Error] :1:1: Premature end of file.
2025-11-16 12:22:35,291 [ERROR] LogOutputStream:75 - [STDERR_REDIRECT] 
2025-11-16 12:22:36,282 [ERROR] LogOutputStream:75 - [STDERR_REDIRECT] [Fatal Error] :1:1: Premature end of file.
2025-11-16 12:22:36,282 [ERROR] LogOutputStream:75 - [STDERR_REDIRECT] 
2025-11-16 12:22:37,259 [ERROR] LogOutputStream:75 - [STDERR_REDIRECT] [Fatal Error] :1:1: Premature end of file.
2025-11-16 12:22:37,259 [ERROR] LogOutputStream:75 - [STDERR_REDIRECT] 
2025-11-16 12:22:38,286 [ERROR] LogOutputStream:75 - [STDERR_REDIRECT] [Fatal Error] :1:1: Premature end of file.
2025-11-16 12:22:38,286 [ERROR] LogOutputStream:75 - [STDERR_REDIRECT] 
2025-11-16 12:22:39,290 [ERROR] LogOutputStream:75 - [STDERR_REDIRECT] [Fatal Error] :1:1: Premature end of file.
2025-11-16 12:22:39,290 [ERROR] LogOutputStream:75 - [STDERR_REDIRECT] 
2025-11-16 12:22:40,290 [ERROR] LogOutputStream:75 - [STDERR_REDIRECT] [Fatal Error] :1:1: Premature end of file.
2025-11-16 12:22:40,290 [ERROR] LogOutputStream:75 - [STDERR_REDIRECT] 
2025-11-16 12:22:41,288 [ERROR] LogOutputStream:75 - [STDERR_REDIRECT] [Fatal Error] :1:1: Premature end of file.
2025-11-16 12:22:41,288 [ERROR] LogOutputStream:75 - [STDERR_REDIRECT] 
2025-11-16 12:22:42,288 [ERROR] LogOutputStream:75 - [STDERR_REDIRECT] [Fatal Error] :1:1: Premature end of file.
2025-11-16 12:22:42,288 [ERROR] LogOutputStream:75 - [STDERR_REDIRECT] 
2025-11-16 12:22:43,283 [ERROR] LogOutputStream:75 - [STDERR_REDIRECT] [Fatal Error] :1:1: Premature end of file.
2025-11-16 12:22:43,283 [ERROR] LogOutputStream:75 - [STDERR_REDIRECT] 
2025-11-16 12:22:44,294 [ERROR] LogOutputStream:75 - [STDERR_REDIRECT] [Fatal Error] :1:1: Premature end of file.
2025-11-16 12:22:44,294 [ERROR] LogOutputStream:75 - [STDERR_REDIRECT] 
2025-11-16 12:22:45,291 [ERROR] LogOutputStream:75 - [STDERR_REDIRECT] [Fatal Error] :1:1: Premature end of file.
2025-11-16 12:22:45,291 [ERROR] LogOutputStream:75 - [STDERR_REDIRECT] 
2025-11-16 12:22:46,283 [ERROR] LogOutputStream:75 - [STDERR_REDIRECT] [Fatal Error] :1:1: Premature end of file.
2025-11-16 12:22:46,283 [ERROR] LogOutputStream:75 - [STDERR_REDIRECT] 
2025-11-16 12:22:47,285 [ERROR] LogOutputStream:75 - [STDERR_REDIRECT] [Fatal Error] :1:1: Premature end of file.
2025-11-16 12:22:47,285 [ERROR] LogOutputStream:75 - [STDERR_REDIRECT] 
2025-11-16 12:22:48,292 [ERROR] LogOutputStream:75 - [STDERR_REDIRECT] [Fatal Error] :1:1: Premature end of file.
2025-11-16 12:22:48,292 [ERROR] LogOutputStream:75 - [STDERR_REDIRECT] 
2025-11-16 12:22:49,296 [ERROR] LogOutputStream:75 - [STDERR_REDIRECT] [Fatal Error] :1:1: Premature end of file.
2025-11-16 12:22:49,296 [ERROR] LogOutputStream:75 - [STDERR_REDIRECT] 
2025-11-16 12:22:50,298 [ERROR] LogOutputStream:75 - [STDERR_REDIRECT] [Fatal Error] :1:1: Premature end of file.
2025-11-16 12:22:50,298 [ERROR] LogOutputStream:75 - [STDERR_REDIRECT] 
2025-11-16 12:22:51,292 [ERROR] LogOutputStream:75 - [STDERR_REDIRECT] [Fatal Error] :1:1: Premature end of file.
2025-11-16 12:22:51,292 [ERROR] LogOutputStream:75 - [STDERR_REDIRECT] 
2025-11-16 12:22:52,293 [ERROR] LogOutputStream:75 - [STDERR_REDIRECT] [Fatal Error] :1:1: Premature end of file.
2025-11-16 12:22:52,294 [ERROR] LogOutputStream:75 - [STDERR_REDIRECT] 
2025-11-16 12:22:53,294 [ERROR] LogOutputStream:75 - [STDERR_REDIRECT] [Fatal Error] :1:1: Premature end of file.
2025-11-16 12:22:53,294 [ERROR] LogOutputStream:75 - [STDERR_REDIRECT] 
2025-11-16 12:22:54,288 [ERROR] LogOutputStream:75 - [STDERR_REDIRECT] [Fatal Error] :1:1: Premature end of file.
2025-11-16 12:22:54,288 [ERROR] LogOutputStream:75 - [STDERR_REDIRECT] 
2025-11-16 12:22:55,296 [ERROR] LogOutputStream:75 - [STDERR_REDIRECT] [Fatal Error] :1:1: Premature end of file.
2025-11-16 12:22:55,296 [ERROR] LogOutputStream:75 - [STDERR_REDIRECT] 
2025-11-16 12:22:56,292 [ERROR] LogOutputStream:75 - [STDERR_REDIRECT] [Fatal Error] :1:1: Premature end of file.
2025-11-16 12:22:56,292 [ERROR] LogOutputStream:75 - [STDERR_REDIRECT] 
2025-11-16 12:22:57,295 [ERROR] LogOutputStream:75 - [STDERR_REDIRECT] [Fatal Error] :1:1: Premature end of file.
2025-11-16 12:22:57,295 [ERROR] LogOutputStream:75 - [STDERR_REDIRECT] 
2025-11-16 12:22:58,281 [ERROR] LogOutputStream:75 - [STDERR_REDIRECT] [Fatal Error] :1:1: Premature end of file.
2025-11-16 12:22:58,281 [ERROR] LogOutputStream:75 - [STDERR_REDIRECT] 
2025-11-16 12:22:59,295 [ERROR] LogOutputStream:75 - [STDERR_REDIRECT] [Fatal Error] :1:1: Premature end of file.
2025-11-16 12:22:59,295 [ERROR] LogOutputStream:75 - [STDERR_REDIRECT] 
2025-11-16 12:23:00,256 [ERROR] LogOutputStream:75 - [STDERR_REDIRECT] [Fatal Error] :1:1: Premature end of file.
2025-11-16 12:23:00,256 [ERROR] LogOutputStream:75 - [STDERR_REDIRECT] 
2025-11-16 12:23:01,294 [ERROR] LogOutputStream:75 - [STDERR_REDIRECT] [Fatal Error] :1:1: Premature end of file.
2025-11-16 12:23:01,294 [ERROR] LogOutputStream:75 - [STDERR_REDIRECT] 
2025-11-16 12:23:02,291 [ERROR] LogOutputStream:75 - [STDERR_REDIRECT] [Fatal Error] :1:1: Premature end of file.
2025-11-16 12:23:02,291 [ERROR] LogOutputStream:75 - [STDERR_REDIRECT] 
2025-11-16 12:23:03,289 [ERROR] LogOutputStream:75 - [STDERR_REDIRECT] [Fatal Error] :1:1: Premature end of file.
2025-11-16 12:23:03,289 [ERROR] LogOutputStream:75 - [STDERR_REDIRECT] 
2025-11-16 12:23:04,288 [ERROR] LogOutputStream:75 - [STDERR_REDIRECT] [Fatal Error] :1:1: Premature end of file.
2025-11-16 12:23:04,288 [ERROR] LogOutputStream:75 - [STDERR_REDIRECT] 
2025-11-16 12:23:05,292 [ERROR] LogOutputStream:75 - [STDERR_REDIRECT] [Fatal Error] :1:1: Premature end of file.
2025-11-16 12:23:05,292 [ERROR] LogOutputStream:75 - [STDERR_REDIRECT] 
2025-11-16 12:23:06,283 [ERROR] LogOutputStream:75 - [STDERR_REDIRECT] [Fatal Error] :1:1: Premature end of file.
2025-11-16 12:23:06,283 [ERROR] LogOutputStream:75 - [STDERR_REDIRECT] 
2025-11-16 12:23:07,298 [ERROR] LogOutputStream:75 - [STDERR_REDIRECT] [Fatal Error] :1:1: Premature end of file.
2025-11-16 12:23:07,298 [ERROR] LogOutputStream:75 - [STDERR_REDIRECT] 
2025-11-16 12:23:08,284 [ERROR] LogOutputStream:75 - [STDERR_REDIRECT] [Fatal Error] :1:1: Premature end of file.
2025-11-16 12:23:08,284 [ERROR] LogOutputStream:75 - [STDERR_REDIRECT] 
2025-11-16 12:23:09,296 [ERROR] LogOutputStream:75 - [STDERR_REDIRECT] [Fatal Error] :1:1: Premature end of file.
2025-11-16 12:23:09,296 [ERROR] LogOutputStream:75 - [STDERR_REDIRECT] 
2025-11-16 12:23:10,277 [ERROR] LogOutputStream:75 - [STDERR_REDIRECT] [Fatal Error] :1:1: Premature end of file.
2025-11-16 12:23:10,277 [ERROR] LogOutputStream:75 - [STDERR_REDIRECT] 
2025-11-16 12:23:11,286 [ERROR] LogOutputStream:75 - [STDERR_REDIRECT] [Fatal Error] :1:1: Premature end of file.
2025-11-16 12:23:11,286 [ERROR] LogOutputStream:75 - [STDERR_REDIRECT] 
2025-11-16 12:23:12,289 [ERROR] LogOutputStream:75 - [STDERR_REDIRECT] [Fatal Error] :1:1: Premature end of file.
2025-11-16 12:23:12,291 [ERROR] LogOutputStream:75 - [STDERR_REDIRECT] 
2025-11-16 12:23:13,290 [ERROR] LogOutputStream:75 - [STDERR_REDIRECT] [Fatal Error] :1:1: Premature end of file.
2025-11-16 12:23:13,290 [ERROR] LogOutputStream:75 - [STDERR_REDIRECT] 
2025-11-16 12:23:14,289 [ERROR] LogOutputStream:75 - [STDERR_REDIRECT] [Fatal Error] :1:1: Premature end of file.
2025-11-16 12:23:14,289 [ERROR] LogOutputStream:75 - [STDERR_REDIRECT] 
2025-11-16 12:23:15,282 [ERROR] LogOutputStream:75 - [STDERR_REDIRECT] [Fatal Error] :1:1: Premature end of file.
2025-11-16 12:23:15,282 [ERROR] LogOutputStream:75 - [STDERR_REDIRECT] 
2025-11-16 12:23:16,283 [ERROR] LogOutputStream:75 - [STDERR_REDIRECT] [Fatal Error] :1:1: Premature end of file.
2025-11-16 12:23:16,283 [ERROR] LogOutputStream:75 - [STDERR_REDIRECT] 
2025-11-16 12:23:17,281 [ERROR] LogOutputStream:75 - [STDERR_REDIRECT] [Fatal Error] :1:1: Premature end of file.
2025-11-16 12:23:17,281 [ERROR] LogOutputStream:75 - [STDERR_REDIRECT] 
2025-11-16 12:23:18,290 [ERROR] LogOutputStream:75 - [STDERR_REDIRECT] [Fatal Error] :1:1: Premature end of file.
2025-11-16 12:23:18,290 [ERROR] LogOutputStream:75 - [STDERR_REDIRECT] 
2025-11-16 12:23:19,277 [ERROR] LogOutputStream:75 - [STDERR_REDIRECT] [Fatal Error] :1:1: Premature end of file.
2025-11-16 12:23:19,277 [ERROR] LogOutputStream:75 - [STDERR_REDIRECT] 
2025-11-16 12:23:20,290 [ERROR] LogOutputStream:75 - [STDERR_REDIRECT] [Fatal Error] :1:1: Premature end of file.
2025-11-16 12:23:20,290 [ERROR] LogOutputStream:75 - [STDERR_REDIRECT] 
2025-11-16 12:23:21,287 [ERROR] LogOutputStream:75 - [STDERR_REDIRECT] [Fatal Error] :1:1: Premature end of file.
2025-11-16 12:23:21,287 [ERROR] LogOutputStream:75 - [STDERR_REDIRECT] 
2025-11-16 12:23:22,285 [ERROR] LogOutputStream:75 - [STDERR_REDIRECT] [Fatal Error] :1:1: Premature end of file.
2025-11-16 12:23:22,285 [ERROR] LogOutputStream:75 - [STDERR_REDIRECT] 
2025-11-16 12:23:23,294 [ERROR] LogOutputStream:75 - [STDERR_REDIRECT] [Fatal Error] :1:1: Premature end of file.
2025-11-16 12:23:23,294 [ERROR] LogOutputStream:75 - [STDERR_REDIRECT] 
2025-11-16 12:23:24,290 [ERROR] LogOutputStream:75 - [STDERR_REDIRECT] [Fatal Error] :1:1: Premature end of file.
2025-11-16 12:23:24,290 [ERROR] LogOutputStream:75 - [STDERR_REDIRECT] 
2025-11-16 12:23:25,267 [ERROR] LogOutputStream:75 - [STDERR_REDIRECT] [Fatal Error] :1:1: Premature end of file.
2025-11-16 12:23:25,267 [ERROR] LogOutputStream:75 - [STDERR_REDIRECT] 
2025-11-16 12:23:26,289 [ERROR] LogOutputStream:75 - [STDERR_REDIRECT] [Fatal Error] :1:1: Premature end of file.
2025-11-16 12:23:26,289 [ERROR] LogOutputStream:75 - [STDERR_REDIRECT] 
2025-11-16 12:23:27,290 [ERROR] LogOutputStream:75 - [STDERR_REDIRECT] [Fatal Error] :1:1: Premature end of file.
2025-11-16 12:23:27,290 [ERROR] LogOutputStream:75 - [STDERR_REDIRECT] 
2025-11-16 12:23:28,264 [ERROR] LogOutputStream:75 - [STDERR_REDIRECT] [Fatal Error] :1:1: Premature end of file.
2025-11-16 12:23:28,265 [ERROR] LogOutputStream:75 - [STDERR_REDIRECT] 
2025-11-16 12:23:29,281 [ERROR] LogOutputStream:75 - [STDERR_REDIRECT] [Fatal Error] :1:1: Premature end of file.
2025-11-16 12:23:29,281 [ERROR] LogOutputStream:75 - [STDERR_REDIRECT] 
2025-11-16 12:23:30,286 [ERROR] LogOutputStream:75 - [STDERR_REDIRECT] [Fatal Error] :1:1: Premature end of file.
2025-11-16 12:23:30,286 [ERROR] LogOutputStream:75 - [STDERR_REDIRECT] 
2025-11-16 12:23:31,296 [ERROR] LogOutputStream:75 - [STDERR_REDIRECT] [Fatal Error] :1:1: Premature end of file.
2025-11-16 12:23:31,296 [ERROR] LogOutputStream:75 - [STDERR_REDIRECT] 
2025-11-16 12:23:32,289 [ERROR] LogOutputStream:75 - [STDERR_REDIRECT] [Fatal Error] :1:1: Premature end of file.
2025-11-16 12:23:32,289 [ERROR] LogOutputStream:75 - [STDERR_REDIRECT] 
2025-11-16 12:23:33,294 [ERROR] LogOutputStream:75 - [STDERR_REDIRECT] [Fatal Error] :1:1: Premature end of file.
2025-11-16 12:23:33,294 [ERROR] LogOutputStream:75 - [STDERR_REDIRECT] 
2025-11-16 12:23:34,284 [ERROR] LogOutputStream:75 - [STDERR_REDIRECT] [Fatal Error] :1:1: Premature end of file.
2025-11-16 12:23:34,284 [ERROR] LogOutputStream:75 - [STDERR_REDIRECT] 
2025-11-16 12:23:35,294 [ERROR] LogOutputStream:75 - [STDERR_REDIRECT] [Fatal Error] :1:1: Premature end of file.
2025-11-16 12:23:35,294 [ERROR] LogOutputStream:75 - [STDERR_REDIRECT] 
2025-11-16 12:23:36,268 [ERROR] LogOutputStream:75 - [STDERR_REDIRECT] [Fatal Error] :1:1: Premature end of file.
2025-11-16 12:23:36,268 [ERROR] LogOutputStream:75 - [STDERR_REDIRECT] 
2025-11-16 12:23:37,286 [ERROR] LogOutputStream:75 - [STDERR_REDIRECT] [Fatal Error] :1:1: Premature end of file.
2025-11-16 12:23:37,286 [ERROR] LogOutputStream:75 - [STDERR_REDIRECT] 
2025-11-16 12:23:38,291 [ERROR] LogOutputStream:75 - [STDERR_REDIRECT] [Fatal Error] :1:1: Premature end of file.
2025-11-16 12:23:38,291 [ERROR] LogOutputStream:75 - [STDERR_REDIRECT] 
2025-11-16 12:23:39,297 [ERROR] LogOutputStream:75 - [STDERR_REDIRECT] [Fatal Error] :1:1: Premature end of file.
2025-11-16 12:23:39,297 [ERROR] LogOutputStream:75 - [STDERR_REDIRECT] 
2025-11-16 12:23:40,293 [ERROR] LogOutputStream:75 - [STDERR_REDIRECT] [Fatal Error] :1:1: Premature end of file.
2025-11-16 12:23:40,293 [ERROR] LogOutputStream:75 - [STDERR_REDIRECT] 
2025-11-16 12:23:41,294 [ERROR] LogOutputStream:75 - [STDERR_REDIRECT] [Fatal Error] :1:1: Premature end of file.
2025-11-16 12:23:41,294 [ERROR] LogOutputStream:75 - [STDERR_REDIRECT] 
2025-11-16 12:23:42,290 [ERROR] LogOutputStream:75 - [STDERR_REDIRECT] [Fatal Error] :1:1: Premature end of file.
2025-11-16 12:23:42,290 [ERROR] LogOutputStream:75 - [STDERR_REDIRECT] 
2025-11-16 12:23:43,283 [ERROR] LogOutputStream:75 - [STDERR_REDIRECT] [Fatal Error] :1:1: Premature end of file.
2025-11-16 12:23:43,283 [ERROR] LogOutputStream:75 - [STDERR_REDIRECT] 
2025-11-16 12:23:44,284 [ERROR] LogOutputStream:75 - [STDERR_REDIRECT] [Fatal Error] :1:1: Premature end of file.
2025-11-16 12:23:44,284 [ERROR] LogOutputStream:75 - [STDERR_REDIRECT] 
2025-11-16 12:23:45,270 [ERROR] LogOutputStream:75 - [STDERR_REDIRECT] [Fatal Error] :1:1: Premature end of file.
2025-11-16 12:23:45,272 [ERROR] LogOutputStream:75 - [STDERR_REDIRECT] 
2025-11-16 12:23:46,289 [ERROR] LogOutputStream:75 - [STDERR_REDIRECT] [Fatal Error] :1:1: Premature end of file.
2025-11-16 12:23:46,289 [ERROR] LogOutputStream:75 - [STDERR_REDIRECT] 
2025-11-16 12:23:47,261 [ERROR] LogOutputStream:75 - [STDERR_REDIRECT] [Fatal Error] :1:1: Premature end of file.
2025-11-16 12:23:47,261 [ERROR] LogOutputStream:75 - [STDERR_REDIRECT] 
2025-11-16 12:23:47,822 [INFO] UtilMem:75 - End SaveConfig() Used Memory: 523348312 Bytes (1073741824)
2025-11-16 12:23:48,258 [ERROR] LogOutputStream:75 - [STDERR_REDIRECT] [Fatal Error] :1:1: Premature end of file.
2025-11-16 12:23:48,258 [ERROR] LogOutputStream:75 - [STDERR_REDIRECT] 
2025-11-16 12:23:49,099 [ERROR] IocParser:95 - Exception caught: Cannot invoke "java.lang.CharSequence.length()" because "this.text" is null
2025-11-16 12:23:49,168 [INFO] UtilMem:75 - End SaveConfig() Used Memory: 547465560 Bytes (1073741824)
2025-11-16 12:23:49,261 [ERROR] LogOutputStream:75 - [STDERR_REDIRECT] [Fatal Error] :1:1: Premature end of file.
2025-11-16 12:23:49,261 [ERROR] LogOutputStream:75 - [STDERR_REDIRECT] 
2025-11-16 12:23:50,257 [ERROR] LogOutputStream:75 - [STDERR_REDIRECT] [Fatal Error] :1:1: Premature end of file.
2025-11-16 12:23:50,257 [ERROR] LogOutputStream:75 - [STDERR_REDIRECT] 
2025-11-16 12:23:51,121 [INFO] UtilMem:75 - End SaveConfig() Used Memory: 783405616 Bytes (1073741824)
2025-11-16 12:23:51,265 [ERROR] LogOutputStream:75 - [STDERR_REDIRECT] [Fatal Error] :1:1: Premature end of file.
2025-11-16 12:23:51,265 [ERROR] LogOutputStream:75 - [STDERR_REDIRECT] 
2025-11-16 12:23:51,343 [ERROR] IocParser:95 - Exception caught: Cannot invoke "java.lang.CharSequence.length()" because "this.text" is null
2025-11-16 12:23:51,436 [INFO] BlockDiagram:2775 - set Specific Code input for plugin: RCC
2025-11-16 12:23:51,436 [INFO] BlockDiagram:2775 - set Specific Code input for plugin: ETH
2025-11-16 12:23:51,436 [INFO] BlockDiagram:2775 - set Specific Code input for plugin: MEMORYMAP
2025-11-16 12:23:51,437 [INFO] BlockDiagram:2775 - set Specific Code input for plugin: SYS
2025-11-16 12:23:51,437 [INFO] BlockDiagram:2775 - set Specific Code input for plugin: NVIC2
2025-11-16 12:23:51,437 [INFO] BlockDiagram:2775 - set Specific Code input for plugin: GPIO
2025-11-16 12:23:51,437 [INFO] BlockDiagram:2775 - set Specific Code input for plugin: SYS_M4
2025-11-16 12:23:51,437 [INFO] BlockDiagram:2775 - set Specific Code input for plugin: NUCLEO-H755ZI-Q
2025-11-16 12:23:51,437 [INFO] BlockDiagram:2775 - set Specific Code input for plugin: NVIC1
2025-11-16 12:23:51,438 [INFO] CodeGenerator:892 - code generatio: config db path: C:\ST\STM32CubeIDE_1.19.0\STM32CubeIDE\plugins\com.st.stm32cube.common.mx_6.15.0.202507011659\\db\
2025-11-16 12:23:51,478 [INFO] CodeGenerator:1619 - *******************Project context M7 selected
2025-11-16 12:23:51,534 [INFO] CodeEngine:265 - oldGeneratedFile, C:\Users\akash\Documents\git\STMPlayground\NUCLEO_H755\EthernetTest\MXTmpFiles\license.tmp_save
2025-11-16 12:23:51,689 [INFO] CodeEngine:289 - Generated code: C:\Users\akash\Documents\git\STMPlayground\NUCLEO_H755\EthernetTest\MXTmpFiles\license.tmp
2025-11-16 12:23:51,747 [INFO] CodeEngine:265 - oldGeneratedFile, C:\Users\akash\Documents\git\STMPlayground\NUCLEO_H755\EthernetTest\CM7\MXTmpFiles\gpio.tmp_save
2025-11-16 12:23:51,875 [INFO] CodeEngine:289 - Generated code: C:\Users\akash\Documents\git\STMPlayground\NUCLEO_H755\EthernetTest\CM7\MXTmpFiles\gpio.tmp
2025-11-16 12:23:51,998 [WARN] IPConfigManager:103 - WARNING: Missing Config File for MEMORYMAP ip!!
2025-11-16 12:23:51,999 [WARN] IP:2250 - DefaultDataRegion not found: check if there is a RefParameter without a condition.
2025-11-16 12:23:52,089 [WARN] IPConfigManager:103 - WARNING: Missing Config File for NVIC1 ip!!
2025-11-16 12:23:52,161 [INFO] CodeEngine:265 - oldGeneratedFile, C:\Users\akash\Documents\git\STMPlayground\NUCLEO_H755\EthernetTest\CM7\MXTmpFiles\cortex.tmp_save
2025-11-16 12:23:52,229 [INFO] CodeEngine:289 - Generated code: C:\Users\akash\Documents\git\STMPlayground\NUCLEO_H755\EthernetTest\CM7\MXTmpFiles\cortex.tmp
2025-11-16 12:23:52,256 [INFO] CodeEngine:265 - oldGeneratedFile, C:\Users\akash\Documents\git\STMPlayground\NUCLEO_H755\EthernetTest\CM7\Core\Inc\stm32h7xx_nucleo_conf.h_save
2025-11-16 12:23:52,261 [ERROR] LogOutputStream:75 - [STDERR_REDIRECT] [Fatal Error] :1:1: Premature end of file.
2025-11-16 12:23:52,261 [ERROR] LogOutputStream:75 - [STDERR_REDIRECT] 
2025-11-16 12:23:52,310 [INFO] CodeEngine:289 - Generated code: C:\Users\akash\Documents\git\STMPlayground\NUCLEO_H755\EthernetTest\CM7\Core\Inc\stm32h7xx_nucleo_conf.h
2025-11-16 12:23:52,314 [INFO] CodeEngine:265 - oldGeneratedFile, C:\Users\akash\Documents\git\STMPlayground\NUCLEO_H755\EthernetTest\CM7\MXTmpFiles\bsp_inc.tmp_save
2025-11-16 12:23:52,359 [INFO] CodeEngine:289 - Generated code: C:\Users\akash\Documents\git\STMPlayground\NUCLEO_H755\EthernetTest\CM7\MXTmpFiles\bsp_inc.tmp
2025-11-16 12:23:52,364 [INFO] CodeEngine:265 - oldGeneratedFile, C:\Users\akash\Documents\git\STMPlayground\NUCLEO_H755\EthernetTest\CM7\MXTmpFiles\bsp_common_vars.tmp_save
2025-11-16 12:23:52,408 [INFO] CodeEngine:289 - Generated code: C:\Users\akash\Documents\git\STMPlayground\NUCLEO_H755\EthernetTest\CM7\MXTmpFiles\bsp_common_vars.tmp
2025-11-16 12:23:52,412 [INFO] CodeEngine:265 - oldGeneratedFile, C:\Users\akash\Documents\git\STMPlayground\NUCLEO_H755\EthernetTest\CM7\MXTmpFiles\bsp_common_init.tmp_save
2025-11-16 12:23:52,455 [INFO] CodeEngine:289 - Generated code: C:\Users\akash\Documents\git\STMPlayground\NUCLEO_H755\EthernetTest\CM7\MXTmpFiles\bsp_common_init.tmp
2025-11-16 12:23:52,459 [INFO] CodeEngine:265 - oldGeneratedFile, C:\Users\akash\Documents\git\STMPlayground\NUCLEO_H755\EthernetTest\CM7\MXTmpFiles\bsp_common_demo_before_while.tmp_save
2025-11-16 12:23:52,531 [INFO] CodeEngine:289 - Generated code: C:\Users\akash\Documents\git\STMPlayground\NUCLEO_H755\EthernetTest\CM7\MXTmpFiles\bsp_common_demo_before_while.tmp
2025-11-16 12:23:52,536 [INFO] CodeEngine:265 - oldGeneratedFile, C:\Users\akash\Documents\git\STMPlayground\NUCLEO_H755\EthernetTest\CM7\MXTmpFiles\bsp_common_demo_inside_while.tmp_save
2025-11-16 12:23:52,598 [INFO] CodeEngine:289 - Generated code: C:\Users\akash\Documents\git\STMPlayground\NUCLEO_H755\EthernetTest\CM7\MXTmpFiles\bsp_common_demo_inside_while.tmp
2025-11-16 12:23:52,602 [INFO] CodeEngine:265 - oldGeneratedFile, C:\Users\akash\Documents\git\STMPlayground\NUCLEO_H755\EthernetTest\CM7\MXTmpFiles\bsp_common_demo_fct.tmp_save
2025-11-16 12:23:52,661 [INFO] CodeEngine:289 - Generated code: C:\Users\akash\Documents\git\STMPlayground\NUCLEO_H755\EthernetTest\CM7\MXTmpFiles\bsp_common_demo_fct.tmp
2025-11-16 12:23:52,683 [INFO] CodeEngine:265 - oldGeneratedFile, C:\Users\akash\Documents\git\STMPlayground\NUCLEO_H755\EthernetTest\CM7\Core\Src\stm32h7xx_it.c_save
2025-11-16 12:23:52,827 [INFO] CodeEngine:289 - Generated code: C:\Users\akash\Documents\git\STMPlayground\NUCLEO_H755\EthernetTest\CM7\Core\Src\stm32h7xx_it.c
2025-11-16 12:23:52,832 [INFO] CodeEngine:265 - oldGeneratedFile, C:\Users\akash\Documents\git\STMPlayground\NUCLEO_H755\EthernetTest\CM7\Core\Inc\stm32h7xx_it.h_save
2025-11-16 12:23:52,877 [INFO] CodeEngine:289 - Generated code: C:\Users\akash\Documents\git\STMPlayground\NUCLEO_H755\EthernetTest\CM7\Core\Inc\stm32h7xx_it.h
2025-11-16 12:23:52,966 [INFO] CodeEngine:265 - oldGeneratedFile, C:\Users\akash\Documents\git\STMPlayground\NUCLEO_H755\EthernetTest\CM7\Core\Src\stm32h7xx_hal_msp.c_save
2025-11-16 12:23:53,038 [INFO] CodeEngine:289 - Generated code: C:\Users\akash\Documents\git\STMPlayground\NUCLEO_H755\EthernetTest\CM7\Core\Src\stm32h7xx_hal_msp.c
2025-11-16 12:23:53,043 [INFO] CodeEngine:265 - oldGeneratedFile, C:\Users\akash\Documents\git\STMPlayground\NUCLEO_H755\EthernetTest\CM7\MXTmpFiles\system.tmp_save
2025-11-16 12:23:53,084 [INFO] CodeEngine:289 - Generated code: C:\Users\akash\Documents\git\STMPlayground\NUCLEO_H755\EthernetTest\CM7\MXTmpFiles\system.tmp
2025-11-16 12:23:53,094 [INFO] CodeEngine:321 - oldGeneratedFile, C:\Users\akash\Documents\git\STMPlayground\NUCLEO_H755\EthernetTest\CM7\Core\Inc\stm32h7xx_hal_conf.h_save
2025-11-16 12:23:53,144 [INFO] CodeEngine:345 - Generated code: C:\Users\akash\Documents\git\STMPlayground\NUCLEO_H755\EthernetTest\CM7\Core\Inc\stm32h7xx_hal_conf.h
2025-11-16 12:23:53,176 [INFO] ApiDbMcu:532 - Load IP Config File for ETH
2025-11-16 12:23:53,177 [WARN] IPConfigManager:3811 - IP not found : NVIC
2025-11-16 12:23:53,178 [WARN] CodeGenerator:4259 - IP not found : null
2025-11-16 12:23:53,183 [INFO] CodeEngine:265 - oldGeneratedFile, C:\Users\akash\Documents\git\STMPlayground\NUCLEO_H755\EthernetTest\CM7\Core\Inc\main.h_save
2025-11-16 12:23:53,250 [INFO] CodeEngine:289 - Generated code: C:\Users\akash\Documents\git\STMPlayground\NUCLEO_H755\EthernetTest\CM7\Core\Inc\main.h
2025-11-16 12:23:53,256 [INFO] CodeEngine:265 - oldGeneratedFile, C:\Users\akash\Documents\git\STMPlayground\NUCLEO_H755\EthernetTest\CM7\Core\Src\main.c_save
2025-11-16 12:23:53,261 [ERROR] LogOutputStream:75 - [STDERR_REDIRECT] [Fatal Error] :1:1: Premature end of file.
2025-11-16 12:23:53,262 [ERROR] LogOutputStream:75 - [STDERR_REDIRECT] 
2025-11-16 12:23:53,341 [INFO] CodeEngine:289 - Generated code: C:\Users\akash\Documents\git\STMPlayground\NUCLEO_H755\EthernetTest\CM7\Core\Src\main.c
2025-11-16 12:23:53,391 [INFO] CodeGenerator:1619 - *******************Project context M4 selected
2025-11-16 12:23:53,445 [INFO] CodeEngine:265 - oldGeneratedFile, C:\Users\akash\Documents\git\STMPlayground\NUCLEO_H755\EthernetTest\MXTmpFiles\license.tmp_save
2025-11-16 12:23:53,486 [INFO] CodeEngine:289 - Generated code: C:\Users\akash\Documents\git\STMPlayground\NUCLEO_H755\EthernetTest\MXTmpFiles\license.tmp
2025-11-16 12:23:53,493 [WARN] IPConfigManager:103 - WARNING: Missing Config File for NVIC2 ip!!
2025-11-16 12:23:53,502 [INFO] CodeEngine:265 - oldGeneratedFile, C:\Users\akash\Documents\git\STMPlayground\NUCLEO_H755\EthernetTest\CM4\MXTmpFiles\cortex.tmp_save
2025-11-16 12:23:53,544 [INFO] CodeEngine:289 - Generated code: C:\Users\akash\Documents\git\STMPlayground\NUCLEO_H755\EthernetTest\CM4\MXTmpFiles\cortex.tmp
2025-11-16 12:23:53,566 [INFO] CodeEngine:265 - oldGeneratedFile, C:\Users\akash\Documents\git\STMPlayground\NUCLEO_H755\EthernetTest\CM4\Core\Inc\stm32h7xx_nucleo_conf.h_save
2025-11-16 12:23:53,610 [INFO] CodeEngine:289 - Generated code: C:\Users\akash\Documents\git\STMPlayground\NUCLEO_H755\EthernetTest\CM4\Core\Inc\stm32h7xx_nucleo_conf.h
2025-11-16 12:23:53,614 [INFO] CodeEngine:265 - oldGeneratedFile, C:\Users\akash\Documents\git\STMPlayground\NUCLEO_H755\EthernetTest\CM4\MXTmpFiles\bsp_inc.tmp_save
2025-11-16 12:23:53,654 [INFO] CodeEngine:289 - Generated code: C:\Users\akash\Documents\git\STMPlayground\NUCLEO_H755\EthernetTest\CM4\MXTmpFiles\bsp_inc.tmp
2025-11-16 12:23:53,669 [INFO] CodeEngine:265 - oldGeneratedFile, C:\Users\akash\Documents\git\STMPlayground\NUCLEO_H755\EthernetTest\CM4\Core\Src\stm32h7xx_it.c_save
2025-11-16 12:23:53,716 [INFO] CodeEngine:289 - Generated code: C:\Users\akash\Documents\git\STMPlayground\NUCLEO_H755\EthernetTest\CM4\Core\Src\stm32h7xx_it.c
2025-11-16 12:23:53,720 [INFO] CodeEngine:265 - oldGeneratedFile, C:\Users\akash\Documents\git\STMPlayground\NUCLEO_H755\EthernetTest\CM4\Core\Inc\stm32h7xx_it.h_save
2025-11-16 12:23:53,766 [INFO] CodeEngine:289 - Generated code: C:\Users\akash\Documents\git\STMPlayground\NUCLEO_H755\EthernetTest\CM4\Core\Inc\stm32h7xx_it.h
2025-11-16 12:23:53,787 [INFO] CodeEngine:265 - oldGeneratedFile, C:\Users\akash\Documents\git\STMPlayground\NUCLEO_H755\EthernetTest\CM4\Core\Src\stm32h7xx_hal_msp.c_save
2025-11-16 12:23:53,848 [INFO] CodeEngine:289 - Generated code: C:\Users\akash\Documents\git\STMPlayground\NUCLEO_H755\EthernetTest\CM4\Core\Src\stm32h7xx_hal_msp.c
2025-11-16 12:23:53,851 [INFO] CodeEngine:265 - oldGeneratedFile, C:\Users\akash\Documents\git\STMPlayground\NUCLEO_H755\EthernetTest\CM4\MXTmpFiles\system.tmp_save
2025-11-16 12:23:53,893 [INFO] CodeEngine:289 - Generated code: C:\Users\akash\Documents\git\STMPlayground\NUCLEO_H755\EthernetTest\CM4\MXTmpFiles\system.tmp
2025-11-16 12:23:53,901 [INFO] CodeEngine:321 - oldGeneratedFile, C:\Users\akash\Documents\git\STMPlayground\NUCLEO_H755\EthernetTest\CM4\Core\Inc\stm32h7xx_hal_conf.h_save
2025-11-16 12:23:53,948 [INFO] CodeEngine:345 - Generated code: C:\Users\akash\Documents\git\STMPlayground\NUCLEO_H755\EthernetTest\CM4\Core\Inc\stm32h7xx_hal_conf.h
2025-11-16 12:23:53,959 [WARN] IPConfigManager:3811 - IP not found : NVIC
2025-11-16 12:23:53,959 [WARN] CodeGenerator:4259 - IP not found : null
2025-11-16 12:23:53,965 [INFO] CodeEngine:265 - oldGeneratedFile, C:\Users\akash\Documents\git\STMPlayground\NUCLEO_H755\EthernetTest\CM4\Core\Inc\main.h_save
2025-11-16 12:23:54,012 [INFO] CodeEngine:289 - Generated code: C:\Users\akash\Documents\git\STMPlayground\NUCLEO_H755\EthernetTest\CM4\Core\Inc\main.h
2025-11-16 12:23:54,017 [INFO] CodeEngine:265 - oldGeneratedFile, C:\Users\akash\Documents\git\STMPlayground\NUCLEO_H755\EthernetTest\CM4\Core\Src\main.c_save
2025-11-16 12:23:54,075 [INFO] CodeEngine:289 - Generated code: C:\Users\akash\Documents\git\STMPlayground\NUCLEO_H755\EthernetTest\CM4\Core\Src\main.c
2025-11-16 12:23:54,259 [ERROR] LogOutputStream:75 - [STDERR_REDIRECT] [Fatal Error] :1:1: Premature end of file.
2025-11-16 12:23:54,259 [ERROR] LogOutputStream:75 - [STDERR_REDIRECT] 
2025-11-16 12:23:54,390 [INFO] ProjectBuilder:3606 - Time for Copy HAL[1] : 117mS.
2025-11-16 12:23:54,399 [INFO] ProjectBuilder:5216 - Project Generator version: 4.7.0-B52
2025-11-16 12:23:54,474 [INFO] ConfigFileManager:1595 - The Die is : DIE450
2025-11-16 12:23:55,267 [ERROR] LogOutputStream:75 - [STDERR_REDIRECT] [Fatal Error] :1:1: Premature end of file.
2025-11-16 12:23:55,267 [ERROR] LogOutputStream:75 - [STDERR_REDIRECT] 
2025-11-16 12:23:56,261 [ERROR] LogOutputStream:75 - [STDERR_REDIRECT] [Fatal Error] :1:1: Premature end of file.
2025-11-16 12:23:56,263 [ERROR] LogOutputStream:75 - [STDERR_REDIRECT] 
2025-11-16 12:23:57,261 [ERROR] LogOutputStream:75 - [STDERR_REDIRECT] [Fatal Error] :1:1: Premature end of file.
2025-11-16 12:23:57,261 [ERROR] LogOutputStream:75 - [STDERR_REDIRECT] 
2025-11-16 12:23:58,276 [ERROR] LogOutputStream:75 - [STDERR_REDIRECT] [Fatal Error] :1:1: Premature end of file.
2025-11-16 12:23:58,276 [ERROR] LogOutputStream:75 - [STDERR_REDIRECT] 
2025-11-16 12:23:59,015 [INFO] ProjectBuilder:5496 - Time for Generating toolchain IDE Files: 4616mS.
2025-11-16 12:23:59,015 [INFO] ProjectBuilder:3463 - Time for Copy CMSIS : 0mS.
2025-11-16 12:23:59,016 [INFO] ProjectBuilder:3463 - Time for Copy CMSIS : 0mS.
2025-11-16 12:23:59,258 [ERROR] LogOutputStream:75 - [STDERR_REDIRECT] [Fatal Error] :1:1: Premature end of file.
2025-11-16 12:23:59,258 [ERROR] LogOutputStream:75 - [STDERR_REDIRECT] 
2025-11-16 12:24:00,258 [ERROR] LogOutputStream:75 - [STDERR_REDIRECT] [Fatal Error] :1:1: Premature end of file.
2025-11-16 12:24:00,258 [ERROR] LogOutputStream:75 - [STDERR_REDIRECT] 
2025-11-16 12:24:01,265 [ERROR] LogOutputStream:75 - [STDERR_REDIRECT] [Fatal Error] :1:1: Premature end of file.
2025-11-16 12:24:01,265 [ERROR] LogOutputStream:75 - [STDERR_REDIRECT] 
2025-11-16 12:24:02,263 [ERROR] LogOutputStream:75 - [STDERR_REDIRECT] [Fatal Error] :1:1: Premature end of file.
2025-11-16 12:24:02,263 [ERROR] LogOutputStream:75 - [STDERR_REDIRECT] 
2025-11-16 12:24:03,268 [ERROR] LogOutputStream:75 - [STDERR_REDIRECT] [Fatal Error] :1:1: Premature end of file.
2025-11-16 12:24:03,268 [ERROR] LogOutputStream:75 - [STDERR_REDIRECT] 
2025-11-16 12:24:04,287 [ERROR] LogOutputStream:75 - [STDERR_REDIRECT] [Fatal Error] :1:1: Premature end of file.
2025-11-16 12:24:04,287 [ERROR] LogOutputStream:75 - [STDERR_REDIRECT] 
2025-11-16 12:24:05,286 [ERROR] LogOutputStream:75 - [STDERR_REDIRECT] [Fatal Error] :1:1: Premature end of file.
2025-11-16 12:24:05,286 [ERROR] LogOutputStream:75 - [STDERR_REDIRECT] 
2025-11-16 12:24:06,285 [ERROR] LogOutputStream:75 - [STDERR_REDIRECT] [Fatal Error] :1:1: Premature end of file.
2025-11-16 12:24:06,285 [ERROR] LogOutputStream:75 - [STDERR_REDIRECT] 
2025-11-16 12:24:07,269 [ERROR] LogOutputStream:75 - [STDERR_REDIRECT] [Fatal Error] :1:1: Premature end of file.
2025-11-16 12:24:07,269 [ERROR] LogOutputStream:75 - [STDERR_REDIRECT] 
2025-11-16 12:24:08,279 [ERROR] LogOutputStream:75 - [STDERR_REDIRECT] [Fatal Error] :1:1: Premature end of file.
2025-11-16 12:24:08,279 [ERROR] LogOutputStream:75 - [STDERR_REDIRECT] 
2025-11-16 12:24:09,266 [ERROR] LogOutputStream:75 - [STDERR_REDIRECT] [Fatal Error] :1:1: Premature end of file.
2025-11-16 12:24:09,266 [ERROR] LogOutputStream:75 - [STDERR_REDIRECT] 
2025-11-16 12:24:10,284 [ERROR] LogOutputStream:75 - [STDERR_REDIRECT] [Fatal Error] :1:1: Premature end of file.
2025-11-16 12:24:10,284 [ERROR] LogOutputStream:75 - [STDERR_REDIRECT] 
2025-11-16 12:24:11,287 [ERROR] LogOutputStream:75 - [STDERR_REDIRECT] [Fatal Error] :1:1: Premature end of file.
2025-11-16 12:24:11,287 [ERROR] LogOutputStream:75 - [STDERR_REDIRECT] 
2025-11-16 12:24:12,292 [ERROR] LogOutputStream:75 - [STDERR_REDIRECT] [Fatal Error] :1:1: Premature end of file.
2025-11-16 12:24:12,292 [ERROR] LogOutputStream:75 - [STDERR_REDIRECT] 
2025-11-16 12:24:13,296 [ERROR] LogOutputStream:75 - [STDERR_REDIRECT] [Fatal Error] :1:1: Premature end of file.
2025-11-16 12:24:13,298 [ERROR] LogOutputStream:75 - [STDERR_REDIRECT] 
2025-11-16 12:24:14,292 [ERROR] LogOutputStream:75 - [STDERR_REDIRECT] [Fatal Error] :1:1: Premature end of file.
2025-11-16 12:24:14,292 [ERROR] LogOutputStream:75 - [STDERR_REDIRECT] 
2025-11-16 12:24:15,280 [ERROR] LogOutputStream:75 - [STDERR_REDIRECT] [Fatal Error] :1:1: Premature end of file.
2025-11-16 12:24:15,280 [ERROR] LogOutputStream:75 - [STDERR_REDIRECT] 
2025-11-16 12:24:16,290 [ERROR] LogOutputStream:75 - [STDERR_REDIRECT] [Fatal Error] :1:1: Premature end of file.
2025-11-16 12:24:16,290 [ERROR] LogOutputStream:75 - [STDERR_REDIRECT] 
2025-11-16 12:24:17,296 [ERROR] LogOutputStream:75 - [STDERR_REDIRECT] [Fatal Error] :1:1: Premature end of file.
2025-11-16 12:24:17,296 [ERROR] LogOutputStream:75 - [STDERR_REDIRECT] 
2025-11-16 12:24:18,287 [ERROR] LogOutputStream:75 - [STDERR_REDIRECT] [Fatal Error] :1:1: Premature end of file.
2025-11-16 12:24:18,287 [ERROR] LogOutputStream:75 - [STDERR_REDIRECT] 
2025-11-16 12:24:19,291 [ERROR] LogOutputStream:75 - [STDERR_REDIRECT] [Fatal Error] :1:1: Premature end of file.
2025-11-16 12:24:19,291 [ERROR] LogOutputStream:75 - [STDERR_REDIRECT] 
2025-11-16 12:24:20,269 [ERROR] LogOutputStream:75 - [STDERR_REDIRECT] [Fatal Error] :1:1: Premature end of file.
2025-11-16 12:24:20,269 [ERROR] LogOutputStream:75 - [STDERR_REDIRECT] 
2025-11-16 12:24:21,293 [ERROR] LogOutputStream:75 - [STDERR_REDIRECT] [Fatal Error] :1:1: Premature end of file.
2025-11-16 12:24:21,293 [ERROR] LogOutputStream:75 - [STDERR_REDIRECT] 
2025-11-16 12:24:22,271 [ERROR] LogOutputStream:75 - [STDERR_REDIRECT] [Fatal Error] :1:1: Premature end of file.
2025-11-16 12:24:22,271 [ERROR] LogOutputStream:75 - [STDERR_REDIRECT] 
2025-11-16 12:24:23,284 [ERROR] LogOutputStream:75 - [STDERR_REDIRECT] [Fatal Error] :1:1: Premature end of file.
2025-11-16 12:24:23,284 [ERROR] LogOutputStream:75 - [STDERR_REDIRECT] 
2025-11-16 12:24:24,280 [ERROR] LogOutputStream:75 - [STDERR_REDIRECT] [Fatal Error] :1:1: Premature end of file.
2025-11-16 12:24:24,280 [ERROR] LogOutputStream:75 - [STDERR_REDIRECT] 
2025-11-16 12:24:25,282 [ERROR] LogOutputStream:75 - [STDERR_REDIRECT] [Fatal Error] :1:1: Premature end of file.
2025-11-16 12:24:25,282 [ERROR] LogOutputStream:75 - [STDERR_REDIRECT] 
2025-11-16 12:24:26,286 [ERROR] LogOutputStream:75 - [STDERR_REDIRECT] [Fatal Error] :1:1: Premature end of file.
2025-11-16 12:24:26,286 [ERROR] LogOutputStream:75 - [STDERR_REDIRECT] 
2025-11-16 12:24:27,281 [ERROR] LogOutputStream:75 - [STDERR_REDIRECT] [Fatal Error] :1:1: Premature end of file.
2025-11-16 12:24:27,281 [ERROR] LogOutputStream:75 - [STDERR_REDIRECT] 
2025-11-16 12:24:28,284 [ERROR] LogOutputStream:75 - [STDERR_REDIRECT] [Fatal Error] :1:1: Premature end of file.
2025-11-16 12:24:28,284 [ERROR] LogOutputStream:75 - [STDERR_REDIRECT] 
2025-11-16 12:24:29,282 [ERROR] LogOutputStream:75 - [STDERR_REDIRECT] [Fatal Error] :1:1: Premature end of file.
2025-11-16 12:24:29,282 [ERROR] LogOutputStream:75 - [STDERR_REDIRECT] 
2025-11-16 12:24:30,290 [ERROR] LogOutputStream:75 - [STDERR_REDIRECT] [Fatal Error] :1:1: Premature end of file.
2025-11-16 12:24:30,290 [ERROR] LogOutputStream:75 - [STDERR_REDIRECT] 
2025-11-16 12:24:31,284 [ERROR] LogOutputStream:75 - [STDERR_REDIRECT] [Fatal Error] :1:1: Premature end of file.
2025-11-16 12:24:31,284 [ERROR] LogOutputStream:75 - [STDERR_REDIRECT] 
2025-11-16 12:24:32,282 [ERROR] LogOutputStream:75 - [STDERR_REDIRECT] [Fatal Error] :1:1: Premature end of file.
2025-11-16 12:24:32,282 [ERROR] LogOutputStream:75 - [STDERR_REDIRECT] 
2025-11-16 12:24:33,289 [ERROR] LogOutputStream:75 - [STDERR_REDIRECT] [Fatal Error] :1:1: Premature end of file.
2025-11-16 12:24:33,289 [ERROR] LogOutputStream:75 - [STDERR_REDIRECT] 
2025-11-16 12:24:34,289 [ERROR] LogOutputStream:75 - [STDERR_REDIRECT] [Fatal Error] :1:1: Premature end of file.
2025-11-16 12:24:34,290 [ERROR] LogOutputStream:75 - [STDERR_REDIRECT] 
2025-11-16 12:24:35,295 [ERROR] LogOutputStream:75 - [STDERR_REDIRECT] [Fatal Error] :1:1: Premature end of file.
2025-11-16 12:24:35,295 [ERROR] LogOutputStream:75 - [STDERR_REDIRECT] 
2025-11-16 12:24:36,284 [ERROR] LogOutputStream:75 - [STDERR_REDIRECT] [Fatal Error] :1:1: Premature end of file.
2025-11-16 12:24:36,284 [ERROR] LogOutputStream:75 - [STDERR_REDIRECT] 
2025-11-16 12:24:37,262 [ERROR] LogOutputStream:75 - [STDERR_REDIRECT] [Fatal Error] :1:1: Premature end of file.
2025-11-16 12:24:37,262 [ERROR] LogOutputStream:75 - [STDERR_REDIRECT] 
2025-11-16 12:24:38,290 [ERROR] LogOutputStream:75 - [STDERR_REDIRECT] [Fatal Error] :1:1: Premature end of file.
2025-11-16 12:24:38,290 [ERROR] LogOutputStream:75 - [STDERR_REDIRECT] 
2025-11-16 12:24:39,292 [ERROR] LogOutputStream:75 - [STDERR_REDIRECT] [Fatal Error] :1:1: Premature end of file.
2025-11-16 12:24:39,292 [ERROR] LogOutputStream:75 - [STDERR_REDIRECT] 
2025-11-16 12:24:40,286 [ERROR] LogOutputStream:75 - [STDERR_REDIRECT] [Fatal Error] :1:1: Premature end of file.
2025-11-16 12:24:40,286 [ERROR] LogOutputStream:75 - [STDERR_REDIRECT] 
2025-11-16 12:24:41,286 [ERROR] LogOutputStream:75 - [STDERR_REDIRECT] [Fatal Error] :1:1: Premature end of file.
2025-11-16 12:24:41,286 [ERROR] LogOutputStream:75 - [STDERR_REDIRECT] 
2025-11-16 12:24:42,295 [ERROR] LogOutputStream:75 - [STDERR_REDIRECT] [Fatal Error] :1:1: Premature end of file.
2025-11-16 12:24:42,296 [ERROR] LogOutputStream:75 - [STDERR_REDIRECT] 
2025-11-16 12:24:43,286 [ERROR] LogOutputStream:75 - [STDERR_REDIRECT] [Fatal Error] :1:1: Premature end of file.
2025-11-16 12:24:43,286 [ERROR] LogOutputStream:75 - [STDERR_REDIRECT] 
2025-11-16 12:24:44,289 [ERROR] LogOutputStream:75 - [STDERR_REDIRECT] [Fatal Error] :1:1: Premature end of file.
2025-11-16 12:24:44,289 [ERROR] LogOutputStream:75 - [STDERR_REDIRECT] 
2025-11-16 12:24:45,265 [ERROR] LogOutputStream:75 - [STDERR_REDIRECT] [Fatal Error] :1:1: Premature end of file.
2025-11-16 12:24:45,265 [ERROR] LogOutputStream:75 - [STDERR_REDIRECT] 
2025-11-16 12:24:46,264 [ERROR] LogOutputStream:75 - [STDERR_REDIRECT] [Fatal Error] :1:1: Premature end of file.
2025-11-16 12:24:46,264 [ERROR] LogOutputStream:75 - [STDERR_REDIRECT] 
2025-11-16 12:24:47,290 [ERROR] LogOutputStream:75 - [STDERR_REDIRECT] [Fatal Error] :1:1: Premature end of file.
2025-11-16 12:24:47,290 [ERROR] LogOutputStream:75 - [STDERR_REDIRECT] 
2025-11-16 12:24:48,291 [ERROR] LogOutputStream:75 - [STDERR_REDIRECT] [Fatal Error] :1:1: Premature end of file.
2025-11-16 12:24:48,291 [ERROR] LogOutputStream:75 - [STDERR_REDIRECT] 
2025-11-16 12:24:49,258 [ERROR] LogOutputStream:75 - [STDERR_REDIRECT] [Fatal Error] :1:1: Premature end of file.
2025-11-16 12:24:49,258 [ERROR] LogOutputStream:75 - [STDERR_REDIRECT] 
2025-11-16 12:24:50,291 [ERROR] LogOutputStream:75 - [STDERR_REDIRECT] [Fatal Error] :1:1: Premature end of file.
2025-11-16 12:24:50,291 [ERROR] LogOutputStream:75 - [STDERR_REDIRECT] 
2025-11-16 12:24:51,292 [ERROR] LogOutputStream:75 - [STDERR_REDIRECT] [Fatal Error] :1:1: Premature end of file.
2025-11-16 12:24:51,292 [ERROR] LogOutputStream:75 - [STDERR_REDIRECT] 
2025-11-16 12:24:52,270 [ERROR] LogOutputStream:75 - [STDERR_REDIRECT] [Fatal Error] :1:1: Premature end of file.
2025-11-16 12:24:52,270 [ERROR] LogOutputStream:75 - [STDERR_REDIRECT] 
2025-11-16 12:24:53,277 [ERROR] LogOutputStream:75 - [STDERR_REDIRECT] [Fatal Error] :1:1: Premature end of file.
2025-11-16 12:24:53,277 [ERROR] LogOutputStream:75 - [STDERR_REDIRECT] 
2025-11-16 12:24:54,270 [ERROR] LogOutputStream:75 - [STDERR_REDIRECT] [Fatal Error] :1:1: Premature end of file.
2025-11-16 12:24:54,270 [ERROR] LogOutputStream:75 - [STDERR_REDIRECT] 
2025-11-16 12:24:55,258 [ERROR] LogOutputStream:75 - [STDERR_REDIRECT] [Fatal Error] :1:1: Premature end of file.
2025-11-16 12:24:55,258 [ERROR] LogOutputStream:75 - [STDERR_REDIRECT] 
2025-11-16 12:24:56,294 [ERROR] LogOutputStream:75 - [STDERR_REDIRECT] [Fatal Error] :1:1: Premature end of file.
2025-11-16 12:24:56,294 [ERROR] LogOutputStream:75 - [STDERR_REDIRECT] 
2025-11-16 12:24:57,291 [ERROR] LogOutputStream:75 - [STDERR_REDIRECT] [Fatal Error] :1:1: Premature end of file.
2025-11-16 12:24:57,291 [ERROR] LogOutputStream:75 - [STDERR_REDIRECT] 
2025-11-16 12:24:58,287 [ERROR] LogOutputStream:75 - [STDERR_REDIRECT] [Fatal Error] :1:1: Premature end of file.
2025-11-16 12:24:58,287 [ERROR] LogOutputStream:75 - [STDERR_REDIRECT] 
2025-11-16 12:24:59,280 [ERROR] LogOutputStream:75 - [STDERR_REDIRECT] [Fatal Error] :1:1: Premature end of file.
2025-11-16 12:24:59,280 [ERROR] LogOutputStream:75 - [STDERR_REDIRECT] 
2025-11-16 12:25:00,279 [ERROR] LogOutputStream:75 - [STDERR_REDIRECT] [Fatal Error] :1:1: Premature end of file.
2025-11-16 12:25:00,279 [ERROR] LogOutputStream:75 - [STDERR_REDIRECT] 
2025-11-16 12:25:01,286 [ERROR] LogOutputStream:75 - [STDERR_REDIRECT] [Fatal Error] :1:1: Premature end of file.
2025-11-16 12:25:01,286 [ERROR] LogOutputStream:75 - [STDERR_REDIRECT] 
2025-11-16 12:25:02,292 [ERROR] LogOutputStream:75 - [STDERR_REDIRECT] [Fatal Error] :1:1: Premature end of file.
2025-11-16 12:25:02,292 [ERROR] LogOutputStream:75 - [STDERR_REDIRECT] 
2025-11-16 12:25:03,287 [ERROR] LogOutputStream:75 - [STDERR_REDIRECT] [Fatal Error] :1:1: Premature end of file.
2025-11-16 12:25:03,287 [ERROR] LogOutputStream:75 - [STDERR_REDIRECT] 
2025-11-16 12:25:04,290 [ERROR] LogOutputStream:75 - [STDERR_REDIRECT] [Fatal Error] :1:1: Premature end of file.
2025-11-16 12:25:04,290 [ERROR] LogOutputStream:75 - [STDERR_REDIRECT] 
2025-11-16 12:25:05,295 [ERROR] LogOutputStream:75 - [STDERR_REDIRECT] [Fatal Error] :1:1: Premature end of file.
2025-11-16 12:25:05,295 [ERROR] LogOutputStream:75 - [STDERR_REDIRECT] 
2025-11-16 12:25:06,290 [ERROR] LogOutputStream:75 - [STDERR_REDIRECT] [Fatal Error] :1:1: Premature end of file.
2025-11-16 12:25:06,290 [ERROR] LogOutputStream:75 - [STDERR_REDIRECT] 
2025-11-16 12:25:07,287 [ERROR] LogOutputStream:75 - [STDERR_REDIRECT] [Fatal Error] :1:1: Premature end of file.
2025-11-16 12:25:07,287 [ERROR] LogOutputStream:75 - [STDERR_REDIRECT] 
2025-11-16 12:25:08,283 [ERROR] LogOutputStream:75 - [STDERR_REDIRECT] [Fatal Error] :1:1: Premature end of file.
2025-11-16 12:25:08,283 [ERROR] LogOutputStream:75 - [STDERR_REDIRECT] 
2025-11-16 12:25:09,288 [ERROR] LogOutputStream:75 - [STDERR_REDIRECT] [Fatal Error] :1:1: Premature end of file.
2025-11-16 12:25:09,288 [ERROR] LogOutputStream:75 - [STDERR_REDIRECT] 
2025-11-16 12:25:10,283 [ERROR] LogOutputStream:75 - [STDERR_REDIRECT] [Fatal Error] :1:1: Premature end of file.
2025-11-16 12:25:10,283 [ERROR] LogOutputStream:75 - [STDERR_REDIRECT] 
2025-11-16 12:25:11,282 [ERROR] LogOutputStream:75 - [STDERR_REDIRECT] [Fatal Error] :1:1: Premature end of file.
2025-11-16 12:25:11,282 [ERROR] LogOutputStream:75 - [STDERR_REDIRECT] 
2025-11-16 12:25:12,295 [ERROR] LogOutputStream:75 - [STDERR_REDIRECT] [Fatal Error] :1:1: Premature end of file.
2025-11-16 12:25:12,295 [ERROR] LogOutputStream:75 - [STDERR_REDIRECT] 
2025-11-16 12:25:13,279 [ERROR] LogOutputStream:75 - [STDERR_REDIRECT] [Fatal Error] :1:1: Premature end of file.
2025-11-16 12:25:13,279 [ERROR] LogOutputStream:75 - [STDERR_REDIRECT] 
2025-11-16 12:25:14,290 [ERROR] LogOutputStream:75 - [STDERR_REDIRECT] [Fatal Error] :1:1: Premature end of file.
2025-11-16 12:25:14,290 [ERROR] LogOutputStream:75 - [STDERR_REDIRECT] 
2025-11-16 12:25:15,295 [ERROR] LogOutputStream:75 - [STDERR_REDIRECT] [Fatal Error] :1:1: Premature end of file.
2025-11-16 12:25:15,295 [ERROR] LogOutputStream:75 - [STDERR_REDIRECT] 
2025-11-16 12:25:16,288 [ERROR] LogOutputStream:75 - [STDERR_REDIRECT] [Fatal Error] :1:1: Premature end of file.
2025-11-16 12:25:16,288 [ERROR] LogOutputStream:75 - [STDERR_REDIRECT] 
2025-11-16 12:25:17,277 [ERROR] LogOutputStream:75 - [STDERR_REDIRECT] [Fatal Error] :1:1: Premature end of file.
2025-11-16 12:25:17,277 [ERROR] LogOutputStream:75 - [STDERR_REDIRECT] 
2025-11-16 12:25:18,290 [ERROR] LogOutputStream:75 - [STDERR_REDIRECT] [Fatal Error] :1:1: Premature end of file.
2025-11-16 12:25:18,290 [ERROR] LogOutputStream:75 - [STDERR_REDIRECT] 
2025-11-16 12:25:19,290 [ERROR] LogOutputStream:75 - [STDERR_REDIRECT] [Fatal Error] :1:1: Premature end of file.
2025-11-16 12:25:19,290 [ERROR] LogOutputStream:75 - [STDERR_REDIRECT] 
2025-11-16 12:25:20,298 [ERROR] LogOutputStream:75 - [STDERR_REDIRECT] [Fatal Error] :1:1: Premature end of file.
2025-11-16 12:25:20,298 [ERROR] LogOutputStream:75 - [STDERR_REDIRECT] 
2025-11-16 12:25:21,265 [ERROR] LogOutputStream:75 - [STDERR_REDIRECT] [Fatal Error] :1:1: Premature end of file.
2025-11-16 12:25:21,265 [ERROR] LogOutputStream:75 - [STDERR_REDIRECT] 
2025-11-16 12:25:22,295 [ERROR] LogOutputStream:75 - [STDERR_REDIRECT] [Fatal Error] :1:1: Premature end of file.
2025-11-16 12:25:22,295 [ERROR] LogOutputStream:75 - [STDERR_REDIRECT] 
2025-11-16 12:25:23,291 [ERROR] LogOutputStream:75 - [STDERR_REDIRECT] [Fatal Error] :1:1: Premature end of file.
2025-11-16 12:25:23,291 [ERROR] LogOutputStream:75 - [STDERR_REDIRECT] 
2025-11-16 12:25:24,287 [ERROR] LogOutputStream:75 - [STDERR_REDIRECT] [Fatal Error] :1:1: Premature end of file.
2025-11-16 12:25:24,287 [ERROR] LogOutputStream:75 - [STDERR_REDIRECT] 
2025-11-16 12:25:25,287 [ERROR] LogOutputStream:75 - [STDERR_REDIRECT] [Fatal Error] :1:1: Premature end of file.
2025-11-16 12:25:25,287 [ERROR] LogOutputStream:75 - [STDERR_REDIRECT] 
2025-11-16 12:25:26,298 [ERROR] LogOutputStream:75 - [STDERR_REDIRECT] [Fatal Error] :1:1: Premature end of file.
2025-11-16 12:25:26,298 [ERROR] LogOutputStream:75 - [STDERR_REDIRECT] 
2025-11-16 12:25:27,287 [ERROR] LogOutputStream:75 - [STDERR_REDIRECT] [Fatal Error] :1:1: Premature end of file.
2025-11-16 12:25:27,287 [ERROR] LogOutputStream:75 - [STDERR_REDIRECT] 
2025-11-16 12:25:28,290 [ERROR] LogOutputStream:75 - [STDERR_REDIRECT] [Fatal Error] :1:1: Premature end of file.
2025-11-16 12:25:28,290 [ERROR] LogOutputStream:75 - [STDERR_REDIRECT] 
2025-11-16 12:25:29,288 [ERROR] LogOutputStream:75 - [STDERR_REDIRECT] [Fatal Error] :1:1: Premature end of file.
2025-11-16 12:25:29,288 [ERROR] LogOutputStream:75 - [STDERR_REDIRECT] 
2025-11-16 12:25:30,293 [ERROR] LogOutputStream:75 - [STDERR_REDIRECT] [Fatal Error] :1:1: Premature end of file.
2025-11-16 12:25:30,293 [ERROR] LogOutputStream:75 - [STDERR_REDIRECT] 
2025-11-16 12:25:31,291 [ERROR] LogOutputStream:75 - [STDERR_REDIRECT] [Fatal Error] :1:1: Premature end of file.
2025-11-16 12:25:31,291 [ERROR] LogOutputStream:75 - [STDERR_REDIRECT] 
2025-11-16 12:25:32,293 [ERROR] LogOutputStream:75 - [STDERR_REDIRECT] [Fatal Error] :1:1: Premature end of file.
2025-11-16 12:25:32,293 [ERROR] LogOutputStream:75 - [STDERR_REDIRECT] 
2025-11-16 12:25:33,297 [ERROR] LogOutputStream:75 - [STDERR_REDIRECT] [Fatal Error] :1:1: Premature end of file.
2025-11-16 12:25:33,297 [ERROR] LogOutputStream:75 - [STDERR_REDIRECT] 
2025-11-16 12:25:34,269 [ERROR] LogOutputStream:75 - [STDERR_REDIRECT] [Fatal Error] :1:1: Premature end of file.
2025-11-16 12:25:34,269 [ERROR] LogOutputStream:75 - [STDERR_REDIRECT] 
2025-11-16 12:25:35,281 [ERROR] LogOutputStream:75 - [STDERR_REDIRECT] [Fatal Error] :1:1: Premature end of file.
2025-11-16 12:25:35,281 [ERROR] LogOutputStream:75 - [STDERR_REDIRECT] 
2025-11-16 12:25:36,283 [ERROR] LogOutputStream:75 - [STDERR_REDIRECT] [Fatal Error] :1:1: Premature end of file.
2025-11-16 12:25:36,283 [ERROR] LogOutputStream:75 - [STDERR_REDIRECT] 
2025-11-16 12:25:37,282 [ERROR] LogOutputStream:75 - [STDERR_REDIRECT] [Fatal Error] :1:1: Premature end of file.
2025-11-16 12:25:37,282 [ERROR] LogOutputStream:75 - [STDERR_REDIRECT] 
2025-11-16 12:25:38,270 [ERROR] LogOutputStream:75 - [STDERR_REDIRECT] [Fatal Error] :1:1: Premature end of file.
2025-11-16 12:25:38,271 [ERROR] LogOutputStream:75 - [STDERR_REDIRECT] 
2025-11-16 12:25:39,283 [ERROR] LogOutputStream:75 - [STDERR_REDIRECT] [Fatal Error] :1:1: Premature end of file.
2025-11-16 12:25:39,283 [ERROR] LogOutputStream:75 - [STDERR_REDIRECT] 
2025-11-16 12:25:40,289 [ERROR] LogOutputStream:75 - [STDERR_REDIRECT] [Fatal Error] :1:1: Premature end of file.
2025-11-16 12:25:40,289 [ERROR] LogOutputStream:75 - [STDERR_REDIRECT] 
2025-11-16 12:25:41,283 [ERROR] LogOutputStream:75 - [STDERR_REDIRECT] [Fatal Error] :1:1: Premature end of file.
2025-11-16 12:25:41,283 [ERROR] LogOutputStream:75 - [STDERR_REDIRECT] 
2025-11-16 12:25:42,284 [ERROR] LogOutputStream:75 - [STDERR_REDIRECT] [Fatal Error] :1:1: Premature end of file.
2025-11-16 12:25:42,284 [ERROR] LogOutputStream:75 - [STDERR_REDIRECT] 
2025-11-16 12:25:43,287 [ERROR] LogOutputStream:75 - [STDERR_REDIRECT] [Fatal Error] :1:1: Premature end of file.
2025-11-16 12:25:43,287 [ERROR] LogOutputStream:75 - [STDERR_REDIRECT] 
2025-11-16 12:25:44,291 [ERROR] LogOutputStream:75 - [STDERR_REDIRECT] [Fatal Error] :1:1: Premature end of file.
2025-11-16 12:25:44,291 [ERROR] LogOutputStream:75 - [STDERR_REDIRECT] 
2025-11-16 12:25:45,284 [ERROR] LogOutputStream:75 - [STDERR_REDIRECT] [Fatal Error] :1:1: Premature end of file.
2025-11-16 12:25:45,284 [ERROR] LogOutputStream:75 - [STDERR_REDIRECT] 
2025-11-16 12:25:46,283 [ERROR] LogOutputStream:75 - [STDERR_REDIRECT] [Fatal Error] :1:1: Premature end of file.
2025-11-16 12:25:46,283 [ERROR] LogOutputStream:75 - [STDERR_REDIRECT] 
2025-11-16 12:25:47,292 [ERROR] LogOutputStream:75 - [STDERR_REDIRECT] [Fatal Error] :1:1: Premature end of file.
2025-11-16 12:25:47,292 [ERROR] LogOutputStream:75 - [STDERR_REDIRECT] 
2025-11-16 12:25:48,284 [ERROR] LogOutputStream:75 - [STDERR_REDIRECT] [Fatal Error] :1:1: Premature end of file.
2025-11-16 12:25:48,284 [ERROR] LogOutputStream:75 - [STDERR_REDIRECT] 
2025-11-16 12:25:49,290 [ERROR] LogOutputStream:75 - [STDERR_REDIRECT] [Fatal Error] :1:1: Premature end of file.
2025-11-16 12:25:49,290 [ERROR] LogOutputStream:75 - [STDERR_REDIRECT] 
2025-11-16 12:25:50,280 [ERROR] LogOutputStream:75 - [STDERR_REDIRECT] [Fatal Error] :1:1: Premature end of file.
2025-11-16 12:25:50,280 [ERROR] LogOutputStream:75 - [STDERR_REDIRECT] 
2025-11-16 12:25:51,283 [ERROR] LogOutputStream:75 - [STDERR_REDIRECT] [Fatal Error] :1:1: Premature end of file.
2025-11-16 12:25:51,283 [ERROR] LogOutputStream:75 - [STDERR_REDIRECT] 
2025-11-16 12:25:52,281 [ERROR] LogOutputStream:75 - [STDERR_REDIRECT] [Fatal Error] :1:1: Premature end of file.
2025-11-16 12:25:52,281 [ERROR] LogOutputStream:75 - [STDERR_REDIRECT] 
2025-11-16 12:25:53,284 [ERROR] LogOutputStream:75 - [STDERR_REDIRECT] [Fatal Error] :1:1: Premature end of file.
2025-11-16 12:25:53,284 [ERROR] LogOutputStream:75 - [STDERR_REDIRECT] 
2025-11-16 12:25:54,279 [ERROR] LogOutputStream:75 - [STDERR_REDIRECT] [Fatal Error] :1:1: Premature end of file.
2025-11-16 12:25:54,279 [ERROR] LogOutputStream:75 - [STDERR_REDIRECT] 
2025-11-16 12:25:55,286 [ERROR] LogOutputStream:75 - [STDERR_REDIRECT] [Fatal Error] :1:1: Premature end of file.
2025-11-16 12:25:55,286 [ERROR] LogOutputStream:75 - [STDERR_REDIRECT] 
2025-11-16 12:25:56,287 [ERROR] LogOutputStream:75 - [STDERR_REDIRECT] [Fatal Error] :1:1: Premature end of file.
2025-11-16 12:25:56,287 [ERROR] LogOutputStream:75 - [STDERR_REDIRECT] 
2025-11-16 12:25:57,285 [ERROR] LogOutputStream:75 - [STDERR_REDIRECT] [Fatal Error] :1:1: Premature end of file.
2025-11-16 12:25:57,285 [ERROR] LogOutputStream:75 - [STDERR_REDIRECT] 
2025-11-16 12:25:58,287 [ERROR] LogOutputStream:75 - [STDERR_REDIRECT] [Fatal Error] :1:1: Premature end of file.
2025-11-16 12:25:58,287 [ERROR] LogOutputStream:75 - [STDERR_REDIRECT] 
2025-11-16 12:25:59,291 [ERROR] LogOutputStream:75 - [STDERR_REDIRECT] [Fatal Error] :1:1: Premature end of file.
2025-11-16 12:25:59,291 [ERROR] LogOutputStream:75 - [STDERR_REDIRECT] 
2025-11-16 12:26:00,293 [ERROR] LogOutputStream:75 - [STDERR_REDIRECT] [Fatal Error] :1:1: Premature end of file.
2025-11-16 12:26:00,293 [ERROR] LogOutputStream:75 - [STDERR_REDIRECT] 
2025-11-16 12:26:01,290 [ERROR] LogOutputStream:75 - [STDERR_REDIRECT] [Fatal Error] :1:1: Premature end of file.
2025-11-16 12:26:01,290 [ERROR] LogOutputStream:75 - [STDERR_REDIRECT] 
2025-11-16 12:26:02,290 [ERROR] LogOutputStream:75 - [STDERR_REDIRECT] [Fatal Error] :1:1: Premature end of file.
2025-11-16 12:26:02,290 [ERROR] LogOutputStream:75 - [STDERR_REDIRECT] 
2025-11-16 12:26:03,290 [ERROR] LogOutputStream:75 - [STDERR_REDIRECT] [Fatal Error] :1:1: Premature end of file.
2025-11-16 12:26:03,290 [ERROR] LogOutputStream:75 - [STDERR_REDIRECT] 
2025-11-16 12:26:04,293 [ERROR] LogOutputStream:75 - [STDERR_REDIRECT] [Fatal Error] :1:1: Premature end of file.
2025-11-16 12:26:04,293 [ERROR] LogOutputStream:75 - [STDERR_REDIRECT] 
2025-11-16 12:26:05,277 [ERROR] LogOutputStream:75 - [STDERR_REDIRECT] [Fatal Error] :1:1: Premature end of file.
2025-11-16 12:26:05,277 [ERROR] LogOutputStream:75 - [STDERR_REDIRECT] 
2025-11-16 12:26:06,267 [ERROR] LogOutputStream:75 - [STDERR_REDIRECT] [Fatal Error] :1:1: Premature end of file.
2025-11-16 12:26:06,267 [ERROR] LogOutputStream:75 - [STDERR_REDIRECT] 
2025-11-16 12:26:07,290 [ERROR] LogOutputStream:75 - [STDERR_REDIRECT] [Fatal Error] :1:1: Premature end of file.
2025-11-16 12:26:07,290 [ERROR] LogOutputStream:75 - [STDERR_REDIRECT] 
2025-11-16 12:26:08,268 [ERROR] LogOutputStream:75 - [STDERR_REDIRECT] [Fatal Error] :1:1: Premature end of file.
2025-11-16 12:26:08,268 [ERROR] LogOutputStream:75 - [STDERR_REDIRECT] 
2025-11-16 12:26:09,297 [ERROR] LogOutputStream:75 - [STDERR_REDIRECT] [Fatal Error] :1:1: Premature end of file.
2025-11-16 12:26:09,297 [ERROR] LogOutputStream:75 - [STDERR_REDIRECT] 
2025-11-16 12:26:10,293 [ERROR] LogOutputStream:75 - [STDERR_REDIRECT] [Fatal Error] :1:1: Premature end of file.
2025-11-16 12:26:10,293 [ERROR] LogOutputStream:75 - [STDERR_REDIRECT] 
2025-11-16 12:26:11,292 [ERROR] LogOutputStream:75 - [STDERR_REDIRECT] [Fatal Error] :1:1: Premature end of file.
2025-11-16 12:26:11,292 [ERROR] LogOutputStream:75 - [STDERR_REDIRECT] 
2025-11-16 12:26:12,266 [ERROR] LogOutputStream:75 - [STDERR_REDIRECT] [Fatal Error] :1:1: Premature end of file.
2025-11-16 12:26:12,266 [ERROR] LogOutputStream:75 - [STDERR_REDIRECT] 
2025-11-16 12:26:13,294 [ERROR] LogOutputStream:75 - [STDERR_REDIRECT] [Fatal Error] :1:1: Premature end of file.
2025-11-16 12:26:13,294 [ERROR] LogOutputStream:75 - [STDERR_REDIRECT] 
2025-11-16 12:26:14,291 [ERROR] LogOutputStream:75 - [STDERR_REDIRECT] [Fatal Error] :1:1: Premature end of file.
2025-11-16 12:26:14,291 [ERROR] LogOutputStream:75 - [STDERR_REDIRECT] 
2025-11-16 12:26:15,291 [ERROR] LogOutputStream:75 - [STDERR_REDIRECT] [Fatal Error] :1:1: Premature end of file.
2025-11-16 12:26:15,291 [ERROR] LogOutputStream:75 - [STDERR_REDIRECT] 
2025-11-16 12:26:16,289 [ERROR] LogOutputStream:75 - [STDERR_REDIRECT] [Fatal Error] :1:1: Premature end of file.
2025-11-16 12:26:16,289 [ERROR] LogOutputStream:75 - [STDERR_REDIRECT] 
2025-11-16 12:26:17,283 [ERROR] LogOutputStream:75 - [STDERR_REDIRECT] [Fatal Error] :1:1: Premature end of file.
2025-11-16 12:26:17,283 [ERROR] LogOutputStream:75 - [STDERR_REDIRECT] 
2025-11-16 12:26:18,280 [ERROR] LogOutputStream:75 - [STDERR_REDIRECT] [Fatal Error] :1:1: Premature end of file.
2025-11-16 12:26:18,280 [ERROR] LogOutputStream:75 - [STDERR_REDIRECT] 
2025-11-16 12:26:19,280 [ERROR] LogOutputStream:75 - [STDERR_REDIRECT] [Fatal Error] :1:1: Premature end of file.
2025-11-16 12:26:19,280 [ERROR] LogOutputStream:75 - [STDERR_REDIRECT] 
2025-11-16 12:26:20,276 [ERROR] LogOutputStream:75 - [STDERR_REDIRECT] [Fatal Error] :1:1: Premature end of file.
2025-11-16 12:26:20,276 [ERROR] LogOutputStream:75 - [STDERR_REDIRECT] 
2025-11-16 12:26:21,282 [ERROR] LogOutputStream:75 - [STDERR_REDIRECT] [Fatal Error] :1:1: Premature end of file.
2025-11-16 12:26:21,282 [ERROR] LogOutputStream:75 - [STDERR_REDIRECT] 
2025-11-16 12:26:22,289 [ERROR] LogOutputStream:75 - [STDERR_REDIRECT] [Fatal Error] :1:1: Premature end of file.
2025-11-16 12:26:22,289 [ERROR] LogOutputStream:75 - [STDERR_REDIRECT] 
2025-11-16 12:26:23,260 [ERROR] LogOutputStream:75 - [STDERR_REDIRECT] [Fatal Error] :1:1: Premature end of file.
2025-11-16 12:26:23,260 [ERROR] LogOutputStream:75 - [STDERR_REDIRECT] 
2025-11-16 12:26:24,279 [ERROR] LogOutputStream:75 - [STDERR_REDIRECT] [Fatal Error] :1:1: Premature end of file.
2025-11-16 12:26:24,279 [ERROR] LogOutputStream:75 - [STDERR_REDIRECT] 
2025-11-16 12:26:25,292 [ERROR] LogOutputStream:75 - [STDERR_REDIRECT] [Fatal Error] :1:1: Premature end of file.
2025-11-16 12:26:25,292 [ERROR] LogOutputStream:75 - [STDERR_REDIRECT] 
2025-11-16 12:26:26,284 [ERROR] LogOutputStream:75 - [STDERR_REDIRECT] [Fatal Error] :1:1: Premature end of file.
2025-11-16 12:26:26,284 [ERROR] LogOutputStream:75 - [STDERR_REDIRECT] 
2025-11-16 12:26:27,292 [ERROR] LogOutputStream:75 - [STDERR_REDIRECT] [Fatal Error] :1:1: Premature end of file.
2025-11-16 12:26:27,292 [ERROR] LogOutputStream:75 - [STDERR_REDIRECT] 
2025-11-16 12:26:28,287 [ERROR] LogOutputStream:75 - [STDERR_REDIRECT] [Fatal Error] :1:1: Premature end of file.
2025-11-16 12:26:28,287 [ERROR] LogOutputStream:75 - [STDERR_REDIRECT] 
2025-11-16 12:26:29,295 [ERROR] LogOutputStream:75 - [STDERR_REDIRECT] [Fatal Error] :1:1: Premature end of file.
2025-11-16 12:26:29,295 [ERROR] LogOutputStream:75 - [STDERR_REDIRECT] 
2025-11-16 12:26:30,286 [ERROR] LogOutputStream:75 - [STDERR_REDIRECT] [Fatal Error] :1:1: Premature end of file.
2025-11-16 12:26:30,286 [ERROR] LogOutputStream:75 - [STDERR_REDIRECT] 
2025-11-16 12:26:31,293 [ERROR] LogOutputStream:75 - [STDERR_REDIRECT] [Fatal Error] :1:1: Premature end of file.
2025-11-16 12:26:31,293 [ERROR] LogOutputStream:75 - [STDERR_REDIRECT] 
2025-11-16 12:26:32,288 [ERROR] LogOutputStream:75 - [STDERR_REDIRECT] [Fatal Error] :1:1: Premature end of file.
2025-11-16 12:26:32,288 [ERROR] LogOutputStream:75 - [STDERR_REDIRECT] 
2025-11-16 12:26:33,288 [ERROR] LogOutputStream:75 - [STDERR_REDIRECT] [Fatal Error] :1:1: Premature end of file.
2025-11-16 12:26:33,288 [ERROR] LogOutputStream:75 - [STDERR_REDIRECT] 
2025-11-16 12:26:34,285 [ERROR] LogOutputStream:75 - [STDERR_REDIRECT] [Fatal Error] :1:1: Premature end of file.
2025-11-16 12:26:34,285 [ERROR] LogOutputStream:75 - [STDERR_REDIRECT] 
2025-11-16 12:26:35,292 [ERROR] LogOutputStream:75 - [STDERR_REDIRECT] [Fatal Error] :1:1: Premature end of file.
2025-11-16 12:26:35,294 [ERROR] LogOutputStream:75 - [STDERR_REDIRECT] 
2025-11-16 12:26:36,291 [ERROR] LogOutputStream:75 - [STDERR_REDIRECT] [Fatal Error] :1:1: Premature end of file.
2025-11-16 12:26:36,291 [ERROR] LogOutputStream:75 - [STDERR_REDIRECT] 
2025-11-16 12:26:37,261 [ERROR] LogOutputStream:75 - [STDERR_REDIRECT] [Fatal Error] :1:1: Premature end of file.
2025-11-16 12:26:37,261 [ERROR] LogOutputStream:75 - [STDERR_REDIRECT] 
2025-11-16 12:26:38,280 [ERROR] LogOutputStream:75 - [STDERR_REDIRECT] [Fatal Error] :1:1: Premature end of file.
2025-11-16 12:26:38,280 [ERROR] LogOutputStream:75 - [STDERR_REDIRECT] 
2025-11-16 12:26:39,289 [ERROR] LogOutputStream:75 - [STDERR_REDIRECT] [Fatal Error] :1:1: Premature end of file.
2025-11-16 12:26:39,289 [ERROR] LogOutputStream:75 - [STDERR_REDIRECT] 
2025-11-16 12:26:40,292 [ERROR] LogOutputStream:75 - [STDERR_REDIRECT] [Fatal Error] :1:1: Premature end of file.
2025-11-16 12:26:40,292 [ERROR] LogOutputStream:75 - [STDERR_REDIRECT] 
2025-11-16 12:26:41,270 [ERROR] LogOutputStream:75 - [STDERR_REDIRECT] [Fatal Error] :1:1: Premature end of file.
2025-11-16 12:26:41,270 [ERROR] LogOutputStream:75 - [STDERR_REDIRECT] 
2025-11-16 12:26:42,287 [ERROR] LogOutputStream:75 - [STDERR_REDIRECT] [Fatal Error] :1:1: Premature end of file.
2025-11-16 12:26:42,287 [ERROR] LogOutputStream:75 - [STDERR_REDIRECT] 
2025-11-16 12:26:43,278 [ERROR] LogOutputStream:75 - [STDERR_REDIRECT] [Fatal Error] :1:1: Premature end of file.
2025-11-16 12:26:43,278 [ERROR] LogOutputStream:75 - [STDERR_REDIRECT] 
2025-11-16 12:26:44,286 [ERROR] LogOutputStream:75 - [STDERR_REDIRECT] [Fatal Error] :1:1: Premature end of file.
2025-11-16 12:26:44,286 [ERROR] LogOutputStream:75 - [STDERR_REDIRECT] 
2025-11-16 12:26:45,288 [ERROR] LogOutputStream:75 - [STDERR_REDIRECT] [Fatal Error] :1:1: Premature end of file.
2025-11-16 12:26:45,288 [ERROR] LogOutputStream:75 - [STDERR_REDIRECT] 
2025-11-16 12:26:46,289 [ERROR] LogOutputStream:75 - [STDERR_REDIRECT] [Fatal Error] :1:1: Premature end of file.
2025-11-16 12:26:46,289 [ERROR] LogOutputStream:75 - [STDERR_REDIRECT] 
2025-11-16 12:26:47,260 [ERROR] LogOutputStream:75 - [STDERR_REDIRECT] [Fatal Error] :1:1: Premature end of file.
2025-11-16 12:26:47,260 [ERROR] LogOutputStream:75 - [STDERR_REDIRECT] 
2025-11-16 12:26:48,292 [ERROR] LogOutputStream:75 - [STDERR_REDIRECT] [Fatal Error] :1:1: Premature end of file.
2025-11-16 12:26:48,292 [ERROR] LogOutputStream:75 - [STDERR_REDIRECT] 
2025-11-16 12:26:49,291 [ERROR] LogOutputStream:75 - [STDERR_REDIRECT] [Fatal Error] :1:1: Premature end of file.
2025-11-16 12:26:49,291 [ERROR] LogOutputStream:75 - [STDERR_REDIRECT] 
2025-11-16 12:26:50,288 [ERROR] LogOutputStream:75 - [STDERR_REDIRECT] [Fatal Error] :1:1: Premature end of file.
2025-11-16 12:26:50,288 [ERROR] LogOutputStream:75 - [STDERR_REDIRECT] 
2025-11-16 12:26:51,271 [ERROR] LogOutputStream:75 - [STDERR_REDIRECT] [Fatal Error] :1:1: Premature end of file.
2025-11-16 12:26:51,271 [ERROR] LogOutputStream:75 - [STDERR_REDIRECT] 
2025-11-16 12:26:52,283 [ERROR] LogOutputStream:75 - [STDERR_REDIRECT] [Fatal Error] :1:1: Premature end of file.
2025-11-16 12:26:52,283 [ERROR] LogOutputStream:75 - [STDERR_REDIRECT] 
2025-11-16 12:26:53,291 [ERROR] LogOutputStream:75 - [STDERR_REDIRECT] [Fatal Error] :1:1: Premature end of file.
2025-11-16 12:26:53,291 [ERROR] LogOutputStream:75 - [STDERR_REDIRECT] 
2025-11-16 12:26:54,297 [ERROR] LogOutputStream:75 - [STDERR_REDIRECT] [Fatal Error] :1:1: Premature end of file.
2025-11-16 12:26:54,297 [ERROR] LogOutputStream:75 - [STDERR_REDIRECT] 
2025-11-16 12:26:55,290 [ERROR] LogOutputStream:75 - [STDERR_REDIRECT] [Fatal Error] :1:1: Premature end of file.
2025-11-16 12:26:55,290 [ERROR] LogOutputStream:75 - [STDERR_REDIRECT] 
2025-11-16 12:26:56,289 [ERROR] LogOutputStream:75 - [STDERR_REDIRECT] [Fatal Error] :1:1: Premature end of file.
2025-11-16 12:26:56,289 [ERROR] LogOutputStream:75 - [STDERR_REDIRECT] 
2025-11-16 12:26:57,282 [ERROR] LogOutputStream:75 - [STDERR_REDIRECT] [Fatal Error] :1:1: Premature end of file.
2025-11-16 12:26:57,282 [ERROR] LogOutputStream:75 - [STDERR_REDIRECT] 
2025-11-16 12:26:58,282 [ERROR] LogOutputStream:75 - [STDERR_REDIRECT] [Fatal Error] :1:1: Premature end of file.
2025-11-16 12:26:58,282 [ERROR] LogOutputStream:75 - [STDERR_REDIRECT] 
2025-11-16 12:26:59,293 [ERROR] LogOutputStream:75 - [STDERR_REDIRECT] [Fatal Error] :1:1: Premature end of file.
2025-11-16 12:26:59,293 [ERROR] LogOutputStream:75 - [STDERR_REDIRECT] 
2025-11-16 12:27:00,284 [ERROR] LogOutputStream:75 - [STDERR_REDIRECT] [Fatal Error] :1:1: Premature end of file.
2025-11-16 12:27:00,284 [ERROR] LogOutputStream:75 - [STDERR_REDIRECT] 
2025-11-16 12:27:01,283 [ERROR] LogOutputStream:75 - [STDERR_REDIRECT] [Fatal Error] :1:1: Premature end of file.
2025-11-16 12:27:01,283 [ERROR] LogOutputStream:75 - [STDERR_REDIRECT] 
2025-11-16 12:27:02,281 [ERROR] LogOutputStream:75 - [STDERR_REDIRECT] [Fatal Error] :1:1: Premature end of file.
2025-11-16 12:27:02,281 [ERROR] LogOutputStream:75 - [STDERR_REDIRECT] 
2025-11-16 12:27:03,284 [ERROR] LogOutputStream:75 - [STDERR_REDIRECT] [Fatal Error] :1:1: Premature end of file.
2025-11-16 12:27:03,284 [ERROR] LogOutputStream:75 - [STDERR_REDIRECT] 
2025-11-16 12:27:04,282 [ERROR] LogOutputStream:75 - [STDERR_REDIRECT] [Fatal Error] :1:1: Premature end of file.
2025-11-16 12:27:04,282 [ERROR] LogOutputStream:75 - [STDERR_REDIRECT] 
2025-11-16 12:27:05,289 [ERROR] LogOutputStream:75 - [STDERR_REDIRECT] [Fatal Error] :1:1: Premature end of file.
2025-11-16 12:27:05,289 [ERROR] LogOutputStream:75 - [STDERR_REDIRECT] 
2025-11-16 12:27:06,294 [ERROR] LogOutputStream:75 - [STDERR_REDIRECT] [Fatal Error] :1:1: Premature end of file.
2025-11-16 12:27:06,294 [ERROR] LogOutputStream:75 - [STDERR_REDIRECT] 
2025-11-16 12:27:07,285 [ERROR] LogOutputStream:75 - [STDERR_REDIRECT] [Fatal Error] :1:1: Premature end of file.
2025-11-16 12:27:07,285 [ERROR] LogOutputStream:75 - [STDERR_REDIRECT] 
2025-11-16 12:27:08,284 [ERROR] LogOutputStream:75 - [STDERR_REDIRECT] [Fatal Error] :1:1: Premature end of file.
2025-11-16 12:27:08,284 [ERROR] LogOutputStream:75 - [STDERR_REDIRECT] 
2025-11-16 12:27:09,294 [ERROR] LogOutputStream:75 - [STDERR_REDIRECT] [Fatal Error] :1:1: Premature end of file.
2025-11-16 12:27:09,294 [ERROR] LogOutputStream:75 - [STDERR_REDIRECT] 
2025-11-16 12:27:10,294 [ERROR] LogOutputStream:75 - [STDERR_REDIRECT] [Fatal Error] :1:1: Premature end of file.
2025-11-16 12:27:10,294 [ERROR] LogOutputStream:75 - [STDERR_REDIRECT] 
2025-11-16 12:27:11,294 [ERROR] LogOutputStream:75 - [STDERR_REDIRECT] [Fatal Error] :1:1: Premature end of file.
2025-11-16 12:27:11,294 [ERROR] LogOutputStream:75 - [STDERR_REDIRECT] 
2025-11-16 12:27:12,280 [ERROR] LogOutputStream:75 - [STDERR_REDIRECT] [Fatal Error] :1:1: Premature end of file.
2025-11-16 12:27:12,280 [ERROR] LogOutputStream:75 - [STDERR_REDIRECT] 
2025-11-16 12:27:13,285 [ERROR] LogOutputStream:75 - [STDERR_REDIRECT] [Fatal Error] :1:1: Premature end of file.
2025-11-16 12:27:13,285 [ERROR] LogOutputStream:75 - [STDERR_REDIRECT] 
2025-11-16 12:27:14,263 [ERROR] LogOutputStream:75 - [STDERR_REDIRECT] [Fatal Error] :1:1: Premature end of file.
2025-11-16 12:27:14,263 [ERROR] LogOutputStream:75 - [STDERR_REDIRECT] 
2025-11-16 12:27:15,287 [ERROR] LogOutputStream:75 - [STDERR_REDIRECT] [Fatal Error] :1:1: Premature end of file.
2025-11-16 12:27:15,287 [ERROR] LogOutputStream:75 - [STDERR_REDIRECT] 
2025-11-16 12:27:16,291 [ERROR] LogOutputStream:75 - [STDERR_REDIRECT] [Fatal Error] :1:1: Premature end of file.
2025-11-16 12:27:16,291 [ERROR] LogOutputStream:75 - [STDERR_REDIRECT] 
2025-11-16 12:27:17,264 [ERROR] LogOutputStream:75 - [STDERR_REDIRECT] [Fatal Error] :1:1: Premature end of file.
2025-11-16 12:27:17,264 [ERROR] LogOutputStream:75 - [STDERR_REDIRECT] 
2025-11-16 12:27:18,268 [ERROR] LogOutputStream:75 - [STDERR_REDIRECT] [Fatal Error] :1:1: Premature end of file.
2025-11-16 12:27:18,268 [ERROR] LogOutputStream:75 - [STDERR_REDIRECT] 
2025-11-16 12:27:19,286 [ERROR] LogOutputStream:75 - [STDERR_REDIRECT] [Fatal Error] :1:1: Premature end of file.
2025-11-16 12:27:19,286 [ERROR] LogOutputStream:75 - [STDERR_REDIRECT] 
2025-11-16 12:27:20,289 [ERROR] LogOutputStream:75 - [STDERR_REDIRECT] [Fatal Error] :1:1: Premature end of file.
2025-11-16 12:27:20,289 [ERROR] LogOutputStream:75 - [STDERR_REDIRECT] 
2025-11-16 12:27:21,292 [ERROR] LogOutputStream:75 - [STDERR_REDIRECT] [Fatal Error] :1:1: Premature end of file.
2025-11-16 12:27:21,292 [ERROR] LogOutputStream:75 - [STDERR_REDIRECT] 
2025-11-16 12:27:22,285 [ERROR] LogOutputStream:75 - [STDERR_REDIRECT] [Fatal Error] :1:1: Premature end of file.
2025-11-16 12:27:22,285 [ERROR] LogOutputStream:75 - [STDERR_REDIRECT] 
2025-11-16 12:27:23,283 [ERROR] LogOutputStream:75 - [STDERR_REDIRECT] [Fatal Error] :1:1: Premature end of file.
2025-11-16 12:27:23,283 [ERROR] LogOutputStream:75 - [STDERR_REDIRECT] 
2025-11-16 12:27:24,290 [ERROR] LogOutputStream:75 - [STDERR_REDIRECT] [Fatal Error] :1:1: Premature end of file.
2025-11-16 12:27:24,290 [ERROR] LogOutputStream:75 - [STDERR_REDIRECT] 
2025-11-16 12:27:25,279 [ERROR] LogOutputStream:75 - [STDERR_REDIRECT] [Fatal Error] :1:1: Premature end of file.
2025-11-16 12:27:25,279 [ERROR] LogOutputStream:75 - [STDERR_REDIRECT] 
2025-11-16 12:27:26,293 [ERROR] LogOutputStream:75 - [STDERR_REDIRECT] [Fatal Error] :1:1: Premature end of file.
2025-11-16 12:27:26,293 [ERROR] LogOutputStream:75 - [STDERR_REDIRECT] 
2025-11-16 12:27:27,267 [ERROR] LogOutputStream:75 - [STDERR_REDIRECT] [Fatal Error] :1:1: Premature end of file.
2025-11-16 12:27:27,267 [ERROR] LogOutputStream:75 - [STDERR_REDIRECT] 
2025-11-16 12:27:28,293 [ERROR] LogOutputStream:75 - [STDERR_REDIRECT] [Fatal Error] :1:1: Premature end of file.
2025-11-16 12:27:28,293 [ERROR] LogOutputStream:75 - [STDERR_REDIRECT] 
2025-11-16 12:27:29,289 [ERROR] LogOutputStream:75 - [STDERR_REDIRECT] [Fatal Error] :1:1: Premature end of file.
2025-11-16 12:27:29,289 [ERROR] LogOutputStream:75 - [STDERR_REDIRECT] 
2025-11-16 12:27:30,287 [ERROR] LogOutputStream:75 - [STDERR_REDIRECT] [Fatal Error] :1:1: Premature end of file.
2025-11-16 12:27:30,287 [ERROR] LogOutputStream:75 - [STDERR_REDIRECT] 
2025-11-16 12:27:31,301 [ERROR] LogOutputStream:75 - [STDERR_REDIRECT] [Fatal Error] :1:1: Premature end of file.
2025-11-16 12:27:31,301 [ERROR] LogOutputStream:75 - [STDERR_REDIRECT] 
2025-11-16 12:27:32,291 [ERROR] LogOutputStream:75 - [STDERR_REDIRECT] [Fatal Error] :1:1: Premature end of file.
2025-11-16 12:27:32,291 [ERROR] LogOutputStream:75 - [STDERR_REDIRECT] 
2025-11-16 12:27:33,285 [ERROR] LogOutputStream:75 - [STDERR_REDIRECT] [Fatal Error] :1:1: Premature end of file.
2025-11-16 12:27:33,286 [ERROR] LogOutputStream:75 - [STDERR_REDIRECT] 
2025-11-16 12:27:34,284 [ERROR] LogOutputStream:75 - [STDERR_REDIRECT] [Fatal Error] :1:1: Premature end of file.
2025-11-16 12:27:34,284 [ERROR] LogOutputStream:75 - [STDERR_REDIRECT] 
2025-11-16 12:27:35,282 [ERROR] LogOutputStream:75 - [STDERR_REDIRECT] [Fatal Error] :1:1: Premature end of file.
2025-11-16 12:27:35,282 [ERROR] LogOutputStream:75 - [STDERR_REDIRECT] 
2025-11-16 12:27:36,292 [ERROR] LogOutputStream:75 - [STDERR_REDIRECT] [Fatal Error] :1:1: Premature end of file.
2025-11-16 12:27:36,292 [ERROR] LogOutputStream:75 - [STDERR_REDIRECT] 
2025-11-16 12:27:37,280 [ERROR] LogOutputStream:75 - [STDERR_REDIRECT] [Fatal Error] :1:1: Premature end of file.
2025-11-16 12:27:37,280 [ERROR] LogOutputStream:75 - [STDERR_REDIRECT] 
2025-11-16 12:27:38,278 [ERROR] LogOutputStream:75 - [STDERR_REDIRECT] [Fatal Error] :1:1: Premature end of file.
2025-11-16 12:27:38,278 [ERROR] LogOutputStream:75 - [STDERR_REDIRECT] 
2025-11-16 12:27:39,283 [ERROR] LogOutputStream:75 - [STDERR_REDIRECT] [Fatal Error] :1:1: Premature end of file.
2025-11-16 12:27:39,283 [ERROR] LogOutputStream:75 - [STDERR_REDIRECT] 
2025-11-16 12:27:40,288 [ERROR] LogOutputStream:75 - [STDERR_REDIRECT] [Fatal Error] :1:1: Premature end of file.
2025-11-16 12:27:40,288 [ERROR] LogOutputStream:75 - [STDERR_REDIRECT] 
2025-11-16 12:27:41,284 [ERROR] LogOutputStream:75 - [STDERR_REDIRECT] [Fatal Error] :1:1: Premature end of file.
2025-11-16 12:27:41,284 [ERROR] LogOutputStream:75 - [STDERR_REDIRECT] 
2025-11-16 12:27:42,275 [ERROR] LogOutputStream:75 - [STDERR_REDIRECT] [Fatal Error] :1:1: Premature end of file.
2025-11-16 12:27:42,275 [ERROR] LogOutputStream:75 - [STDERR_REDIRECT] 
2025-11-16 12:27:43,282 [ERROR] LogOutputStream:75 - [STDERR_REDIRECT] [Fatal Error] :1:1: Premature end of file.
2025-11-16 12:27:43,282 [ERROR] LogOutputStream:75 - [STDERR_REDIRECT] 
2025-11-16 12:27:44,286 [ERROR] LogOutputStream:75 - [STDERR_REDIRECT] [Fatal Error] :1:1: Premature end of file.
2025-11-16 12:27:44,286 [ERROR] LogOutputStream:75 - [STDERR_REDIRECT] 
2025-11-16 12:27:45,279 [ERROR] LogOutputStream:75 - [STDERR_REDIRECT] [Fatal Error] :1:1: Premature end of file.
2025-11-16 12:27:45,279 [ERROR] LogOutputStream:75 - [STDERR_REDIRECT] 
2025-11-16 12:27:46,293 [ERROR] LogOutputStream:75 - [STDERR_REDIRECT] [Fatal Error] :1:1: Premature end of file.
2025-11-16 12:27:46,293 [ERROR] LogOutputStream:75 - [STDERR_REDIRECT] 
2025-11-16 12:27:47,261 [ERROR] LogOutputStream:75 - [STDERR_REDIRECT] [Fatal Error] :1:1: Premature end of file.
2025-11-16 12:27:47,261 [ERROR] LogOutputStream:75 - [STDERR_REDIRECT] 
2025-11-16 12:27:48,283 [ERROR] LogOutputStream:75 - [STDERR_REDIRECT] [Fatal Error] :1:1: Premature end of file.
2025-11-16 12:27:48,283 [ERROR] LogOutputStream:75 - [STDERR_REDIRECT] 
2025-11-16 12:27:49,281 [ERROR] LogOutputStream:75 - [STDERR_REDIRECT] [Fatal Error] :1:1: Premature end of file.
2025-11-16 12:27:49,281 [ERROR] LogOutputStream:75 - [STDERR_REDIRECT] 
2025-11-16 12:27:50,282 [ERROR] LogOutputStream:75 - [STDERR_REDIRECT] [Fatal Error] :1:1: Premature end of file.
2025-11-16 12:27:50,282 [ERROR] LogOutputStream:75 - [STDERR_REDIRECT] 
2025-11-16 12:27:51,296 [ERROR] LogOutputStream:75 - [STDERR_REDIRECT] [Fatal Error] :1:1: Premature end of file.
2025-11-16 12:27:51,296 [ERROR] LogOutputStream:75 - [STDERR_REDIRECT] 
2025-11-16 12:27:52,293 [ERROR] LogOutputStream:75 - [STDERR_REDIRECT] [Fatal Error] :1:1: Premature end of file.
2025-11-16 12:27:52,293 [ERROR] LogOutputStream:75 - [STDERR_REDIRECT] 
2025-11-16 12:27:53,282 [ERROR] LogOutputStream:75 - [STDERR_REDIRECT] [Fatal Error] :1:1: Premature end of file.
2025-11-16 12:27:53,282 [ERROR] LogOutputStream:75 - [STDERR_REDIRECT] 
2025-11-16 12:27:54,284 [ERROR] LogOutputStream:75 - [STDERR_REDIRECT] [Fatal Error] :1:1: Premature end of file.
2025-11-16 12:27:54,284 [ERROR] LogOutputStream:75 - [STDERR_REDIRECT] 
2025-11-16 12:27:55,297 [ERROR] LogOutputStream:75 - [STDERR_REDIRECT] [Fatal Error] :1:1: Premature end of file.
2025-11-16 12:27:55,297 [ERROR] LogOutputStream:75 - [STDERR_REDIRECT] 
2025-11-16 12:27:56,285 [ERROR] LogOutputStream:75 - [STDERR_REDIRECT] [Fatal Error] :1:1: Premature end of file.
2025-11-16 12:27:56,285 [ERROR] LogOutputStream:75 - [STDERR_REDIRECT] 
2025-11-16 12:27:57,289 [ERROR] LogOutputStream:75 - [STDERR_REDIRECT] [Fatal Error] :1:1: Premature end of file.
2025-11-16 12:27:57,289 [ERROR] LogOutputStream:75 - [STDERR_REDIRECT] 
2025-11-16 12:27:58,288 [ERROR] LogOutputStream:75 - [STDERR_REDIRECT] [Fatal Error] :1:1: Premature end of file.
2025-11-16 12:27:58,288 [ERROR] LogOutputStream:75 - [STDERR_REDIRECT] 
2025-11-16 12:27:59,292 [ERROR] LogOutputStream:75 - [STDERR_REDIRECT] [Fatal Error] :1:1: Premature end of file.
2025-11-16 12:27:59,292 [ERROR] LogOutputStream:75 - [STDERR_REDIRECT] 
2025-11-16 12:28:00,284 [ERROR] LogOutputStream:75 - [STDERR_REDIRECT] [Fatal Error] :1:1: Premature end of file.
2025-11-16 12:28:00,284 [ERROR] LogOutputStream:75 - [STDERR_REDIRECT] 
2025-11-16 12:28:01,291 [ERROR] LogOutputStream:75 - [STDERR_REDIRECT] [Fatal Error] :1:1: Premature end of file.
2025-11-16 12:28:01,291 [ERROR] LogOutputStream:75 - [STDERR_REDIRECT] 
2025-11-16 12:28:02,260 [ERROR] LogOutputStream:75 - [STDERR_REDIRECT] [Fatal Error] :1:1: Premature end of file.
2025-11-16 12:28:02,260 [ERROR] LogOutputStream:75 - [STDERR_REDIRECT] 
2025-11-16 12:28:03,285 [ERROR] LogOutputStream:75 - [STDERR_REDIRECT] [Fatal Error] :1:1: Premature end of file.
2025-11-16 12:28:03,285 [ERROR] LogOutputStream:75 - [STDERR_REDIRECT] 
2025-11-16 12:28:04,292 [ERROR] LogOutputStream:75 - [STDERR_REDIRECT] [Fatal Error] :1:1: Premature end of file.
2025-11-16 12:28:04,292 [ERROR] LogOutputStream:75 - [STDERR_REDIRECT] 
2025-11-16 12:28:05,285 [ERROR] LogOutputStream:75 - [STDERR_REDIRECT] [Fatal Error] :1:1: Premature end of file.
2025-11-16 12:28:05,285 [ERROR] LogOutputStream:75 - [STDERR_REDIRECT] 
2025-11-16 12:28:06,282 [ERROR] LogOutputStream:75 - [STDERR_REDIRECT] [Fatal Error] :1:1: Premature end of file.
2025-11-16 12:28:06,282 [ERROR] LogOutputStream:75 - [STDERR_REDIRECT] 
2025-11-16 12:28:07,282 [ERROR] LogOutputStream:75 - [STDERR_REDIRECT] [Fatal Error] :1:1: Premature end of file.
2025-11-16 12:28:07,282 [ERROR] LogOutputStream:75 - [STDERR_REDIRECT] 
2025-11-16 12:28:08,287 [ERROR] LogOutputStream:75 - [STDERR_REDIRECT] [Fatal Error] :1:1: Premature end of file.
2025-11-16 12:28:08,287 [ERROR] LogOutputStream:75 - [STDERR_REDIRECT] 
2025-11-16 12:28:09,287 [ERROR] LogOutputStream:75 - [STDERR_REDIRECT] [Fatal Error] :1:1: Premature end of file.
2025-11-16 12:28:09,287 [ERROR] LogOutputStream:75 - [STDERR_REDIRECT] 
2025-11-16 12:28:10,284 [ERROR] LogOutputStream:75 - [STDERR_REDIRECT] [Fatal Error] :1:1: Premature end of file.
2025-11-16 12:28:10,284 [ERROR] LogOutputStream:75 - [STDERR_REDIRECT] 
2025-11-16 12:28:11,281 [ERROR] LogOutputStream:75 - [STDERR_REDIRECT] [Fatal Error] :1:1: Premature end of file.
2025-11-16 12:28:11,281 [ERROR] LogOutputStream:75 - [STDERR_REDIRECT] 
2025-11-16 12:28:12,292 [ERROR] LogOutputStream:75 - [STDERR_REDIRECT] [Fatal Error] :1:1: Premature end of file.
2025-11-16 12:28:12,292 [ERROR] LogOutputStream:75 - [STDERR_REDIRECT] 
2025-11-16 12:28:13,293 [ERROR] LogOutputStream:75 - [STDERR_REDIRECT] [Fatal Error] :1:1: Premature end of file.
2025-11-16 12:28:13,293 [ERROR] LogOutputStream:75 - [STDERR_REDIRECT] 
2025-11-16 12:28:14,295 [ERROR] LogOutputStream:75 - [STDERR_REDIRECT] [Fatal Error] :1:1: Premature end of file.
2025-11-16 12:28:14,295 [ERROR] LogOutputStream:75 - [STDERR_REDIRECT] 
2025-11-16 12:28:15,288 [ERROR] LogOutputStream:75 - [STDERR_REDIRECT] [Fatal Error] :1:1: Premature end of file.
2025-11-16 12:28:15,288 [ERROR] LogOutputStream:75 - [STDERR_REDIRECT] 
2025-11-16 12:28:16,291 [ERROR] LogOutputStream:75 - [STDERR_REDIRECT] [Fatal Error] :1:1: Premature end of file.
2025-11-16 12:28:16,291 [ERROR] LogOutputStream:75 - [STDERR_REDIRECT] 
2025-11-16 12:28:17,291 [ERROR] LogOutputStream:75 - [STDERR_REDIRECT] [Fatal Error] :1:1: Premature end of file.
2025-11-16 12:28:17,291 [ERROR] LogOutputStream:75 - [STDERR_REDIRECT] 
2025-11-16 12:28:18,295 [ERROR] LogOutputStream:75 - [STDERR_REDIRECT] [Fatal Error] :1:1: Premature end of file.
2025-11-16 12:28:18,295 [ERROR] LogOutputStream:75 - [STDERR_REDIRECT] 
2025-11-16 12:28:19,284 [ERROR] LogOutputStream:75 - [STDERR_REDIRECT] [Fatal Error] :1:1: Premature end of file.
2025-11-16 12:28:19,284 [ERROR] LogOutputStream:75 - [STDERR_REDIRECT] 
2025-11-16 12:28:20,278 [ERROR] LogOutputStream:75 - [STDERR_REDIRECT] [Fatal Error] :1:1: Premature end of file.
2025-11-16 12:28:20,278 [ERROR] LogOutputStream:75 - [STDERR_REDIRECT] 
2025-11-16 12:28:21,289 [ERROR] LogOutputStream:75 - [STDERR_REDIRECT] [Fatal Error] :1:1: Premature end of file.
2025-11-16 12:28:21,291 [ERROR] LogOutputStream:75 - [STDERR_REDIRECT] 
2025-11-16 12:28:22,303 [ERROR] LogOutputStream:75 - [STDERR_REDIRECT] [Fatal Error] :1:1: Premature end of file.
2025-11-16 12:28:22,303 [ERROR] LogOutputStream:75 - [STDERR_REDIRECT] 
2025-11-16 12:28:23,290 [ERROR] LogOutputStream:75 - [STDERR_REDIRECT] [Fatal Error] :1:1: Premature end of file.
2025-11-16 12:28:23,290 [ERROR] LogOutputStream:75 - [STDERR_REDIRECT] 
2025-11-16 12:28:24,283 [ERROR] LogOutputStream:75 - [STDERR_REDIRECT] [Fatal Error] :1:1: Premature end of file.
2025-11-16 12:28:24,283 [ERROR] LogOutputStream:75 - [STDERR_REDIRECT] 
2025-11-16 12:28:25,288 [ERROR] LogOutputStream:75 - [STDERR_REDIRECT] [Fatal Error] :1:1: Premature end of file.
2025-11-16 12:28:25,288 [ERROR] LogOutputStream:75 - [STDERR_REDIRECT] 
2025-11-16 12:28:26,288 [ERROR] LogOutputStream:75 - [STDERR_REDIRECT] [Fatal Error] :1:1: Premature end of file.
2025-11-16 12:28:26,288 [ERROR] LogOutputStream:75 - [STDERR_REDIRECT] 
2025-11-16 12:28:27,282 [ERROR] LogOutputStream:75 - [STDERR_REDIRECT] [Fatal Error] :1:1: Premature end of file.
2025-11-16 12:28:27,282 [ERROR] LogOutputStream:75 - [STDERR_REDIRECT] 
2025-11-16 12:28:28,264 [ERROR] LogOutputStream:75 - [STDERR_REDIRECT] [Fatal Error] :1:1: Premature end of file.
2025-11-16 12:28:28,264 [ERROR] LogOutputStream:75 - [STDERR_REDIRECT] 
2025-11-16 12:28:29,286 [ERROR] LogOutputStream:75 - [STDERR_REDIRECT] [Fatal Error] :1:1: Premature end of file.
2025-11-16 12:28:29,286 [ERROR] LogOutputStream:75 - [STDERR_REDIRECT] 
2025-11-16 12:28:30,287 [ERROR] LogOutputStream:75 - [STDERR_REDIRECT] [Fatal Error] :1:1: Premature end of file.
2025-11-16 12:28:30,287 [ERROR] LogOutputStream:75 - [STDERR_REDIRECT] 
2025-11-16 12:28:31,283 [ERROR] LogOutputStream:75 - [STDERR_REDIRECT] [Fatal Error] :1:1: Premature end of file.
2025-11-16 12:28:31,283 [ERROR] LogOutputStream:75 - [STDERR_REDIRECT] 
2025-11-16 12:28:32,289 [ERROR] LogOutputStream:75 - [STDERR_REDIRECT] [Fatal Error] :1:1: Premature end of file.
2025-11-16 12:28:32,289 [ERROR] LogOutputStream:75 - [STDERR_REDIRECT] 
2025-11-16 12:28:33,293 [ERROR] LogOutputStream:75 - [STDERR_REDIRECT] [Fatal Error] :1:1: Premature end of file.
2025-11-16 12:28:33,293 [ERROR] LogOutputStream:75 - [STDERR_REDIRECT] 
2025-11-16 12:28:34,266 [ERROR] LogOutputStream:75 - [STDERR_REDIRECT] [Fatal Error] :1:1: Premature end of file.
2025-11-16 12:28:34,266 [ERROR] LogOutputStream:75 - [STDERR_REDIRECT] 
2025-11-16 12:28:35,257 [ERROR] LogOutputStream:75 - [STDERR_REDIRECT] [Fatal Error] :1:1: Premature end of file.
2025-11-16 12:28:35,257 [ERROR] LogOutputStream:75 - [STDERR_REDIRECT] 
2025-11-16 12:28:36,258 [ERROR] LogOutputStream:75 - [STDERR_REDIRECT] [Fatal Error] :1:1: Premature end of file.
2025-11-16 12:28:36,258 [ERROR] LogOutputStream:75 - [STDERR_REDIRECT] 
2025-11-16 12:28:37,256 [ERROR] LogOutputStream:75 - [STDERR_REDIRECT] [Fatal Error] :1:1: Premature end of file.
2025-11-16 12:28:37,256 [ERROR] LogOutputStream:75 - [STDERR_REDIRECT] 
2025-11-16 12:28:38,257 [ERROR] LogOutputStream:75 - [STDERR_REDIRECT] [Fatal Error] :1:1: Premature end of file.
2025-11-16 12:28:38,257 [ERROR] LogOutputStream:75 - [STDERR_REDIRECT] 
2025-11-16 12:28:39,291 [ERROR] LogOutputStream:75 - [STDERR_REDIRECT] [Fatal Error] :1:1: Premature end of file.
2025-11-16 12:28:39,291 [ERROR] LogOutputStream:75 - [STDERR_REDIRECT] 
2025-11-16 12:28:40,289 [ERROR] LogOutputStream:75 - [STDERR_REDIRECT] [Fatal Error] :1:1: Premature end of file.
2025-11-16 12:28:40,289 [ERROR] LogOutputStream:75 - [STDERR_REDIRECT] 
2025-11-16 12:28:41,286 [ERROR] LogOutputStream:75 - [STDERR_REDIRECT] [Fatal Error] :1:1: Premature end of file.
2025-11-16 12:28:41,286 [ERROR] LogOutputStream:75 - [STDERR_REDIRECT] 
2025-11-16 12:28:42,291 [ERROR] LogOutputStream:75 - [STDERR_REDIRECT] [Fatal Error] :1:1: Premature end of file.
2025-11-16 12:28:42,291 [ERROR] LogOutputStream:75 - [STDERR_REDIRECT] 
2025-11-16 12:28:43,291 [ERROR] LogOutputStream:75 - [STDERR_REDIRECT] [Fatal Error] :1:1: Premature end of file.
2025-11-16 12:28:43,291 [ERROR] LogOutputStream:75 - [STDERR_REDIRECT] 
2025-11-16 12:28:44,281 [ERROR] LogOutputStream:75 - [STDERR_REDIRECT] [Fatal Error] :1:1: Premature end of file.
2025-11-16 12:28:44,281 [ERROR] LogOutputStream:75 - [STDERR_REDIRECT] 
2025-11-16 12:28:45,275 [ERROR] LogOutputStream:75 - [STDERR_REDIRECT] [Fatal Error] :1:1: Premature end of file.
2025-11-16 12:28:45,275 [ERROR] LogOutputStream:75 - [STDERR_REDIRECT] 
2025-11-16 12:28:46,292 [ERROR] LogOutputStream:75 - [STDERR_REDIRECT] [Fatal Error] :1:1: Premature end of file.
2025-11-16 12:28:46,292 [ERROR] LogOutputStream:75 - [STDERR_REDIRECT] 
2025-11-16 12:28:47,282 [ERROR] LogOutputStream:75 - [STDERR_REDIRECT] [Fatal Error] :1:1: Premature end of file.
2025-11-16 12:28:47,282 [ERROR] LogOutputStream:75 - [STDERR_REDIRECT] 
2025-11-16 12:28:48,290 [ERROR] LogOutputStream:75 - [STDERR_REDIRECT] [Fatal Error] :1:1: Premature end of file.
2025-11-16 12:28:48,290 [ERROR] LogOutputStream:75 - [STDERR_REDIRECT] 
2025-11-16 12:28:49,279 [ERROR] LogOutputStream:75 - [STDERR_REDIRECT] [Fatal Error] :1:1: Premature end of file.
2025-11-16 12:28:49,279 [ERROR] LogOutputStream:75 - [STDERR_REDIRECT] 
2025-11-16 12:28:50,285 [ERROR] LogOutputStream:75 - [STDERR_REDIRECT] [Fatal Error] :1:1: Premature end of file.
2025-11-16 12:28:50,285 [ERROR] LogOutputStream:75 - [STDERR_REDIRECT] 
2025-11-16 12:28:51,286 [ERROR] LogOutputStream:75 - [STDERR_REDIRECT] [Fatal Error] :1:1: Premature end of file.
2025-11-16 12:28:51,286 [ERROR] LogOutputStream:75 - [STDERR_REDIRECT] 
2025-11-16 12:28:52,288 [ERROR] LogOutputStream:75 - [STDERR_REDIRECT] [Fatal Error] :1:1: Premature end of file.
2025-11-16 12:28:52,288 [ERROR] LogOutputStream:75 - [STDERR_REDIRECT] 
2025-11-16 12:28:53,282 [ERROR] LogOutputStream:75 - [STDERR_REDIRECT] [Fatal Error] :1:1: Premature end of file.
2025-11-16 12:28:53,282 [ERROR] LogOutputStream:75 - [STDERR_REDIRECT] 
2025-11-16 12:28:54,281 [ERROR] LogOutputStream:75 - [STDERR_REDIRECT] [Fatal Error] :1:1: Premature end of file.
2025-11-16 12:28:54,281 [ERROR] LogOutputStream:75 - [STDERR_REDIRECT] 
2025-11-16 12:28:55,259 [ERROR] LogOutputStream:75 - [STDERR_REDIRECT] [Fatal Error] :1:1: Premature end of file.
2025-11-16 12:28:55,259 [ERROR] LogOutputStream:75 - [STDERR_REDIRECT] 
2025-11-16 12:28:56,284 [ERROR] LogOutputStream:75 - [STDERR_REDIRECT] [Fatal Error] :1:1: Premature end of file.
2025-11-16 12:28:56,284 [ERROR] LogOutputStream:75 - [STDERR_REDIRECT] 
2025-11-16 12:28:57,272 [ERROR] LogOutputStream:75 - [STDERR_REDIRECT] [Fatal Error] :1:1: Premature end of file.
2025-11-16 12:28:57,272 [ERROR] LogOutputStream:75 - [STDERR_REDIRECT] 
2025-11-16 12:28:58,283 [ERROR] LogOutputStream:75 - [STDERR_REDIRECT] [Fatal Error] :1:1: Premature end of file.
2025-11-16 12:28:58,283 [ERROR] LogOutputStream:75 - [STDERR_REDIRECT] 
2025-11-16 12:28:59,292 [ERROR] LogOutputStream:75 - [STDERR_REDIRECT] [Fatal Error] :1:1: Premature end of file.
2025-11-16 12:28:59,292 [ERROR] LogOutputStream:75 - [STDERR_REDIRECT] 
2025-11-16 12:29:00,293 [ERROR] LogOutputStream:75 - [STDERR_REDIRECT] [Fatal Error] :1:1: Premature end of file.
2025-11-16 12:29:00,293 [ERROR] LogOutputStream:75 - [STDERR_REDIRECT] 
2025-11-16 12:29:01,294 [ERROR] LogOutputStream:75 - [STDERR_REDIRECT] [Fatal Error] :1:1: Premature end of file.
2025-11-16 12:29:01,294 [ERROR] LogOutputStream:75 - [STDERR_REDIRECT] 
2025-11-16 12:29:02,289 [ERROR] LogOutputStream:75 - [STDERR_REDIRECT] [Fatal Error] :1:1: Premature end of file.
2025-11-16 12:29:02,289 [ERROR] LogOutputStream:75 - [STDERR_REDIRECT] 
2025-11-16 12:29:03,293 [ERROR] LogOutputStream:75 - [STDERR_REDIRECT] [Fatal Error] :1:1: Premature end of file.
2025-11-16 12:29:03,293 [ERROR] LogOutputStream:75 - [STDERR_REDIRECT] 
2025-11-16 12:29:04,291 [ERROR] LogOutputStream:75 - [STDERR_REDIRECT] [Fatal Error] :1:1: Premature end of file.
2025-11-16 12:29:04,291 [ERROR] LogOutputStream:75 - [STDERR_REDIRECT] 
2025-11-16 12:29:05,284 [ERROR] LogOutputStream:75 - [STDERR_REDIRECT] [Fatal Error] :1:1: Premature end of file.
2025-11-16 12:29:05,284 [ERROR] LogOutputStream:75 - [STDERR_REDIRECT] 
2025-11-16 12:29:06,294 [ERROR] LogOutputStream:75 - [STDERR_REDIRECT] [Fatal Error] :1:1: Premature end of file.
2025-11-16 12:29:06,294 [ERROR] LogOutputStream:75 - [STDERR_REDIRECT] 
2025-11-16 12:29:07,284 [ERROR] LogOutputStream:75 - [STDERR_REDIRECT] [Fatal Error] :1:1: Premature end of file.
2025-11-16 12:29:07,284 [ERROR] LogOutputStream:75 - [STDERR_REDIRECT] 
2025-11-16 12:29:08,287 [ERROR] LogOutputStream:75 - [STDERR_REDIRECT] [Fatal Error] :1:1: Premature end of file.
2025-11-16 12:29:08,287 [ERROR] LogOutputStream:75 - [STDERR_REDIRECT] 
2025-11-16 12:29:09,289 [ERROR] LogOutputStream:75 - [STDERR_REDIRECT] [Fatal Error] :1:1: Premature end of file.
2025-11-16 12:29:09,289 [ERROR] LogOutputStream:75 - [STDERR_REDIRECT] 
2025-11-16 12:29:10,283 [ERROR] LogOutputStream:75 - [STDERR_REDIRECT] [Fatal Error] :1:1: Premature end of file.
2025-11-16 12:29:10,283 [ERROR] LogOutputStream:75 - [STDERR_REDIRECT] 
2025-11-16 12:29:11,287 [ERROR] LogOutputStream:75 - [STDERR_REDIRECT] [Fatal Error] :1:1: Premature end of file.
2025-11-16 12:29:11,287 [ERROR] LogOutputStream:75 - [STDERR_REDIRECT] 
2025-11-16 12:29:12,285 [ERROR] LogOutputStream:75 - [STDERR_REDIRECT] [Fatal Error] :1:1: Premature end of file.
2025-11-16 12:29:12,285 [ERROR] LogOutputStream:75 - [STDERR_REDIRECT] 
2025-11-16 12:29:13,291 [ERROR] LogOutputStream:75 - [STDERR_REDIRECT] [Fatal Error] :1:1: Premature end of file.
2025-11-16 12:29:13,291 [ERROR] LogOutputStream:75 - [STDERR_REDIRECT] 
2025-11-16 12:29:14,267 [ERROR] LogOutputStream:75 - [STDERR_REDIRECT] [Fatal Error] :1:1: Premature end of file.
2025-11-16 12:29:14,267 [ERROR] LogOutputStream:75 - [STDERR_REDIRECT] 
2025-11-16 12:29:15,267 [ERROR] LogOutputStream:75 - [STDERR_REDIRECT] [Fatal Error] :1:1: Premature end of file.
2025-11-16 12:29:15,267 [ERROR] LogOutputStream:75 - [STDERR_REDIRECT] 
2025-11-16 12:29:16,286 [ERROR] LogOutputStream:75 - [STDERR_REDIRECT] [Fatal Error] :1:1: Premature end of file.
2025-11-16 12:29:16,286 [ERROR] LogOutputStream:75 - [STDERR_REDIRECT] 
2025-11-16 12:29:17,257 [ERROR] LogOutputStream:75 - [STDERR_REDIRECT] [Fatal Error] :1:1: Premature end of file.
2025-11-16 12:29:17,257 [ERROR] LogOutputStream:75 - [STDERR_REDIRECT] 
2025-11-16 12:29:18,288 [ERROR] LogOutputStream:75 - [STDERR_REDIRECT] [Fatal Error] :1:1: Premature end of file.
2025-11-16 12:29:18,288 [ERROR] LogOutputStream:75 - [STDERR_REDIRECT] 
2025-11-16 12:29:19,288 [ERROR] LogOutputStream:75 - [STDERR_REDIRECT] [Fatal Error] :1:1: Premature end of file.
2025-11-16 12:29:19,288 [ERROR] LogOutputStream:75 - [STDERR_REDIRECT] 
2025-11-16 12:29:20,293 [ERROR] LogOutputStream:75 - [STDERR_REDIRECT] [Fatal Error] :1:1: Premature end of file.
2025-11-16 12:29:20,293 [ERROR] LogOutputStream:75 - [STDERR_REDIRECT] 
2025-11-16 12:29:21,293 [ERROR] LogOutputStream:75 - [STDERR_REDIRECT] [Fatal Error] :1:1: Premature end of file.
2025-11-16 12:29:21,293 [ERROR] LogOutputStream:75 - [STDERR_REDIRECT] 
2025-11-16 12:29:22,290 [ERROR] LogOutputStream:75 - [STDERR_REDIRECT] [Fatal Error] :1:1: Premature end of file.
2025-11-16 12:29:22,290 [ERROR] LogOutputStream:75 - [STDERR_REDIRECT] 
2025-11-16 12:29:23,285 [ERROR] LogOutputStream:75 - [STDERR_REDIRECT] [Fatal Error] :1:1: Premature end of file.
2025-11-16 12:29:23,285 [ERROR] LogOutputStream:75 - [STDERR_REDIRECT] 
2025-11-16 12:29:24,293 [ERROR] LogOutputStream:75 - [STDERR_REDIRECT] [Fatal Error] :1:1: Premature end of file.
2025-11-16 12:29:24,293 [ERROR] LogOutputStream:75 - [STDERR_REDIRECT] 
2025-11-16 12:29:25,294 [ERROR] LogOutputStream:75 - [STDERR_REDIRECT] [Fatal Error] :1:1: Premature end of file.
2025-11-16 12:29:25,294 [ERROR] LogOutputStream:75 - [STDERR_REDIRECT] 
2025-11-16 12:29:26,286 [ERROR] LogOutputStream:75 - [STDERR_REDIRECT] [Fatal Error] :1:1: Premature end of file.
2025-11-16 12:29:26,286 [ERROR] LogOutputStream:75 - [STDERR_REDIRECT] 
2025-11-16 12:29:27,284 [ERROR] LogOutputStream:75 - [STDERR_REDIRECT] [Fatal Error] :1:1: Premature end of file.
2025-11-16 12:29:27,284 [ERROR] LogOutputStream:75 - [STDERR_REDIRECT] 
2025-11-16 12:29:28,289 [ERROR] LogOutputStream:75 - [STDERR_REDIRECT] [Fatal Error] :1:1: Premature end of file.
2025-11-16 12:29:28,289 [ERROR] LogOutputStream:75 - [STDERR_REDIRECT] 
2025-11-16 12:29:29,285 [ERROR] LogOutputStream:75 - [STDERR_REDIRECT] [Fatal Error] :1:1: Premature end of file.
2025-11-16 12:29:29,285 [ERROR] LogOutputStream:75 - [STDERR_REDIRECT] 
2025-11-16 12:29:30,281 [ERROR] LogOutputStream:75 - [STDERR_REDIRECT] [Fatal Error] :1:1: Premature end of file.
2025-11-16 12:29:30,281 [ERROR] LogOutputStream:75 - [STDERR_REDIRECT] 
2025-11-16 12:29:31,280 [ERROR] LogOutputStream:75 - [STDERR_REDIRECT] [Fatal Error] :1:1: Premature end of file.
2025-11-16 12:29:31,280 [ERROR] LogOutputStream:75 - [STDERR_REDIRECT] 
2025-11-16 12:29:32,290 [ERROR] LogOutputStream:75 - [STDERR_REDIRECT] [Fatal Error] :1:1: Premature end of file.
2025-11-16 12:29:32,290 [ERROR] LogOutputStream:75 - [STDERR_REDIRECT] 
2025-11-16 12:29:33,286 [ERROR] LogOutputStream:75 - [STDERR_REDIRECT] [Fatal Error] :1:1: Premature end of file.
2025-11-16 12:29:33,286 [ERROR] LogOutputStream:75 - [STDERR_REDIRECT] 
2025-11-16 12:29:34,291 [ERROR] LogOutputStream:75 - [STDERR_REDIRECT] [Fatal Error] :1:1: Premature end of file.
2025-11-16 12:29:34,291 [ERROR] LogOutputStream:75 - [STDERR_REDIRECT] 
2025-11-16 12:29:35,286 [ERROR] LogOutputStream:75 - [STDERR_REDIRECT] [Fatal Error] :1:1: Premature end of file.
2025-11-16 12:29:35,286 [ERROR] LogOutputStream:75 - [STDERR_REDIRECT] 
2025-11-16 12:29:36,291 [ERROR] LogOutputStream:75 - [STDERR_REDIRECT] [Fatal Error] :1:1: Premature end of file.
2025-11-16 12:29:36,291 [ERROR] LogOutputStream:75 - [STDERR_REDIRECT] 
2025-11-16 12:29:37,293 [ERROR] LogOutputStream:75 - [STDERR_REDIRECT] [Fatal Error] :1:1: Premature end of file.
2025-11-16 12:29:37,293 [ERROR] LogOutputStream:75 - [STDERR_REDIRECT] 
2025-11-16 12:29:38,285 [ERROR] LogOutputStream:75 - [STDERR_REDIRECT] [Fatal Error] :1:1: Premature end of file.
2025-11-16 12:29:38,285 [ERROR] LogOutputStream:75 - [STDERR_REDIRECT] 
2025-11-16 12:29:39,283 [ERROR] LogOutputStream:75 - [STDERR_REDIRECT] [Fatal Error] :1:1: Premature end of file.
2025-11-16 12:29:39,283 [ERROR] LogOutputStream:75 - [STDERR_REDIRECT] 
2025-11-16 12:29:40,287 [ERROR] LogOutputStream:75 - [STDERR_REDIRECT] [Fatal Error] :1:1: Premature end of file.
2025-11-16 12:29:40,287 [ERROR] LogOutputStream:75 - [STDERR_REDIRECT] 
2025-11-16 12:29:41,263 [ERROR] LogOutputStream:75 - [STDERR_REDIRECT] [Fatal Error] :1:1: Premature end of file.
2025-11-16 12:29:41,263 [ERROR] LogOutputStream:75 - [STDERR_REDIRECT] 
2025-11-16 12:29:42,281 [ERROR] LogOutputStream:75 - [STDERR_REDIRECT] [Fatal Error] :1:1: Premature end of file.
2025-11-16 12:29:42,281 [ERROR] LogOutputStream:75 - [STDERR_REDIRECT] 
2025-11-16 12:29:43,289 [ERROR] LogOutputStream:75 - [STDERR_REDIRECT] [Fatal Error] :1:1: Premature end of file.
2025-11-16 12:29:43,289 [ERROR] LogOutputStream:75 - [STDERR_REDIRECT] 
2025-11-16 12:29:44,290 [ERROR] LogOutputStream:75 - [STDERR_REDIRECT] [Fatal Error] :1:1: Premature end of file.
2025-11-16 12:29:44,290 [ERROR] LogOutputStream:75 - [STDERR_REDIRECT] 
2025-11-16 12:29:45,294 [ERROR] LogOutputStream:75 - [STDERR_REDIRECT] [Fatal Error] :1:1: Premature end of file.
2025-11-16 12:29:45,294 [ERROR] LogOutputStream:75 - [STDERR_REDIRECT] 
2025-11-16 12:29:46,286 [ERROR] LogOutputStream:75 - [STDERR_REDIRECT] [Fatal Error] :1:1: Premature end of file.
2025-11-16 12:29:46,286 [ERROR] LogOutputStream:75 - [STDERR_REDIRECT] 
2025-11-16 12:29:47,285 [ERROR] LogOutputStream:75 - [STDERR_REDIRECT] [Fatal Error] :1:1: Premature end of file.
2025-11-16 12:29:47,285 [ERROR] LogOutputStream:75 - [STDERR_REDIRECT] 
2025-11-16 12:29:48,280 [ERROR] LogOutputStream:75 - [STDERR_REDIRECT] [Fatal Error] :1:1: Premature end of file.
2025-11-16 12:29:48,280 [ERROR] LogOutputStream:75 - [STDERR_REDIRECT] 
2025-11-16 12:29:49,290 [ERROR] LogOutputStream:75 - [STDERR_REDIRECT] [Fatal Error] :1:1: Premature end of file.
2025-11-16 12:29:49,290 [ERROR] LogOutputStream:75 - [STDERR_REDIRECT] 
2025-11-16 12:29:50,267 [ERROR] LogOutputStream:75 - [STDERR_REDIRECT] [Fatal Error] :1:1: Premature end of file.
2025-11-16 12:29:50,267 [ERROR] LogOutputStream:75 - [STDERR_REDIRECT] 
2025-11-16 12:29:51,283 [ERROR] LogOutputStream:75 - [STDERR_REDIRECT] [Fatal Error] :1:1: Premature end of file.
2025-11-16 12:29:51,283 [ERROR] LogOutputStream:75 - [STDERR_REDIRECT] 
2025-11-16 12:29:52,267 [ERROR] LogOutputStream:75 - [STDERR_REDIRECT] [Fatal Error] :1:1: Premature end of file.
2025-11-16 12:29:52,267 [ERROR] LogOutputStream:75 - [STDERR_REDIRECT] 
2025-11-16 12:29:53,286 [ERROR] LogOutputStream:75 - [STDERR_REDIRECT] [Fatal Error] :1:1: Premature end of file.
2025-11-16 12:29:53,286 [ERROR] LogOutputStream:75 - [STDERR_REDIRECT] 
2025-11-16 12:29:54,284 [ERROR] LogOutputStream:75 - [STDERR_REDIRECT] [Fatal Error] :1:1: Premature end of file.
2025-11-16 12:29:54,284 [ERROR] LogOutputStream:75 - [STDERR_REDIRECT] 
2025-11-16 12:29:55,294 [ERROR] LogOutputStream:75 - [STDERR_REDIRECT] [Fatal Error] :1:1: Premature end of file.
2025-11-16 12:29:55,294 [ERROR] LogOutputStream:75 - [STDERR_REDIRECT] 
2025-11-16 12:29:56,282 [ERROR] LogOutputStream:75 - [STDERR_REDIRECT] [Fatal Error] :1:1: Premature end of file.
2025-11-16 12:29:56,282 [ERROR] LogOutputStream:75 - [STDERR_REDIRECT] 
2025-11-16 12:29:57,288 [ERROR] LogOutputStream:75 - [STDERR_REDIRECT] [Fatal Error] :1:1: Premature end of file.
2025-11-16 12:29:57,288 [ERROR] LogOutputStream:75 - [STDERR_REDIRECT] 
2025-11-16 12:29:58,290 [ERROR] LogOutputStream:75 - [STDERR_REDIRECT] [Fatal Error] :1:1: Premature end of file.
2025-11-16 12:29:58,290 [ERROR] LogOutputStream:75 - [STDERR_REDIRECT] 
2025-11-16 12:29:59,302 [ERROR] LogOutputStream:75 - [STDERR_REDIRECT] [Fatal Error] :1:1: Premature end of file.
2025-11-16 12:29:59,302 [ERROR] LogOutputStream:75 - [STDERR_REDIRECT] 
2025-11-16 12:30:00,281 [ERROR] LogOutputStream:75 - [STDERR_REDIRECT] [Fatal Error] :1:1: Premature end of file.
2025-11-16 12:30:00,281 [ERROR] LogOutputStream:75 - [STDERR_REDIRECT] 
2025-11-16 12:30:01,291 [ERROR] LogOutputStream:75 - [STDERR_REDIRECT] [Fatal Error] :1:1: Premature end of file.
2025-11-16 12:30:01,291 [ERROR] LogOutputStream:75 - [STDERR_REDIRECT] 
2025-11-16 12:30:02,294 [ERROR] LogOutputStream:75 - [STDERR_REDIRECT] [Fatal Error] :1:1: Premature end of file.
2025-11-16 12:30:02,294 [ERROR] LogOutputStream:75 - [STDERR_REDIRECT] 
2025-11-16 12:30:03,283 [ERROR] LogOutputStream:75 - [STDERR_REDIRECT] [Fatal Error] :1:1: Premature end of file.
2025-11-16 12:30:03,283 [ERROR] LogOutputStream:75 - [STDERR_REDIRECT] 
2025-11-16 12:30:04,294 [ERROR] LogOutputStream:75 - [STDERR_REDIRECT] [Fatal Error] :1:1: Premature end of file.
2025-11-16 12:30:04,294 [ERROR] LogOutputStream:75 - [STDERR_REDIRECT] 
2025-11-16 12:30:05,282 [ERROR] LogOutputStream:75 - [STDERR_REDIRECT] [Fatal Error] :1:1: Premature end of file.
2025-11-16 12:30:05,282 [ERROR] LogOutputStream:75 - [STDERR_REDIRECT] 
2025-11-16 12:30:06,286 [ERROR] LogOutputStream:75 - [STDERR_REDIRECT] [Fatal Error] :1:1: Premature end of file.
2025-11-16 12:30:06,286 [ERROR] LogOutputStream:75 - [STDERR_REDIRECT] 
2025-11-16 12:30:07,293 [ERROR] LogOutputStream:75 - [STDERR_REDIRECT] [Fatal Error] :1:1: Premature end of file.
2025-11-16 12:30:07,293 [ERROR] LogOutputStream:75 - [STDERR_REDIRECT] 
2025-11-16 12:30:08,282 [ERROR] LogOutputStream:75 - [STDERR_REDIRECT] [Fatal Error] :1:1: Premature end of file.
2025-11-16 12:30:08,282 [ERROR] LogOutputStream:75 - [STDERR_REDIRECT] 
2025-11-16 12:30:09,282 [ERROR] LogOutputStream:75 - [STDERR_REDIRECT] [Fatal Error] :1:1: Premature end of file.
2025-11-16 12:30:09,282 [ERROR] LogOutputStream:75 - [STDERR_REDIRECT] 
2025-11-16 12:30:10,282 [ERROR] LogOutputStream:75 - [STDERR_REDIRECT] [Fatal Error] :1:1: Premature end of file.
2025-11-16 12:30:10,282 [ERROR] LogOutputStream:75 - [STDERR_REDIRECT] 
2025-11-16 12:30:11,282 [ERROR] LogOutputStream:75 - [STDERR_REDIRECT] [Fatal Error] :1:1: Premature end of file.
2025-11-16 12:30:11,282 [ERROR] LogOutputStream:75 - [STDERR_REDIRECT] 
2025-11-16 12:30:12,288 [ERROR] LogOutputStream:75 - [STDERR_REDIRECT] [Fatal Error] :1:1: Premature end of file.
2025-11-16 12:30:12,288 [ERROR] LogOutputStream:75 - [STDERR_REDIRECT] 
2025-11-16 12:30:13,283 [ERROR] LogOutputStream:75 - [STDERR_REDIRECT] [Fatal Error] :1:1: Premature end of file.
2025-11-16 12:30:13,283 [ERROR] LogOutputStream:75 - [STDERR_REDIRECT] 
2025-11-16 12:30:14,257 [ERROR] LogOutputStream:75 - [STDERR_REDIRECT] [Fatal Error] :1:1: Premature end of file.
2025-11-16 12:30:14,257 [ERROR] LogOutputStream:75 - [STDERR_REDIRECT] 
2025-11-16 12:30:15,259 [ERROR] LogOutputStream:75 - [STDERR_REDIRECT] [Fatal Error] :1:1: Premature end of file.
2025-11-16 12:30:15,259 [ERROR] LogOutputStream:75 - [STDERR_REDIRECT] 
2025-11-16 12:30:16,267 [ERROR] LogOutputStream:75 - [STDERR_REDIRECT] [Fatal Error] :1:1: Premature end of file.
2025-11-16 12:30:16,268 [ERROR] LogOutputStream:75 - [STDERR_REDIRECT] 
2025-11-16 12:30:17,258 [ERROR] LogOutputStream:75 - [STDERR_REDIRECT] [Fatal Error] :1:1: Premature end of file.
2025-11-16 12:30:17,259 [ERROR] LogOutputStream:75 - [STDERR_REDIRECT] 
2025-11-16 12:30:17,949 [INFO] WebAppUi:305 - Path where cad_preferences.json is located C:\Users\akash/.stm32cubeide/
2025-11-16 12:30:17,949 [INFO] WebAppUi:306 - Updating consent from JSON file
2025-11-16 12:30:17,950 [INFO] WebAppUi:305 - Path where cad_preferences.json is located C:\Users\akash/.stm32cubeide/
2025-11-16 12:30:17,950 [INFO] WebAppUi:306 - Updating consent from JSON file
2025-11-16 12:30:18,170 [INFO] WebApp:403 - JxBrowser engine has been closed 
2025-11-16 12:30:18,170 [INFO] WebAppUi:504 - JxBrowser engine has been closed 
2025-11-16 12:30:18,170 [INFO] WebAppUi:541 - Close the Jxbrowser engine manually
2025-11-16 12:30:18,261 [ERROR] LogOutputStream:75 - [STDERR_REDIRECT] [Fatal Error] :1:1: Premature end of file.
2025-11-16 12:30:18,261 [ERROR] LogOutputStream:75 - [STDERR_REDIRECT] 
2025-11-16 12:30:19,259 [ERROR] LogOutputStream:75 - [STDERR_REDIRECT] [Fatal Error] :1:1: Premature end of file.
2025-11-16 12:30:19,259 [ERROR] LogOutputStream:75 - [STDERR_REDIRECT] 
2025-11-16 12:30:20,256 [ERROR] LogOutputStream:75 - [STDERR_REDIRECT] [Fatal Error] :1:1: Premature end of file.
2025-11-16 12:30:20,256 [ERROR] LogOutputStream:75 - [STDERR_REDIRECT] 
2025-11-16 12:30:21,257 [ERROR] LogOutputStream:75 - [STDERR_REDIRECT] [Fatal Error] :1:1: Premature end of file.
2025-11-16 12:30:21,257 [ERROR] LogOutputStream:75 - [STDERR_REDIRECT] 
2025-11-16 12:30:22,260 [ERROR] LogOutputStream:75 - [STDERR_REDIRECT] [Fatal Error] :1:1: Premature end of file.
2025-11-16 12:30:22,260 [ERROR] LogOutputStream:75 - [STDERR_REDIRECT] 
2025-11-16 12:30:23,087 [ERROR] LogOutputStream:75 - [STDERR_REDIRECT] 
