2025-11-30 09:46:15,142 [INFO] Activator:176 - 


2025-11-30 09:46:15,143 [INFO] Activator:177 - !SESSION log4j initialized
2025-11-30 09:46:16,741 [INFO] LogOutputStream:77 - [STDOUT_REDIRECT] 
2025-11-30 09:46:18,165 [INFO] ApplicationProperties:184 - Using Application install path: C:\ST\STM32CubeIDE_1.19.0\STM32CubeIDE\plugins\com.st.stm32cube.common.mx_6.15.0.202507011659
2025-11-30 09:46:18,176 [INFO] DbMcusXml:78 - Set database path to: C:\ST\STM32CubeIDE_1.19.0\STM32CubeIDE\plugins\com.st.stm32cube.common.mx_6.15.0.202507011659\\db\/mcu/
2025-11-30 09:46:18,177 [INFO] ApiDb:274 - Set plugin database path to: C:\ST\STM32CubeIDE_1.19.0\STM32CubeIDE\plugins\com.st.stm32cube.common.mx_6.15.0.202507011659\\db\/plugins/boardmanager/
2025-11-30 09:46:18,177 [WARN] ApiDb:259 - Overriding images path with different value:  => C:\ST\STM32CubeIDE_1.19.0\STM32CubeIDE\plugins\com.st.stm32cube.common.mx_6.15.0.202507011659\\db\/plugins/mcufinder/images/
2025-11-30 09:46:18,181 [INFO] ApiDb:250 - Set database path to: C:\Users\akash\.stmcufinder\plugins\mcufinder//mcu/
2025-11-30 09:46:18,182 [INFO] DbMcusAds:125 - Set database path to: C:\Users\akash\.stmcufinder\plugins\mcufinder//mcu/
2025-11-30 09:46:18,183 [INFO] CrossReferenceDbSqlite:203 - Set database path to: C:\Users\akash\.stmcufinder\plugins\mcufinder//mcu/cs/
2025-11-30 09:46:18,261 [INFO] RulesReader:64 - Compatibility file has been processed (317 Rules)
2025-11-30 09:46:18,305 [INFO] DbMcusXml:78 - Set database path to: C:\ST\STM32CubeIDE_1.19.0\STM32CubeIDE\plugins\com.st.stm32cube.common.mx_6.15.0.202507011659\\db\/mcu/
2025-11-30 09:46:18,305 [INFO] ApiDb:274 - Set plugin database path to: C:\ST\STM32CubeIDE_1.19.0\STM32CubeIDE\plugins\com.st.stm32cube.common.mx_6.15.0.202507011659\\db\/plugins/boardmanager/
2025-11-30 09:46:18,305 [INFO] ApiDb:261 - Set plugin images path to: C:\ST\STM32CubeIDE_1.19.0\STM32CubeIDE\plugins\com.st.stm32cube.common.mx_6.15.0.202507011659\\db\/plugins/mcufinder/images/
2025-11-30 09:46:18,305 [WARN] DbFile:41 - Overriding database path with different value: C:\Users\akash\.stmcufinder\plugins\mcufinder/ => C:\Users\akash\.stmcufinder\plugins\mcufinder
2025-11-30 09:46:18,305 [INFO] ApiDb:250 - Set database path to: C:\Users\akash\.stmcufinder\plugins\mcufinder//mcu/
2025-11-30 09:46:18,305 [WARN] DbFile:41 - Overriding database path with different value: C:\Users\akash\.stmcufinder\plugins\mcufinder/ => C:\Users\akash\.stmcufinder\plugins\mcufinder
2025-11-30 09:46:18,306 [INFO] DbMcusAds:125 - Set database path to: C:\Users\akash\.stmcufinder\plugins\mcufinder//mcu/
2025-11-30 09:46:18,306 [WARN] DbFile:41 - Overriding database path with different value: C:\Users\akash\.stmcufinder\plugins\mcufinder/ => C:\Users\akash\.stmcufinder\plugins\mcufinder
2025-11-30 09:46:18,306 [WARN] DbFile:41 - Overriding database path with different value: C:\Users\akash\.stmcufinder\plugins\mcufinder/ => C:\Users\akash\.stmcufinder\plugins\mcufinder
2025-11-30 09:46:18,306 [INFO] CrossReferenceDbSqlite:203 - Set database path to: C:\Users\akash\.stmcufinder\plugins\mcufinder//mcu/cs/
2025-11-30 09:46:18,350 [INFO] MainPanel:274 - HeapMemory: 268435456
2025-11-30 09:46:18,404 [INFO] DbMcusXml:78 - Set database path to: C:\ST\STM32CubeIDE_1.19.0\STM32CubeIDE\plugins\com.st.stm32cube.common.mx_6.15.0.202507011659\\db\/mcu/
2025-11-30 09:46:18,404 [INFO] ApiDb:274 - Set plugin database path to: C:\ST\STM32CubeIDE_1.19.0\STM32CubeIDE\plugins\com.st.stm32cube.common.mx_6.15.0.202507011659\\db\/plugins/boardmanager/
2025-11-30 09:46:18,404 [INFO] ApiDb:261 - Set plugin images path to: C:\ST\STM32CubeIDE_1.19.0\STM32CubeIDE\plugins\com.st.stm32cube.common.mx_6.15.0.202507011659\\db\/plugins/mcufinder/images/
2025-11-30 09:46:18,404 [WARN] DbFile:41 - Overriding database path with different value: C:\Users\akash\.stmcufinder\plugins\mcufinder/ => C:\Users\akash\.stmcufinder\plugins\mcufinder
2025-11-30 09:46:18,404 [INFO] ApiDb:250 - Set database path to: C:\Users\akash\.stmcufinder\plugins\mcufinder//mcu/
2025-11-30 09:46:18,404 [WARN] DbFile:41 - Overriding database path with different value: C:\Users\akash\.stmcufinder\plugins\mcufinder/ => C:\Users\akash\.stmcufinder\plugins\mcufinder
2025-11-30 09:46:18,404 [INFO] DbMcusAds:125 - Set database path to: C:\Users\akash\.stmcufinder\plugins\mcufinder//mcu/
2025-11-30 09:46:18,405 [WARN] DbFile:41 - Overriding database path with different value: C:\Users\akash\.stmcufinder\plugins\mcufinder/ => C:\Users\akash\.stmcufinder\plugins\mcufinder
2025-11-30 09:46:18,405 [WARN] DbFile:41 - Overriding database path with different value: C:\Users\akash\.stmcufinder\plugins\mcufinder/ => C:\Users\akash\.stmcufinder\plugins\mcufinder
2025-11-30 09:46:18,405 [INFO] CrossReferenceDbSqlite:203 - Set database path to: C:\Users\akash\.stmcufinder\plugins\mcufinder//mcu/cs/
2025-11-30 09:46:18,416 [INFO] ApplicationProperties:184 - Using Application install path: C:\ST\STM32CubeIDE_1.19.0\STM32CubeIDE\plugins\com.st.stm32cube.common.mx_6.15.0.202507011659
2025-11-30 09:46:18,417 [INFO] PluginManage:196 - Search for loadable plugins [exclusion list=, ]
2025-11-30 09:46:18,417 [INFO] PluginManage:310 - Check plugin analytics
2025-11-30 09:46:18,538 [INFO] AnalyticsPlugin:253 - Accepted Software Licenses: STM32CubeMX.6.15.0
2025-11-30 09:46:18,538 [INFO] AnalyticsPlugin:255 - Accepted CMSIS Pack Licenses: STMicroelectronics.X-CUBE-AZRTOS-H7.3.3.0
2025-11-30 09:46:18,538 [INFO] AnalyticsPlugin:257 - Accepted Firmware Licenses: FW.H7.1.12.0,FW.G0.1.6.0,FW.G4.1.6.0
2025-11-30 09:46:18,540 [INFO] PluginManage:359 - Loaded plugin analytics (category:tool,tabindex:-1)
2025-11-30 09:46:18,540 [INFO] PluginManage:310 - Check plugin cadmodel
2025-11-30 09:46:18,543 [INFO] CADModel:105 - Init CAD model plugin
2025-11-30 09:46:18,543 [INFO] PluginManage:359 - Loaded plugin cadmodel (category:power,tabindex:5)
2025-11-30 09:46:18,543 [INFO] PluginManage:310 - Check plugin clock
2025-11-30 09:46:18,549 [INFO] PluginManage:359 - Loaded plugin clock (category:base,tabindex:2)
2025-11-30 09:46:18,549 [INFO] PluginManage:310 - Check plugin ddr
2025-11-30 09:46:18,550 [INFO] PluginManage:359 - Loaded plugin ddr (category:tool,tabindex:6)
2025-11-30 09:46:18,550 [INFO] PluginManage:310 - Check plugin filemanager
2025-11-30 09:46:18,677 [INFO] PluginManage:359 - Loaded plugin filemanager (category:base,tabindex:10)
2025-11-30 09:46:18,677 [INFO] PluginManage:310 - Check plugin ipmanager
2025-11-30 09:46:18,684 [INFO] PluginManage:359 - Loaded plugin ipmanager (category:base,tabindex:5)
2025-11-30 09:46:18,684 [INFO] PluginManage:310 - Check plugin lpbam
2025-11-30 09:46:18,689 [INFO] PluginManage:359 - Loaded plugin lpbam (category:base,tabindex:0)
2025-11-30 09:46:18,689 [INFO] PluginManage:310 - Check plugin memorymap
2025-11-30 09:46:18,696 [INFO] PluginManage:359 - Loaded plugin memorymap (category:base,tabindex:4)
2025-11-30 09:46:18,696 [INFO] PluginManage:310 - Check plugin pinoutandconfiguration
2025-11-30 09:46:18,701 [INFO] PluginManage:359 - Loaded plugin pinoutandconfiguration (category:base,tabindex:1)
2025-11-30 09:46:18,701 [INFO] PluginManage:310 - Check plugin pinoutconfig
2025-11-30 09:46:18,752 [WARN] SupportedApi:132 - Cannot load RTOS API schema: s4s-elt-must-match.1: The content of 'definitions' must match (annotation?, (simpleType | complexType)?, (unique | key | keyref)*)). A problem was found starting at: attribute.
2025-11-30 09:46:18,838 [INFO] PluginManage:359 - Loaded plugin pinoutconfig (category:base,tabindex:0)
2025-11-30 09:46:18,838 [INFO] PluginManage:310 - Check plugin power
2025-11-30 09:46:18,843 [INFO] PluginManage:359 - Loaded plugin power (category:power,tabindex:4)
2025-11-30 09:46:18,843 [INFO] PluginManage:310 - Check plugin projectmanager
2025-11-30 09:46:18,852 [INFO] PluginManage:359 - Loaded plugin projectmanager (category:projectmanager,tabindex:4)
2025-11-30 09:46:18,852 [INFO] PluginManage:310 - Check plugin rif
2025-11-30 09:46:18,858 [INFO] PluginManage:359 - Loaded plugin rif (category:base,tabindex:3)
2025-11-30 09:46:18,858 [INFO] PluginManage:310 - Check plugin thirdparty
2025-11-30 09:46:18,939 [INFO] PluginManage:359 - Loaded plugin thirdparty (category:base,tabindex:-1)
2025-11-30 09:46:18,939 [WARN] IntegrityCheckThread:84 - waiting for thirdparty lock release [integrity check]
2025-11-30 09:46:18,939 [INFO] PluginManage:310 - Check plugin tools
2025-11-30 09:46:18,939 [INFO] IntegrityCheckThread:86 - entering critical section [integrity check]
2025-11-30 09:46:18,939 [INFO] ThirdPartyUpdaterWithRetryManager:70 - Updater plugin not ready yet. [1/15]
2025-11-30 09:46:18,941 [INFO] PluginManage:359 - Loaded plugin tools (category:base,tabindex:7)
2025-11-30 09:46:18,941 [INFO] PluginManage:310 - Check plugin tutovideos
2025-11-30 09:46:19,059 [INFO] PluginManage:359 - Loaded plugin tutovideos (category:base,tabindex:-1)
2025-11-30 09:46:19,059 [INFO] PluginManage:310 - Check plugin updater
2025-11-30 09:46:19,073 [INFO] PluginManage:359 - Loaded plugin updater (category:base,tabindex:12)
2025-11-30 09:46:19,073 [INFO] PluginManage:310 - Check plugin userauth
2025-11-30 09:46:19,076 [INFO] UserAuth:118 - Init User Auth plugin
2025-11-30 09:46:19,077 [INFO] PluginManage:359 - Loaded plugin userauth (category:base,tabindex:14)
2025-11-30 09:46:19,077 [INFO] PluginManage:283 - PluginManage : Loaded plugins [18]
2025-11-30 09:46:19,217 [INFO] PinOutPanel:1589 - setPackage(No Configuration,No Configuration)
2025-11-30 09:46:19,272 [INFO] CADModel:165 - CPN selected for project level
2025-11-30 09:46:19,272 [INFO] CADModel:114 - Register for checkConnection events
2025-11-30 09:46:19,282 [INFO] IPUIPlugin:80 - create IPUIPlugin
2025-11-30 09:46:19,282 [INFO] PluginManager:220 - loadIPPluginJar : add adc
2025-11-30 09:46:19,284 [INFO] IPUIPlugin:80 - create IPUIPlugin
2025-11-30 09:46:19,284 [INFO] PluginManager:220 - loadIPPluginJar : add aes
2025-11-30 09:46:19,285 [INFO] IPUIPlugin:80 - create IPUIPlugin
2025-11-30 09:46:19,285 [INFO] PluginManager:220 - loadIPPluginJar : add can
2025-11-30 09:46:19,286 [INFO] IPUIPlugin:80 - create IPUIPlugin
2025-11-30 09:46:19,286 [INFO] PluginManager:220 - loadIPPluginJar : add comp
2025-11-30 09:46:19,288 [INFO] IPUIPlugin:80 - create IPUIPlugin
2025-11-30 09:46:19,288 [INFO] PluginManager:220 - loadIPPluginJar : add cryp
2025-11-30 09:46:19,290 [INFO] IPUIPlugin:80 - create IPUIPlugin
2025-11-30 09:46:19,290 [INFO] PluginManager:220 - loadIPPluginJar : add ddr_ctrl_phy
2025-11-30 09:46:19,292 [INFO] IPUIPlugin:80 - create IPUIPlugin
2025-11-30 09:46:19,292 [INFO] PluginManager:220 - loadIPPluginJar : add dfsdm
2025-11-30 09:46:19,295 [INFO] IPUIPlugin:80 - create IPUIPlugin
2025-11-30 09:46:19,295 [INFO] PluginManager:220 - loadIPPluginJar : add dma
2025-11-30 09:46:19,297 [INFO] IPUIPlugin:80 - create IPUIPlugin
2025-11-30 09:46:19,297 [INFO] PluginManager:220 - loadIPPluginJar : add dma3
2025-11-30 09:46:19,298 [INFO] IPUIPlugin:80 - create IPUIPlugin
2025-11-30 09:46:19,298 [INFO] PluginManager:220 - loadIPPluginJar : add extmemmanager
2025-11-30 09:46:19,299 [INFO] IPUIPlugin:80 - create IPUIPlugin
2025-11-30 09:46:19,299 [INFO] PluginManager:220 - loadIPPluginJar : add fatfs
2025-11-30 09:46:19,302 [INFO] IPUIPlugin:80 - create IPUIPlugin
2025-11-30 09:46:19,303 [INFO] PluginManager:220 - loadIPPluginJar : add fmc
2025-11-30 09:46:19,306 [INFO] IPUIPlugin:80 - create IPUIPlugin
2025-11-30 09:46:19,306 [INFO] PluginManager:220 - loadIPPluginJar : add freertos
2025-11-30 09:46:19,308 [INFO] IPUIPlugin:80 - create IPUIPlugin
2025-11-30 09:46:19,308 [INFO] PluginManager:220 - loadIPPluginJar : add genericplugin
2025-11-30 09:46:19,309 [INFO] IPUIPlugin:80 - create IPUIPlugin
2025-11-30 09:46:19,309 [INFO] PluginManager:220 - loadIPPluginJar : add gfxmmu
2025-11-30 09:46:19,312 [INFO] IPUIPlugin:80 - create IPUIPlugin
2025-11-30 09:46:19,312 [INFO] PluginManager:220 - loadIPPluginJar : add gic
2025-11-30 09:46:19,315 [INFO] IPUIPlugin:80 - create IPUIPlugin
2025-11-30 09:46:19,315 [INFO] PluginManager:220 - loadIPPluginJar : add gpio
2025-11-30 09:46:19,316 [INFO] IPUIPlugin:80 - create IPUIPlugin
2025-11-30 09:46:19,316 [INFO] PluginManager:220 - loadIPPluginJar : add gtzc
2025-11-30 09:46:19,318 [INFO] IPUIPlugin:80 - create IPUIPlugin
2025-11-30 09:46:19,318 [INFO] PluginManager:220 - loadIPPluginJar : add hash
2025-11-30 09:46:19,319 [INFO] IPUIPlugin:80 - create IPUIPlugin
2025-11-30 09:46:19,319 [INFO] PluginManager:220 - loadIPPluginJar : add i2c
2025-11-30 09:46:19,321 [INFO] IPUIPlugin:80 - create IPUIPlugin
2025-11-30 09:46:19,321 [INFO] PluginManager:220 - loadIPPluginJar : add i2s
2025-11-30 09:46:19,322 [INFO] IPUIPlugin:80 - create IPUIPlugin
2025-11-30 09:46:19,322 [INFO] PluginManager:220 - loadIPPluginJar : add i3c
2025-11-30 09:46:19,324 [INFO] IPUIPlugin:80 - create IPUIPlugin
2025-11-30 09:46:19,324 [INFO] PluginManager:220 - loadIPPluginJar : add ipddr
2025-11-30 09:46:19,328 [INFO] IPUIPlugin:80 - create IPUIPlugin
2025-11-30 09:46:19,328 [INFO] PluginManager:220 - loadIPPluginJar : add linkedlist
2025-11-30 09:46:19,330 [INFO] IPUIPlugin:80 - create IPUIPlugin
2025-11-30 09:46:19,330 [INFO] PluginManager:220 - loadIPPluginJar : add lorawan
2025-11-30 09:46:19,331 [INFO] IPUIPlugin:80 - create IPUIPlugin
2025-11-30 09:46:19,331 [INFO] PluginManager:220 - loadIPPluginJar : add ltdc
2025-11-30 09:46:19,333 [INFO] IPUIPlugin:80 - create IPUIPlugin
2025-11-30 09:46:19,333 [INFO] PluginManager:220 - loadIPPluginJar : add mdma
2025-11-30 09:46:19,336 [INFO] IPUIPlugin:80 - create IPUIPlugin
2025-11-30 09:46:19,336 [INFO] PluginManager:220 - loadIPPluginJar : add nvic
2025-11-30 09:46:19,338 [INFO] IPUIPlugin:80 - create IPUIPlugin
2025-11-30 09:46:19,338 [INFO] PluginManager:220 - loadIPPluginJar : add opamp
2025-11-30 09:46:19,339 [INFO] IPUIPlugin:80 - create IPUIPlugin
2025-11-30 09:46:19,339 [INFO] PluginManager:220 - loadIPPluginJar : add openamp
2025-11-30 09:46:19,341 [INFO] IPUIPlugin:80 - create IPUIPlugin
2025-11-30 09:46:19,341 [INFO] PluginManager:220 - loadIPPluginJar : add pdm2pcm
2025-11-30 09:46:19,345 [INFO] IPUIPlugin:80 - create IPUIPlugin
2025-11-30 09:46:19,347 [INFO] PluginManager:220 - loadIPPluginJar : add plateformsettings
2025-11-30 09:46:19,348 [INFO] IPUIPlugin:80 - create IPUIPlugin
2025-11-30 09:46:19,348 [INFO] PluginManager:220 - loadIPPluginJar : add quadspi
2025-11-30 09:46:19,349 [INFO] IPUIPlugin:80 - create IPUIPlugin
2025-11-30 09:46:19,349 [INFO] PluginManager:220 - loadIPPluginJar : add radio
2025-11-30 09:46:19,351 [INFO] IPUIPlugin:80 - create IPUIPlugin
2025-11-30 09:46:19,351 [INFO] PluginManager:220 - loadIPPluginJar : add resmgrutility
2025-11-30 09:46:19,354 [INFO] IPUIPlugin:80 - create IPUIPlugin
2025-11-30 09:46:19,354 [INFO] PluginManager:220 - loadIPPluginJar : add sai
2025-11-30 09:46:19,355 [INFO] IPUIPlugin:80 - create IPUIPlugin
2025-11-30 09:46:19,355 [INFO] PluginManager:220 - loadIPPluginJar : add spi
2025-11-30 09:46:19,358 [INFO] IPUIPlugin:80 - create IPUIPlugin
2025-11-30 09:46:19,358 [INFO] PluginManager:220 - loadIPPluginJar : add stm32_wpan
2025-11-30 09:46:19,359 [INFO] IPUIPlugin:80 - create IPUIPlugin
2025-11-30 09:46:19,359 [INFO] PluginManager:220 - loadIPPluginJar : add tim
2025-11-30 09:46:19,361 [INFO] IPUIPlugin:80 - create IPUIPlugin
2025-11-30 09:46:19,361 [INFO] PluginManager:220 - loadIPPluginJar : add touchsensing
2025-11-30 09:46:19,363 [INFO] IPUIPlugin:80 - create IPUIPlugin
2025-11-30 09:46:19,363 [INFO] PluginManager:220 - loadIPPluginJar : add tracer_emb
2025-11-30 09:46:19,364 [INFO] IPUIPlugin:80 - create IPUIPlugin
2025-11-30 09:46:19,364 [INFO] PluginManager:220 - loadIPPluginJar : add ts
2025-11-30 09:46:19,365 [INFO] IPUIPlugin:80 - create IPUIPlugin
2025-11-30 09:46:19,365 [INFO] PluginManager:220 - loadIPPluginJar : add tsc
2025-11-30 09:46:19,366 [INFO] IPUIPlugin:80 - create IPUIPlugin
2025-11-30 09:46:19,366 [INFO] PluginManager:220 - loadIPPluginJar : add ucpd
2025-11-30 09:46:19,369 [INFO] IPUIPlugin:80 - create IPUIPlugin
2025-11-30 09:46:19,369 [INFO] PluginManager:220 - loadIPPluginJar : add usart
2025-11-30 09:46:19,372 [INFO] IPUIPlugin:80 - create IPUIPlugin
2025-11-30 09:46:19,372 [INFO] PluginManager:220 - loadIPPluginJar : add usbx
2025-11-30 09:46:19,478 [FATAL] Updater:351 - Updater called before beeing initialized
2025-11-30 09:46:19,500 [INFO] RulesReader:64 - Compatibility file has been processed (317 Rules)
2025-11-30 09:46:19,508 [INFO] RulesReader:64 - Compatibility file has been processed (317 Rules)
2025-11-30 09:46:19,513 [INFO] CADModel:165 - CPN selected for project level
2025-11-30 09:46:19,513 [INFO] CADModel:114 - Register for checkConnection events
2025-11-30 09:46:19,513 [FATAL] Updater:351 - Updater called before beeing initialized
2025-11-30 09:46:19,513 [ERROR] CADModel:125 - Updater not yet initialized, retry later 
2025-11-30 09:46:19,591 [FATAL] Updater:351 - Updater called before beeing initialized
2025-11-30 09:46:19,592 [INFO] CADModel:165 - CPN selected for project level
2025-11-30 09:46:19,592 [INFO] CADModel:114 - Register for checkConnection events
2025-11-30 09:46:19,592 [FATAL] Updater:351 - Updater called before beeing initialized
2025-11-30 09:46:19,592 [ERROR] CADModel:125 - Updater not yet initialized, retry later 
2025-11-30 09:46:19,595 [FATAL] Updater:351 - Updater called before beeing initialized
2025-11-30 09:46:19,664 [FATAL] Updater:351 - Updater called before beeing initialized
2025-11-30 09:46:19,667 [INFO] DbMcusAds:53 - JSON generation date=Tue Nov 25 06:08:32 PST 2025 (1764079712835)
2025-11-30 09:46:19,667 [FATAL] Updater:351 - Updater called before beeing initialized
2025-11-30 09:46:19,691 [WARN] DetailPanel:346 - Failed to get advertising image, set to default
2025-11-30 09:46:19,753 [FATAL] Updater:351 - Updater called before beeing initialized
2025-11-30 09:46:19,754 [FATAL] Updater:351 - Updater called before beeing initialized
2025-11-30 09:46:19,754 [FATAL] Updater:351 - Updater called before beeing initialized
2025-11-30 09:46:19,754 [WARN] DetailPanel:346 - Failed to get advertising image, set to default
2025-11-30 09:46:19,755 [FATAL] Updater:351 - Updater called before beeing initialized
2025-11-30 09:46:19,782 [ERROR] Updater:1198 - MainUpdater not yet initialized. External WinMGr cannot be set.
2025-11-30 09:46:19,783 [INFO] Updater:1134 - Updater Version found : 6.15.0
2025-11-30 09:46:19,793 [INFO] ApplicationProperties:184 - Using Application install path: C:\ST\STM32CubeIDE_1.19.0\STM32CubeIDE\plugins\com.st.stm32cube.common.mx_6.15.0.202507011659
2025-11-30 09:46:21,356 [ERROR] LogOutputStream:75 - [STDERR_REDIRECT] Nov 30, 2025 9:46:21 AM java.util.prefs.WindowsPreferences <init>
2025-11-30 09:46:21,357 [ERROR] LogOutputStream:75 - [STDERR_REDIRECT] WARNING: Could not open/create prefs root node Software\JavaSoft\Prefs at root 0xffffffff80000002. Windows RegCreateKeyEx(...) returned error code 5.
2025-11-30 09:46:21,357 [ERROR] LogOutputStream:75 - [STDERR_REDIRECT] 
2025-11-30 09:46:21,539 [INFO] MainUpdater:2872 - connection check result : 10
2025-11-30 09:46:21,539 [INFO] MainUpdater:289 - Updater Check For Update Now.
2025-11-30 09:46:21,539 [INFO] MicroXplorer:498 - Change Database Version : DB.6.0.150
2025-11-30 09:46:21,542 [INFO] McuFinderGlobals:63 - Set McuFinder mode to 2 (CubeIDE integrated)
2025-11-30 09:46:21,542 [INFO] UserAuth:487 - Internet connection configuration mode: 1
2025-11-30 09:46:21,556 [INFO] JxBrowserEngine:152 - Initiate JxBrowser Engine with user profile folder
2025-11-30 09:46:21,719 [INFO] CheckServerUpdateThread:120 - End of CheckServer Thread
2025-11-30 09:46:21,986 [INFO] WebApp:169 - Instantiating new browser for Auth
2025-11-30 09:46:22,138 [WARN] PackLoader:240 - Cannot read IP mode file for STMicroelectronics.FP-SNS-MOTENVWB1.1.4.0
2025-11-30 09:46:22,144 [WARN] PackLoader:240 - Cannot read IP mode file for STMicroelectronics.FP-ATR-ASTRA1.2.0.2
2025-11-30 09:46:22,151 [WARN] PackLoader:240 - Cannot read IP mode file for STMicroelectronics.X-CUBE-SMBUS.2.1.0
2025-11-30 09:46:22,155 [WARN] PackLoader:240 - Cannot read IP mode file for STMicroelectronics.X-CUBE-ST60.1.0.0
2025-11-30 09:46:22,180 [WARN] PackLoader:240 - Cannot read IP mode file for STMicroelectronics.X-CUBE-AZRTOS-F7.1.1.0
2025-11-30 09:46:22,187 [WARN] PackLoader:240 - Cannot read IP mode file for STMicroelectronics.FP-SNS-MOTENV1.5.1.0
2025-11-30 09:46:22,207 [WARN] PackLoader:240 - Cannot read IP mode file for Infineon.AIROC-Wi-Fi-Bluetooth-STM32.1.7.1
2025-11-30 09:46:22,229 [WARN] PackLoader:240 - Cannot read IP mode file for STMicroelectronics.X-CUBE-AZRTOS-H7.3.4.0
2025-11-30 09:46:22,237 [WARN] PackLoader:240 - Cannot read IP mode file for STMicroelectronics.X-CUBE-DISPLAY.3.0.0
2025-11-30 09:46:22,247 [WARN] PackLoader:240 - Cannot read IP mode file for STMicroelectronics.X-CUBE-NFC10.1.0.0
2025-11-30 09:46:22,251 [WARN] PackLoader:240 - Cannot read IP mode file for STMicroelectronics.X-CUBE-ST60.1.1.0
2025-11-30 09:46:22,255 [WARN] PackLoader:240 - Cannot read IP mode file for emotas.I-CUBE-CANOPEN.1.3.0
2025-11-30 09:46:22,259 [WARN] PackLoader:240 - Cannot read IP mode file for STMicroelectronics.X-CUBE-GNSS1.7.1.0
2025-11-30 09:46:22,265 [WARN] PackLoader:240 - Cannot read IP mode file for STMicroelectronics.FP-SNS-STBOX1.2.1.0
2025-11-30 09:46:22,271 [WARN] PackLoader:240 - Cannot read IP mode file for STMicroelectronics.FP-SNS-SMARTAG2.1.2.0
2025-11-30 09:46:22,275 [WARN] PackLoader:240 - Cannot read IP mode file for STMicroelectronics.FP-SNS-FLIGHT1.5.1.0
2025-11-30 09:46:22,283 [INFO] LogOutputStream:77 - [STDOUT_REDIRECT] 1 : Invalid condition id : UX_CORESTACK_Condition cause : null
2025-11-30 09:46:22,284 [INFO] LogOutputStream:77 - [STDOUT_REDIRECT] 1 : Invalid condition id : UX_CORESTACK_Condition cause : null
2025-11-30 09:46:22,285 [INFO] LogOutputStream:77 - [STDOUT_REDIRECT] 1 : Invalid condition id : UX_CORESTACK_Condition cause : null
2025-11-30 09:46:22,287 [INFO] LogOutputStream:77 - [STDOUT_REDIRECT] 1 : Invalid condition id : UX_CORESTACK_Condition cause : null
2025-11-30 09:46:22,288 [INFO] LogOutputStream:77 - [STDOUT_REDIRECT] 1 : Invalid condition id : UX_CORESTACK_Condition cause : null
2025-11-30 09:46:22,291 [WARN] PackLoader:240 - Cannot read IP mode file for STMicroelectronics.X-CUBE-AZRTOS-WL.2.0.0
2025-11-30 09:46:22,296 [WARN] PackLoader:240 - Cannot read IP mode file for STMicroelectronics.FP-SNS-MOTENV1.5.0.0
2025-11-30 09:46:22,311 [WARN] PackLoader:240 - Cannot read IP mode file for STMicroelectronics.X-CUBE-AZRTOS-H7RS.1.2.0
2025-11-30 09:46:22,320 [WARN] PackLoader:240 - Cannot read IP mode file for WES.I-CUBE-Cesium.1.3.0
2025-11-30 09:46:22,330 [WARN] PackLoader:240 - Cannot read IP mode file for STMicroelectronics.X-CUBE-BLE2.3.3.0
2025-11-30 09:46:22,349 [WARN] PackLoader:240 - Cannot read IP mode file for STMicroelectronics.X-CUBE-NFC9.1.0.0
2025-11-30 09:46:22,353 [WARN] PackLoader:240 - Cannot read IP mode file for wolfSSL.I-CUBE-wolfSSL.5.8.0
2025-11-30 09:46:22,356 [WARN] PackLoader:240 - Cannot read IP mode file for STMicroelectronics.X-CUBE-BLE1.7.1.0
2025-11-30 09:46:22,359 [WARN] PackLoader:240 - Cannot read IP mode file for wolfSSL.I-CUBE-wolfMQTT.1.19.2
2025-11-30 09:46:22,363 [WARN] PackLoader:240 - Cannot read IP mode file for STMicroelectronics.X-CUBE-FREERTOS.1.4.0
2025-11-30 09:46:22,366 [WARN] PackLoader:240 - Cannot read IP mode file for STMicroelectronics.X-CUBE-EEPRMA1.5.2.0
2025-11-30 09:46:22,371 [WARN] PackLoader:240 - Cannot read IP mode file for STMicroelectronics.X-CUBE-ST67W61.1.1.0
2025-11-30 09:46:22,373 [WARN] PackLoader:240 - Cannot read IP mode file for STMicroelectronics.X-CUBE-AI.10.1.0
2025-11-30 09:46:22,399 [WARN] PackLoader:240 - Cannot read IP mode file for STMicroelectronics.X-CUBE-MEMS1.12.0.0
2025-11-30 09:46:22,475 [WARN] PackLoader:240 - Cannot read IP mode file for STMicroelectronics.X-CUBE-AZRTOS-G0.1.1.0
2025-11-30 09:46:22,484 [WARN] PackLoader:240 - Cannot read IP mode file for STMicroelectronics.X-CUBE-SAFEA1.1.2.2
2025-11-30 09:46:22,489 [WARN] PackLoader:240 - Cannot read IP mode file for STMicroelectronics.X-CUBE-NFC4.3.0.0
2025-11-30 09:46:22,496 [WARN] PackLoader:240 - Cannot read IP mode file for EmbeddedOffice.I-CUBE-FS-RTOS.1.0.1
2025-11-30 09:46:22,500 [WARN] PackLoader:240 - Cannot read IP mode file for STMicroelectronics.X-CUBE-WB05N.2.0.0
2025-11-30 09:46:22,510 [WARN] PackLoader:240 - Cannot read IP mode file for wolfSSL.I-CUBE-wolfTPM.3.8.0
2025-11-30 09:46:22,520 [WARN] PackLoader:240 - Cannot read IP mode file for STMicroelectronics.X-CUBE-TCPP.4.2.0
2025-11-30 09:46:22,526 [WARN] PackLoader:240 - Cannot read IP mode file for RealThread.X-CUBE-RT-Thread_Nano.4.1.1
2025-11-30 09:46:22,530 [WARN] PackLoader:240 - Cannot read IP mode file for STMicroelectronics.FP-ATR-SIGFOX1.3.2.0
2025-11-30 09:46:22,536 [WARN] PackLoader:240 - Cannot read IP mode file for ITTIA_DB.I-CUBE-ITTIADB.8.9.0
2025-11-30 09:46:22,542 [WARN] PackLoader:240 - Cannot read IP mode file for STMicroelectronics.X-CUBE-ST67W61.1.0.0
2025-11-30 09:46:22,545 [WARN] PackLoader:240 - Cannot read IP mode file for STMicroelectronics.X-CUBE-AI.10.2.0
2025-11-30 09:46:22,593 [WARN] PackLoader:240 - Cannot read IP mode file for SEGGER.I-CUBE-embOS.1.3.1
2025-11-30 09:46:22,612 [INFO] WebApp:463 - Apply proxy settings
2025-11-30 09:46:22,612 [INFO] WebApp:548 - Chromium requires no authentication
2025-11-30 09:46:22,619 [INFO] WebApp:491 - Direct internet connection detected
2025-11-30 09:46:22,631 [WARN] PackLoader:240 - Cannot read IP mode file for STMicroelectronics.X-CUBE-ALGOBUILD.1.4.0
2025-11-30 09:46:22,642 [INFO] WebApp:900 - Register for checkConnection events
2025-11-30 09:46:22,642 [INFO] WebApp:463 - Apply proxy settings
2025-11-30 09:46:22,642 [INFO] WebApp:548 - Chromium requires no authentication
2025-11-30 09:46:22,643 [INFO] WebApp:491 - Direct internet connection detected
2025-11-30 09:46:22,669 [WARN] PackLoader:240 - Cannot read IP mode file for STMicroelectronics.X-CUBE-MEMS1.11.3.0
2025-11-30 09:46:22,735 [WARN] PackLoader:240 - Cannot read IP mode file for STMicroelectronics.X-CUBE-PM33A1.1.0.0
2025-11-30 09:46:22,745 [WARN] PackLoader:240 - Cannot read IP mode file for STMicroelectronics.X-CUBE-AZRTOS-F4.1.1.0
2025-11-30 09:46:22,749 [WARN] PackLoader:240 - Cannot read IP mode file for Avnet-IotConnect.X-CUBE-IoTC-DA16k-PMOD.1.0.0
2025-11-30 09:46:22,751 [WARN] PackLoader:240 - Cannot read IP mode file for STMicroelectronics.X-CUBE-ISPU.2.1.0
2025-11-30 09:46:22,758 [WARN] PackLoader:240 - Cannot read IP mode file for STMicroelectronics.X-CUBE-IPS.3.2.0
2025-11-30 09:46:22,766 [WARN] PackLoader:240 - Cannot read IP mode file for STMicroelectronics.X-CUBE-NFC12.1.0.0
2025-11-30 09:46:22,780 [WARN] PackLoader:240 - Cannot read IP mode file for STMicroelectronics.X-CUBE-AZRTOS-L5.2.0.0
2025-11-30 09:46:22,788 [WARN] PackLoader:240 - Cannot read IP mode file for STMicroelectronics.X-CUBE-NFC6.3.1.0
2025-11-30 09:46:22,790 [INFO] WebApp:191 - Connection restablished
2025-11-30 09:46:22,792 [WARN] PackLoader:240 - Cannot read IP mode file for STMicroelectronics.X-CUBE-FREERTOS.1.3.1
2025-11-30 09:46:22,797 [WARN] PackLoader:240 - Cannot read IP mode file for STMicroelectronics.X-CUBE-TOUCHGFX.4.26.0
2025-11-30 09:46:22,801 [WARN] PackLoader:240 - Cannot read IP mode file for STMicroelectronics.FP-SNS-STAIOTCFT.1.0.0
2025-11-30 09:46:22,806 [WARN] PackLoader:240 - Cannot read IP mode file for STMicroelectronics.X-CUBE-DPower.1.3.0
2025-11-30 09:46:22,828 [WARN] ConditionMgr:438 - getConditionDescription Invalid condition id : LAN8742 Phy interface Condition cause : null
2025-11-30 09:46:22,828 [WARN] PackLoader:240 - Cannot read IP mode file for STMicroelectronics.X-CUBE-AZRTOS-L4.2.0.0
2025-11-30 09:46:22,830 [WARN] ConditionMgr:1044 - genDependencies : Invalid condition id : LAN8742 Phy interface Condition cause : null
2025-11-30 09:46:22,830 [WARN] ConditionMgr:1044 - genDependencies : Invalid condition id : LAN8742 Phy interface Condition cause : null
2025-11-30 09:46:22,831 [WARN] ConditionMgr:1044 - genDependencies : Invalid condition id : LAN8742 Phy interface Condition cause : null
2025-11-30 09:46:22,838 [WARN] PackLoader:240 - Cannot read IP mode file for STMicroelectronics.X-CUBE-SFXS2LP1.4.0.0
2025-11-30 09:46:22,842 [INFO] WebApp:225 - Starting web application
2025-11-30 09:46:22,843 [INFO] WebApp:593 - Web application path used C:\ST\STM32CubeIDE_1.19.0\STM32CubeIDE\plugins\com.st.stm32cube.common.mx_6.15.0.202507011659\db\plugins\mcufinder\reactClient1\index.html
2025-11-30 09:46:22,859 [WARN] PackLoader:240 - Cannot read IP mode file for STMicroelectronics.X-CUBE-AZRTOS-H7.3.3.0
2025-11-30 09:46:22,939 [INFO] UserAuth:487 - Internet connection configuration mode: 1
2025-11-30 09:46:23,154 [WARN] PackLoader:240 - Cannot read IP mode file for STMicroelectronics.X-CUBE-BLEMGR.4.1.0
2025-11-30 09:46:23,165 [WARN] ConditionMgr:438 - getConditionDescription Invalid condition id : UX DEVICE CLASS RTOS Condition cause : null
2025-11-30 09:46:23,165 [WARN] ConditionMgr:438 - getConditionDescription Invalid condition id : UX DEVICE CLASS RTOS Condition cause : null
2025-11-30 09:46:23,167 [WARN] PackLoader:240 - Cannot read IP mode file for STMicroelectronics.X-CUBE-AZRTOS-WB.2.0.0
2025-11-30 09:46:23,167 [WARN] ConditionMgr:1044 - genDependencies : Invalid condition id : UX DEVICE CLASS RTOS Condition cause : null
2025-11-30 09:46:23,167 [WARN] ConditionMgr:1044 - genDependencies : Invalid condition id : UX DEVICE CLASS RTOS Condition cause : null
2025-11-30 09:46:23,169 [WARN] ConditionMgr:1044 - genDependencies : Invalid condition id : UX DEVICE CLASS RTOS Condition cause : null
2025-11-30 09:46:23,169 [WARN] ConditionMgr:1044 - genDependencies : Invalid condition id : UX DEVICE CLASS RTOS Condition cause : null
2025-11-30 09:46:23,169 [WARN] ConditionMgr:1044 - genDependencies : Invalid condition id : UX DEVICE CLASS RTOS Condition cause : null
2025-11-30 09:46:23,172 [WARN] PackLoader:240 - Cannot read IP mode file for STMicroelectronics.X-CUBE-GNSS1.7.0.1
2025-11-30 09:46:23,174 [WARN] PackLoader:240 - Cannot read IP mode file for STMicroelectronics.X-CUBE-TOUCHGFX.4.25.0
2025-11-30 09:46:23,178 [WARN] PackLoader:240 - Cannot read IP mode file for STMicroelectronics.FP-SNS-STBOX1.2.0.0
2025-11-30 09:46:23,184 [WARN] ConditionMgr:438 - getConditionDescription Invalid condition id : Cortex-A Device cause : null
2025-11-30 09:46:23,190 [WARN] ConditionMgr:1044 - genDependencies : Invalid condition id : Cortex-A Device cause : null
2025-11-30 09:46:23,190 [WARN] ConditionMgr:1044 - genDependencies : Invalid condition id : Cortex-A Device cause : null
2025-11-30 09:46:23,190 [WARN] ConditionMgr:1044 - genDependencies : Invalid condition id : Cortex-A Device cause : null
2025-11-30 09:46:23,198 [WARN] PackLoader:240 - Cannot read IP mode file for STMicroelectronics.X-CUBE-SUBG2.5.0.0
2025-11-30 09:46:23,206 [ERROR] LogOutputStream:75 - [STDERR_REDIRECT] [Fatal Error] :1:1: Premature end of file.
2025-11-30 09:46:23,207 [ERROR] LogOutputStream:75 - [STDERR_REDIRECT] 
2025-11-30 09:46:23,215 [WARN] PackLoader:240 - Cannot read IP mode file for STMicroelectronics.X-CUBE-AZRTOS-H7RS.1.1.0
2025-11-30 09:46:23,220 [WARN] PackLoader:240 - Cannot read IP mode file for Cesanta.I-CUBE-Mongoose.7.13.0
2025-11-30 09:46:23,230 [WARN] PackLoader:240 - Cannot read IP mode file for STMicroelectronics.X-CUBE-AZRTOS-G4.2.0.0
2025-11-30 09:46:23,235 [WARN] PackLoader:240 - Cannot read IP mode file for wolfSSL.I-CUBE-wolfSSH.1.4.20
2025-11-30 09:46:23,237 [WARN] PackLoader:240 - Cannot read IP mode file for STMicroelectronics.X-CUBE-NFC7.2.0.0
2025-11-30 09:46:23,246 [WARN] PackLoader:240 - Cannot read IP mode file for STMicroelectronics.X-CUBE-IPS.3.1.0
2025-11-30 09:46:23,259 [WARN] PackLoader:240 - Cannot read IP mode file for STMicroelectronics.X-CUBE-ALS.1.0.2
2025-11-30 09:46:23,266 [WARN] PackLoader:240 - Cannot read IP mode file for STMicroelectronics.X-CUBE-STSE01.1.0.0
2025-11-30 09:46:23,272 [WARN] PackLoader:240 - Cannot read IP mode file for portGmbH.I-Cube-SoM-uGOAL.1.1.0
2025-11-30 09:46:23,280 [WARN] PackLoader:240 - Cannot read IP mode file for STMicroelectronics.X-CUBE-TOF1.3.4.3
2025-11-30 09:46:23,290 [INFO] ThirdParty:978 - Integrity check success = true
2025-11-30 09:46:23,290 [INFO] IntegrityCheckThread:100 - exiting critical section [integrity check]
2025-11-30 09:46:23,291 [INFO] IntegrityCheckThread:103 - End integrity checks thread
2025-11-30 09:46:23,991 [ERROR] LogOutputStream:75 - [STDERR_REDIRECT] [Fatal Error] :1:1: Premature end of file.
2025-11-30 09:46:23,991 [ERROR] LogOutputStream:75 - [STDERR_REDIRECT] 
2025-11-30 09:46:24,985 [ERROR] LogOutputStream:75 - [STDERR_REDIRECT] [Fatal Error] :1:1: Premature end of file.
2025-11-30 09:46:24,986 [ERROR] LogOutputStream:75 - [STDERR_REDIRECT] 
2025-11-30 09:46:26,007 [ERROR] LogOutputStream:75 - [STDERR_REDIRECT] [Fatal Error] :1:1: Premature end of file.
2025-11-30 09:46:26,007 [ERROR] LogOutputStream:75 - [STDERR_REDIRECT] 
2025-11-30 09:46:26,985 [ERROR] LogOutputStream:75 - [STDERR_REDIRECT] [Fatal Error] :1:1: Premature end of file.
2025-11-30 09:46:26,985 [ERROR] LogOutputStream:75 - [STDERR_REDIRECT] 
2025-11-30 09:46:27,986 [ERROR] LogOutputStream:75 - [STDERR_REDIRECT] [Fatal Error] :1:1: Premature end of file.
2025-11-30 09:46:27,986 [ERROR] LogOutputStream:75 - [STDERR_REDIRECT] 
2025-11-30 09:46:28,987 [ERROR] LogOutputStream:75 - [STDERR_REDIRECT] [Fatal Error] :1:1: Premature end of file.
2025-11-30 09:46:28,988 [ERROR] LogOutputStream:75 - [STDERR_REDIRECT] 
2025-11-30 09:46:29,985 [ERROR] LogOutputStream:75 - [STDERR_REDIRECT] [Fatal Error] :1:1: Premature end of file.
2025-11-30 09:46:29,985 [ERROR] LogOutputStream:75 - [STDERR_REDIRECT] 
2025-11-30 09:46:30,985 [ERROR] LogOutputStream:75 - [STDERR_REDIRECT] [Fatal Error] :1:1: Premature end of file.
2025-11-30 09:46:30,985 [ERROR] LogOutputStream:75 - [STDERR_REDIRECT] 
2025-11-30 09:46:31,985 [ERROR] LogOutputStream:75 - [STDERR_REDIRECT] [Fatal Error] :1:1: Premature end of file.
2025-11-30 09:46:31,985 [ERROR] LogOutputStream:75 - [STDERR_REDIRECT] 
2025-11-30 09:46:32,985 [ERROR] LogOutputStream:75 - [STDERR_REDIRECT] [Fatal Error] :1:1: Premature end of file.
2025-11-30 09:46:32,986 [ERROR] LogOutputStream:75 - [STDERR_REDIRECT] 
2025-11-30 09:46:33,987 [ERROR] LogOutputStream:75 - [STDERR_REDIRECT] [Fatal Error] :1:1: Premature end of file.
2025-11-30 09:46:33,987 [ERROR] LogOutputStream:75 - [STDERR_REDIRECT] 
2025-11-30 09:46:34,986 [ERROR] LogOutputStream:75 - [STDERR_REDIRECT] [Fatal Error] :1:1: Premature end of file.
2025-11-30 09:46:34,986 [ERROR] LogOutputStream:75 - [STDERR_REDIRECT] 
2025-11-30 09:46:35,986 [ERROR] LogOutputStream:75 - [STDERR_REDIRECT] [Fatal Error] :1:1: Premature end of file.
2025-11-30 09:46:35,986 [ERROR] LogOutputStream:75 - [STDERR_REDIRECT] 
2025-11-30 09:46:36,995 [ERROR] LogOutputStream:75 - [STDERR_REDIRECT] [Fatal Error] :1:1: Premature end of file.
2025-11-30 09:46:36,995 [ERROR] LogOutputStream:75 - [STDERR_REDIRECT] 
2025-11-30 09:46:37,995 [ERROR] LogOutputStream:75 - [STDERR_REDIRECT] [Fatal Error] :1:1: Premature end of file.
2025-11-30 09:46:37,995 [ERROR] LogOutputStream:75 - [STDERR_REDIRECT] 
2025-11-30 09:46:38,987 [ERROR] LogOutputStream:75 - [STDERR_REDIRECT] [Fatal Error] :1:1: Premature end of file.
2025-11-30 09:46:38,987 [ERROR] LogOutputStream:75 - [STDERR_REDIRECT] 
2025-11-30 09:46:39,990 [ERROR] LogOutputStream:75 - [STDERR_REDIRECT] [Fatal Error] :1:1: Premature end of file.
2025-11-30 09:46:39,991 [ERROR] LogOutputStream:75 - [STDERR_REDIRECT] 
2025-11-30 09:46:41,007 [ERROR] LogOutputStream:75 - [STDERR_REDIRECT] [Fatal Error] :1:1: Premature end of file.
2025-11-30 09:46:41,007 [ERROR] LogOutputStream:75 - [STDERR_REDIRECT] 
2025-11-30 09:46:41,986 [ERROR] LogOutputStream:75 - [STDERR_REDIRECT] [Fatal Error] :1:1: Premature end of file.
2025-11-30 09:46:41,986 [ERROR] LogOutputStream:75 - [STDERR_REDIRECT] 
2025-11-30 09:46:42,985 [ERROR] LogOutputStream:75 - [STDERR_REDIRECT] [Fatal Error] :1:1: Premature end of file.
2025-11-30 09:46:42,986 [ERROR] LogOutputStream:75 - [STDERR_REDIRECT] 
2025-11-30 09:46:43,955 [ERROR] LogOutputStream:75 - [STDERR_REDIRECT] 
2025-11-30 09:46:43,956 [ERROR] LogOutputStream:75 - [STDERR_REDIRECT] 
2025-11-30 09:46:47,890 [INFO] Activator:176 - 


2025-11-30 09:46:47,891 [INFO] Activator:177 - !SESSION log4j initialized
2025-11-30 09:46:50,026 [INFO] LogOutputStream:77 - [STDOUT_REDIRECT] 
2025-11-30 09:46:51,514 [INFO] ApplicationProperties:184 - Using Application install path: C:\ST\STM32CubeIDE_1.19.0\STM32CubeIDE\plugins\com.st.stm32cube.common.mx_6.15.0.202507011659
2025-11-30 09:46:51,525 [INFO] DbMcusXml:78 - Set database path to: C:\ST\STM32CubeIDE_1.19.0\STM32CubeIDE\plugins\com.st.stm32cube.common.mx_6.15.0.202507011659\\db\/mcu/
2025-11-30 09:46:51,525 [INFO] ApiDb:274 - Set plugin database path to: C:\ST\STM32CubeIDE_1.19.0\STM32CubeIDE\plugins\com.st.stm32cube.common.mx_6.15.0.202507011659\\db\/plugins/boardmanager/
2025-11-30 09:46:51,525 [WARN] ApiDb:259 - Overriding images path with different value:  => C:\ST\STM32CubeIDE_1.19.0\STM32CubeIDE\plugins\com.st.stm32cube.common.mx_6.15.0.202507011659\\db\/plugins/mcufinder/images/
2025-11-30 09:46:51,529 [INFO] ApiDb:250 - Set database path to: C:\Users\akash\.stmcufinder\plugins\mcufinder//mcu/
2025-11-30 09:46:51,530 [INFO] DbMcusAds:125 - Set database path to: C:\Users\akash\.stmcufinder\plugins\mcufinder//mcu/
2025-11-30 09:46:51,531 [INFO] CrossReferenceDbSqlite:203 - Set database path to: C:\Users\akash\.stmcufinder\plugins\mcufinder//mcu/cs/
2025-11-30 09:46:51,613 [INFO] RulesReader:64 - Compatibility file has been processed (317 Rules)
2025-11-30 09:46:51,662 [INFO] DbMcusXml:78 - Set database path to: C:\ST\STM32CubeIDE_1.19.0\STM32CubeIDE\plugins\com.st.stm32cube.common.mx_6.15.0.202507011659\\db\/mcu/
2025-11-30 09:46:51,662 [INFO] ApiDb:274 - Set plugin database path to: C:\ST\STM32CubeIDE_1.19.0\STM32CubeIDE\plugins\com.st.stm32cube.common.mx_6.15.0.202507011659\\db\/plugins/boardmanager/
2025-11-30 09:46:51,662 [INFO] ApiDb:261 - Set plugin images path to: C:\ST\STM32CubeIDE_1.19.0\STM32CubeIDE\plugins\com.st.stm32cube.common.mx_6.15.0.202507011659\\db\/plugins/mcufinder/images/
2025-11-30 09:46:51,662 [WARN] DbFile:41 - Overriding database path with different value: C:\Users\akash\.stmcufinder\plugins\mcufinder/ => C:\Users\akash\.stmcufinder\plugins\mcufinder
2025-11-30 09:46:51,662 [INFO] ApiDb:250 - Set database path to: C:\Users\akash\.stmcufinder\plugins\mcufinder//mcu/
2025-11-30 09:46:51,662 [WARN] DbFile:41 - Overriding database path with different value: C:\Users\akash\.stmcufinder\plugins\mcufinder/ => C:\Users\akash\.stmcufinder\plugins\mcufinder
2025-11-30 09:46:51,662 [INFO] DbMcusAds:125 - Set database path to: C:\Users\akash\.stmcufinder\plugins\mcufinder//mcu/
2025-11-30 09:46:51,663 [WARN] DbFile:41 - Overriding database path with different value: C:\Users\akash\.stmcufinder\plugins\mcufinder/ => C:\Users\akash\.stmcufinder\plugins\mcufinder
2025-11-30 09:46:51,663 [WARN] DbFile:41 - Overriding database path with different value: C:\Users\akash\.stmcufinder\plugins\mcufinder/ => C:\Users\akash\.stmcufinder\plugins\mcufinder
2025-11-30 09:46:51,663 [INFO] CrossReferenceDbSqlite:203 - Set database path to: C:\Users\akash\.stmcufinder\plugins\mcufinder//mcu/cs/
2025-11-30 09:46:51,706 [INFO] MainPanel:274 - HeapMemory: 268435456
2025-11-30 09:46:51,760 [INFO] DbMcusXml:78 - Set database path to: C:\ST\STM32CubeIDE_1.19.0\STM32CubeIDE\plugins\com.st.stm32cube.common.mx_6.15.0.202507011659\\db\/mcu/
2025-11-30 09:46:51,760 [INFO] ApiDb:274 - Set plugin database path to: C:\ST\STM32CubeIDE_1.19.0\STM32CubeIDE\plugins\com.st.stm32cube.common.mx_6.15.0.202507011659\\db\/plugins/boardmanager/
2025-11-30 09:46:51,760 [INFO] ApiDb:261 - Set plugin images path to: C:\ST\STM32CubeIDE_1.19.0\STM32CubeIDE\plugins\com.st.stm32cube.common.mx_6.15.0.202507011659\\db\/plugins/mcufinder/images/
2025-11-30 09:46:51,760 [WARN] DbFile:41 - Overriding database path with different value: C:\Users\akash\.stmcufinder\plugins\mcufinder/ => C:\Users\akash\.stmcufinder\plugins\mcufinder
2025-11-30 09:46:51,761 [INFO] ApiDb:250 - Set database path to: C:\Users\akash\.stmcufinder\plugins\mcufinder//mcu/
2025-11-30 09:46:51,761 [WARN] DbFile:41 - Overriding database path with different value: C:\Users\akash\.stmcufinder\plugins\mcufinder/ => C:\Users\akash\.stmcufinder\plugins\mcufinder
2025-11-30 09:46:51,761 [INFO] DbMcusAds:125 - Set database path to: C:\Users\akash\.stmcufinder\plugins\mcufinder//mcu/
2025-11-30 09:46:51,761 [WARN] DbFile:41 - Overriding database path with different value: C:\Users\akash\.stmcufinder\plugins\mcufinder/ => C:\Users\akash\.stmcufinder\plugins\mcufinder
2025-11-30 09:46:51,761 [WARN] DbFile:41 - Overriding database path with different value: C:\Users\akash\.stmcufinder\plugins\mcufinder/ => C:\Users\akash\.stmcufinder\plugins\mcufinder
2025-11-30 09:46:51,761 [INFO] CrossReferenceDbSqlite:203 - Set database path to: C:\Users\akash\.stmcufinder\plugins\mcufinder//mcu/cs/
2025-11-30 09:46:51,771 [INFO] ApplicationProperties:184 - Using Application install path: C:\ST\STM32CubeIDE_1.19.0\STM32CubeIDE\plugins\com.st.stm32cube.common.mx_6.15.0.202507011659
2025-11-30 09:46:51,772 [INFO] PluginManage:196 - Search for loadable plugins [exclusion list=, ]
2025-11-30 09:46:51,773 [INFO] PluginManage:310 - Check plugin analytics
2025-11-30 09:46:51,893 [INFO] AnalyticsPlugin:253 - Accepted Software Licenses: STM32CubeMX.6.15.0
2025-11-30 09:46:51,893 [INFO] AnalyticsPlugin:255 - Accepted CMSIS Pack Licenses: STMicroelectronics.X-CUBE-AZRTOS-H7.3.3.0
2025-11-30 09:46:51,893 [INFO] AnalyticsPlugin:257 - Accepted Firmware Licenses: FW.H7.1.12.0,FW.G0.1.6.0,FW.G4.1.6.0
2025-11-30 09:46:51,896 [INFO] PluginManage:359 - Loaded plugin analytics (category:tool,tabindex:-1)
2025-11-30 09:46:51,896 [INFO] PluginManage:310 - Check plugin cadmodel
2025-11-30 09:46:51,898 [INFO] CADModel:105 - Init CAD model plugin
2025-11-30 09:46:51,899 [INFO] PluginManage:359 - Loaded plugin cadmodel (category:power,tabindex:5)
2025-11-30 09:46:51,899 [INFO] PluginManage:310 - Check plugin clock
2025-11-30 09:46:51,905 [INFO] PluginManage:359 - Loaded plugin clock (category:base,tabindex:2)
2025-11-30 09:46:51,905 [INFO] PluginManage:310 - Check plugin ddr
2025-11-30 09:46:51,906 [INFO] PluginManage:359 - Loaded plugin ddr (category:tool,tabindex:6)
2025-11-30 09:46:51,907 [INFO] PluginManage:310 - Check plugin filemanager
2025-11-30 09:46:52,040 [INFO] PluginManage:359 - Loaded plugin filemanager (category:base,tabindex:10)
2025-11-30 09:46:52,041 [INFO] PluginManage:310 - Check plugin ipmanager
2025-11-30 09:46:52,047 [INFO] PluginManage:359 - Loaded plugin ipmanager (category:base,tabindex:5)
2025-11-30 09:46:52,047 [INFO] PluginManage:310 - Check plugin lpbam
2025-11-30 09:46:52,053 [INFO] PluginManage:359 - Loaded plugin lpbam (category:base,tabindex:0)
2025-11-30 09:46:52,053 [INFO] PluginManage:310 - Check plugin memorymap
2025-11-30 09:46:52,062 [INFO] PluginManage:359 - Loaded plugin memorymap (category:base,tabindex:4)
2025-11-30 09:46:52,062 [INFO] PluginManage:310 - Check plugin pinoutandconfiguration
2025-11-30 09:46:52,067 [INFO] PluginManage:359 - Loaded plugin pinoutandconfiguration (category:base,tabindex:1)
2025-11-30 09:46:52,067 [INFO] PluginManage:310 - Check plugin pinoutconfig
2025-11-30 09:46:52,124 [WARN] SupportedApi:132 - Cannot load RTOS API schema: s4s-elt-must-match.1: The content of 'definitions' must match (annotation?, (simpleType | complexType)?, (unique | key | keyref)*)). A problem was found starting at: attribute.
2025-11-30 09:46:52,209 [INFO] PluginManage:359 - Loaded plugin pinoutconfig (category:base,tabindex:0)
2025-11-30 09:46:52,210 [INFO] PluginManage:310 - Check plugin power
2025-11-30 09:46:52,215 [INFO] PluginManage:359 - Loaded plugin power (category:power,tabindex:4)
2025-11-30 09:46:52,215 [INFO] PluginManage:310 - Check plugin projectmanager
2025-11-30 09:46:52,226 [INFO] PluginManage:359 - Loaded plugin projectmanager (category:projectmanager,tabindex:4)
2025-11-30 09:46:52,226 [INFO] PluginManage:310 - Check plugin rif
2025-11-30 09:46:52,231 [INFO] PluginManage:359 - Loaded plugin rif (category:base,tabindex:3)
2025-11-30 09:46:52,231 [INFO] PluginManage:310 - Check plugin thirdparty
2025-11-30 09:46:52,315 [INFO] PluginManage:359 - Loaded plugin thirdparty (category:base,tabindex:-1)
2025-11-30 09:46:52,315 [WARN] IntegrityCheckThread:84 - waiting for thirdparty lock release [integrity check]
2025-11-30 09:46:52,315 [INFO] IntegrityCheckThread:86 - entering critical section [integrity check]
2025-11-30 09:46:52,315 [INFO] PluginManage:310 - Check plugin tools
2025-11-30 09:46:52,315 [INFO] ThirdPartyUpdaterWithRetryManager:70 - Updater plugin not ready yet. [1/15]
2025-11-30 09:46:52,318 [INFO] PluginManage:359 - Loaded plugin tools (category:base,tabindex:7)
2025-11-30 09:46:52,319 [INFO] PluginManage:310 - Check plugin tutovideos
2025-11-30 09:46:52,445 [INFO] PluginManage:359 - Loaded plugin tutovideos (category:base,tabindex:-1)
2025-11-30 09:46:52,446 [INFO] PluginManage:310 - Check plugin updater
2025-11-30 09:46:52,458 [INFO] PluginManage:359 - Loaded plugin updater (category:base,tabindex:12)
2025-11-30 09:46:52,459 [INFO] PluginManage:310 - Check plugin userauth
2025-11-30 09:46:52,461 [INFO] UserAuth:118 - Init User Auth plugin
2025-11-30 09:46:52,461 [INFO] PluginManage:359 - Loaded plugin userauth (category:base,tabindex:14)
2025-11-30 09:46:52,463 [INFO] PluginManage:283 - PluginManage : Loaded plugins [18]
2025-11-30 09:46:52,596 [INFO] PinOutPanel:1589 - setPackage(No Configuration,No Configuration)
2025-11-30 09:46:52,650 [INFO] CADModel:165 - CPN selected for project level
2025-11-30 09:46:52,650 [INFO] CADModel:114 - Register for checkConnection events
2025-11-30 09:46:52,659 [INFO] IPUIPlugin:80 - create IPUIPlugin
2025-11-30 09:46:52,659 [INFO] PluginManager:220 - loadIPPluginJar : add adc
2025-11-30 09:46:52,661 [INFO] IPUIPlugin:80 - create IPUIPlugin
2025-11-30 09:46:52,662 [INFO] PluginManager:220 - loadIPPluginJar : add aes
2025-11-30 09:46:52,663 [INFO] IPUIPlugin:80 - create IPUIPlugin
2025-11-30 09:46:52,663 [INFO] PluginManager:220 - loadIPPluginJar : add can
2025-11-30 09:46:52,664 [INFO] IPUIPlugin:80 - create IPUIPlugin
2025-11-30 09:46:52,664 [INFO] PluginManager:220 - loadIPPluginJar : add comp
2025-11-30 09:46:52,666 [INFO] IPUIPlugin:80 - create IPUIPlugin
2025-11-30 09:46:52,666 [INFO] PluginManager:220 - loadIPPluginJar : add cryp
2025-11-30 09:46:52,667 [INFO] IPUIPlugin:80 - create IPUIPlugin
2025-11-30 09:46:52,667 [INFO] PluginManager:220 - loadIPPluginJar : add ddr_ctrl_phy
2025-11-30 09:46:52,669 [INFO] IPUIPlugin:80 - create IPUIPlugin
2025-11-30 09:46:52,669 [INFO] PluginManager:220 - loadIPPluginJar : add dfsdm
2025-11-30 09:46:52,671 [INFO] IPUIPlugin:80 - create IPUIPlugin
2025-11-30 09:46:52,672 [INFO] PluginManager:220 - loadIPPluginJar : add dma
2025-11-30 09:46:52,674 [INFO] IPUIPlugin:80 - create IPUIPlugin
2025-11-30 09:46:52,674 [INFO] PluginManager:220 - loadIPPluginJar : add dma3
2025-11-30 09:46:52,675 [INFO] IPUIPlugin:80 - create IPUIPlugin
2025-11-30 09:46:52,675 [INFO] PluginManager:220 - loadIPPluginJar : add extmemmanager
2025-11-30 09:46:52,676 [INFO] IPUIPlugin:80 - create IPUIPlugin
2025-11-30 09:46:52,676 [INFO] PluginManager:220 - loadIPPluginJar : add fatfs
2025-11-30 09:46:52,678 [INFO] IPUIPlugin:80 - create IPUIPlugin
2025-11-30 09:46:52,678 [INFO] PluginManager:220 - loadIPPluginJar : add fmc
2025-11-30 09:46:52,682 [INFO] IPUIPlugin:80 - create IPUIPlugin
2025-11-30 09:46:52,682 [INFO] PluginManager:220 - loadIPPluginJar : add freertos
2025-11-30 09:46:52,683 [INFO] IPUIPlugin:80 - create IPUIPlugin
2025-11-30 09:46:52,683 [INFO] PluginManager:220 - loadIPPluginJar : add genericplugin
2025-11-30 09:46:52,684 [INFO] IPUIPlugin:80 - create IPUIPlugin
2025-11-30 09:46:52,684 [INFO] PluginManager:220 - loadIPPluginJar : add gfxmmu
2025-11-30 09:46:52,687 [INFO] IPUIPlugin:80 - create IPUIPlugin
2025-11-30 09:46:52,687 [INFO] PluginManager:220 - loadIPPluginJar : add gic
2025-11-30 09:46:52,690 [INFO] IPUIPlugin:80 - create IPUIPlugin
2025-11-30 09:46:52,690 [INFO] PluginManager:220 - loadIPPluginJar : add gpio
2025-11-30 09:46:52,692 [INFO] IPUIPlugin:80 - create IPUIPlugin
2025-11-30 09:46:52,692 [INFO] PluginManager:220 - loadIPPluginJar : add gtzc
2025-11-30 09:46:52,694 [INFO] IPUIPlugin:80 - create IPUIPlugin
2025-11-30 09:46:52,694 [INFO] PluginManager:220 - loadIPPluginJar : add hash
2025-11-30 09:46:52,695 [INFO] IPUIPlugin:80 - create IPUIPlugin
2025-11-30 09:46:52,696 [INFO] PluginManager:220 - loadIPPluginJar : add i2c
2025-11-30 09:46:52,697 [INFO] IPUIPlugin:80 - create IPUIPlugin
2025-11-30 09:46:52,697 [INFO] PluginManager:220 - loadIPPluginJar : add i2s
2025-11-30 09:46:52,699 [INFO] IPUIPlugin:80 - create IPUIPlugin
2025-11-30 09:46:52,699 [INFO] PluginManager:220 - loadIPPluginJar : add i3c
2025-11-30 09:46:52,701 [INFO] IPUIPlugin:80 - create IPUIPlugin
2025-11-30 09:46:52,701 [INFO] PluginManager:220 - loadIPPluginJar : add ipddr
2025-11-30 09:46:52,705 [INFO] IPUIPlugin:80 - create IPUIPlugin
2025-11-30 09:46:52,705 [INFO] PluginManager:220 - loadIPPluginJar : add linkedlist
2025-11-30 09:46:52,708 [INFO] IPUIPlugin:80 - create IPUIPlugin
2025-11-30 09:46:52,709 [INFO] PluginManager:220 - loadIPPluginJar : add lorawan
2025-11-30 09:46:52,709 [INFO] IPUIPlugin:80 - create IPUIPlugin
2025-11-30 09:46:52,709 [INFO] PluginManager:220 - loadIPPluginJar : add ltdc
2025-11-30 09:46:52,713 [INFO] IPUIPlugin:80 - create IPUIPlugin
2025-11-30 09:46:52,713 [INFO] PluginManager:220 - loadIPPluginJar : add mdma
2025-11-30 09:46:52,715 [INFO] IPUIPlugin:80 - create IPUIPlugin
2025-11-30 09:46:52,715 [INFO] PluginManager:220 - loadIPPluginJar : add nvic
2025-11-30 09:46:52,716 [INFO] IPUIPlugin:80 - create IPUIPlugin
2025-11-30 09:46:52,717 [INFO] PluginManager:220 - loadIPPluginJar : add opamp
2025-11-30 09:46:52,718 [INFO] IPUIPlugin:80 - create IPUIPlugin
2025-11-30 09:46:52,719 [INFO] PluginManager:220 - loadIPPluginJar : add openamp
2025-11-30 09:46:52,720 [INFO] IPUIPlugin:80 - create IPUIPlugin
2025-11-30 09:46:52,720 [INFO] PluginManager:220 - loadIPPluginJar : add pdm2pcm
2025-11-30 09:46:52,725 [INFO] IPUIPlugin:80 - create IPUIPlugin
2025-11-30 09:46:52,726 [INFO] PluginManager:220 - loadIPPluginJar : add plateformsettings
2025-11-30 09:46:52,727 [INFO] IPUIPlugin:80 - create IPUIPlugin
2025-11-30 09:46:52,727 [INFO] PluginManager:220 - loadIPPluginJar : add quadspi
2025-11-30 09:46:52,728 [INFO] IPUIPlugin:80 - create IPUIPlugin
2025-11-30 09:46:52,728 [INFO] PluginManager:220 - loadIPPluginJar : add radio
2025-11-30 09:46:52,730 [INFO] IPUIPlugin:80 - create IPUIPlugin
2025-11-30 09:46:52,730 [INFO] PluginManager:220 - loadIPPluginJar : add resmgrutility
2025-11-30 09:46:52,731 [INFO] IPUIPlugin:80 - create IPUIPlugin
2025-11-30 09:46:52,731 [INFO] PluginManager:220 - loadIPPluginJar : add sai
2025-11-30 09:46:52,733 [INFO] IPUIPlugin:80 - create IPUIPlugin
2025-11-30 09:46:52,733 [INFO] PluginManager:220 - loadIPPluginJar : add spi
2025-11-30 09:46:52,737 [INFO] IPUIPlugin:80 - create IPUIPlugin
2025-11-30 09:46:52,737 [INFO] PluginManager:220 - loadIPPluginJar : add stm32_wpan
2025-11-30 09:46:52,738 [INFO] IPUIPlugin:80 - create IPUIPlugin
2025-11-30 09:46:52,738 [INFO] PluginManager:220 - loadIPPluginJar : add tim
2025-11-30 09:46:52,739 [INFO] IPUIPlugin:80 - create IPUIPlugin
2025-11-30 09:46:52,739 [INFO] PluginManager:220 - loadIPPluginJar : add touchsensing
2025-11-30 09:46:52,740 [INFO] IPUIPlugin:80 - create IPUIPlugin
2025-11-30 09:46:52,741 [INFO] PluginManager:220 - loadIPPluginJar : add tracer_emb
2025-11-30 09:46:52,742 [INFO] IPUIPlugin:80 - create IPUIPlugin
2025-11-30 09:46:52,742 [INFO] PluginManager:220 - loadIPPluginJar : add ts
2025-11-30 09:46:52,743 [INFO] IPUIPlugin:80 - create IPUIPlugin
2025-11-30 09:46:52,743 [INFO] PluginManager:220 - loadIPPluginJar : add tsc
2025-11-30 09:46:52,745 [INFO] IPUIPlugin:80 - create IPUIPlugin
2025-11-30 09:46:52,745 [INFO] PluginManager:220 - loadIPPluginJar : add ucpd
2025-11-30 09:46:52,746 [INFO] IPUIPlugin:80 - create IPUIPlugin
2025-11-30 09:46:52,746 [INFO] PluginManager:220 - loadIPPluginJar : add usart
2025-11-30 09:46:52,748 [INFO] IPUIPlugin:80 - create IPUIPlugin
2025-11-30 09:46:52,748 [INFO] PluginManager:220 - loadIPPluginJar : add usbx
2025-11-30 09:46:52,869 [FATAL] Updater:351 - Updater called before beeing initialized
2025-11-30 09:46:52,901 [INFO] RulesReader:64 - Compatibility file has been processed (317 Rules)
2025-11-30 09:46:52,909 [INFO] RulesReader:64 - Compatibility file has been processed (317 Rules)
2025-11-30 09:46:52,915 [INFO] CADModel:165 - CPN selected for project level
2025-11-30 09:46:52,915 [INFO] CADModel:114 - Register for checkConnection events
2025-11-30 09:46:52,915 [FATAL] Updater:351 - Updater called before beeing initialized
2025-11-30 09:46:52,915 [ERROR] CADModel:125 - Updater not yet initialized, retry later 
2025-11-30 09:46:52,997 [FATAL] Updater:351 - Updater called before beeing initialized
2025-11-30 09:46:52,998 [INFO] CADModel:165 - CPN selected for project level
2025-11-30 09:46:52,998 [INFO] CADModel:114 - Register for checkConnection events
2025-11-30 09:46:52,998 [FATAL] Updater:351 - Updater called before beeing initialized
2025-11-30 09:46:52,998 [ERROR] CADModel:125 - Updater not yet initialized, retry later 
2025-11-30 09:46:53,000 [FATAL] Updater:351 - Updater called before beeing initialized
2025-11-30 09:46:53,075 [FATAL] Updater:351 - Updater called before beeing initialized
2025-11-30 09:46:53,077 [INFO] DbMcusAds:53 - JSON generation date=Tue Nov 25 06:08:32 PST 2025 (1764079712835)
2025-11-30 09:46:53,078 [FATAL] Updater:351 - Updater called before beeing initialized
2025-11-30 09:46:53,102 [WARN] DetailPanel:346 - Failed to get advertising image, set to default
2025-11-30 09:46:53,171 [FATAL] Updater:351 - Updater called before beeing initialized
2025-11-30 09:46:53,172 [FATAL] Updater:351 - Updater called before beeing initialized
2025-11-30 09:46:53,173 [FATAL] Updater:351 - Updater called before beeing initialized
2025-11-30 09:46:53,173 [WARN] DetailPanel:346 - Failed to get advertising image, set to default
2025-11-30 09:46:53,173 [FATAL] Updater:351 - Updater called before beeing initialized
2025-11-30 09:46:53,205 [ERROR] Updater:1198 - MainUpdater not yet initialized. External WinMGr cannot be set.
2025-11-30 09:46:53,206 [INFO] Updater:1134 - Updater Version found : 6.15.0
2025-11-30 09:46:53,218 [INFO] ApplicationProperties:184 - Using Application install path: C:\ST\STM32CubeIDE_1.19.0\STM32CubeIDE\plugins\com.st.stm32cube.common.mx_6.15.0.202507011659
2025-11-30 09:46:54,811 [ERROR] LogOutputStream:75 - [STDERR_REDIRECT] Nov 30, 2025 9:46:54 AM java.util.prefs.WindowsPreferences <init>
2025-11-30 09:46:54,812 [ERROR] LogOutputStream:75 - [STDERR_REDIRECT] WARNING: Could not open/create prefs root node Software\JavaSoft\Prefs at root 0xffffffff80000002. Windows RegCreateKeyEx(...) returned error code 5.
2025-11-30 09:46:54,812 [ERROR] LogOutputStream:75 - [STDERR_REDIRECT] 
2025-11-30 09:46:54,983 [INFO] MainUpdater:2872 - connection check result : 10
2025-11-30 09:46:54,984 [INFO] MainUpdater:289 - Updater Check For Update Now.
2025-11-30 09:46:54,984 [INFO] MicroXplorer:498 - Change Database Version : DB.6.0.150
2025-11-30 09:46:54,988 [INFO] McuFinderGlobals:63 - Set McuFinder mode to 2 (CubeIDE integrated)
2025-11-30 09:46:54,988 [INFO] UserAuth:487 - Internet connection configuration mode: 1
2025-11-30 09:46:55,002 [INFO] JxBrowserEngine:152 - Initiate JxBrowser Engine with user profile folder
2025-11-30 09:46:55,154 [INFO] CheckServerUpdateThread:120 - End of CheckServer Thread
2025-11-30 09:46:55,418 [INFO] WebApp:169 - Instantiating new browser for Auth
2025-11-30 09:46:55,507 [WARN] PackLoader:240 - Cannot read IP mode file for STMicroelectronics.FP-SNS-MOTENVWB1.1.4.0
2025-11-30 09:46:55,515 [WARN] PackLoader:240 - Cannot read IP mode file for STMicroelectronics.FP-ATR-ASTRA1.2.0.2
2025-11-30 09:46:55,522 [WARN] PackLoader:240 - Cannot read IP mode file for STMicroelectronics.X-CUBE-SMBUS.2.1.0
2025-11-30 09:46:55,527 [WARN] PackLoader:240 - Cannot read IP mode file for STMicroelectronics.X-CUBE-ST60.1.0.0
2025-11-30 09:46:55,557 [WARN] PackLoader:240 - Cannot read IP mode file for STMicroelectronics.X-CUBE-AZRTOS-F7.1.1.0
2025-11-30 09:46:55,565 [WARN] PackLoader:240 - Cannot read IP mode file for STMicroelectronics.FP-SNS-MOTENV1.5.1.0
2025-11-30 09:46:55,594 [WARN] PackLoader:240 - Cannot read IP mode file for Infineon.AIROC-Wi-Fi-Bluetooth-STM32.1.7.1
2025-11-30 09:46:55,621 [WARN] PackLoader:240 - Cannot read IP mode file for STMicroelectronics.X-CUBE-AZRTOS-H7.3.4.0
2025-11-30 09:46:55,632 [WARN] PackLoader:240 - Cannot read IP mode file for STMicroelectronics.X-CUBE-DISPLAY.3.0.0
2025-11-30 09:46:55,641 [WARN] PackLoader:240 - Cannot read IP mode file for STMicroelectronics.X-CUBE-NFC10.1.0.0
2025-11-30 09:46:55,646 [WARN] PackLoader:240 - Cannot read IP mode file for STMicroelectronics.X-CUBE-ST60.1.1.0
2025-11-30 09:46:55,650 [WARN] PackLoader:240 - Cannot read IP mode file for emotas.I-CUBE-CANOPEN.1.3.0
2025-11-30 09:46:55,654 [WARN] PackLoader:240 - Cannot read IP mode file for STMicroelectronics.X-CUBE-GNSS1.7.1.0
2025-11-30 09:46:55,659 [WARN] PackLoader:240 - Cannot read IP mode file for STMicroelectronics.FP-SNS-STBOX1.2.1.0
2025-11-30 09:46:55,664 [WARN] PackLoader:240 - Cannot read IP mode file for STMicroelectronics.FP-SNS-SMARTAG2.1.2.0
2025-11-30 09:46:55,667 [WARN] PackLoader:240 - Cannot read IP mode file for STMicroelectronics.FP-SNS-FLIGHT1.5.1.0
2025-11-30 09:46:55,673 [INFO] LogOutputStream:77 - [STDOUT_REDIRECT] 1 : Invalid condition id : UX_CORESTACK_Condition cause : null
2025-11-30 09:46:55,673 [INFO] LogOutputStream:77 - [STDOUT_REDIRECT] 1 : Invalid condition id : UX_CORESTACK_Condition cause : null
2025-11-30 09:46:55,675 [INFO] LogOutputStream:77 - [STDOUT_REDIRECT] 1 : Invalid condition id : UX_CORESTACK_Condition cause : null
2025-11-30 09:46:55,676 [INFO] LogOutputStream:77 - [STDOUT_REDIRECT] 1 : Invalid condition id : UX_CORESTACK_Condition cause : null
2025-11-30 09:46:55,677 [INFO] LogOutputStream:77 - [STDOUT_REDIRECT] 1 : Invalid condition id : UX_CORESTACK_Condition cause : null
2025-11-30 09:46:55,679 [WARN] PackLoader:240 - Cannot read IP mode file for STMicroelectronics.X-CUBE-AZRTOS-WL.2.0.0
2025-11-30 09:46:55,683 [WARN] PackLoader:240 - Cannot read IP mode file for STMicroelectronics.FP-SNS-MOTENV1.5.0.0
2025-11-30 09:46:55,698 [WARN] PackLoader:240 - Cannot read IP mode file for STMicroelectronics.X-CUBE-AZRTOS-H7RS.1.2.0
2025-11-30 09:46:55,704 [WARN] PackLoader:240 - Cannot read IP mode file for WES.I-CUBE-Cesium.1.3.0
2025-11-30 09:46:55,706 [WARN] PackLoader:240 - Cannot read IP mode file for STMicroelectronics.X-CUBE-BLE2.3.3.0
2025-11-30 09:46:55,726 [WARN] PackLoader:240 - Cannot read IP mode file for STMicroelectronics.X-CUBE-NFC9.1.0.0
2025-11-30 09:46:55,730 [WARN] PackLoader:240 - Cannot read IP mode file for wolfSSL.I-CUBE-wolfSSL.5.8.0
2025-11-30 09:46:55,734 [WARN] PackLoader:240 - Cannot read IP mode file for STMicroelectronics.X-CUBE-BLE1.7.1.0
2025-11-30 09:46:55,736 [WARN] PackLoader:240 - Cannot read IP mode file for wolfSSL.I-CUBE-wolfMQTT.1.19.2
2025-11-30 09:46:55,740 [WARN] PackLoader:240 - Cannot read IP mode file for STMicroelectronics.X-CUBE-FREERTOS.1.4.0
2025-11-30 09:46:55,745 [WARN] PackLoader:240 - Cannot read IP mode file for STMicroelectronics.X-CUBE-EEPRMA1.5.2.0
2025-11-30 09:46:55,751 [WARN] PackLoader:240 - Cannot read IP mode file for STMicroelectronics.X-CUBE-ST67W61.1.1.0
2025-11-30 09:46:55,755 [WARN] PackLoader:240 - Cannot read IP mode file for STMicroelectronics.X-CUBE-AI.10.1.0
2025-11-30 09:46:55,797 [WARN] PackLoader:240 - Cannot read IP mode file for STMicroelectronics.X-CUBE-MEMS1.12.0.0
2025-11-30 09:46:55,860 [WARN] PackLoader:240 - Cannot read IP mode file for STMicroelectronics.X-CUBE-AZRTOS-G0.1.1.0
2025-11-30 09:46:55,866 [WARN] PackLoader:240 - Cannot read IP mode file for STMicroelectronics.X-CUBE-SAFEA1.1.2.2
2025-11-30 09:46:55,869 [WARN] PackLoader:240 - Cannot read IP mode file for STMicroelectronics.X-CUBE-NFC4.3.0.0
2025-11-30 09:46:55,875 [WARN] PackLoader:240 - Cannot read IP mode file for EmbeddedOffice.I-CUBE-FS-RTOS.1.0.1
2025-11-30 09:46:55,879 [WARN] PackLoader:240 - Cannot read IP mode file for STMicroelectronics.X-CUBE-WB05N.2.0.0
2025-11-30 09:46:55,881 [WARN] PackLoader:240 - Cannot read IP mode file for wolfSSL.I-CUBE-wolfTPM.3.8.0
2025-11-30 09:46:55,885 [WARN] PackLoader:240 - Cannot read IP mode file for STMicroelectronics.X-CUBE-TCPP.4.2.0
2025-11-30 09:46:55,889 [WARN] PackLoader:240 - Cannot read IP mode file for RealThread.X-CUBE-RT-Thread_Nano.4.1.1
2025-11-30 09:46:55,892 [WARN] PackLoader:240 - Cannot read IP mode file for STMicroelectronics.FP-ATR-SIGFOX1.3.2.0
2025-11-30 09:46:55,896 [WARN] PackLoader:240 - Cannot read IP mode file for ITTIA_DB.I-CUBE-ITTIADB.8.9.0
2025-11-30 09:46:55,899 [WARN] PackLoader:240 - Cannot read IP mode file for STMicroelectronics.X-CUBE-ST67W61.1.0.0
2025-11-30 09:46:55,902 [WARN] PackLoader:240 - Cannot read IP mode file for STMicroelectronics.X-CUBE-AI.10.2.0
2025-11-30 09:46:55,952 [WARN] PackLoader:240 - Cannot read IP mode file for SEGGER.I-CUBE-embOS.1.3.1
2025-11-30 09:46:56,025 [WARN] PackLoader:240 - Cannot read IP mode file for STMicroelectronics.X-CUBE-ALGOBUILD.1.4.0
2025-11-30 09:46:56,070 [INFO] WebApp:463 - Apply proxy settings
2025-11-30 09:46:56,071 [INFO] WebApp:548 - Chromium requires no authentication
2025-11-30 09:46:56,075 [WARN] PackLoader:240 - Cannot read IP mode file for STMicroelectronics.X-CUBE-MEMS1.11.3.0
2025-11-30 09:46:56,079 [INFO] WebApp:491 - Direct internet connection detected
2025-11-30 09:46:56,105 [INFO] WebApp:900 - Register for checkConnection events
2025-11-30 09:46:56,105 [INFO] WebApp:463 - Apply proxy settings
2025-11-30 09:46:56,105 [INFO] WebApp:548 - Chromium requires no authentication
2025-11-30 09:46:56,106 [INFO] WebApp:491 - Direct internet connection detected
2025-11-30 09:46:56,145 [WARN] PackLoader:240 - Cannot read IP mode file for STMicroelectronics.X-CUBE-PM33A1.1.0.0
2025-11-30 09:46:56,156 [WARN] PackLoader:240 - Cannot read IP mode file for STMicroelectronics.X-CUBE-AZRTOS-F4.1.1.0
2025-11-30 09:46:56,159 [WARN] PackLoader:240 - Cannot read IP mode file for Avnet-IotConnect.X-CUBE-IoTC-DA16k-PMOD.1.0.0
2025-11-30 09:46:56,163 [WARN] PackLoader:240 - Cannot read IP mode file for STMicroelectronics.X-CUBE-ISPU.2.1.0
2025-11-30 09:46:56,175 [WARN] PackLoader:240 - Cannot read IP mode file for STMicroelectronics.X-CUBE-IPS.3.2.0
2025-11-30 09:46:56,182 [WARN] PackLoader:240 - Cannot read IP mode file for STMicroelectronics.X-CUBE-NFC12.1.0.0
2025-11-30 09:46:56,193 [WARN] PackLoader:240 - Cannot read IP mode file for STMicroelectronics.X-CUBE-AZRTOS-L5.2.0.0
2025-11-30 09:46:56,202 [WARN] PackLoader:240 - Cannot read IP mode file for STMicroelectronics.X-CUBE-NFC6.3.1.0
2025-11-30 09:46:56,205 [WARN] PackLoader:240 - Cannot read IP mode file for STMicroelectronics.X-CUBE-FREERTOS.1.3.1
2025-11-30 09:46:56,208 [WARN] PackLoader:240 - Cannot read IP mode file for STMicroelectronics.X-CUBE-TOUCHGFX.4.26.0
2025-11-30 09:46:56,212 [WARN] PackLoader:240 - Cannot read IP mode file for STMicroelectronics.FP-SNS-STAIOTCFT.1.0.0
2025-11-30 09:46:56,216 [WARN] PackLoader:240 - Cannot read IP mode file for STMicroelectronics.X-CUBE-DPower.1.3.0
2025-11-30 09:46:56,226 [WARN] ConditionMgr:438 - getConditionDescription Invalid condition id : LAN8742 Phy interface Condition cause : null
2025-11-30 09:46:56,226 [WARN] PackLoader:240 - Cannot read IP mode file for STMicroelectronics.X-CUBE-AZRTOS-L4.2.0.0
2025-11-30 09:46:56,227 [WARN] ConditionMgr:1044 - genDependencies : Invalid condition id : LAN8742 Phy interface Condition cause : null
2025-11-30 09:46:56,227 [WARN] ConditionMgr:1044 - genDependencies : Invalid condition id : LAN8742 Phy interface Condition cause : null
2025-11-30 09:46:56,228 [WARN] ConditionMgr:1044 - genDependencies : Invalid condition id : LAN8742 Phy interface Condition cause : null
2025-11-30 09:46:56,233 [WARN] PackLoader:240 - Cannot read IP mode file for STMicroelectronics.X-CUBE-SFXS2LP1.4.0.0
2025-11-30 09:46:56,245 [WARN] PackLoader:240 - Cannot read IP mode file for STMicroelectronics.X-CUBE-AZRTOS-H7.3.3.0
2025-11-30 09:46:56,282 [INFO] WebApp:191 - Connection restablished
2025-11-30 09:46:56,323 [INFO] WebApp:225 - Starting web application
2025-11-30 09:46:56,323 [INFO] WebApp:593 - Web application path used C:\ST\STM32CubeIDE_1.19.0\STM32CubeIDE\plugins\com.st.stm32cube.common.mx_6.15.0.202507011659\db\plugins\mcufinder\reactClient1\index.html
2025-11-30 09:46:56,410 [INFO] UserAuth:487 - Internet connection configuration mode: 1
2025-11-30 09:46:56,615 [WARN] PackLoader:240 - Cannot read IP mode file for STMicroelectronics.X-CUBE-BLEMGR.4.1.0
2025-11-30 09:46:56,631 [WARN] ConditionMgr:438 - getConditionDescription Invalid condition id : UX DEVICE CLASS RTOS Condition cause : null
2025-11-30 09:46:56,632 [WARN] ConditionMgr:438 - getConditionDescription Invalid condition id : UX DEVICE CLASS RTOS Condition cause : null
2025-11-30 09:46:56,634 [WARN] PackLoader:240 - Cannot read IP mode file for STMicroelectronics.X-CUBE-AZRTOS-WB.2.0.0
2025-11-30 09:46:56,635 [WARN] ConditionMgr:1044 - genDependencies : Invalid condition id : UX DEVICE CLASS RTOS Condition cause : null
2025-11-30 09:46:56,635 [WARN] ConditionMgr:1044 - genDependencies : Invalid condition id : UX DEVICE CLASS RTOS Condition cause : null
2025-11-30 09:46:56,635 [WARN] ConditionMgr:1044 - genDependencies : Invalid condition id : UX DEVICE CLASS RTOS Condition cause : null
2025-11-30 09:46:56,636 [WARN] ConditionMgr:1044 - genDependencies : Invalid condition id : UX DEVICE CLASS RTOS Condition cause : null
2025-11-30 09:46:56,636 [WARN] ConditionMgr:1044 - genDependencies : Invalid condition id : UX DEVICE CLASS RTOS Condition cause : null
2025-11-30 09:46:56,640 [WARN] PackLoader:240 - Cannot read IP mode file for STMicroelectronics.X-CUBE-GNSS1.7.0.1
2025-11-30 09:46:56,643 [WARN] PackLoader:240 - Cannot read IP mode file for STMicroelectronics.X-CUBE-TOUCHGFX.4.25.0
2025-11-30 09:46:56,649 [WARN] PackLoader:240 - Cannot read IP mode file for STMicroelectronics.FP-SNS-STBOX1.2.0.0
2025-11-30 09:46:56,654 [WARN] ConditionMgr:438 - getConditionDescription Invalid condition id : Cortex-A Device cause : null
2025-11-30 09:46:56,661 [WARN] ConditionMgr:1044 - genDependencies : Invalid condition id : Cortex-A Device cause : null
2025-11-30 09:46:56,662 [WARN] ConditionMgr:1044 - genDependencies : Invalid condition id : Cortex-A Device cause : null
2025-11-30 09:46:56,662 [WARN] ConditionMgr:1044 - genDependencies : Invalid condition id : Cortex-A Device cause : null
2025-11-30 09:46:56,670 [WARN] PackLoader:240 - Cannot read IP mode file for STMicroelectronics.X-CUBE-SUBG2.5.0.0
2025-11-30 09:46:56,678 [ERROR] LogOutputStream:75 - [STDERR_REDIRECT] [Fatal Error] :1:1: Premature end of file.
2025-11-30 09:46:56,678 [ERROR] LogOutputStream:75 - [STDERR_REDIRECT] 
2025-11-30 09:46:56,685 [WARN] PackLoader:240 - Cannot read IP mode file for STMicroelectronics.X-CUBE-AZRTOS-H7RS.1.1.0
2025-11-30 09:46:56,691 [WARN] PackLoader:240 - Cannot read IP mode file for Cesanta.I-CUBE-Mongoose.7.13.0
2025-11-30 09:46:56,702 [WARN] PackLoader:240 - Cannot read IP mode file for STMicroelectronics.X-CUBE-AZRTOS-G4.2.0.0
2025-11-30 09:46:56,706 [WARN] PackLoader:240 - Cannot read IP mode file for wolfSSL.I-CUBE-wolfSSH.1.4.20
2025-11-30 09:46:56,709 [WARN] PackLoader:240 - Cannot read IP mode file for STMicroelectronics.X-CUBE-NFC7.2.0.0
2025-11-30 09:46:56,717 [WARN] PackLoader:240 - Cannot read IP mode file for STMicroelectronics.X-CUBE-IPS.3.1.0
2025-11-30 09:46:56,725 [WARN] PackLoader:240 - Cannot read IP mode file for STMicroelectronics.X-CUBE-ALS.1.0.2
2025-11-30 09:46:56,731 [WARN] PackLoader:240 - Cannot read IP mode file for STMicroelectronics.X-CUBE-STSE01.1.0.0
2025-11-30 09:46:56,735 [WARN] PackLoader:240 - Cannot read IP mode file for portGmbH.I-Cube-SoM-uGOAL.1.1.0
2025-11-30 09:46:56,741 [WARN] PackLoader:240 - Cannot read IP mode file for STMicroelectronics.X-CUBE-TOF1.3.4.3
2025-11-30 09:46:56,748 [INFO] ThirdParty:978 - Integrity check success = true
2025-11-30 09:46:56,748 [INFO] IntegrityCheckThread:100 - exiting critical section [integrity check]
2025-11-30 09:46:56,748 [INFO] IntegrityCheckThread:103 - End integrity checks thread
2025-11-30 09:46:57,464 [ERROR] LogOutputStream:75 - [STDERR_REDIRECT] [Fatal Error] :1:1: Premature end of file.
2025-11-30 09:46:57,466 [ERROR] LogOutputStream:75 - [STDERR_REDIRECT] 
2025-11-30 09:46:58,465 [ERROR] LogOutputStream:75 - [STDERR_REDIRECT] [Fatal Error] :1:1: Premature end of file.
2025-11-30 09:46:58,465 [ERROR] LogOutputStream:75 - [STDERR_REDIRECT] 
2025-11-30 09:46:59,463 [ERROR] LogOutputStream:75 - [STDERR_REDIRECT] [Fatal Error] :1:1: Premature end of file.
2025-11-30 09:46:59,463 [ERROR] LogOutputStream:75 - [STDERR_REDIRECT] 
2025-11-30 09:47:00,486 [ERROR] LogOutputStream:75 - [STDERR_REDIRECT] [Fatal Error] :1:1: Premature end of file.
2025-11-30 09:47:00,487 [ERROR] LogOutputStream:75 - [STDERR_REDIRECT] 
2025-11-30 09:47:01,458 [ERROR] LogOutputStream:75 - [STDERR_REDIRECT] [Fatal Error] :1:1: Premature end of file.
2025-11-30 09:47:01,458 [ERROR] LogOutputStream:75 - [STDERR_REDIRECT] 
2025-11-30 09:47:02,462 [ERROR] LogOutputStream:75 - [STDERR_REDIRECT] [Fatal Error] :1:1: Premature end of file.
2025-11-30 09:47:02,462 [ERROR] LogOutputStream:75 - [STDERR_REDIRECT] 
2025-11-30 09:47:03,464 [ERROR] LogOutputStream:75 - [STDERR_REDIRECT] [Fatal Error] :1:1: Premature end of file.
2025-11-30 09:47:03,464 [ERROR] LogOutputStream:75 - [STDERR_REDIRECT] 
2025-11-30 09:47:04,466 [ERROR] LogOutputStream:75 - [STDERR_REDIRECT] [Fatal Error] :1:1: Premature end of file.
2025-11-30 09:47:04,466 [ERROR] LogOutputStream:75 - [STDERR_REDIRECT] 
2025-11-30 09:47:05,464 [ERROR] LogOutputStream:75 - [STDERR_REDIRECT] [Fatal Error] :1:1: Premature end of file.
2025-11-30 09:47:05,465 [ERROR] LogOutputStream:75 - [STDERR_REDIRECT] 
2025-11-30 09:47:06,473 [ERROR] LogOutputStream:75 - [STDERR_REDIRECT] [Fatal Error] :1:1: Premature end of file.
2025-11-30 09:47:06,474 [ERROR] LogOutputStream:75 - [STDERR_REDIRECT] 
2025-11-30 09:47:07,467 [ERROR] LogOutputStream:75 - [STDERR_REDIRECT] [Fatal Error] :1:1: Premature end of file.
2025-11-30 09:47:07,467 [ERROR] LogOutputStream:75 - [STDERR_REDIRECT] 
2025-11-30 09:47:08,466 [ERROR] LogOutputStream:75 - [STDERR_REDIRECT] [Fatal Error] :1:1: Premature end of file.
2025-11-30 09:47:08,467 [ERROR] LogOutputStream:75 - [STDERR_REDIRECT] 
2025-11-30 09:47:09,469 [ERROR] LogOutputStream:75 - [STDERR_REDIRECT] [Fatal Error] :1:1: Premature end of file.
2025-11-30 09:47:09,471 [ERROR] LogOutputStream:75 - [STDERR_REDIRECT] 
2025-11-30 09:47:10,494 [ERROR] LogOutputStream:75 - [STDERR_REDIRECT] [Fatal Error] :1:1: Premature end of file.
2025-11-30 09:47:10,494 [ERROR] LogOutputStream:75 - [STDERR_REDIRECT] 
2025-11-30 09:47:11,462 [ERROR] LogOutputStream:75 - [STDERR_REDIRECT] [Fatal Error] :1:1: Premature end of file.
2025-11-30 09:47:11,462 [ERROR] LogOutputStream:75 - [STDERR_REDIRECT] 
2025-11-30 09:47:12,465 [ERROR] LogOutputStream:75 - [STDERR_REDIRECT] [Fatal Error] :1:1: Premature end of file.
2025-11-30 09:47:12,465 [ERROR] LogOutputStream:75 - [STDERR_REDIRECT] 
2025-11-30 09:47:13,479 [ERROR] LogOutputStream:75 - [STDERR_REDIRECT] [Fatal Error] :1:1: Premature end of file.
2025-11-30 09:47:13,479 [ERROR] LogOutputStream:75 - [STDERR_REDIRECT] 
2025-11-30 09:47:14,476 [ERROR] LogOutputStream:75 - [STDERR_REDIRECT] [Fatal Error] :1:1: Premature end of file.
2025-11-30 09:47:14,476 [ERROR] LogOutputStream:75 - [STDERR_REDIRECT] 
2025-11-30 09:47:15,479 [ERROR] LogOutputStream:75 - [STDERR_REDIRECT] [Fatal Error] :1:1: Premature end of file.
2025-11-30 09:47:15,479 [ERROR] LogOutputStream:75 - [STDERR_REDIRECT] 
2025-11-30 09:47:16,471 [ERROR] LogOutputStream:75 - [STDERR_REDIRECT] [Fatal Error] :1:1: Premature end of file.
2025-11-30 09:47:16,471 [ERROR] LogOutputStream:75 - [STDERR_REDIRECT] 
2025-11-30 09:47:17,487 [ERROR] LogOutputStream:75 - [STDERR_REDIRECT] [Fatal Error] :1:1: Premature end of file.
2025-11-30 09:47:17,487 [ERROR] LogOutputStream:75 - [STDERR_REDIRECT] 
2025-11-30 09:47:18,495 [ERROR] LogOutputStream:75 - [STDERR_REDIRECT] [Fatal Error] :1:1: Premature end of file.
2025-11-30 09:47:18,496 [ERROR] LogOutputStream:75 - [STDERR_REDIRECT] 
2025-11-30 09:47:19,456 [ERROR] LogOutputStream:75 - [STDERR_REDIRECT] [Fatal Error] :1:1: Premature end of file.
2025-11-30 09:47:19,456 [ERROR] LogOutputStream:75 - [STDERR_REDIRECT] 
2025-11-30 09:47:20,459 [ERROR] LogOutputStream:75 - [STDERR_REDIRECT] [Fatal Error] :1:1: Premature end of file.
2025-11-30 09:47:20,459 [ERROR] LogOutputStream:75 - [STDERR_REDIRECT] 
2025-11-30 09:47:21,473 [ERROR] LogOutputStream:75 - [STDERR_REDIRECT] [Fatal Error] :1:1: Premature end of file.
2025-11-30 09:47:21,473 [ERROR] LogOutputStream:75 - [STDERR_REDIRECT] 
2025-11-30 09:47:22,496 [ERROR] LogOutputStream:75 - [STDERR_REDIRECT] [Fatal Error] :1:1: Premature end of file.
2025-11-30 09:47:22,497 [ERROR] LogOutputStream:75 - [STDERR_REDIRECT] 
2025-11-30 09:47:23,461 [ERROR] LogOutputStream:75 - [STDERR_REDIRECT] [Fatal Error] :1:1: Premature end of file.
2025-11-30 09:47:23,462 [ERROR] LogOutputStream:75 - [STDERR_REDIRECT] 
2025-11-30 09:47:24,457 [ERROR] LogOutputStream:75 - [STDERR_REDIRECT] [Fatal Error] :1:1: Premature end of file.
2025-11-30 09:47:24,457 [ERROR] LogOutputStream:75 - [STDERR_REDIRECT] 
2025-11-30 09:47:25,463 [ERROR] LogOutputStream:75 - [STDERR_REDIRECT] [Fatal Error] :1:1: Premature end of file.
2025-11-30 09:47:25,464 [ERROR] LogOutputStream:75 - [STDERR_REDIRECT] 
2025-11-30 09:47:26,466 [ERROR] LogOutputStream:75 - [STDERR_REDIRECT] [Fatal Error] :1:1: Premature end of file.
2025-11-30 09:47:26,467 [ERROR] LogOutputStream:75 - [STDERR_REDIRECT] 
2025-11-30 09:47:27,464 [ERROR] LogOutputStream:75 - [STDERR_REDIRECT] [Fatal Error] :1:1: Premature end of file.
2025-11-30 09:47:27,465 [ERROR] LogOutputStream:75 - [STDERR_REDIRECT] 
2025-11-30 09:47:28,474 [ERROR] LogOutputStream:75 - [STDERR_REDIRECT] [Fatal Error] :1:1: Premature end of file.
2025-11-30 09:47:28,475 [ERROR] LogOutputStream:75 - [STDERR_REDIRECT] 
2025-11-30 09:47:29,493 [ERROR] LogOutputStream:75 - [STDERR_REDIRECT] [Fatal Error] :1:1: Premature end of file.
2025-11-30 09:47:29,493 [ERROR] LogOutputStream:75 - [STDERR_REDIRECT] 
2025-11-30 09:47:30,485 [ERROR] LogOutputStream:75 - [STDERR_REDIRECT] [Fatal Error] :1:1: Premature end of file.
2025-11-30 09:47:30,485 [ERROR] LogOutputStream:75 - [STDERR_REDIRECT] 
2025-11-30 09:47:31,471 [ERROR] LogOutputStream:75 - [STDERR_REDIRECT] [Fatal Error] :1:1: Premature end of file.
2025-11-30 09:47:31,471 [ERROR] LogOutputStream:75 - [STDERR_REDIRECT] 
2025-11-30 09:47:32,467 [ERROR] LogOutputStream:75 - [STDERR_REDIRECT] [Fatal Error] :1:1: Premature end of file.
2025-11-30 09:47:32,467 [ERROR] LogOutputStream:75 - [STDERR_REDIRECT] 
2025-11-30 09:47:33,498 [ERROR] LogOutputStream:75 - [STDERR_REDIRECT] [Fatal Error] :1:1: Premature end of file.
2025-11-30 09:47:33,499 [ERROR] LogOutputStream:75 - [STDERR_REDIRECT] 
2025-11-30 09:47:34,479 [ERROR] LogOutputStream:75 - [STDERR_REDIRECT] [Fatal Error] :1:1: Premature end of file.
2025-11-30 09:47:34,479 [ERROR] LogOutputStream:75 - [STDERR_REDIRECT] 
2025-11-30 09:47:35,467 [ERROR] LogOutputStream:75 - [STDERR_REDIRECT] [Fatal Error] :1:1: Premature end of file.
2025-11-30 09:47:35,467 [ERROR] LogOutputStream:75 - [STDERR_REDIRECT] 
2025-11-30 09:47:36,486 [ERROR] LogOutputStream:75 - [STDERR_REDIRECT] [Fatal Error] :1:1: Premature end of file.
2025-11-30 09:47:36,487 [ERROR] LogOutputStream:75 - [STDERR_REDIRECT] 
2025-11-30 09:47:37,456 [ERROR] LogOutputStream:75 - [STDERR_REDIRECT] [Fatal Error] :1:1: Premature end of file.
2025-11-30 09:47:37,456 [ERROR] LogOutputStream:75 - [STDERR_REDIRECT] 
2025-11-30 09:47:38,472 [ERROR] LogOutputStream:75 - [STDERR_REDIRECT] [Fatal Error] :1:1: Premature end of file.
2025-11-30 09:47:38,472 [ERROR] LogOutputStream:75 - [STDERR_REDIRECT] 
2025-11-30 09:47:39,495 [ERROR] LogOutputStream:75 - [STDERR_REDIRECT] [Fatal Error] :1:1: Premature end of file.
2025-11-30 09:47:39,496 [ERROR] LogOutputStream:75 - [STDERR_REDIRECT] 
2025-11-30 09:47:40,456 [ERROR] LogOutputStream:75 - [STDERR_REDIRECT] [Fatal Error] :1:1: Premature end of file.
2025-11-30 09:47:40,456 [ERROR] LogOutputStream:75 - [STDERR_REDIRECT] 
2025-11-30 09:47:41,467 [ERROR] LogOutputStream:75 - [STDERR_REDIRECT] [Fatal Error] :1:1: Premature end of file.
2025-11-30 09:47:41,467 [ERROR] LogOutputStream:75 - [STDERR_REDIRECT] 
2025-11-30 09:47:42,478 [ERROR] LogOutputStream:75 - [STDERR_REDIRECT] [Fatal Error] :1:1: Premature end of file.
2025-11-30 09:47:42,478 [ERROR] LogOutputStream:75 - [STDERR_REDIRECT] 
2025-11-30 09:47:43,478 [ERROR] LogOutputStream:75 - [STDERR_REDIRECT] [Fatal Error] :1:1: Premature end of file.
2025-11-30 09:47:43,478 [ERROR] LogOutputStream:75 - [STDERR_REDIRECT] 
2025-11-30 09:47:44,469 [ERROR] LogOutputStream:75 - [STDERR_REDIRECT] [Fatal Error] :1:1: Premature end of file.
2025-11-30 09:47:44,469 [ERROR] LogOutputStream:75 - [STDERR_REDIRECT] 
2025-11-30 09:47:45,494 [ERROR] LogOutputStream:75 - [STDERR_REDIRECT] [Fatal Error] :1:1: Premature end of file.
2025-11-30 09:47:45,494 [ERROR] LogOutputStream:75 - [STDERR_REDIRECT] 
2025-11-30 09:47:46,492 [ERROR] LogOutputStream:75 - [STDERR_REDIRECT] [Fatal Error] :1:1: Premature end of file.
2025-11-30 09:47:46,492 [ERROR] LogOutputStream:75 - [STDERR_REDIRECT] 
2025-11-30 09:47:47,471 [ERROR] LogOutputStream:75 - [STDERR_REDIRECT] [Fatal Error] :1:1: Premature end of file.
2025-11-30 09:47:47,473 [ERROR] LogOutputStream:75 - [STDERR_REDIRECT] 
2025-11-30 09:47:48,455 [ERROR] LogOutputStream:75 - [STDERR_REDIRECT] [Fatal Error] :1:1: Premature end of file.
2025-11-30 09:47:48,455 [ERROR] LogOutputStream:75 - [STDERR_REDIRECT] 
2025-11-30 09:47:49,470 [ERROR] LogOutputStream:75 - [STDERR_REDIRECT] [Fatal Error] :1:1: Premature end of file.
2025-11-30 09:47:49,472 [ERROR] LogOutputStream:75 - [STDERR_REDIRECT] 
2025-11-30 09:47:50,464 [ERROR] LogOutputStream:75 - [STDERR_REDIRECT] [Fatal Error] :1:1: Premature end of file.
2025-11-30 09:47:50,464 [ERROR] LogOutputStream:75 - [STDERR_REDIRECT] 
2025-11-30 09:47:51,459 [ERROR] LogOutputStream:75 - [STDERR_REDIRECT] [Fatal Error] :1:1: Premature end of file.
2025-11-30 09:47:51,459 [ERROR] LogOutputStream:75 - [STDERR_REDIRECT] 
2025-11-30 09:47:52,490 [ERROR] LogOutputStream:75 - [STDERR_REDIRECT] [Fatal Error] :1:1: Premature end of file.
2025-11-30 09:47:52,490 [ERROR] LogOutputStream:75 - [STDERR_REDIRECT] 
2025-11-30 09:47:53,471 [ERROR] LogOutputStream:75 - [STDERR_REDIRECT] [Fatal Error] :1:1: Premature end of file.
2025-11-30 09:47:53,471 [ERROR] LogOutputStream:75 - [STDERR_REDIRECT] 
2025-11-30 09:47:54,459 [ERROR] LogOutputStream:75 - [STDERR_REDIRECT] [Fatal Error] :1:1: Premature end of file.
2025-11-30 09:47:54,459 [ERROR] LogOutputStream:75 - [STDERR_REDIRECT] 
2025-11-30 09:47:55,457 [ERROR] LogOutputStream:75 - [STDERR_REDIRECT] [Fatal Error] :1:1: Premature end of file.
2025-11-30 09:47:55,457 [ERROR] LogOutputStream:75 - [STDERR_REDIRECT] 
2025-11-30 09:47:56,500 [ERROR] LogOutputStream:75 - [STDERR_REDIRECT] [Fatal Error] :1:1: Premature end of file.
2025-11-30 09:47:56,501 [ERROR] LogOutputStream:75 - [STDERR_REDIRECT] 
2025-11-30 09:47:57,487 [ERROR] LogOutputStream:75 - [STDERR_REDIRECT] [Fatal Error] :1:1: Premature end of file.
2025-11-30 09:47:57,487 [ERROR] LogOutputStream:75 - [STDERR_REDIRECT] 
2025-11-30 09:47:58,463 [ERROR] LogOutputStream:75 - [STDERR_REDIRECT] [Fatal Error] :1:1: Premature end of file.
2025-11-30 09:47:58,463 [ERROR] LogOutputStream:75 - [STDERR_REDIRECT] 
2025-11-30 09:47:59,465 [ERROR] LogOutputStream:75 - [STDERR_REDIRECT] [Fatal Error] :1:1: Premature end of file.
2025-11-30 09:47:59,465 [ERROR] LogOutputStream:75 - [STDERR_REDIRECT] 
2025-11-30 09:48:00,485 [ERROR] LogOutputStream:75 - [STDERR_REDIRECT] [Fatal Error] :1:1: Premature end of file.
2025-11-30 09:48:00,486 [ERROR] LogOutputStream:75 - [STDERR_REDIRECT] 
2025-11-30 09:48:01,469 [ERROR] LogOutputStream:75 - [STDERR_REDIRECT] [Fatal Error] :1:1: Premature end of file.
2025-11-30 09:48:01,470 [ERROR] LogOutputStream:75 - [STDERR_REDIRECT] 
2025-11-30 09:48:02,479 [ERROR] LogOutputStream:75 - [STDERR_REDIRECT] [Fatal Error] :1:1: Premature end of file.
2025-11-30 09:48:02,480 [ERROR] LogOutputStream:75 - [STDERR_REDIRECT] 
2025-11-30 09:48:03,471 [ERROR] LogOutputStream:75 - [STDERR_REDIRECT] [Fatal Error] :1:1: Premature end of file.
2025-11-30 09:48:03,471 [ERROR] LogOutputStream:75 - [STDERR_REDIRECT] 
2025-11-30 09:48:04,474 [ERROR] LogOutputStream:75 - [STDERR_REDIRECT] [Fatal Error] :1:1: Premature end of file.
2025-11-30 09:48:04,474 [ERROR] LogOutputStream:75 - [STDERR_REDIRECT] 
2025-11-30 09:48:05,477 [ERROR] LogOutputStream:75 - [STDERR_REDIRECT] [Fatal Error] :1:1: Premature end of file.
2025-11-30 09:48:05,477 [ERROR] LogOutputStream:75 - [STDERR_REDIRECT] 
2025-11-30 09:48:06,495 [ERROR] LogOutputStream:75 - [STDERR_REDIRECT] [Fatal Error] :1:1: Premature end of file.
2025-11-30 09:48:06,495 [ERROR] LogOutputStream:75 - [STDERR_REDIRECT] 
2025-11-30 09:48:07,483 [ERROR] LogOutputStream:75 - [STDERR_REDIRECT] [Fatal Error] :1:1: Premature end of file.
2025-11-30 09:48:07,483 [ERROR] LogOutputStream:75 - [STDERR_REDIRECT] 
2025-11-30 09:48:08,478 [ERROR] LogOutputStream:75 - [STDERR_REDIRECT] [Fatal Error] :1:1: Premature end of file.
2025-11-30 09:48:08,478 [ERROR] LogOutputStream:75 - [STDERR_REDIRECT] 
2025-11-30 09:48:09,482 [ERROR] LogOutputStream:75 - [STDERR_REDIRECT] [Fatal Error] :1:1: Premature end of file.
2025-11-30 09:48:09,482 [ERROR] LogOutputStream:75 - [STDERR_REDIRECT] 
2025-11-30 09:48:10,467 [ERROR] LogOutputStream:75 - [STDERR_REDIRECT] [Fatal Error] :1:1: Premature end of file.
2025-11-30 09:48:10,469 [ERROR] LogOutputStream:75 - [STDERR_REDIRECT] 
2025-11-30 09:48:11,462 [ERROR] LogOutputStream:75 - [STDERR_REDIRECT] [Fatal Error] :1:1: Premature end of file.
2025-11-30 09:48:11,462 [ERROR] LogOutputStream:75 - [STDERR_REDIRECT] 
2025-11-30 09:48:12,470 [ERROR] LogOutputStream:75 - [STDERR_REDIRECT] [Fatal Error] :1:1: Premature end of file.
2025-11-30 09:48:12,470 [ERROR] LogOutputStream:75 - [STDERR_REDIRECT] 
2025-11-30 09:48:13,464 [ERROR] LogOutputStream:75 - [STDERR_REDIRECT] [Fatal Error] :1:1: Premature end of file.
2025-11-30 09:48:13,464 [ERROR] LogOutputStream:75 - [STDERR_REDIRECT] 
2025-11-30 09:48:14,465 [ERROR] LogOutputStream:75 - [STDERR_REDIRECT] [Fatal Error] :1:1: Premature end of file.
2025-11-30 09:48:14,466 [ERROR] LogOutputStream:75 - [STDERR_REDIRECT] 
2025-11-30 09:48:15,463 [ERROR] LogOutputStream:75 - [STDERR_REDIRECT] [Fatal Error] :1:1: Premature end of file.
2025-11-30 09:48:15,463 [ERROR] LogOutputStream:75 - [STDERR_REDIRECT] 
2025-11-30 09:48:16,461 [ERROR] LogOutputStream:75 - [STDERR_REDIRECT] [Fatal Error] :1:1: Premature end of file.
2025-11-30 09:48:16,463 [ERROR] LogOutputStream:75 - [STDERR_REDIRECT] 
2025-11-30 09:48:17,480 [ERROR] LogOutputStream:75 - [STDERR_REDIRECT] [Fatal Error] :1:1: Premature end of file.
2025-11-30 09:48:17,480 [ERROR] LogOutputStream:75 - [STDERR_REDIRECT] 
2025-11-30 09:48:18,470 [ERROR] LogOutputStream:75 - [STDERR_REDIRECT] [Fatal Error] :1:1: Premature end of file.
2025-11-30 09:48:18,471 [ERROR] LogOutputStream:75 - [STDERR_REDIRECT] 
2025-11-30 09:48:19,490 [ERROR] LogOutputStream:75 - [STDERR_REDIRECT] [Fatal Error] :1:1: Premature end of file.
2025-11-30 09:48:19,491 [ERROR] LogOutputStream:75 - [STDERR_REDIRECT] 
2025-11-30 09:48:20,475 [ERROR] LogOutputStream:75 - [STDERR_REDIRECT] [Fatal Error] :1:1: Premature end of file.
2025-11-30 09:48:20,476 [ERROR] LogOutputStream:75 - [STDERR_REDIRECT] 
2025-11-30 09:48:21,463 [ERROR] LogOutputStream:75 - [STDERR_REDIRECT] [Fatal Error] :1:1: Premature end of file.
2025-11-30 09:48:21,464 [ERROR] LogOutputStream:75 - [STDERR_REDIRECT] 
2025-11-30 09:48:22,471 [ERROR] LogOutputStream:75 - [STDERR_REDIRECT] [Fatal Error] :1:1: Premature end of file.
2025-11-30 09:48:22,472 [ERROR] LogOutputStream:75 - [STDERR_REDIRECT] 
2025-11-30 09:48:23,460 [ERROR] LogOutputStream:75 - [STDERR_REDIRECT] [Fatal Error] :1:1: Premature end of file.
2025-11-30 09:48:23,460 [ERROR] LogOutputStream:75 - [STDERR_REDIRECT] 
2025-11-30 09:48:24,493 [ERROR] LogOutputStream:75 - [STDERR_REDIRECT] [Fatal Error] :1:1: Premature end of file.
2025-11-30 09:48:24,494 [ERROR] LogOutputStream:75 - [STDERR_REDIRECT] 
2025-11-30 09:48:25,472 [ERROR] LogOutputStream:75 - [STDERR_REDIRECT] [Fatal Error] :1:1: Premature end of file.
2025-11-30 09:48:25,473 [ERROR] LogOutputStream:75 - [STDERR_REDIRECT] 
2025-11-30 09:48:26,460 [ERROR] LogOutputStream:75 - [STDERR_REDIRECT] [Fatal Error] :1:1: Premature end of file.
2025-11-30 09:48:26,460 [ERROR] LogOutputStream:75 - [STDERR_REDIRECT] 
2025-11-30 09:48:27,460 [ERROR] LogOutputStream:75 - [STDERR_REDIRECT] [Fatal Error] :1:1: Premature end of file.
2025-11-30 09:48:27,460 [ERROR] LogOutputStream:75 - [STDERR_REDIRECT] 
2025-11-30 09:48:28,456 [ERROR] LogOutputStream:75 - [STDERR_REDIRECT] [Fatal Error] :1:1: Premature end of file.
2025-11-30 09:48:28,456 [ERROR] LogOutputStream:75 - [STDERR_REDIRECT] 
2025-11-30 09:48:29,461 [ERROR] LogOutputStream:75 - [STDERR_REDIRECT] [Fatal Error] :1:1: Premature end of file.
2025-11-30 09:48:29,461 [ERROR] LogOutputStream:75 - [STDERR_REDIRECT] 
2025-11-30 09:48:30,477 [ERROR] LogOutputStream:75 - [STDERR_REDIRECT] [Fatal Error] :1:1: Premature end of file.
2025-11-30 09:48:30,477 [ERROR] LogOutputStream:75 - [STDERR_REDIRECT] 
2025-11-30 09:48:31,458 [ERROR] LogOutputStream:75 - [STDERR_REDIRECT] [Fatal Error] :1:1: Premature end of file.
2025-11-30 09:48:31,458 [ERROR] LogOutputStream:75 - [STDERR_REDIRECT] 
2025-11-30 09:48:32,470 [ERROR] LogOutputStream:75 - [STDERR_REDIRECT] [Fatal Error] :1:1: Premature end of file.
2025-11-30 09:48:32,470 [ERROR] LogOutputStream:75 - [STDERR_REDIRECT] 
2025-11-30 09:48:33,462 [ERROR] LogOutputStream:75 - [STDERR_REDIRECT] [Fatal Error] :1:1: Premature end of file.
2025-11-30 09:48:33,463 [ERROR] LogOutputStream:75 - [STDERR_REDIRECT] 
2025-11-30 09:48:34,497 [ERROR] LogOutputStream:75 - [STDERR_REDIRECT] [Fatal Error] :1:1: Premature end of file.
2025-11-30 09:48:34,498 [ERROR] LogOutputStream:75 - [STDERR_REDIRECT] 
2025-11-30 09:48:35,477 [ERROR] LogOutputStream:75 - [STDERR_REDIRECT] [Fatal Error] :1:1: Premature end of file.
2025-11-30 09:48:35,478 [ERROR] LogOutputStream:75 - [STDERR_REDIRECT] 
2025-11-30 09:48:36,481 [ERROR] LogOutputStream:75 - [STDERR_REDIRECT] [Fatal Error] :1:1: Premature end of file.
2025-11-30 09:48:36,481 [ERROR] LogOutputStream:75 - [STDERR_REDIRECT] 
2025-11-30 09:48:37,461 [ERROR] LogOutputStream:75 - [STDERR_REDIRECT] [Fatal Error] :1:1: Premature end of file.
2025-11-30 09:48:37,462 [ERROR] LogOutputStream:75 - [STDERR_REDIRECT] 
2025-11-30 09:48:38,476 [ERROR] LogOutputStream:75 - [STDERR_REDIRECT] [Fatal Error] :1:1: Premature end of file.
2025-11-30 09:48:38,476 [ERROR] LogOutputStream:75 - [STDERR_REDIRECT] 
2025-11-30 09:48:39,471 [ERROR] LogOutputStream:75 - [STDERR_REDIRECT] [Fatal Error] :1:1: Premature end of file.
2025-11-30 09:48:39,471 [ERROR] LogOutputStream:75 - [STDERR_REDIRECT] 
2025-11-30 09:48:40,454 [ERROR] LogOutputStream:75 - [STDERR_REDIRECT] [Fatal Error] :1:1: Premature end of file.
2025-11-30 09:48:40,454 [ERROR] LogOutputStream:75 - [STDERR_REDIRECT] 
2025-11-30 09:48:41,460 [ERROR] LogOutputStream:75 - [STDERR_REDIRECT] [Fatal Error] :1:1: Premature end of file.
2025-11-30 09:48:41,460 [ERROR] LogOutputStream:75 - [STDERR_REDIRECT] 
2025-11-30 09:48:42,459 [ERROR] LogOutputStream:75 - [STDERR_REDIRECT] [Fatal Error] :1:1: Premature end of file.
2025-11-30 09:48:42,460 [ERROR] LogOutputStream:75 - [STDERR_REDIRECT] 
2025-11-30 09:48:43,460 [ERROR] LogOutputStream:75 - [STDERR_REDIRECT] [Fatal Error] :1:1: Premature end of file.
2025-11-30 09:48:43,460 [ERROR] LogOutputStream:75 - [STDERR_REDIRECT] 
2025-11-30 09:48:44,463 [ERROR] LogOutputStream:75 - [STDERR_REDIRECT] [Fatal Error] :1:1: Premature end of file.
2025-11-30 09:48:44,463 [ERROR] LogOutputStream:75 - [STDERR_REDIRECT] 
2025-11-30 09:48:45,454 [ERROR] LogOutputStream:75 - [STDERR_REDIRECT] [Fatal Error] :1:1: Premature end of file.
2025-11-30 09:48:45,455 [ERROR] LogOutputStream:75 - [STDERR_REDIRECT] 
2025-11-30 09:48:46,461 [ERROR] LogOutputStream:75 - [STDERR_REDIRECT] [Fatal Error] :1:1: Premature end of file.
2025-11-30 09:48:46,461 [ERROR] LogOutputStream:75 - [STDERR_REDIRECT] 
2025-11-30 09:48:47,457 [ERROR] LogOutputStream:75 - [STDERR_REDIRECT] [Fatal Error] :1:1: Premature end of file.
2025-11-30 09:48:47,459 [ERROR] LogOutputStream:75 - [STDERR_REDIRECT] 
2025-11-30 09:48:48,467 [ERROR] LogOutputStream:75 - [STDERR_REDIRECT] [Fatal Error] :1:1: Premature end of file.
2025-11-30 09:48:48,467 [ERROR] LogOutputStream:75 - [STDERR_REDIRECT] 
2025-11-30 09:48:49,467 [ERROR] LogOutputStream:75 - [STDERR_REDIRECT] [Fatal Error] :1:1: Premature end of file.
2025-11-30 09:48:49,468 [ERROR] LogOutputStream:75 - [STDERR_REDIRECT] 
2025-11-30 09:48:50,464 [ERROR] LogOutputStream:75 - [STDERR_REDIRECT] [Fatal Error] :1:1: Premature end of file.
2025-11-30 09:48:50,464 [ERROR] LogOutputStream:75 - [STDERR_REDIRECT] 
2025-11-30 09:48:51,462 [ERROR] LogOutputStream:75 - [STDERR_REDIRECT] [Fatal Error] :1:1: Premature end of file.
2025-11-30 09:48:51,462 [ERROR] LogOutputStream:75 - [STDERR_REDIRECT] 
2025-11-30 09:48:52,466 [ERROR] LogOutputStream:75 - [STDERR_REDIRECT] [Fatal Error] :1:1: Premature end of file.
2025-11-30 09:48:52,466 [ERROR] LogOutputStream:75 - [STDERR_REDIRECT] 
2025-11-30 09:48:53,465 [ERROR] LogOutputStream:75 - [STDERR_REDIRECT] [Fatal Error] :1:1: Premature end of file.
2025-11-30 09:48:53,465 [ERROR] LogOutputStream:75 - [STDERR_REDIRECT] 
2025-11-30 09:48:54,465 [ERROR] LogOutputStream:75 - [STDERR_REDIRECT] [Fatal Error] :1:1: Premature end of file.
2025-11-30 09:48:54,465 [ERROR] LogOutputStream:75 - [STDERR_REDIRECT] 
2025-11-30 09:48:55,458 [ERROR] LogOutputStream:75 - [STDERR_REDIRECT] [Fatal Error] :1:1: Premature end of file.
2025-11-30 09:48:55,458 [ERROR] LogOutputStream:75 - [STDERR_REDIRECT] 
2025-11-30 09:48:56,464 [ERROR] LogOutputStream:75 - [STDERR_REDIRECT] [Fatal Error] :1:1: Premature end of file.
2025-11-30 09:48:56,464 [ERROR] LogOutputStream:75 - [STDERR_REDIRECT] 
2025-11-30 09:48:57,466 [ERROR] LogOutputStream:75 - [STDERR_REDIRECT] [Fatal Error] :1:1: Premature end of file.
2025-11-30 09:48:57,466 [ERROR] LogOutputStream:75 - [STDERR_REDIRECT] 
2025-11-30 09:48:58,470 [ERROR] LogOutputStream:75 - [STDERR_REDIRECT] [Fatal Error] :1:1: Premature end of file.
2025-11-30 09:48:58,470 [ERROR] LogOutputStream:75 - [STDERR_REDIRECT] 
2025-11-30 09:48:59,463 [ERROR] LogOutputStream:75 - [STDERR_REDIRECT] [Fatal Error] :1:1: Premature end of file.
2025-11-30 09:48:59,463 [ERROR] LogOutputStream:75 - [STDERR_REDIRECT] 
2025-11-30 09:49:00,466 [ERROR] LogOutputStream:75 - [STDERR_REDIRECT] [Fatal Error] :1:1: Premature end of file.
2025-11-30 09:49:00,466 [ERROR] LogOutputStream:75 - [STDERR_REDIRECT] 
2025-11-30 09:49:01,501 [ERROR] LogOutputStream:75 - [STDERR_REDIRECT] [Fatal Error] :1:1: Premature end of file.
2025-11-30 09:49:01,501 [ERROR] LogOutputStream:75 - [STDERR_REDIRECT] 
2025-11-30 09:49:02,467 [ERROR] LogOutputStream:75 - [STDERR_REDIRECT] [Fatal Error] :1:1: Premature end of file.
2025-11-30 09:49:02,468 [ERROR] LogOutputStream:75 - [STDERR_REDIRECT] 
2025-11-30 09:49:03,464 [ERROR] LogOutputStream:75 - [STDERR_REDIRECT] [Fatal Error] :1:1: Premature end of file.
2025-11-30 09:49:03,464 [ERROR] LogOutputStream:75 - [STDERR_REDIRECT] 
2025-11-30 09:49:04,481 [ERROR] LogOutputStream:75 - [STDERR_REDIRECT] [Fatal Error] :1:1: Premature end of file.
2025-11-30 09:49:04,482 [ERROR] LogOutputStream:75 - [STDERR_REDIRECT] 
2025-11-30 09:49:05,460 [ERROR] LogOutputStream:75 - [STDERR_REDIRECT] [Fatal Error] :1:1: Premature end of file.
2025-11-30 09:49:05,460 [ERROR] LogOutputStream:75 - [STDERR_REDIRECT] 
2025-11-30 09:49:06,456 [ERROR] LogOutputStream:75 - [STDERR_REDIRECT] [Fatal Error] :1:1: Premature end of file.
2025-11-30 09:49:06,456 [ERROR] LogOutputStream:75 - [STDERR_REDIRECT] 
2025-11-30 09:49:07,459 [ERROR] LogOutputStream:75 - [STDERR_REDIRECT] [Fatal Error] :1:1: Premature end of file.
2025-11-30 09:49:07,460 [ERROR] LogOutputStream:75 - [STDERR_REDIRECT] 
2025-11-30 09:49:08,486 [ERROR] LogOutputStream:75 - [STDERR_REDIRECT] [Fatal Error] :1:1: Premature end of file.
2025-11-30 09:49:08,487 [ERROR] LogOutputStream:75 - [STDERR_REDIRECT] 
2025-11-30 09:49:09,477 [ERROR] LogOutputStream:75 - [STDERR_REDIRECT] [Fatal Error] :1:1: Premature end of file.
2025-11-30 09:49:09,477 [ERROR] LogOutputStream:75 - [STDERR_REDIRECT] 
2025-11-30 09:49:10,456 [ERROR] LogOutputStream:75 - [STDERR_REDIRECT] [Fatal Error] :1:1: Premature end of file.
2025-11-30 09:49:10,456 [ERROR] LogOutputStream:75 - [STDERR_REDIRECT] 
2025-11-30 09:49:11,471 [ERROR] LogOutputStream:75 - [STDERR_REDIRECT] [Fatal Error] :1:1: Premature end of file.
2025-11-30 09:49:11,471 [ERROR] LogOutputStream:75 - [STDERR_REDIRECT] 
2025-11-30 09:49:12,472 [ERROR] LogOutputStream:75 - [STDERR_REDIRECT] [Fatal Error] :1:1: Premature end of file.
2025-11-30 09:49:12,473 [ERROR] LogOutputStream:75 - [STDERR_REDIRECT] 
2025-11-30 09:49:13,494 [ERROR] LogOutputStream:75 - [STDERR_REDIRECT] [Fatal Error] :1:1: Premature end of file.
2025-11-30 09:49:13,494 [ERROR] LogOutputStream:75 - [STDERR_REDIRECT] 
2025-11-30 09:49:14,461 [ERROR] LogOutputStream:75 - [STDERR_REDIRECT] [Fatal Error] :1:1: Premature end of file.
2025-11-30 09:49:14,463 [ERROR] LogOutputStream:75 - [STDERR_REDIRECT] 
2025-11-30 09:49:15,460 [ERROR] LogOutputStream:75 - [STDERR_REDIRECT] [Fatal Error] :1:1: Premature end of file.
2025-11-30 09:49:15,460 [ERROR] LogOutputStream:75 - [STDERR_REDIRECT] 
2025-11-30 09:49:16,468 [ERROR] LogOutputStream:75 - [STDERR_REDIRECT] [Fatal Error] :1:1: Premature end of file.
2025-11-30 09:49:16,469 [ERROR] LogOutputStream:75 - [STDERR_REDIRECT] 
2025-11-30 09:49:17,459 [ERROR] LogOutputStream:75 - [STDERR_REDIRECT] [Fatal Error] :1:1: Premature end of file.
2025-11-30 09:49:17,460 [ERROR] LogOutputStream:75 - [STDERR_REDIRECT] 
2025-11-30 09:49:18,468 [ERROR] LogOutputStream:75 - [STDERR_REDIRECT] [Fatal Error] :1:1: Premature end of file.
2025-11-30 09:49:18,468 [ERROR] LogOutputStream:75 - [STDERR_REDIRECT] 
2025-11-30 09:49:19,470 [ERROR] LogOutputStream:75 - [STDERR_REDIRECT] [Fatal Error] :1:1: Premature end of file.
2025-11-30 09:49:19,470 [ERROR] LogOutputStream:75 - [STDERR_REDIRECT] 
2025-11-30 09:49:20,465 [ERROR] LogOutputStream:75 - [STDERR_REDIRECT] [Fatal Error] :1:1: Premature end of file.
2025-11-30 09:49:20,467 [ERROR] LogOutputStream:75 - [STDERR_REDIRECT] 
2025-11-30 09:49:21,464 [ERROR] LogOutputStream:75 - [STDERR_REDIRECT] [Fatal Error] :1:1: Premature end of file.
2025-11-30 09:49:21,464 [ERROR] LogOutputStream:75 - [STDERR_REDIRECT] 
2025-11-30 09:49:22,466 [ERROR] LogOutputStream:75 - [STDERR_REDIRECT] [Fatal Error] :1:1: Premature end of file.
2025-11-30 09:49:22,466 [ERROR] LogOutputStream:75 - [STDERR_REDIRECT] 
2025-11-30 09:49:23,460 [ERROR] LogOutputStream:75 - [STDERR_REDIRECT] [Fatal Error] :1:1: Premature end of file.
2025-11-30 09:49:23,460 [ERROR] LogOutputStream:75 - [STDERR_REDIRECT] 
2025-11-30 09:49:24,457 [ERROR] LogOutputStream:75 - [STDERR_REDIRECT] [Fatal Error] :1:1: Premature end of file.
2025-11-30 09:49:24,459 [ERROR] LogOutputStream:75 - [STDERR_REDIRECT] 
2025-11-30 09:49:25,463 [ERROR] LogOutputStream:75 - [STDERR_REDIRECT] [Fatal Error] :1:1: Premature end of file.
2025-11-30 09:49:25,463 [ERROR] LogOutputStream:75 - [STDERR_REDIRECT] 
2025-11-30 09:49:26,455 [ERROR] LogOutputStream:75 - [STDERR_REDIRECT] [Fatal Error] :1:1: Premature end of file.
2025-11-30 09:49:26,455 [ERROR] LogOutputStream:75 - [STDERR_REDIRECT] 
2025-11-30 09:49:27,455 [ERROR] LogOutputStream:75 - [STDERR_REDIRECT] [Fatal Error] :1:1: Premature end of file.
2025-11-30 09:49:27,456 [ERROR] LogOutputStream:75 - [STDERR_REDIRECT] 
2025-11-30 09:49:28,464 [ERROR] LogOutputStream:75 - [STDERR_REDIRECT] [Fatal Error] :1:1: Premature end of file.
2025-11-30 09:49:28,464 [ERROR] LogOutputStream:75 - [STDERR_REDIRECT] 
2025-11-30 09:49:29,470 [ERROR] LogOutputStream:75 - [STDERR_REDIRECT] [Fatal Error] :1:1: Premature end of file.
2025-11-30 09:49:29,470 [ERROR] LogOutputStream:75 - [STDERR_REDIRECT] 
2025-11-30 09:49:30,460 [ERROR] LogOutputStream:75 - [STDERR_REDIRECT] [Fatal Error] :1:1: Premature end of file.
2025-11-30 09:49:30,460 [ERROR] LogOutputStream:75 - [STDERR_REDIRECT] 
2025-11-30 09:49:31,464 [ERROR] LogOutputStream:75 - [STDERR_REDIRECT] [Fatal Error] :1:1: Premature end of file.
2025-11-30 09:49:31,464 [ERROR] LogOutputStream:75 - [STDERR_REDIRECT] 
2025-11-30 09:49:32,464 [ERROR] LogOutputStream:75 - [STDERR_REDIRECT] [Fatal Error] :1:1: Premature end of file.
2025-11-30 09:49:32,464 [ERROR] LogOutputStream:75 - [STDERR_REDIRECT] 
2025-11-30 09:49:33,467 [ERROR] LogOutputStream:75 - [STDERR_REDIRECT] [Fatal Error] :1:1: Premature end of file.
2025-11-30 09:49:33,468 [ERROR] LogOutputStream:75 - [STDERR_REDIRECT] 
2025-11-30 09:49:34,466 [ERROR] LogOutputStream:75 - [STDERR_REDIRECT] [Fatal Error] :1:1: Premature end of file.
2025-11-30 09:49:34,466 [ERROR] LogOutputStream:75 - [STDERR_REDIRECT] 
2025-11-30 09:49:35,470 [ERROR] LogOutputStream:75 - [STDERR_REDIRECT] [Fatal Error] :1:1: Premature end of file.
2025-11-30 09:49:35,470 [ERROR] LogOutputStream:75 - [STDERR_REDIRECT] 
2025-11-30 09:49:36,470 [ERROR] LogOutputStream:75 - [STDERR_REDIRECT] [Fatal Error] :1:1: Premature end of file.
2025-11-30 09:49:36,470 [ERROR] LogOutputStream:75 - [STDERR_REDIRECT] 
2025-11-30 09:49:37,470 [ERROR] LogOutputStream:75 - [STDERR_REDIRECT] [Fatal Error] :1:1: Premature end of file.
2025-11-30 09:49:37,470 [ERROR] LogOutputStream:75 - [STDERR_REDIRECT] 
2025-11-30 09:49:38,459 [ERROR] LogOutputStream:75 - [STDERR_REDIRECT] [Fatal Error] :1:1: Premature end of file.
2025-11-30 09:49:38,459 [ERROR] LogOutputStream:75 - [STDERR_REDIRECT] 
2025-11-30 09:49:39,466 [ERROR] LogOutputStream:75 - [STDERR_REDIRECT] [Fatal Error] :1:1: Premature end of file.
2025-11-30 09:49:39,467 [ERROR] LogOutputStream:75 - [STDERR_REDIRECT] 
2025-11-30 09:49:40,469 [ERROR] LogOutputStream:75 - [STDERR_REDIRECT] [Fatal Error] :1:1: Premature end of file.
2025-11-30 09:49:40,469 [ERROR] LogOutputStream:75 - [STDERR_REDIRECT] 
2025-11-30 09:49:41,468 [ERROR] LogOutputStream:75 - [STDERR_REDIRECT] [Fatal Error] :1:1: Premature end of file.
2025-11-30 09:49:41,468 [ERROR] LogOutputStream:75 - [STDERR_REDIRECT] 
2025-11-30 09:49:42,493 [ERROR] LogOutputStream:75 - [STDERR_REDIRECT] [Fatal Error] :1:1: Premature end of file.
2025-11-30 09:49:42,493 [ERROR] LogOutputStream:75 - [STDERR_REDIRECT] 
2025-11-30 09:49:43,475 [ERROR] LogOutputStream:75 - [STDERR_REDIRECT] [Fatal Error] :1:1: Premature end of file.
2025-11-30 09:49:43,476 [ERROR] LogOutputStream:75 - [STDERR_REDIRECT] 
2025-11-30 09:49:44,471 [ERROR] LogOutputStream:75 - [STDERR_REDIRECT] [Fatal Error] :1:1: Premature end of file.
2025-11-30 09:49:44,471 [ERROR] LogOutputStream:75 - [STDERR_REDIRECT] 
2025-11-30 09:49:45,472 [ERROR] LogOutputStream:75 - [STDERR_REDIRECT] [Fatal Error] :1:1: Premature end of file.
2025-11-30 09:49:45,472 [ERROR] LogOutputStream:75 - [STDERR_REDIRECT] 
2025-11-30 09:49:46,458 [ERROR] LogOutputStream:75 - [STDERR_REDIRECT] [Fatal Error] :1:1: Premature end of file.
2025-11-30 09:49:46,458 [ERROR] LogOutputStream:75 - [STDERR_REDIRECT] 
2025-11-30 09:49:47,455 [ERROR] LogOutputStream:75 - [STDERR_REDIRECT] [Fatal Error] :1:1: Premature end of file.
2025-11-30 09:49:47,455 [ERROR] LogOutputStream:75 - [STDERR_REDIRECT] 
2025-11-30 09:49:48,475 [ERROR] LogOutputStream:75 - [STDERR_REDIRECT] [Fatal Error] :1:1: Premature end of file.
2025-11-30 09:49:48,475 [ERROR] LogOutputStream:75 - [STDERR_REDIRECT] 
2025-11-30 09:49:49,470 [ERROR] LogOutputStream:75 - [STDERR_REDIRECT] [Fatal Error] :1:1: Premature end of file.
2025-11-30 09:49:49,470 [ERROR] LogOutputStream:75 - [STDERR_REDIRECT] 
2025-11-30 09:49:50,487 [ERROR] LogOutputStream:75 - [STDERR_REDIRECT] [Fatal Error] :1:1: Premature end of file.
2025-11-30 09:49:50,489 [ERROR] LogOutputStream:75 - [STDERR_REDIRECT] 
2025-11-30 09:49:51,487 [ERROR] LogOutputStream:75 - [STDERR_REDIRECT] [Fatal Error] :1:1: Premature end of file.
2025-11-30 09:49:51,487 [ERROR] LogOutputStream:75 - [STDERR_REDIRECT] 
2025-11-30 09:49:52,465 [ERROR] LogOutputStream:75 - [STDERR_REDIRECT] [Fatal Error] :1:1: Premature end of file.
2025-11-30 09:49:52,465 [ERROR] LogOutputStream:75 - [STDERR_REDIRECT] 
2025-11-30 09:49:53,473 [ERROR] LogOutputStream:75 - [STDERR_REDIRECT] [Fatal Error] :1:1: Premature end of file.
2025-11-30 09:49:53,473 [ERROR] LogOutputStream:75 - [STDERR_REDIRECT] 
2025-11-30 09:49:54,469 [ERROR] LogOutputStream:75 - [STDERR_REDIRECT] [Fatal Error] :1:1: Premature end of file.
2025-11-30 09:49:54,470 [ERROR] LogOutputStream:75 - [STDERR_REDIRECT] 
2025-11-30 09:49:55,490 [ERROR] LogOutputStream:75 - [STDERR_REDIRECT] [Fatal Error] :1:1: Premature end of file.
2025-11-30 09:49:55,491 [ERROR] LogOutputStream:75 - [STDERR_REDIRECT] 
2025-11-30 09:49:56,476 [ERROR] LogOutputStream:75 - [STDERR_REDIRECT] [Fatal Error] :1:1: Premature end of file.
2025-11-30 09:49:56,476 [ERROR] LogOutputStream:75 - [STDERR_REDIRECT] 
2025-11-30 09:49:57,473 [ERROR] LogOutputStream:75 - [STDERR_REDIRECT] [Fatal Error] :1:1: Premature end of file.
2025-11-30 09:49:57,473 [ERROR] LogOutputStream:75 - [STDERR_REDIRECT] 
2025-11-30 09:49:58,500 [ERROR] LogOutputStream:75 - [STDERR_REDIRECT] [Fatal Error] :1:1: Premature end of file.
2025-11-30 09:49:58,500 [ERROR] LogOutputStream:75 - [STDERR_REDIRECT] 
2025-11-30 09:49:59,471 [ERROR] LogOutputStream:75 - [STDERR_REDIRECT] [Fatal Error] :1:1: Premature end of file.
2025-11-30 09:49:59,471 [ERROR] LogOutputStream:75 - [STDERR_REDIRECT] 
2025-11-30 09:50:00,472 [ERROR] LogOutputStream:75 - [STDERR_REDIRECT] [Fatal Error] :1:1: Premature end of file.
2025-11-30 09:50:00,473 [ERROR] LogOutputStream:75 - [STDERR_REDIRECT] 
2025-11-30 09:50:01,484 [ERROR] LogOutputStream:75 - [STDERR_REDIRECT] [Fatal Error] :1:1: Premature end of file.
2025-11-30 09:50:01,485 [ERROR] LogOutputStream:75 - [STDERR_REDIRECT] 
2025-11-30 09:50:02,477 [ERROR] LogOutputStream:75 - [STDERR_REDIRECT] [Fatal Error] :1:1: Premature end of file.
2025-11-30 09:50:02,477 [ERROR] LogOutputStream:75 - [STDERR_REDIRECT] 
2025-11-30 09:50:03,475 [ERROR] LogOutputStream:75 - [STDERR_REDIRECT] [Fatal Error] :1:1: Premature end of file.
2025-11-30 09:50:03,476 [ERROR] LogOutputStream:75 - [STDERR_REDIRECT] 
2025-11-30 09:50:04,493 [ERROR] LogOutputStream:75 - [STDERR_REDIRECT] [Fatal Error] :1:1: Premature end of file.
2025-11-30 09:50:04,493 [ERROR] LogOutputStream:75 - [STDERR_REDIRECT] 
2025-11-30 09:50:05,463 [ERROR] LogOutputStream:75 - [STDERR_REDIRECT] [Fatal Error] :1:1: Premature end of file.
2025-11-30 09:50:05,464 [ERROR] LogOutputStream:75 - [STDERR_REDIRECT] 
2025-11-30 09:50:06,502 [ERROR] LogOutputStream:75 - [STDERR_REDIRECT] [Fatal Error] :1:1: Premature end of file.
2025-11-30 09:50:06,502 [ERROR] LogOutputStream:75 - [STDERR_REDIRECT] 
2025-11-30 09:50:07,495 [ERROR] LogOutputStream:75 - [STDERR_REDIRECT] [Fatal Error] :1:1: Premature end of file.
2025-11-30 09:50:07,495 [ERROR] LogOutputStream:75 - [STDERR_REDIRECT] 
2025-11-30 09:50:08,476 [ERROR] LogOutputStream:75 - [STDERR_REDIRECT] [Fatal Error] :1:1: Premature end of file.
2025-11-30 09:50:08,477 [ERROR] LogOutputStream:75 - [STDERR_REDIRECT] 
2025-11-30 09:50:09,462 [ERROR] LogOutputStream:75 - [STDERR_REDIRECT] [Fatal Error] :1:1: Premature end of file.
2025-11-30 09:50:09,462 [ERROR] LogOutputStream:75 - [STDERR_REDIRECT] 
2025-11-30 09:50:10,479 [ERROR] LogOutputStream:75 - [STDERR_REDIRECT] [Fatal Error] :1:1: Premature end of file.
2025-11-30 09:50:10,480 [ERROR] LogOutputStream:75 - [STDERR_REDIRECT] 
2025-11-30 09:50:11,468 [ERROR] LogOutputStream:75 - [STDERR_REDIRECT] [Fatal Error] :1:1: Premature end of file.
2025-11-30 09:50:11,468 [ERROR] LogOutputStream:75 - [STDERR_REDIRECT] 
2025-11-30 09:50:12,471 [ERROR] LogOutputStream:75 - [STDERR_REDIRECT] [Fatal Error] :1:1: Premature end of file.
2025-11-30 09:50:12,471 [ERROR] LogOutputStream:75 - [STDERR_REDIRECT] 
2025-11-30 09:50:13,465 [ERROR] LogOutputStream:75 - [STDERR_REDIRECT] [Fatal Error] :1:1: Premature end of file.
2025-11-30 09:50:13,465 [ERROR] LogOutputStream:75 - [STDERR_REDIRECT] 
2025-11-30 09:50:14,477 [ERROR] LogOutputStream:75 - [STDERR_REDIRECT] [Fatal Error] :1:1: Premature end of file.
2025-11-30 09:50:14,477 [ERROR] LogOutputStream:75 - [STDERR_REDIRECT] 
2025-11-30 09:50:15,495 [ERROR] LogOutputStream:75 - [STDERR_REDIRECT] [Fatal Error] :1:1: Premature end of file.
2025-11-30 09:50:15,496 [ERROR] LogOutputStream:75 - [STDERR_REDIRECT] 
2025-11-30 09:50:16,466 [ERROR] LogOutputStream:75 - [STDERR_REDIRECT] [Fatal Error] :1:1: Premature end of file.
2025-11-30 09:50:16,466 [ERROR] LogOutputStream:75 - [STDERR_REDIRECT] 
2025-11-30 09:50:17,484 [ERROR] LogOutputStream:75 - [STDERR_REDIRECT] [Fatal Error] :1:1: Premature end of file.
2025-11-30 09:50:17,484 [ERROR] LogOutputStream:75 - [STDERR_REDIRECT] 
2025-11-30 09:50:18,468 [ERROR] LogOutputStream:75 - [STDERR_REDIRECT] [Fatal Error] :1:1: Premature end of file.
2025-11-30 09:50:18,468 [ERROR] LogOutputStream:75 - [STDERR_REDIRECT] 
2025-11-30 09:50:19,464 [ERROR] LogOutputStream:75 - [STDERR_REDIRECT] [Fatal Error] :1:1: Premature end of file.
2025-11-30 09:50:19,465 [ERROR] LogOutputStream:75 - [STDERR_REDIRECT] 
2025-11-30 09:50:20,492 [ERROR] LogOutputStream:75 - [STDERR_REDIRECT] [Fatal Error] :1:1: Premature end of file.
2025-11-30 09:50:20,493 [ERROR] LogOutputStream:75 - [STDERR_REDIRECT] 
2025-11-30 09:50:21,490 [ERROR] LogOutputStream:75 - [STDERR_REDIRECT] [Fatal Error] :1:1: Premature end of file.
2025-11-30 09:50:21,490 [ERROR] LogOutputStream:75 - [STDERR_REDIRECT] 
2025-11-30 09:50:22,469 [ERROR] LogOutputStream:75 - [STDERR_REDIRECT] [Fatal Error] :1:1: Premature end of file.
2025-11-30 09:50:22,469 [ERROR] LogOutputStream:75 - [STDERR_REDIRECT] 
2025-11-30 09:50:23,505 [ERROR] LogOutputStream:75 - [STDERR_REDIRECT] [Fatal Error] :1:1: Premature end of file.
2025-11-30 09:50:23,505 [ERROR] LogOutputStream:75 - [STDERR_REDIRECT] 
2025-11-30 09:50:24,488 [ERROR] LogOutputStream:75 - [STDERR_REDIRECT] [Fatal Error] :1:1: Premature end of file.
2025-11-30 09:50:24,488 [ERROR] LogOutputStream:75 - [STDERR_REDIRECT] 
2025-11-30 09:50:25,458 [ERROR] LogOutputStream:75 - [STDERR_REDIRECT] [Fatal Error] :1:1: Premature end of file.
2025-11-30 09:50:25,458 [ERROR] LogOutputStream:75 - [STDERR_REDIRECT] 
2025-11-30 09:50:26,480 [ERROR] LogOutputStream:75 - [STDERR_REDIRECT] [Fatal Error] :1:1: Premature end of file.
2025-11-30 09:50:26,481 [ERROR] LogOutputStream:75 - [STDERR_REDIRECT] 
2025-11-30 09:50:27,477 [ERROR] LogOutputStream:75 - [STDERR_REDIRECT] [Fatal Error] :1:1: Premature end of file.
2025-11-30 09:50:27,477 [ERROR] LogOutputStream:75 - [STDERR_REDIRECT] 
2025-11-30 09:50:28,469 [ERROR] LogOutputStream:75 - [STDERR_REDIRECT] [Fatal Error] :1:1: Premature end of file.
2025-11-30 09:50:28,469 [ERROR] LogOutputStream:75 - [STDERR_REDIRECT] 
2025-11-30 09:50:29,468 [ERROR] LogOutputStream:75 - [STDERR_REDIRECT] [Fatal Error] :1:1: Premature end of file.
2025-11-30 09:50:29,468 [ERROR] LogOutputStream:75 - [STDERR_REDIRECT] 
2025-11-30 09:50:30,477 [ERROR] LogOutputStream:75 - [STDERR_REDIRECT] [Fatal Error] :1:1: Premature end of file.
2025-11-30 09:50:30,477 [ERROR] LogOutputStream:75 - [STDERR_REDIRECT] 
2025-11-30 09:50:31,483 [ERROR] LogOutputStream:75 - [STDERR_REDIRECT] [Fatal Error] :1:1: Premature end of file.
2025-11-30 09:50:31,483 [ERROR] LogOutputStream:75 - [STDERR_REDIRECT] 
2025-11-30 09:50:32,464 [ERROR] LogOutputStream:75 - [STDERR_REDIRECT] [Fatal Error] :1:1: Premature end of file.
2025-11-30 09:50:32,464 [ERROR] LogOutputStream:75 - [STDERR_REDIRECT] 
2025-11-30 09:50:33,460 [ERROR] LogOutputStream:75 - [STDERR_REDIRECT] [Fatal Error] :1:1: Premature end of file.
2025-11-30 09:50:33,461 [ERROR] LogOutputStream:75 - [STDERR_REDIRECT] 
2025-11-30 09:50:34,460 [ERROR] LogOutputStream:75 - [STDERR_REDIRECT] [Fatal Error] :1:1: Premature end of file.
2025-11-30 09:50:34,460 [ERROR] LogOutputStream:75 - [STDERR_REDIRECT] 
2025-11-30 09:50:35,464 [ERROR] LogOutputStream:75 - [STDERR_REDIRECT] [Fatal Error] :1:1: Premature end of file.
2025-11-30 09:50:35,464 [ERROR] LogOutputStream:75 - [STDERR_REDIRECT] 
2025-11-30 09:50:36,467 [ERROR] LogOutputStream:75 - [STDERR_REDIRECT] [Fatal Error] :1:1: Premature end of file.
2025-11-30 09:50:36,467 [ERROR] LogOutputStream:75 - [STDERR_REDIRECT] 
2025-11-30 09:50:37,475 [ERROR] LogOutputStream:75 - [STDERR_REDIRECT] [Fatal Error] :1:1: Premature end of file.
2025-11-30 09:50:37,477 [ERROR] LogOutputStream:75 - [STDERR_REDIRECT] 
2025-11-30 09:50:38,490 [ERROR] LogOutputStream:75 - [STDERR_REDIRECT] [Fatal Error] :1:1: Premature end of file.
2025-11-30 09:50:38,490 [ERROR] LogOutputStream:75 - [STDERR_REDIRECT] 
2025-11-30 09:50:39,471 [ERROR] LogOutputStream:75 - [STDERR_REDIRECT] [Fatal Error] :1:1: Premature end of file.
2025-11-30 09:50:39,471 [ERROR] LogOutputStream:75 - [STDERR_REDIRECT] 
2025-11-30 09:50:40,463 [ERROR] LogOutputStream:75 - [STDERR_REDIRECT] [Fatal Error] :1:1: Premature end of file.
2025-11-30 09:50:40,463 [ERROR] LogOutputStream:75 - [STDERR_REDIRECT] 
2025-11-30 09:50:41,464 [ERROR] LogOutputStream:75 - [STDERR_REDIRECT] [Fatal Error] :1:1: Premature end of file.
2025-11-30 09:50:41,464 [ERROR] LogOutputStream:75 - [STDERR_REDIRECT] 
2025-11-30 09:50:42,473 [ERROR] LogOutputStream:75 - [STDERR_REDIRECT] [Fatal Error] :1:1: Premature end of file.
2025-11-30 09:50:42,474 [ERROR] LogOutputStream:75 - [STDERR_REDIRECT] 
2025-11-30 09:50:43,487 [ERROR] LogOutputStream:75 - [STDERR_REDIRECT] [Fatal Error] :1:1: Premature end of file.
2025-11-30 09:50:43,487 [ERROR] LogOutputStream:75 - [STDERR_REDIRECT] 
2025-11-30 09:50:44,462 [ERROR] LogOutputStream:75 - [STDERR_REDIRECT] [Fatal Error] :1:1: Premature end of file.
2025-11-30 09:50:44,462 [ERROR] LogOutputStream:75 - [STDERR_REDIRECT] 
2025-11-30 09:50:45,473 [ERROR] LogOutputStream:75 - [STDERR_REDIRECT] [Fatal Error] :1:1: Premature end of file.
2025-11-30 09:50:45,473 [ERROR] LogOutputStream:75 - [STDERR_REDIRECT] 
2025-11-30 09:50:46,500 [ERROR] LogOutputStream:75 - [STDERR_REDIRECT] [Fatal Error] :1:1: Premature end of file.
2025-11-30 09:50:46,500 [ERROR] LogOutputStream:75 - [STDERR_REDIRECT] 
2025-11-30 09:50:47,487 [ERROR] LogOutputStream:75 - [STDERR_REDIRECT] [Fatal Error] :1:1: Premature end of file.
2025-11-30 09:50:47,487 [ERROR] LogOutputStream:75 - [STDERR_REDIRECT] 
2025-11-30 09:50:48,463 [ERROR] LogOutputStream:75 - [STDERR_REDIRECT] [Fatal Error] :1:1: Premature end of file.
2025-11-30 09:50:48,463 [ERROR] LogOutputStream:75 - [STDERR_REDIRECT] 
2025-11-30 09:50:49,493 [ERROR] LogOutputStream:75 - [STDERR_REDIRECT] [Fatal Error] :1:1: Premature end of file.
2025-11-30 09:50:49,493 [ERROR] LogOutputStream:75 - [STDERR_REDIRECT] 
2025-11-30 09:50:50,477 [ERROR] LogOutputStream:75 - [STDERR_REDIRECT] [Fatal Error] :1:1: Premature end of file.
2025-11-30 09:50:50,477 [ERROR] LogOutputStream:75 - [STDERR_REDIRECT] 
2025-11-30 09:50:51,465 [ERROR] LogOutputStream:75 - [STDERR_REDIRECT] [Fatal Error] :1:1: Premature end of file.
2025-11-30 09:50:51,465 [ERROR] LogOutputStream:75 - [STDERR_REDIRECT] 
2025-11-30 09:50:52,472 [ERROR] LogOutputStream:75 - [STDERR_REDIRECT] [Fatal Error] :1:1: Premature end of file.
2025-11-30 09:50:52,472 [ERROR] LogOutputStream:75 - [STDERR_REDIRECT] 
2025-11-30 09:50:53,469 [ERROR] LogOutputStream:75 - [STDERR_REDIRECT] [Fatal Error] :1:1: Premature end of file.
2025-11-30 09:50:53,469 [ERROR] LogOutputStream:75 - [STDERR_REDIRECT] 
2025-11-30 09:50:54,485 [ERROR] LogOutputStream:75 - [STDERR_REDIRECT] [Fatal Error] :1:1: Premature end of file.
2025-11-30 09:50:54,486 [ERROR] LogOutputStream:75 - [STDERR_REDIRECT] 
2025-11-30 09:50:55,470 [ERROR] LogOutputStream:75 - [STDERR_REDIRECT] [Fatal Error] :1:1: Premature end of file.
2025-11-30 09:50:55,470 [ERROR] LogOutputStream:75 - [STDERR_REDIRECT] 
2025-11-30 09:50:56,480 [ERROR] LogOutputStream:75 - [STDERR_REDIRECT] [Fatal Error] :1:1: Premature end of file.
2025-11-30 09:50:56,480 [ERROR] LogOutputStream:75 - [STDERR_REDIRECT] 
2025-11-30 09:50:57,468 [ERROR] LogOutputStream:75 - [STDERR_REDIRECT] [Fatal Error] :1:1: Premature end of file.
2025-11-30 09:50:57,468 [ERROR] LogOutputStream:75 - [STDERR_REDIRECT] 
2025-11-30 09:50:58,468 [ERROR] LogOutputStream:75 - [STDERR_REDIRECT] [Fatal Error] :1:1: Premature end of file.
2025-11-30 09:50:58,468 [ERROR] LogOutputStream:75 - [STDERR_REDIRECT] 
2025-11-30 09:50:59,463 [ERROR] LogOutputStream:75 - [STDERR_REDIRECT] [Fatal Error] :1:1: Premature end of file.
2025-11-30 09:50:59,465 [ERROR] LogOutputStream:75 - [STDERR_REDIRECT] 
2025-11-30 09:51:00,473 [ERROR] LogOutputStream:75 - [STDERR_REDIRECT] [Fatal Error] :1:1: Premature end of file.
2025-11-30 09:51:00,474 [ERROR] LogOutputStream:75 - [STDERR_REDIRECT] 
2025-11-30 09:51:01,471 [ERROR] LogOutputStream:75 - [STDERR_REDIRECT] [Fatal Error] :1:1: Premature end of file.
2025-11-30 09:51:01,472 [ERROR] LogOutputStream:75 - [STDERR_REDIRECT] 
2025-11-30 09:51:02,467 [ERROR] LogOutputStream:75 - [STDERR_REDIRECT] [Fatal Error] :1:1: Premature end of file.
2025-11-30 09:51:02,467 [ERROR] LogOutputStream:75 - [STDERR_REDIRECT] 
2025-11-30 09:51:03,472 [ERROR] LogOutputStream:75 - [STDERR_REDIRECT] [Fatal Error] :1:1: Premature end of file.
2025-11-30 09:51:03,472 [ERROR] LogOutputStream:75 - [STDERR_REDIRECT] 
2025-11-30 09:51:04,468 [ERROR] LogOutputStream:75 - [STDERR_REDIRECT] [Fatal Error] :1:1: Premature end of file.
2025-11-30 09:51:04,469 [ERROR] LogOutputStream:75 - [STDERR_REDIRECT] 
2025-11-30 09:51:05,477 [ERROR] LogOutputStream:75 - [STDERR_REDIRECT] [Fatal Error] :1:1: Premature end of file.
2025-11-30 09:51:05,478 [ERROR] LogOutputStream:75 - [STDERR_REDIRECT] 
2025-11-30 09:51:06,467 [ERROR] LogOutputStream:75 - [STDERR_REDIRECT] [Fatal Error] :1:1: Premature end of file.
2025-11-30 09:51:06,468 [ERROR] LogOutputStream:75 - [STDERR_REDIRECT] 
2025-11-30 09:51:07,472 [ERROR] LogOutputStream:75 - [STDERR_REDIRECT] [Fatal Error] :1:1: Premature end of file.
2025-11-30 09:51:07,472 [ERROR] LogOutputStream:75 - [STDERR_REDIRECT] 
2025-11-30 09:51:08,467 [ERROR] LogOutputStream:75 - [STDERR_REDIRECT] [Fatal Error] :1:1: Premature end of file.
2025-11-30 09:51:08,467 [ERROR] LogOutputStream:75 - [STDERR_REDIRECT] 
2025-11-30 09:51:09,467 [ERROR] LogOutputStream:75 - [STDERR_REDIRECT] [Fatal Error] :1:1: Premature end of file.
2025-11-30 09:51:09,467 [ERROR] LogOutputStream:75 - [STDERR_REDIRECT] 
2025-11-30 09:51:10,488 [ERROR] LogOutputStream:75 - [STDERR_REDIRECT] [Fatal Error] :1:1: Premature end of file.
2025-11-30 09:51:10,488 [ERROR] LogOutputStream:75 - [STDERR_REDIRECT] 
2025-11-30 09:51:11,463 [ERROR] LogOutputStream:75 - [STDERR_REDIRECT] [Fatal Error] :1:1: Premature end of file.
2025-11-30 09:51:11,463 [ERROR] LogOutputStream:75 - [STDERR_REDIRECT] 
2025-11-30 09:51:12,471 [ERROR] LogOutputStream:75 - [STDERR_REDIRECT] [Fatal Error] :1:1: Premature end of file.
2025-11-30 09:51:12,471 [ERROR] LogOutputStream:75 - [STDERR_REDIRECT] 
2025-11-30 09:51:13,466 [ERROR] LogOutputStream:75 - [STDERR_REDIRECT] [Fatal Error] :1:1: Premature end of file.
2025-11-30 09:51:13,468 [ERROR] LogOutputStream:75 - [STDERR_REDIRECT] 
2025-11-30 09:51:14,473 [ERROR] LogOutputStream:75 - [STDERR_REDIRECT] [Fatal Error] :1:1: Premature end of file.
2025-11-30 09:51:14,473 [ERROR] LogOutputStream:75 - [STDERR_REDIRECT] 
2025-11-30 09:51:15,478 [ERROR] LogOutputStream:75 - [STDERR_REDIRECT] [Fatal Error] :1:1: Premature end of file.
2025-11-30 09:51:15,478 [ERROR] LogOutputStream:75 - [STDERR_REDIRECT] 
2025-11-30 09:51:16,477 [ERROR] LogOutputStream:75 - [STDERR_REDIRECT] [Fatal Error] :1:1: Premature end of file.
2025-11-30 09:51:16,477 [ERROR] LogOutputStream:75 - [STDERR_REDIRECT] 
2025-11-30 09:51:17,460 [ERROR] LogOutputStream:75 - [STDERR_REDIRECT] [Fatal Error] :1:1: Premature end of file.
2025-11-30 09:51:17,460 [ERROR] LogOutputStream:75 - [STDERR_REDIRECT] 
2025-11-30 09:51:18,481 [ERROR] LogOutputStream:75 - [STDERR_REDIRECT] [Fatal Error] :1:1: Premature end of file.
2025-11-30 09:51:18,481 [ERROR] LogOutputStream:75 - [STDERR_REDIRECT] 
2025-11-30 09:51:19,479 [ERROR] LogOutputStream:75 - [STDERR_REDIRECT] [Fatal Error] :1:1: Premature end of file.
2025-11-30 09:51:19,479 [ERROR] LogOutputStream:75 - [STDERR_REDIRECT] 
2025-11-30 09:51:20,486 [ERROR] LogOutputStream:75 - [STDERR_REDIRECT] [Fatal Error] :1:1: Premature end of file.
2025-11-30 09:51:20,487 [ERROR] LogOutputStream:75 - [STDERR_REDIRECT] 
2025-11-30 09:51:21,499 [ERROR] LogOutputStream:75 - [STDERR_REDIRECT] [Fatal Error] :1:1: Premature end of file.
2025-11-30 09:51:21,499 [ERROR] LogOutputStream:75 - [STDERR_REDIRECT] 
2025-11-30 09:51:22,477 [ERROR] LogOutputStream:75 - [STDERR_REDIRECT] [Fatal Error] :1:1: Premature end of file.
2025-11-30 09:51:22,477 [ERROR] LogOutputStream:75 - [STDERR_REDIRECT] 
2025-11-30 09:51:23,474 [ERROR] LogOutputStream:75 - [STDERR_REDIRECT] [Fatal Error] :1:1: Premature end of file.
2025-11-30 09:51:23,474 [ERROR] LogOutputStream:75 - [STDERR_REDIRECT] 
2025-11-30 09:51:24,487 [ERROR] LogOutputStream:75 - [STDERR_REDIRECT] [Fatal Error] :1:1: Premature end of file.
2025-11-30 09:51:24,487 [ERROR] LogOutputStream:75 - [STDERR_REDIRECT] 
2025-11-30 09:51:25,469 [ERROR] LogOutputStream:75 - [STDERR_REDIRECT] [Fatal Error] :1:1: Premature end of file.
2025-11-30 09:51:25,469 [ERROR] LogOutputStream:75 - [STDERR_REDIRECT] 
2025-11-30 09:51:26,484 [ERROR] LogOutputStream:75 - [STDERR_REDIRECT] [Fatal Error] :1:1: Premature end of file.
2025-11-30 09:51:26,484 [ERROR] LogOutputStream:75 - [STDERR_REDIRECT] 
2025-11-30 09:51:27,470 [ERROR] LogOutputStream:75 - [STDERR_REDIRECT] [Fatal Error] :1:1: Premature end of file.
2025-11-30 09:51:27,470 [ERROR] LogOutputStream:75 - [STDERR_REDIRECT] 
2025-11-30 09:51:28,465 [ERROR] LogOutputStream:75 - [STDERR_REDIRECT] [Fatal Error] :1:1: Premature end of file.
2025-11-30 09:51:28,465 [ERROR] LogOutputStream:75 - [STDERR_REDIRECT] 
2025-11-30 09:51:29,477 [ERROR] LogOutputStream:75 - [STDERR_REDIRECT] [Fatal Error] :1:1: Premature end of file.
2025-11-30 09:51:29,477 [ERROR] LogOutputStream:75 - [STDERR_REDIRECT] 
2025-11-30 09:51:30,475 [ERROR] LogOutputStream:75 - [STDERR_REDIRECT] [Fatal Error] :1:1: Premature end of file.
2025-11-30 09:51:30,475 [ERROR] LogOutputStream:75 - [STDERR_REDIRECT] 
2025-11-30 09:51:31,469 [ERROR] LogOutputStream:75 - [STDERR_REDIRECT] [Fatal Error] :1:1: Premature end of file.
2025-11-30 09:51:31,469 [ERROR] LogOutputStream:75 - [STDERR_REDIRECT] 
2025-11-30 09:51:32,467 [ERROR] LogOutputStream:75 - [STDERR_REDIRECT] [Fatal Error] :1:1: Premature end of file.
2025-11-30 09:51:32,467 [ERROR] LogOutputStream:75 - [STDERR_REDIRECT] 
2025-11-30 09:51:33,482 [ERROR] LogOutputStream:75 - [STDERR_REDIRECT] [Fatal Error] :1:1: Premature end of file.
2025-11-30 09:51:33,482 [ERROR] LogOutputStream:75 - [STDERR_REDIRECT] 
2025-11-30 09:51:34,469 [ERROR] LogOutputStream:75 - [STDERR_REDIRECT] [Fatal Error] :1:1: Premature end of file.
2025-11-30 09:51:34,469 [ERROR] LogOutputStream:75 - [STDERR_REDIRECT] 
2025-11-30 09:51:35,467 [ERROR] LogOutputStream:75 - [STDERR_REDIRECT] [Fatal Error] :1:1: Premature end of file.
2025-11-30 09:51:35,467 [ERROR] LogOutputStream:75 - [STDERR_REDIRECT] 
2025-11-30 09:51:36,493 [ERROR] LogOutputStream:75 - [STDERR_REDIRECT] [Fatal Error] :1:1: Premature end of file.
2025-11-30 09:51:36,493 [ERROR] LogOutputStream:75 - [STDERR_REDIRECT] 
2025-11-30 09:51:37,472 [ERROR] LogOutputStream:75 - [STDERR_REDIRECT] [Fatal Error] :1:1: Premature end of file.
2025-11-30 09:51:37,472 [ERROR] LogOutputStream:75 - [STDERR_REDIRECT] 
2025-11-30 09:51:38,462 [ERROR] LogOutputStream:75 - [STDERR_REDIRECT] [Fatal Error] :1:1: Premature end of file.
2025-11-30 09:51:38,462 [ERROR] LogOutputStream:75 - [STDERR_REDIRECT] 
2025-11-30 09:51:39,465 [ERROR] LogOutputStream:75 - [STDERR_REDIRECT] [Fatal Error] :1:1: Premature end of file.
2025-11-30 09:51:39,465 [ERROR] LogOutputStream:75 - [STDERR_REDIRECT] 
2025-11-30 09:51:40,464 [ERROR] LogOutputStream:75 - [STDERR_REDIRECT] [Fatal Error] :1:1: Premature end of file.
2025-11-30 09:51:40,466 [ERROR] LogOutputStream:75 - [STDERR_REDIRECT] 
2025-11-30 09:51:41,454 [ERROR] LogOutputStream:75 - [STDERR_REDIRECT] [Fatal Error] :1:1: Premature end of file.
2025-11-30 09:51:41,454 [ERROR] LogOutputStream:75 - [STDERR_REDIRECT] 
2025-11-30 09:51:42,456 [ERROR] LogOutputStream:75 - [STDERR_REDIRECT] [Fatal Error] :1:1: Premature end of file.
2025-11-30 09:51:42,456 [ERROR] LogOutputStream:75 - [STDERR_REDIRECT] 
2025-11-30 09:51:43,470 [ERROR] LogOutputStream:75 - [STDERR_REDIRECT] [Fatal Error] :1:1: Premature end of file.
2025-11-30 09:51:43,470 [ERROR] LogOutputStream:75 - [STDERR_REDIRECT] 
2025-11-30 09:51:44,472 [ERROR] LogOutputStream:75 - [STDERR_REDIRECT] [Fatal Error] :1:1: Premature end of file.
2025-11-30 09:51:44,472 [ERROR] LogOutputStream:75 - [STDERR_REDIRECT] 
2025-11-30 09:51:45,463 [ERROR] LogOutputStream:75 - [STDERR_REDIRECT] [Fatal Error] :1:1: Premature end of file.
2025-11-30 09:51:45,463 [ERROR] LogOutputStream:75 - [STDERR_REDIRECT] 
2025-11-30 09:51:46,466 [ERROR] LogOutputStream:75 - [STDERR_REDIRECT] [Fatal Error] :1:1: Premature end of file.
2025-11-30 09:51:46,466 [ERROR] LogOutputStream:75 - [STDERR_REDIRECT] 
2025-11-30 09:51:47,457 [ERROR] LogOutputStream:75 - [STDERR_REDIRECT] [Fatal Error] :1:1: Premature end of file.
2025-11-30 09:51:47,457 [ERROR] LogOutputStream:75 - [STDERR_REDIRECT] 
2025-11-30 09:51:48,462 [ERROR] LogOutputStream:75 - [STDERR_REDIRECT] [Fatal Error] :1:1: Premature end of file.
2025-11-30 09:51:48,462 [ERROR] LogOutputStream:75 - [STDERR_REDIRECT] 
2025-11-30 09:51:49,469 [ERROR] LogOutputStream:75 - [STDERR_REDIRECT] [Fatal Error] :1:1: Premature end of file.
2025-11-30 09:51:49,469 [ERROR] LogOutputStream:75 - [STDERR_REDIRECT] 
2025-11-30 09:51:50,467 [ERROR] LogOutputStream:75 - [STDERR_REDIRECT] [Fatal Error] :1:1: Premature end of file.
2025-11-30 09:51:50,467 [ERROR] LogOutputStream:75 - [STDERR_REDIRECT] 
2025-11-30 09:51:51,456 [ERROR] LogOutputStream:75 - [STDERR_REDIRECT] [Fatal Error] :1:1: Premature end of file.
2025-11-30 09:51:51,456 [ERROR] LogOutputStream:75 - [STDERR_REDIRECT] 
2025-11-30 09:51:52,464 [ERROR] LogOutputStream:75 - [STDERR_REDIRECT] [Fatal Error] :1:1: Premature end of file.
2025-11-30 09:51:52,464 [ERROR] LogOutputStream:75 - [STDERR_REDIRECT] 
2025-11-30 09:51:53,455 [ERROR] LogOutputStream:75 - [STDERR_REDIRECT] [Fatal Error] :1:1: Premature end of file.
2025-11-30 09:51:53,455 [ERROR] LogOutputStream:75 - [STDERR_REDIRECT] 
2025-11-30 09:51:54,453 [ERROR] LogOutputStream:75 - [STDERR_REDIRECT] [Fatal Error] :1:1: Premature end of file.
2025-11-30 09:51:54,455 [ERROR] LogOutputStream:75 - [STDERR_REDIRECT] 
2025-11-30 09:51:55,464 [ERROR] LogOutputStream:75 - [STDERR_REDIRECT] [Fatal Error] :1:1: Premature end of file.
2025-11-30 09:51:55,464 [ERROR] LogOutputStream:75 - [STDERR_REDIRECT] 
2025-11-30 09:51:56,453 [ERROR] LogOutputStream:75 - [STDERR_REDIRECT] [Fatal Error] :1:1: Premature end of file.
2025-11-30 09:51:56,455 [ERROR] LogOutputStream:75 - [STDERR_REDIRECT] 
2025-11-30 09:51:57,454 [ERROR] LogOutputStream:75 - [STDERR_REDIRECT] [Fatal Error] :1:1: Premature end of file.
2025-11-30 09:51:57,454 [ERROR] LogOutputStream:75 - [STDERR_REDIRECT] 
2025-11-30 09:51:58,456 [ERROR] LogOutputStream:75 - [STDERR_REDIRECT] [Fatal Error] :1:1: Premature end of file.
2025-11-30 09:51:58,456 [ERROR] LogOutputStream:75 - [STDERR_REDIRECT] 
2025-11-30 09:51:59,454 [ERROR] LogOutputStream:75 - [STDERR_REDIRECT] [Fatal Error] :1:1: Premature end of file.
2025-11-30 09:51:59,454 [ERROR] LogOutputStream:75 - [STDERR_REDIRECT] 
2025-11-30 09:51:59,915 [INFO] McuFinderGlobals:63 - Set McuFinder mode to 2 (CubeIDE integrated)
2025-11-30 09:51:59,918 [INFO] MainUpdater:2872 - connection check result : 10
2025-11-30 09:51:59,919 [INFO] McuFinderGlobals:76 - Set McuFinderConnectedMode to true
2025-11-30 09:52:00,086 [INFO] ServerAccessManage:452 - Complete download http(s) 200
2025-11-30 09:52:00,087 [INFO] ServerAccessManage:509 - Download File mcusAds.json._tmp_
2025-11-30 09:52:00,209 [INFO] LoadUrlFilesThread:156 - End of LoadUrlFiles Thread
2025-11-30 09:52:00,379 [INFO] ServerAccessManage:452 - Complete download http(s) 200
2025-11-30 09:52:00,379 [INFO] ServerAccessManage:509 - Download File cube-finder-db.zip
2025-11-30 09:52:00,455 [ERROR] LogOutputStream:75 - [STDERR_REDIRECT] [Fatal Error] :1:1: Premature end of file.
2025-11-30 09:52:00,455 [ERROR] LogOutputStream:75 - [STDERR_REDIRECT] 
2025-11-30 09:52:01,456 [ERROR] LogOutputStream:75 - [STDERR_REDIRECT] [Fatal Error] :1:1: Premature end of file.
2025-11-30 09:52:01,458 [ERROR] LogOutputStream:75 - [STDERR_REDIRECT] 
2025-11-30 09:52:01,526 [INFO] FileExtend:248 - Unzip File : cube-finder-db.zip
2025-11-30 09:52:01,527 [INFO] FileExtend:263 - Standard Zip Deflate
2025-11-30 09:52:02,092 [INFO] LoadUrlFilesThread:156 - End of LoadUrlFiles Thread
2025-11-30 09:52:02,483 [ERROR] LogOutputStream:75 - [STDERR_REDIRECT] [Fatal Error] :1:1: Premature end of file.
2025-11-30 09:52:02,483 [ERROR] LogOutputStream:75 - [STDERR_REDIRECT] 
2025-11-30 09:52:02,825 [INFO] ServerAccessManage:452 - Complete download http(s) 200
2025-11-30 09:52:02,827 [INFO] ServerAccessManage:509 - Download File crdb.zip
2025-11-30 09:52:03,463 [ERROR] LogOutputStream:75 - [STDERR_REDIRECT] [Fatal Error] :1:1: Premature end of file.
2025-11-30 09:52:03,463 [ERROR] LogOutputStream:75 - [STDERR_REDIRECT] 
2025-11-30 09:52:03,612 [INFO] FileExtend:248 - Unzip File : crdb.zip
2025-11-30 09:52:03,612 [INFO] FileExtend:263 - Standard Zip Deflate
2025-11-30 09:52:03,737 [INFO] LoadUrlFilesThread:156 - End of LoadUrlFiles Thread
2025-11-30 09:52:03,971 [INFO] ServerAccessManage:452 - Complete download http(s) 200
2025-11-30 09:52:03,972 [INFO] ServerAccessManage:509 - Download File tutoVideoDB.zip
2025-11-30 09:52:04,007 [INFO] FileExtend:248 - Unzip File : tutoVideoDB.zip
2025-11-30 09:52:04,007 [INFO] FileExtend:263 - Standard Zip Deflate
2025-11-30 09:52:04,122 [INFO] LoadUrlFilesThread:156 - End of LoadUrlFiles Thread
2025-11-30 09:52:04,123 [WARN] DbFile:41 - Overriding database path with different value: C:\Users\akash\.stmcufinder\plugins\mcufinder/ => C:\Users\akash\.stmcufinder\plugins\mcufinder
2025-11-30 09:52:04,265 [INFO] ServerAccessManage:452 - Complete download http(s) 200
2025-11-30 09:52:04,267 [INFO] ServerAccessManage:509 - Download File api_config.json
2025-11-30 09:52:04,391 [INFO] LoadUrlFilesThread:156 - End of LoadUrlFiles Thread
2025-11-30 09:52:04,392 [INFO] DbMcusAds:53 - JSON generation date=Tue Nov 25 06:08:32 PST 2025 (1764079712835)
2025-11-30 09:52:04,408 [INFO] LoadUrlFilesThread:185 - End of LoadServerUrlFiles without Thread
2025-11-30 09:52:04,408 [INFO] TargetSelectorAdapter:259 - Refresh data is successful
2025-11-30 09:52:04,454 [ERROR] LogOutputStream:75 - [STDERR_REDIRECT] [Fatal Error] :1:1: Premature end of file.
2025-11-30 09:52:04,454 [ERROR] LogOutputStream:75 - [STDERR_REDIRECT] 
2025-11-30 09:52:04,500 [INFO] ApiDb:581 - Connected to CubeFinder SQLite database (C:\Users\akash\.stmcufinder\plugins\mcufinder\mcu\cube-finder-db.db)
2025-11-30 09:52:04,560 [INFO] ApiDb:668 - CubeFinder database Data Model version=2.1
2025-11-30 09:52:04,560 [INFO] ApiDb:669 - CubeFinder database Configuration version=3.0.39
2025-11-30 09:52:04,560 [INFO] ApiDb:670 - CubeFinder database generation date=2025-11-05 (1762334721)
2025-11-30 09:52:04,560 [INFO] ApiDb:671 - CubeFinder database FW Pack versions=[FP-ATR-ASTRA1_V2.0.0, FP-SNS-FLIGHT1_V5.1.0, FP-SNS-MOTENV1_V5.1.0, FP-SNS-MOTENVWB1_V1.4.0, FP-SNS-SMARTAG2_V1.2.0, FP-SNS-STBOX1_V2.1.0, STM32Cube_FW_C0_V1.4.0, STM32Cube_FW_F4_V1.28.3, STM32Cube_FW_F7_V1.17.4, STM32Cube_FW_G0_V1.6.2, STM32Cube_FW_G4_V1.6.1, STM32Cube_FW_H5_V1.5.1, STM32Cube_FW_H7RS_V1.3.0, STM32Cube_FW_H7_V1.12.1, STM32Cube_FW_L0_V1.12.2, STM32Cube_FW_L4_V1.18.1, STM32Cube_FW_L5_V1.6.0, STM32Cube_FW_N6_V1.3.0, STM32Cube_FW_U0_V1.3.0, STM32Cube_FW_U3_V1.2.1, STM32Cube_FW_U5_V1.8.0, STM32Cube_FW_WB0_V1.4.0, STM32Cube_FW_WBA_V1.8.0, STM32Cube_FW_WB_V1.24.0, STM32Cube_FW_WL3_V1.3.0, STM32Cube_FW_WL_V1.4.0, X-CUBE-ALGOBUILD_V1.4.0, X-CUBE-ALS_V1.0.2, X-CUBE-AZRTOS-F4_V1.1.0, X-CUBE-AZRTOS-F7_V1.1.0, X-CUBE-AZRTOS-G0_V1.1.0, X-CUBE-AZRTOS-G4_V2.0.0, X-CUBE-AZRTOS-H7RS_V1.1.0, X-CUBE-AZRTOS-H7_V3.4.0, X-CUBE-AZRTOS-L4_V2.0.0, X-CUBE-AZRTOS-L5_V2.0.0, X-CUBE-AZRTOS-WB_V2.0.0, X-CUBE-AZRTOS-WL_V2.0.0, X-CUBE-BLE1_V7.1.0, X-CUBE-BLE2_V3.3.0, X-CUBE-BLEMGR_V4.1.0, X-CUBE-EEPRMA1_V5.2.0, X-CUBE-FREERTOS_V1.3.1, X-CUBE-GNSS1_V6.0.0, X-CUBE-MEMS1_V11.3.0, X-CUBE-NFC4_V3.0.0, X-CUBE-NFC7_V2.0.0, X-CUBE-SFXS2LP1_V4.0.0, X-CUBE-ST67W61_V1.1.0, X-CUBE-SUBG2_V5.0.0, X-CUBE-TOF1_V3.4.3]
2025-11-30 09:52:05,455 [ERROR] LogOutputStream:75 - [STDERR_REDIRECT] [Fatal Error] :1:1: Premature end of file.
2025-11-30 09:52:05,455 [ERROR] LogOutputStream:75 - [STDERR_REDIRECT] 
2025-11-30 09:52:06,322 [INFO] ApiDb:240 - Found 880 in-development CPN: [B-G473E-ZEST1S, B-WB1M-WPAN1, B-WBA5M-WPAN, B-WL5M-SUBG1, NUCLEO-C031C6, NUCLEO-C051C8, NUCLEO-C071RB, NUCLEO-C092RC, NUCLEO-H503RB, NUCLEO-H533RE, NUCLEO-H563ZI, NUCLEO-H7S3L8, NUCLEO-N657X0-Q, NUCLEO-U031R8, NUCLEO-U083RC, NUCLEO-U385RG-Q, NUCLEO-U545RE-Q, NUCLEO-U5A5ZJ-Q, NUCLEO-WB05KZ, NUCLEO-WB07CC, NUCLEO-WB09KE, NUCLEO-WBA52CG, NUCLEO-WBA55CG, NUCLEO-WL33CC1, NUCLEO-WL33CC2, STEVAL-PROTEUS1, STEVAL-SMARTAG2, STEVAL-STWINBX1, STM320518-EVAL, STM32C0116-DK, STM32C011D6Y3TR, STM32C011D6Y6TR, STM32C011F4P3, STM32C011F4P6, STM32C011F4U3, STM32C011F4U6TR, STM32C011F6P3, STM32C011F6P6, STM32C011F6U3, STM32C011F6U6TR, STM32C011J4M3, STM32C011J4M6, STM32C011J6M3, STM32C011J6M6, STM32C0316-DK, STM32C031C4T3, STM32C031C4T6, STM32C031C4U3, STM32C031C4U6, STM32C031C6T3, STM32C031C6T6, STM32C031C6U3, STM32C031C6U6, STM32C031F4P3, STM32C031F4P6, STM32C031F6P3, STM32C031F6P6, STM32C031G4U3, STM32C031G4U6, STM32C031G6U3, STM32C031G6U6, STM32C031K4T3, STM32C031K4T6, STM32C031K4U3, STM32C031K4U6, STM32C031K6T3, STM32C031K6T6, STM32C031K6U3, STM32C031K6U6, STM32C051C6T6, STM32C051C6U6, STM32C051C8T6, STM32C051C8U6, STM32C051D8Y6TR, STM32C051F6P6, STM32C051F8P6, STM32C051G6U6, STM32C051G8U6, STM32C051K6T6, STM32C051K6U6, STM32C051K8T6, STM32C071C8T6, STM32C071C8T6N, STM32C071C8U6, STM32C071C8U6N, STM32C071CBT6, STM32C071CBT6N, STM32C071CBU6, STM32C071CBU6N, STM32C071F8P6, STM32C071F8P6N, STM32C071FBP6, STM32C071FBP6N, STM32C071FBY6TR, STM32C071G8U6, STM32C071G8U6N, STM32C071GBU6, STM32C071GBU6N, STM32C071K8T6, STM32C071K8T6N, STM32C071K8U6, STM32C071K8U6N, STM32C071KBT6, STM32C071KBT6N, STM32C071KBU6, STM32C071KBU6N, STM32C071R8T6, STM32C071R8T6N, STM32C071RBI6N, STM32C071RBT6, STM32C071RBT6N, STM32C091CBT6, STM32C091CBU6, STM32C091CCT6, STM32C091CCU6, STM32C091ECY6TR, STM32C091FBP6, STM32C091FCP6, STM32C091GBU6, STM32C091GCU6, STM32C091KBT6, STM32C091KBU6, STM32C091KCT6, STM32C091KCU6, STM32C091RBT6, STM32C091RCI6, STM32C091RCT6, STM32C092CBT6, STM32C092CBU6, STM32C092CCT6, STM32C092CCU6, STM32C092ECY6TR, STM32C092FBP6, STM32C092FCP6, STM32C092GBU6, STM32C092GCU6, STM32C092KBT6, STM32C092KBU6, STM32C092KCT6, STM32C092KCU6, STM32C092RBT6, STM32C092RCI6, STM32C092RCT6, STM32G071K8TXN, STM32G071K8UXN, STM32G081GBU6N, STM32G081KBT6N, STM32G081KBUXN, STM32G0B1CCT6N, STM32G0B1KCT6, STM32G0B1NEY6TR, STM32G0B1RCT6N, STM32G0C1CCT6, STM32G0C1CCT6N, STM32G0C1CCU6N, STM32G0C1CET6N, STM32G0C1CEU6N, STM32G0C1KCT6, STM32G0C1NEY6TR, STM32G0C1RCI6N, STM32G0C1RCT6N, STM32G0C1REI6N, STM32G0C1RET6N, STM32G0C1VCI6, STM32G0C1VEI6, STM32G411C6T3, STM32G411C6T6, STM32G411C6U3, STM32G411C6U6, STM32G411C8T3, STM32G411C8T6, STM32G411C8U3, STM32G411C8U6, STM32G411CBT3, STM32G411CBT6, STM32G411CBU3, STM32G411CBU6, STM32G411K6T3, STM32G411K6T6, STM32G411K6U3, STM32G411K6U6, STM32G411K8T3, STM32G411K8T6, STM32G411K8U3, STM32G411K8U6, STM32G411KBT3, STM32G411KBT6, STM32G411KBU3, STM32G411KBU6, STM32G411M6T3, STM32G411M6T6, STM32G411M8T3, STM32G411M8T6, STM32G411MBT3, STM32G411MBT6, STM32G411R6T3, STM32G411R6T6, STM32G411R8T3, STM32G411R8T6, STM32G411RBT3, STM32G411RBT6, STM32G414CBT3, STM32G414CBT6, STM32G414CBU3, STM32G414CBU6, STM32G414CCT3, STM32G414CCT6, STM32G414CCU3, STM32G414CCU6, STM32G414MBT3, STM32G414MBT6, STM32G414MCT3, STM32G414MCT6, STM32G414RBT3, STM32G414RBT6, STM32G414RCT3, STM32G414RCT6, STM32G414VBT3, STM32G414VBT6, STM32G414VCT3, STM32G414VCT6, STM32G431CBT3Z, STM32G431RBT3Z, STM32G471CCT6, STM32G471CCU6, STM32G471CET3, STM32G471CET6, STM32G471CEU3, STM32G471CEU6, STM32G471MCT6, STM32G471MET3, STM32G471MET6, STM32G471MEY6TR, STM32G471QCT6, STM32G471QET3, STM32G471RCT6, STM32G471RET3, STM32G471RET6, STM32G471VCH6, STM32G471VCI6, STM32G471VCT6, STM32G471VEH3, STM32G471VEH6, STM32G471VEI3, STM32G471VEI6, STM32G471VET3, STM32G471VET6, STM32G473QET3Z, STM32G473RET3Z, STM32G474CCT6, STM32G491RET3Z, STM32H503CBT6, STM32H503CBU6, STM32H503EBY6TR, STM32H503KBU6, STM32H503RBT6, STM32H523CCT6, STM32H523CCU6, STM32H523CET6, STM32H523CEU6, STM32H523HEY6TR, STM32H523RCT6, STM32H523RET6, STM32H523VCI6, STM32H523VCT6, STM32H523VEI6, STM32H523VET6, STM32H523ZCJ6, STM32H523ZCT6, STM32H523ZEJ6, STM32H523ZET6, STM32H533CET6, STM32H533CEU6, STM32H533HEY6TR, STM32H533RET6, STM32H533VEI6, STM32H533VET6, STM32H533ZEJ6, STM32H533ZET6, STM32H562AGI6, STM32H562AII6, STM32H562IGK6, STM32H562IGT6, STM32H562IIK6, STM32H562IIT6, STM32H562RGT6, STM32H562RGV6, STM32H562RIT6, STM32H562RIV6, STM32H562VGT6, STM32H562VIT6, STM32H562ZGT6, STM32H562ZIT6, STM32H563AGI6, STM32H563AII3Q, STM32H563AII6, STM32H563IGK6, STM32H563IGT6, STM32H563IIK3Q, STM32H563IIK6, STM32H563IIT3Q, STM32H563IIT6, STM32H563MIY3QTR, STM32H563RGT6, STM32H563RGV6, STM32H563RIT6, STM32H563RIV6, STM32H563VGT6, STM32H563VIT3Q, STM32H563VIT6, STM32H563ZGT6, STM32H563ZIT3Q, STM32H563ZIT6, STM32H573AII3Q, STM32H573AII6, STM32H573I-DK, STM32H573IIK3Q, STM32H573IIK6, STM32H573IIT3Q, STM32H573IIT6, STM32H573MIY3QTR, STM32H573RIT6, STM32H573RIV6, STM32H573VIT3Q, STM32H573VIT6, STM32H573ZIT3Q, STM32H573ZIT6, STM32H7R3A8I6, STM32H7R3I8K6, STM32H7R3I8T6, STM32H7R3L8H6, STM32H7R3L8H6H, STM32H7R3R8V6, STM32H7R3V8H6, STM32H7R3V8T6, STM32H7R3V8Y6TR, STM32H7R3Z8J6, STM32H7R3Z8T6, STM32H7R7A8I6, STM32H7R7I8K6, STM32H7R7I8T6, STM32H7R7L8H6, STM32H7R7L8H6H, STM32H7R7Z8J6, STM32H7S3A8I6, STM32H7S3I8K6, STM32H7S3I8T6, STM32H7S3L8H6, STM32H7S3L8H6H, STM32H7S3R8V6, STM32H7S3V8H6, STM32H7S3V8T6, STM32H7S3V8Y6TR, STM32H7S3Z8J6, STM32H7S3Z8T6, STM32H7S78-DK, STM32H7S7A8I6, STM32H7S7I8K6, STM32H7S7I8T6, STM32H7S7L8H6, STM32H7S7L8H6H, STM32H7S7Z8J6, STM32L4R5QGI6STR, STM32MP131AAE3, STM32MP131AAF3, STM32MP131AAG3, STM32MP131CAE3, STM32MP131CAF3, STM32MP131CAG3, STM32MP131DAE7, STM32MP131DAF7, STM32MP131DAG7, STM32MP131FAE7, STM32MP131FAF7, STM32MP131FAG7, STM32MP133AAE3, STM32MP133AAF3, STM32MP133AAG3, STM32MP133CAE3, STM32MP133CAF3, STM32MP133CAG3, STM32MP133DAE7, STM32MP133DAF7, STM32MP133DAG7, STM32MP133FAE7, STM32MP133FAF7, STM32MP133FAG7, STM32MP135AAE3, STM32MP135AAF3, STM32MP135AAG3, STM32MP135CAE3, STM32MP135CAF3, STM32MP135CAG3, STM32MP135DAE7, STM32MP135DAF7, STM32MP135DAG7, STM32MP135F-DK, STM32MP135FAE7, STM32MP135FAF7, STM32MP135FAF7T, STM32MP135FAF7U, STM32MP135FAG7, STM32MP211AAL3, STM32MP211AAM3, STM32MP211AAN3, STM32MP211AAO3, STM32MP211CAL3, STM32MP211CAM3, STM32MP211CAN3, STM32MP211CAO3, STM32MP211DAL3, STM32MP211DAM3, STM32MP211DAN3, STM32MP211DAO3, STM32MP211FAL3, STM32MP211FAM3, STM32MP211FAN3, STM32MP211FAO3, STM32MP213AAL3, STM32MP213AAM3, STM32MP213AAN3, STM32MP213AAO3, STM32MP213CAL3, STM32MP213CAM3, STM32MP213CAN3, STM32MP213CAO3, STM32MP213DAL3, STM32MP213DAM3, STM32MP213DAN3, STM32MP213DAO3, STM32MP213FAL3, STM32MP213FAM3, STM32MP213FAN3, STM32MP213FAO3, STM32MP215AAL3, STM32MP215AAM3, STM32MP215AAN3, STM32MP215AAO3, STM32MP215CAL3, STM32MP215CAM3, STM32MP215CAN3, STM32MP215CAO3, STM32MP215DAL3, STM32MP215DAM3, STM32MP215DAN3, STM32MP215DAO3, STM32MP215F-DK, STM32MP215FAL3, STM32MP215FAM3, STM32MP215FAN3, STM32MP215FAO3, STM32MP231AAJ3, STM32MP231AAK3, STM32MP231AAL3, STM32MP231CAJ3, STM32MP231CAK3, STM32MP231CAL3, STM32MP231DAJ3, STM32MP231DAK3, STM32MP231DAL3, STM32MP231FAJ3, STM32MP231FAK3, STM32MP231FAL3, STM32MP233AAJ3, STM32MP233AAK3, STM32MP233AAL3, STM32MP233CAJ3, STM32MP233CAK3, STM32MP233CAL3, STM32MP233DAJ3, STM32MP233DAK3, STM32MP233DAL3, STM32MP233FAJ3, STM32MP233FAK3, STM32MP233FAL3, STM32MP235AAJ3, STM32MP235AAK3, STM32MP235AAL3, STM32MP235CAJ3, STM32MP235CAK3, STM32MP235CAL3, STM32MP235DAJ3, STM32MP235DAK3, STM32MP235DAL3, STM32MP235FAJ3, STM32MP235FAK3, STM32MP235FAL3, STM32MP251AAI3, STM32MP251AAK3, STM32MP251AAL3, STM32MP251CAI3, STM32MP251CAK3, STM32MP251CAL3, STM32MP251DAI3, STM32MP251DAK3, STM32MP251DAL3, STM32MP251FAI3, STM32MP251FAK3, STM32MP251FAL3, STM32MP253AAI3, STM32MP253AAK3, STM32MP253AAL3, STM32MP253CAI3, STM32MP253CAK3, STM32MP253CAL3, STM32MP253DAI3, STM32MP253DAK3, STM32MP253DAL3, STM32MP253FAI3, STM32MP253FAK3, STM32MP253FAL3, STM32MP255AAI3, STM32MP255AAK3, STM32MP255AAL3, STM32MP255CAI3, STM32MP255CAK3, STM32MP255CAL3, STM32MP255DAI3, STM32MP255DAK3, STM32MP255DAL3, STM32MP255FAI3, STM32MP255FAK3, STM32MP255FAL3, STM32MP257AAI3, STM32MP257AAK3, STM32MP257AAL3, STM32MP257CAI3, STM32MP257CAK3, STM32MP257CAL3, STM32MP257DAI3, STM32MP257DAK3, STM32MP257DAL3, STM32MP257F-DK, STM32MP257F-EV1, STM32MP257FAI3, STM32MP257FAK3, STM32MP257FAL3, STM32N645A0H3Q, STM32N645B0H3Q, STM32N645I0H3Q, STM32N645L0H3Q, STM32N645X0H3Q, STM32N645Z0H3Q, STM32N647A0H3Q, STM32N647B0H3Q, STM32N647I0H3Q, STM32N647L0H3Q, STM32N647X0H3Q, STM32N647Z0H3Q, STM32N655A0H3Q, STM32N655B0H3Q, STM32N655I0H3Q, STM32N655L0H3Q, STM32N655X0H3Q, STM32N655Z0H3Q, STM32N6570-DK, STM32N657A0H3Q, STM32N657B0H3Q, STM32N657I0H3Q, STM32N657L0H3Q, STM32N657X0H3Q, STM32N657Z0H3Q, STM32U031C6T6, STM32U031C6U6, STM32U031C8T6, STM32U031C8U6, STM32U031F4P6, STM32U031F6P6, STM32U031F8P6, STM32U031G6Y6TR, STM32U031G8Y6TR, STM32U031K4U6, STM32U031K6U6, STM32U031K8U6, STM32U031R6I6, STM32U031R6T6, STM32U031R8I6, STM32U031R8T6, STM32U073C8T6, STM32U073C8U6, STM32U073CBT6, STM32U073CBU6, STM32U073CCT6, STM32U073CCU6, STM32U073H8Y6TR, STM32U073HBY6TR, STM32U073HCY6TR, STM32U073K8U6, STM32U073KBU6, STM32U073KCU6, STM32U073M8I6, STM32U073M8T6, STM32U073MBI6, STM32U073MBT6, STM32U073MCI6, STM32U073MCT6, STM32U073R8I6, STM32U073R8T6, STM32U073RBI6, STM32U073RBT6, STM32U073RCI6, STM32U073RCT6, STM32U083C-DK, STM32U083CCT6, STM32U083CCU6, STM32U083HCY6TR, STM32U083KCU6, STM32U083MCI6, STM32U083MCT6, STM32U083RCI6, STM32U083RCT6, STM32U375CET6, STM32U375CET6Q, STM32U375CEU6, STM32U375CEU6Q, STM32U375CEY6QTR, STM32U375CGT6, STM32U375CGT6Q, STM32U375CGU6, STM32U375CGU6Q, STM32U375CGY6QTR, STM32U375KEU6, STM32U375KGU6, STM32U375REI6, STM32U375REI6Q, STM32U375RET6, STM32U375RET6Q, STM32U375REY6GTR, STM32U375REY6QTR, STM32U375RGI6, STM32U375RGI6Q, STM32U375RGT6, STM32U375RGT6Q, STM32U375RGY6GTR, STM32U375RGY6QTR, STM32U375VEI6, STM32U375VEI6Q, STM32U375VET6, STM32U375VET6Q, STM32U375VGI6, STM32U375VGI6Q, STM32U375VGT6, STM32U375VGT6Q, STM32U385CGT6, STM32U385CGT6Q, STM32U385CGU6, STM32U385CGU6Q, STM32U385CGY6QTR, STM32U385KGU6, STM32U385RGI6, STM32U385RGI6Q, STM32U385RGT6, STM32U385RGT6Q, STM32U385RGY6GTR, STM32U385RGY6QTR, STM32U385VGI6, STM32U385VGI6Q, STM32U385VGT6, STM32U385VGT6Q, STM32U535CBT6, STM32U535CBT6Q, STM32U535CBU6, STM32U535CBU6Q, STM32U535CCT6, STM32U535CCT6Q, STM32U535CCU6, STM32U535CCU6Q, STM32U535CET6, STM32U535CET6Q, STM32U535CEU6, STM32U535CEU6Q, STM32U535JEY6QTR, STM32U535NCY6QTR, STM32U535NEY6QTR, STM32U535RBI6, STM32U535RBI6Q, STM32U535RBT6, STM32U535RBT6Q, STM32U535RCI6, STM32U535RCI6Q, STM32U535RCT6, STM32U535RCT6Q, STM32U535REI6, STM32U535REI6Q, STM32U535RET6, STM32U535RET6Q, STM32U535VCI6, STM32U535VCI6Q, STM32U535VCT6, STM32U535VCT6Q, STM32U535VEI6, STM32U535VEI6Q, STM32U535VET6, STM32U535VET6Q, STM32U545CET6, STM32U545CET6Q, STM32U545CEU6, STM32U545CEU6Q, STM32U545JEY6QTR, STM32U545NEY6QTR, STM32U545REI6, STM32U545REI6Q, STM32U545RET6, STM32U545RET6Q, STM32U545VEI6, STM32U545VEI6Q, STM32U545VET6, STM32U545VET6Q, STM32U595AIH6, STM32U595AIH6Q, STM32U595AJH6, STM32U595AJH6Q, STM32U595QII6, STM32U595QII6Q, STM32U595QJI6, STM32U595QJI6Q, STM32U595RIT6, STM32U595RIT6Q, STM32U595RJT6, STM32U595RJT6Q, STM32U595VIT6, STM32U595VIT6Q, STM32U595VJT6, STM32U595VJT6Q, STM32U595ZIT6, STM32U595ZIT6Q, STM32U595ZIY6QTR, STM32U595ZJT6, STM32U595ZJT6Q, STM32U595ZJY6QTR, STM32U599BJY6QTR, STM32U599NIH6Q, STM32U599NJH6Q, STM32U599VIT6Q, STM32U599VJT6, STM32U599VJT6Q, STM32U599ZIT6Q, STM32U599ZIY6QTR, STM32U599ZJT6Q, STM32U599ZJY6QTR, STM32U5A5AJH6, STM32U5A5AJH6Q, STM32U5A5QII3Q , STM32U5A5QJI6, STM32U5A5QJI6Q, STM32U5A5RJT6, STM32U5A5RJT6Q, STM32U5A5VJT6, STM32U5A5VJT6Q, STM32U5A5ZJT6, STM32U5A5ZJT6Q, STM32U5A5ZJY6QTR, STM32U5A9BJY6QTR, STM32U5A9J-DK, STM32U5A9NJH6Q, STM32U5A9VJT6Q, STM32U5A9ZJT6Q, STM32U5A9ZJY6QTR, STM32U5F7VIT6, STM32U5F7VIT6Q, STM32U5F7VJT6, STM32U5F7VJT6Q, STM32U5F9BJY6QTR, STM32U5F9NJH6Q, STM32U5F9VIT6Q, STM32U5F9VJT6Q, STM32U5F9ZIJ6QTR, STM32U5F9ZIT6Q, STM32U5F9ZJJ6QTR, STM32U5F9ZJT6Q, STM32U5G7VJT6, STM32U5G7VJT6Q, STM32U5G9BJY6QTR, STM32U5G9J-DK1, STM32U5G9J-DK2, STM32U5G9NJH6Q, STM32U5G9VJT6Q, STM32U5G9ZJJ6QTR, STM32U5G9ZJT6Q, STM32WB05KZV6TR, STM32WB05KZV7TR, STM32WB05TZF6TR, STM32WB05TZF7TR, STM32WB06CCF6TR, STM32WB06CCF7TR, STM32WB06CCV6TR, STM32WB06CCV7TR, STM32WB06KCV6TR, STM32WB06KCV7TR, STM32WB07CCF6TR, STM32WB07CCF7TR, STM32WB07CCV6TR, STM32WB07CCV7TR, STM32WB07KCV6TR, STM32WB07KCV7TR, STM32WB09KEV6TR, STM32WB09KEV7TR, STM32WB09TEF6TR, STM32WB09TEF7TR, STM32WB1MMCH6, STM32WBA50KGU6, STM32WBA50KGU6TR, STM32WBA52CEU6, STM32WBA52CEU6TR, STM32WBA52CEU7, STM32WBA52CEU7TR, STM32WBA52CGU6, STM32WBA52CGU6TR, STM32WBA52CGU6U, STM32WBA52CGU7, STM32WBA52CGU7TR, STM32WBA52KEU6, STM32WBA52KEU6TR, STM32WBA52KGU6, STM32WBA52KGU6TR, STM32WBA54CEU6, STM32WBA54CEU6TR, STM32WBA54CEU7, STM32WBA54CEU7TR, STM32WBA54CGU6, STM32WBA54CGU6TR, STM32WBA54CGU7, STM32WBA54CGU7TR, STM32WBA54KEU6, STM32WBA54KEU6TR, STM32WBA54KEU7, STM32WBA54KEU7TR, STM32WBA54KGU6, STM32WBA54KGU6TR, STM32WBA54KGU7, STM32WBA54KGU7TR, STM32WBA55CEU6, STM32WBA55CEU6TR, STM32WBA55CEU7, STM32WBA55CEU7TR, STM32WBA55CGU6, STM32WBA55CGU6TR, STM32WBA55CGU6U, STM32WBA55CGU7, STM32WBA55CGU7TR, STM32WBA55G-DK1, STM32WBA55HEF6, STM32WBA55HEF7, STM32WBA55HGF6, STM32WBA55HGF7, STM32WBA55UEI6, STM32WBA55UEI6TR, STM32WBA55UEI7, STM32WBA55UEI7TR, STM32WBA55UGI6, STM32WBA55UGI6TR, STM32WBA55UGI7, STM32WBA55UGI7TR, STM32WBA5MMGH6TR, STM32WBA62MGF6, STM32WBA62MIF6, STM32WBA65MGF7, STM32WBA65MIF6, STM32WBA65MIF7, STM32WL30K8V6, STM32WL30KBV6, STM32WL31C8V6, STM32WL31CBV6, STM32WL31K8V6, STM32WL31KBV6, STM32WL33C8V6, STM32WL33C8V6X, STM32WL33CBV6, STM32WL33CBV6X, STM32WL33CCV6, STM32WL33CCV6A, STM32WL33CCV6X, STM32WL33K8V7, STM32WL33K8V7X, STM32WL33KBV7 , STM32WL33KBV7X, STM32WL33KCV7, STM32WL33KCV7X, STM32WL5MOCH6, STM32WL5MOCH6TR]
2025-11-30 09:52:06,327 [INFO] DbMcus:218 - Found 4876 MCUs, 4876 are supported
2025-11-30 09:52:06,334 [INFO] ApiDb:423 - Load user favorites file C:\Users\akash/.stm32cubeide/favorites.mcus.txt: 0 item(s)
2025-11-30 09:52:06,334 [INFO] ApiDb:427 - User favorites MCUs=[]
2025-11-30 09:52:06,335 [INFO] DbMcus:224 - Set 0 / 0 favorites MCUs
2025-11-30 09:52:06,455 [ERROR] LogOutputStream:75 - [STDERR_REDIRECT] [Fatal Error] :1:1: Premature end of file.
2025-11-30 09:52:06,455 [ERROR] LogOutputStream:75 - [STDERR_REDIRECT] 
2025-11-30 09:52:06,677 [INFO] ApiDb:668 - CubeFinder database Data Model version=2.1
2025-11-30 09:52:06,677 [INFO] ApiDb:669 - CubeFinder database Configuration version=3.0.39
2025-11-30 09:52:06,677 [INFO] ApiDb:670 - CubeFinder database generation date=2025-11-05 (1762334721)
2025-11-30 09:52:06,677 [INFO] ApiDb:671 - CubeFinder database FW Pack versions=[FP-ATR-ASTRA1_V2.0.0, FP-SNS-FLIGHT1_V5.1.0, FP-SNS-MOTENV1_V5.1.0, FP-SNS-MOTENVWB1_V1.4.0, FP-SNS-SMARTAG2_V1.2.0, FP-SNS-STBOX1_V2.1.0, STM32Cube_FW_C0_V1.4.0, STM32Cube_FW_F4_V1.28.3, STM32Cube_FW_F7_V1.17.4, STM32Cube_FW_G0_V1.6.2, STM32Cube_FW_G4_V1.6.1, STM32Cube_FW_H5_V1.5.1, STM32Cube_FW_H7RS_V1.3.0, STM32Cube_FW_H7_V1.12.1, STM32Cube_FW_L0_V1.12.2, STM32Cube_FW_L4_V1.18.1, STM32Cube_FW_L5_V1.6.0, STM32Cube_FW_N6_V1.3.0, STM32Cube_FW_U0_V1.3.0, STM32Cube_FW_U3_V1.2.1, STM32Cube_FW_U5_V1.8.0, STM32Cube_FW_WB0_V1.4.0, STM32Cube_FW_WBA_V1.8.0, STM32Cube_FW_WB_V1.24.0, STM32Cube_FW_WL3_V1.3.0, STM32Cube_FW_WL_V1.4.0, X-CUBE-ALGOBUILD_V1.4.0, X-CUBE-ALS_V1.0.2, X-CUBE-AZRTOS-F4_V1.1.0, X-CUBE-AZRTOS-F7_V1.1.0, X-CUBE-AZRTOS-G0_V1.1.0, X-CUBE-AZRTOS-G4_V2.0.0, X-CUBE-AZRTOS-H7RS_V1.1.0, X-CUBE-AZRTOS-H7_V3.4.0, X-CUBE-AZRTOS-L4_V2.0.0, X-CUBE-AZRTOS-L5_V2.0.0, X-CUBE-AZRTOS-WB_V2.0.0, X-CUBE-AZRTOS-WL_V2.0.0, X-CUBE-BLE1_V7.1.0, X-CUBE-BLE2_V3.3.0, X-CUBE-BLEMGR_V4.1.0, X-CUBE-EEPRMA1_V5.2.0, X-CUBE-FREERTOS_V1.3.1, X-CUBE-GNSS1_V6.0.0, X-CUBE-MEMS1_V11.3.0, X-CUBE-NFC4_V3.0.0, X-CUBE-NFC7_V2.0.0, X-CUBE-SFXS2LP1_V4.0.0, X-CUBE-ST67W61_V1.1.0, X-CUBE-SUBG2_V5.0.0, X-CUBE-TOF1_V3.4.3]
2025-11-30 09:52:06,716 [INFO] DbBoardsSqlite:226 - include board P-NUCLEO-WB55-NUCLEO as a kit item of type 'Nucleo-64'
2025-11-30 09:52:06,716 [INFO] DbBoardsSqlite:226 - include board P-NUCLEO-WB55-USBDONGLE as a kit item of type 'Nucleo USB Dongle'
2025-11-30 09:52:06,716 [INFO] DbBoardsSqlite:226 - include board STEVAL-IDP005V1 as a kit item of type 'Evaluation Board'
2025-11-30 09:52:06,716 [INFO] DbBoardsSqlite:226 - include board STEVAL-IDP005V2 as a kit item of type 'Evaluation Board'
2025-11-30 09:52:06,765 [INFO] ApiDb:240 - Found 880 in-development CPN: [B-G473E-ZEST1S, B-WB1M-WPAN1, B-WBA5M-WPAN, B-WL5M-SUBG1, NUCLEO-C031C6, NUCLEO-C051C8, NUCLEO-C071RB, NUCLEO-C092RC, NUCLEO-H503RB, NUCLEO-H533RE, NUCLEO-H563ZI, NUCLEO-H7S3L8, NUCLEO-N657X0-Q, NUCLEO-U031R8, NUCLEO-U083RC, NUCLEO-U385RG-Q, NUCLEO-U545RE-Q, NUCLEO-U5A5ZJ-Q, NUCLEO-WB05KZ, NUCLEO-WB07CC, NUCLEO-WB09KE, NUCLEO-WBA52CG, NUCLEO-WBA55CG, NUCLEO-WL33CC1, NUCLEO-WL33CC2, STEVAL-PROTEUS1, STEVAL-SMARTAG2, STEVAL-STWINBX1, STM320518-EVAL, STM32C0116-DK, STM32C011D6Y3TR, STM32C011D6Y6TR, STM32C011F4P3, STM32C011F4P6, STM32C011F4U3, STM32C011F4U6TR, STM32C011F6P3, STM32C011F6P6, STM32C011F6U3, STM32C011F6U6TR, STM32C011J4M3, STM32C011J4M6, STM32C011J6M3, STM32C011J6M6, STM32C0316-DK, STM32C031C4T3, STM32C031C4T6, STM32C031C4U3, STM32C031C4U6, STM32C031C6T3, STM32C031C6T6, STM32C031C6U3, STM32C031C6U6, STM32C031F4P3, STM32C031F4P6, STM32C031F6P3, STM32C031F6P6, STM32C031G4U3, STM32C031G4U6, STM32C031G6U3, STM32C031G6U6, STM32C031K4T3, STM32C031K4T6, STM32C031K4U3, STM32C031K4U6, STM32C031K6T3, STM32C031K6T6, STM32C031K6U3, STM32C031K6U6, STM32C051C6T6, STM32C051C6U6, STM32C051C8T6, STM32C051C8U6, STM32C051D8Y6TR, STM32C051F6P6, STM32C051F8P6, STM32C051G6U6, STM32C051G8U6, STM32C051K6T6, STM32C051K6U6, STM32C051K8T6, STM32C071C8T6, STM32C071C8T6N, STM32C071C8U6, STM32C071C8U6N, STM32C071CBT6, STM32C071CBT6N, STM32C071CBU6, STM32C071CBU6N, STM32C071F8P6, STM32C071F8P6N, STM32C071FBP6, STM32C071FBP6N, STM32C071FBY6TR, STM32C071G8U6, STM32C071G8U6N, STM32C071GBU6, STM32C071GBU6N, STM32C071K8T6, STM32C071K8T6N, STM32C071K8U6, STM32C071K8U6N, STM32C071KBT6, STM32C071KBT6N, STM32C071KBU6, STM32C071KBU6N, STM32C071R8T6, STM32C071R8T6N, STM32C071RBI6N, STM32C071RBT6, STM32C071RBT6N, STM32C091CBT6, STM32C091CBU6, STM32C091CCT6, STM32C091CCU6, STM32C091ECY6TR, STM32C091FBP6, STM32C091FCP6, STM32C091GBU6, STM32C091GCU6, STM32C091KBT6, STM32C091KBU6, STM32C091KCT6, STM32C091KCU6, STM32C091RBT6, STM32C091RCI6, STM32C091RCT6, STM32C092CBT6, STM32C092CBU6, STM32C092CCT6, STM32C092CCU6, STM32C092ECY6TR, STM32C092FBP6, STM32C092FCP6, STM32C092GBU6, STM32C092GCU6, STM32C092KBT6, STM32C092KBU6, STM32C092KCT6, STM32C092KCU6, STM32C092RBT6, STM32C092RCI6, STM32C092RCT6, STM32G071K8TXN, STM32G071K8UXN, STM32G081GBU6N, STM32G081KBT6N, STM32G081KBUXN, STM32G0B1CCT6N, STM32G0B1KCT6, STM32G0B1NEY6TR, STM32G0B1RCT6N, STM32G0C1CCT6, STM32G0C1CCT6N, STM32G0C1CCU6N, STM32G0C1CET6N, STM32G0C1CEU6N, STM32G0C1KCT6, STM32G0C1NEY6TR, STM32G0C1RCI6N, STM32G0C1RCT6N, STM32G0C1REI6N, STM32G0C1RET6N, STM32G0C1VCI6, STM32G0C1VEI6, STM32G411C6T3, STM32G411C6T6, STM32G411C6U3, STM32G411C6U6, STM32G411C8T3, STM32G411C8T6, STM32G411C8U3, STM32G411C8U6, STM32G411CBT3, STM32G411CBT6, STM32G411CBU3, STM32G411CBU6, STM32G411K6T3, STM32G411K6T6, STM32G411K6U3, STM32G411K6U6, STM32G411K8T3, STM32G411K8T6, STM32G411K8U3, STM32G411K8U6, STM32G411KBT3, STM32G411KBT6, STM32G411KBU3, STM32G411KBU6, STM32G411M6T3, STM32G411M6T6, STM32G411M8T3, STM32G411M8T6, STM32G411MBT3, STM32G411MBT6, STM32G411R6T3, STM32G411R6T6, STM32G411R8T3, STM32G411R8T6, STM32G411RBT3, STM32G411RBT6, STM32G414CBT3, STM32G414CBT6, STM32G414CBU3, STM32G414CBU6, STM32G414CCT3, STM32G414CCT6, STM32G414CCU3, STM32G414CCU6, STM32G414MBT3, STM32G414MBT6, STM32G414MCT3, STM32G414MCT6, STM32G414RBT3, STM32G414RBT6, STM32G414RCT3, STM32G414RCT6, STM32G414VBT3, STM32G414VBT6, STM32G414VCT3, STM32G414VCT6, STM32G431CBT3Z, STM32G431RBT3Z, STM32G471CCT6, STM32G471CCU6, STM32G471CET3, STM32G471CET6, STM32G471CEU3, STM32G471CEU6, STM32G471MCT6, STM32G471MET3, STM32G471MET6, STM32G471MEY6TR, STM32G471QCT6, STM32G471QET3, STM32G471RCT6, STM32G471RET3, STM32G471RET6, STM32G471VCH6, STM32G471VCI6, STM32G471VCT6, STM32G471VEH3, STM32G471VEH6, STM32G471VEI3, STM32G471VEI6, STM32G471VET3, STM32G471VET6, STM32G473QET3Z, STM32G473RET3Z, STM32G474CCT6, STM32G491RET3Z, STM32H503CBT6, STM32H503CBU6, STM32H503EBY6TR, STM32H503KBU6, STM32H503RBT6, STM32H523CCT6, STM32H523CCU6, STM32H523CET6, STM32H523CEU6, STM32H523HEY6TR, STM32H523RCT6, STM32H523RET6, STM32H523VCI6, STM32H523VCT6, STM32H523VEI6, STM32H523VET6, STM32H523ZCJ6, STM32H523ZCT6, STM32H523ZEJ6, STM32H523ZET6, STM32H533CET6, STM32H533CEU6, STM32H533HEY6TR, STM32H533RET6, STM32H533VEI6, STM32H533VET6, STM32H533ZEJ6, STM32H533ZET6, STM32H562AGI6, STM32H562AII6, STM32H562IGK6, STM32H562IGT6, STM32H562IIK6, STM32H562IIT6, STM32H562RGT6, STM32H562RGV6, STM32H562RIT6, STM32H562RIV6, STM32H562VGT6, STM32H562VIT6, STM32H562ZGT6, STM32H562ZIT6, STM32H563AGI6, STM32H563AII3Q, STM32H563AII6, STM32H563IGK6, STM32H563IGT6, STM32H563IIK3Q, STM32H563IIK6, STM32H563IIT3Q, STM32H563IIT6, STM32H563MIY3QTR, STM32H563RGT6, STM32H563RGV6, STM32H563RIT6, STM32H563RIV6, STM32H563VGT6, STM32H563VIT3Q, STM32H563VIT6, STM32H563ZGT6, STM32H563ZIT3Q, STM32H563ZIT6, STM32H573AII3Q, STM32H573AII6, STM32H573I-DK, STM32H573IIK3Q, STM32H573IIK6, STM32H573IIT3Q, STM32H573IIT6, STM32H573MIY3QTR, STM32H573RIT6, STM32H573RIV6, STM32H573VIT3Q, STM32H573VIT6, STM32H573ZIT3Q, STM32H573ZIT6, STM32H7R3A8I6, STM32H7R3I8K6, STM32H7R3I8T6, STM32H7R3L8H6, STM32H7R3L8H6H, STM32H7R3R8V6, STM32H7R3V8H6, STM32H7R3V8T6, STM32H7R3V8Y6TR, STM32H7R3Z8J6, STM32H7R3Z8T6, STM32H7R7A8I6, STM32H7R7I8K6, STM32H7R7I8T6, STM32H7R7L8H6, STM32H7R7L8H6H, STM32H7R7Z8J6, STM32H7S3A8I6, STM32H7S3I8K6, STM32H7S3I8T6, STM32H7S3L8H6, STM32H7S3L8H6H, STM32H7S3R8V6, STM32H7S3V8H6, STM32H7S3V8T6, STM32H7S3V8Y6TR, STM32H7S3Z8J6, STM32H7S3Z8T6, STM32H7S78-DK, STM32H7S7A8I6, STM32H7S7I8K6, STM32H7S7I8T6, STM32H7S7L8H6, STM32H7S7L8H6H, STM32H7S7Z8J6, STM32L4R5QGI6STR, STM32MP131AAE3, STM32MP131AAF3, STM32MP131AAG3, STM32MP131CAE3, STM32MP131CAF3, STM32MP131CAG3, STM32MP131DAE7, STM32MP131DAF7, STM32MP131DAG7, STM32MP131FAE7, STM32MP131FAF7, STM32MP131FAG7, STM32MP133AAE3, STM32MP133AAF3, STM32MP133AAG3, STM32MP133CAE3, STM32MP133CAF3, STM32MP133CAG3, STM32MP133DAE7, STM32MP133DAF7, STM32MP133DAG7, STM32MP133FAE7, STM32MP133FAF7, STM32MP133FAG7, STM32MP135AAE3, STM32MP135AAF3, STM32MP135AAG3, STM32MP135CAE3, STM32MP135CAF3, STM32MP135CAG3, STM32MP135DAE7, STM32MP135DAF7, STM32MP135DAG7, STM32MP135F-DK, STM32MP135FAE7, STM32MP135FAF7, STM32MP135FAF7T, STM32MP135FAF7U, STM32MP135FAG7, STM32MP211AAL3, STM32MP211AAM3, STM32MP211AAN3, STM32MP211AAO3, STM32MP211CAL3, STM32MP211CAM3, STM32MP211CAN3, STM32MP211CAO3, STM32MP211DAL3, STM32MP211DAM3, STM32MP211DAN3, STM32MP211DAO3, STM32MP211FAL3, STM32MP211FAM3, STM32MP211FAN3, STM32MP211FAO3, STM32MP213AAL3, STM32MP213AAM3, STM32MP213AAN3, STM32MP213AAO3, STM32MP213CAL3, STM32MP213CAM3, STM32MP213CAN3, STM32MP213CAO3, STM32MP213DAL3, STM32MP213DAM3, STM32MP213DAN3, STM32MP213DAO3, STM32MP213FAL3, STM32MP213FAM3, STM32MP213FAN3, STM32MP213FAO3, STM32MP215AAL3, STM32MP215AAM3, STM32MP215AAN3, STM32MP215AAO3, STM32MP215CAL3, STM32MP215CAM3, STM32MP215CAN3, STM32MP215CAO3, STM32MP215DAL3, STM32MP215DAM3, STM32MP215DAN3, STM32MP215DAO3, STM32MP215F-DK, STM32MP215FAL3, STM32MP215FAM3, STM32MP215FAN3, STM32MP215FAO3, STM32MP231AAJ3, STM32MP231AAK3, STM32MP231AAL3, STM32MP231CAJ3, STM32MP231CAK3, STM32MP231CAL3, STM32MP231DAJ3, STM32MP231DAK3, STM32MP231DAL3, STM32MP231FAJ3, STM32MP231FAK3, STM32MP231FAL3, STM32MP233AAJ3, STM32MP233AAK3, STM32MP233AAL3, STM32MP233CAJ3, STM32MP233CAK3, STM32MP233CAL3, STM32MP233DAJ3, STM32MP233DAK3, STM32MP233DAL3, STM32MP233FAJ3, STM32MP233FAK3, STM32MP233FAL3, STM32MP235AAJ3, STM32MP235AAK3, STM32MP235AAL3, STM32MP235CAJ3, STM32MP235CAK3, STM32MP235CAL3, STM32MP235DAJ3, STM32MP235DAK3, STM32MP235DAL3, STM32MP235FAJ3, STM32MP235FAK3, STM32MP235FAL3, STM32MP251AAI3, STM32MP251AAK3, STM32MP251AAL3, STM32MP251CAI3, STM32MP251CAK3, STM32MP251CAL3, STM32MP251DAI3, STM32MP251DAK3, STM32MP251DAL3, STM32MP251FAI3, STM32MP251FAK3, STM32MP251FAL3, STM32MP253AAI3, STM32MP253AAK3, STM32MP253AAL3, STM32MP253CAI3, STM32MP253CAK3, STM32MP253CAL3, STM32MP253DAI3, STM32MP253DAK3, STM32MP253DAL3, STM32MP253FAI3, STM32MP253FAK3, STM32MP253FAL3, STM32MP255AAI3, STM32MP255AAK3, STM32MP255AAL3, STM32MP255CAI3, STM32MP255CAK3, STM32MP255CAL3, STM32MP255DAI3, STM32MP255DAK3, STM32MP255DAL3, STM32MP255FAI3, STM32MP255FAK3, STM32MP255FAL3, STM32MP257AAI3, STM32MP257AAK3, STM32MP257AAL3, STM32MP257CAI3, STM32MP257CAK3, STM32MP257CAL3, STM32MP257DAI3, STM32MP257DAK3, STM32MP257DAL3, STM32MP257F-DK, STM32MP257F-EV1, STM32MP257FAI3, STM32MP257FAK3, STM32MP257FAL3, STM32N645A0H3Q, STM32N645B0H3Q, STM32N645I0H3Q, STM32N645L0H3Q, STM32N645X0H3Q, STM32N645Z0H3Q, STM32N647A0H3Q, STM32N647B0H3Q, STM32N647I0H3Q, STM32N647L0H3Q, STM32N647X0H3Q, STM32N647Z0H3Q, STM32N655A0H3Q, STM32N655B0H3Q, STM32N655I0H3Q, STM32N655L0H3Q, STM32N655X0H3Q, STM32N655Z0H3Q, STM32N6570-DK, STM32N657A0H3Q, STM32N657B0H3Q, STM32N657I0H3Q, STM32N657L0H3Q, STM32N657X0H3Q, STM32N657Z0H3Q, STM32U031C6T6, STM32U031C6U6, STM32U031C8T6, STM32U031C8U6, STM32U031F4P6, STM32U031F6P6, STM32U031F8P6, STM32U031G6Y6TR, STM32U031G8Y6TR, STM32U031K4U6, STM32U031K6U6, STM32U031K8U6, STM32U031R6I6, STM32U031R6T6, STM32U031R8I6, STM32U031R8T6, STM32U073C8T6, STM32U073C8U6, STM32U073CBT6, STM32U073CBU6, STM32U073CCT6, STM32U073CCU6, STM32U073H8Y6TR, STM32U073HBY6TR, STM32U073HCY6TR, STM32U073K8U6, STM32U073KBU6, STM32U073KCU6, STM32U073M8I6, STM32U073M8T6, STM32U073MBI6, STM32U073MBT6, STM32U073MCI6, STM32U073MCT6, STM32U073R8I6, STM32U073R8T6, STM32U073RBI6, STM32U073RBT6, STM32U073RCI6, STM32U073RCT6, STM32U083C-DK, STM32U083CCT6, STM32U083CCU6, STM32U083HCY6TR, STM32U083KCU6, STM32U083MCI6, STM32U083MCT6, STM32U083RCI6, STM32U083RCT6, STM32U375CET6, STM32U375CET6Q, STM32U375CEU6, STM32U375CEU6Q, STM32U375CEY6QTR, STM32U375CGT6, STM32U375CGT6Q, STM32U375CGU6, STM32U375CGU6Q, STM32U375CGY6QTR, STM32U375KEU6, STM32U375KGU6, STM32U375REI6, STM32U375REI6Q, STM32U375RET6, STM32U375RET6Q, STM32U375REY6GTR, STM32U375REY6QTR, STM32U375RGI6, STM32U375RGI6Q, STM32U375RGT6, STM32U375RGT6Q, STM32U375RGY6GTR, STM32U375RGY6QTR, STM32U375VEI6, STM32U375VEI6Q, STM32U375VET6, STM32U375VET6Q, STM32U375VGI6, STM32U375VGI6Q, STM32U375VGT6, STM32U375VGT6Q, STM32U385CGT6, STM32U385CGT6Q, STM32U385CGU6, STM32U385CGU6Q, STM32U385CGY6QTR, STM32U385KGU6, STM32U385RGI6, STM32U385RGI6Q, STM32U385RGT6, STM32U385RGT6Q, STM32U385RGY6GTR, STM32U385RGY6QTR, STM32U385VGI6, STM32U385VGI6Q, STM32U385VGT6, STM32U385VGT6Q, STM32U535CBT6, STM32U535CBT6Q, STM32U535CBU6, STM32U535CBU6Q, STM32U535CCT6, STM32U535CCT6Q, STM32U535CCU6, STM32U535CCU6Q, STM32U535CET6, STM32U535CET6Q, STM32U535CEU6, STM32U535CEU6Q, STM32U535JEY6QTR, STM32U535NCY6QTR, STM32U535NEY6QTR, STM32U535RBI6, STM32U535RBI6Q, STM32U535RBT6, STM32U535RBT6Q, STM32U535RCI6, STM32U535RCI6Q, STM32U535RCT6, STM32U535RCT6Q, STM32U535REI6, STM32U535REI6Q, STM32U535RET6, STM32U535RET6Q, STM32U535VCI6, STM32U535VCI6Q, STM32U535VCT6, STM32U535VCT6Q, STM32U535VEI6, STM32U535VEI6Q, STM32U535VET6, STM32U535VET6Q, STM32U545CET6, STM32U545CET6Q, STM32U545CEU6, STM32U545CEU6Q, STM32U545JEY6QTR, STM32U545NEY6QTR, STM32U545REI6, STM32U545REI6Q, STM32U545RET6, STM32U545RET6Q, STM32U545VEI6, STM32U545VEI6Q, STM32U545VET6, STM32U545VET6Q, STM32U595AIH6, STM32U595AIH6Q, STM32U595AJH6, STM32U595AJH6Q, STM32U595QII6, STM32U595QII6Q, STM32U595QJI6, STM32U595QJI6Q, STM32U595RIT6, STM32U595RIT6Q, STM32U595RJT6, STM32U595RJT6Q, STM32U595VIT6, STM32U595VIT6Q, STM32U595VJT6, STM32U595VJT6Q, STM32U595ZIT6, STM32U595ZIT6Q, STM32U595ZIY6QTR, STM32U595ZJT6, STM32U595ZJT6Q, STM32U595ZJY6QTR, STM32U599BJY6QTR, STM32U599NIH6Q, STM32U599NJH6Q, STM32U599VIT6Q, STM32U599VJT6, STM32U599VJT6Q, STM32U599ZIT6Q, STM32U599ZIY6QTR, STM32U599ZJT6Q, STM32U599ZJY6QTR, STM32U5A5AJH6, STM32U5A5AJH6Q, STM32U5A5QII3Q , STM32U5A5QJI6, STM32U5A5QJI6Q, STM32U5A5RJT6, STM32U5A5RJT6Q, STM32U5A5VJT6, STM32U5A5VJT6Q, STM32U5A5ZJT6, STM32U5A5ZJT6Q, STM32U5A5ZJY6QTR, STM32U5A9BJY6QTR, STM32U5A9J-DK, STM32U5A9NJH6Q, STM32U5A9VJT6Q, STM32U5A9ZJT6Q, STM32U5A9ZJY6QTR, STM32U5F7VIT6, STM32U5F7VIT6Q, STM32U5F7VJT6, STM32U5F7VJT6Q, STM32U5F9BJY6QTR, STM32U5F9NJH6Q, STM32U5F9VIT6Q, STM32U5F9VJT6Q, STM32U5F9ZIJ6QTR, STM32U5F9ZIT6Q, STM32U5F9ZJJ6QTR, STM32U5F9ZJT6Q, STM32U5G7VJT6, STM32U5G7VJT6Q, STM32U5G9BJY6QTR, STM32U5G9J-DK1, STM32U5G9J-DK2, STM32U5G9NJH6Q, STM32U5G9VJT6Q, STM32U5G9ZJJ6QTR, STM32U5G9ZJT6Q, STM32WB05KZV6TR, STM32WB05KZV7TR, STM32WB05TZF6TR, STM32WB05TZF7TR, STM32WB06CCF6TR, STM32WB06CCF7TR, STM32WB06CCV6TR, STM32WB06CCV7TR, STM32WB06KCV6TR, STM32WB06KCV7TR, STM32WB07CCF6TR, STM32WB07CCF7TR, STM32WB07CCV6TR, STM32WB07CCV7TR, STM32WB07KCV6TR, STM32WB07KCV7TR, STM32WB09KEV6TR, STM32WB09KEV7TR, STM32WB09TEF6TR, STM32WB09TEF7TR, STM32WB1MMCH6, STM32WBA50KGU6, STM32WBA50KGU6TR, STM32WBA52CEU6, STM32WBA52CEU6TR, STM32WBA52CEU7, STM32WBA52CEU7TR, STM32WBA52CGU6, STM32WBA52CGU6TR, STM32WBA52CGU6U, STM32WBA52CGU7, STM32WBA52CGU7TR, STM32WBA52KEU6, STM32WBA52KEU6TR, STM32WBA52KGU6, STM32WBA52KGU6TR, STM32WBA54CEU6, STM32WBA54CEU6TR, STM32WBA54CEU7, STM32WBA54CEU7TR, STM32WBA54CGU6, STM32WBA54CGU6TR, STM32WBA54CGU7, STM32WBA54CGU7TR, STM32WBA54KEU6, STM32WBA54KEU6TR, STM32WBA54KEU7, STM32WBA54KEU7TR, STM32WBA54KGU6, STM32WBA54KGU6TR, STM32WBA54KGU7, STM32WBA54KGU7TR, STM32WBA55CEU6, STM32WBA55CEU6TR, STM32WBA55CEU7, STM32WBA55CEU7TR, STM32WBA55CGU6, STM32WBA55CGU6TR, STM32WBA55CGU6U, STM32WBA55CGU7, STM32WBA55CGU7TR, STM32WBA55G-DK1, STM32WBA55HEF6, STM32WBA55HEF7, STM32WBA55HGF6, STM32WBA55HGF7, STM32WBA55UEI6, STM32WBA55UEI6TR, STM32WBA55UEI7, STM32WBA55UEI7TR, STM32WBA55UGI6, STM32WBA55UGI6TR, STM32WBA55UGI7, STM32WBA55UGI7TR, STM32WBA5MMGH6TR, STM32WBA62MGF6, STM32WBA62MIF6, STM32WBA65MGF7, STM32WBA65MIF6, STM32WBA65MIF7, STM32WL30K8V6, STM32WL30KBV6, STM32WL31C8V6, STM32WL31CBV6, STM32WL31K8V6, STM32WL31KBV6, STM32WL33C8V6, STM32WL33C8V6X, STM32WL33CBV6, STM32WL33CBV6X, STM32WL33CCV6, STM32WL33CCV6A, STM32WL33CCV6X, STM32WL33K8V7, STM32WL33K8V7X, STM32WL33KBV7 , STM32WL33KBV7X, STM32WL33KCV7, STM32WL33KCV7X, STM32WL5MOCH6, STM32WL5MOCH6TR]
2025-11-30 09:52:07,013 [INFO] BoardInfo:889 - No configuration file found for board P-NUCLEO-WB55
2025-11-30 09:52:07,014 [INFO] DbBoards:161 - Kit is not supported: P-NUCLEO-WB55
2025-11-30 09:52:07,021 [INFO] BoardInfo:889 - No configuration file found for board STEVAL-BFA001V1B
2025-11-30 09:52:07,022 [INFO] DbBoards:161 - Kit is not supported: STEVAL-BFA001V1B
2025-11-30 09:52:07,023 [INFO] BoardInfo:889 - No configuration file found for board STEVAL-BFA001V2B
2025-11-30 09:52:07,024 [INFO] DbBoards:161 - Kit is not supported: STEVAL-BFA001V2B
2025-11-30 09:52:07,241 [INFO] DbBoards:168 - Found 212 boards, 209 are supported
2025-11-30 09:52:07,241 [INFO] DbBoards:169 - Found 212 boards, 43 of them is supported for  Bsp
2025-11-30 09:52:07,243 [INFO] ApiDb:423 - Load user favorites file C:\Users\akash/.stm32cubeide/favorites.boards.txt: 2 item(s)
2025-11-30 09:52:07,243 [INFO] ApiDb:427 - User favorites Boards=[NUCLEO-H755ZI-Q, STM32H747I-DISCO]
2025-11-30 09:52:07,243 [INFO] DbBoards:198 - Set 2 / 2 favorites Boards
2025-11-30 09:52:07,245 [INFO] ApiDb:668 - CubeFinder database Data Model version=2.1
2025-11-30 09:52:07,245 [INFO] ApiDb:669 - CubeFinder database Configuration version=3.0.39
2025-11-30 09:52:07,245 [INFO] ApiDb:670 - CubeFinder database generation date=2025-11-05 (1762334721)
2025-11-30 09:52:07,245 [INFO] ApiDb:671 - CubeFinder database FW Pack versions=[FP-ATR-ASTRA1_V2.0.0, FP-SNS-FLIGHT1_V5.1.0, FP-SNS-MOTENV1_V5.1.0, FP-SNS-MOTENVWB1_V1.4.0, FP-SNS-SMARTAG2_V1.2.0, FP-SNS-STBOX1_V2.1.0, STM32Cube_FW_C0_V1.4.0, STM32Cube_FW_F4_V1.28.3, STM32Cube_FW_F7_V1.17.4, STM32Cube_FW_G0_V1.6.2, STM32Cube_FW_G4_V1.6.1, STM32Cube_FW_H5_V1.5.1, STM32Cube_FW_H7RS_V1.3.0, STM32Cube_FW_H7_V1.12.1, STM32Cube_FW_L0_V1.12.2, STM32Cube_FW_L4_V1.18.1, STM32Cube_FW_L5_V1.6.0, STM32Cube_FW_N6_V1.3.0, STM32Cube_FW_U0_V1.3.0, STM32Cube_FW_U3_V1.2.1, STM32Cube_FW_U5_V1.8.0, STM32Cube_FW_WB0_V1.4.0, STM32Cube_FW_WBA_V1.8.0, STM32Cube_FW_WB_V1.24.0, STM32Cube_FW_WL3_V1.3.0, STM32Cube_FW_WL_V1.4.0, X-CUBE-ALGOBUILD_V1.4.0, X-CUBE-ALS_V1.0.2, X-CUBE-AZRTOS-F4_V1.1.0, X-CUBE-AZRTOS-F7_V1.1.0, X-CUBE-AZRTOS-G0_V1.1.0, X-CUBE-AZRTOS-G4_V2.0.0, X-CUBE-AZRTOS-H7RS_V1.1.0, X-CUBE-AZRTOS-H7_V3.4.0, X-CUBE-AZRTOS-L4_V2.0.0, X-CUBE-AZRTOS-L5_V2.0.0, X-CUBE-AZRTOS-WB_V2.0.0, X-CUBE-AZRTOS-WL_V2.0.0, X-CUBE-BLE1_V7.1.0, X-CUBE-BLE2_V3.3.0, X-CUBE-BLEMGR_V4.1.0, X-CUBE-EEPRMA1_V5.2.0, X-CUBE-FREERTOS_V1.3.1, X-CUBE-GNSS1_V6.0.0, X-CUBE-MEMS1_V11.3.0, X-CUBE-NFC4_V3.0.0, X-CUBE-NFC7_V2.0.0, X-CUBE-SFXS2LP1_V4.0.0, X-CUBE-ST67W61_V1.1.0, X-CUBE-SUBG2_V5.0.0, X-CUBE-TOF1_V3.4.3]
2025-11-30 09:52:07,458 [ERROR] LogOutputStream:75 - [STDERR_REDIRECT] [Fatal Error] :1:1: Premature end of file.
2025-11-30 09:52:07,458 [ERROR] LogOutputStream:75 - [STDERR_REDIRECT] 
2025-11-30 09:52:07,820 [ERROR] DbExamplesSqlite:437 - Missing JSON key: board_cpn
2025-11-30 09:52:07,820 [ERROR] DbExamplesSqlite:437 - Missing JSON key: board_cpn
2025-11-30 09:52:07,820 [ERROR] DbExamplesSqlite:437 - Missing JSON key: board_cpn
2025-11-30 09:52:07,820 [ERROR] DbExamplesSqlite:437 - Missing JSON key: board_cpn
2025-11-30 09:52:08,038 [ERROR] DbExamplesSqlite:437 - Missing JSON key: board_cpn
2025-11-30 09:52:08,038 [ERROR] DbExamplesSqlite:437 - Missing JSON key: board_cpn
2025-11-30 09:52:08,061 [INFO] DbExamplesSqlite:395 - Ignored 42 examples not supported by CubeIDE
2025-11-30 09:52:08,061 [INFO] DbExamplesSqlite:396 - Found 10883 examples active
2025-11-30 09:52:08,061 [INFO] DbExamplesSqlite:397 - Found 0 examples obsolete
2025-11-30 09:52:08,062 [INFO] DbExamplesSqlite:398 - Found 0 examples under development
2025-11-30 09:52:08,062 [INFO] DbExamplesSqlite:399 - Found 85 examples not building
2025-11-30 09:52:08,063 [INFO] DbExamples:125 - Found 10926 examples
2025-11-30 09:52:08,094 [ERROR] DbExamples:208 - Found 73 examples with invalid data (board or MCU)
2025-11-30 09:52:08,094 [INFO] DbExamples:222 - Found 134 boards with related examples
2025-11-30 09:52:08,095 [INFO] DbExamples:235 - Found 111 MCUs with related examples
2025-11-30 09:52:08,117 [INFO] ApiDb:423 - Load user favorites file C:\Users\akash/.stm32cubeide/favorites.examples.txt: 0 item(s)
2025-11-30 09:52:08,117 [INFO] ApiDb:427 - User favorites Examples=[]
2025-11-30 09:52:08,117 [INFO] DbExamples:250 - Set 0 / 0 favorites Examples
2025-11-30 09:52:08,211 [INFO] McuFinderGlobals:76 - Set McuFinderConnectedMode to true
2025-11-30 09:52:08,219 [INFO] MultiScanPanel:200 - Auto-refresh data requested => check proxy status ongoing
2025-11-30 09:52:08,221 [INFO] FinderPluginLoader:96 - Searching for filters in installed packs
2025-11-30 09:52:08,456 [ERROR] LogOutputStream:75 - [STDERR_REDIRECT] [Fatal Error] :1:1: Premature end of file.
2025-11-30 09:52:08,457 [ERROR] LogOutputStream:75 - [STDERR_REDIRECT] 
2025-11-30 09:52:09,316 [INFO] LoadUrlFilesThread:185 - End of LoadServerUrlFiles without Thread
2025-11-30 09:52:09,373 [INFO] DetailPanel:341 - Set advertising image to C:/Users/akash/STM32Cube/Repository/\en.mcu-finder-preevent.jpg
2025-11-30 09:52:09,455 [ERROR] LogOutputStream:75 - [STDERR_REDIRECT] [Fatal Error] :1:1: Premature end of file.
2025-11-30 09:52:09,455 [ERROR] LogOutputStream:75 - [STDERR_REDIRECT] 
2025-11-30 09:52:10,198 [INFO] MultiScanPanel:200 - Auto-refresh data requested => check proxy status ongoing
2025-11-30 09:52:10,289 [INFO] LoadUrlFilesThread:185 - End of LoadServerUrlFiles without Thread
2025-11-30 09:52:10,289 [INFO] DetailPanel:341 - Set advertising image to C:/Users/akash/STM32Cube/Repository/\en.mcu-finder-preevent.jpg
2025-11-30 09:52:10,297 [INFO] DbBoards:642 - Loading board mini-images...
2025-11-30 09:52:10,456 [ERROR] LogOutputStream:75 - [STDERR_REDIRECT] [Fatal Error] :1:1: Premature end of file.
2025-11-30 09:52:10,456 [ERROR] LogOutputStream:75 - [STDERR_REDIRECT] 
2025-11-30 09:52:11,458 [ERROR] LogOutputStream:75 - [STDERR_REDIRECT] [Fatal Error] :1:1: Premature end of file.
2025-11-30 09:52:11,458 [ERROR] LogOutputStream:75 - [STDERR_REDIRECT] 
2025-11-30 09:52:12,079 [ERROR] DbBoards:659 - Image file not found for board STM32MP215F-DK: C:\Users\akash\.stmcufinder\plugins\mcufinder//mcu//boards_images/STM32MP215F-DK.jpg
2025-11-30 09:52:12,167 [INFO] DbBoards:665 - Loaded 211 board mini-images
2025-11-30 09:52:12,221 [INFO] MultiScanPanel:200 - Auto-refresh data requested => check proxy status ongoing
2025-11-30 09:52:12,229 [INFO] SoftwarePacks:127 - Download is needed for SW pack 'FP-ATR-ASTRA1_V2.0.0'
2025-11-30 09:52:12,231 [INFO] SoftwarePacks:127 - Download is needed for SW pack 'FP-SNS-FLIGHT1_V5.1.0'
2025-11-30 09:52:12,236 [INFO] SoftwarePacks:127 - Download is needed for SW pack 'FP-SNS-MOTENV1_V5.1.0'
2025-11-30 09:52:12,238 [INFO] SoftwarePacks:127 - Download is needed for SW pack 'FP-SNS-MOTENVWB1_V1.4.0'
2025-11-30 09:52:12,240 [INFO] SoftwarePacks:127 - Download is needed for SW pack 'FP-SNS-SMARTAG2_V1.2.0'
2025-11-30 09:52:12,243 [INFO] SoftwarePacks:127 - Download is needed for SW pack 'FP-SNS-STBOX1_V2.1.0'
2025-11-30 09:52:12,251 [INFO] SoftwarePacks:127 - Download is needed for SW pack 'STM32Cube_FW_C0_V1.4.0'
2025-11-30 09:52:12,255 [INFO] SoftwarePacks:127 - Download is needed for SW pack 'STM32Cube_FW_F4_V1.28.3'
2025-11-30 09:52:12,261 [INFO] SoftwarePacks:127 - Download is needed for SW pack 'STM32Cube_FW_F7_V1.17.4'
2025-11-30 09:52:12,267 [INFO] SoftwarePacks:131 - Found SW pack 'STM32Cube_FW_G0_V1.6.2' up-to-date on disk.
2025-11-30 09:52:12,271 [INFO] SoftwarePacks:131 - Found SW pack 'STM32Cube_FW_G4_V1.6.1' up-to-date on disk.
2025-11-30 09:52:12,277 [INFO] SoftwarePacks:127 - Download is needed for SW pack 'STM32Cube_FW_H5_V1.5.1'
2025-11-30 09:52:12,281 [INFO] SoftwarePacks:127 - Download is needed for SW pack 'STM32Cube_FW_H7RS_V1.3.0'
2025-11-30 09:52:12,286 [INFO] SoftwarePacks:131 - Found SW pack 'STM32Cube_FW_H7_V1.12.1' up-to-date on disk.
2025-11-30 09:52:12,291 [INFO] SoftwarePacks:127 - Download is needed for SW pack 'STM32Cube_FW_L0_V1.12.2'
2025-11-30 09:52:12,296 [INFO] SoftwarePacks:127 - Download is needed for SW pack 'STM32Cube_FW_L4_V1.18.1'
2025-11-30 09:52:12,301 [INFO] SoftwarePacks:127 - Download is needed for SW pack 'STM32Cube_FW_L5_V1.6.0'
2025-11-30 09:52:12,306 [INFO] SoftwarePacks:127 - Download is needed for SW pack 'STM32Cube_FW_N6_V1.3.0'
2025-11-30 09:52:12,311 [INFO] SoftwarePacks:127 - Download is needed for SW pack 'STM32Cube_FW_U0_V1.3.0'
2025-11-30 09:52:12,315 [INFO] SoftwarePacks:127 - Download is needed for SW pack 'STM32Cube_FW_U3_V1.2.1'
2025-11-30 09:52:12,320 [INFO] SoftwarePacks:127 - Download is needed for SW pack 'STM32Cube_FW_U5_V1.8.0'
2025-11-30 09:52:12,325 [INFO] SoftwarePacks:127 - Download is needed for SW pack 'STM32Cube_FW_WB0_V1.4.0'
2025-11-30 09:52:12,329 [INFO] SoftwarePacks:127 - Download is needed for SW pack 'STM32Cube_FW_WBA_V1.8.0'
2025-11-30 09:52:12,372 [INFO] SoftwarePacks:127 - Download is needed for SW pack 'STM32Cube_FW_WB_V1.24.0'
2025-11-30 09:52:12,377 [INFO] SoftwarePacks:127 - Download is needed for SW pack 'STM32Cube_FW_WL3_V1.3.0'
2025-11-30 09:52:12,382 [INFO] SoftwarePacks:127 - Download is needed for SW pack 'STM32Cube_FW_WL_V1.4.0'
2025-11-30 09:52:12,384 [INFO] SoftwarePacks:127 - Download is needed for SW pack 'X-CUBE-ALGOBUILD_V1.4.0'
2025-11-30 09:52:12,387 [INFO] SoftwarePacks:127 - Download is needed for SW pack 'X-CUBE-ALS_V1.0.2'
2025-11-30 09:52:12,388 [INFO] SoftwarePacks:127 - Download is needed for SW pack 'X-CUBE-AZRTOS-F4_V1.1.0'
2025-11-30 09:52:12,390 [INFO] SoftwarePacks:127 - Download is needed for SW pack 'X-CUBE-AZRTOS-F7_V1.1.0'
2025-11-30 09:52:12,393 [INFO] SoftwarePacks:127 - Download is needed for SW pack 'X-CUBE-AZRTOS-G0_V1.1.0'
2025-11-30 09:52:12,395 [INFO] SoftwarePacks:127 - Download is needed for SW pack 'X-CUBE-AZRTOS-G4_V2.0.0'
2025-11-30 09:52:12,397 [INFO] SoftwarePacks:127 - Download is needed for SW pack 'X-CUBE-AZRTOS-H7RS_V1.1.0'
2025-11-30 09:52:12,399 [INFO] SoftwarePacks:127 - Download is needed for SW pack 'X-CUBE-AZRTOS-H7_V3.4.0'
2025-11-30 09:52:12,401 [INFO] SoftwarePacks:127 - Download is needed for SW pack 'X-CUBE-AZRTOS-L4_V2.0.0'
2025-11-30 09:52:12,403 [INFO] SoftwarePacks:127 - Download is needed for SW pack 'X-CUBE-AZRTOS-L5_V2.0.0'
2025-11-30 09:52:12,407 [INFO] SoftwarePacks:127 - Download is needed for SW pack 'X-CUBE-AZRTOS-WB_V2.0.0'
2025-11-30 09:52:12,409 [INFO] SoftwarePacks:127 - Download is needed for SW pack 'X-CUBE-AZRTOS-WL_V2.0.0'
2025-11-30 09:52:12,411 [INFO] SoftwarePacks:127 - Download is needed for SW pack 'X-CUBE-BLE1_V7.1.0'
2025-11-30 09:52:12,413 [INFO] SoftwarePacks:127 - Download is needed for SW pack 'X-CUBE-BLE2_V3.3.0'
2025-11-30 09:52:12,415 [INFO] SoftwarePacks:127 - Download is needed for SW pack 'X-CUBE-BLEMGR_V4.1.0'
2025-11-30 09:52:12,418 [INFO] SoftwarePacks:127 - Download is needed for SW pack 'X-CUBE-EEPRMA1_V5.2.0'
2025-11-30 09:52:12,421 [INFO] SoftwarePacks:127 - Download is needed for SW pack 'X-CUBE-FREERTOS_V1.3.1'
2025-11-30 09:52:12,422 [INFO] SoftwarePacks:127 - Download is needed for SW pack 'X-CUBE-GNSS1_V6.0.0'
2025-11-30 09:52:12,425 [INFO] SoftwarePacks:127 - Download is needed for SW pack 'X-CUBE-MEMS1_V11.3.0'
2025-11-30 09:52:12,427 [INFO] SoftwarePacks:127 - Download is needed for SW pack 'X-CUBE-NFC4_V3.0.0'
2025-11-30 09:52:12,429 [INFO] SoftwarePacks:127 - Download is needed for SW pack 'X-CUBE-NFC7_V2.0.0'
2025-11-30 09:52:12,431 [INFO] SoftwarePacks:127 - Download is needed for SW pack 'X-CUBE-SFXS2LP1_V4.0.0'
2025-11-30 09:52:12,433 [INFO] SoftwarePacks:127 - Download is needed for SW pack 'X-CUBE-ST67W61_V1.1.0'
2025-11-30 09:52:12,435 [INFO] SoftwarePacks:127 - Download is needed for SW pack 'X-CUBE-SUBG2_V5.0.0'
2025-11-30 09:52:12,438 [INFO] SoftwarePacks:127 - Download is needed for SW pack 'X-CUBE-TOF1_V3.4.3'
2025-11-30 09:52:12,456 [ERROR] LogOutputStream:75 - [STDERR_REDIRECT] [Fatal Error] :1:1: Premature end of file.
2025-11-30 09:52:12,456 [ERROR] LogOutputStream:75 - [STDERR_REDIRECT] 
2025-11-30 09:52:13,455 [ERROR] LogOutputStream:75 - [STDERR_REDIRECT] [Fatal Error] :1:1: Premature end of file.
2025-11-30 09:52:13,455 [ERROR] LogOutputStream:75 - [STDERR_REDIRECT] 
2025-11-30 09:52:13,893 [INFO] LoadUrlFilesThread:185 - End of LoadServerUrlFiles without Thread
2025-11-30 09:52:13,895 [INFO] DetailPanel:341 - Set advertising image to C:/Users/akash/STM32Cube/Repository/\en.mcu-finder-preevent.jpg
2025-11-30 09:52:14,293 [ERROR] AppliInfo:139 - Unknown STM32CubeMX version: 6.16.0
2025-11-30 09:52:14,293 [ERROR] AppliInfo:139 - Unknown STM32CubeMX version: 6.16.0
2025-11-30 09:52:14,293 [ERROR] AppliInfo:139 - Unknown STM32CubeMX version: 6.16.0
2025-11-30 09:52:14,293 [ERROR] AppliInfo:139 - Unknown STM32CubeMX version: 6.16.0
2025-11-30 09:52:14,293 [ERROR] AppliInfo:139 - Unknown STM32CubeMX version: 6.16.0
2025-11-30 09:52:14,311 [ERROR] AppliInfo:139 - Unknown STM32CubeMX version: 6.16.0
2025-11-30 09:52:14,311 [ERROR] AppliInfo:139 - Unknown STM32CubeMX version: 6.16.0
2025-11-30 09:52:14,311 [ERROR] AppliInfo:139 - Unknown STM32CubeMX version: 6.16.0
2025-11-30 09:52:14,314 [ERROR] AppliInfo:139 - Unknown STM32CubeMX version: 6.16.0
2025-11-30 09:52:14,431 [ERROR] AppliInfo:139 - Unknown STM32CubeMX version: 6.16.0
2025-11-30 09:52:14,433 [ERROR] AppliInfo:139 - Unknown STM32CubeMX version: 6.16.0
2025-11-30 09:52:14,480 [ERROR] LogOutputStream:75 - [STDERR_REDIRECT] [Fatal Error] :1:1: Premature end of file.
2025-11-30 09:52:14,480 [ERROR] LogOutputStream:75 - [STDERR_REDIRECT] 
2025-11-30 09:52:14,487 [ERROR] AppliInfo:139 - Unknown STM32CubeMX version: 6.16.0
2025-11-30 09:52:14,489 [ERROR] AppliInfo:139 - Unknown STM32CubeMX version: 6.16.0
2025-11-30 09:52:14,489 [ERROR] AppliInfo:139 - Unknown STM32CubeMX version: 6.16.0
2025-11-30 09:52:14,489 [ERROR] AppliInfo:139 - Unknown STM32CubeMX version: 6.16.0
2025-11-30 09:52:14,489 [ERROR] AppliInfo:139 - Unknown STM32CubeMX version: 6.16.0
2025-11-30 09:52:14,490 [ERROR] AppliInfo:139 - Unknown STM32CubeMX version: 6.16.0
2025-11-30 09:52:14,490 [ERROR] AppliInfo:139 - Unknown STM32CubeMX version: 6.16.0
2025-11-30 09:52:14,490 [ERROR] AppliInfo:139 - Unknown STM32CubeMX version: 6.16.0
2025-11-30 09:52:14,490 [ERROR] AppliInfo:139 - Unknown STM32CubeMX version: 6.16.0
2025-11-30 09:52:14,490 [ERROR] AppliInfo:139 - Unknown STM32CubeMX version: 6.16.0
2025-11-30 09:52:14,490 [ERROR] AppliInfo:139 - Unknown STM32CubeMX version: 6.16.0
2025-11-30 09:52:14,491 [ERROR] AppliInfo:139 - Unknown STM32CubeMX version: 6.16.0
2025-11-30 09:52:14,491 [ERROR] AppliInfo:139 - Unknown STM32CubeMX version: 6.16.0
2025-11-30 09:52:14,492 [ERROR] AppliInfo:139 - Unknown STM32CubeMX version: 6.16.0
2025-11-30 09:52:14,492 [ERROR] AppliInfo:139 - Unknown STM32CubeMX version: 6.16.0
2025-11-30 09:52:14,493 [ERROR] AppliInfo:139 - Unknown STM32CubeMX version: 6.16.0
2025-11-30 09:52:14,493 [ERROR] AppliInfo:139 - Unknown STM32CubeMX version: 6.16.0
2025-11-30 09:52:14,493 [ERROR] AppliInfo:139 - Unknown STM32CubeMX version: 6.16.0
2025-11-30 09:52:14,495 [ERROR] AppliInfo:139 - Unknown STM32CubeMX version: 6.16.0
2025-11-30 09:52:14,495 [ERROR] AppliInfo:139 - Unknown STM32CubeMX version: 6.16.0
2025-11-30 09:52:14,495 [ERROR] AppliInfo:139 - Unknown STM32CubeMX version: 6.16.0
2025-11-30 09:52:14,495 [ERROR] AppliInfo:139 - Unknown STM32CubeMX version: 6.16.0
2025-11-30 09:52:14,495 [ERROR] AppliInfo:139 - Unknown STM32CubeMX version: 6.16.0
2025-11-30 09:52:14,496 [ERROR] AppliInfo:139 - Unknown STM32CubeMX version: 6.16.0
2025-11-30 09:52:14,497 [ERROR] AppliInfo:139 - Unknown STM32CubeMX version: 6.16.0
2025-11-30 09:52:14,497 [ERROR] AppliInfo:139 - Unknown STM32CubeMX version: 6.16.0
2025-11-30 09:52:14,498 [ERROR] AppliInfo:139 - Unknown STM32CubeMX version: 6.16.0
2025-11-30 09:52:14,498 [ERROR] AppliInfo:139 - Unknown STM32CubeMX version: 6.16.0
2025-11-30 09:52:14,498 [ERROR] AppliInfo:139 - Unknown STM32CubeMX version: 6.16.0
2025-11-30 09:52:14,502 [ERROR] AppliInfo:139 - Unknown STM32CubeMX version: 6.16.0
2025-11-30 09:52:14,503 [ERROR] AppliInfo:139 - Unknown STM32CubeMX version: 6.16.0
2025-11-30 09:52:14,503 [ERROR] AppliInfo:139 - Unknown STM32CubeMX version: 6.16.0
2025-11-30 09:52:14,503 [ERROR] AppliInfo:139 - Unknown STM32CubeMX version: 6.16.0
2025-11-30 09:52:14,503 [ERROR] AppliInfo:139 - Unknown STM32CubeMX version: 6.16.0
2025-11-30 09:52:14,504 [ERROR] AppliInfo:139 - Unknown STM32CubeMX version: 6.16.0
2025-11-30 09:52:14,505 [ERROR] AppliInfo:139 - Unknown STM32CubeMX version: 6.16.0
2025-11-30 09:52:14,505 [ERROR] AppliInfo:139 - Unknown STM32CubeMX version: 6.16.0
2025-11-30 09:52:14,505 [ERROR] AppliInfo:139 - Unknown STM32CubeMX version: 6.16.0
2025-11-30 09:52:14,505 [ERROR] AppliInfo:139 - Unknown STM32CubeMX version: 6.16.0
2025-11-30 09:52:14,577 [ERROR] AppliInfo:139 - Unknown STM32CubeMX version: 6.16.0
2025-11-30 09:52:14,586 [ERROR] AppliInfo:139 - Unknown STM32CubeMX version: 6.16.0
2025-11-30 09:52:14,586 [ERROR] AppliInfo:139 - Unknown STM32CubeMX version: 6.16.0
2025-11-30 09:52:14,586 [ERROR] AppliInfo:139 - Unknown STM32CubeMX version: 6.16.0
2025-11-30 09:52:14,586 [ERROR] AppliInfo:139 - Unknown STM32CubeMX version: 6.16.0
2025-11-30 09:52:14,587 [ERROR] AppliInfo:139 - Unknown STM32CubeMX version: 6.16.0
2025-11-30 09:52:14,587 [ERROR] AppliInfo:139 - Unknown STM32CubeMX version: 6.16.0
2025-11-30 09:52:14,612 [ERROR] AppliInfo:139 - Unknown STM32CubeMX version: 6.12.1
2025-11-30 09:52:14,612 [ERROR] AppliInfo:139 - Unknown STM32CubeMX version: 6.16.0
2025-11-30 09:52:14,612 [ERROR] AppliInfo:139 - Unknown STM32CubeMX version: 6.16.0
2025-11-30 09:52:14,613 [ERROR] AppliInfo:139 - Unknown STM32CubeMX version: 6.16.0
2025-11-30 09:52:14,613 [ERROR] AppliInfo:139 - Unknown STM32CubeMX version: 6.16.0
2025-11-30 09:52:14,613 [ERROR] AppliInfo:139 - Unknown STM32CubeMX version: 6.16.0
2025-11-30 09:52:14,613 [ERROR] AppliInfo:139 - Unknown STM32CubeMX version: 6.16.0
2025-11-30 09:52:14,613 [ERROR] AppliInfo:139 - Unknown STM32CubeMX version: 6.16.0
2025-11-30 09:52:14,613 [ERROR] AppliInfo:139 - Unknown STM32CubeMX version: 6.16.0
2025-11-30 09:52:14,613 [ERROR] AppliInfo:139 - Unknown STM32CubeMX version: 6.16.0
2025-11-30 09:52:14,613 [ERROR] AppliInfo:139 - Unknown STM32CubeMX version: 6.16.0
2025-11-30 09:52:14,613 [ERROR] AppliInfo:139 - Unknown STM32CubeMX version: 6.16.0
2025-11-30 09:52:14,614 [ERROR] AppliInfo:139 - Unknown STM32CubeMX version: 6.16.0
2025-11-30 09:52:14,614 [ERROR] AppliInfo:139 - Unknown STM32CubeMX version: 6.16.0
2025-11-30 09:52:14,614 [ERROR] AppliInfo:139 - Unknown STM32CubeMX version: 6.16.0
2025-11-30 09:52:14,614 [ERROR] AppliInfo:139 - Unknown STM32CubeMX version: 6.16.0
2025-11-30 09:52:14,614 [ERROR] AppliInfo:139 - Unknown STM32CubeMX version: 6.16.0
2025-11-30 09:52:14,614 [ERROR] AppliInfo:139 - Unknown STM32CubeMX version: 6.16.0
2025-11-30 09:52:14,614 [ERROR] AppliInfo:139 - Unknown STM32CubeMX version: 6.16.0
2025-11-30 09:52:14,614 [ERROR] AppliInfo:139 - Unknown STM32CubeMX version: 6.16.0
2025-11-30 09:52:14,615 [ERROR] AppliInfo:139 - Unknown STM32CubeMX version: 6.16.0
2025-11-30 09:52:14,615 [ERROR] AppliInfo:139 - Unknown STM32CubeMX version: 6.16.0
2025-11-30 09:52:14,619 [ERROR] AppliInfo:139 - Unknown STM32CubeMX version: 6.16.0
2025-11-30 09:52:14,619 [ERROR] AppliInfo:139 - Unknown STM32CubeMX version: 6.16.0
2025-11-30 09:52:14,620 [ERROR] AppliInfo:139 - Unknown STM32CubeMX version: 6.16.0
2025-11-30 09:52:14,620 [ERROR] AppliInfo:139 - Unknown STM32CubeMX version: 6.16.0
2025-11-30 09:52:14,620 [ERROR] AppliInfo:139 - Unknown STM32CubeMX version: 6.16.0
2025-11-30 09:52:14,620 [ERROR] AppliInfo:139 - Unknown STM32CubeMX version: 6.16.0
2025-11-30 09:52:14,620 [ERROR] AppliInfo:139 - Unknown STM32CubeMX version: 6.16.0
2025-11-30 09:52:14,620 [ERROR] AppliInfo:139 - Unknown STM32CubeMX version: 6.16.0
2025-11-30 09:52:14,620 [ERROR] AppliInfo:139 - Unknown STM32CubeMX version: 6.16.0
2025-11-30 09:52:14,620 [ERROR] AppliInfo:139 - Unknown STM32CubeMX version: 6.16.0
2025-11-30 09:52:14,620 [ERROR] AppliInfo:139 - Unknown STM32CubeMX version: 6.16.0
2025-11-30 09:52:14,620 [ERROR] AppliInfo:139 - Unknown STM32CubeMX version: 6.16.0
2025-11-30 09:52:14,621 [ERROR] AppliInfo:139 - Unknown STM32CubeMX version: 6.16.0
2025-11-30 09:52:14,621 [ERROR] AppliInfo:139 - Unknown STM32CubeMX version: 6.16.0
2025-11-30 09:52:14,621 [ERROR] AppliInfo:139 - Unknown STM32CubeMX version: 6.16.0
2025-11-30 09:52:14,625 [ERROR] AppliInfo:139 - Unknown STM32CubeMX version: 6.16.0
2025-11-30 09:52:14,625 [ERROR] AppliInfo:139 - Unknown STM32CubeMX version: 6.16.0
2025-11-30 09:52:14,625 [ERROR] AppliInfo:139 - Unknown STM32CubeMX version: 6.16.0
2025-11-30 09:52:14,625 [ERROR] AppliInfo:139 - Unknown STM32CubeMX version: 6.16.0
2025-11-30 09:52:14,625 [ERROR] AppliInfo:139 - Unknown STM32CubeMX version: 6.16.0
2025-11-30 09:52:14,626 [ERROR] AppliInfo:139 - Unknown STM32CubeMX version: 6.16.0
2025-11-30 09:52:14,629 [ERROR] AppliInfo:139 - Unknown STM32CubeMX version: 6.16.0
2025-11-30 09:52:14,629 [ERROR] AppliInfo:139 - Unknown STM32CubeMX version: 6.16.0
2025-11-30 09:52:14,629 [ERROR] AppliInfo:139 - Unknown STM32CubeMX version: 6.16.0
2025-11-30 09:52:14,629 [ERROR] AppliInfo:139 - Unknown STM32CubeMX version: 6.16.0
2025-11-30 09:52:14,629 [ERROR] AppliInfo:139 - Unknown STM32CubeMX version: 6.16.0
2025-11-30 09:52:14,629 [ERROR] AppliInfo:139 - Unknown STM32CubeMX version: 6.16.0
2025-11-30 09:52:14,629 [ERROR] AppliInfo:139 - Unknown STM32CubeMX version: 6.16.0
2025-11-30 09:52:14,629 [ERROR] AppliInfo:139 - Unknown STM32CubeMX version: 6.16.0
2025-11-30 09:52:14,630 [ERROR] AppliInfo:139 - Unknown STM32CubeMX version: 6.16.0
2025-11-30 09:52:14,630 [ERROR] AppliInfo:139 - Unknown STM32CubeMX version: 6.16.0
2025-11-30 09:52:14,630 [ERROR] AppliInfo:139 - Unknown STM32CubeMX version: 6.16.0
2025-11-30 09:52:14,630 [ERROR] AppliInfo:139 - Unknown STM32CubeMX version: 6.16.0
2025-11-30 09:52:14,630 [ERROR] AppliInfo:139 - Unknown STM32CubeMX version: 6.16.0
2025-11-30 09:52:14,630 [ERROR] AppliInfo:139 - Unknown STM32CubeMX version: 6.16.0
2025-11-30 09:52:14,630 [ERROR] AppliInfo:139 - Unknown STM32CubeMX version: 6.16.0
2025-11-30 09:52:14,630 [ERROR] AppliInfo:139 - Unknown STM32CubeMX version: 6.16.0
2025-11-30 09:52:14,631 [ERROR] AppliInfo:139 - Unknown STM32CubeMX version: 6.16.0
2025-11-30 09:52:14,631 [ERROR] AppliInfo:139 - Unknown STM32CubeMX version: 6.16.0
2025-11-30 09:52:14,631 [ERROR] AppliInfo:139 - Unknown STM32CubeMX version: 6.16.0
2025-11-30 09:52:14,631 [ERROR] AppliInfo:139 - Unknown STM32CubeMX version: 6.16.0
2025-11-30 09:52:14,631 [ERROR] AppliInfo:139 - Unknown STM32CubeMX version: 6.16.0
2025-11-30 09:52:14,637 [ERROR] AppliInfo:139 - Unknown STM32CubeMX version: 6.16.0
2025-11-30 09:52:14,637 [ERROR] AppliInfo:139 - Unknown STM32CubeMX version: 6.16.0
2025-11-30 09:52:14,637 [ERROR] AppliInfo:139 - Unknown STM32CubeMX version: 6.16.0
2025-11-30 09:52:14,637 [ERROR] AppliInfo:139 - Unknown STM32CubeMX version: 6.16.0
2025-11-30 09:52:14,637 [ERROR] AppliInfo:139 - Unknown STM32CubeMX version: 6.16.0
2025-11-30 09:52:14,637 [ERROR] AppliInfo:139 - Unknown STM32CubeMX version: 6.16.0
2025-11-30 09:52:14,638 [ERROR] AppliInfo:139 - Unknown STM32CubeMX version: 6.16.0
2025-11-30 09:52:14,638 [ERROR] AppliInfo:139 - Unknown STM32CubeMX version: 6.16.0
2025-11-30 09:52:14,638 [ERROR] AppliInfo:139 - Unknown STM32CubeMX version: 6.16.0
2025-11-30 09:52:14,639 [ERROR] AppliInfo:139 - Unknown STM32CubeMX version: 6.16.0
2025-11-30 09:52:14,639 [ERROR] AppliInfo:139 - Unknown STM32CubeMX version: 6.16.0
2025-11-30 09:52:14,639 [ERROR] AppliInfo:139 - Unknown STM32CubeMX version: 6.16.0
2025-11-30 09:52:14,639 [ERROR] AppliInfo:139 - Unknown STM32CubeMX version: 6.16.0
2025-11-30 09:52:14,639 [ERROR] AppliInfo:139 - Unknown STM32CubeMX version: 6.16.0
2025-11-30 09:52:14,639 [ERROR] AppliInfo:139 - Unknown STM32CubeMX version: 6.16.0
2025-11-30 09:52:14,640 [ERROR] AppliInfo:139 - Unknown STM32CubeMX version: 6.16.0
2025-11-30 09:52:14,640 [ERROR] AppliInfo:139 - Unknown STM32CubeMX version: 6.16.0
2025-11-30 09:52:14,640 [ERROR] AppliInfo:139 - Unknown STM32CubeMX version: 6.16.0
2025-11-30 09:52:14,640 [ERROR] AppliInfo:139 - Unknown STM32CubeMX version: 6.16.0
2025-11-30 09:52:14,642 [ERROR] AppliInfo:139 - Unknown STM32CubeMX version: 6.16.0
2025-11-30 09:52:14,642 [ERROR] AppliInfo:139 - Unknown STM32CubeMX version: 6.16.0
2025-11-30 09:52:14,642 [ERROR] AppliInfo:139 - Unknown STM32CubeMX version: 6.16.0
2025-11-30 09:52:14,642 [ERROR] AppliInfo:139 - Unknown STM32CubeMX version: 6.16.0
2025-11-30 09:52:14,643 [ERROR] AppliInfo:139 - Unknown STM32CubeMX version: 6.16.0
2025-11-30 09:52:14,643 [ERROR] AppliInfo:139 - Unknown STM32CubeMX version: 6.16.0
2025-11-30 09:52:14,643 [ERROR] AppliInfo:139 - Unknown STM32CubeMX version: 6.16.0
2025-11-30 09:52:14,643 [ERROR] AppliInfo:139 - Unknown STM32CubeMX version: 6.16.0
2025-11-30 09:52:14,643 [ERROR] AppliInfo:139 - Unknown STM32CubeMX version: 6.16.0
2025-11-30 09:52:14,644 [ERROR] AppliInfo:139 - Unknown STM32CubeMX version: 6.16.0
2025-11-30 09:52:14,644 [ERROR] AppliInfo:139 - Unknown STM32CubeMX version: 6.16.0
2025-11-30 09:52:14,644 [ERROR] AppliInfo:139 - Unknown STM32CubeMX version: 6.16.0
2025-11-30 09:52:14,644 [ERROR] AppliInfo:139 - Unknown STM32CubeMX version: 6.16.0
2025-11-30 09:52:14,644 [ERROR] AppliInfo:139 - Unknown STM32CubeMX version: 6.16.0
2025-11-30 09:52:14,644 [ERROR] AppliInfo:139 - Unknown STM32CubeMX version: 6.16.0
2025-11-30 09:52:14,644 [ERROR] AppliInfo:139 - Unknown STM32CubeMX version: 6.16.0
2025-11-30 09:52:14,644 [ERROR] AppliInfo:139 - Unknown STM32CubeMX version: 6.16.0
2025-11-30 09:52:14,645 [ERROR] AppliInfo:139 - Unknown STM32CubeMX version: 6.16.0
2025-11-30 09:52:14,645 [ERROR] AppliInfo:139 - Unknown STM32CubeMX version: 6.16.0
2025-11-30 09:52:14,645 [ERROR] AppliInfo:139 - Unknown STM32CubeMX version: 6.16.0
2025-11-30 09:52:14,645 [ERROR] AppliInfo:139 - Unknown STM32CubeMX version: 6.16.0
2025-11-30 09:52:14,645 [ERROR] AppliInfo:139 - Unknown STM32CubeMX version: 6.16.0
2025-11-30 09:52:14,645 [ERROR] AppliInfo:139 - Unknown STM32CubeMX version: 6.16.0
2025-11-30 09:52:14,646 [ERROR] AppliInfo:139 - Unknown STM32CubeMX version: 6.16.0
2025-11-30 09:52:14,646 [ERROR] AppliInfo:139 - Unknown STM32CubeMX version: 6.16.0
2025-11-30 09:52:14,646 [ERROR] AppliInfo:139 - Unknown STM32CubeMX version: 6.16.0
2025-11-30 09:52:14,646 [ERROR] AppliInfo:139 - Unknown STM32CubeMX version: 6.16.0
2025-11-30 09:52:14,647 [ERROR] AppliInfo:139 - Unknown STM32CubeMX version: 6.16.0
2025-11-30 09:52:14,647 [ERROR] AppliInfo:139 - Unknown STM32CubeMX version: 6.16.0
2025-11-30 09:52:14,647 [ERROR] AppliInfo:139 - Unknown STM32CubeMX version: 6.16.0
2025-11-30 09:52:14,648 [ERROR] AppliInfo:139 - Unknown STM32CubeMX version: 6.16.0
2025-11-30 09:52:14,648 [ERROR] AppliInfo:139 - Unknown STM32CubeMX version: 6.16.0
2025-11-30 09:52:14,648 [ERROR] AppliInfo:139 - Unknown STM32CubeMX version: 6.16.0
2025-11-30 09:52:14,648 [ERROR] AppliInfo:139 - Unknown STM32CubeMX version: 6.16.0
2025-11-30 09:52:14,648 [ERROR] AppliInfo:139 - Unknown STM32CubeMX version: 6.16.0
2025-11-30 09:52:14,648 [ERROR] AppliInfo:139 - Unknown STM32CubeMX version: 6.16.0
2025-11-30 09:52:14,648 [ERROR] AppliInfo:139 - Unknown STM32CubeMX version: 6.16.0
2025-11-30 09:52:14,648 [ERROR] AppliInfo:139 - Unknown STM32CubeMX version: 6.16.0
2025-11-30 09:52:14,649 [ERROR] AppliInfo:139 - Unknown STM32CubeMX version: 6.16.0
2025-11-30 09:52:14,649 [ERROR] AppliInfo:139 - Unknown STM32CubeMX version: 6.16.0
2025-11-30 09:52:14,649 [ERROR] AppliInfo:139 - Unknown STM32CubeMX version: 6.16.0
2025-11-30 09:52:14,649 [ERROR] AppliInfo:139 - Unknown STM32CubeMX version: 6.16.0
2025-11-30 09:52:14,650 [ERROR] AppliInfo:139 - Unknown STM32CubeMX version: 6.16.0
2025-11-30 09:52:14,650 [ERROR] AppliInfo:139 - Unknown STM32CubeMX version: 6.16.0
2025-11-30 09:52:14,650 [ERROR] AppliInfo:139 - Unknown STM32CubeMX version: 6.16.0
2025-11-30 09:52:14,650 [ERROR] AppliInfo:139 - Unknown STM32CubeMX version: 6.16.0
2025-11-30 09:52:14,650 [ERROR] AppliInfo:139 - Unknown STM32CubeMX version: 6.16.0
2025-11-30 09:52:14,655 [ERROR] AppliInfo:139 - Unknown STM32CubeMX version: 6.16.0
2025-11-30 09:52:14,660 [ERROR] AppliInfo:139 - Unknown STM32CubeMX version: 6.16.0
2025-11-30 09:52:14,668 [ERROR] AppliInfo:139 - Unknown STM32CubeMX version: 6.16.0
2025-11-30 09:52:14,668 [ERROR] AppliInfo:139 - Unknown STM32CubeMX version: 6.16.0
2025-11-30 09:52:14,668 [ERROR] AppliInfo:139 - Unknown STM32CubeMX version: 6.16.0
2025-11-30 09:52:14,668 [ERROR] AppliInfo:139 - Unknown STM32CubeMX version: 6.16.0
2025-11-30 09:52:14,669 [ERROR] AppliInfo:139 - Unknown STM32CubeMX version: 6.16.0
2025-11-30 09:52:14,669 [ERROR] AppliInfo:139 - Unknown STM32CubeMX version: 6.16.0
2025-11-30 09:52:14,669 [ERROR] AppliInfo:139 - Unknown STM32CubeMX version: 6.16.0
2025-11-30 09:52:14,669 [ERROR] AppliInfo:139 - Unknown STM32CubeMX version: 6.16.0
2025-11-30 09:52:14,669 [ERROR] AppliInfo:139 - Unknown STM32CubeMX version: 6.16.0
2025-11-30 09:52:14,670 [ERROR] AppliInfo:139 - Unknown STM32CubeMX version: 6.16.0
2025-11-30 09:52:14,671 [ERROR] AppliInfo:139 - Unknown STM32CubeMX version: 6.16.0
2025-11-30 09:52:14,671 [ERROR] AppliInfo:139 - Unknown STM32CubeMX version: 6.16.0
2025-11-30 09:52:14,671 [ERROR] AppliInfo:139 - Unknown STM32CubeMX version: 6.16.0
2025-11-30 09:52:14,671 [ERROR] AppliInfo:139 - Unknown STM32CubeMX version: 6.16.0
2025-11-30 09:52:14,671 [ERROR] AppliInfo:139 - Unknown STM32CubeMX version: 6.16.0
2025-11-30 09:52:14,671 [ERROR] AppliInfo:139 - Unknown STM32CubeMX version: 6.16.0
2025-11-30 09:52:14,671 [ERROR] AppliInfo:139 - Unknown STM32CubeMX version: 6.16.0
2025-11-30 09:52:14,672 [ERROR] AppliInfo:139 - Unknown STM32CubeMX version: 6.16.0
2025-11-30 09:52:14,672 [ERROR] AppliInfo:139 - Unknown STM32CubeMX version: 6.16.0
2025-11-30 09:52:14,672 [ERROR] AppliInfo:139 - Unknown STM32CubeMX version: 6.16.0
2025-11-30 09:52:14,672 [ERROR] AppliInfo:139 - Unknown STM32CubeMX version: 6.16.0
2025-11-30 09:52:14,672 [ERROR] AppliInfo:139 - Unknown STM32CubeMX version: 6.16.0
2025-11-30 09:52:14,672 [ERROR] AppliInfo:139 - Unknown STM32CubeMX version: 6.16.0
2025-11-30 09:52:14,672 [ERROR] AppliInfo:139 - Unknown STM32CubeMX version: 6.16.0
2025-11-30 09:52:14,672 [ERROR] AppliInfo:139 - Unknown STM32CubeMX version: 6.16.0
2025-11-30 09:52:14,672 [ERROR] AppliInfo:139 - Unknown STM32CubeMX version: 6.16.0
2025-11-30 09:52:14,673 [ERROR] AppliInfo:139 - Unknown STM32CubeMX version: 6.16.0
2025-11-30 09:52:14,673 [ERROR] AppliInfo:139 - Unknown STM32CubeMX version: 6.16.0
2025-11-30 09:52:14,673 [ERROR] AppliInfo:139 - Unknown STM32CubeMX version: 6.16.0
2025-11-30 09:52:14,673 [ERROR] AppliInfo:139 - Unknown STM32CubeMX version: 6.16.0
2025-11-30 09:52:14,673 [ERROR] AppliInfo:139 - Unknown STM32CubeMX version: 6.16.0
2025-11-30 09:52:14,673 [ERROR] AppliInfo:139 - Unknown STM32CubeMX version: 6.16.0
2025-11-30 09:52:14,673 [ERROR] AppliInfo:139 - Unknown STM32CubeMX version: 6.16.0
2025-11-30 09:52:14,675 [ERROR] AppliInfo:139 - Unknown STM32CubeMX version: 6.16.0
2025-11-30 09:52:14,675 [ERROR] AppliInfo:139 - Unknown STM32CubeMX version: 6.16.0
2025-11-30 09:52:14,675 [ERROR] AppliInfo:139 - Unknown STM32CubeMX version: 6.16.0
2025-11-30 09:52:14,675 [ERROR] AppliInfo:139 - Unknown STM32CubeMX version: 6.16.0
2025-11-30 09:52:14,675 [ERROR] AppliInfo:139 - Unknown STM32CubeMX version: 6.16.0
2025-11-30 09:52:14,675 [ERROR] AppliInfo:139 - Unknown STM32CubeMX version: 6.16.0
2025-11-30 09:52:14,676 [ERROR] AppliInfo:139 - Unknown STM32CubeMX version: 6.16.0
2025-11-30 09:52:14,677 [ERROR] AppliInfo:139 - Unknown STM32CubeMX version: 6.16.0
2025-11-30 09:52:14,677 [ERROR] AppliInfo:139 - Unknown STM32CubeMX version: 6.16.0
2025-11-30 09:52:14,677 [ERROR] AppliInfo:139 - Unknown STM32CubeMX version: 6.16.0
2025-11-30 09:52:14,677 [ERROR] AppliInfo:139 - Unknown STM32CubeMX version: 6.16.0
2025-11-30 09:52:14,677 [ERROR] AppliInfo:139 - Unknown STM32CubeMX version: 6.16.0
2025-11-30 09:52:14,677 [ERROR] AppliInfo:139 - Unknown STM32CubeMX version: 6.16.0
2025-11-30 09:52:14,677 [ERROR] AppliInfo:139 - Unknown STM32CubeMX version: 6.16.0
2025-11-30 09:52:14,678 [ERROR] AppliInfo:139 - Unknown STM32CubeMX version: 6.16.0
2025-11-30 09:52:14,678 [ERROR] AppliInfo:139 - Unknown STM32CubeMX version: 6.16.0
2025-11-30 09:52:14,678 [ERROR] AppliInfo:139 - Unknown STM32CubeMX version: 6.16.0
2025-11-30 09:52:14,678 [ERROR] AppliInfo:139 - Unknown STM32CubeMX version: 6.16.0
2025-11-30 09:52:14,678 [ERROR] AppliInfo:139 - Unknown STM32CubeMX version: 6.16.0
2025-11-30 09:52:14,678 [ERROR] AppliInfo:139 - Unknown STM32CubeMX version: 6.16.0
2025-11-30 09:52:14,678 [ERROR] AppliInfo:139 - Unknown STM32CubeMX version: 6.16.0
2025-11-30 09:52:14,678 [ERROR] AppliInfo:139 - Unknown STM32CubeMX version: 6.16.0
2025-11-30 09:52:14,679 [ERROR] AppliInfo:139 - Unknown STM32CubeMX version: 6.16.0
2025-11-30 09:52:14,679 [ERROR] AppliInfo:139 - Unknown STM32CubeMX version: 6.16.0
2025-11-30 09:52:14,679 [ERROR] AppliInfo:139 - Unknown STM32CubeMX version: 6.16.0
2025-11-30 09:52:14,679 [ERROR] AppliInfo:139 - Unknown STM32CubeMX version: 6.16.0
2025-11-30 09:52:14,679 [ERROR] AppliInfo:139 - Unknown STM32CubeMX version: 6.16.0
2025-11-30 09:52:14,679 [ERROR] AppliInfo:139 - Unknown STM32CubeMX version: 6.16.0
2025-11-30 09:52:14,680 [ERROR] AppliInfo:139 - Unknown STM32CubeMX version: 6.16.0
2025-11-30 09:52:14,680 [ERROR] AppliInfo:139 - Unknown STM32CubeMX version: 6.16.0
2025-11-30 09:52:14,680 [ERROR] AppliInfo:139 - Unknown STM32CubeMX version: 6.16.0
2025-11-30 09:52:14,680 [ERROR] AppliInfo:139 - Unknown STM32CubeMX version: 6.16.0
2025-11-30 09:52:14,680 [ERROR] AppliInfo:139 - Unknown STM32CubeMX version: 6.16.0
2025-11-30 09:52:14,680 [ERROR] AppliInfo:139 - Unknown STM32CubeMX version: 6.16.0
2025-11-30 09:52:14,680 [ERROR] AppliInfo:139 - Unknown STM32CubeMX version: 6.16.0
2025-11-30 09:52:14,681 [ERROR] AppliInfo:139 - Unknown STM32CubeMX version: 6.16.0
2025-11-30 09:52:14,681 [ERROR] AppliInfo:139 - Unknown STM32CubeMX version: 6.16.0
2025-11-30 09:52:14,681 [ERROR] AppliInfo:139 - Unknown STM32CubeMX version: 6.16.0
2025-11-30 09:52:14,681 [ERROR] AppliInfo:139 - Unknown STM32CubeMX version: 6.16.0
2025-11-30 09:52:14,681 [ERROR] AppliInfo:139 - Unknown STM32CubeMX version: 6.16.0
2025-11-30 09:52:14,681 [ERROR] AppliInfo:139 - Unknown STM32CubeMX version: 6.16.0
2025-11-30 09:52:14,682 [ERROR] AppliInfo:139 - Unknown STM32CubeMX version: 6.16.0
2025-11-30 09:52:14,682 [ERROR] AppliInfo:139 - Unknown STM32CubeMX version: 6.16.0
2025-11-30 09:52:14,682 [ERROR] AppliInfo:139 - Unknown STM32CubeMX version: 6.16.0
2025-11-30 09:52:14,682 [ERROR] AppliInfo:139 - Unknown STM32CubeMX version: 6.16.0
2025-11-30 09:52:14,682 [ERROR] AppliInfo:139 - Unknown STM32CubeMX version: 6.16.0
2025-11-30 09:52:14,682 [ERROR] AppliInfo:139 - Unknown STM32CubeMX version: 6.16.0
2025-11-30 09:52:14,683 [ERROR] AppliInfo:139 - Unknown STM32CubeMX version: 6.16.0
2025-11-30 09:52:14,683 [ERROR] AppliInfo:139 - Unknown STM32CubeMX version: 6.16.0
2025-11-30 09:52:14,683 [ERROR] AppliInfo:139 - Unknown STM32CubeMX version: 6.16.0
2025-11-30 09:52:14,684 [ERROR] AppliInfo:139 - Unknown STM32CubeMX version: 6.16.0
2025-11-30 09:52:14,684 [ERROR] AppliInfo:139 - Unknown STM32CubeMX version: 6.16.0
2025-11-30 09:52:14,684 [ERROR] AppliInfo:139 - Unknown STM32CubeMX version: 6.16.0
2025-11-30 09:52:14,684 [ERROR] AppliInfo:139 - Unknown STM32CubeMX version: 6.16.0
2025-11-30 09:52:14,684 [ERROR] AppliInfo:139 - Unknown STM32CubeMX version: 6.16.0
2025-11-30 09:52:14,684 [ERROR] AppliInfo:139 - Unknown STM32CubeMX version: 6.16.0
2025-11-30 09:52:14,685 [ERROR] AppliInfo:139 - Unknown STM32CubeMX version: 6.16.0
2025-11-30 09:52:14,685 [ERROR] AppliInfo:139 - Unknown STM32CubeMX version: 6.16.0
2025-11-30 09:52:14,685 [ERROR] AppliInfo:139 - Unknown STM32CubeMX version: 6.16.0
2025-11-30 09:52:14,685 [ERROR] AppliInfo:139 - Unknown STM32CubeMX version: 6.16.0
2025-11-30 09:52:14,685 [ERROR] AppliInfo:139 - Unknown STM32CubeMX version: 6.16.0
2025-11-30 09:52:14,685 [ERROR] AppliInfo:139 - Unknown STM32CubeMX version: 6.16.0
2025-11-30 09:52:14,685 [ERROR] AppliInfo:139 - Unknown STM32CubeMX version: 6.16.0
2025-11-30 09:52:14,686 [ERROR] AppliInfo:139 - Unknown STM32CubeMX version: 6.16.0
2025-11-30 09:52:14,687 [ERROR] AppliInfo:139 - Unknown STM32CubeMX version: 6.16.0
2025-11-30 09:52:14,687 [ERROR] AppliInfo:139 - Unknown STM32CubeMX version: 6.16.0
2025-11-30 09:52:14,688 [ERROR] AppliInfo:139 - Unknown STM32CubeMX version: 6.16.0
2025-11-30 09:52:14,688 [ERROR] AppliInfo:139 - Unknown STM32CubeMX version: 6.16.0
2025-11-30 09:52:14,688 [ERROR] AppliInfo:139 - Unknown STM32CubeMX version: 6.16.0
2025-11-30 09:52:14,688 [ERROR] AppliInfo:139 - Unknown STM32CubeMX version: 6.16.0
2025-11-30 09:52:14,688 [ERROR] AppliInfo:139 - Unknown STM32CubeMX version: 6.16.0
2025-11-30 09:52:14,688 [ERROR] AppliInfo:139 - Unknown STM32CubeMX version: 6.16.0
2025-11-30 09:52:14,688 [ERROR] AppliInfo:139 - Unknown STM32CubeMX version: 6.16.0
2025-11-30 09:52:14,688 [ERROR] AppliInfo:139 - Unknown STM32CubeMX version: 6.16.0
2025-11-30 09:52:14,691 [ERROR] AppliInfo:139 - Unknown STM32CubeMX version: 6.16.0
2025-11-30 09:52:14,691 [ERROR] AppliInfo:139 - Unknown STM32CubeMX version: 6.16.0
2025-11-30 09:52:14,691 [ERROR] AppliInfo:139 - Unknown STM32CubeMX version: 6.16.0
2025-11-30 09:52:14,691 [ERROR] AppliInfo:139 - Unknown STM32CubeMX version: 6.16.0
2025-11-30 09:52:14,691 [ERROR] AppliInfo:139 - Unknown STM32CubeMX version: 6.16.0
2025-11-30 09:52:14,691 [ERROR] AppliInfo:139 - Unknown STM32CubeMX version: 6.16.0
2025-11-30 09:52:14,692 [ERROR] AppliInfo:139 - Unknown STM32CubeMX version: 6.16.0
2025-11-30 09:52:14,692 [ERROR] AppliInfo:139 - Unknown STM32CubeMX version: 6.16.0
2025-11-30 09:52:14,692 [ERROR] AppliInfo:139 - Unknown STM32CubeMX version: 6.16.0
2025-11-30 09:52:14,692 [ERROR] AppliInfo:139 - Unknown STM32CubeMX version: 6.16.0
2025-11-30 09:52:14,692 [ERROR] AppliInfo:139 - Unknown STM32CubeMX version: 6.16.0
2025-11-30 09:52:14,692 [ERROR] AppliInfo:139 - Unknown STM32CubeMX version: 6.16.0
2025-11-30 09:52:14,692 [ERROR] AppliInfo:139 - Unknown STM32CubeMX version: 6.16.0
2025-11-30 09:52:14,692 [ERROR] AppliInfo:139 - Unknown STM32CubeMX version: 6.16.0
2025-11-30 09:52:14,697 [ERROR] AppliInfo:139 - Unknown STM32CubeMX version: 6.16.0
2025-11-30 09:52:14,698 [ERROR] AppliInfo:139 - Unknown STM32CubeMX version: 6.16.0
2025-11-30 09:52:14,698 [ERROR] AppliInfo:139 - Unknown STM32CubeMX version: 6.16.0
2025-11-30 09:52:14,698 [ERROR] AppliInfo:139 - Unknown STM32CubeMX version: 6.16.0
2025-11-30 09:52:14,698 [ERROR] AppliInfo:139 - Unknown STM32CubeMX version: 6.16.0
2025-11-30 09:52:14,698 [ERROR] AppliInfo:139 - Unknown STM32CubeMX version: 6.16.0
2025-11-30 09:52:14,699 [ERROR] AppliInfo:139 - Unknown STM32CubeMX version: 6.16.0
2025-11-30 09:52:14,699 [ERROR] AppliInfo:139 - Unknown STM32CubeMX version: 6.16.0
2025-11-30 09:52:14,699 [ERROR] AppliInfo:139 - Unknown STM32CubeMX version: 6.16.0
2025-11-30 09:52:14,700 [ERROR] AppliInfo:139 - Unknown STM32CubeMX version: 6.16.0
2025-11-30 09:52:14,700 [ERROR] AppliInfo:139 - Unknown STM32CubeMX version: 6.16.0
2025-11-30 09:52:14,700 [ERROR] AppliInfo:139 - Unknown STM32CubeMX version: 6.16.0
2025-11-30 09:52:14,700 [ERROR] AppliInfo:139 - Unknown STM32CubeMX version: 6.16.0
2025-11-30 09:52:14,701 [ERROR] AppliInfo:139 - Unknown STM32CubeMX version: 6.16.0
2025-11-30 09:52:14,701 [ERROR] AppliInfo:139 - Unknown STM32CubeMX version: 6.16.0
2025-11-30 09:52:14,701 [ERROR] AppliInfo:139 - Unknown STM32CubeMX version: 6.16.0
2025-11-30 09:52:14,701 [ERROR] AppliInfo:139 - Unknown STM32CubeMX version: 6.16.0
2025-11-30 09:52:14,701 [ERROR] AppliInfo:139 - Unknown STM32CubeMX version: 6.16.0
2025-11-30 09:52:14,701 [ERROR] AppliInfo:139 - Unknown STM32CubeMX version: 6.16.0
2025-11-30 09:52:14,701 [ERROR] AppliInfo:139 - Unknown STM32CubeMX version: 6.16.0
2025-11-30 09:52:14,702 [ERROR] AppliInfo:139 - Unknown STM32CubeMX version: 6.16.0
2025-11-30 09:52:14,702 [ERROR] AppliInfo:139 - Unknown STM32CubeMX version: 6.16.0
2025-11-30 09:52:14,702 [ERROR] AppliInfo:139 - Unknown STM32CubeMX version: 6.16.0
2025-11-30 09:52:14,702 [ERROR] AppliInfo:139 - Unknown STM32CubeMX version: 6.16.0
2025-11-30 09:52:14,702 [ERROR] AppliInfo:139 - Unknown STM32CubeMX version: 6.16.0
2025-11-30 09:52:14,702 [ERROR] AppliInfo:139 - Unknown STM32CubeMX version: 6.16.0
2025-11-30 09:52:14,702 [ERROR] AppliInfo:139 - Unknown STM32CubeMX version: 6.16.0
2025-11-30 09:52:14,702 [ERROR] AppliInfo:139 - Unknown STM32CubeMX version: 6.16.0
2025-11-30 09:52:14,702 [ERROR] AppliInfo:139 - Unknown STM32CubeMX version: 6.16.0
2025-11-30 09:52:14,703 [ERROR] AppliInfo:139 - Unknown STM32CubeMX version: 6.16.0
2025-11-30 09:52:14,703 [ERROR] AppliInfo:139 - Unknown STM32CubeMX version: 6.16.0
2025-11-30 09:52:14,703 [ERROR] AppliInfo:139 - Unknown STM32CubeMX version: 6.16.0
2025-11-30 09:52:14,727 [ERROR] AppliInfo:139 - Unknown STM32CubeMX version: 6.16.0
2025-11-30 09:52:14,727 [ERROR] AppliInfo:139 - Unknown STM32CubeMX version: 6.16.0
2025-11-30 09:52:14,727 [ERROR] AppliInfo:139 - Unknown STM32CubeMX version: 6.16.0
2025-11-30 09:52:14,727 [ERROR] AppliInfo:139 - Unknown STM32CubeMX version: 6.16.0
2025-11-30 09:52:14,728 [ERROR] AppliInfo:139 - Unknown STM32CubeMX version: 6.16.0
2025-11-30 09:52:14,728 [ERROR] AppliInfo:139 - Unknown STM32CubeMX version: 6.16.0
2025-11-30 09:52:14,729 [ERROR] AppliInfo:139 - Unknown STM32CubeMX version: 6.16.0
2025-11-30 09:52:14,729 [ERROR] AppliInfo:139 - Unknown STM32CubeMX version: 6.16.0
2025-11-30 09:52:14,729 [ERROR] AppliInfo:139 - Unknown STM32CubeMX version: 6.16.0
2025-11-30 09:52:14,729 [ERROR] AppliInfo:139 - Unknown STM32CubeMX version: 6.16.0
2025-11-30 09:52:14,729 [ERROR] AppliInfo:139 - Unknown STM32CubeMX version: 6.16.0
2025-11-30 09:52:14,729 [ERROR] AppliInfo:139 - Unknown STM32CubeMX version: 6.16.0
2025-11-30 09:52:14,729 [ERROR] AppliInfo:139 - Unknown STM32CubeMX version: 6.16.0
2025-11-30 09:52:14,729 [ERROR] AppliInfo:139 - Unknown STM32CubeMX version: 6.16.0
2025-11-30 09:52:14,730 [ERROR] AppliInfo:139 - Unknown STM32CubeMX version: 6.16.0
2025-11-30 09:52:14,730 [ERROR] AppliInfo:139 - Unknown STM32CubeMX version: 6.16.0
2025-11-30 09:52:14,730 [ERROR] AppliInfo:139 - Unknown STM32CubeMX version: 6.16.0
2025-11-30 09:52:14,730 [ERROR] AppliInfo:139 - Unknown STM32CubeMX version: 6.16.0
2025-11-30 09:52:14,730 [ERROR] AppliInfo:139 - Unknown STM32CubeMX version: 6.16.0
2025-11-30 09:52:15,000 [ERROR] AppliInfo:139 - Unknown STM32CubeMX version: 6.16.0
2025-11-30 09:52:15,000 [ERROR] AppliInfo:139 - Unknown STM32CubeMX version: 6.16.0
2025-11-30 09:52:15,000 [ERROR] AppliInfo:139 - Unknown STM32CubeMX version: 6.16.0
2025-11-30 09:52:15,000 [ERROR] AppliInfo:139 - Unknown STM32CubeMX version: 6.16.0
2025-11-30 09:52:15,000 [ERROR] AppliInfo:139 - Unknown STM32CubeMX version: 6.16.0
2025-11-30 09:52:15,001 [ERROR] AppliInfo:139 - Unknown STM32CubeMX version: 6.16.0
2025-11-30 09:52:15,001 [ERROR] AppliInfo:139 - Unknown STM32CubeMX version: 6.16.0
2025-11-30 09:52:15,001 [ERROR] AppliInfo:139 - Unknown STM32CubeMX version: 6.16.0
2025-11-30 09:52:15,001 [ERROR] AppliInfo:139 - Unknown STM32CubeMX version: 6.16.0
2025-11-30 09:52:15,001 [ERROR] AppliInfo:139 - Unknown STM32CubeMX version: 6.16.0
2025-11-30 09:52:15,001 [ERROR] AppliInfo:139 - Unknown STM32CubeMX version: 6.16.0
2025-11-30 09:52:15,001 [ERROR] AppliInfo:139 - Unknown STM32CubeMX version: 6.16.0
2025-11-30 09:52:15,001 [ERROR] AppliInfo:139 - Unknown STM32CubeMX version: 6.16.0
2025-11-30 09:52:15,002 [ERROR] AppliInfo:139 - Unknown STM32CubeMX version: 6.16.0
2025-11-30 09:52:15,002 [ERROR] AppliInfo:139 - Unknown STM32CubeMX version: 6.16.0
2025-11-30 09:52:15,002 [ERROR] AppliInfo:139 - Unknown STM32CubeMX version: 6.16.0
2025-11-30 09:52:15,002 [ERROR] AppliInfo:139 - Unknown STM32CubeMX version: 6.16.0
2025-11-30 09:52:15,002 [ERROR] AppliInfo:139 - Unknown STM32CubeMX version: 6.16.0
2025-11-30 09:52:15,002 [ERROR] AppliInfo:139 - Unknown STM32CubeMX version: 6.16.0
2025-11-30 09:52:15,003 [ERROR] AppliInfo:139 - Unknown STM32CubeMX version: 6.16.0
2025-11-30 09:52:15,003 [ERROR] AppliInfo:139 - Unknown STM32CubeMX version: 6.16.0
2025-11-30 09:52:15,009 [ERROR] AppliInfo:139 - Unknown STM32CubeMX version: 6.16.0
2025-11-30 09:52:15,009 [ERROR] AppliInfo:139 - Unknown STM32CubeMX version: 6.16.0
2025-11-30 09:52:15,009 [ERROR] AppliInfo:139 - Unknown STM32CubeMX version: 6.16.0
2025-11-30 09:52:15,018 [ERROR] AppliInfo:139 - Unknown STM32CubeMX version: 6.16.0
2025-11-30 09:52:15,018 [ERROR] AppliInfo:139 - Unknown STM32CubeMX version: 6.16.0
2025-11-30 09:52:15,018 [ERROR] AppliInfo:139 - Unknown STM32CubeMX version: 6.16.0
2025-11-30 09:52:15,018 [ERROR] AppliInfo:139 - Unknown STM32CubeMX version: 6.16.0
2025-11-30 09:52:15,018 [ERROR] AppliInfo:139 - Unknown STM32CubeMX version: 6.16.0
2025-11-30 09:52:15,018 [ERROR] AppliInfo:139 - Unknown STM32CubeMX version: 6.16.0
2025-11-30 09:52:15,018 [ERROR] AppliInfo:139 - Unknown STM32CubeMX version: 6.16.0
2025-11-30 09:52:15,018 [ERROR] AppliInfo:139 - Unknown STM32CubeMX version: 6.16.0
2025-11-30 09:52:15,018 [ERROR] AppliInfo:139 - Unknown STM32CubeMX version: 6.16.0
2025-11-30 09:52:15,019 [ERROR] AppliInfo:139 - Unknown STM32CubeMX version: 6.16.0
2025-11-30 09:52:15,019 [ERROR] AppliInfo:139 - Unknown STM32CubeMX version: 6.16.0
2025-11-30 09:52:15,019 [ERROR] AppliInfo:139 - Unknown STM32CubeMX version: 6.16.0
2025-11-30 09:52:15,019 [ERROR] AppliInfo:139 - Unknown STM32CubeMX version: 6.16.0
2025-11-30 09:52:15,019 [ERROR] AppliInfo:139 - Unknown STM32CubeMX version: 6.16.0
2025-11-30 09:52:15,019 [ERROR] AppliInfo:139 - Unknown STM32CubeMX version: 6.16.0
2025-11-30 09:52:15,020 [ERROR] AppliInfo:139 - Unknown STM32CubeMX version: 6.16.0
2025-11-30 09:52:15,020 [ERROR] AppliInfo:139 - Unknown STM32CubeMX version: 6.16.0
2025-11-30 09:52:15,020 [ERROR] AppliInfo:139 - Unknown STM32CubeMX version: 6.16.0
2025-11-30 09:52:15,020 [ERROR] AppliInfo:139 - Unknown STM32CubeMX version: 6.16.0
2025-11-30 09:52:15,020 [ERROR] AppliInfo:139 - Unknown STM32CubeMX version: 6.16.0
2025-11-30 09:52:15,020 [ERROR] AppliInfo:139 - Unknown STM32CubeMX version: 6.16.0
2025-11-30 09:52:15,021 [ERROR] AppliInfo:139 - Unknown STM32CubeMX version: 6.16.0
2025-11-30 09:52:15,021 [ERROR] AppliInfo:139 - Unknown STM32CubeMX version: 6.16.0
2025-11-30 09:52:15,021 [ERROR] AppliInfo:139 - Unknown STM32CubeMX version: 6.16.0
2025-11-30 09:52:15,021 [ERROR] AppliInfo:139 - Unknown STM32CubeMX version: 6.16.0
2025-11-30 09:52:15,021 [ERROR] AppliInfo:139 - Unknown STM32CubeMX version: 6.16.0
2025-11-30 09:52:15,021 [ERROR] AppliInfo:139 - Unknown STM32CubeMX version: 6.16.0
2025-11-30 09:52:15,021 [ERROR] AppliInfo:139 - Unknown STM32CubeMX version: 6.16.0
2025-11-30 09:52:15,021 [ERROR] AppliInfo:139 - Unknown STM32CubeMX version: 6.16.0
2025-11-30 09:52:15,021 [ERROR] AppliInfo:139 - Unknown STM32CubeMX version: 6.16.0
2025-11-30 09:52:15,021 [ERROR] AppliInfo:139 - Unknown STM32CubeMX version: 6.16.0
2025-11-30 09:52:15,022 [ERROR] AppliInfo:139 - Unknown STM32CubeMX version: 6.16.0
2025-11-30 09:52:15,022 [ERROR] AppliInfo:139 - Unknown STM32CubeMX version: 6.16.0
2025-11-30 09:52:15,022 [ERROR] AppliInfo:139 - Unknown STM32CubeMX version: 6.16.0
2025-11-30 09:52:15,022 [ERROR] AppliInfo:139 - Unknown STM32CubeMX version: 6.16.0
2025-11-30 09:52:15,022 [ERROR] AppliInfo:139 - Unknown STM32CubeMX version: 6.16.0
2025-11-30 09:52:15,022 [ERROR] AppliInfo:139 - Unknown STM32CubeMX version: 6.16.0
2025-11-30 09:52:15,022 [ERROR] AppliInfo:139 - Unknown STM32CubeMX version: 6.16.0
2025-11-30 09:52:15,022 [ERROR] AppliInfo:139 - Unknown STM32CubeMX version: 6.16.0
2025-11-30 09:52:15,022 [ERROR] AppliInfo:139 - Unknown STM32CubeMX version: 6.16.0
2025-11-30 09:52:15,022 [ERROR] AppliInfo:139 - Unknown STM32CubeMX version: 6.16.0
2025-11-30 09:52:15,023 [ERROR] AppliInfo:139 - Unknown STM32CubeMX version: 6.16.0
2025-11-30 09:52:15,023 [ERROR] AppliInfo:139 - Unknown STM32CubeMX version: 6.16.0
2025-11-30 09:52:15,023 [ERROR] AppliInfo:139 - Unknown STM32CubeMX version: 6.16.0
2025-11-30 09:52:15,023 [ERROR] AppliInfo:139 - Unknown STM32CubeMX version: 6.16.0
2025-11-30 09:52:15,023 [ERROR] AppliInfo:139 - Unknown STM32CubeMX version: 6.16.0
2025-11-30 09:52:15,023 [ERROR] AppliInfo:139 - Unknown STM32CubeMX version: 6.16.0
2025-11-30 09:52:15,023 [ERROR] AppliInfo:139 - Unknown STM32CubeMX version: 6.16.0
2025-11-30 09:52:15,023 [ERROR] AppliInfo:139 - Unknown STM32CubeMX version: 6.16.0
2025-11-30 09:52:15,023 [ERROR] AppliInfo:139 - Unknown STM32CubeMX version: 6.16.0
2025-11-30 09:52:15,024 [ERROR] AppliInfo:139 - Unknown STM32CubeMX version: 6.16.0
2025-11-30 09:52:15,024 [ERROR] AppliInfo:139 - Unknown STM32CubeMX version: 6.16.0
2025-11-30 09:52:15,024 [ERROR] AppliInfo:139 - Unknown STM32CubeMX version: 6.16.0
2025-11-30 09:52:15,024 [ERROR] AppliInfo:139 - Unknown STM32CubeMX version: 6.16.0
2025-11-30 09:52:15,024 [ERROR] AppliInfo:139 - Unknown STM32CubeMX version: 6.16.0
2025-11-30 09:52:15,024 [ERROR] AppliInfo:139 - Unknown STM32CubeMX version: 6.16.0
2025-11-30 09:52:15,024 [ERROR] AppliInfo:139 - Unknown STM32CubeMX version: 6.16.0
2025-11-30 09:52:15,024 [ERROR] AppliInfo:139 - Unknown STM32CubeMX version: 6.16.0
2025-11-30 09:52:15,024 [ERROR] AppliInfo:139 - Unknown STM32CubeMX version: 6.16.0
2025-11-30 09:52:15,025 [ERROR] AppliInfo:139 - Unknown STM32CubeMX version: 6.16.0
2025-11-30 09:52:15,460 [ERROR] LogOutputStream:75 - [STDERR_REDIRECT] [Fatal Error] :1:1: Premature end of file.
2025-11-30 09:52:15,460 [ERROR] LogOutputStream:75 - [STDERR_REDIRECT] 
2025-11-30 09:52:16,456 [ERROR] LogOutputStream:75 - [STDERR_REDIRECT] [Fatal Error] :1:1: Premature end of file.
2025-11-30 09:52:16,456 [ERROR] LogOutputStream:75 - [STDERR_REDIRECT] 
2025-11-30 09:52:17,453 [ERROR] LogOutputStream:75 - [STDERR_REDIRECT] [Fatal Error] :1:1: Premature end of file.
2025-11-30 09:52:17,453 [ERROR] LogOutputStream:75 - [STDERR_REDIRECT] 
2025-11-30 09:52:18,454 [ERROR] LogOutputStream:75 - [STDERR_REDIRECT] [Fatal Error] :1:1: Premature end of file.
2025-11-30 09:52:18,454 [ERROR] LogOutputStream:75 - [STDERR_REDIRECT] 
2025-11-30 09:52:19,452 [ERROR] LogOutputStream:75 - [STDERR_REDIRECT] [Fatal Error] :1:1: Premature end of file.
2025-11-30 09:52:19,454 [ERROR] LogOutputStream:75 - [STDERR_REDIRECT] 
2025-11-30 09:52:20,454 [ERROR] LogOutputStream:75 - [STDERR_REDIRECT] [Fatal Error] :1:1: Premature end of file.
2025-11-30 09:52:20,454 [ERROR] LogOutputStream:75 - [STDERR_REDIRECT] 
2025-11-30 09:52:21,455 [ERROR] LogOutputStream:75 - [STDERR_REDIRECT] [Fatal Error] :1:1: Premature end of file.
2025-11-30 09:52:21,455 [ERROR] LogOutputStream:75 - [STDERR_REDIRECT] 
2025-11-30 09:52:22,454 [ERROR] LogOutputStream:75 - [STDERR_REDIRECT] [Fatal Error] :1:1: Premature end of file.
2025-11-30 09:52:22,455 [ERROR] LogOutputStream:75 - [STDERR_REDIRECT] 
2025-11-30 09:52:23,453 [ERROR] LogOutputStream:75 - [STDERR_REDIRECT] [Fatal Error] :1:1: Premature end of file.
2025-11-30 09:52:23,453 [ERROR] LogOutputStream:75 - [STDERR_REDIRECT] 
2025-11-30 09:52:24,455 [ERROR] LogOutputStream:75 - [STDERR_REDIRECT] [Fatal Error] :1:1: Premature end of file.
2025-11-30 09:52:24,455 [ERROR] LogOutputStream:75 - [STDERR_REDIRECT] 
2025-11-30 09:52:25,454 [ERROR] LogOutputStream:75 - [STDERR_REDIRECT] [Fatal Error] :1:1: Premature end of file.
2025-11-30 09:52:25,454 [ERROR] LogOutputStream:75 - [STDERR_REDIRECT] 
2025-11-30 09:52:26,454 [ERROR] LogOutputStream:75 - [STDERR_REDIRECT] [Fatal Error] :1:1: Premature end of file.
2025-11-30 09:52:26,454 [ERROR] LogOutputStream:75 - [STDERR_REDIRECT] 
2025-11-30 09:52:27,457 [ERROR] LogOutputStream:75 - [STDERR_REDIRECT] [Fatal Error] :1:1: Premature end of file.
2025-11-30 09:52:27,458 [ERROR] LogOutputStream:75 - [STDERR_REDIRECT] 
2025-11-30 09:52:28,455 [ERROR] LogOutputStream:75 - [STDERR_REDIRECT] [Fatal Error] :1:1: Premature end of file.
2025-11-30 09:52:28,455 [ERROR] LogOutputStream:75 - [STDERR_REDIRECT] 
2025-11-30 09:52:29,458 [ERROR] LogOutputStream:75 - [STDERR_REDIRECT] [Fatal Error] :1:1: Premature end of file.
2025-11-30 09:52:29,458 [ERROR] LogOutputStream:75 - [STDERR_REDIRECT] 
2025-11-30 09:52:30,466 [ERROR] LogOutputStream:75 - [STDERR_REDIRECT] [Fatal Error] :1:1: Premature end of file.
2025-11-30 09:52:30,466 [ERROR] LogOutputStream:75 - [STDERR_REDIRECT] 
2025-11-30 09:52:31,473 [ERROR] LogOutputStream:75 - [STDERR_REDIRECT] [Fatal Error] :1:1: Premature end of file.
2025-11-30 09:52:31,475 [ERROR] LogOutputStream:75 - [STDERR_REDIRECT] 
2025-11-30 09:52:32,487 [ERROR] LogOutputStream:75 - [STDERR_REDIRECT] [Fatal Error] :1:1: Premature end of file.
2025-11-30 09:52:32,487 [ERROR] LogOutputStream:75 - [STDERR_REDIRECT] 
2025-11-30 09:52:33,463 [ERROR] LogOutputStream:75 - [STDERR_REDIRECT] [Fatal Error] :1:1: Premature end of file.
2025-11-30 09:52:33,463 [ERROR] LogOutputStream:75 - [STDERR_REDIRECT] 
2025-11-30 09:52:34,464 [ERROR] LogOutputStream:75 - [STDERR_REDIRECT] [Fatal Error] :1:1: Premature end of file.
2025-11-30 09:52:34,465 [ERROR] LogOutputStream:75 - [STDERR_REDIRECT] 
2025-11-30 09:52:35,461 [ERROR] LogOutputStream:75 - [STDERR_REDIRECT] [Fatal Error] :1:1: Premature end of file.
2025-11-30 09:52:35,461 [ERROR] LogOutputStream:75 - [STDERR_REDIRECT] 
2025-11-30 09:52:36,462 [ERROR] LogOutputStream:75 - [STDERR_REDIRECT] [Fatal Error] :1:1: Premature end of file.
2025-11-30 09:52:36,462 [ERROR] LogOutputStream:75 - [STDERR_REDIRECT] 
2025-11-30 09:52:37,463 [ERROR] LogOutputStream:75 - [STDERR_REDIRECT] [Fatal Error] :1:1: Premature end of file.
2025-11-30 09:52:37,463 [ERROR] LogOutputStream:75 - [STDERR_REDIRECT] 
2025-11-30 09:52:38,464 [ERROR] LogOutputStream:75 - [STDERR_REDIRECT] [Fatal Error] :1:1: Premature end of file.
2025-11-30 09:52:38,464 [ERROR] LogOutputStream:75 - [STDERR_REDIRECT] 
2025-11-30 09:52:39,464 [ERROR] LogOutputStream:75 - [STDERR_REDIRECT] [Fatal Error] :1:1: Premature end of file.
2025-11-30 09:52:39,464 [ERROR] LogOutputStream:75 - [STDERR_REDIRECT] 
2025-11-30 09:52:40,472 [ERROR] LogOutputStream:75 - [STDERR_REDIRECT] [Fatal Error] :1:1: Premature end of file.
2025-11-30 09:52:40,472 [ERROR] LogOutputStream:75 - [STDERR_REDIRECT] 
2025-11-30 09:52:41,465 [ERROR] LogOutputStream:75 - [STDERR_REDIRECT] [Fatal Error] :1:1: Premature end of file.
2025-11-30 09:52:41,465 [ERROR] LogOutputStream:75 - [STDERR_REDIRECT] 
2025-11-30 09:52:42,490 [ERROR] LogOutputStream:75 - [STDERR_REDIRECT] [Fatal Error] :1:1: Premature end of file.
2025-11-30 09:52:42,490 [ERROR] LogOutputStream:75 - [STDERR_REDIRECT] 
2025-11-30 09:52:43,464 [ERROR] LogOutputStream:75 - [STDERR_REDIRECT] [Fatal Error] :1:1: Premature end of file.
2025-11-30 09:52:43,464 [ERROR] LogOutputStream:75 - [STDERR_REDIRECT] 
2025-11-30 09:52:44,465 [ERROR] LogOutputStream:75 - [STDERR_REDIRECT] [Fatal Error] :1:1: Premature end of file.
2025-11-30 09:52:44,466 [ERROR] LogOutputStream:75 - [STDERR_REDIRECT] 
2025-11-30 09:52:45,458 [ERROR] LogOutputStream:75 - [STDERR_REDIRECT] [Fatal Error] :1:1: Premature end of file.
2025-11-30 09:52:45,458 [ERROR] LogOutputStream:75 - [STDERR_REDIRECT] 
2025-11-30 09:52:46,463 [ERROR] LogOutputStream:75 - [STDERR_REDIRECT] [Fatal Error] :1:1: Premature end of file.
2025-11-30 09:52:46,465 [ERROR] LogOutputStream:75 - [STDERR_REDIRECT] 
2025-11-30 09:52:47,453 [ERROR] LogOutputStream:75 - [STDERR_REDIRECT] [Fatal Error] :1:1: Premature end of file.
2025-11-30 09:52:47,453 [ERROR] LogOutputStream:75 - [STDERR_REDIRECT] 
2025-11-30 09:52:48,464 [ERROR] LogOutputStream:75 - [STDERR_REDIRECT] [Fatal Error] :1:1: Premature end of file.
2025-11-30 09:52:48,464 [ERROR] LogOutputStream:75 - [STDERR_REDIRECT] 
2025-11-30 09:52:49,482 [ERROR] LogOutputStream:75 - [STDERR_REDIRECT] [Fatal Error] :1:1: Premature end of file.
2025-11-30 09:52:49,483 [ERROR] LogOutputStream:75 - [STDERR_REDIRECT] 
2025-11-30 09:52:50,485 [ERROR] LogOutputStream:75 - [STDERR_REDIRECT] [Fatal Error] :1:1: Premature end of file.
2025-11-30 09:52:50,485 [ERROR] LogOutputStream:75 - [STDERR_REDIRECT] 
2025-11-30 09:52:51,454 [ERROR] LogOutputStream:75 - [STDERR_REDIRECT] [Fatal Error] :1:1: Premature end of file.
2025-11-30 09:52:51,454 [ERROR] LogOutputStream:75 - [STDERR_REDIRECT] 
2025-11-30 09:52:52,457 [ERROR] LogOutputStream:75 - [STDERR_REDIRECT] [Fatal Error] :1:1: Premature end of file.
2025-11-30 09:52:52,457 [ERROR] LogOutputStream:75 - [STDERR_REDIRECT] 
2025-11-30 09:52:53,455 [ERROR] LogOutputStream:75 - [STDERR_REDIRECT] [Fatal Error] :1:1: Premature end of file.
2025-11-30 09:52:53,455 [ERROR] LogOutputStream:75 - [STDERR_REDIRECT] 
2025-11-30 09:52:54,464 [ERROR] LogOutputStream:75 - [STDERR_REDIRECT] [Fatal Error] :1:1: Premature end of file.
2025-11-30 09:52:54,464 [ERROR] LogOutputStream:75 - [STDERR_REDIRECT] 
2025-11-30 09:52:55,428 [ERROR] AppliInfo:139 - Unknown STM32CubeMX version: 6.16.0
2025-11-30 09:52:55,428 [ERROR] AppliInfo:139 - Unknown STM32CubeMX version: 6.16.0
2025-11-30 09:52:55,429 [ERROR] AppliInfo:139 - Unknown STM32CubeMX version: 6.16.0
2025-11-30 09:52:55,435 [ERROR] AppliInfo:139 - Unknown STM32CubeMX version: 6.16.0
2025-11-30 09:52:55,435 [ERROR] AppliInfo:139 - Unknown STM32CubeMX version: 6.16.0
2025-11-30 09:52:55,435 [ERROR] AppliInfo:139 - Unknown STM32CubeMX version: 6.16.0
2025-11-30 09:52:55,438 [ERROR] AppliInfo:139 - Unknown STM32CubeMX version: 6.16.0
2025-11-30 09:52:55,458 [ERROR] LogOutputStream:75 - [STDERR_REDIRECT] [Fatal Error] :1:1: Premature end of file.
2025-11-30 09:52:55,458 [ERROR] LogOutputStream:75 - [STDERR_REDIRECT] 
2025-11-30 09:52:55,509 [ERROR] AppliInfo:139 - Unknown STM32CubeMX version: 6.16.0
2025-11-30 09:52:55,510 [ERROR] AppliInfo:139 - Unknown STM32CubeMX version: 6.16.0
2025-11-30 09:52:55,529 [ERROR] AppliInfo:139 - Unknown STM32CubeMX version: 6.16.0
2025-11-30 09:52:55,529 [ERROR] AppliInfo:139 - Unknown STM32CubeMX version: 6.16.0
2025-11-30 09:52:55,530 [ERROR] AppliInfo:139 - Unknown STM32CubeMX version: 6.16.0
2025-11-30 09:52:55,530 [ERROR] AppliInfo:139 - Unknown STM32CubeMX version: 6.16.0
2025-11-30 09:52:55,530 [ERROR] AppliInfo:139 - Unknown STM32CubeMX version: 6.16.0
2025-11-30 09:52:55,531 [ERROR] AppliInfo:139 - Unknown STM32CubeMX version: 6.16.0
2025-11-30 09:52:55,531 [ERROR] AppliInfo:139 - Unknown STM32CubeMX version: 6.16.0
2025-11-30 09:52:55,532 [ERROR] AppliInfo:139 - Unknown STM32CubeMX version: 6.16.0
2025-11-30 09:52:55,532 [ERROR] AppliInfo:139 - Unknown STM32CubeMX version: 6.16.0
2025-11-30 09:52:55,532 [ERROR] AppliInfo:139 - Unknown STM32CubeMX version: 6.16.0
2025-11-30 09:52:55,533 [ERROR] AppliInfo:139 - Unknown STM32CubeMX version: 6.16.0
2025-11-30 09:52:55,533 [ERROR] AppliInfo:139 - Unknown STM32CubeMX version: 6.16.0
2025-11-30 09:52:55,533 [ERROR] AppliInfo:139 - Unknown STM32CubeMX version: 6.16.0
2025-11-30 09:52:55,534 [ERROR] AppliInfo:139 - Unknown STM32CubeMX version: 6.16.0
2025-11-30 09:52:55,534 [ERROR] AppliInfo:139 - Unknown STM32CubeMX version: 6.16.0
2025-11-30 09:52:55,534 [ERROR] AppliInfo:139 - Unknown STM32CubeMX version: 6.16.0
2025-11-30 09:52:55,535 [ERROR] AppliInfo:139 - Unknown STM32CubeMX version: 6.16.0
2025-11-30 09:52:55,535 [ERROR] AppliInfo:139 - Unknown STM32CubeMX version: 6.16.0
2025-11-30 09:52:55,535 [ERROR] AppliInfo:139 - Unknown STM32CubeMX version: 6.16.0
2025-11-30 09:52:55,535 [ERROR] AppliInfo:139 - Unknown STM32CubeMX version: 6.16.0
2025-11-30 09:52:55,536 [ERROR] AppliInfo:139 - Unknown STM32CubeMX version: 6.16.0
2025-11-30 09:52:55,536 [ERROR] AppliInfo:139 - Unknown STM32CubeMX version: 6.16.0
2025-11-30 09:52:55,537 [ERROR] AppliInfo:139 - Unknown STM32CubeMX version: 6.16.0
2025-11-30 09:52:55,537 [ERROR] AppliInfo:139 - Unknown STM32CubeMX version: 6.16.0
2025-11-30 09:52:55,582 [ERROR] AppliInfo:139 - Unknown STM32CubeMX version: 6.16.0
2025-11-30 09:52:55,592 [ERROR] AppliInfo:139 - Unknown STM32CubeMX version: 6.16.0
2025-11-30 09:52:55,592 [ERROR] AppliInfo:139 - Unknown STM32CubeMX version: 6.16.0
2025-11-30 09:52:55,592 [ERROR] AppliInfo:139 - Unknown STM32CubeMX version: 6.16.0
2025-11-30 09:52:55,592 [ERROR] AppliInfo:139 - Unknown STM32CubeMX version: 6.16.0
2025-11-30 09:52:55,592 [ERROR] AppliInfo:139 - Unknown STM32CubeMX version: 6.16.0
2025-11-30 09:52:55,592 [ERROR] AppliInfo:139 - Unknown STM32CubeMX version: 6.16.0
2025-11-30 09:52:55,607 [ERROR] AppliInfo:139 - Unknown STM32CubeMX version: 6.16.0
2025-11-30 09:52:55,607 [ERROR] AppliInfo:139 - Unknown STM32CubeMX version: 6.16.0
2025-11-30 09:52:55,607 [ERROR] AppliInfo:139 - Unknown STM32CubeMX version: 6.16.0
2025-11-30 09:52:55,607 [ERROR] AppliInfo:139 - Unknown STM32CubeMX version: 6.16.0
2025-11-30 09:52:55,607 [ERROR] AppliInfo:139 - Unknown STM32CubeMX version: 6.16.0
2025-11-30 09:52:55,607 [ERROR] AppliInfo:139 - Unknown STM32CubeMX version: 6.16.0
2025-11-30 09:52:55,608 [ERROR] AppliInfo:139 - Unknown STM32CubeMX version: 6.16.0
2025-11-30 09:52:55,608 [ERROR] AppliInfo:139 - Unknown STM32CubeMX version: 6.16.0
2025-11-30 09:52:55,608 [ERROR] AppliInfo:139 - Unknown STM32CubeMX version: 6.16.0
2025-11-30 09:52:55,608 [ERROR] AppliInfo:139 - Unknown STM32CubeMX version: 6.16.0
2025-11-30 09:52:55,608 [ERROR] AppliInfo:139 - Unknown STM32CubeMX version: 6.16.0
2025-11-30 09:52:55,608 [ERROR] AppliInfo:139 - Unknown STM32CubeMX version: 6.16.0
2025-11-30 09:52:55,608 [ERROR] AppliInfo:139 - Unknown STM32CubeMX version: 6.16.0
2025-11-30 09:52:55,610 [ERROR] AppliInfo:139 - Unknown STM32CubeMX version: 6.16.0
2025-11-30 09:52:55,610 [ERROR] AppliInfo:139 - Unknown STM32CubeMX version: 6.16.0
2025-11-30 09:52:55,610 [ERROR] AppliInfo:139 - Unknown STM32CubeMX version: 6.16.0
2025-11-30 09:52:55,610 [ERROR] AppliInfo:139 - Unknown STM32CubeMX version: 6.16.0
2025-11-30 09:52:55,610 [ERROR] AppliInfo:139 - Unknown STM32CubeMX version: 6.16.0
2025-11-30 09:52:55,610 [ERROR] AppliInfo:139 - Unknown STM32CubeMX version: 6.16.0
2025-11-30 09:52:55,610 [ERROR] AppliInfo:139 - Unknown STM32CubeMX version: 6.16.0
2025-11-30 09:52:55,610 [ERROR] AppliInfo:139 - Unknown STM32CubeMX version: 6.16.0
2025-11-30 09:52:55,610 [ERROR] AppliInfo:139 - Unknown STM32CubeMX version: 6.16.0
2025-11-30 09:52:55,610 [ERROR] AppliInfo:139 - Unknown STM32CubeMX version: 6.16.0
2025-11-30 09:52:55,612 [ERROR] AppliInfo:139 - Unknown STM32CubeMX version: 6.16.0
2025-11-30 09:52:55,612 [ERROR] AppliInfo:139 - Unknown STM32CubeMX version: 6.16.0
2025-11-30 09:52:55,614 [ERROR] AppliInfo:139 - Unknown STM32CubeMX version: 6.16.0
2025-11-30 09:52:55,614 [ERROR] AppliInfo:139 - Unknown STM32CubeMX version: 6.16.0
2025-11-30 09:52:55,614 [ERROR] AppliInfo:139 - Unknown STM32CubeMX version: 6.16.0
2025-11-30 09:52:55,614 [ERROR] AppliInfo:139 - Unknown STM32CubeMX version: 6.16.0
2025-11-30 09:52:55,614 [ERROR] AppliInfo:139 - Unknown STM32CubeMX version: 6.16.0
2025-11-30 09:52:55,614 [ERROR] AppliInfo:139 - Unknown STM32CubeMX version: 6.16.0
2025-11-30 09:52:55,614 [ERROR] AppliInfo:139 - Unknown STM32CubeMX version: 6.16.0
2025-11-30 09:52:55,614 [ERROR] AppliInfo:139 - Unknown STM32CubeMX version: 6.16.0
2025-11-30 09:52:55,615 [ERROR] AppliInfo:139 - Unknown STM32CubeMX version: 6.16.0
2025-11-30 09:52:55,615 [ERROR] AppliInfo:139 - Unknown STM32CubeMX version: 6.16.0
2025-11-30 09:52:55,615 [ERROR] AppliInfo:139 - Unknown STM32CubeMX version: 6.16.0
2025-11-30 09:52:55,615 [ERROR] AppliInfo:139 - Unknown STM32CubeMX version: 6.16.0
2025-11-30 09:52:55,618 [ERROR] AppliInfo:139 - Unknown STM32CubeMX version: 6.16.0
2025-11-30 09:52:55,618 [ERROR] AppliInfo:139 - Unknown STM32CubeMX version: 6.16.0
2025-11-30 09:52:55,618 [ERROR] AppliInfo:139 - Unknown STM32CubeMX version: 6.16.0
2025-11-30 09:52:55,619 [ERROR] AppliInfo:139 - Unknown STM32CubeMX version: 6.16.0
2025-11-30 09:52:55,619 [ERROR] AppliInfo:139 - Unknown STM32CubeMX version: 6.16.0
2025-11-30 09:52:55,619 [ERROR] AppliInfo:139 - Unknown STM32CubeMX version: 6.16.0
2025-11-30 09:52:55,619 [ERROR] AppliInfo:139 - Unknown STM32CubeMX version: 6.16.0
2025-11-30 09:52:55,619 [ERROR] AppliInfo:139 - Unknown STM32CubeMX version: 6.16.0
2025-11-30 09:52:55,620 [ERROR] AppliInfo:139 - Unknown STM32CubeMX version: 6.16.0
2025-11-30 09:52:55,620 [ERROR] AppliInfo:139 - Unknown STM32CubeMX version: 6.16.0
2025-11-30 09:52:55,620 [ERROR] AppliInfo:139 - Unknown STM32CubeMX version: 6.16.0
2025-11-30 09:52:55,621 [ERROR] AppliInfo:139 - Unknown STM32CubeMX version: 6.16.0
2025-11-30 09:52:55,622 [ERROR] AppliInfo:139 - Unknown STM32CubeMX version: 6.16.0
2025-11-30 09:52:55,622 [ERROR] AppliInfo:139 - Unknown STM32CubeMX version: 6.16.0
2025-11-30 09:52:55,622 [ERROR] AppliInfo:139 - Unknown STM32CubeMX version: 6.16.0
2025-11-30 09:52:55,622 [ERROR] AppliInfo:139 - Unknown STM32CubeMX version: 6.16.0
2025-11-30 09:52:55,627 [ERROR] AppliInfo:139 - Unknown STM32CubeMX version: 6.16.0
2025-11-30 09:52:55,628 [ERROR] AppliInfo:139 - Unknown STM32CubeMX version: 6.16.0
2025-11-30 09:52:55,628 [ERROR] AppliInfo:139 - Unknown STM32CubeMX version: 6.16.0
2025-11-30 09:52:55,628 [ERROR] AppliInfo:139 - Unknown STM32CubeMX version: 6.16.0
2025-11-30 09:52:55,629 [ERROR] AppliInfo:139 - Unknown STM32CubeMX version: 6.16.0
2025-11-30 09:52:55,629 [ERROR] AppliInfo:139 - Unknown STM32CubeMX version: 6.16.0
2025-11-30 09:52:55,629 [ERROR] AppliInfo:139 - Unknown STM32CubeMX version: 6.16.0
2025-11-30 09:52:55,629 [ERROR] AppliInfo:139 - Unknown STM32CubeMX version: 6.16.0
2025-11-30 09:52:55,630 [ERROR] AppliInfo:139 - Unknown STM32CubeMX version: 6.16.0
2025-11-30 09:52:55,630 [ERROR] AppliInfo:139 - Unknown STM32CubeMX version: 6.16.0
2025-11-30 09:52:55,630 [ERROR] AppliInfo:139 - Unknown STM32CubeMX version: 6.16.0
2025-11-30 09:52:55,630 [ERROR] AppliInfo:139 - Unknown STM32CubeMX version: 6.16.0
2025-11-30 09:52:55,633 [ERROR] AppliInfo:139 - Unknown STM32CubeMX version: 6.16.0
2025-11-30 09:52:55,638 [ERROR] AppliInfo:139 - Unknown STM32CubeMX version: 6.16.0
2025-11-30 09:52:55,638 [ERROR] AppliInfo:139 - Unknown STM32CubeMX version: 6.16.0
2025-11-30 09:52:55,638 [ERROR] AppliInfo:139 - Unknown STM32CubeMX version: 6.16.0
2025-11-30 09:52:55,638 [ERROR] AppliInfo:139 - Unknown STM32CubeMX version: 6.16.0
2025-11-30 09:52:55,638 [ERROR] AppliInfo:139 - Unknown STM32CubeMX version: 6.16.0
2025-11-30 09:52:55,639 [ERROR] AppliInfo:139 - Unknown STM32CubeMX version: 6.16.0
2025-11-30 09:52:55,639 [ERROR] AppliInfo:139 - Unknown STM32CubeMX version: 6.16.0
2025-11-30 09:52:55,639 [ERROR] AppliInfo:139 - Unknown STM32CubeMX version: 6.16.0
2025-11-30 09:52:55,639 [ERROR] AppliInfo:139 - Unknown STM32CubeMX version: 6.16.0
2025-11-30 09:52:55,640 [ERROR] AppliInfo:139 - Unknown STM32CubeMX version: 6.16.0
2025-11-30 09:52:55,640 [ERROR] AppliInfo:139 - Unknown STM32CubeMX version: 6.16.0
2025-11-30 09:52:55,640 [ERROR] AppliInfo:139 - Unknown STM32CubeMX version: 6.16.0
2025-11-30 09:52:55,640 [ERROR] AppliInfo:139 - Unknown STM32CubeMX version: 6.16.0
2025-11-30 09:52:55,640 [ERROR] AppliInfo:139 - Unknown STM32CubeMX version: 6.16.0
2025-11-30 09:52:55,640 [ERROR] AppliInfo:139 - Unknown STM32CubeMX version: 6.16.0
2025-11-30 09:52:55,640 [ERROR] AppliInfo:139 - Unknown STM32CubeMX version: 6.16.0
2025-11-30 09:52:55,640 [ERROR] AppliInfo:139 - Unknown STM32CubeMX version: 6.16.0
2025-11-30 09:52:55,641 [ERROR] AppliInfo:139 - Unknown STM32CubeMX version: 6.16.0
2025-11-30 09:52:55,641 [ERROR] AppliInfo:139 - Unknown STM32CubeMX version: 6.16.0
2025-11-30 09:52:55,641 [ERROR] AppliInfo:139 - Unknown STM32CubeMX version: 6.16.0
2025-11-30 09:52:55,641 [ERROR] AppliInfo:139 - Unknown STM32CubeMX version: 6.16.0
2025-11-30 09:52:55,641 [ERROR] AppliInfo:139 - Unknown STM32CubeMX version: 6.16.0
2025-11-30 09:52:55,641 [ERROR] AppliInfo:139 - Unknown STM32CubeMX version: 6.16.0
2025-11-30 09:52:55,642 [ERROR] AppliInfo:139 - Unknown STM32CubeMX version: 6.16.0
2025-11-30 09:52:55,642 [ERROR] AppliInfo:139 - Unknown STM32CubeMX version: 6.16.0
2025-11-30 09:52:55,642 [ERROR] AppliInfo:139 - Unknown STM32CubeMX version: 6.16.0
2025-11-30 09:52:55,642 [ERROR] AppliInfo:139 - Unknown STM32CubeMX version: 6.16.0
2025-11-30 09:52:55,642 [ERROR] AppliInfo:139 - Unknown STM32CubeMX version: 6.16.0
2025-11-30 09:52:55,642 [ERROR] AppliInfo:139 - Unknown STM32CubeMX version: 6.16.0
2025-11-30 09:52:55,643 [ERROR] AppliInfo:139 - Unknown STM32CubeMX version: 6.16.0
2025-11-30 09:52:55,643 [ERROR] AppliInfo:139 - Unknown STM32CubeMX version: 6.16.0
2025-11-30 09:52:55,643 [ERROR] AppliInfo:139 - Unknown STM32CubeMX version: 6.16.0
2025-11-30 09:52:55,643 [ERROR] AppliInfo:139 - Unknown STM32CubeMX version: 6.16.0
2025-11-30 09:52:55,644 [ERROR] AppliInfo:139 - Unknown STM32CubeMX version: 6.16.0
2025-11-30 09:52:55,644 [ERROR] AppliInfo:139 - Unknown STM32CubeMX version: 6.16.0
2025-11-30 09:52:55,644 [ERROR] AppliInfo:139 - Unknown STM32CubeMX version: 6.16.0
2025-11-30 09:52:55,644 [ERROR] AppliInfo:139 - Unknown STM32CubeMX version: 6.16.0
2025-11-30 09:52:55,644 [ERROR] AppliInfo:139 - Unknown STM32CubeMX version: 6.16.0
2025-11-30 09:52:55,644 [ERROR] AppliInfo:139 - Unknown STM32CubeMX version: 6.16.0
2025-11-30 09:52:55,644 [ERROR] AppliInfo:139 - Unknown STM32CubeMX version: 6.16.0
2025-11-30 09:52:55,644 [ERROR] AppliInfo:139 - Unknown STM32CubeMX version: 6.16.0
2025-11-30 09:52:55,644 [ERROR] AppliInfo:139 - Unknown STM32CubeMX version: 6.16.0
2025-11-30 09:52:55,645 [ERROR] AppliInfo:139 - Unknown STM32CubeMX version: 6.16.0
2025-11-30 09:52:55,645 [ERROR] AppliInfo:139 - Unknown STM32CubeMX version: 6.16.0
2025-11-30 09:52:55,645 [ERROR] AppliInfo:139 - Unknown STM32CubeMX version: 6.16.0
2025-11-30 09:52:55,645 [ERROR] AppliInfo:139 - Unknown STM32CubeMX version: 6.16.0
2025-11-30 09:52:55,645 [ERROR] AppliInfo:139 - Unknown STM32CubeMX version: 6.16.0
2025-11-30 09:52:55,645 [ERROR] AppliInfo:139 - Unknown STM32CubeMX version: 6.16.0
2025-11-30 09:52:55,646 [ERROR] AppliInfo:139 - Unknown STM32CubeMX version: 6.16.0
2025-11-30 09:52:55,646 [ERROR] AppliInfo:139 - Unknown STM32CubeMX version: 6.16.0
2025-11-30 09:52:55,646 [ERROR] AppliInfo:139 - Unknown STM32CubeMX version: 6.16.0
2025-11-30 09:52:55,646 [ERROR] AppliInfo:139 - Unknown STM32CubeMX version: 6.16.0
2025-11-30 09:52:55,646 [ERROR] AppliInfo:139 - Unknown STM32CubeMX version: 6.16.0
2025-11-30 09:52:55,646 [ERROR] AppliInfo:139 - Unknown STM32CubeMX version: 6.16.0
2025-11-30 09:52:55,647 [ERROR] AppliInfo:139 - Unknown STM32CubeMX version: 6.16.0
2025-11-30 09:52:55,647 [ERROR] AppliInfo:139 - Unknown STM32CubeMX version: 6.16.0
2025-11-30 09:52:55,647 [ERROR] AppliInfo:139 - Unknown STM32CubeMX version: 6.16.0
2025-11-30 09:52:55,647 [ERROR] AppliInfo:139 - Unknown STM32CubeMX version: 6.16.0
2025-11-30 09:52:55,647 [ERROR] AppliInfo:139 - Unknown STM32CubeMX version: 6.16.0
2025-11-30 09:52:55,647 [ERROR] AppliInfo:139 - Unknown STM32CubeMX version: 6.16.0
2025-11-30 09:52:55,647 [ERROR] AppliInfo:139 - Unknown STM32CubeMX version: 6.16.0
2025-11-30 09:52:55,647 [ERROR] AppliInfo:139 - Unknown STM32CubeMX version: 6.16.0
2025-11-30 09:52:55,649 [ERROR] AppliInfo:139 - Unknown STM32CubeMX version: 6.16.0
2025-11-30 09:52:55,650 [ERROR] AppliInfo:139 - Unknown STM32CubeMX version: 6.16.0
2025-11-30 09:52:55,650 [ERROR] AppliInfo:139 - Unknown STM32CubeMX version: 6.16.0
2025-11-30 09:52:55,650 [ERROR] AppliInfo:139 - Unknown STM32CubeMX version: 6.16.0
2025-11-30 09:52:55,652 [ERROR] AppliInfo:139 - Unknown STM32CubeMX version: 6.16.0
2025-11-30 09:52:55,652 [ERROR] AppliInfo:139 - Unknown STM32CubeMX version: 6.16.0
2025-11-30 09:52:55,652 [ERROR] AppliInfo:139 - Unknown STM32CubeMX version: 6.16.0
2025-11-30 09:52:55,652 [ERROR] AppliInfo:139 - Unknown STM32CubeMX version: 6.16.0
2025-11-30 09:52:55,652 [ERROR] AppliInfo:139 - Unknown STM32CubeMX version: 6.16.0
2025-11-30 09:52:55,652 [ERROR] AppliInfo:139 - Unknown STM32CubeMX version: 6.16.0
2025-11-30 09:52:55,652 [ERROR] AppliInfo:139 - Unknown STM32CubeMX version: 6.16.0
2025-11-30 09:52:55,652 [ERROR] AppliInfo:139 - Unknown STM32CubeMX version: 6.16.0
2025-11-30 09:52:55,653 [ERROR] AppliInfo:139 - Unknown STM32CubeMX version: 6.16.0
2025-11-30 09:52:55,653 [ERROR] AppliInfo:139 - Unknown STM32CubeMX version: 6.16.0
2025-11-30 09:52:55,653 [ERROR] AppliInfo:139 - Unknown STM32CubeMX version: 6.16.0
2025-11-30 09:52:55,653 [ERROR] AppliInfo:139 - Unknown STM32CubeMX version: 6.16.0
2025-11-30 09:52:55,654 [ERROR] AppliInfo:139 - Unknown STM32CubeMX version: 6.16.0
2025-11-30 09:52:55,654 [ERROR] AppliInfo:139 - Unknown STM32CubeMX version: 6.16.0
2025-11-30 09:52:55,654 [ERROR] AppliInfo:139 - Unknown STM32CubeMX version: 6.16.0
2025-11-30 09:52:55,654 [ERROR] AppliInfo:139 - Unknown STM32CubeMX version: 6.16.0
2025-11-30 09:52:55,654 [ERROR] AppliInfo:139 - Unknown STM32CubeMX version: 6.16.0
2025-11-30 09:52:55,654 [ERROR] AppliInfo:139 - Unknown STM32CubeMX version: 6.16.0
2025-11-30 09:52:55,655 [ERROR] AppliInfo:139 - Unknown STM32CubeMX version: 6.16.0
2025-11-30 09:52:55,655 [ERROR] AppliInfo:139 - Unknown STM32CubeMX version: 6.16.0
2025-11-30 09:52:55,656 [ERROR] AppliInfo:139 - Unknown STM32CubeMX version: 6.16.0
2025-11-30 09:52:55,656 [ERROR] AppliInfo:139 - Unknown STM32CubeMX version: 6.16.0
2025-11-30 09:52:55,656 [ERROR] AppliInfo:139 - Unknown STM32CubeMX version: 6.16.0
2025-11-30 09:52:55,656 [ERROR] AppliInfo:139 - Unknown STM32CubeMX version: 6.16.0
2025-11-30 09:52:55,656 [ERROR] AppliInfo:139 - Unknown STM32CubeMX version: 6.16.0
2025-11-30 09:52:55,656 [ERROR] AppliInfo:139 - Unknown STM32CubeMX version: 6.16.0
2025-11-30 09:52:55,656 [ERROR] AppliInfo:139 - Unknown STM32CubeMX version: 6.16.0
2025-11-30 09:52:55,656 [ERROR] AppliInfo:139 - Unknown STM32CubeMX version: 6.16.0
2025-11-30 09:52:55,657 [ERROR] AppliInfo:139 - Unknown STM32CubeMX version: 6.16.0
2025-11-30 09:52:55,657 [ERROR] AppliInfo:139 - Unknown STM32CubeMX version: 6.16.0
2025-11-30 09:52:55,657 [ERROR] AppliInfo:139 - Unknown STM32CubeMX version: 6.16.0
2025-11-30 09:52:55,657 [ERROR] AppliInfo:139 - Unknown STM32CubeMX version: 6.16.0
2025-11-30 09:52:55,657 [ERROR] AppliInfo:139 - Unknown STM32CubeMX version: 6.16.0
2025-11-30 09:52:55,657 [ERROR] AppliInfo:139 - Unknown STM32CubeMX version: 6.16.0
2025-11-30 09:52:55,657 [ERROR] AppliInfo:139 - Unknown STM32CubeMX version: 6.16.0
2025-11-30 09:52:55,657 [ERROR] AppliInfo:139 - Unknown STM32CubeMX version: 6.16.0
2025-11-30 09:52:55,658 [ERROR] AppliInfo:139 - Unknown STM32CubeMX version: 6.16.0
2025-11-30 09:52:55,672 [ERROR] AppliInfo:139 - Unknown STM32CubeMX version: 6.16.0
2025-11-30 09:52:55,673 [ERROR] AppliInfo:139 - Unknown STM32CubeMX version: 6.16.0
2025-11-30 09:52:55,673 [ERROR] AppliInfo:139 - Unknown STM32CubeMX version: 6.16.0
2025-11-30 09:52:55,673 [ERROR] AppliInfo:139 - Unknown STM32CubeMX version: 6.16.0
2025-11-30 09:52:55,673 [ERROR] AppliInfo:139 - Unknown STM32CubeMX version: 6.16.0
2025-11-30 09:52:55,673 [ERROR] AppliInfo:139 - Unknown STM32CubeMX version: 6.16.0
2025-11-30 09:52:55,673 [ERROR] AppliInfo:139 - Unknown STM32CubeMX version: 6.16.0
2025-11-30 09:52:55,673 [ERROR] AppliInfo:139 - Unknown STM32CubeMX version: 6.16.0
2025-11-30 09:52:55,673 [ERROR] AppliInfo:139 - Unknown STM32CubeMX version: 6.16.0
2025-11-30 09:52:55,673 [ERROR] AppliInfo:139 - Unknown STM32CubeMX version: 6.16.0
2025-11-30 09:52:55,674 [ERROR] AppliInfo:139 - Unknown STM32CubeMX version: 6.16.0
2025-11-30 09:52:55,674 [ERROR] AppliInfo:139 - Unknown STM32CubeMX version: 6.16.0
2025-11-30 09:52:55,674 [ERROR] AppliInfo:139 - Unknown STM32CubeMX version: 6.16.0
2025-11-30 09:52:55,674 [ERROR] AppliInfo:139 - Unknown STM32CubeMX version: 6.16.0
2025-11-30 09:52:55,674 [ERROR] AppliInfo:139 - Unknown STM32CubeMX version: 6.16.0
2025-11-30 09:52:55,674 [ERROR] AppliInfo:139 - Unknown STM32CubeMX version: 6.16.0
2025-11-30 09:52:55,674 [ERROR] AppliInfo:139 - Unknown STM32CubeMX version: 6.16.0
2025-11-30 09:52:55,684 [ERROR] AppliInfo:139 - Unknown STM32CubeMX version: 6.16.0
2025-11-30 09:52:55,684 [ERROR] AppliInfo:139 - Unknown STM32CubeMX version: 6.16.0
2025-11-30 09:52:55,684 [ERROR] AppliInfo:139 - Unknown STM32CubeMX version: 6.16.0
2025-11-30 09:52:55,684 [ERROR] AppliInfo:139 - Unknown STM32CubeMX version: 6.16.0
2025-11-30 09:52:55,684 [ERROR] AppliInfo:139 - Unknown STM32CubeMX version: 6.16.0
2025-11-30 09:52:55,685 [ERROR] AppliInfo:139 - Unknown STM32CubeMX version: 6.16.0
2025-11-30 09:52:55,685 [ERROR] AppliInfo:139 - Unknown STM32CubeMX version: 6.16.0
2025-11-30 09:52:55,685 [ERROR] AppliInfo:139 - Unknown STM32CubeMX version: 6.16.0
2025-11-30 09:52:55,685 [ERROR] AppliInfo:139 - Unknown STM32CubeMX version: 6.16.0
2025-11-30 09:52:55,685 [ERROR] AppliInfo:139 - Unknown STM32CubeMX version: 6.16.0
2025-11-30 09:52:55,685 [ERROR] AppliInfo:139 - Unknown STM32CubeMX version: 6.16.0
2025-11-30 09:52:55,685 [ERROR] AppliInfo:139 - Unknown STM32CubeMX version: 6.16.0
2025-11-30 09:52:55,685 [ERROR] AppliInfo:139 - Unknown STM32CubeMX version: 6.16.0
2025-11-30 09:52:55,685 [ERROR] AppliInfo:139 - Unknown STM32CubeMX version: 6.16.0
2025-11-30 09:52:55,687 [ERROR] AppliInfo:139 - Unknown STM32CubeMX version: 6.16.0
2025-11-30 09:52:55,687 [ERROR] AppliInfo:139 - Unknown STM32CubeMX version: 6.16.0
2025-11-30 09:52:55,687 [ERROR] AppliInfo:139 - Unknown STM32CubeMX version: 6.16.0
2025-11-30 09:52:55,687 [ERROR] AppliInfo:139 - Unknown STM32CubeMX version: 6.16.0
2025-11-30 09:52:55,687 [ERROR] AppliInfo:139 - Unknown STM32CubeMX version: 6.16.0
2025-11-30 09:52:55,691 [ERROR] AppliInfo:139 - Unknown STM32CubeMX version: 6.16.0
2025-11-30 09:52:55,692 [ERROR] AppliInfo:139 - Unknown STM32CubeMX version: 6.16.0
2025-11-30 09:52:55,692 [ERROR] AppliInfo:139 - Unknown STM32CubeMX version: 6.16.0
2025-11-30 09:52:55,696 [ERROR] AppliInfo:139 - Unknown STM32CubeMX version: 6.16.0
2025-11-30 09:52:55,696 [ERROR] AppliInfo:139 - Unknown STM32CubeMX version: 6.16.0
2025-11-30 09:52:55,696 [ERROR] AppliInfo:139 - Unknown STM32CubeMX version: 6.16.0
2025-11-30 09:52:55,696 [ERROR] AppliInfo:139 - Unknown STM32CubeMX version: 6.16.0
2025-11-30 09:52:55,697 [ERROR] AppliInfo:139 - Unknown STM32CubeMX version: 6.16.0
2025-11-30 09:52:55,697 [ERROR] AppliInfo:139 - Unknown STM32CubeMX version: 6.16.0
2025-11-30 09:52:55,697 [ERROR] AppliInfo:139 - Unknown STM32CubeMX version: 6.16.0
2025-11-30 09:52:55,697 [ERROR] AppliInfo:139 - Unknown STM32CubeMX version: 6.16.0
2025-11-30 09:52:55,697 [ERROR] AppliInfo:139 - Unknown STM32CubeMX version: 6.16.0
2025-11-30 09:52:55,698 [ERROR] AppliInfo:139 - Unknown STM32CubeMX version: 6.16.0
2025-11-30 09:52:55,698 [ERROR] AppliInfo:139 - Unknown STM32CubeMX version: 6.16.0
2025-11-30 09:52:55,698 [ERROR] AppliInfo:139 - Unknown STM32CubeMX version: 6.16.0
2025-11-30 09:52:55,698 [ERROR] AppliInfo:139 - Unknown STM32CubeMX version: 6.16.0
2025-11-30 09:52:55,698 [ERROR] AppliInfo:139 - Unknown STM32CubeMX version: 6.16.0
2025-11-30 09:52:55,698 [ERROR] AppliInfo:139 - Unknown STM32CubeMX version: 6.16.0
2025-11-30 09:52:55,698 [ERROR] AppliInfo:139 - Unknown STM32CubeMX version: 6.16.0
2025-11-30 09:52:55,698 [ERROR] AppliInfo:139 - Unknown STM32CubeMX version: 6.16.0
2025-11-30 09:52:55,699 [ERROR] AppliInfo:139 - Unknown STM32CubeMX version: 6.16.0
2025-11-30 09:52:55,699 [ERROR] AppliInfo:139 - Unknown STM32CubeMX version: 6.16.0
2025-11-30 09:52:55,703 [ERROR] AppliInfo:139 - Unknown STM32CubeMX version: 6.16.0
2025-11-30 09:52:55,703 [ERROR] AppliInfo:139 - Unknown STM32CubeMX version: 6.16.0
2025-11-30 09:52:55,703 [ERROR] AppliInfo:139 - Unknown STM32CubeMX version: 6.16.0
2025-11-30 09:52:55,703 [ERROR] AppliInfo:139 - Unknown STM32CubeMX version: 6.16.0
2025-11-30 09:52:55,704 [ERROR] AppliInfo:139 - Unknown STM32CubeMX version: 6.16.0
2025-11-30 09:52:55,704 [ERROR] AppliInfo:139 - Unknown STM32CubeMX version: 6.16.0
2025-11-30 09:52:55,704 [ERROR] AppliInfo:139 - Unknown STM32CubeMX version: 6.16.0
2025-11-30 09:52:55,704 [ERROR] AppliInfo:139 - Unknown STM32CubeMX version: 6.16.0
2025-11-30 09:52:55,704 [ERROR] AppliInfo:139 - Unknown STM32CubeMX version: 6.16.0
2025-11-30 09:52:55,704 [ERROR] AppliInfo:139 - Unknown STM32CubeMX version: 6.16.0
2025-11-30 09:52:55,704 [ERROR] AppliInfo:139 - Unknown STM32CubeMX version: 6.16.0
2025-11-30 09:52:55,704 [ERROR] AppliInfo:139 - Unknown STM32CubeMX version: 6.16.0
2025-11-30 09:52:55,704 [ERROR] AppliInfo:139 - Unknown STM32CubeMX version: 6.16.0
2025-11-30 09:52:55,705 [ERROR] AppliInfo:139 - Unknown STM32CubeMX version: 6.16.0
2025-11-30 09:52:55,705 [ERROR] AppliInfo:139 - Unknown STM32CubeMX version: 6.16.0
2025-11-30 09:52:55,705 [ERROR] AppliInfo:139 - Unknown STM32CubeMX version: 6.16.0
2025-11-30 09:52:55,705 [ERROR] AppliInfo:139 - Unknown STM32CubeMX version: 6.16.0
2025-11-30 09:52:55,705 [ERROR] AppliInfo:139 - Unknown STM32CubeMX version: 6.16.0
2025-11-30 09:52:55,705 [ERROR] AppliInfo:139 - Unknown STM32CubeMX version: 6.16.0
2025-11-30 09:52:55,705 [ERROR] AppliInfo:139 - Unknown STM32CubeMX version: 6.16.0
2025-11-30 09:52:55,705 [ERROR] AppliInfo:139 - Unknown STM32CubeMX version: 6.16.0
2025-11-30 09:52:55,705 [ERROR] AppliInfo:139 - Unknown STM32CubeMX version: 6.16.0
2025-11-30 09:52:55,705 [ERROR] AppliInfo:139 - Unknown STM32CubeMX version: 6.16.0
2025-11-30 09:52:55,705 [ERROR] AppliInfo:139 - Unknown STM32CubeMX version: 6.16.0
2025-11-30 09:52:55,705 [ERROR] AppliInfo:139 - Unknown STM32CubeMX version: 6.16.0
2025-11-30 09:52:55,705 [ERROR] AppliInfo:139 - Unknown STM32CubeMX version: 6.16.0
2025-11-30 09:52:55,707 [ERROR] AppliInfo:139 - Unknown STM32CubeMX version: 6.16.0
2025-11-30 09:52:56,481 [ERROR] LogOutputStream:75 - [STDERR_REDIRECT] [Fatal Error] :1:1: Premature end of file.
2025-11-30 09:52:56,482 [ERROR] LogOutputStream:75 - [STDERR_REDIRECT] 
2025-11-30 09:52:57,477 [ERROR] LogOutputStream:75 - [STDERR_REDIRECT] [Fatal Error] :1:1: Premature end of file.
2025-11-30 09:52:57,477 [ERROR] LogOutputStream:75 - [STDERR_REDIRECT] 
2025-11-30 09:52:58,465 [ERROR] LogOutputStream:75 - [STDERR_REDIRECT] [Fatal Error] :1:1: Premature end of file.
2025-11-30 09:52:58,465 [ERROR] LogOutputStream:75 - [STDERR_REDIRECT] 
2025-11-30 09:52:59,679 [ERROR] LogOutputStream:75 - [STDERR_REDIRECT] [Fatal Error] :1:1: Premature end of file.
2025-11-30 09:52:59,680 [ERROR] LogOutputStream:75 - [STDERR_REDIRECT] 
2025-11-30 09:53:00,006 [ERROR] AppliInfo:139 - Unknown STM32CubeMX version: 6.16.0
2025-11-30 09:53:00,006 [ERROR] AppliInfo:139 - Unknown STM32CubeMX version: 6.16.0
2025-11-30 09:53:00,007 [ERROR] AppliInfo:139 - Unknown STM32CubeMX version: 6.16.0
2025-11-30 09:53:00,007 [ERROR] AppliInfo:139 - Unknown STM32CubeMX version: 6.16.0
2025-11-30 09:53:00,007 [ERROR] AppliInfo:139 - Unknown STM32CubeMX version: 6.16.0
2025-11-30 09:53:00,310 [ERROR] AppliInfo:139 - Unknown STM32CubeMX version: 6.16.0
2025-11-30 09:53:00,311 [ERROR] AppliInfo:139 - Unknown STM32CubeMX version: 6.16.0
2025-11-30 09:53:00,311 [ERROR] AppliInfo:139 - Unknown STM32CubeMX version: 6.16.0
2025-11-30 09:53:00,313 [ERROR] AppliInfo:139 - Unknown STM32CubeMX version: 6.16.0
2025-11-30 09:53:00,625 [ERROR] LogOutputStream:75 - [STDERR_REDIRECT] [Fatal Error] :1:1: Premature end of file.
2025-11-30 09:53:00,626 [ERROR] LogOutputStream:75 - [STDERR_REDIRECT] 
2025-11-30 09:53:01,543 [ERROR] LogOutputStream:75 - [STDERR_REDIRECT] [Fatal Error] :1:1: Premature end of file.
2025-11-30 09:53:01,544 [ERROR] LogOutputStream:75 - [STDERR_REDIRECT] 
2025-11-30 09:53:02,727 [ERROR] LogOutputStream:75 - [STDERR_REDIRECT] [Fatal Error] :1:1: Premature end of file.
2025-11-30 09:53:02,727 [ERROR] LogOutputStream:75 - [STDERR_REDIRECT] 
2025-11-30 09:53:02,735 [ERROR] AppliInfo:139 - Unknown STM32CubeMX version: 6.16.0
2025-11-30 09:53:02,738 [ERROR] AppliInfo:139 - Unknown STM32CubeMX version: 6.16.0
2025-11-30 09:53:03,619 [ERROR] AppliInfo:139 - Unknown STM32CubeMX version: 6.16.0
2025-11-30 09:53:03,908 [ERROR] LogOutputStream:75 - [STDERR_REDIRECT] [Fatal Error] :1:1: Premature end of file.
2025-11-30 09:53:03,909 [ERROR] LogOutputStream:75 - [STDERR_REDIRECT] 
2025-11-30 09:53:03,910 [ERROR] AppliInfo:139 - Unknown STM32CubeMX version: 6.16.0
2025-11-30 09:53:03,911 [ERROR] AppliInfo:139 - Unknown STM32CubeMX version: 6.16.0
2025-11-30 09:53:03,911 [ERROR] AppliInfo:139 - Unknown STM32CubeMX version: 6.16.0
2025-11-30 09:53:03,912 [ERROR] AppliInfo:139 - Unknown STM32CubeMX version: 6.16.0
2025-11-30 09:53:03,912 [ERROR] AppliInfo:139 - Unknown STM32CubeMX version: 6.16.0
2025-11-30 09:53:03,913 [ERROR] AppliInfo:139 - Unknown STM32CubeMX version: 6.16.0
2025-11-30 09:53:03,914 [ERROR] AppliInfo:139 - Unknown STM32CubeMX version: 6.16.0
2025-11-30 09:53:03,914 [ERROR] AppliInfo:139 - Unknown STM32CubeMX version: 6.16.0
2025-11-30 09:53:03,914 [ERROR] AppliInfo:139 - Unknown STM32CubeMX version: 6.16.0
2025-11-30 09:53:03,914 [ERROR] AppliInfo:139 - Unknown STM32CubeMX version: 6.16.0
2025-11-30 09:53:03,915 [ERROR] AppliInfo:139 - Unknown STM32CubeMX version: 6.16.0
2025-11-30 09:53:03,917 [ERROR] AppliInfo:139 - Unknown STM32CubeMX version: 6.16.0
2025-11-30 09:53:03,917 [ERROR] AppliInfo:139 - Unknown STM32CubeMX version: 6.16.0
2025-11-30 09:53:03,919 [ERROR] AppliInfo:139 - Unknown STM32CubeMX version: 6.16.0
2025-11-30 09:53:03,919 [ERROR] AppliInfo:139 - Unknown STM32CubeMX version: 6.16.0
2025-11-30 09:53:03,920 [ERROR] AppliInfo:139 - Unknown STM32CubeMX version: 6.16.0
2025-11-30 09:53:03,920 [ERROR] AppliInfo:139 - Unknown STM32CubeMX version: 6.16.0
2025-11-30 09:53:04,211 [ERROR] AppliInfo:139 - Unknown STM32CubeMX version: 6.16.0
2025-11-30 09:53:04,211 [ERROR] AppliInfo:139 - Unknown STM32CubeMX version: 6.16.0
2025-11-30 09:53:04,212 [ERROR] AppliInfo:139 - Unknown STM32CubeMX version: 6.16.0
2025-11-30 09:53:04,212 [ERROR] AppliInfo:139 - Unknown STM32CubeMX version: 6.16.0
2025-11-30 09:53:04,213 [ERROR] AppliInfo:139 - Unknown STM32CubeMX version: 6.16.0
2025-11-30 09:53:04,214 [ERROR] AppliInfo:139 - Unknown STM32CubeMX version: 6.16.0
2025-11-30 09:53:04,216 [ERROR] AppliInfo:139 - Unknown STM32CubeMX version: 6.16.0
2025-11-30 09:53:04,216 [ERROR] AppliInfo:139 - Unknown STM32CubeMX version: 6.16.0
2025-11-30 09:53:04,218 [ERROR] AppliInfo:139 - Unknown STM32CubeMX version: 6.16.0
2025-11-30 09:53:04,218 [ERROR] AppliInfo:139 - Unknown STM32CubeMX version: 6.16.0
2025-11-30 09:53:04,218 [ERROR] AppliInfo:139 - Unknown STM32CubeMX version: 6.16.0
2025-11-30 09:53:04,219 [ERROR] AppliInfo:139 - Unknown STM32CubeMX version: 6.16.0
2025-11-30 09:53:04,219 [ERROR] AppliInfo:139 - Unknown STM32CubeMX version: 6.16.0
2025-11-30 09:53:04,220 [ERROR] AppliInfo:139 - Unknown STM32CubeMX version: 6.16.0
2025-11-30 09:53:04,505 [ERROR] AppliInfo:139 - Unknown STM32CubeMX version: 6.16.0
2025-11-30 09:53:04,507 [ERROR] AppliInfo:139 - Unknown STM32CubeMX version: 6.16.0
2025-11-30 09:53:04,508 [ERROR] AppliInfo:139 - Unknown STM32CubeMX version: 6.16.0
2025-11-30 09:53:04,510 [ERROR] AppliInfo:139 - Unknown STM32CubeMX version: 6.16.0
2025-11-30 09:53:04,510 [ERROR] AppliInfo:139 - Unknown STM32CubeMX version: 6.16.0
2025-11-30 09:53:04,510 [ERROR] AppliInfo:139 - Unknown STM32CubeMX version: 6.16.0
2025-11-30 09:53:04,511 [ERROR] AppliInfo:139 - Unknown STM32CubeMX version: 6.16.0
2025-11-30 09:53:04,802 [ERROR] LogOutputStream:75 - [STDERR_REDIRECT] [Fatal Error] :1:1: Premature end of file.
2025-11-30 09:53:04,803 [ERROR] LogOutputStream:75 - [STDERR_REDIRECT] 
2025-11-30 09:53:05,978 [ERROR] LogOutputStream:75 - [STDERR_REDIRECT] [Fatal Error] :1:1: Premature end of file.
2025-11-30 09:53:05,979 [ERROR] LogOutputStream:75 - [STDERR_REDIRECT] 
2025-11-30 09:53:06,864 [ERROR] LogOutputStream:75 - [STDERR_REDIRECT] [Fatal Error] :1:1: Premature end of file.
2025-11-30 09:53:06,866 [ERROR] LogOutputStream:75 - [STDERR_REDIRECT] 
2025-11-30 09:53:07,742 [ERROR] LogOutputStream:75 - [STDERR_REDIRECT] [Fatal Error] :1:1: Premature end of file.
2025-11-30 09:53:07,743 [ERROR] LogOutputStream:75 - [STDERR_REDIRECT] 
2025-11-30 09:53:08,917 [ERROR] LogOutputStream:75 - [STDERR_REDIRECT] [Fatal Error] :1:1: Premature end of file.
2025-11-30 09:53:08,917 [ERROR] LogOutputStream:75 - [STDERR_REDIRECT] 
2025-11-30 09:53:09,793 [ERROR] LogOutputStream:75 - [STDERR_REDIRECT] [Fatal Error] :1:1: Premature end of file.
2025-11-30 09:53:10,079 [ERROR] LogOutputStream:75 - [STDERR_REDIRECT] 
2025-11-30 09:53:10,947 [ERROR] LogOutputStream:75 - [STDERR_REDIRECT] [Fatal Error] :1:1: Premature end of file.
2025-11-30 09:53:10,947 [ERROR] LogOutputStream:75 - [STDERR_REDIRECT] 
2025-11-30 09:53:11,812 [ERROR] LogOutputStream:75 - [STDERR_REDIRECT] [Fatal Error] :1:1: Premature end of file.
2025-11-30 09:53:11,813 [ERROR] LogOutputStream:75 - [STDERR_REDIRECT] 
2025-11-30 09:53:12,672 [ERROR] AppliInfo:139 - Unknown STM32CubeMX version: 6.16.0
2025-11-30 09:53:13,249 [ERROR] LogOutputStream:75 - [STDERR_REDIRECT] [Fatal Error] :1:1: Premature end of file.
2025-11-30 09:53:13,249 [ERROR] LogOutputStream:75 - [STDERR_REDIRECT] 
2025-11-30 09:53:14,110 [ERROR] LogOutputStream:75 - [STDERR_REDIRECT] [Fatal Error] :1:1: Premature end of file.
2025-11-30 09:53:14,110 [ERROR] LogOutputStream:75 - [STDERR_REDIRECT] 
2025-11-30 09:53:15,687 [ERROR] LogOutputStream:75 - [STDERR_REDIRECT] [Fatal Error] :1:1: Premature end of file.
2025-11-30 09:53:15,687 [ERROR] LogOutputStream:75 - [STDERR_REDIRECT] 
2025-11-30 09:53:15,985 [ERROR] LogOutputStream:75 - [STDERR_REDIRECT] [Fatal Error] :1:1: Premature end of file.
2025-11-30 09:53:15,985 [ERROR] LogOutputStream:75 - [STDERR_REDIRECT] 
2025-11-30 09:53:16,278 [ERROR] AppliInfo:139 - Unknown STM32CubeMX version: 6.16.0
2025-11-30 09:53:16,278 [ERROR] AppliInfo:139 - Unknown STM32CubeMX version: 6.16.0
2025-11-30 09:53:16,279 [ERROR] AppliInfo:139 - Unknown STM32CubeMX version: 6.16.0
2025-11-30 09:53:16,279 [ERROR] AppliInfo:139 - Unknown STM32CubeMX version: 6.16.0
2025-11-30 09:53:16,580 [ERROR] AppliInfo:139 - Unknown STM32CubeMX version: 6.16.0
2025-11-30 09:53:16,582 [ERROR] AppliInfo:139 - Unknown STM32CubeMX version: 6.16.0
2025-11-30 09:53:16,890 [ERROR] LogOutputStream:75 - [STDERR_REDIRECT] [Fatal Error] :1:1: Premature end of file.
2025-11-30 09:53:16,890 [ERROR] LogOutputStream:75 - [STDERR_REDIRECT] 
2025-11-30 09:53:17,765 [ERROR] LogOutputStream:75 - [STDERR_REDIRECT] [Fatal Error] :1:1: Premature end of file.
2025-11-30 09:53:17,765 [ERROR] LogOutputStream:75 - [STDERR_REDIRECT] 
2025-11-30 09:53:19,209 [ERROR] LogOutputStream:75 - [STDERR_REDIRECT] [Fatal Error] :1:1: Premature end of file.
2025-11-30 09:53:19,209 [ERROR] LogOutputStream:75 - [STDERR_REDIRECT] 
2025-11-30 09:53:19,783 [ERROR] LogOutputStream:75 - [STDERR_REDIRECT] [Fatal Error] :1:1: Premature end of file.
2025-11-30 09:53:20,069 [ERROR] LogOutputStream:75 - [STDERR_REDIRECT] 
2025-11-30 09:53:21,216 [ERROR] LogOutputStream:75 - [STDERR_REDIRECT] [Fatal Error] :1:1: Premature end of file.
2025-11-30 09:53:21,216 [ERROR] LogOutputStream:75 - [STDERR_REDIRECT] 
2025-11-30 09:53:54,274 [INFO] Activator:176 - 


2025-11-30 09:53:54,276 [INFO] Activator:177 - !SESSION log4j initialized
2025-11-30 09:53:56,311 [INFO] LogOutputStream:77 - [STDOUT_REDIRECT] 
2025-11-30 09:53:57,790 [INFO] ApplicationProperties:184 - Using Application install path: C:\ST\STM32CubeIDE_1.19.0\STM32CubeIDE\plugins\com.st.stm32cube.common.mx_6.15.0.202507011659
2025-11-30 09:53:57,801 [INFO] DbMcusXml:78 - Set database path to: C:\ST\STM32CubeIDE_1.19.0\STM32CubeIDE\plugins\com.st.stm32cube.common.mx_6.15.0.202507011659\\db\/mcu/
2025-11-30 09:53:57,801 [INFO] ApiDb:274 - Set plugin database path to: C:\ST\STM32CubeIDE_1.19.0\STM32CubeIDE\plugins\com.st.stm32cube.common.mx_6.15.0.202507011659\\db\/plugins/boardmanager/
2025-11-30 09:53:57,801 [WARN] ApiDb:259 - Overriding images path with different value:  => C:\ST\STM32CubeIDE_1.19.0\STM32CubeIDE\plugins\com.st.stm32cube.common.mx_6.15.0.202507011659\\db\/plugins/mcufinder/images/
2025-11-30 09:53:57,804 [INFO] ApiDb:250 - Set database path to: C:\Users\akash\.stmcufinder\plugins\mcufinder//mcu/
2025-11-30 09:53:57,805 [INFO] DbMcusAds:125 - Set database path to: C:\Users\akash\.stmcufinder\plugins\mcufinder//mcu/
2025-11-30 09:53:57,806 [INFO] CrossReferenceDbSqlite:203 - Set database path to: C:\Users\akash\.stmcufinder\plugins\mcufinder//mcu/cs/
2025-11-30 09:53:57,884 [INFO] RulesReader:64 - Compatibility file has been processed (317 Rules)
2025-11-30 09:53:57,932 [INFO] DbMcusXml:78 - Set database path to: C:\ST\STM32CubeIDE_1.19.0\STM32CubeIDE\plugins\com.st.stm32cube.common.mx_6.15.0.202507011659\\db\/mcu/
2025-11-30 09:53:57,932 [INFO] ApiDb:274 - Set plugin database path to: C:\ST\STM32CubeIDE_1.19.0\STM32CubeIDE\plugins\com.st.stm32cube.common.mx_6.15.0.202507011659\\db\/plugins/boardmanager/
2025-11-30 09:53:57,932 [INFO] ApiDb:261 - Set plugin images path to: C:\ST\STM32CubeIDE_1.19.0\STM32CubeIDE\plugins\com.st.stm32cube.common.mx_6.15.0.202507011659\\db\/plugins/mcufinder/images/
2025-11-30 09:53:57,932 [WARN] DbFile:41 - Overriding database path with different value: C:\Users\akash\.stmcufinder\plugins\mcufinder/ => C:\Users\akash\.stmcufinder\plugins\mcufinder
2025-11-30 09:53:57,932 [INFO] ApiDb:250 - Set database path to: C:\Users\akash\.stmcufinder\plugins\mcufinder//mcu/
2025-11-30 09:53:57,932 [WARN] DbFile:41 - Overriding database path with different value: C:\Users\akash\.stmcufinder\plugins\mcufinder/ => C:\Users\akash\.stmcufinder\plugins\mcufinder
2025-11-30 09:53:57,932 [INFO] DbMcusAds:125 - Set database path to: C:\Users\akash\.stmcufinder\plugins\mcufinder//mcu/
2025-11-30 09:53:57,932 [WARN] DbFile:41 - Overriding database path with different value: C:\Users\akash\.stmcufinder\plugins\mcufinder/ => C:\Users\akash\.stmcufinder\plugins\mcufinder
2025-11-30 09:53:57,932 [WARN] DbFile:41 - Overriding database path with different value: C:\Users\akash\.stmcufinder\plugins\mcufinder/ => C:\Users\akash\.stmcufinder\plugins\mcufinder
2025-11-30 09:53:57,934 [INFO] CrossReferenceDbSqlite:203 - Set database path to: C:\Users\akash\.stmcufinder\plugins\mcufinder//mcu/cs/
2025-11-30 09:53:57,980 [INFO] MainPanel:274 - HeapMemory: 268435456
2025-11-30 09:53:58,033 [INFO] DbMcusXml:78 - Set database path to: C:\ST\STM32CubeIDE_1.19.0\STM32CubeIDE\plugins\com.st.stm32cube.common.mx_6.15.0.202507011659\\db\/mcu/
2025-11-30 09:53:58,033 [INFO] ApiDb:274 - Set plugin database path to: C:\ST\STM32CubeIDE_1.19.0\STM32CubeIDE\plugins\com.st.stm32cube.common.mx_6.15.0.202507011659\\db\/plugins/boardmanager/
2025-11-30 09:53:58,033 [INFO] ApiDb:261 - Set plugin images path to: C:\ST\STM32CubeIDE_1.19.0\STM32CubeIDE\plugins\com.st.stm32cube.common.mx_6.15.0.202507011659\\db\/plugins/mcufinder/images/
2025-11-30 09:53:58,033 [WARN] DbFile:41 - Overriding database path with different value: C:\Users\akash\.stmcufinder\plugins\mcufinder/ => C:\Users\akash\.stmcufinder\plugins\mcufinder
2025-11-30 09:53:58,033 [INFO] ApiDb:250 - Set database path to: C:\Users\akash\.stmcufinder\plugins\mcufinder//mcu/
2025-11-30 09:53:58,033 [WARN] DbFile:41 - Overriding database path with different value: C:\Users\akash\.stmcufinder\plugins\mcufinder/ => C:\Users\akash\.stmcufinder\plugins\mcufinder
2025-11-30 09:53:58,033 [INFO] DbMcusAds:125 - Set database path to: C:\Users\akash\.stmcufinder\plugins\mcufinder//mcu/
2025-11-30 09:53:58,033 [WARN] DbFile:41 - Overriding database path with different value: C:\Users\akash\.stmcufinder\plugins\mcufinder/ => C:\Users\akash\.stmcufinder\plugins\mcufinder
2025-11-30 09:53:58,033 [WARN] DbFile:41 - Overriding database path with different value: C:\Users\akash\.stmcufinder\plugins\mcufinder/ => C:\Users\akash\.stmcufinder\plugins\mcufinder
2025-11-30 09:53:58,034 [INFO] CrossReferenceDbSqlite:203 - Set database path to: C:\Users\akash\.stmcufinder\plugins\mcufinder//mcu/cs/
2025-11-30 09:53:58,045 [INFO] ApplicationProperties:184 - Using Application install path: C:\ST\STM32CubeIDE_1.19.0\STM32CubeIDE\plugins\com.st.stm32cube.common.mx_6.15.0.202507011659
2025-11-30 09:53:58,045 [INFO] PluginManage:196 - Search for loadable plugins [exclusion list=, ]
2025-11-30 09:53:58,046 [INFO] PluginManage:310 - Check plugin analytics
2025-11-30 09:53:58,162 [INFO] AnalyticsPlugin:253 - Accepted Software Licenses: STM32CubeMX.6.15.0
2025-11-30 09:53:58,162 [INFO] AnalyticsPlugin:255 - Accepted CMSIS Pack Licenses: STMicroelectronics.X-CUBE-AZRTOS-H7.3.3.0
2025-11-30 09:53:58,162 [INFO] AnalyticsPlugin:257 - Accepted Firmware Licenses: FW.H7.1.12.0,FW.G0.1.6.0,FW.G4.1.6.0
2025-11-30 09:53:58,164 [INFO] PluginManage:359 - Loaded plugin analytics (category:tool,tabindex:-1)
2025-11-30 09:53:58,164 [INFO] PluginManage:310 - Check plugin cadmodel
2025-11-30 09:53:58,166 [INFO] CADModel:105 - Init CAD model plugin
2025-11-30 09:53:58,168 [INFO] PluginManage:359 - Loaded plugin cadmodel (category:power,tabindex:5)
2025-11-30 09:53:58,168 [INFO] PluginManage:310 - Check plugin clock
2025-11-30 09:53:58,173 [INFO] PluginManage:359 - Loaded plugin clock (category:base,tabindex:2)
2025-11-30 09:53:58,173 [INFO] PluginManage:310 - Check plugin ddr
2025-11-30 09:53:58,174 [INFO] PluginManage:359 - Loaded plugin ddr (category:tool,tabindex:6)
2025-11-30 09:53:58,174 [INFO] PluginManage:310 - Check plugin filemanager
2025-11-30 09:53:58,302 [INFO] PluginManage:359 - Loaded plugin filemanager (category:base,tabindex:10)
2025-11-30 09:53:58,303 [INFO] PluginManage:310 - Check plugin ipmanager
2025-11-30 09:53:58,308 [INFO] PluginManage:359 - Loaded plugin ipmanager (category:base,tabindex:5)
2025-11-30 09:53:58,309 [INFO] PluginManage:310 - Check plugin lpbam
2025-11-30 09:53:58,314 [INFO] PluginManage:359 - Loaded plugin lpbam (category:base,tabindex:0)
2025-11-30 09:53:58,314 [INFO] PluginManage:310 - Check plugin memorymap
2025-11-30 09:53:58,322 [INFO] PluginManage:359 - Loaded plugin memorymap (category:base,tabindex:4)
2025-11-30 09:53:58,323 [INFO] PluginManage:310 - Check plugin pinoutandconfiguration
2025-11-30 09:53:58,327 [INFO] PluginManage:359 - Loaded plugin pinoutandconfiguration (category:base,tabindex:1)
2025-11-30 09:53:58,327 [INFO] PluginManage:310 - Check plugin pinoutconfig
2025-11-30 09:53:58,381 [WARN] SupportedApi:132 - Cannot load RTOS API schema: s4s-elt-must-match.1: The content of 'definitions' must match (annotation?, (simpleType | complexType)?, (unique | key | keyref)*)). A problem was found starting at: attribute.
2025-11-30 09:53:58,461 [INFO] PluginManage:359 - Loaded plugin pinoutconfig (category:base,tabindex:0)
2025-11-30 09:53:58,461 [INFO] PluginManage:310 - Check plugin power
2025-11-30 09:53:58,467 [INFO] PluginManage:359 - Loaded plugin power (category:power,tabindex:4)
2025-11-30 09:53:58,467 [INFO] PluginManage:310 - Check plugin projectmanager
2025-11-30 09:53:58,478 [INFO] PluginManage:359 - Loaded plugin projectmanager (category:projectmanager,tabindex:4)
2025-11-30 09:53:58,478 [INFO] PluginManage:310 - Check plugin rif
2025-11-30 09:53:58,484 [INFO] PluginManage:359 - Loaded plugin rif (category:base,tabindex:3)
2025-11-30 09:53:58,484 [INFO] PluginManage:310 - Check plugin thirdparty
2025-11-30 09:53:58,564 [INFO] PluginManage:359 - Loaded plugin thirdparty (category:base,tabindex:-1)
2025-11-30 09:53:58,564 [WARN] IntegrityCheckThread:84 - waiting for thirdparty lock release [integrity check]
2025-11-30 09:53:58,564 [INFO] PluginManage:310 - Check plugin tools
2025-11-30 09:53:58,564 [INFO] IntegrityCheckThread:86 - entering critical section [integrity check]
2025-11-30 09:53:58,564 [INFO] ThirdPartyUpdaterWithRetryManager:70 - Updater plugin not ready yet. [1/15]
2025-11-30 09:53:58,566 [INFO] PluginManage:359 - Loaded plugin tools (category:base,tabindex:7)
2025-11-30 09:53:58,566 [INFO] PluginManage:310 - Check plugin tutovideos
2025-11-30 09:53:58,691 [INFO] PluginManage:359 - Loaded plugin tutovideos (category:base,tabindex:-1)
2025-11-30 09:53:58,691 [INFO] PluginManage:310 - Check plugin updater
2025-11-30 09:53:58,705 [INFO] PluginManage:359 - Loaded plugin updater (category:base,tabindex:12)
2025-11-30 09:53:58,705 [INFO] PluginManage:310 - Check plugin userauth
2025-11-30 09:53:58,707 [INFO] UserAuth:118 - Init User Auth plugin
2025-11-30 09:53:58,707 [INFO] PluginManage:359 - Loaded plugin userauth (category:base,tabindex:14)
2025-11-30 09:53:58,708 [INFO] PluginManage:283 - PluginManage : Loaded plugins [18]
2025-11-30 09:53:58,839 [INFO] PinOutPanel:1589 - setPackage(No Configuration,No Configuration)
2025-11-30 09:53:58,895 [INFO] CADModel:165 - CPN selected for project level
2025-11-30 09:53:58,895 [INFO] CADModel:114 - Register for checkConnection events
2025-11-30 09:53:58,904 [INFO] IPUIPlugin:80 - create IPUIPlugin
2025-11-30 09:53:58,905 [INFO] PluginManager:220 - loadIPPluginJar : add adc
2025-11-30 09:53:58,906 [INFO] IPUIPlugin:80 - create IPUIPlugin
2025-11-30 09:53:58,906 [INFO] PluginManager:220 - loadIPPluginJar : add aes
2025-11-30 09:53:58,908 [INFO] IPUIPlugin:80 - create IPUIPlugin
2025-11-30 09:53:58,908 [INFO] PluginManager:220 - loadIPPluginJar : add can
2025-11-30 09:53:58,909 [INFO] IPUIPlugin:80 - create IPUIPlugin
2025-11-30 09:53:58,909 [INFO] PluginManager:220 - loadIPPluginJar : add comp
2025-11-30 09:53:58,910 [INFO] IPUIPlugin:80 - create IPUIPlugin
2025-11-30 09:53:58,910 [INFO] PluginManager:220 - loadIPPluginJar : add cryp
2025-11-30 09:53:58,912 [INFO] IPUIPlugin:80 - create IPUIPlugin
2025-11-30 09:53:58,912 [INFO] PluginManager:220 - loadIPPluginJar : add ddr_ctrl_phy
2025-11-30 09:53:58,913 [INFO] IPUIPlugin:80 - create IPUIPlugin
2025-11-30 09:53:58,913 [INFO] PluginManager:220 - loadIPPluginJar : add dfsdm
2025-11-30 09:53:58,916 [INFO] IPUIPlugin:80 - create IPUIPlugin
2025-11-30 09:53:58,916 [INFO] PluginManager:220 - loadIPPluginJar : add dma
2025-11-30 09:53:58,918 [INFO] IPUIPlugin:80 - create IPUIPlugin
2025-11-30 09:53:58,918 [INFO] PluginManager:220 - loadIPPluginJar : add dma3
2025-11-30 09:53:58,919 [INFO] IPUIPlugin:80 - create IPUIPlugin
2025-11-30 09:53:58,919 [INFO] PluginManager:220 - loadIPPluginJar : add extmemmanager
2025-11-30 09:53:58,920 [INFO] IPUIPlugin:80 - create IPUIPlugin
2025-11-30 09:53:58,920 [INFO] PluginManager:220 - loadIPPluginJar : add fatfs
2025-11-30 09:53:58,923 [INFO] IPUIPlugin:80 - create IPUIPlugin
2025-11-30 09:53:58,923 [INFO] PluginManager:220 - loadIPPluginJar : add fmc
2025-11-30 09:53:58,926 [INFO] IPUIPlugin:80 - create IPUIPlugin
2025-11-30 09:53:58,926 [INFO] PluginManager:220 - loadIPPluginJar : add freertos
2025-11-30 09:53:58,927 [INFO] IPUIPlugin:80 - create IPUIPlugin
2025-11-30 09:53:58,927 [INFO] PluginManager:220 - loadIPPluginJar : add genericplugin
2025-11-30 09:53:58,928 [INFO] IPUIPlugin:80 - create IPUIPlugin
2025-11-30 09:53:58,928 [INFO] PluginManager:220 - loadIPPluginJar : add gfxmmu
2025-11-30 09:53:58,930 [INFO] IPUIPlugin:80 - create IPUIPlugin
2025-11-30 09:53:58,931 [INFO] PluginManager:220 - loadIPPluginJar : add gic
2025-11-30 09:53:58,932 [INFO] IPUIPlugin:80 - create IPUIPlugin
2025-11-30 09:53:58,932 [INFO] PluginManager:220 - loadIPPluginJar : add gpio
2025-11-30 09:53:58,935 [INFO] IPUIPlugin:80 - create IPUIPlugin
2025-11-30 09:53:58,935 [INFO] PluginManager:220 - loadIPPluginJar : add gtzc
2025-11-30 09:53:58,936 [INFO] IPUIPlugin:80 - create IPUIPlugin
2025-11-30 09:53:58,936 [INFO] PluginManager:220 - loadIPPluginJar : add hash
2025-11-30 09:53:58,937 [INFO] IPUIPlugin:80 - create IPUIPlugin
2025-11-30 09:53:58,937 [INFO] PluginManager:220 - loadIPPluginJar : add i2c
2025-11-30 09:53:58,938 [INFO] IPUIPlugin:80 - create IPUIPlugin
2025-11-30 09:53:58,939 [INFO] PluginManager:220 - loadIPPluginJar : add i2s
2025-11-30 09:53:58,940 [INFO] IPUIPlugin:80 - create IPUIPlugin
2025-11-30 09:53:58,940 [INFO] PluginManager:220 - loadIPPluginJar : add i3c
2025-11-30 09:53:58,942 [INFO] IPUIPlugin:80 - create IPUIPlugin
2025-11-30 09:53:58,942 [INFO] PluginManager:220 - loadIPPluginJar : add ipddr
2025-11-30 09:53:58,945 [INFO] IPUIPlugin:80 - create IPUIPlugin
2025-11-30 09:53:58,945 [INFO] PluginManager:220 - loadIPPluginJar : add linkedlist
2025-11-30 09:53:58,947 [INFO] IPUIPlugin:80 - create IPUIPlugin
2025-11-30 09:53:58,947 [INFO] PluginManager:220 - loadIPPluginJar : add lorawan
2025-11-30 09:53:58,948 [INFO] IPUIPlugin:80 - create IPUIPlugin
2025-11-30 09:53:58,948 [INFO] PluginManager:220 - loadIPPluginJar : add ltdc
2025-11-30 09:53:58,952 [INFO] IPUIPlugin:80 - create IPUIPlugin
2025-11-30 09:53:58,952 [INFO] PluginManager:220 - loadIPPluginJar : add mdma
2025-11-30 09:53:58,954 [INFO] IPUIPlugin:80 - create IPUIPlugin
2025-11-30 09:53:58,954 [INFO] PluginManager:220 - loadIPPluginJar : add nvic
2025-11-30 09:53:58,955 [INFO] IPUIPlugin:80 - create IPUIPlugin
2025-11-30 09:53:58,955 [INFO] PluginManager:220 - loadIPPluginJar : add opamp
2025-11-30 09:53:58,957 [INFO] IPUIPlugin:80 - create IPUIPlugin
2025-11-30 09:53:58,957 [INFO] PluginManager:220 - loadIPPluginJar : add openamp
2025-11-30 09:53:58,959 [INFO] IPUIPlugin:80 - create IPUIPlugin
2025-11-30 09:53:58,959 [INFO] PluginManager:220 - loadIPPluginJar : add pdm2pcm
2025-11-30 09:53:58,963 [INFO] IPUIPlugin:80 - create IPUIPlugin
2025-11-30 09:53:58,965 [INFO] PluginManager:220 - loadIPPluginJar : add plateformsettings
2025-11-30 09:53:58,966 [INFO] IPUIPlugin:80 - create IPUIPlugin
2025-11-30 09:53:58,966 [INFO] PluginManager:220 - loadIPPluginJar : add quadspi
2025-11-30 09:53:58,967 [INFO] IPUIPlugin:80 - create IPUIPlugin
2025-11-30 09:53:58,968 [INFO] PluginManager:220 - loadIPPluginJar : add radio
2025-11-30 09:53:58,969 [INFO] IPUIPlugin:80 - create IPUIPlugin
2025-11-30 09:53:58,970 [INFO] PluginManager:220 - loadIPPluginJar : add resmgrutility
2025-11-30 09:53:58,971 [INFO] IPUIPlugin:80 - create IPUIPlugin
2025-11-30 09:53:58,971 [INFO] PluginManager:220 - loadIPPluginJar : add sai
2025-11-30 09:53:58,973 [INFO] IPUIPlugin:80 - create IPUIPlugin
2025-11-30 09:53:58,973 [INFO] PluginManager:220 - loadIPPluginJar : add spi
2025-11-30 09:53:58,977 [INFO] IPUIPlugin:80 - create IPUIPlugin
2025-11-30 09:53:58,977 [INFO] PluginManager:220 - loadIPPluginJar : add stm32_wpan
2025-11-30 09:53:58,978 [INFO] IPUIPlugin:80 - create IPUIPlugin
2025-11-30 09:53:58,978 [INFO] PluginManager:220 - loadIPPluginJar : add tim
2025-11-30 09:53:58,980 [INFO] IPUIPlugin:80 - create IPUIPlugin
2025-11-30 09:53:58,980 [INFO] PluginManager:220 - loadIPPluginJar : add touchsensing
2025-11-30 09:53:58,981 [INFO] IPUIPlugin:80 - create IPUIPlugin
2025-11-30 09:53:58,981 [INFO] PluginManager:220 - loadIPPluginJar : add tracer_emb
2025-11-30 09:53:58,983 [INFO] IPUIPlugin:80 - create IPUIPlugin
2025-11-30 09:53:58,983 [INFO] PluginManager:220 - loadIPPluginJar : add ts
2025-11-30 09:53:58,984 [INFO] IPUIPlugin:80 - create IPUIPlugin
2025-11-30 09:53:58,984 [INFO] PluginManager:220 - loadIPPluginJar : add tsc
2025-11-30 09:53:58,985 [INFO] IPUIPlugin:80 - create IPUIPlugin
2025-11-30 09:53:58,985 [INFO] PluginManager:220 - loadIPPluginJar : add ucpd
2025-11-30 09:53:58,987 [INFO] IPUIPlugin:80 - create IPUIPlugin
2025-11-30 09:53:58,987 [INFO] PluginManager:220 - loadIPPluginJar : add usart
2025-11-30 09:53:58,989 [INFO] IPUIPlugin:80 - create IPUIPlugin
2025-11-30 09:53:58,989 [INFO] PluginManager:220 - loadIPPluginJar : add usbx
2025-11-30 09:53:59,095 [FATAL] Updater:351 - Updater called before beeing initialized
2025-11-30 09:53:59,111 [INFO] RulesReader:64 - Compatibility file has been processed (317 Rules)
2025-11-30 09:53:59,119 [INFO] RulesReader:64 - Compatibility file has been processed (317 Rules)
2025-11-30 09:53:59,123 [INFO] CADModel:165 - CPN selected for project level
2025-11-30 09:53:59,123 [INFO] CADModel:114 - Register for checkConnection events
2025-11-30 09:53:59,123 [FATAL] Updater:351 - Updater called before beeing initialized
2025-11-30 09:53:59,123 [ERROR] CADModel:125 - Updater not yet initialized, retry later 
2025-11-30 09:53:59,204 [FATAL] Updater:351 - Updater called before beeing initialized
2025-11-30 09:53:59,204 [INFO] CADModel:165 - CPN selected for project level
2025-11-30 09:53:59,204 [INFO] CADModel:114 - Register for checkConnection events
2025-11-30 09:53:59,204 [FATAL] Updater:351 - Updater called before beeing initialized
2025-11-30 09:53:59,204 [ERROR] CADModel:125 - Updater not yet initialized, retry later 
2025-11-30 09:53:59,207 [FATAL] Updater:351 - Updater called before beeing initialized
2025-11-30 09:53:59,277 [FATAL] Updater:351 - Updater called before beeing initialized
2025-11-30 09:53:59,280 [INFO] DbMcusAds:53 - JSON generation date=Tue Nov 25 06:08:32 PST 2025 (1764079712835)
2025-11-30 09:53:59,280 [FATAL] Updater:351 - Updater called before beeing initialized
2025-11-30 09:53:59,304 [WARN] DetailPanel:346 - Failed to get advertising image, set to default
2025-11-30 09:53:59,366 [FATAL] Updater:351 - Updater called before beeing initialized
2025-11-30 09:53:59,367 [FATAL] Updater:351 - Updater called before beeing initialized
2025-11-30 09:53:59,367 [FATAL] Updater:351 - Updater called before beeing initialized
2025-11-30 09:53:59,367 [WARN] DetailPanel:346 - Failed to get advertising image, set to default
2025-11-30 09:53:59,368 [FATAL] Updater:351 - Updater called before beeing initialized
2025-11-30 09:53:59,396 [ERROR] Updater:1198 - MainUpdater not yet initialized. External WinMGr cannot be set.
2025-11-30 09:53:59,397 [INFO] Updater:1134 - Updater Version found : 6.15.0
2025-11-30 09:53:59,406 [INFO] ApplicationProperties:184 - Using Application install path: C:\ST\STM32CubeIDE_1.19.0\STM32CubeIDE\plugins\com.st.stm32cube.common.mx_6.15.0.202507011659
2025-11-30 09:54:00,974 [ERROR] LogOutputStream:75 - [STDERR_REDIRECT] Nov 30, 2025 9:54:00 AM java.util.prefs.WindowsPreferences <init>
2025-11-30 09:54:00,974 [ERROR] LogOutputStream:75 - [STDERR_REDIRECT] WARNING: Could not open/create prefs root node Software\JavaSoft\Prefs at root 0xffffffff80000002. Windows RegCreateKeyEx(...) returned error code 5.
2025-11-30 09:54:00,976 [ERROR] LogOutputStream:75 - [STDERR_REDIRECT] 
2025-11-30 09:54:01,190 [INFO] MainUpdater:2872 - connection check result : 10
2025-11-30 09:54:01,191 [INFO] MainUpdater:289 - Updater Check For Update Now.
2025-11-30 09:54:01,191 [INFO] MicroXplorer:498 - Change Database Version : DB.6.0.150
2025-11-30 09:54:01,194 [INFO] McuFinderGlobals:63 - Set McuFinder mode to 2 (CubeIDE integrated)
2025-11-30 09:54:01,195 [INFO] UserAuth:487 - Internet connection configuration mode: 1
2025-11-30 09:54:01,205 [INFO] JxBrowserEngine:152 - Initiate JxBrowser Engine with user profile folder
2025-11-30 09:54:01,357 [INFO] CheckServerUpdateThread:120 - End of CheckServer Thread
2025-11-30 09:54:01,611 [INFO] WebApp:169 - Instantiating new browser for Auth
2025-11-30 09:54:01,751 [WARN] PackLoader:240 - Cannot read IP mode file for STMicroelectronics.FP-SNS-MOTENVWB1.1.4.0
2025-11-30 09:54:01,757 [WARN] PackLoader:240 - Cannot read IP mode file for STMicroelectronics.FP-ATR-ASTRA1.2.0.2
2025-11-30 09:54:01,765 [WARN] PackLoader:240 - Cannot read IP mode file for STMicroelectronics.X-CUBE-SMBUS.2.1.0
2025-11-30 09:54:01,768 [WARN] PackLoader:240 - Cannot read IP mode file for STMicroelectronics.X-CUBE-ST60.1.0.0
2025-11-30 09:54:01,796 [WARN] PackLoader:240 - Cannot read IP mode file for STMicroelectronics.X-CUBE-AZRTOS-F7.1.1.0
2025-11-30 09:54:01,804 [WARN] PackLoader:240 - Cannot read IP mode file for STMicroelectronics.FP-SNS-MOTENV1.5.1.0
2025-11-30 09:54:01,825 [WARN] PackLoader:240 - Cannot read IP mode file for Infineon.AIROC-Wi-Fi-Bluetooth-STM32.1.7.1
2025-11-30 09:54:01,851 [WARN] PackLoader:240 - Cannot read IP mode file for STMicroelectronics.X-CUBE-AZRTOS-H7.3.4.0
2025-11-30 09:54:01,858 [WARN] PackLoader:240 - Cannot read IP mode file for STMicroelectronics.X-CUBE-DISPLAY.3.0.0
2025-11-30 09:54:01,866 [WARN] PackLoader:240 - Cannot read IP mode file for STMicroelectronics.X-CUBE-NFC10.1.0.0
2025-11-30 09:54:01,871 [WARN] PackLoader:240 - Cannot read IP mode file for STMicroelectronics.X-CUBE-ST60.1.1.0
2025-11-30 09:54:01,874 [WARN] PackLoader:240 - Cannot read IP mode file for emotas.I-CUBE-CANOPEN.1.3.0
2025-11-30 09:54:01,878 [WARN] PackLoader:240 - Cannot read IP mode file for STMicroelectronics.X-CUBE-GNSS1.7.1.0
2025-11-30 09:54:01,885 [WARN] PackLoader:240 - Cannot read IP mode file for STMicroelectronics.FP-SNS-STBOX1.2.1.0
2025-11-30 09:54:01,889 [WARN] PackLoader:240 - Cannot read IP mode file for STMicroelectronics.FP-SNS-SMARTAG2.1.2.0
2025-11-30 09:54:01,893 [WARN] PackLoader:240 - Cannot read IP mode file for STMicroelectronics.FP-SNS-FLIGHT1.5.1.0
2025-11-30 09:54:01,900 [INFO] LogOutputStream:77 - [STDOUT_REDIRECT] 1 : Invalid condition id : UX_CORESTACK_Condition cause : null
2025-11-30 09:54:01,900 [INFO] LogOutputStream:77 - [STDOUT_REDIRECT] 1 : Invalid condition id : UX_CORESTACK_Condition cause : null
2025-11-30 09:54:01,901 [INFO] LogOutputStream:77 - [STDOUT_REDIRECT] 1 : Invalid condition id : UX_CORESTACK_Condition cause : null
2025-11-30 09:54:01,902 [INFO] LogOutputStream:77 - [STDOUT_REDIRECT] 1 : Invalid condition id : UX_CORESTACK_Condition cause : null
2025-11-30 09:54:01,903 [INFO] LogOutputStream:77 - [STDOUT_REDIRECT] 1 : Invalid condition id : UX_CORESTACK_Condition cause : null
2025-11-30 09:54:01,905 [WARN] PackLoader:240 - Cannot read IP mode file for STMicroelectronics.X-CUBE-AZRTOS-WL.2.0.0
2025-11-30 09:54:01,909 [WARN] PackLoader:240 - Cannot read IP mode file for STMicroelectronics.FP-SNS-MOTENV1.5.0.0
2025-11-30 09:54:01,931 [WARN] PackLoader:240 - Cannot read IP mode file for STMicroelectronics.X-CUBE-AZRTOS-H7RS.1.2.0
2025-11-30 09:54:01,940 [WARN] PackLoader:240 - Cannot read IP mode file for WES.I-CUBE-Cesium.1.3.0
2025-11-30 09:54:01,945 [WARN] PackLoader:240 - Cannot read IP mode file for STMicroelectronics.X-CUBE-BLE2.3.3.0
2025-11-30 09:54:01,964 [WARN] PackLoader:240 - Cannot read IP mode file for STMicroelectronics.X-CUBE-NFC9.1.0.0
2025-11-30 09:54:01,969 [WARN] PackLoader:240 - Cannot read IP mode file for wolfSSL.I-CUBE-wolfSSL.5.8.0
2025-11-30 09:54:01,973 [WARN] PackLoader:240 - Cannot read IP mode file for STMicroelectronics.X-CUBE-BLE1.7.1.0
2025-11-30 09:54:01,976 [WARN] PackLoader:240 - Cannot read IP mode file for wolfSSL.I-CUBE-wolfMQTT.1.19.2
2025-11-30 09:54:01,981 [WARN] PackLoader:240 - Cannot read IP mode file for STMicroelectronics.X-CUBE-FREERTOS.1.4.0
2025-11-30 09:54:01,987 [WARN] PackLoader:240 - Cannot read IP mode file for STMicroelectronics.X-CUBE-EEPRMA1.5.2.0
2025-11-30 09:54:01,994 [WARN] PackLoader:240 - Cannot read IP mode file for STMicroelectronics.X-CUBE-ST67W61.1.1.0
2025-11-30 09:54:01,998 [WARN] PackLoader:240 - Cannot read IP mode file for STMicroelectronics.X-CUBE-AI.10.1.0
2025-11-30 09:54:02,045 [WARN] PackLoader:240 - Cannot read IP mode file for STMicroelectronics.X-CUBE-MEMS1.12.0.0
2025-11-30 09:54:02,125 [WARN] PackLoader:240 - Cannot read IP mode file for STMicroelectronics.X-CUBE-AZRTOS-G0.1.1.0
2025-11-30 09:54:02,134 [WARN] PackLoader:240 - Cannot read IP mode file for STMicroelectronics.X-CUBE-SAFEA1.1.2.2
2025-11-30 09:54:02,143 [WARN] PackLoader:240 - Cannot read IP mode file for STMicroelectronics.X-CUBE-NFC4.3.0.0
2025-11-30 09:54:02,153 [WARN] PackLoader:240 - Cannot read IP mode file for EmbeddedOffice.I-CUBE-FS-RTOS.1.0.1
2025-11-30 09:54:02,157 [WARN] PackLoader:240 - Cannot read IP mode file for STMicroelectronics.X-CUBE-WB05N.2.0.0
2025-11-30 09:54:02,160 [WARN] PackLoader:240 - Cannot read IP mode file for wolfSSL.I-CUBE-wolfTPM.3.8.0
2025-11-30 09:54:02,166 [WARN] PackLoader:240 - Cannot read IP mode file for STMicroelectronics.X-CUBE-TCPP.4.2.0
2025-11-30 09:54:02,172 [WARN] PackLoader:240 - Cannot read IP mode file for RealThread.X-CUBE-RT-Thread_Nano.4.1.1
2025-11-30 09:54:02,177 [WARN] PackLoader:240 - Cannot read IP mode file for STMicroelectronics.FP-ATR-SIGFOX1.3.2.0
2025-11-30 09:54:02,183 [WARN] PackLoader:240 - Cannot read IP mode file for ITTIA_DB.I-CUBE-ITTIADB.8.9.0
2025-11-30 09:54:02,189 [WARN] PackLoader:240 - Cannot read IP mode file for STMicroelectronics.X-CUBE-ST67W61.1.0.0
2025-11-30 09:54:02,192 [WARN] PackLoader:240 - Cannot read IP mode file for STMicroelectronics.X-CUBE-AI.10.2.0
2025-11-30 09:54:02,222 [WARN] PackLoader:240 - Cannot read IP mode file for SEGGER.I-CUBE-embOS.1.3.1
2025-11-30 09:54:02,265 [INFO] WebApp:463 - Apply proxy settings
2025-11-30 09:54:02,266 [INFO] WebApp:548 - Chromium requires no authentication
2025-11-30 09:54:02,267 [WARN] PackLoader:240 - Cannot read IP mode file for STMicroelectronics.X-CUBE-ALGOBUILD.1.4.0
2025-11-30 09:54:02,273 [INFO] WebApp:491 - Direct internet connection detected
2025-11-30 09:54:02,308 [INFO] WebApp:900 - Register for checkConnection events
2025-11-30 09:54:02,308 [INFO] WebApp:463 - Apply proxy settings
2025-11-30 09:54:02,309 [INFO] WebApp:548 - Chromium requires no authentication
2025-11-30 09:54:02,309 [INFO] WebApp:491 - Direct internet connection detected
2025-11-30 09:54:02,322 [WARN] PackLoader:240 - Cannot read IP mode file for STMicroelectronics.X-CUBE-MEMS1.11.3.0
2025-11-30 09:54:02,389 [WARN] PackLoader:240 - Cannot read IP mode file for STMicroelectronics.X-CUBE-PM33A1.1.0.0
2025-11-30 09:54:02,402 [WARN] PackLoader:240 - Cannot read IP mode file for STMicroelectronics.X-CUBE-AZRTOS-F4.1.1.0
2025-11-30 09:54:02,405 [WARN] PackLoader:240 - Cannot read IP mode file for Avnet-IotConnect.X-CUBE-IoTC-DA16k-PMOD.1.0.0
2025-11-30 09:54:02,408 [WARN] PackLoader:240 - Cannot read IP mode file for STMicroelectronics.X-CUBE-ISPU.2.1.0
2025-11-30 09:54:02,415 [WARN] PackLoader:240 - Cannot read IP mode file for STMicroelectronics.X-CUBE-IPS.3.2.0
2025-11-30 09:54:02,425 [WARN] PackLoader:240 - Cannot read IP mode file for STMicroelectronics.X-CUBE-NFC12.1.0.0
2025-11-30 09:54:02,441 [WARN] PackLoader:240 - Cannot read IP mode file for STMicroelectronics.X-CUBE-AZRTOS-L5.2.0.0
2025-11-30 09:54:02,446 [INFO] WebApp:191 - Connection restablished
2025-11-30 09:54:02,449 [WARN] PackLoader:240 - Cannot read IP mode file for STMicroelectronics.X-CUBE-NFC6.3.1.0
2025-11-30 09:54:02,455 [WARN] PackLoader:240 - Cannot read IP mode file for STMicroelectronics.X-CUBE-FREERTOS.1.3.1
2025-11-30 09:54:02,458 [WARN] PackLoader:240 - Cannot read IP mode file for STMicroelectronics.X-CUBE-TOUCHGFX.4.26.0
2025-11-30 09:54:02,463 [WARN] PackLoader:240 - Cannot read IP mode file for STMicroelectronics.FP-SNS-STAIOTCFT.1.0.0
2025-11-30 09:54:02,467 [WARN] PackLoader:240 - Cannot read IP mode file for STMicroelectronics.X-CUBE-DPower.1.3.0
2025-11-30 09:54:02,482 [WARN] ConditionMgr:438 - getConditionDescription Invalid condition id : LAN8742 Phy interface Condition cause : null
2025-11-30 09:54:02,483 [WARN] PackLoader:240 - Cannot read IP mode file for STMicroelectronics.X-CUBE-AZRTOS-L4.2.0.0
2025-11-30 09:54:02,484 [WARN] ConditionMgr:1044 - genDependencies : Invalid condition id : LAN8742 Phy interface Condition cause : null
2025-11-30 09:54:02,484 [WARN] ConditionMgr:1044 - genDependencies : Invalid condition id : LAN8742 Phy interface Condition cause : null
2025-11-30 09:54:02,484 [WARN] ConditionMgr:1044 - genDependencies : Invalid condition id : LAN8742 Phy interface Condition cause : null
2025-11-30 09:54:02,491 [WARN] PackLoader:240 - Cannot read IP mode file for STMicroelectronics.X-CUBE-SFXS2LP1.4.0.0
2025-11-30 09:54:02,495 [INFO] WebApp:225 - Starting web application
2025-11-30 09:54:02,495 [INFO] WebApp:593 - Web application path used C:\ST\STM32CubeIDE_1.19.0\STM32CubeIDE\plugins\com.st.stm32cube.common.mx_6.15.0.202507011659\db\plugins\mcufinder\reactClient1\index.html
2025-11-30 09:54:02,507 [WARN] PackLoader:240 - Cannot read IP mode file for STMicroelectronics.X-CUBE-AZRTOS-H7.3.3.0
2025-11-30 09:54:02,679 [INFO] UserAuth:487 - Internet connection configuration mode: 1
2025-11-30 09:54:02,874 [WARN] PackLoader:240 - Cannot read IP mode file for STMicroelectronics.X-CUBE-BLEMGR.4.1.0
2025-11-30 09:54:02,886 [WARN] ConditionMgr:438 - getConditionDescription Invalid condition id : UX DEVICE CLASS RTOS Condition cause : null
2025-11-30 09:54:02,886 [WARN] ConditionMgr:438 - getConditionDescription Invalid condition id : UX DEVICE CLASS RTOS Condition cause : null
2025-11-30 09:54:02,888 [WARN] PackLoader:240 - Cannot read IP mode file for STMicroelectronics.X-CUBE-AZRTOS-WB.2.0.0
2025-11-30 09:54:02,888 [WARN] ConditionMgr:1044 - genDependencies : Invalid condition id : UX DEVICE CLASS RTOS Condition cause : null
2025-11-30 09:54:02,888 [WARN] ConditionMgr:1044 - genDependencies : Invalid condition id : UX DEVICE CLASS RTOS Condition cause : null
2025-11-30 09:54:02,888 [WARN] ConditionMgr:1044 - genDependencies : Invalid condition id : UX DEVICE CLASS RTOS Condition cause : null
2025-11-30 09:54:02,888 [WARN] ConditionMgr:1044 - genDependencies : Invalid condition id : UX DEVICE CLASS RTOS Condition cause : null
2025-11-30 09:54:02,888 [WARN] ConditionMgr:1044 - genDependencies : Invalid condition id : UX DEVICE CLASS RTOS Condition cause : null
2025-11-30 09:54:02,891 [WARN] PackLoader:240 - Cannot read IP mode file for STMicroelectronics.X-CUBE-GNSS1.7.0.1
2025-11-30 09:54:02,895 [WARN] PackLoader:240 - Cannot read IP mode file for STMicroelectronics.X-CUBE-TOUCHGFX.4.25.0
2025-11-30 09:54:02,899 [WARN] PackLoader:240 - Cannot read IP mode file for STMicroelectronics.FP-SNS-STBOX1.2.0.0
2025-11-30 09:54:02,903 [WARN] ConditionMgr:438 - getConditionDescription Invalid condition id : Cortex-A Device cause : null
2025-11-30 09:54:02,910 [WARN] ConditionMgr:1044 - genDependencies : Invalid condition id : Cortex-A Device cause : null
2025-11-30 09:54:02,910 [WARN] ConditionMgr:1044 - genDependencies : Invalid condition id : Cortex-A Device cause : null
2025-11-30 09:54:02,910 [WARN] ConditionMgr:1044 - genDependencies : Invalid condition id : Cortex-A Device cause : null
2025-11-30 09:54:02,923 [WARN] PackLoader:240 - Cannot read IP mode file for STMicroelectronics.X-CUBE-SUBG2.5.0.0
2025-11-30 09:54:02,929 [ERROR] LogOutputStream:75 - [STDERR_REDIRECT] [Fatal Error] :1:1: Premature end of file.
2025-11-30 09:54:02,930 [ERROR] LogOutputStream:75 - [STDERR_REDIRECT] 
2025-11-30 09:54:02,935 [WARN] PackLoader:240 - Cannot read IP mode file for STMicroelectronics.X-CUBE-AZRTOS-H7RS.1.1.0
2025-11-30 09:54:02,940 [WARN] PackLoader:240 - Cannot read IP mode file for Cesanta.I-CUBE-Mongoose.7.13.0
2025-11-30 09:54:02,948 [WARN] PackLoader:240 - Cannot read IP mode file for STMicroelectronics.X-CUBE-AZRTOS-G4.2.0.0
2025-11-30 09:54:02,952 [WARN] PackLoader:240 - Cannot read IP mode file for wolfSSL.I-CUBE-wolfSSH.1.4.20
2025-11-30 09:54:02,957 [WARN] PackLoader:240 - Cannot read IP mode file for STMicroelectronics.X-CUBE-NFC7.2.0.0
2025-11-30 09:54:02,963 [WARN] PackLoader:240 - Cannot read IP mode file for STMicroelectronics.X-CUBE-IPS.3.1.0
2025-11-30 09:54:02,967 [WARN] PackLoader:240 - Cannot read IP mode file for STMicroelectronics.X-CUBE-ALS.1.0.2
2025-11-30 09:54:02,971 [WARN] PackLoader:240 - Cannot read IP mode file for STMicroelectronics.X-CUBE-STSE01.1.0.0
2025-11-30 09:54:02,974 [WARN] PackLoader:240 - Cannot read IP mode file for portGmbH.I-Cube-SoM-uGOAL.1.1.0
2025-11-30 09:54:02,983 [WARN] PackLoader:240 - Cannot read IP mode file for STMicroelectronics.X-CUBE-TOF1.3.4.3
2025-11-30 09:54:02,988 [INFO] ThirdParty:978 - Integrity check success = true
2025-11-30 09:54:02,988 [INFO] IntegrityCheckThread:100 - exiting critical section [integrity check]
2025-11-30 09:54:02,988 [INFO] IntegrityCheckThread:103 - End integrity checks thread
2025-11-30 09:54:03,726 [ERROR] LogOutputStream:75 - [STDERR_REDIRECT] [Fatal Error] :1:1: Premature end of file.
2025-11-30 09:54:03,727 [ERROR] LogOutputStream:75 - [STDERR_REDIRECT] 
2025-11-30 09:54:04,755 [ERROR] LogOutputStream:75 - [STDERR_REDIRECT] [Fatal Error] :1:1: Premature end of file.
2025-11-30 09:54:04,755 [ERROR] LogOutputStream:75 - [STDERR_REDIRECT] 
2025-11-30 09:54:05,730 [ERROR] LogOutputStream:75 - [STDERR_REDIRECT] [Fatal Error] :1:1: Premature end of file.
2025-11-30 09:54:05,731 [ERROR] LogOutputStream:75 - [STDERR_REDIRECT] 
2025-11-30 09:54:06,739 [ERROR] LogOutputStream:75 - [STDERR_REDIRECT] [Fatal Error] :1:1: Premature end of file.
2025-11-30 09:54:06,739 [ERROR] LogOutputStream:75 - [STDERR_REDIRECT] 
2025-11-30 09:54:07,733 [ERROR] LogOutputStream:75 - [STDERR_REDIRECT] [Fatal Error] :1:1: Premature end of file.
2025-11-30 09:54:07,733 [ERROR] LogOutputStream:75 - [STDERR_REDIRECT] 
2025-11-30 09:54:08,740 [ERROR] LogOutputStream:75 - [STDERR_REDIRECT] [Fatal Error] :1:1: Premature end of file.
2025-11-30 09:54:08,740 [ERROR] LogOutputStream:75 - [STDERR_REDIRECT] 
2025-11-30 09:54:09,727 [ERROR] LogOutputStream:75 - [STDERR_REDIRECT] [Fatal Error] :1:1: Premature end of file.
2025-11-30 09:54:09,727 [ERROR] LogOutputStream:75 - [STDERR_REDIRECT] 
2025-11-30 09:54:10,744 [ERROR] LogOutputStream:75 - [STDERR_REDIRECT] [Fatal Error] :1:1: Premature end of file.
2025-11-30 09:54:10,745 [ERROR] LogOutputStream:75 - [STDERR_REDIRECT] 
2025-11-30 09:54:11,732 [ERROR] LogOutputStream:75 - [STDERR_REDIRECT] [Fatal Error] :1:1: Premature end of file.
2025-11-30 09:54:11,733 [ERROR] LogOutputStream:75 - [STDERR_REDIRECT] 
2025-11-30 09:54:12,728 [ERROR] LogOutputStream:75 - [STDERR_REDIRECT] [Fatal Error] :1:1: Premature end of file.
2025-11-30 09:54:12,728 [ERROR] LogOutputStream:75 - [STDERR_REDIRECT] 
2025-11-30 09:54:13,027 [INFO] McuFinderGlobals:63 - Set McuFinder mode to 2 (CubeIDE integrated)
2025-11-30 09:54:13,030 [INFO] MainUpdater:2872 - connection check result : 10
2025-11-30 09:54:13,247 [INFO] ApiDb:581 - Connected to CubeFinder SQLite database (C:\Users\akash\.stmcufinder\plugins\mcufinder\mcu\cube-finder-db.db)
2025-11-30 09:54:13,304 [INFO] ApiDb:668 - CubeFinder database Data Model version=2.1
2025-11-30 09:54:13,304 [INFO] ApiDb:669 - CubeFinder database Configuration version=3.0.39
2025-11-30 09:54:13,304 [INFO] ApiDb:670 - CubeFinder database generation date=2025-11-05 (1762334721)
2025-11-30 09:54:13,304 [INFO] ApiDb:671 - CubeFinder database FW Pack versions=[FP-ATR-ASTRA1_V2.0.0, FP-SNS-FLIGHT1_V5.1.0, FP-SNS-MOTENV1_V5.1.0, FP-SNS-MOTENVWB1_V1.4.0, FP-SNS-SMARTAG2_V1.2.0, FP-SNS-STBOX1_V2.1.0, STM32Cube_FW_C0_V1.4.0, STM32Cube_FW_F4_V1.28.3, STM32Cube_FW_F7_V1.17.4, STM32Cube_FW_G0_V1.6.2, STM32Cube_FW_G4_V1.6.1, STM32Cube_FW_H5_V1.5.1, STM32Cube_FW_H7RS_V1.3.0, STM32Cube_FW_H7_V1.12.1, STM32Cube_FW_L0_V1.12.2, STM32Cube_FW_L4_V1.18.1, STM32Cube_FW_L5_V1.6.0, STM32Cube_FW_N6_V1.3.0, STM32Cube_FW_U0_V1.3.0, STM32Cube_FW_U3_V1.2.1, STM32Cube_FW_U5_V1.8.0, STM32Cube_FW_WB0_V1.4.0, STM32Cube_FW_WBA_V1.8.0, STM32Cube_FW_WB_V1.24.0, STM32Cube_FW_WL3_V1.3.0, STM32Cube_FW_WL_V1.4.0, X-CUBE-ALGOBUILD_V1.4.0, X-CUBE-ALS_V1.0.2, X-CUBE-AZRTOS-F4_V1.1.0, X-CUBE-AZRTOS-F7_V1.1.0, X-CUBE-AZRTOS-G0_V1.1.0, X-CUBE-AZRTOS-G4_V2.0.0, X-CUBE-AZRTOS-H7RS_V1.1.0, X-CUBE-AZRTOS-H7_V3.4.0, X-CUBE-AZRTOS-L4_V2.0.0, X-CUBE-AZRTOS-L5_V2.0.0, X-CUBE-AZRTOS-WB_V2.0.0, X-CUBE-AZRTOS-WL_V2.0.0, X-CUBE-BLE1_V7.1.0, X-CUBE-BLE2_V3.3.0, X-CUBE-BLEMGR_V4.1.0, X-CUBE-EEPRMA1_V5.2.0, X-CUBE-FREERTOS_V1.3.1, X-CUBE-GNSS1_V6.0.0, X-CUBE-MEMS1_V11.3.0, X-CUBE-NFC4_V3.0.0, X-CUBE-NFC7_V2.0.0, X-CUBE-SFXS2LP1_V4.0.0, X-CUBE-ST67W61_V1.1.0, X-CUBE-SUBG2_V5.0.0, X-CUBE-TOF1_V3.4.3]
2025-11-30 09:54:13,726 [ERROR] LogOutputStream:75 - [STDERR_REDIRECT] [Fatal Error] :1:1: Premature end of file.
2025-11-30 09:54:13,726 [ERROR] LogOutputStream:75 - [STDERR_REDIRECT] 
2025-11-30 09:54:14,725 [ERROR] LogOutputStream:75 - [STDERR_REDIRECT] [Fatal Error] :1:1: Premature end of file.
2025-11-30 09:54:14,726 [ERROR] LogOutputStream:75 - [STDERR_REDIRECT] 
2025-11-30 09:54:14,958 [INFO] ApiDb:240 - Found 880 in-development CPN: [B-G473E-ZEST1S, B-WB1M-WPAN1, B-WBA5M-WPAN, B-WL5M-SUBG1, NUCLEO-C031C6, NUCLEO-C051C8, NUCLEO-C071RB, NUCLEO-C092RC, NUCLEO-H503RB, NUCLEO-H533RE, NUCLEO-H563ZI, NUCLEO-H7S3L8, NUCLEO-N657X0-Q, NUCLEO-U031R8, NUCLEO-U083RC, NUCLEO-U385RG-Q, NUCLEO-U545RE-Q, NUCLEO-U5A5ZJ-Q, NUCLEO-WB05KZ, NUCLEO-WB07CC, NUCLEO-WB09KE, NUCLEO-WBA52CG, NUCLEO-WBA55CG, NUCLEO-WL33CC1, NUCLEO-WL33CC2, STEVAL-PROTEUS1, STEVAL-SMARTAG2, STEVAL-STWINBX1, STM320518-EVAL, STM32C0116-DK, STM32C011D6Y3TR, STM32C011D6Y6TR, STM32C011F4P3, STM32C011F4P6, STM32C011F4U3, STM32C011F4U6TR, STM32C011F6P3, STM32C011F6P6, STM32C011F6U3, STM32C011F6U6TR, STM32C011J4M3, STM32C011J4M6, STM32C011J6M3, STM32C011J6M6, STM32C0316-DK, STM32C031C4T3, STM32C031C4T6, STM32C031C4U3, STM32C031C4U6, STM32C031C6T3, STM32C031C6T6, STM32C031C6U3, STM32C031C6U6, STM32C031F4P3, STM32C031F4P6, STM32C031F6P3, STM32C031F6P6, STM32C031G4U3, STM32C031G4U6, STM32C031G6U3, STM32C031G6U6, STM32C031K4T3, STM32C031K4T6, STM32C031K4U3, STM32C031K4U6, STM32C031K6T3, STM32C031K6T6, STM32C031K6U3, STM32C031K6U6, STM32C051C6T6, STM32C051C6U6, STM32C051C8T6, STM32C051C8U6, STM32C051D8Y6TR, STM32C051F6P6, STM32C051F8P6, STM32C051G6U6, STM32C051G8U6, STM32C051K6T6, STM32C051K6U6, STM32C051K8T6, STM32C071C8T6, STM32C071C8T6N, STM32C071C8U6, STM32C071C8U6N, STM32C071CBT6, STM32C071CBT6N, STM32C071CBU6, STM32C071CBU6N, STM32C071F8P6, STM32C071F8P6N, STM32C071FBP6, STM32C071FBP6N, STM32C071FBY6TR, STM32C071G8U6, STM32C071G8U6N, STM32C071GBU6, STM32C071GBU6N, STM32C071K8T6, STM32C071K8T6N, STM32C071K8U6, STM32C071K8U6N, STM32C071KBT6, STM32C071KBT6N, STM32C071KBU6, STM32C071KBU6N, STM32C071R8T6, STM32C071R8T6N, STM32C071RBI6N, STM32C071RBT6, STM32C071RBT6N, STM32C091CBT6, STM32C091CBU6, STM32C091CCT6, STM32C091CCU6, STM32C091ECY6TR, STM32C091FBP6, STM32C091FCP6, STM32C091GBU6, STM32C091GCU6, STM32C091KBT6, STM32C091KBU6, STM32C091KCT6, STM32C091KCU6, STM32C091RBT6, STM32C091RCI6, STM32C091RCT6, STM32C092CBT6, STM32C092CBU6, STM32C092CCT6, STM32C092CCU6, STM32C092ECY6TR, STM32C092FBP6, STM32C092FCP6, STM32C092GBU6, STM32C092GCU6, STM32C092KBT6, STM32C092KBU6, STM32C092KCT6, STM32C092KCU6, STM32C092RBT6, STM32C092RCI6, STM32C092RCT6, STM32G071K8TXN, STM32G071K8UXN, STM32G081GBU6N, STM32G081KBT6N, STM32G081KBUXN, STM32G0B1CCT6N, STM32G0B1KCT6, STM32G0B1NEY6TR, STM32G0B1RCT6N, STM32G0C1CCT6, STM32G0C1CCT6N, STM32G0C1CCU6N, STM32G0C1CET6N, STM32G0C1CEU6N, STM32G0C1KCT6, STM32G0C1NEY6TR, STM32G0C1RCI6N, STM32G0C1RCT6N, STM32G0C1REI6N, STM32G0C1RET6N, STM32G0C1VCI6, STM32G0C1VEI6, STM32G411C6T3, STM32G411C6T6, STM32G411C6U3, STM32G411C6U6, STM32G411C8T3, STM32G411C8T6, STM32G411C8U3, STM32G411C8U6, STM32G411CBT3, STM32G411CBT6, STM32G411CBU3, STM32G411CBU6, STM32G411K6T3, STM32G411K6T6, STM32G411K6U3, STM32G411K6U6, STM32G411K8T3, STM32G411K8T6, STM32G411K8U3, STM32G411K8U6, STM32G411KBT3, STM32G411KBT6, STM32G411KBU3, STM32G411KBU6, STM32G411M6T3, STM32G411M6T6, STM32G411M8T3, STM32G411M8T6, STM32G411MBT3, STM32G411MBT6, STM32G411R6T3, STM32G411R6T6, STM32G411R8T3, STM32G411R8T6, STM32G411RBT3, STM32G411RBT6, STM32G414CBT3, STM32G414CBT6, STM32G414CBU3, STM32G414CBU6, STM32G414CCT3, STM32G414CCT6, STM32G414CCU3, STM32G414CCU6, STM32G414MBT3, STM32G414MBT6, STM32G414MCT3, STM32G414MCT6, STM32G414RBT3, STM32G414RBT6, STM32G414RCT3, STM32G414RCT6, STM32G414VBT3, STM32G414VBT6, STM32G414VCT3, STM32G414VCT6, STM32G431CBT3Z, STM32G431RBT3Z, STM32G471CCT6, STM32G471CCU6, STM32G471CET3, STM32G471CET6, STM32G471CEU3, STM32G471CEU6, STM32G471MCT6, STM32G471MET3, STM32G471MET6, STM32G471MEY6TR, STM32G471QCT6, STM32G471QET3, STM32G471RCT6, STM32G471RET3, STM32G471RET6, STM32G471VCH6, STM32G471VCI6, STM32G471VCT6, STM32G471VEH3, STM32G471VEH6, STM32G471VEI3, STM32G471VEI6, STM32G471VET3, STM32G471VET6, STM32G473QET3Z, STM32G473RET3Z, STM32G474CCT6, STM32G491RET3Z, STM32H503CBT6, STM32H503CBU6, STM32H503EBY6TR, STM32H503KBU6, STM32H503RBT6, STM32H523CCT6, STM32H523CCU6, STM32H523CET6, STM32H523CEU6, STM32H523HEY6TR, STM32H523RCT6, STM32H523RET6, STM32H523VCI6, STM32H523VCT6, STM32H523VEI6, STM32H523VET6, STM32H523ZCJ6, STM32H523ZCT6, STM32H523ZEJ6, STM32H523ZET6, STM32H533CET6, STM32H533CEU6, STM32H533HEY6TR, STM32H533RET6, STM32H533VEI6, STM32H533VET6, STM32H533ZEJ6, STM32H533ZET6, STM32H562AGI6, STM32H562AII6, STM32H562IGK6, STM32H562IGT6, STM32H562IIK6, STM32H562IIT6, STM32H562RGT6, STM32H562RGV6, STM32H562RIT6, STM32H562RIV6, STM32H562VGT6, STM32H562VIT6, STM32H562ZGT6, STM32H562ZIT6, STM32H563AGI6, STM32H563AII3Q, STM32H563AII6, STM32H563IGK6, STM32H563IGT6, STM32H563IIK3Q, STM32H563IIK6, STM32H563IIT3Q, STM32H563IIT6, STM32H563MIY3QTR, STM32H563RGT6, STM32H563RGV6, STM32H563RIT6, STM32H563RIV6, STM32H563VGT6, STM32H563VIT3Q, STM32H563VIT6, STM32H563ZGT6, STM32H563ZIT3Q, STM32H563ZIT6, STM32H573AII3Q, STM32H573AII6, STM32H573I-DK, STM32H573IIK3Q, STM32H573IIK6, STM32H573IIT3Q, STM32H573IIT6, STM32H573MIY3QTR, STM32H573RIT6, STM32H573RIV6, STM32H573VIT3Q, STM32H573VIT6, STM32H573ZIT3Q, STM32H573ZIT6, STM32H7R3A8I6, STM32H7R3I8K6, STM32H7R3I8T6, STM32H7R3L8H6, STM32H7R3L8H6H, STM32H7R3R8V6, STM32H7R3V8H6, STM32H7R3V8T6, STM32H7R3V8Y6TR, STM32H7R3Z8J6, STM32H7R3Z8T6, STM32H7R7A8I6, STM32H7R7I8K6, STM32H7R7I8T6, STM32H7R7L8H6, STM32H7R7L8H6H, STM32H7R7Z8J6, STM32H7S3A8I6, STM32H7S3I8K6, STM32H7S3I8T6, STM32H7S3L8H6, STM32H7S3L8H6H, STM32H7S3R8V6, STM32H7S3V8H6, STM32H7S3V8T6, STM32H7S3V8Y6TR, STM32H7S3Z8J6, STM32H7S3Z8T6, STM32H7S78-DK, STM32H7S7A8I6, STM32H7S7I8K6, STM32H7S7I8T6, STM32H7S7L8H6, STM32H7S7L8H6H, STM32H7S7Z8J6, STM32L4R5QGI6STR, STM32MP131AAE3, STM32MP131AAF3, STM32MP131AAG3, STM32MP131CAE3, STM32MP131CAF3, STM32MP131CAG3, STM32MP131DAE7, STM32MP131DAF7, STM32MP131DAG7, STM32MP131FAE7, STM32MP131FAF7, STM32MP131FAG7, STM32MP133AAE3, STM32MP133AAF3, STM32MP133AAG3, STM32MP133CAE3, STM32MP133CAF3, STM32MP133CAG3, STM32MP133DAE7, STM32MP133DAF7, STM32MP133DAG7, STM32MP133FAE7, STM32MP133FAF7, STM32MP133FAG7, STM32MP135AAE3, STM32MP135AAF3, STM32MP135AAG3, STM32MP135CAE3, STM32MP135CAF3, STM32MP135CAG3, STM32MP135DAE7, STM32MP135DAF7, STM32MP135DAG7, STM32MP135F-DK, STM32MP135FAE7, STM32MP135FAF7, STM32MP135FAF7T, STM32MP135FAF7U, STM32MP135FAG7, STM32MP211AAL3, STM32MP211AAM3, STM32MP211AAN3, STM32MP211AAO3, STM32MP211CAL3, STM32MP211CAM3, STM32MP211CAN3, STM32MP211CAO3, STM32MP211DAL3, STM32MP211DAM3, STM32MP211DAN3, STM32MP211DAO3, STM32MP211FAL3, STM32MP211FAM3, STM32MP211FAN3, STM32MP211FAO3, STM32MP213AAL3, STM32MP213AAM3, STM32MP213AAN3, STM32MP213AAO3, STM32MP213CAL3, STM32MP213CAM3, STM32MP213CAN3, STM32MP213CAO3, STM32MP213DAL3, STM32MP213DAM3, STM32MP213DAN3, STM32MP213DAO3, STM32MP213FAL3, STM32MP213FAM3, STM32MP213FAN3, STM32MP213FAO3, STM32MP215AAL3, STM32MP215AAM3, STM32MP215AAN3, STM32MP215AAO3, STM32MP215CAL3, STM32MP215CAM3, STM32MP215CAN3, STM32MP215CAO3, STM32MP215DAL3, STM32MP215DAM3, STM32MP215DAN3, STM32MP215DAO3, STM32MP215F-DK, STM32MP215FAL3, STM32MP215FAM3, STM32MP215FAN3, STM32MP215FAO3, STM32MP231AAJ3, STM32MP231AAK3, STM32MP231AAL3, STM32MP231CAJ3, STM32MP231CAK3, STM32MP231CAL3, STM32MP231DAJ3, STM32MP231DAK3, STM32MP231DAL3, STM32MP231FAJ3, STM32MP231FAK3, STM32MP231FAL3, STM32MP233AAJ3, STM32MP233AAK3, STM32MP233AAL3, STM32MP233CAJ3, STM32MP233CAK3, STM32MP233CAL3, STM32MP233DAJ3, STM32MP233DAK3, STM32MP233DAL3, STM32MP233FAJ3, STM32MP233FAK3, STM32MP233FAL3, STM32MP235AAJ3, STM32MP235AAK3, STM32MP235AAL3, STM32MP235CAJ3, STM32MP235CAK3, STM32MP235CAL3, STM32MP235DAJ3, STM32MP235DAK3, STM32MP235DAL3, STM32MP235FAJ3, STM32MP235FAK3, STM32MP235FAL3, STM32MP251AAI3, STM32MP251AAK3, STM32MP251AAL3, STM32MP251CAI3, STM32MP251CAK3, STM32MP251CAL3, STM32MP251DAI3, STM32MP251DAK3, STM32MP251DAL3, STM32MP251FAI3, STM32MP251FAK3, STM32MP251FAL3, STM32MP253AAI3, STM32MP253AAK3, STM32MP253AAL3, STM32MP253CAI3, STM32MP253CAK3, STM32MP253CAL3, STM32MP253DAI3, STM32MP253DAK3, STM32MP253DAL3, STM32MP253FAI3, STM32MP253FAK3, STM32MP253FAL3, STM32MP255AAI3, STM32MP255AAK3, STM32MP255AAL3, STM32MP255CAI3, STM32MP255CAK3, STM32MP255CAL3, STM32MP255DAI3, STM32MP255DAK3, STM32MP255DAL3, STM32MP255FAI3, STM32MP255FAK3, STM32MP255FAL3, STM32MP257AAI3, STM32MP257AAK3, STM32MP257AAL3, STM32MP257CAI3, STM32MP257CAK3, STM32MP257CAL3, STM32MP257DAI3, STM32MP257DAK3, STM32MP257DAL3, STM32MP257F-DK, STM32MP257F-EV1, STM32MP257FAI3, STM32MP257FAK3, STM32MP257FAL3, STM32N645A0H3Q, STM32N645B0H3Q, STM32N645I0H3Q, STM32N645L0H3Q, STM32N645X0H3Q, STM32N645Z0H3Q, STM32N647A0H3Q, STM32N647B0H3Q, STM32N647I0H3Q, STM32N647L0H3Q, STM32N647X0H3Q, STM32N647Z0H3Q, STM32N655A0H3Q, STM32N655B0H3Q, STM32N655I0H3Q, STM32N655L0H3Q, STM32N655X0H3Q, STM32N655Z0H3Q, STM32N6570-DK, STM32N657A0H3Q, STM32N657B0H3Q, STM32N657I0H3Q, STM32N657L0H3Q, STM32N657X0H3Q, STM32N657Z0H3Q, STM32U031C6T6, STM32U031C6U6, STM32U031C8T6, STM32U031C8U6, STM32U031F4P6, STM32U031F6P6, STM32U031F8P6, STM32U031G6Y6TR, STM32U031G8Y6TR, STM32U031K4U6, STM32U031K6U6, STM32U031K8U6, STM32U031R6I6, STM32U031R6T6, STM32U031R8I6, STM32U031R8T6, STM32U073C8T6, STM32U073C8U6, STM32U073CBT6, STM32U073CBU6, STM32U073CCT6, STM32U073CCU6, STM32U073H8Y6TR, STM32U073HBY6TR, STM32U073HCY6TR, STM32U073K8U6, STM32U073KBU6, STM32U073KCU6, STM32U073M8I6, STM32U073M8T6, STM32U073MBI6, STM32U073MBT6, STM32U073MCI6, STM32U073MCT6, STM32U073R8I6, STM32U073R8T6, STM32U073RBI6, STM32U073RBT6, STM32U073RCI6, STM32U073RCT6, STM32U083C-DK, STM32U083CCT6, STM32U083CCU6, STM32U083HCY6TR, STM32U083KCU6, STM32U083MCI6, STM32U083MCT6, STM32U083RCI6, STM32U083RCT6, STM32U375CET6, STM32U375CET6Q, STM32U375CEU6, STM32U375CEU6Q, STM32U375CEY6QTR, STM32U375CGT6, STM32U375CGT6Q, STM32U375CGU6, STM32U375CGU6Q, STM32U375CGY6QTR, STM32U375KEU6, STM32U375KGU6, STM32U375REI6, STM32U375REI6Q, STM32U375RET6, STM32U375RET6Q, STM32U375REY6GTR, STM32U375REY6QTR, STM32U375RGI6, STM32U375RGI6Q, STM32U375RGT6, STM32U375RGT6Q, STM32U375RGY6GTR, STM32U375RGY6QTR, STM32U375VEI6, STM32U375VEI6Q, STM32U375VET6, STM32U375VET6Q, STM32U375VGI6, STM32U375VGI6Q, STM32U375VGT6, STM32U375VGT6Q, STM32U385CGT6, STM32U385CGT6Q, STM32U385CGU6, STM32U385CGU6Q, STM32U385CGY6QTR, STM32U385KGU6, STM32U385RGI6, STM32U385RGI6Q, STM32U385RGT6, STM32U385RGT6Q, STM32U385RGY6GTR, STM32U385RGY6QTR, STM32U385VGI6, STM32U385VGI6Q, STM32U385VGT6, STM32U385VGT6Q, STM32U535CBT6, STM32U535CBT6Q, STM32U535CBU6, STM32U535CBU6Q, STM32U535CCT6, STM32U535CCT6Q, STM32U535CCU6, STM32U535CCU6Q, STM32U535CET6, STM32U535CET6Q, STM32U535CEU6, STM32U535CEU6Q, STM32U535JEY6QTR, STM32U535NCY6QTR, STM32U535NEY6QTR, STM32U535RBI6, STM32U535RBI6Q, STM32U535RBT6, STM32U535RBT6Q, STM32U535RCI6, STM32U535RCI6Q, STM32U535RCT6, STM32U535RCT6Q, STM32U535REI6, STM32U535REI6Q, STM32U535RET6, STM32U535RET6Q, STM32U535VCI6, STM32U535VCI6Q, STM32U535VCT6, STM32U535VCT6Q, STM32U535VEI6, STM32U535VEI6Q, STM32U535VET6, STM32U535VET6Q, STM32U545CET6, STM32U545CET6Q, STM32U545CEU6, STM32U545CEU6Q, STM32U545JEY6QTR, STM32U545NEY6QTR, STM32U545REI6, STM32U545REI6Q, STM32U545RET6, STM32U545RET6Q, STM32U545VEI6, STM32U545VEI6Q, STM32U545VET6, STM32U545VET6Q, STM32U595AIH6, STM32U595AIH6Q, STM32U595AJH6, STM32U595AJH6Q, STM32U595QII6, STM32U595QII6Q, STM32U595QJI6, STM32U595QJI6Q, STM32U595RIT6, STM32U595RIT6Q, STM32U595RJT6, STM32U595RJT6Q, STM32U595VIT6, STM32U595VIT6Q, STM32U595VJT6, STM32U595VJT6Q, STM32U595ZIT6, STM32U595ZIT6Q, STM32U595ZIY6QTR, STM32U595ZJT6, STM32U595ZJT6Q, STM32U595ZJY6QTR, STM32U599BJY6QTR, STM32U599NIH6Q, STM32U599NJH6Q, STM32U599VIT6Q, STM32U599VJT6, STM32U599VJT6Q, STM32U599ZIT6Q, STM32U599ZIY6QTR, STM32U599ZJT6Q, STM32U599ZJY6QTR, STM32U5A5AJH6, STM32U5A5AJH6Q, STM32U5A5QII3Q , STM32U5A5QJI6, STM32U5A5QJI6Q, STM32U5A5RJT6, STM32U5A5RJT6Q, STM32U5A5VJT6, STM32U5A5VJT6Q, STM32U5A5ZJT6, STM32U5A5ZJT6Q, STM32U5A5ZJY6QTR, STM32U5A9BJY6QTR, STM32U5A9J-DK, STM32U5A9NJH6Q, STM32U5A9VJT6Q, STM32U5A9ZJT6Q, STM32U5A9ZJY6QTR, STM32U5F7VIT6, STM32U5F7VIT6Q, STM32U5F7VJT6, STM32U5F7VJT6Q, STM32U5F9BJY6QTR, STM32U5F9NJH6Q, STM32U5F9VIT6Q, STM32U5F9VJT6Q, STM32U5F9ZIJ6QTR, STM32U5F9ZIT6Q, STM32U5F9ZJJ6QTR, STM32U5F9ZJT6Q, STM32U5G7VJT6, STM32U5G7VJT6Q, STM32U5G9BJY6QTR, STM32U5G9J-DK1, STM32U5G9J-DK2, STM32U5G9NJH6Q, STM32U5G9VJT6Q, STM32U5G9ZJJ6QTR, STM32U5G9ZJT6Q, STM32WB05KZV6TR, STM32WB05KZV7TR, STM32WB05TZF6TR, STM32WB05TZF7TR, STM32WB06CCF6TR, STM32WB06CCF7TR, STM32WB06CCV6TR, STM32WB06CCV7TR, STM32WB06KCV6TR, STM32WB06KCV7TR, STM32WB07CCF6TR, STM32WB07CCF7TR, STM32WB07CCV6TR, STM32WB07CCV7TR, STM32WB07KCV6TR, STM32WB07KCV7TR, STM32WB09KEV6TR, STM32WB09KEV7TR, STM32WB09TEF6TR, STM32WB09TEF7TR, STM32WB1MMCH6, STM32WBA50KGU6, STM32WBA50KGU6TR, STM32WBA52CEU6, STM32WBA52CEU6TR, STM32WBA52CEU7, STM32WBA52CEU7TR, STM32WBA52CGU6, STM32WBA52CGU6TR, STM32WBA52CGU6U, STM32WBA52CGU7, STM32WBA52CGU7TR, STM32WBA52KEU6, STM32WBA52KEU6TR, STM32WBA52KGU6, STM32WBA52KGU6TR, STM32WBA54CEU6, STM32WBA54CEU6TR, STM32WBA54CEU7, STM32WBA54CEU7TR, STM32WBA54CGU6, STM32WBA54CGU6TR, STM32WBA54CGU7, STM32WBA54CGU7TR, STM32WBA54KEU6, STM32WBA54KEU6TR, STM32WBA54KEU7, STM32WBA54KEU7TR, STM32WBA54KGU6, STM32WBA54KGU6TR, STM32WBA54KGU7, STM32WBA54KGU7TR, STM32WBA55CEU6, STM32WBA55CEU6TR, STM32WBA55CEU7, STM32WBA55CEU7TR, STM32WBA55CGU6, STM32WBA55CGU6TR, STM32WBA55CGU6U, STM32WBA55CGU7, STM32WBA55CGU7TR, STM32WBA55G-DK1, STM32WBA55HEF6, STM32WBA55HEF7, STM32WBA55HGF6, STM32WBA55HGF7, STM32WBA55UEI6, STM32WBA55UEI6TR, STM32WBA55UEI7, STM32WBA55UEI7TR, STM32WBA55UGI6, STM32WBA55UGI6TR, STM32WBA55UGI7, STM32WBA55UGI7TR, STM32WBA5MMGH6TR, STM32WBA62MGF6, STM32WBA62MIF6, STM32WBA65MGF7, STM32WBA65MIF6, STM32WBA65MIF7, STM32WL30K8V6, STM32WL30KBV6, STM32WL31C8V6, STM32WL31CBV6, STM32WL31K8V6, STM32WL31KBV6, STM32WL33C8V6, STM32WL33C8V6X, STM32WL33CBV6, STM32WL33CBV6X, STM32WL33CCV6, STM32WL33CCV6A, STM32WL33CCV6X, STM32WL33K8V7, STM32WL33K8V7X, STM32WL33KBV7 , STM32WL33KBV7X, STM32WL33KCV7, STM32WL33KCV7X, STM32WL5MOCH6, STM32WL5MOCH6TR]
2025-11-30 09:54:14,963 [INFO] DbMcus:218 - Found 4876 MCUs, 4876 are supported
2025-11-30 09:54:14,964 [INFO] ApiDb:423 - Load user favorites file C:\Users\akash/.stm32cubeide/favorites.mcus.txt: 0 item(s)
2025-11-30 09:54:14,964 [INFO] ApiDb:427 - User favorites MCUs=[]
2025-11-30 09:54:14,964 [INFO] DbMcus:224 - Set 0 / 0 favorites MCUs
2025-11-30 09:54:15,290 [INFO] ApiDb:668 - CubeFinder database Data Model version=2.1
2025-11-30 09:54:15,290 [INFO] ApiDb:669 - CubeFinder database Configuration version=3.0.39
2025-11-30 09:54:15,291 [INFO] ApiDb:670 - CubeFinder database generation date=2025-11-05 (1762334721)
2025-11-30 09:54:15,291 [INFO] ApiDb:671 - CubeFinder database FW Pack versions=[FP-ATR-ASTRA1_V2.0.0, FP-SNS-FLIGHT1_V5.1.0, FP-SNS-MOTENV1_V5.1.0, FP-SNS-MOTENVWB1_V1.4.0, FP-SNS-SMARTAG2_V1.2.0, FP-SNS-STBOX1_V2.1.0, STM32Cube_FW_C0_V1.4.0, STM32Cube_FW_F4_V1.28.3, STM32Cube_FW_F7_V1.17.4, STM32Cube_FW_G0_V1.6.2, STM32Cube_FW_G4_V1.6.1, STM32Cube_FW_H5_V1.5.1, STM32Cube_FW_H7RS_V1.3.0, STM32Cube_FW_H7_V1.12.1, STM32Cube_FW_L0_V1.12.2, STM32Cube_FW_L4_V1.18.1, STM32Cube_FW_L5_V1.6.0, STM32Cube_FW_N6_V1.3.0, STM32Cube_FW_U0_V1.3.0, STM32Cube_FW_U3_V1.2.1, STM32Cube_FW_U5_V1.8.0, STM32Cube_FW_WB0_V1.4.0, STM32Cube_FW_WBA_V1.8.0, STM32Cube_FW_WB_V1.24.0, STM32Cube_FW_WL3_V1.3.0, STM32Cube_FW_WL_V1.4.0, X-CUBE-ALGOBUILD_V1.4.0, X-CUBE-ALS_V1.0.2, X-CUBE-AZRTOS-F4_V1.1.0, X-CUBE-AZRTOS-F7_V1.1.0, X-CUBE-AZRTOS-G0_V1.1.0, X-CUBE-AZRTOS-G4_V2.0.0, X-CUBE-AZRTOS-H7RS_V1.1.0, X-CUBE-AZRTOS-H7_V3.4.0, X-CUBE-AZRTOS-L4_V2.0.0, X-CUBE-AZRTOS-L5_V2.0.0, X-CUBE-AZRTOS-WB_V2.0.0, X-CUBE-AZRTOS-WL_V2.0.0, X-CUBE-BLE1_V7.1.0, X-CUBE-BLE2_V3.3.0, X-CUBE-BLEMGR_V4.1.0, X-CUBE-EEPRMA1_V5.2.0, X-CUBE-FREERTOS_V1.3.1, X-CUBE-GNSS1_V6.0.0, X-CUBE-MEMS1_V11.3.0, X-CUBE-NFC4_V3.0.0, X-CUBE-NFC7_V2.0.0, X-CUBE-SFXS2LP1_V4.0.0, X-CUBE-ST67W61_V1.1.0, X-CUBE-SUBG2_V5.0.0, X-CUBE-TOF1_V3.4.3]
2025-11-30 09:54:15,331 [INFO] DbBoardsSqlite:226 - include board P-NUCLEO-WB55-NUCLEO as a kit item of type 'Nucleo-64'
2025-11-30 09:54:15,331 [INFO] DbBoardsSqlite:226 - include board P-NUCLEO-WB55-USBDONGLE as a kit item of type 'Nucleo USB Dongle'
2025-11-30 09:54:15,332 [INFO] DbBoardsSqlite:226 - include board STEVAL-IDP005V1 as a kit item of type 'Evaluation Board'
2025-11-30 09:54:15,332 [INFO] DbBoardsSqlite:226 - include board STEVAL-IDP005V2 as a kit item of type 'Evaluation Board'
2025-11-30 09:54:15,384 [INFO] ApiDb:240 - Found 880 in-development CPN: [B-G473E-ZEST1S, B-WB1M-WPAN1, B-WBA5M-WPAN, B-WL5M-SUBG1, NUCLEO-C031C6, NUCLEO-C051C8, NUCLEO-C071RB, NUCLEO-C092RC, NUCLEO-H503RB, NUCLEO-H533RE, NUCLEO-H563ZI, NUCLEO-H7S3L8, NUCLEO-N657X0-Q, NUCLEO-U031R8, NUCLEO-U083RC, NUCLEO-U385RG-Q, NUCLEO-U545RE-Q, NUCLEO-U5A5ZJ-Q, NUCLEO-WB05KZ, NUCLEO-WB07CC, NUCLEO-WB09KE, NUCLEO-WBA52CG, NUCLEO-WBA55CG, NUCLEO-WL33CC1, NUCLEO-WL33CC2, STEVAL-PROTEUS1, STEVAL-SMARTAG2, STEVAL-STWINBX1, STM320518-EVAL, STM32C0116-DK, STM32C011D6Y3TR, STM32C011D6Y6TR, STM32C011F4P3, STM32C011F4P6, STM32C011F4U3, STM32C011F4U6TR, STM32C011F6P3, STM32C011F6P6, STM32C011F6U3, STM32C011F6U6TR, STM32C011J4M3, STM32C011J4M6, STM32C011J6M3, STM32C011J6M6, STM32C0316-DK, STM32C031C4T3, STM32C031C4T6, STM32C031C4U3, STM32C031C4U6, STM32C031C6T3, STM32C031C6T6, STM32C031C6U3, STM32C031C6U6, STM32C031F4P3, STM32C031F4P6, STM32C031F6P3, STM32C031F6P6, STM32C031G4U3, STM32C031G4U6, STM32C031G6U3, STM32C031G6U6, STM32C031K4T3, STM32C031K4T6, STM32C031K4U3, STM32C031K4U6, STM32C031K6T3, STM32C031K6T6, STM32C031K6U3, STM32C031K6U6, STM32C051C6T6, STM32C051C6U6, STM32C051C8T6, STM32C051C8U6, STM32C051D8Y6TR, STM32C051F6P6, STM32C051F8P6, STM32C051G6U6, STM32C051G8U6, STM32C051K6T6, STM32C051K6U6, STM32C051K8T6, STM32C071C8T6, STM32C071C8T6N, STM32C071C8U6, STM32C071C8U6N, STM32C071CBT6, STM32C071CBT6N, STM32C071CBU6, STM32C071CBU6N, STM32C071F8P6, STM32C071F8P6N, STM32C071FBP6, STM32C071FBP6N, STM32C071FBY6TR, STM32C071G8U6, STM32C071G8U6N, STM32C071GBU6, STM32C071GBU6N, STM32C071K8T6, STM32C071K8T6N, STM32C071K8U6, STM32C071K8U6N, STM32C071KBT6, STM32C071KBT6N, STM32C071KBU6, STM32C071KBU6N, STM32C071R8T6, STM32C071R8T6N, STM32C071RBI6N, STM32C071RBT6, STM32C071RBT6N, STM32C091CBT6, STM32C091CBU6, STM32C091CCT6, STM32C091CCU6, STM32C091ECY6TR, STM32C091FBP6, STM32C091FCP6, STM32C091GBU6, STM32C091GCU6, STM32C091KBT6, STM32C091KBU6, STM32C091KCT6, STM32C091KCU6, STM32C091RBT6, STM32C091RCI6, STM32C091RCT6, STM32C092CBT6, STM32C092CBU6, STM32C092CCT6, STM32C092CCU6, STM32C092ECY6TR, STM32C092FBP6, STM32C092FCP6, STM32C092GBU6, STM32C092GCU6, STM32C092KBT6, STM32C092KBU6, STM32C092KCT6, STM32C092KCU6, STM32C092RBT6, STM32C092RCI6, STM32C092RCT6, STM32G071K8TXN, STM32G071K8UXN, STM32G081GBU6N, STM32G081KBT6N, STM32G081KBUXN, STM32G0B1CCT6N, STM32G0B1KCT6, STM32G0B1NEY6TR, STM32G0B1RCT6N, STM32G0C1CCT6, STM32G0C1CCT6N, STM32G0C1CCU6N, STM32G0C1CET6N, STM32G0C1CEU6N, STM32G0C1KCT6, STM32G0C1NEY6TR, STM32G0C1RCI6N, STM32G0C1RCT6N, STM32G0C1REI6N, STM32G0C1RET6N, STM32G0C1VCI6, STM32G0C1VEI6, STM32G411C6T3, STM32G411C6T6, STM32G411C6U3, STM32G411C6U6, STM32G411C8T3, STM32G411C8T6, STM32G411C8U3, STM32G411C8U6, STM32G411CBT3, STM32G411CBT6, STM32G411CBU3, STM32G411CBU6, STM32G411K6T3, STM32G411K6T6, STM32G411K6U3, STM32G411K6U6, STM32G411K8T3, STM32G411K8T6, STM32G411K8U3, STM32G411K8U6, STM32G411KBT3, STM32G411KBT6, STM32G411KBU3, STM32G411KBU6, STM32G411M6T3, STM32G411M6T6, STM32G411M8T3, STM32G411M8T6, STM32G411MBT3, STM32G411MBT6, STM32G411R6T3, STM32G411R6T6, STM32G411R8T3, STM32G411R8T6, STM32G411RBT3, STM32G411RBT6, STM32G414CBT3, STM32G414CBT6, STM32G414CBU3, STM32G414CBU6, STM32G414CCT3, STM32G414CCT6, STM32G414CCU3, STM32G414CCU6, STM32G414MBT3, STM32G414MBT6, STM32G414MCT3, STM32G414MCT6, STM32G414RBT3, STM32G414RBT6, STM32G414RCT3, STM32G414RCT6, STM32G414VBT3, STM32G414VBT6, STM32G414VCT3, STM32G414VCT6, STM32G431CBT3Z, STM32G431RBT3Z, STM32G471CCT6, STM32G471CCU6, STM32G471CET3, STM32G471CET6, STM32G471CEU3, STM32G471CEU6, STM32G471MCT6, STM32G471MET3, STM32G471MET6, STM32G471MEY6TR, STM32G471QCT6, STM32G471QET3, STM32G471RCT6, STM32G471RET3, STM32G471RET6, STM32G471VCH6, STM32G471VCI6, STM32G471VCT6, STM32G471VEH3, STM32G471VEH6, STM32G471VEI3, STM32G471VEI6, STM32G471VET3, STM32G471VET6, STM32G473QET3Z, STM32G473RET3Z, STM32G474CCT6, STM32G491RET3Z, STM32H503CBT6, STM32H503CBU6, STM32H503EBY6TR, STM32H503KBU6, STM32H503RBT6, STM32H523CCT6, STM32H523CCU6, STM32H523CET6, STM32H523CEU6, STM32H523HEY6TR, STM32H523RCT6, STM32H523RET6, STM32H523VCI6, STM32H523VCT6, STM32H523VEI6, STM32H523VET6, STM32H523ZCJ6, STM32H523ZCT6, STM32H523ZEJ6, STM32H523ZET6, STM32H533CET6, STM32H533CEU6, STM32H533HEY6TR, STM32H533RET6, STM32H533VEI6, STM32H533VET6, STM32H533ZEJ6, STM32H533ZET6, STM32H562AGI6, STM32H562AII6, STM32H562IGK6, STM32H562IGT6, STM32H562IIK6, STM32H562IIT6, STM32H562RGT6, STM32H562RGV6, STM32H562RIT6, STM32H562RIV6, STM32H562VGT6, STM32H562VIT6, STM32H562ZGT6, STM32H562ZIT6, STM32H563AGI6, STM32H563AII3Q, STM32H563AII6, STM32H563IGK6, STM32H563IGT6, STM32H563IIK3Q, STM32H563IIK6, STM32H563IIT3Q, STM32H563IIT6, STM32H563MIY3QTR, STM32H563RGT6, STM32H563RGV6, STM32H563RIT6, STM32H563RIV6, STM32H563VGT6, STM32H563VIT3Q, STM32H563VIT6, STM32H563ZGT6, STM32H563ZIT3Q, STM32H563ZIT6, STM32H573AII3Q, STM32H573AII6, STM32H573I-DK, STM32H573IIK3Q, STM32H573IIK6, STM32H573IIT3Q, STM32H573IIT6, STM32H573MIY3QTR, STM32H573RIT6, STM32H573RIV6, STM32H573VIT3Q, STM32H573VIT6, STM32H573ZIT3Q, STM32H573ZIT6, STM32H7R3A8I6, STM32H7R3I8K6, STM32H7R3I8T6, STM32H7R3L8H6, STM32H7R3L8H6H, STM32H7R3R8V6, STM32H7R3V8H6, STM32H7R3V8T6, STM32H7R3V8Y6TR, STM32H7R3Z8J6, STM32H7R3Z8T6, STM32H7R7A8I6, STM32H7R7I8K6, STM32H7R7I8T6, STM32H7R7L8H6, STM32H7R7L8H6H, STM32H7R7Z8J6, STM32H7S3A8I6, STM32H7S3I8K6, STM32H7S3I8T6, STM32H7S3L8H6, STM32H7S3L8H6H, STM32H7S3R8V6, STM32H7S3V8H6, STM32H7S3V8T6, STM32H7S3V8Y6TR, STM32H7S3Z8J6, STM32H7S3Z8T6, STM32H7S78-DK, STM32H7S7A8I6, STM32H7S7I8K6, STM32H7S7I8T6, STM32H7S7L8H6, STM32H7S7L8H6H, STM32H7S7Z8J6, STM32L4R5QGI6STR, STM32MP131AAE3, STM32MP131AAF3, STM32MP131AAG3, STM32MP131CAE3, STM32MP131CAF3, STM32MP131CAG3, STM32MP131DAE7, STM32MP131DAF7, STM32MP131DAG7, STM32MP131FAE7, STM32MP131FAF7, STM32MP131FAG7, STM32MP133AAE3, STM32MP133AAF3, STM32MP133AAG3, STM32MP133CAE3, STM32MP133CAF3, STM32MP133CAG3, STM32MP133DAE7, STM32MP133DAF7, STM32MP133DAG7, STM32MP133FAE7, STM32MP133FAF7, STM32MP133FAG7, STM32MP135AAE3, STM32MP135AAF3, STM32MP135AAG3, STM32MP135CAE3, STM32MP135CAF3, STM32MP135CAG3, STM32MP135DAE7, STM32MP135DAF7, STM32MP135DAG7, STM32MP135F-DK, STM32MP135FAE7, STM32MP135FAF7, STM32MP135FAF7T, STM32MP135FAF7U, STM32MP135FAG7, STM32MP211AAL3, STM32MP211AAM3, STM32MP211AAN3, STM32MP211AAO3, STM32MP211CAL3, STM32MP211CAM3, STM32MP211CAN3, STM32MP211CAO3, STM32MP211DAL3, STM32MP211DAM3, STM32MP211DAN3, STM32MP211DAO3, STM32MP211FAL3, STM32MP211FAM3, STM32MP211FAN3, STM32MP211FAO3, STM32MP213AAL3, STM32MP213AAM3, STM32MP213AAN3, STM32MP213AAO3, STM32MP213CAL3, STM32MP213CAM3, STM32MP213CAN3, STM32MP213CAO3, STM32MP213DAL3, STM32MP213DAM3, STM32MP213DAN3, STM32MP213DAO3, STM32MP213FAL3, STM32MP213FAM3, STM32MP213FAN3, STM32MP213FAO3, STM32MP215AAL3, STM32MP215AAM3, STM32MP215AAN3, STM32MP215AAO3, STM32MP215CAL3, STM32MP215CAM3, STM32MP215CAN3, STM32MP215CAO3, STM32MP215DAL3, STM32MP215DAM3, STM32MP215DAN3, STM32MP215DAO3, STM32MP215F-DK, STM32MP215FAL3, STM32MP215FAM3, STM32MP215FAN3, STM32MP215FAO3, STM32MP231AAJ3, STM32MP231AAK3, STM32MP231AAL3, STM32MP231CAJ3, STM32MP231CAK3, STM32MP231CAL3, STM32MP231DAJ3, STM32MP231DAK3, STM32MP231DAL3, STM32MP231FAJ3, STM32MP231FAK3, STM32MP231FAL3, STM32MP233AAJ3, STM32MP233AAK3, STM32MP233AAL3, STM32MP233CAJ3, STM32MP233CAK3, STM32MP233CAL3, STM32MP233DAJ3, STM32MP233DAK3, STM32MP233DAL3, STM32MP233FAJ3, STM32MP233FAK3, STM32MP233FAL3, STM32MP235AAJ3, STM32MP235AAK3, STM32MP235AAL3, STM32MP235CAJ3, STM32MP235CAK3, STM32MP235CAL3, STM32MP235DAJ3, STM32MP235DAK3, STM32MP235DAL3, STM32MP235FAJ3, STM32MP235FAK3, STM32MP235FAL3, STM32MP251AAI3, STM32MP251AAK3, STM32MP251AAL3, STM32MP251CAI3, STM32MP251CAK3, STM32MP251CAL3, STM32MP251DAI3, STM32MP251DAK3, STM32MP251DAL3, STM32MP251FAI3, STM32MP251FAK3, STM32MP251FAL3, STM32MP253AAI3, STM32MP253AAK3, STM32MP253AAL3, STM32MP253CAI3, STM32MP253CAK3, STM32MP253CAL3, STM32MP253DAI3, STM32MP253DAK3, STM32MP253DAL3, STM32MP253FAI3, STM32MP253FAK3, STM32MP253FAL3, STM32MP255AAI3, STM32MP255AAK3, STM32MP255AAL3, STM32MP255CAI3, STM32MP255CAK3, STM32MP255CAL3, STM32MP255DAI3, STM32MP255DAK3, STM32MP255DAL3, STM32MP255FAI3, STM32MP255FAK3, STM32MP255FAL3, STM32MP257AAI3, STM32MP257AAK3, STM32MP257AAL3, STM32MP257CAI3, STM32MP257CAK3, STM32MP257CAL3, STM32MP257DAI3, STM32MP257DAK3, STM32MP257DAL3, STM32MP257F-DK, STM32MP257F-EV1, STM32MP257FAI3, STM32MP257FAK3, STM32MP257FAL3, STM32N645A0H3Q, STM32N645B0H3Q, STM32N645I0H3Q, STM32N645L0H3Q, STM32N645X0H3Q, STM32N645Z0H3Q, STM32N647A0H3Q, STM32N647B0H3Q, STM32N647I0H3Q, STM32N647L0H3Q, STM32N647X0H3Q, STM32N647Z0H3Q, STM32N655A0H3Q, STM32N655B0H3Q, STM32N655I0H3Q, STM32N655L0H3Q, STM32N655X0H3Q, STM32N655Z0H3Q, STM32N6570-DK, STM32N657A0H3Q, STM32N657B0H3Q, STM32N657I0H3Q, STM32N657L0H3Q, STM32N657X0H3Q, STM32N657Z0H3Q, STM32U031C6T6, STM32U031C6U6, STM32U031C8T6, STM32U031C8U6, STM32U031F4P6, STM32U031F6P6, STM32U031F8P6, STM32U031G6Y6TR, STM32U031G8Y6TR, STM32U031K4U6, STM32U031K6U6, STM32U031K8U6, STM32U031R6I6, STM32U031R6T6, STM32U031R8I6, STM32U031R8T6, STM32U073C8T6, STM32U073C8U6, STM32U073CBT6, STM32U073CBU6, STM32U073CCT6, STM32U073CCU6, STM32U073H8Y6TR, STM32U073HBY6TR, STM32U073HCY6TR, STM32U073K8U6, STM32U073KBU6, STM32U073KCU6, STM32U073M8I6, STM32U073M8T6, STM32U073MBI6, STM32U073MBT6, STM32U073MCI6, STM32U073MCT6, STM32U073R8I6, STM32U073R8T6, STM32U073RBI6, STM32U073RBT6, STM32U073RCI6, STM32U073RCT6, STM32U083C-DK, STM32U083CCT6, STM32U083CCU6, STM32U083HCY6TR, STM32U083KCU6, STM32U083MCI6, STM32U083MCT6, STM32U083RCI6, STM32U083RCT6, STM32U375CET6, STM32U375CET6Q, STM32U375CEU6, STM32U375CEU6Q, STM32U375CEY6QTR, STM32U375CGT6, STM32U375CGT6Q, STM32U375CGU6, STM32U375CGU6Q, STM32U375CGY6QTR, STM32U375KEU6, STM32U375KGU6, STM32U375REI6, STM32U375REI6Q, STM32U375RET6, STM32U375RET6Q, STM32U375REY6GTR, STM32U375REY6QTR, STM32U375RGI6, STM32U375RGI6Q, STM32U375RGT6, STM32U375RGT6Q, STM32U375RGY6GTR, STM32U375RGY6QTR, STM32U375VEI6, STM32U375VEI6Q, STM32U375VET6, STM32U375VET6Q, STM32U375VGI6, STM32U375VGI6Q, STM32U375VGT6, STM32U375VGT6Q, STM32U385CGT6, STM32U385CGT6Q, STM32U385CGU6, STM32U385CGU6Q, STM32U385CGY6QTR, STM32U385KGU6, STM32U385RGI6, STM32U385RGI6Q, STM32U385RGT6, STM32U385RGT6Q, STM32U385RGY6GTR, STM32U385RGY6QTR, STM32U385VGI6, STM32U385VGI6Q, STM32U385VGT6, STM32U385VGT6Q, STM32U535CBT6, STM32U535CBT6Q, STM32U535CBU6, STM32U535CBU6Q, STM32U535CCT6, STM32U535CCT6Q, STM32U535CCU6, STM32U535CCU6Q, STM32U535CET6, STM32U535CET6Q, STM32U535CEU6, STM32U535CEU6Q, STM32U535JEY6QTR, STM32U535NCY6QTR, STM32U535NEY6QTR, STM32U535RBI6, STM32U535RBI6Q, STM32U535RBT6, STM32U535RBT6Q, STM32U535RCI6, STM32U535RCI6Q, STM32U535RCT6, STM32U535RCT6Q, STM32U535REI6, STM32U535REI6Q, STM32U535RET6, STM32U535RET6Q, STM32U535VCI6, STM32U535VCI6Q, STM32U535VCT6, STM32U535VCT6Q, STM32U535VEI6, STM32U535VEI6Q, STM32U535VET6, STM32U535VET6Q, STM32U545CET6, STM32U545CET6Q, STM32U545CEU6, STM32U545CEU6Q, STM32U545JEY6QTR, STM32U545NEY6QTR, STM32U545REI6, STM32U545REI6Q, STM32U545RET6, STM32U545RET6Q, STM32U545VEI6, STM32U545VEI6Q, STM32U545VET6, STM32U545VET6Q, STM32U595AIH6, STM32U595AIH6Q, STM32U595AJH6, STM32U595AJH6Q, STM32U595QII6, STM32U595QII6Q, STM32U595QJI6, STM32U595QJI6Q, STM32U595RIT6, STM32U595RIT6Q, STM32U595RJT6, STM32U595RJT6Q, STM32U595VIT6, STM32U595VIT6Q, STM32U595VJT6, STM32U595VJT6Q, STM32U595ZIT6, STM32U595ZIT6Q, STM32U595ZIY6QTR, STM32U595ZJT6, STM32U595ZJT6Q, STM32U595ZJY6QTR, STM32U599BJY6QTR, STM32U599NIH6Q, STM32U599NJH6Q, STM32U599VIT6Q, STM32U599VJT6, STM32U599VJT6Q, STM32U599ZIT6Q, STM32U599ZIY6QTR, STM32U599ZJT6Q, STM32U599ZJY6QTR, STM32U5A5AJH6, STM32U5A5AJH6Q, STM32U5A5QII3Q , STM32U5A5QJI6, STM32U5A5QJI6Q, STM32U5A5RJT6, STM32U5A5RJT6Q, STM32U5A5VJT6, STM32U5A5VJT6Q, STM32U5A5ZJT6, STM32U5A5ZJT6Q, STM32U5A5ZJY6QTR, STM32U5A9BJY6QTR, STM32U5A9J-DK, STM32U5A9NJH6Q, STM32U5A9VJT6Q, STM32U5A9ZJT6Q, STM32U5A9ZJY6QTR, STM32U5F7VIT6, STM32U5F7VIT6Q, STM32U5F7VJT6, STM32U5F7VJT6Q, STM32U5F9BJY6QTR, STM32U5F9NJH6Q, STM32U5F9VIT6Q, STM32U5F9VJT6Q, STM32U5F9ZIJ6QTR, STM32U5F9ZIT6Q, STM32U5F9ZJJ6QTR, STM32U5F9ZJT6Q, STM32U5G7VJT6, STM32U5G7VJT6Q, STM32U5G9BJY6QTR, STM32U5G9J-DK1, STM32U5G9J-DK2, STM32U5G9NJH6Q, STM32U5G9VJT6Q, STM32U5G9ZJJ6QTR, STM32U5G9ZJT6Q, STM32WB05KZV6TR, STM32WB05KZV7TR, STM32WB05TZF6TR, STM32WB05TZF7TR, STM32WB06CCF6TR, STM32WB06CCF7TR, STM32WB06CCV6TR, STM32WB06CCV7TR, STM32WB06KCV6TR, STM32WB06KCV7TR, STM32WB07CCF6TR, STM32WB07CCF7TR, STM32WB07CCV6TR, STM32WB07CCV7TR, STM32WB07KCV6TR, STM32WB07KCV7TR, STM32WB09KEV6TR, STM32WB09KEV7TR, STM32WB09TEF6TR, STM32WB09TEF7TR, STM32WB1MMCH6, STM32WBA50KGU6, STM32WBA50KGU6TR, STM32WBA52CEU6, STM32WBA52CEU6TR, STM32WBA52CEU7, STM32WBA52CEU7TR, STM32WBA52CGU6, STM32WBA52CGU6TR, STM32WBA52CGU6U, STM32WBA52CGU7, STM32WBA52CGU7TR, STM32WBA52KEU6, STM32WBA52KEU6TR, STM32WBA52KGU6, STM32WBA52KGU6TR, STM32WBA54CEU6, STM32WBA54CEU6TR, STM32WBA54CEU7, STM32WBA54CEU7TR, STM32WBA54CGU6, STM32WBA54CGU6TR, STM32WBA54CGU7, STM32WBA54CGU7TR, STM32WBA54KEU6, STM32WBA54KEU6TR, STM32WBA54KEU7, STM32WBA54KEU7TR, STM32WBA54KGU6, STM32WBA54KGU6TR, STM32WBA54KGU7, STM32WBA54KGU7TR, STM32WBA55CEU6, STM32WBA55CEU6TR, STM32WBA55CEU7, STM32WBA55CEU7TR, STM32WBA55CGU6, STM32WBA55CGU6TR, STM32WBA55CGU6U, STM32WBA55CGU7, STM32WBA55CGU7TR, STM32WBA55G-DK1, STM32WBA55HEF6, STM32WBA55HEF7, STM32WBA55HGF6, STM32WBA55HGF7, STM32WBA55UEI6, STM32WBA55UEI6TR, STM32WBA55UEI7, STM32WBA55UEI7TR, STM32WBA55UGI6, STM32WBA55UGI6TR, STM32WBA55UGI7, STM32WBA55UGI7TR, STM32WBA5MMGH6TR, STM32WBA62MGF6, STM32WBA62MIF6, STM32WBA65MGF7, STM32WBA65MIF6, STM32WBA65MIF7, STM32WL30K8V6, STM32WL30KBV6, STM32WL31C8V6, STM32WL31CBV6, STM32WL31K8V6, STM32WL31KBV6, STM32WL33C8V6, STM32WL33C8V6X, STM32WL33CBV6, STM32WL33CBV6X, STM32WL33CCV6, STM32WL33CCV6A, STM32WL33CCV6X, STM32WL33K8V7, STM32WL33K8V7X, STM32WL33KBV7 , STM32WL33KBV7X, STM32WL33KCV7, STM32WL33KCV7X, STM32WL5MOCH6, STM32WL5MOCH6TR]
2025-11-30 09:54:15,587 [INFO] BoardInfo:889 - No configuration file found for board P-NUCLEO-WB55
2025-11-30 09:54:15,588 [INFO] DbBoards:161 - Kit is not supported: P-NUCLEO-WB55
2025-11-30 09:54:15,595 [INFO] BoardInfo:889 - No configuration file found for board STEVAL-BFA001V1B
2025-11-30 09:54:15,596 [INFO] DbBoards:161 - Kit is not supported: STEVAL-BFA001V1B
2025-11-30 09:54:15,596 [INFO] BoardInfo:889 - No configuration file found for board STEVAL-BFA001V2B
2025-11-30 09:54:15,597 [INFO] DbBoards:161 - Kit is not supported: STEVAL-BFA001V2B
2025-11-30 09:54:15,726 [ERROR] LogOutputStream:75 - [STDERR_REDIRECT] [Fatal Error] :1:1: Premature end of file.
2025-11-30 09:54:15,727 [ERROR] LogOutputStream:75 - [STDERR_REDIRECT] 
2025-11-30 09:54:15,801 [INFO] DbBoards:168 - Found 212 boards, 209 are supported
2025-11-30 09:54:15,801 [INFO] DbBoards:169 - Found 212 boards, 43 of them is supported for  Bsp
2025-11-30 09:54:15,803 [INFO] ApiDb:423 - Load user favorites file C:\Users\akash/.stm32cubeide/favorites.boards.txt: 2 item(s)
2025-11-30 09:54:15,803 [INFO] ApiDb:427 - User favorites Boards=[NUCLEO-H755ZI-Q, STM32H747I-DISCO]
2025-11-30 09:54:15,803 [INFO] DbBoards:198 - Set 2 / 2 favorites Boards
2025-11-30 09:54:15,803 [INFO] McuFinderGlobals:76 - Set McuFinderConnectedMode to true
2025-11-30 09:54:15,808 [INFO] MultiScanPanel:200 - Auto-refresh data requested => check proxy status ongoing
2025-11-30 09:54:15,810 [INFO] FinderPluginLoader:96 - Searching for filters in installed packs
2025-11-30 09:54:16,727 [ERROR] LogOutputStream:75 - [STDERR_REDIRECT] [Fatal Error] :1:1: Premature end of file.
2025-11-30 09:54:16,727 [ERROR] LogOutputStream:75 - [STDERR_REDIRECT] 
2025-11-30 09:54:16,849 [INFO] LoadUrlFilesThread:185 - End of LoadServerUrlFiles without Thread
2025-11-30 09:54:16,856 [INFO] DetailPanel:341 - Set advertising image to C:/Users/akash/STM32Cube/Repository/\en.mcu-finder-preevent.jpg
2025-11-30 09:54:17,608 [INFO] MultiScanPanel:200 - Auto-refresh data requested => check proxy status ongoing
2025-11-30 09:54:17,693 [INFO] LoadUrlFilesThread:185 - End of LoadServerUrlFiles without Thread
2025-11-30 09:54:17,693 [INFO] DetailPanel:341 - Set advertising image to C:/Users/akash/STM32Cube/Repository/\en.mcu-finder-preevent.jpg
2025-11-30 09:54:17,702 [INFO] DbBoards:642 - Loading board mini-images...
2025-11-30 09:54:17,730 [ERROR] LogOutputStream:75 - [STDERR_REDIRECT] [Fatal Error] :1:1: Premature end of file.
2025-11-30 09:54:17,730 [ERROR] LogOutputStream:75 - [STDERR_REDIRECT] 
2025-11-30 09:54:18,731 [ERROR] LogOutputStream:75 - [STDERR_REDIRECT] [Fatal Error] :1:1: Premature end of file.
2025-11-30 09:54:18,731 [ERROR] LogOutputStream:75 - [STDERR_REDIRECT] 
2025-11-30 09:54:19,240 [ERROR] DbBoards:659 - Image file not found for board STM32MP215F-DK: C:\Users\akash\.stmcufinder\plugins\mcufinder//mcu//boards_images/STM32MP215F-DK.jpg
2025-11-30 09:54:19,328 [INFO] DbBoards:665 - Loaded 211 board mini-images
2025-11-30 09:54:19,370 [INFO] MultiScanPanel:200 - Auto-refresh data requested => check proxy status ongoing
2025-11-30 09:54:19,373 [INFO] ApiDb:668 - CubeFinder database Data Model version=2.1
2025-11-30 09:54:19,373 [INFO] ApiDb:669 - CubeFinder database Configuration version=3.0.39
2025-11-30 09:54:19,373 [INFO] ApiDb:670 - CubeFinder database generation date=2025-11-05 (1762334721)
2025-11-30 09:54:19,373 [INFO] ApiDb:671 - CubeFinder database FW Pack versions=[FP-ATR-ASTRA1_V2.0.0, FP-SNS-FLIGHT1_V5.1.0, FP-SNS-MOTENV1_V5.1.0, FP-SNS-MOTENVWB1_V1.4.0, FP-SNS-SMARTAG2_V1.2.0, FP-SNS-STBOX1_V2.1.0, STM32Cube_FW_C0_V1.4.0, STM32Cube_FW_F4_V1.28.3, STM32Cube_FW_F7_V1.17.4, STM32Cube_FW_G0_V1.6.2, STM32Cube_FW_G4_V1.6.1, STM32Cube_FW_H5_V1.5.1, STM32Cube_FW_H7RS_V1.3.0, STM32Cube_FW_H7_V1.12.1, STM32Cube_FW_L0_V1.12.2, STM32Cube_FW_L4_V1.18.1, STM32Cube_FW_L5_V1.6.0, STM32Cube_FW_N6_V1.3.0, STM32Cube_FW_U0_V1.3.0, STM32Cube_FW_U3_V1.2.1, STM32Cube_FW_U5_V1.8.0, STM32Cube_FW_WB0_V1.4.0, STM32Cube_FW_WBA_V1.8.0, STM32Cube_FW_WB_V1.24.0, STM32Cube_FW_WL3_V1.3.0, STM32Cube_FW_WL_V1.4.0, X-CUBE-ALGOBUILD_V1.4.0, X-CUBE-ALS_V1.0.2, X-CUBE-AZRTOS-F4_V1.1.0, X-CUBE-AZRTOS-F7_V1.1.0, X-CUBE-AZRTOS-G0_V1.1.0, X-CUBE-AZRTOS-G4_V2.0.0, X-CUBE-AZRTOS-H7RS_V1.1.0, X-CUBE-AZRTOS-H7_V3.4.0, X-CUBE-AZRTOS-L4_V2.0.0, X-CUBE-AZRTOS-L5_V2.0.0, X-CUBE-AZRTOS-WB_V2.0.0, X-CUBE-AZRTOS-WL_V2.0.0, X-CUBE-BLE1_V7.1.0, X-CUBE-BLE2_V3.3.0, X-CUBE-BLEMGR_V4.1.0, X-CUBE-EEPRMA1_V5.2.0, X-CUBE-FREERTOS_V1.3.1, X-CUBE-GNSS1_V6.0.0, X-CUBE-MEMS1_V11.3.0, X-CUBE-NFC4_V3.0.0, X-CUBE-NFC7_V2.0.0, X-CUBE-SFXS2LP1_V4.0.0, X-CUBE-ST67W61_V1.1.0, X-CUBE-SUBG2_V5.0.0, X-CUBE-TOF1_V3.4.3]
2025-11-30 09:54:19,729 [ERROR] LogOutputStream:75 - [STDERR_REDIRECT] [Fatal Error] :1:1: Premature end of file.
2025-11-30 09:54:19,729 [ERROR] LogOutputStream:75 - [STDERR_REDIRECT] 
2025-11-30 09:54:19,889 [ERROR] DbExamplesSqlite:437 - Missing JSON key: board_cpn
2025-11-30 09:54:19,889 [ERROR] DbExamplesSqlite:437 - Missing JSON key: board_cpn
2025-11-30 09:54:19,889 [ERROR] DbExamplesSqlite:437 - Missing JSON key: board_cpn
2025-11-30 09:54:19,889 [ERROR] DbExamplesSqlite:437 - Missing JSON key: board_cpn
2025-11-30 09:54:20,142 [ERROR] DbExamplesSqlite:437 - Missing JSON key: board_cpn
2025-11-30 09:54:20,142 [ERROR] DbExamplesSqlite:437 - Missing JSON key: board_cpn
2025-11-30 09:54:20,150 [INFO] DbExamplesSqlite:395 - Ignored 42 examples not supported by CubeIDE
2025-11-30 09:54:20,150 [INFO] DbExamplesSqlite:396 - Found 10883 examples active
2025-11-30 09:54:20,150 [INFO] DbExamplesSqlite:397 - Found 0 examples obsolete
2025-11-30 09:54:20,150 [INFO] DbExamplesSqlite:398 - Found 0 examples under development
2025-11-30 09:54:20,150 [INFO] DbExamplesSqlite:399 - Found 85 examples not building
2025-11-30 09:54:20,152 [INFO] DbExamples:125 - Found 10926 examples
2025-11-30 09:54:20,180 [ERROR] DbExamples:208 - Found 73 examples with invalid data (board or MCU)
2025-11-30 09:54:20,180 [INFO] DbExamples:222 - Found 134 boards with related examples
2025-11-30 09:54:20,181 [INFO] DbExamples:235 - Found 111 MCUs with related examples
2025-11-30 09:54:20,198 [INFO] ApiDb:423 - Load user favorites file C:\Users\akash/.stm32cubeide/favorites.examples.txt: 0 item(s)
2025-11-30 09:54:20,198 [INFO] ApiDb:427 - User favorites Examples=[]
2025-11-30 09:54:20,198 [INFO] DbExamples:250 - Set 0 / 0 favorites Examples
2025-11-30 09:54:20,732 [ERROR] LogOutputStream:75 - [STDERR_REDIRECT] [Fatal Error] :1:1: Premature end of file.
2025-11-30 09:54:20,732 [ERROR] LogOutputStream:75 - [STDERR_REDIRECT] 
2025-11-30 09:54:21,047 [INFO] SoftwarePacks:127 - Download is needed for SW pack 'FP-ATR-ASTRA1_V2.0.0'
2025-11-30 09:54:21,049 [INFO] SoftwarePacks:127 - Download is needed for SW pack 'FP-SNS-FLIGHT1_V5.1.0'
2025-11-30 09:54:21,052 [INFO] SoftwarePacks:127 - Download is needed for SW pack 'FP-SNS-MOTENV1_V5.1.0'
2025-11-30 09:54:21,054 [INFO] SoftwarePacks:127 - Download is needed for SW pack 'FP-SNS-MOTENVWB1_V1.4.0'
2025-11-30 09:54:21,056 [INFO] SoftwarePacks:127 - Download is needed for SW pack 'FP-SNS-SMARTAG2_V1.2.0'
2025-11-30 09:54:21,059 [INFO] SoftwarePacks:127 - Download is needed for SW pack 'FP-SNS-STBOX1_V2.1.0'
2025-11-30 09:54:21,063 [INFO] SoftwarePacks:127 - Download is needed for SW pack 'STM32Cube_FW_C0_V1.4.0'
2025-11-30 09:54:21,068 [INFO] SoftwarePacks:127 - Download is needed for SW pack 'STM32Cube_FW_F4_V1.28.3'
2025-11-30 09:54:21,073 [INFO] SoftwarePacks:127 - Download is needed for SW pack 'STM32Cube_FW_F7_V1.17.4'
2025-11-30 09:54:21,078 [INFO] SoftwarePacks:131 - Found SW pack 'STM32Cube_FW_G0_V1.6.2' up-to-date on disk.
2025-11-30 09:54:21,083 [INFO] SoftwarePacks:131 - Found SW pack 'STM32Cube_FW_G4_V1.6.1' up-to-date on disk.
2025-11-30 09:54:21,087 [INFO] SoftwarePacks:127 - Download is needed for SW pack 'STM32Cube_FW_H5_V1.5.1'
2025-11-30 09:54:21,092 [INFO] SoftwarePacks:127 - Download is needed for SW pack 'STM32Cube_FW_H7RS_V1.3.0'
2025-11-30 09:54:21,096 [INFO] SoftwarePacks:131 - Found SW pack 'STM32Cube_FW_H7_V1.12.1' up-to-date on disk.
2025-11-30 09:54:21,101 [INFO] SoftwarePacks:127 - Download is needed for SW pack 'STM32Cube_FW_L0_V1.12.2'
2025-11-30 09:54:21,105 [INFO] SoftwarePacks:127 - Download is needed for SW pack 'STM32Cube_FW_L4_V1.18.1'
2025-11-30 09:54:21,110 [INFO] SoftwarePacks:127 - Download is needed for SW pack 'STM32Cube_FW_L5_V1.6.0'
2025-11-30 09:54:21,115 [INFO] SoftwarePacks:127 - Download is needed for SW pack 'STM32Cube_FW_N6_V1.3.0'
2025-11-30 09:54:21,120 [INFO] SoftwarePacks:127 - Download is needed for SW pack 'STM32Cube_FW_U0_V1.3.0'
2025-11-30 09:54:21,125 [INFO] SoftwarePacks:127 - Download is needed for SW pack 'STM32Cube_FW_U3_V1.2.1'
2025-11-30 09:54:21,130 [INFO] SoftwarePacks:127 - Download is needed for SW pack 'STM32Cube_FW_U5_V1.8.0'
2025-11-30 09:54:21,135 [INFO] SoftwarePacks:127 - Download is needed for SW pack 'STM32Cube_FW_WB0_V1.4.0'
2025-11-30 09:54:21,138 [INFO] SoftwarePacks:127 - Download is needed for SW pack 'STM32Cube_FW_WBA_V1.8.0'
2025-11-30 09:54:21,145 [INFO] SoftwarePacks:127 - Download is needed for SW pack 'STM32Cube_FW_WB_V1.24.0'
2025-11-30 09:54:21,149 [INFO] SoftwarePacks:127 - Download is needed for SW pack 'STM32Cube_FW_WL3_V1.3.0'
2025-11-30 09:54:21,153 [INFO] SoftwarePacks:127 - Download is needed for SW pack 'STM32Cube_FW_WL_V1.4.0'
2025-11-30 09:54:21,156 [INFO] SoftwarePacks:127 - Download is needed for SW pack 'X-CUBE-ALGOBUILD_V1.4.0'
2025-11-30 09:54:21,158 [INFO] SoftwarePacks:127 - Download is needed for SW pack 'X-CUBE-ALS_V1.0.2'
2025-11-30 09:54:21,160 [INFO] SoftwarePacks:127 - Download is needed for SW pack 'X-CUBE-AZRTOS-F4_V1.1.0'
2025-11-30 09:54:21,162 [INFO] SoftwarePacks:127 - Download is needed for SW pack 'X-CUBE-AZRTOS-F7_V1.1.0'
2025-11-30 09:54:21,164 [INFO] SoftwarePacks:127 - Download is needed for SW pack 'X-CUBE-AZRTOS-G0_V1.1.0'
2025-11-30 09:54:21,166 [INFO] SoftwarePacks:127 - Download is needed for SW pack 'X-CUBE-AZRTOS-G4_V2.0.0'
2025-11-30 09:54:21,167 [INFO] SoftwarePacks:127 - Download is needed for SW pack 'X-CUBE-AZRTOS-H7RS_V1.1.0'
2025-11-30 09:54:21,169 [INFO] SoftwarePacks:127 - Download is needed for SW pack 'X-CUBE-AZRTOS-H7_V3.4.0'
2025-11-30 09:54:21,172 [INFO] SoftwarePacks:127 - Download is needed for SW pack 'X-CUBE-AZRTOS-L4_V2.0.0'
2025-11-30 09:54:21,175 [INFO] SoftwarePacks:127 - Download is needed for SW pack 'X-CUBE-AZRTOS-L5_V2.0.0'
2025-11-30 09:54:21,177 [INFO] SoftwarePacks:127 - Download is needed for SW pack 'X-CUBE-AZRTOS-WB_V2.0.0'
2025-11-30 09:54:21,179 [INFO] SoftwarePacks:127 - Download is needed for SW pack 'X-CUBE-AZRTOS-WL_V2.0.0'
2025-11-30 09:54:21,181 [INFO] SoftwarePacks:127 - Download is needed for SW pack 'X-CUBE-BLE1_V7.1.0'
2025-11-30 09:54:21,183 [INFO] SoftwarePacks:127 - Download is needed for SW pack 'X-CUBE-BLE2_V3.3.0'
2025-11-30 09:54:21,185 [INFO] SoftwarePacks:127 - Download is needed for SW pack 'X-CUBE-BLEMGR_V4.1.0'
2025-11-30 09:54:21,187 [INFO] SoftwarePacks:127 - Download is needed for SW pack 'X-CUBE-EEPRMA1_V5.2.0'
2025-11-30 09:54:21,190 [INFO] SoftwarePacks:127 - Download is needed for SW pack 'X-CUBE-FREERTOS_V1.3.1'
2025-11-30 09:54:21,192 [INFO] SoftwarePacks:127 - Download is needed for SW pack 'X-CUBE-GNSS1_V6.0.0'
2025-11-30 09:54:21,194 [INFO] SoftwarePacks:127 - Download is needed for SW pack 'X-CUBE-MEMS1_V11.3.0'
2025-11-30 09:54:21,196 [INFO] SoftwarePacks:127 - Download is needed for SW pack 'X-CUBE-NFC4_V3.0.0'
2025-11-30 09:54:21,198 [INFO] SoftwarePacks:127 - Download is needed for SW pack 'X-CUBE-NFC7_V2.0.0'
2025-11-30 09:54:21,199 [INFO] SoftwarePacks:127 - Download is needed for SW pack 'X-CUBE-SFXS2LP1_V4.0.0'
2025-11-30 09:54:21,201 [INFO] SoftwarePacks:127 - Download is needed for SW pack 'X-CUBE-ST67W61_V1.1.0'
2025-11-30 09:54:21,203 [INFO] SoftwarePacks:127 - Download is needed for SW pack 'X-CUBE-SUBG2_V5.0.0'
2025-11-30 09:54:21,205 [INFO] SoftwarePacks:127 - Download is needed for SW pack 'X-CUBE-TOF1_V3.4.3'
2025-11-30 09:54:21,729 [ERROR] LogOutputStream:75 - [STDERR_REDIRECT] [Fatal Error] :1:1: Premature end of file.
2025-11-30 09:54:21,730 [ERROR] LogOutputStream:75 - [STDERR_REDIRECT] 
2025-11-30 09:54:22,620 [INFO] LoadUrlFilesThread:185 - End of LoadServerUrlFiles without Thread
2025-11-30 09:54:22,620 [INFO] DetailPanel:341 - Set advertising image to C:/Users/akash/STM32Cube/Repository/\en.mcu-finder-preevent.jpg
2025-11-30 09:54:22,729 [ERROR] LogOutputStream:75 - [STDERR_REDIRECT] [Fatal Error] :1:1: Premature end of file.
2025-11-30 09:54:22,729 [ERROR] LogOutputStream:75 - [STDERR_REDIRECT] 
2025-11-30 09:54:23,254 [ERROR] AppliInfo:139 - Unknown STM32CubeMX version: 6.16.0
2025-11-30 09:54:23,254 [ERROR] AppliInfo:139 - Unknown STM32CubeMX version: 6.16.0
2025-11-30 09:54:23,254 [ERROR] AppliInfo:139 - Unknown STM32CubeMX version: 6.16.0
2025-11-30 09:54:23,254 [ERROR] AppliInfo:139 - Unknown STM32CubeMX version: 6.16.0
2025-11-30 09:54:23,272 [ERROR] AppliInfo:139 - Unknown STM32CubeMX version: 6.16.0
2025-11-30 09:54:23,288 [ERROR] AppliInfo:139 - Unknown STM32CubeMX version: 6.16.0
2025-11-30 09:54:23,288 [ERROR] AppliInfo:139 - Unknown STM32CubeMX version: 6.16.0
2025-11-30 09:54:23,288 [ERROR] AppliInfo:139 - Unknown STM32CubeMX version: 6.16.0
2025-11-30 09:54:23,290 [ERROR] AppliInfo:139 - Unknown STM32CubeMX version: 6.16.0
2025-11-30 09:54:23,434 [ERROR] AppliInfo:139 - Unknown STM32CubeMX version: 6.16.0
2025-11-30 09:54:23,437 [ERROR] AppliInfo:139 - Unknown STM32CubeMX version: 6.16.0
2025-11-30 09:54:23,462 [ERROR] AppliInfo:139 - Unknown STM32CubeMX version: 6.16.0
2025-11-30 09:54:23,464 [ERROR] AppliInfo:139 - Unknown STM32CubeMX version: 6.16.0
2025-11-30 09:54:23,464 [ERROR] AppliInfo:139 - Unknown STM32CubeMX version: 6.16.0
2025-11-30 09:54:23,464 [ERROR] AppliInfo:139 - Unknown STM32CubeMX version: 6.16.0
2025-11-30 09:54:23,465 [ERROR] AppliInfo:139 - Unknown STM32CubeMX version: 6.16.0
2025-11-30 09:54:23,465 [ERROR] AppliInfo:139 - Unknown STM32CubeMX version: 6.16.0
2025-11-30 09:54:23,465 [ERROR] AppliInfo:139 - Unknown STM32CubeMX version: 6.16.0
2025-11-30 09:54:23,465 [ERROR] AppliInfo:139 - Unknown STM32CubeMX version: 6.16.0
2025-11-30 09:54:23,465 [ERROR] AppliInfo:139 - Unknown STM32CubeMX version: 6.16.0
2025-11-30 09:54:23,466 [ERROR] AppliInfo:139 - Unknown STM32CubeMX version: 6.16.0
2025-11-30 09:54:23,466 [ERROR] AppliInfo:139 - Unknown STM32CubeMX version: 6.16.0
2025-11-30 09:54:23,466 [ERROR] AppliInfo:139 - Unknown STM32CubeMX version: 6.16.0
2025-11-30 09:54:23,467 [ERROR] AppliInfo:139 - Unknown STM32CubeMX version: 6.16.0
2025-11-30 09:54:23,467 [ERROR] AppliInfo:139 - Unknown STM32CubeMX version: 6.16.0
2025-11-30 09:54:23,468 [ERROR] AppliInfo:139 - Unknown STM32CubeMX version: 6.16.0
2025-11-30 09:54:23,468 [ERROR] AppliInfo:139 - Unknown STM32CubeMX version: 6.16.0
2025-11-30 09:54:23,468 [ERROR] AppliInfo:139 - Unknown STM32CubeMX version: 6.16.0
2025-11-30 09:54:23,468 [ERROR] AppliInfo:139 - Unknown STM32CubeMX version: 6.16.0
2025-11-30 09:54:23,470 [ERROR] AppliInfo:139 - Unknown STM32CubeMX version: 6.16.0
2025-11-30 09:54:23,471 [ERROR] AppliInfo:139 - Unknown STM32CubeMX version: 6.16.0
2025-11-30 09:54:23,471 [ERROR] AppliInfo:139 - Unknown STM32CubeMX version: 6.16.0
2025-11-30 09:54:23,471 [ERROR] AppliInfo:139 - Unknown STM32CubeMX version: 6.16.0
2025-11-30 09:54:23,472 [ERROR] AppliInfo:139 - Unknown STM32CubeMX version: 6.16.0
2025-11-30 09:54:23,472 [ERROR] AppliInfo:139 - Unknown STM32CubeMX version: 6.16.0
2025-11-30 09:54:23,474 [ERROR] AppliInfo:139 - Unknown STM32CubeMX version: 6.16.0
2025-11-30 09:54:23,474 [ERROR] AppliInfo:139 - Unknown STM32CubeMX version: 6.16.0
2025-11-30 09:54:23,475 [ERROR] AppliInfo:139 - Unknown STM32CubeMX version: 6.16.0
2025-11-30 09:54:23,475 [ERROR] AppliInfo:139 - Unknown STM32CubeMX version: 6.16.0
2025-11-30 09:54:23,475 [ERROR] AppliInfo:139 - Unknown STM32CubeMX version: 6.16.0
2025-11-30 09:54:23,476 [ERROR] AppliInfo:139 - Unknown STM32CubeMX version: 6.16.0
2025-11-30 09:54:23,476 [ERROR] AppliInfo:139 - Unknown STM32CubeMX version: 6.16.0
2025-11-30 09:54:23,476 [ERROR] AppliInfo:139 - Unknown STM32CubeMX version: 6.16.0
2025-11-30 09:54:23,476 [ERROR] AppliInfo:139 - Unknown STM32CubeMX version: 6.16.0
2025-11-30 09:54:23,478 [ERROR] AppliInfo:139 - Unknown STM32CubeMX version: 6.16.0
2025-11-30 09:54:23,478 [ERROR] AppliInfo:139 - Unknown STM32CubeMX version: 6.16.0
2025-11-30 09:54:23,479 [ERROR] AppliInfo:139 - Unknown STM32CubeMX version: 6.16.0
2025-11-30 09:54:23,479 [ERROR] AppliInfo:139 - Unknown STM32CubeMX version: 6.16.0
2025-11-30 09:54:23,479 [ERROR] AppliInfo:139 - Unknown STM32CubeMX version: 6.16.0
2025-11-30 09:54:23,480 [ERROR] AppliInfo:139 - Unknown STM32CubeMX version: 6.16.0
2025-11-30 09:54:23,557 [ERROR] AppliInfo:139 - Unknown STM32CubeMX version: 6.16.0
2025-11-30 09:54:23,568 [ERROR] AppliInfo:139 - Unknown STM32CubeMX version: 6.16.0
2025-11-30 09:54:23,568 [ERROR] AppliInfo:139 - Unknown STM32CubeMX version: 6.16.0
2025-11-30 09:54:23,568 [ERROR] AppliInfo:139 - Unknown STM32CubeMX version: 6.16.0
2025-11-30 09:54:23,568 [ERROR] AppliInfo:139 - Unknown STM32CubeMX version: 6.16.0
2025-11-30 09:54:23,568 [ERROR] AppliInfo:139 - Unknown STM32CubeMX version: 6.16.0
2025-11-30 09:54:23,569 [ERROR] AppliInfo:139 - Unknown STM32CubeMX version: 6.16.0
2025-11-30 09:54:23,610 [ERROR] AppliInfo:139 - Unknown STM32CubeMX version: 6.12.1
2025-11-30 09:54:23,610 [ERROR] AppliInfo:139 - Unknown STM32CubeMX version: 6.16.0
2025-11-30 09:54:23,611 [ERROR] AppliInfo:139 - Unknown STM32CubeMX version: 6.16.0
2025-11-30 09:54:23,611 [ERROR] AppliInfo:139 - Unknown STM32CubeMX version: 6.16.0
2025-11-30 09:54:23,611 [ERROR] AppliInfo:139 - Unknown STM32CubeMX version: 6.16.0
2025-11-30 09:54:23,611 [ERROR] AppliInfo:139 - Unknown STM32CubeMX version: 6.16.0
2025-11-30 09:54:23,611 [ERROR] AppliInfo:139 - Unknown STM32CubeMX version: 6.16.0
2025-11-30 09:54:23,611 [ERROR] AppliInfo:139 - Unknown STM32CubeMX version: 6.16.0
2025-11-30 09:54:23,611 [ERROR] AppliInfo:139 - Unknown STM32CubeMX version: 6.16.0
2025-11-30 09:54:23,611 [ERROR] AppliInfo:139 - Unknown STM32CubeMX version: 6.16.0
2025-11-30 09:54:23,612 [ERROR] AppliInfo:139 - Unknown STM32CubeMX version: 6.16.0
2025-11-30 09:54:23,612 [ERROR] AppliInfo:139 - Unknown STM32CubeMX version: 6.16.0
2025-11-30 09:54:23,612 [ERROR] AppliInfo:139 - Unknown STM32CubeMX version: 6.16.0
2025-11-30 09:54:23,612 [ERROR] AppliInfo:139 - Unknown STM32CubeMX version: 6.16.0
2025-11-30 09:54:23,612 [ERROR] AppliInfo:139 - Unknown STM32CubeMX version: 6.16.0
2025-11-30 09:54:23,612 [ERROR] AppliInfo:139 - Unknown STM32CubeMX version: 6.16.0
2025-11-30 09:54:23,612 [ERROR] AppliInfo:139 - Unknown STM32CubeMX version: 6.16.0
2025-11-30 09:54:23,613 [ERROR] AppliInfo:139 - Unknown STM32CubeMX version: 6.16.0
2025-11-30 09:54:23,613 [ERROR] AppliInfo:139 - Unknown STM32CubeMX version: 6.16.0
2025-11-30 09:54:23,613 [ERROR] AppliInfo:139 - Unknown STM32CubeMX version: 6.16.0
2025-11-30 09:54:23,613 [ERROR] AppliInfo:139 - Unknown STM32CubeMX version: 6.16.0
2025-11-30 09:54:23,613 [ERROR] AppliInfo:139 - Unknown STM32CubeMX version: 6.16.0
2025-11-30 09:54:23,616 [ERROR] AppliInfo:139 - Unknown STM32CubeMX version: 6.16.0
2025-11-30 09:54:23,617 [ERROR] AppliInfo:139 - Unknown STM32CubeMX version: 6.16.0
2025-11-30 09:54:23,617 [ERROR] AppliInfo:139 - Unknown STM32CubeMX version: 6.16.0
2025-11-30 09:54:23,617 [ERROR] AppliInfo:139 - Unknown STM32CubeMX version: 6.16.0
2025-11-30 09:54:23,617 [ERROR] AppliInfo:139 - Unknown STM32CubeMX version: 6.16.0
2025-11-30 09:54:23,617 [ERROR] AppliInfo:139 - Unknown STM32CubeMX version: 6.16.0
2025-11-30 09:54:23,618 [ERROR] AppliInfo:139 - Unknown STM32CubeMX version: 6.16.0
2025-11-30 09:54:23,618 [ERROR] AppliInfo:139 - Unknown STM32CubeMX version: 6.16.0
2025-11-30 09:54:23,618 [ERROR] AppliInfo:139 - Unknown STM32CubeMX version: 6.16.0
2025-11-30 09:54:23,618 [ERROR] AppliInfo:139 - Unknown STM32CubeMX version: 6.16.0
2025-11-30 09:54:23,618 [ERROR] AppliInfo:139 - Unknown STM32CubeMX version: 6.16.0
2025-11-30 09:54:23,618 [ERROR] AppliInfo:139 - Unknown STM32CubeMX version: 6.16.0
2025-11-30 09:54:23,618 [ERROR] AppliInfo:139 - Unknown STM32CubeMX version: 6.16.0
2025-11-30 09:54:23,619 [ERROR] AppliInfo:139 - Unknown STM32CubeMX version: 6.16.0
2025-11-30 09:54:23,619 [ERROR] AppliInfo:139 - Unknown STM32CubeMX version: 6.16.0
2025-11-30 09:54:23,619 [ERROR] AppliInfo:139 - Unknown STM32CubeMX version: 6.16.0
2025-11-30 09:54:23,619 [ERROR] AppliInfo:139 - Unknown STM32CubeMX version: 6.16.0
2025-11-30 09:54:23,619 [ERROR] AppliInfo:139 - Unknown STM32CubeMX version: 6.16.0
2025-11-30 09:54:23,619 [ERROR] AppliInfo:139 - Unknown STM32CubeMX version: 6.16.0
2025-11-30 09:54:23,619 [ERROR] AppliInfo:139 - Unknown STM32CubeMX version: 6.16.0
2025-11-30 09:54:23,619 [ERROR] AppliInfo:139 - Unknown STM32CubeMX version: 6.16.0
2025-11-30 09:54:23,623 [ERROR] AppliInfo:139 - Unknown STM32CubeMX version: 6.16.0
2025-11-30 09:54:23,623 [ERROR] AppliInfo:139 - Unknown STM32CubeMX version: 6.16.0
2025-11-30 09:54:23,624 [ERROR] AppliInfo:139 - Unknown STM32CubeMX version: 6.16.0
2025-11-30 09:54:23,624 [ERROR] AppliInfo:139 - Unknown STM32CubeMX version: 6.16.0
2025-11-30 09:54:23,624 [ERROR] AppliInfo:139 - Unknown STM32CubeMX version: 6.16.0
2025-11-30 09:54:23,624 [ERROR] AppliInfo:139 - Unknown STM32CubeMX version: 6.16.0
2025-11-30 09:54:23,624 [ERROR] AppliInfo:139 - Unknown STM32CubeMX version: 6.16.0
2025-11-30 09:54:23,624 [ERROR] AppliInfo:139 - Unknown STM32CubeMX version: 6.16.0
2025-11-30 09:54:23,624 [ERROR] AppliInfo:139 - Unknown STM32CubeMX version: 6.16.0
2025-11-30 09:54:23,625 [ERROR] AppliInfo:139 - Unknown STM32CubeMX version: 6.16.0
2025-11-30 09:54:23,625 [ERROR] AppliInfo:139 - Unknown STM32CubeMX version: 6.16.0
2025-11-30 09:54:23,625 [ERROR] AppliInfo:139 - Unknown STM32CubeMX version: 6.16.0
2025-11-30 09:54:23,625 [ERROR] AppliInfo:139 - Unknown STM32CubeMX version: 6.16.0
2025-11-30 09:54:23,626 [ERROR] AppliInfo:139 - Unknown STM32CubeMX version: 6.16.0
2025-11-30 09:54:23,626 [ERROR] AppliInfo:139 - Unknown STM32CubeMX version: 6.16.0
2025-11-30 09:54:23,626 [ERROR] AppliInfo:139 - Unknown STM32CubeMX version: 6.16.0
2025-11-30 09:54:23,626 [ERROR] AppliInfo:139 - Unknown STM32CubeMX version: 6.16.0
2025-11-30 09:54:23,626 [ERROR] AppliInfo:139 - Unknown STM32CubeMX version: 6.16.0
2025-11-30 09:54:23,626 [ERROR] AppliInfo:139 - Unknown STM32CubeMX version: 6.16.0
2025-11-30 09:54:23,627 [ERROR] AppliInfo:139 - Unknown STM32CubeMX version: 6.16.0
2025-11-30 09:54:23,627 [ERROR] AppliInfo:139 - Unknown STM32CubeMX version: 6.16.0
2025-11-30 09:54:23,635 [ERROR] AppliInfo:139 - Unknown STM32CubeMX version: 6.16.0
2025-11-30 09:54:23,635 [ERROR] AppliInfo:139 - Unknown STM32CubeMX version: 6.16.0
2025-11-30 09:54:23,635 [ERROR] AppliInfo:139 - Unknown STM32CubeMX version: 6.16.0
2025-11-30 09:54:23,635 [ERROR] AppliInfo:139 - Unknown STM32CubeMX version: 6.16.0
2025-11-30 09:54:23,635 [ERROR] AppliInfo:139 - Unknown STM32CubeMX version: 6.16.0
2025-11-30 09:54:23,635 [ERROR] AppliInfo:139 - Unknown STM32CubeMX version: 6.16.0
2025-11-30 09:54:23,636 [ERROR] AppliInfo:139 - Unknown STM32CubeMX version: 6.16.0
2025-11-30 09:54:23,636 [ERROR] AppliInfo:139 - Unknown STM32CubeMX version: 6.16.0
2025-11-30 09:54:23,636 [ERROR] AppliInfo:139 - Unknown STM32CubeMX version: 6.16.0
2025-11-30 09:54:23,637 [ERROR] AppliInfo:139 - Unknown STM32CubeMX version: 6.16.0
2025-11-30 09:54:23,637 [ERROR] AppliInfo:139 - Unknown STM32CubeMX version: 6.16.0
2025-11-30 09:54:23,637 [ERROR] AppliInfo:139 - Unknown STM32CubeMX version: 6.16.0
2025-11-30 09:54:23,637 [ERROR] AppliInfo:139 - Unknown STM32CubeMX version: 6.16.0
2025-11-30 09:54:23,637 [ERROR] AppliInfo:139 - Unknown STM32CubeMX version: 6.16.0
2025-11-30 09:54:23,637 [ERROR] AppliInfo:139 - Unknown STM32CubeMX version: 6.16.0
2025-11-30 09:54:23,638 [ERROR] AppliInfo:139 - Unknown STM32CubeMX version: 6.16.0
2025-11-30 09:54:23,638 [ERROR] AppliInfo:139 - Unknown STM32CubeMX version: 6.16.0
2025-11-30 09:54:23,638 [ERROR] AppliInfo:139 - Unknown STM32CubeMX version: 6.16.0
2025-11-30 09:54:23,638 [ERROR] AppliInfo:139 - Unknown STM32CubeMX version: 6.16.0
2025-11-30 09:54:23,638 [ERROR] AppliInfo:139 - Unknown STM32CubeMX version: 6.16.0
2025-11-30 09:54:23,639 [ERROR] AppliInfo:139 - Unknown STM32CubeMX version: 6.16.0
2025-11-30 09:54:23,639 [ERROR] AppliInfo:139 - Unknown STM32CubeMX version: 6.16.0
2025-11-30 09:54:23,639 [ERROR] AppliInfo:139 - Unknown STM32CubeMX version: 6.16.0
2025-11-30 09:54:23,640 [ERROR] AppliInfo:139 - Unknown STM32CubeMX version: 6.16.0
2025-11-30 09:54:23,640 [ERROR] AppliInfo:139 - Unknown STM32CubeMX version: 6.16.0
2025-11-30 09:54:23,641 [ERROR] AppliInfo:139 - Unknown STM32CubeMX version: 6.16.0
2025-11-30 09:54:23,641 [ERROR] AppliInfo:139 - Unknown STM32CubeMX version: 6.16.0
2025-11-30 09:54:23,641 [ERROR] AppliInfo:139 - Unknown STM32CubeMX version: 6.16.0
2025-11-30 09:54:23,641 [ERROR] AppliInfo:139 - Unknown STM32CubeMX version: 6.16.0
2025-11-30 09:54:23,641 [ERROR] AppliInfo:139 - Unknown STM32CubeMX version: 6.16.0
2025-11-30 09:54:23,642 [ERROR] AppliInfo:139 - Unknown STM32CubeMX version: 6.16.0
2025-11-30 09:54:23,642 [ERROR] AppliInfo:139 - Unknown STM32CubeMX version: 6.16.0
2025-11-30 09:54:23,642 [ERROR] AppliInfo:139 - Unknown STM32CubeMX version: 6.16.0
2025-11-30 09:54:23,642 [ERROR] AppliInfo:139 - Unknown STM32CubeMX version: 6.16.0
2025-11-30 09:54:23,643 [ERROR] AppliInfo:139 - Unknown STM32CubeMX version: 6.16.0
2025-11-30 09:54:23,643 [ERROR] AppliInfo:139 - Unknown STM32CubeMX version: 6.16.0
2025-11-30 09:54:23,643 [ERROR] AppliInfo:139 - Unknown STM32CubeMX version: 6.16.0
2025-11-30 09:54:23,644 [ERROR] AppliInfo:139 - Unknown STM32CubeMX version: 6.16.0
2025-11-30 09:54:23,644 [ERROR] AppliInfo:139 - Unknown STM32CubeMX version: 6.16.0
2025-11-30 09:54:23,644 [ERROR] AppliInfo:139 - Unknown STM32CubeMX version: 6.16.0
2025-11-30 09:54:23,644 [ERROR] AppliInfo:139 - Unknown STM32CubeMX version: 6.16.0
2025-11-30 09:54:23,644 [ERROR] AppliInfo:139 - Unknown STM32CubeMX version: 6.16.0
2025-11-30 09:54:23,645 [ERROR] AppliInfo:139 - Unknown STM32CubeMX version: 6.16.0
2025-11-30 09:54:23,645 [ERROR] AppliInfo:139 - Unknown STM32CubeMX version: 6.16.0
2025-11-30 09:54:23,646 [ERROR] AppliInfo:139 - Unknown STM32CubeMX version: 6.16.0
2025-11-30 09:54:23,646 [ERROR] AppliInfo:139 - Unknown STM32CubeMX version: 6.16.0
2025-11-30 09:54:23,646 [ERROR] AppliInfo:139 - Unknown STM32CubeMX version: 6.16.0
2025-11-30 09:54:23,648 [ERROR] AppliInfo:139 - Unknown STM32CubeMX version: 6.16.0
2025-11-30 09:54:23,648 [ERROR] AppliInfo:139 - Unknown STM32CubeMX version: 6.16.0
2025-11-30 09:54:23,648 [ERROR] AppliInfo:139 - Unknown STM32CubeMX version: 6.16.0
2025-11-30 09:54:23,648 [ERROR] AppliInfo:139 - Unknown STM32CubeMX version: 6.16.0
2025-11-30 09:54:23,648 [ERROR] AppliInfo:139 - Unknown STM32CubeMX version: 6.16.0
2025-11-30 09:54:23,649 [ERROR] AppliInfo:139 - Unknown STM32CubeMX version: 6.16.0
2025-11-30 09:54:23,649 [ERROR] AppliInfo:139 - Unknown STM32CubeMX version: 6.16.0
2025-11-30 09:54:23,649 [ERROR] AppliInfo:139 - Unknown STM32CubeMX version: 6.16.0
2025-11-30 09:54:23,649 [ERROR] AppliInfo:139 - Unknown STM32CubeMX version: 6.16.0
2025-11-30 09:54:23,649 [ERROR] AppliInfo:139 - Unknown STM32CubeMX version: 6.16.0
2025-11-30 09:54:23,650 [ERROR] AppliInfo:139 - Unknown STM32CubeMX version: 6.16.0
2025-11-30 09:54:23,650 [ERROR] AppliInfo:139 - Unknown STM32CubeMX version: 6.16.0
2025-11-30 09:54:23,650 [ERROR] AppliInfo:139 - Unknown STM32CubeMX version: 6.16.0
2025-11-30 09:54:23,651 [ERROR] AppliInfo:139 - Unknown STM32CubeMX version: 6.16.0
2025-11-30 09:54:23,651 [ERROR] AppliInfo:139 - Unknown STM32CubeMX version: 6.16.0
2025-11-30 09:54:23,651 [ERROR] AppliInfo:139 - Unknown STM32CubeMX version: 6.16.0
2025-11-30 09:54:23,651 [ERROR] AppliInfo:139 - Unknown STM32CubeMX version: 6.16.0
2025-11-30 09:54:23,652 [ERROR] AppliInfo:139 - Unknown STM32CubeMX version: 6.16.0
2025-11-30 09:54:23,652 [ERROR] AppliInfo:139 - Unknown STM32CubeMX version: 6.16.0
2025-11-30 09:54:23,657 [ERROR] AppliInfo:139 - Unknown STM32CubeMX version: 6.16.0
2025-11-30 09:54:23,658 [ERROR] AppliInfo:139 - Unknown STM32CubeMX version: 6.16.0
2025-11-30 09:54:23,666 [ERROR] AppliInfo:139 - Unknown STM32CubeMX version: 6.16.0
2025-11-30 09:54:23,666 [ERROR] AppliInfo:139 - Unknown STM32CubeMX version: 6.16.0
2025-11-30 09:54:23,666 [ERROR] AppliInfo:139 - Unknown STM32CubeMX version: 6.16.0
2025-11-30 09:54:23,666 [ERROR] AppliInfo:139 - Unknown STM32CubeMX version: 6.16.0
2025-11-30 09:54:23,667 [ERROR] AppliInfo:139 - Unknown STM32CubeMX version: 6.16.0
2025-11-30 09:54:23,667 [ERROR] AppliInfo:139 - Unknown STM32CubeMX version: 6.16.0
2025-11-30 09:54:23,667 [ERROR] AppliInfo:139 - Unknown STM32CubeMX version: 6.16.0
2025-11-30 09:54:23,667 [ERROR] AppliInfo:139 - Unknown STM32CubeMX version: 6.16.0
2025-11-30 09:54:23,667 [ERROR] AppliInfo:139 - Unknown STM32CubeMX version: 6.16.0
2025-11-30 09:54:23,668 [ERROR] AppliInfo:139 - Unknown STM32CubeMX version: 6.16.0
2025-11-30 09:54:23,669 [ERROR] AppliInfo:139 - Unknown STM32CubeMX version: 6.16.0
2025-11-30 09:54:23,669 [ERROR] AppliInfo:139 - Unknown STM32CubeMX version: 6.16.0
2025-11-30 09:54:23,669 [ERROR] AppliInfo:139 - Unknown STM32CubeMX version: 6.16.0
2025-11-30 09:54:23,669 [ERROR] AppliInfo:139 - Unknown STM32CubeMX version: 6.16.0
2025-11-30 09:54:23,669 [ERROR] AppliInfo:139 - Unknown STM32CubeMX version: 6.16.0
2025-11-30 09:54:23,669 [ERROR] AppliInfo:139 - Unknown STM32CubeMX version: 6.16.0
2025-11-30 09:54:23,669 [ERROR] AppliInfo:139 - Unknown STM32CubeMX version: 6.16.0
2025-11-30 09:54:23,670 [ERROR] AppliInfo:139 - Unknown STM32CubeMX version: 6.16.0
2025-11-30 09:54:23,670 [ERROR] AppliInfo:139 - Unknown STM32CubeMX version: 6.16.0
2025-11-30 09:54:23,670 [ERROR] AppliInfo:139 - Unknown STM32CubeMX version: 6.16.0
2025-11-30 09:54:23,670 [ERROR] AppliInfo:139 - Unknown STM32CubeMX version: 6.16.0
2025-11-30 09:54:23,670 [ERROR] AppliInfo:139 - Unknown STM32CubeMX version: 6.16.0
2025-11-30 09:54:23,670 [ERROR] AppliInfo:139 - Unknown STM32CubeMX version: 6.16.0
2025-11-30 09:54:23,670 [ERROR] AppliInfo:139 - Unknown STM32CubeMX version: 6.16.0
2025-11-30 09:54:23,671 [ERROR] AppliInfo:139 - Unknown STM32CubeMX version: 6.16.0
2025-11-30 09:54:23,671 [ERROR] AppliInfo:139 - Unknown STM32CubeMX version: 6.16.0
2025-11-30 09:54:23,671 [ERROR] AppliInfo:139 - Unknown STM32CubeMX version: 6.16.0
2025-11-30 09:54:23,671 [ERROR] AppliInfo:139 - Unknown STM32CubeMX version: 6.16.0
2025-11-30 09:54:23,671 [ERROR] AppliInfo:139 - Unknown STM32CubeMX version: 6.16.0
2025-11-30 09:54:23,671 [ERROR] AppliInfo:139 - Unknown STM32CubeMX version: 6.16.0
2025-11-30 09:54:23,671 [ERROR] AppliInfo:139 - Unknown STM32CubeMX version: 6.16.0
2025-11-30 09:54:23,672 [ERROR] AppliInfo:139 - Unknown STM32CubeMX version: 6.16.0
2025-11-30 09:54:23,672 [ERROR] AppliInfo:139 - Unknown STM32CubeMX version: 6.16.0
2025-11-30 09:54:23,672 [ERROR] AppliInfo:139 - Unknown STM32CubeMX version: 6.16.0
2025-11-30 09:54:23,672 [ERROR] AppliInfo:139 - Unknown STM32CubeMX version: 6.16.0
2025-11-30 09:54:23,672 [ERROR] AppliInfo:139 - Unknown STM32CubeMX version: 6.16.0
2025-11-30 09:54:23,672 [ERROR] AppliInfo:139 - Unknown STM32CubeMX version: 6.16.0
2025-11-30 09:54:23,673 [ERROR] AppliInfo:139 - Unknown STM32CubeMX version: 6.16.0
2025-11-30 09:54:23,673 [ERROR] AppliInfo:139 - Unknown STM32CubeMX version: 6.16.0
2025-11-30 09:54:23,673 [ERROR] AppliInfo:139 - Unknown STM32CubeMX version: 6.16.0
2025-11-30 09:54:23,675 [ERROR] AppliInfo:139 - Unknown STM32CubeMX version: 6.16.0
2025-11-30 09:54:23,675 [ERROR] AppliInfo:139 - Unknown STM32CubeMX version: 6.16.0
2025-11-30 09:54:23,675 [ERROR] AppliInfo:139 - Unknown STM32CubeMX version: 6.16.0
2025-11-30 09:54:23,675 [ERROR] AppliInfo:139 - Unknown STM32CubeMX version: 6.16.0
2025-11-30 09:54:23,675 [ERROR] AppliInfo:139 - Unknown STM32CubeMX version: 6.16.0
2025-11-30 09:54:23,675 [ERROR] AppliInfo:139 - Unknown STM32CubeMX version: 6.16.0
2025-11-30 09:54:23,675 [ERROR] AppliInfo:139 - Unknown STM32CubeMX version: 6.16.0
2025-11-30 09:54:23,676 [ERROR] AppliInfo:139 - Unknown STM32CubeMX version: 6.16.0
2025-11-30 09:54:23,676 [ERROR] AppliInfo:139 - Unknown STM32CubeMX version: 6.16.0
2025-11-30 09:54:23,676 [ERROR] AppliInfo:139 - Unknown STM32CubeMX version: 6.16.0
2025-11-30 09:54:23,676 [ERROR] AppliInfo:139 - Unknown STM32CubeMX version: 6.16.0
2025-11-30 09:54:23,676 [ERROR] AppliInfo:139 - Unknown STM32CubeMX version: 6.16.0
2025-11-30 09:54:23,676 [ERROR] AppliInfo:139 - Unknown STM32CubeMX version: 6.16.0
2025-11-30 09:54:23,676 [ERROR] AppliInfo:139 - Unknown STM32CubeMX version: 6.16.0
2025-11-30 09:54:23,677 [ERROR] AppliInfo:139 - Unknown STM32CubeMX version: 6.16.0
2025-11-30 09:54:23,677 [ERROR] AppliInfo:139 - Unknown STM32CubeMX version: 6.16.0
2025-11-30 09:54:23,677 [ERROR] AppliInfo:139 - Unknown STM32CubeMX version: 6.16.0
2025-11-30 09:54:23,677 [ERROR] AppliInfo:139 - Unknown STM32CubeMX version: 6.16.0
2025-11-30 09:54:23,677 [ERROR] AppliInfo:139 - Unknown STM32CubeMX version: 6.16.0
2025-11-30 09:54:23,677 [ERROR] AppliInfo:139 - Unknown STM32CubeMX version: 6.16.0
2025-11-30 09:54:23,678 [ERROR] AppliInfo:139 - Unknown STM32CubeMX version: 6.16.0
2025-11-30 09:54:23,678 [ERROR] AppliInfo:139 - Unknown STM32CubeMX version: 6.16.0
2025-11-30 09:54:23,678 [ERROR] AppliInfo:139 - Unknown STM32CubeMX version: 6.16.0
2025-11-30 09:54:23,679 [ERROR] AppliInfo:139 - Unknown STM32CubeMX version: 6.16.0
2025-11-30 09:54:23,679 [ERROR] AppliInfo:139 - Unknown STM32CubeMX version: 6.16.0
2025-11-30 09:54:23,679 [ERROR] AppliInfo:139 - Unknown STM32CubeMX version: 6.16.0
2025-11-30 09:54:23,679 [ERROR] AppliInfo:139 - Unknown STM32CubeMX version: 6.16.0
2025-11-30 09:54:23,679 [ERROR] AppliInfo:139 - Unknown STM32CubeMX version: 6.16.0
2025-11-30 09:54:23,680 [ERROR] AppliInfo:139 - Unknown STM32CubeMX version: 6.16.0
2025-11-30 09:54:23,680 [ERROR] AppliInfo:139 - Unknown STM32CubeMX version: 6.16.0
2025-11-30 09:54:23,680 [ERROR] AppliInfo:139 - Unknown STM32CubeMX version: 6.16.0
2025-11-30 09:54:23,680 [ERROR] AppliInfo:139 - Unknown STM32CubeMX version: 6.16.0
2025-11-30 09:54:23,680 [ERROR] AppliInfo:139 - Unknown STM32CubeMX version: 6.16.0
2025-11-30 09:54:23,680 [ERROR] AppliInfo:139 - Unknown STM32CubeMX version: 6.16.0
2025-11-30 09:54:23,681 [ERROR] AppliInfo:139 - Unknown STM32CubeMX version: 6.16.0
2025-11-30 09:54:23,681 [ERROR] AppliInfo:139 - Unknown STM32CubeMX version: 6.16.0
2025-11-30 09:54:23,681 [ERROR] AppliInfo:139 - Unknown STM32CubeMX version: 6.16.0
2025-11-30 09:54:23,681 [ERROR] AppliInfo:139 - Unknown STM32CubeMX version: 6.16.0
2025-11-30 09:54:23,681 [ERROR] AppliInfo:139 - Unknown STM32CubeMX version: 6.16.0
2025-11-30 09:54:23,682 [ERROR] AppliInfo:139 - Unknown STM32CubeMX version: 6.16.0
2025-11-30 09:54:23,682 [ERROR] AppliInfo:139 - Unknown STM32CubeMX version: 6.16.0
2025-11-30 09:54:23,682 [ERROR] AppliInfo:139 - Unknown STM32CubeMX version: 6.16.0
2025-11-30 09:54:23,682 [ERROR] AppliInfo:139 - Unknown STM32CubeMX version: 6.16.0
2025-11-30 09:54:23,682 [ERROR] AppliInfo:139 - Unknown STM32CubeMX version: 6.16.0
2025-11-30 09:54:23,684 [ERROR] AppliInfo:139 - Unknown STM32CubeMX version: 6.16.0
2025-11-30 09:54:23,684 [ERROR] AppliInfo:139 - Unknown STM32CubeMX version: 6.16.0
2025-11-30 09:54:23,684 [ERROR] AppliInfo:139 - Unknown STM32CubeMX version: 6.16.0
2025-11-30 09:54:23,684 [ERROR] AppliInfo:139 - Unknown STM32CubeMX version: 6.16.0
2025-11-30 09:54:23,684 [ERROR] AppliInfo:139 - Unknown STM32CubeMX version: 6.16.0
2025-11-30 09:54:23,684 [ERROR] AppliInfo:139 - Unknown STM32CubeMX version: 6.16.0
2025-11-30 09:54:23,684 [ERROR] AppliInfo:139 - Unknown STM32CubeMX version: 6.16.0
2025-11-30 09:54:23,685 [ERROR] AppliInfo:139 - Unknown STM32CubeMX version: 6.16.0
2025-11-30 09:54:23,685 [ERROR] AppliInfo:139 - Unknown STM32CubeMX version: 6.16.0
2025-11-30 09:54:23,685 [ERROR] AppliInfo:139 - Unknown STM32CubeMX version: 6.16.0
2025-11-30 09:54:23,685 [ERROR] AppliInfo:139 - Unknown STM32CubeMX version: 6.16.0
2025-11-30 09:54:23,685 [ERROR] AppliInfo:139 - Unknown STM32CubeMX version: 6.16.0
2025-11-30 09:54:23,685 [ERROR] AppliInfo:139 - Unknown STM32CubeMX version: 6.16.0
2025-11-30 09:54:23,688 [ERROR] AppliInfo:139 - Unknown STM32CubeMX version: 6.16.0
2025-11-30 09:54:23,688 [ERROR] AppliInfo:139 - Unknown STM32CubeMX version: 6.16.0
2025-11-30 09:54:23,688 [ERROR] AppliInfo:139 - Unknown STM32CubeMX version: 6.16.0
2025-11-30 09:54:23,688 [ERROR] AppliInfo:139 - Unknown STM32CubeMX version: 6.16.0
2025-11-30 09:54:23,688 [ERROR] AppliInfo:139 - Unknown STM32CubeMX version: 6.16.0
2025-11-30 09:54:23,688 [ERROR] AppliInfo:139 - Unknown STM32CubeMX version: 6.16.0
2025-11-30 09:54:23,689 [ERROR] AppliInfo:139 - Unknown STM32CubeMX version: 6.16.0
2025-11-30 09:54:23,689 [ERROR] AppliInfo:139 - Unknown STM32CubeMX version: 6.16.0
2025-11-30 09:54:23,689 [ERROR] AppliInfo:139 - Unknown STM32CubeMX version: 6.16.0
2025-11-30 09:54:23,689 [ERROR] AppliInfo:139 - Unknown STM32CubeMX version: 6.16.0
2025-11-30 09:54:23,692 [ERROR] AppliInfo:139 - Unknown STM32CubeMX version: 6.16.0
2025-11-30 09:54:23,692 [ERROR] AppliInfo:139 - Unknown STM32CubeMX version: 6.16.0
2025-11-30 09:54:23,692 [ERROR] AppliInfo:139 - Unknown STM32CubeMX version: 6.16.0
2025-11-30 09:54:23,693 [ERROR] AppliInfo:139 - Unknown STM32CubeMX version: 6.16.0
2025-11-30 09:54:23,693 [ERROR] AppliInfo:139 - Unknown STM32CubeMX version: 6.16.0
2025-11-30 09:54:23,693 [ERROR] AppliInfo:139 - Unknown STM32CubeMX version: 6.16.0
2025-11-30 09:54:23,693 [ERROR] AppliInfo:139 - Unknown STM32CubeMX version: 6.16.0
2025-11-30 09:54:23,693 [ERROR] AppliInfo:139 - Unknown STM32CubeMX version: 6.16.0
2025-11-30 09:54:23,693 [ERROR] AppliInfo:139 - Unknown STM32CubeMX version: 6.16.0
2025-11-30 09:54:23,693 [ERROR] AppliInfo:139 - Unknown STM32CubeMX version: 6.16.0
2025-11-30 09:54:23,694 [ERROR] AppliInfo:139 - Unknown STM32CubeMX version: 6.16.0
2025-11-30 09:54:23,694 [ERROR] AppliInfo:139 - Unknown STM32CubeMX version: 6.16.0
2025-11-30 09:54:23,694 [ERROR] AppliInfo:139 - Unknown STM32CubeMX version: 6.16.0
2025-11-30 09:54:23,694 [ERROR] AppliInfo:139 - Unknown STM32CubeMX version: 6.16.0
2025-11-30 09:54:23,695 [ERROR] AppliInfo:139 - Unknown STM32CubeMX version: 6.16.0
2025-11-30 09:54:23,695 [ERROR] AppliInfo:139 - Unknown STM32CubeMX version: 6.16.0
2025-11-30 09:54:23,695 [ERROR] AppliInfo:139 - Unknown STM32CubeMX version: 6.16.0
2025-11-30 09:54:23,696 [ERROR] AppliInfo:139 - Unknown STM32CubeMX version: 6.16.0
2025-11-30 09:54:23,696 [ERROR] AppliInfo:139 - Unknown STM32CubeMX version: 6.16.0
2025-11-30 09:54:23,696 [ERROR] AppliInfo:139 - Unknown STM32CubeMX version: 6.16.0
2025-11-30 09:54:23,696 [ERROR] AppliInfo:139 - Unknown STM32CubeMX version: 6.16.0
2025-11-30 09:54:23,697 [ERROR] AppliInfo:139 - Unknown STM32CubeMX version: 6.16.0
2025-11-30 09:54:23,697 [ERROR] AppliInfo:139 - Unknown STM32CubeMX version: 6.16.0
2025-11-30 09:54:23,697 [ERROR] AppliInfo:139 - Unknown STM32CubeMX version: 6.16.0
2025-11-30 09:54:23,698 [ERROR] AppliInfo:139 - Unknown STM32CubeMX version: 6.16.0
2025-11-30 09:54:23,698 [ERROR] AppliInfo:139 - Unknown STM32CubeMX version: 6.16.0
2025-11-30 09:54:23,698 [ERROR] AppliInfo:139 - Unknown STM32CubeMX version: 6.16.0
2025-11-30 09:54:23,699 [ERROR] AppliInfo:139 - Unknown STM32CubeMX version: 6.16.0
2025-11-30 09:54:23,699 [ERROR] AppliInfo:139 - Unknown STM32CubeMX version: 6.16.0
2025-11-30 09:54:23,699 [ERROR] AppliInfo:139 - Unknown STM32CubeMX version: 6.16.0
2025-11-30 09:54:23,699 [ERROR] AppliInfo:139 - Unknown STM32CubeMX version: 6.16.0
2025-11-30 09:54:23,699 [ERROR] AppliInfo:139 - Unknown STM32CubeMX version: 6.16.0
2025-11-30 09:54:23,699 [ERROR] AppliInfo:139 - Unknown STM32CubeMX version: 6.16.0
2025-11-30 09:54:23,699 [ERROR] AppliInfo:139 - Unknown STM32CubeMX version: 6.16.0
2025-11-30 09:54:23,700 [ERROR] AppliInfo:139 - Unknown STM32CubeMX version: 6.16.0
2025-11-30 09:54:23,700 [ERROR] AppliInfo:139 - Unknown STM32CubeMX version: 6.16.0
2025-11-30 09:54:23,700 [ERROR] AppliInfo:139 - Unknown STM32CubeMX version: 6.16.0
2025-11-30 09:54:23,700 [ERROR] AppliInfo:139 - Unknown STM32CubeMX version: 6.16.0
2025-11-30 09:54:23,700 [ERROR] AppliInfo:139 - Unknown STM32CubeMX version: 6.16.0
2025-11-30 09:54:23,700 [ERROR] AppliInfo:139 - Unknown STM32CubeMX version: 6.16.0
2025-11-30 09:54:23,700 [ERROR] AppliInfo:139 - Unknown STM32CubeMX version: 6.16.0
2025-11-30 09:54:23,701 [ERROR] AppliInfo:139 - Unknown STM32CubeMX version: 6.16.0
2025-11-30 09:54:23,701 [ERROR] AppliInfo:139 - Unknown STM32CubeMX version: 6.16.0
2025-11-30 09:54:23,701 [ERROR] AppliInfo:139 - Unknown STM32CubeMX version: 6.16.0
2025-11-30 09:54:23,701 [ERROR] AppliInfo:139 - Unknown STM32CubeMX version: 6.16.0
2025-11-30 09:54:23,702 [ERROR] AppliInfo:139 - Unknown STM32CubeMX version: 6.16.0
2025-11-30 09:54:23,725 [ERROR] AppliInfo:139 - Unknown STM32CubeMX version: 6.16.0
2025-11-30 09:54:23,725 [ERROR] AppliInfo:139 - Unknown STM32CubeMX version: 6.16.0
2025-11-30 09:54:23,725 [ERROR] AppliInfo:139 - Unknown STM32CubeMX version: 6.16.0
2025-11-30 09:54:23,726 [ERROR] AppliInfo:139 - Unknown STM32CubeMX version: 6.16.0
2025-11-30 09:54:23,726 [ERROR] AppliInfo:139 - Unknown STM32CubeMX version: 6.16.0
2025-11-30 09:54:23,726 [ERROR] AppliInfo:139 - Unknown STM32CubeMX version: 6.16.0
2025-11-30 09:54:23,726 [ERROR] AppliInfo:139 - Unknown STM32CubeMX version: 6.16.0
2025-11-30 09:54:23,727 [ERROR] AppliInfo:139 - Unknown STM32CubeMX version: 6.16.0
2025-11-30 09:54:23,727 [ERROR] AppliInfo:139 - Unknown STM32CubeMX version: 6.16.0
2025-11-30 09:54:23,727 [ERROR] AppliInfo:139 - Unknown STM32CubeMX version: 6.16.0
2025-11-30 09:54:23,727 [ERROR] AppliInfo:139 - Unknown STM32CubeMX version: 6.16.0
2025-11-30 09:54:23,727 [ERROR] AppliInfo:139 - Unknown STM32CubeMX version: 6.16.0
2025-11-30 09:54:23,728 [ERROR] AppliInfo:139 - Unknown STM32CubeMX version: 6.16.0
2025-11-30 09:54:23,728 [ERROR] AppliInfo:139 - Unknown STM32CubeMX version: 6.16.0
2025-11-30 09:54:23,728 [ERROR] AppliInfo:139 - Unknown STM32CubeMX version: 6.16.0
2025-11-30 09:54:23,728 [ERROR] AppliInfo:139 - Unknown STM32CubeMX version: 6.16.0
2025-11-30 09:54:23,729 [ERROR] AppliInfo:139 - Unknown STM32CubeMX version: 6.16.0
2025-11-30 09:54:23,730 [ERROR] AppliInfo:139 - Unknown STM32CubeMX version: 6.16.0
2025-11-30 09:54:23,730 [ERROR] AppliInfo:139 - Unknown STM32CubeMX version: 6.16.0
2025-11-30 09:54:23,730 [ERROR] LogOutputStream:75 - [STDERR_REDIRECT] [Fatal Error] :1:1: Premature end of file.
2025-11-30 09:54:23,731 [ERROR] LogOutputStream:75 - [STDERR_REDIRECT] 
2025-11-30 09:54:23,765 [ERROR] AppliInfo:139 - Unknown STM32CubeMX version: 6.16.0
2025-11-30 09:54:23,765 [ERROR] AppliInfo:139 - Unknown STM32CubeMX version: 6.16.0
2025-11-30 09:54:23,766 [ERROR] AppliInfo:139 - Unknown STM32CubeMX version: 6.16.0
2025-11-30 09:54:23,766 [ERROR] AppliInfo:139 - Unknown STM32CubeMX version: 6.16.0
2025-11-30 09:54:23,766 [ERROR] AppliInfo:139 - Unknown STM32CubeMX version: 6.16.0
2025-11-30 09:54:23,766 [ERROR] AppliInfo:139 - Unknown STM32CubeMX version: 6.16.0
2025-11-30 09:54:23,766 [ERROR] AppliInfo:139 - Unknown STM32CubeMX version: 6.16.0
2025-11-30 09:54:23,766 [ERROR] AppliInfo:139 - Unknown STM32CubeMX version: 6.16.0
2025-11-30 09:54:23,766 [ERROR] AppliInfo:139 - Unknown STM32CubeMX version: 6.16.0
2025-11-30 09:54:23,766 [ERROR] AppliInfo:139 - Unknown STM32CubeMX version: 6.16.0
2025-11-30 09:54:23,767 [ERROR] AppliInfo:139 - Unknown STM32CubeMX version: 6.16.0
2025-11-30 09:54:23,767 [ERROR] AppliInfo:139 - Unknown STM32CubeMX version: 6.16.0
2025-11-30 09:54:23,767 [ERROR] AppliInfo:139 - Unknown STM32CubeMX version: 6.16.0
2025-11-30 09:54:23,767 [ERROR] AppliInfo:139 - Unknown STM32CubeMX version: 6.16.0
2025-11-30 09:54:23,767 [ERROR] AppliInfo:139 - Unknown STM32CubeMX version: 6.16.0
2025-11-30 09:54:23,767 [ERROR] AppliInfo:139 - Unknown STM32CubeMX version: 6.16.0
2025-11-30 09:54:23,767 [ERROR] AppliInfo:139 - Unknown STM32CubeMX version: 6.16.0
2025-11-30 09:54:23,767 [ERROR] AppliInfo:139 - Unknown STM32CubeMX version: 6.16.0
2025-11-30 09:54:23,768 [ERROR] AppliInfo:139 - Unknown STM32CubeMX version: 6.16.0
2025-11-30 09:54:23,768 [ERROR] AppliInfo:139 - Unknown STM32CubeMX version: 6.16.0
2025-11-30 09:54:23,768 [ERROR] AppliInfo:139 - Unknown STM32CubeMX version: 6.16.0
2025-11-30 09:54:23,774 [ERROR] AppliInfo:139 - Unknown STM32CubeMX version: 6.16.0
2025-11-30 09:54:23,775 [ERROR] AppliInfo:139 - Unknown STM32CubeMX version: 6.16.0
2025-11-30 09:54:23,775 [ERROR] AppliInfo:139 - Unknown STM32CubeMX version: 6.16.0
2025-11-30 09:54:23,782 [ERROR] AppliInfo:139 - Unknown STM32CubeMX version: 6.16.0
2025-11-30 09:54:23,782 [ERROR] AppliInfo:139 - Unknown STM32CubeMX version: 6.16.0
2025-11-30 09:54:23,782 [ERROR] AppliInfo:139 - Unknown STM32CubeMX version: 6.16.0
2025-11-30 09:54:23,782 [ERROR] AppliInfo:139 - Unknown STM32CubeMX version: 6.16.0
2025-11-30 09:54:23,782 [ERROR] AppliInfo:139 - Unknown STM32CubeMX version: 6.16.0
2025-11-30 09:54:23,782 [ERROR] AppliInfo:139 - Unknown STM32CubeMX version: 6.16.0
2025-11-30 09:54:23,783 [ERROR] AppliInfo:139 - Unknown STM32CubeMX version: 6.16.0
2025-11-30 09:54:23,783 [ERROR] AppliInfo:139 - Unknown STM32CubeMX version: 6.16.0
2025-11-30 09:54:23,783 [ERROR] AppliInfo:139 - Unknown STM32CubeMX version: 6.16.0
2025-11-30 09:54:23,783 [ERROR] AppliInfo:139 - Unknown STM32CubeMX version: 6.16.0
2025-11-30 09:54:23,783 [ERROR] AppliInfo:139 - Unknown STM32CubeMX version: 6.16.0
2025-11-30 09:54:23,784 [ERROR] AppliInfo:139 - Unknown STM32CubeMX version: 6.16.0
2025-11-30 09:54:23,784 [ERROR] AppliInfo:139 - Unknown STM32CubeMX version: 6.16.0
2025-11-30 09:54:23,784 [ERROR] AppliInfo:139 - Unknown STM32CubeMX version: 6.16.0
2025-11-30 09:54:23,784 [ERROR] AppliInfo:139 - Unknown STM32CubeMX version: 6.16.0
2025-11-30 09:54:23,784 [ERROR] AppliInfo:139 - Unknown STM32CubeMX version: 6.16.0
2025-11-30 09:54:23,784 [ERROR] AppliInfo:139 - Unknown STM32CubeMX version: 6.16.0
2025-11-30 09:54:23,784 [ERROR] AppliInfo:139 - Unknown STM32CubeMX version: 6.16.0
2025-11-30 09:54:23,784 [ERROR] AppliInfo:139 - Unknown STM32CubeMX version: 6.16.0
2025-11-30 09:54:23,785 [ERROR] AppliInfo:139 - Unknown STM32CubeMX version: 6.16.0
2025-11-30 09:54:23,785 [ERROR] AppliInfo:139 - Unknown STM32CubeMX version: 6.16.0
2025-11-30 09:54:23,785 [ERROR] AppliInfo:139 - Unknown STM32CubeMX version: 6.16.0
2025-11-30 09:54:23,785 [ERROR] AppliInfo:139 - Unknown STM32CubeMX version: 6.16.0
2025-11-30 09:54:23,785 [ERROR] AppliInfo:139 - Unknown STM32CubeMX version: 6.16.0
2025-11-30 09:54:23,785 [ERROR] AppliInfo:139 - Unknown STM32CubeMX version: 6.16.0
2025-11-30 09:54:23,785 [ERROR] AppliInfo:139 - Unknown STM32CubeMX version: 6.16.0
2025-11-30 09:54:23,786 [ERROR] AppliInfo:139 - Unknown STM32CubeMX version: 6.16.0
2025-11-30 09:54:23,786 [ERROR] AppliInfo:139 - Unknown STM32CubeMX version: 6.16.0
2025-11-30 09:54:23,786 [ERROR] AppliInfo:139 - Unknown STM32CubeMX version: 6.16.0
2025-11-30 09:54:23,786 [ERROR] AppliInfo:139 - Unknown STM32CubeMX version: 6.16.0
2025-11-30 09:54:23,786 [ERROR] AppliInfo:139 - Unknown STM32CubeMX version: 6.16.0
2025-11-30 09:54:23,786 [ERROR] AppliInfo:139 - Unknown STM32CubeMX version: 6.16.0
2025-11-30 09:54:23,786 [ERROR] AppliInfo:139 - Unknown STM32CubeMX version: 6.16.0
2025-11-30 09:54:23,786 [ERROR] AppliInfo:139 - Unknown STM32CubeMX version: 6.16.0
2025-11-30 09:54:23,787 [ERROR] AppliInfo:139 - Unknown STM32CubeMX version: 6.16.0
2025-11-30 09:54:23,787 [ERROR] AppliInfo:139 - Unknown STM32CubeMX version: 6.16.0
2025-11-30 09:54:23,787 [ERROR] AppliInfo:139 - Unknown STM32CubeMX version: 6.16.0
2025-11-30 09:54:23,787 [ERROR] AppliInfo:139 - Unknown STM32CubeMX version: 6.16.0
2025-11-30 09:54:23,787 [ERROR] AppliInfo:139 - Unknown STM32CubeMX version: 6.16.0
2025-11-30 09:54:23,787 [ERROR] AppliInfo:139 - Unknown STM32CubeMX version: 6.16.0
2025-11-30 09:54:23,787 [ERROR] AppliInfo:139 - Unknown STM32CubeMX version: 6.16.0
2025-11-30 09:54:23,787 [ERROR] AppliInfo:139 - Unknown STM32CubeMX version: 6.16.0
2025-11-30 09:54:23,788 [ERROR] AppliInfo:139 - Unknown STM32CubeMX version: 6.16.0
2025-11-30 09:54:23,788 [ERROR] AppliInfo:139 - Unknown STM32CubeMX version: 6.16.0
2025-11-30 09:54:23,788 [ERROR] AppliInfo:139 - Unknown STM32CubeMX version: 6.16.0
2025-11-30 09:54:23,788 [ERROR] AppliInfo:139 - Unknown STM32CubeMX version: 6.16.0
2025-11-30 09:54:23,788 [ERROR] AppliInfo:139 - Unknown STM32CubeMX version: 6.16.0
2025-11-30 09:54:23,788 [ERROR] AppliInfo:139 - Unknown STM32CubeMX version: 6.16.0
2025-11-30 09:54:23,788 [ERROR] AppliInfo:139 - Unknown STM32CubeMX version: 6.16.0
2025-11-30 09:54:23,788 [ERROR] AppliInfo:139 - Unknown STM32CubeMX version: 6.16.0
2025-11-30 09:54:23,788 [ERROR] AppliInfo:139 - Unknown STM32CubeMX version: 6.16.0
2025-11-30 09:54:23,788 [ERROR] AppliInfo:139 - Unknown STM32CubeMX version: 6.16.0
2025-11-30 09:54:23,789 [ERROR] AppliInfo:139 - Unknown STM32CubeMX version: 6.16.0
2025-11-30 09:54:23,789 [ERROR] AppliInfo:139 - Unknown STM32CubeMX version: 6.16.0
2025-11-30 09:54:23,789 [ERROR] AppliInfo:139 - Unknown STM32CubeMX version: 6.16.0
2025-11-30 09:54:23,789 [ERROR] AppliInfo:139 - Unknown STM32CubeMX version: 6.16.0
2025-11-30 09:54:23,789 [ERROR] AppliInfo:139 - Unknown STM32CubeMX version: 6.16.0
2025-11-30 09:54:23,789 [ERROR] AppliInfo:139 - Unknown STM32CubeMX version: 6.16.0
2025-11-30 09:54:23,789 [ERROR] AppliInfo:139 - Unknown STM32CubeMX version: 6.16.0
2025-11-30 09:54:23,789 [ERROR] AppliInfo:139 - Unknown STM32CubeMX version: 6.16.0
2025-11-30 09:54:24,728 [ERROR] LogOutputStream:75 - [STDERR_REDIRECT] [Fatal Error] :1:1: Premature end of file.
2025-11-30 09:54:24,729 [ERROR] LogOutputStream:75 - [STDERR_REDIRECT] 
2025-11-30 09:54:25,733 [ERROR] LogOutputStream:75 - [STDERR_REDIRECT] [Fatal Error] :1:1: Premature end of file.
2025-11-30 09:54:25,733 [ERROR] LogOutputStream:75 - [STDERR_REDIRECT] 
2025-11-30 09:54:26,730 [ERROR] LogOutputStream:75 - [STDERR_REDIRECT] [Fatal Error] :1:1: Premature end of file.
2025-11-30 09:54:26,730 [ERROR] LogOutputStream:75 - [STDERR_REDIRECT] 
2025-11-30 09:54:27,725 [ERROR] LogOutputStream:75 - [STDERR_REDIRECT] [Fatal Error] :1:1: Premature end of file.
2025-11-30 09:54:27,727 [ERROR] LogOutputStream:75 - [STDERR_REDIRECT] 
2025-11-30 09:54:28,732 [ERROR] LogOutputStream:75 - [STDERR_REDIRECT] [Fatal Error] :1:1: Premature end of file.
2025-11-30 09:54:28,732 [ERROR] LogOutputStream:75 - [STDERR_REDIRECT] 
2025-11-30 09:54:29,732 [ERROR] LogOutputStream:75 - [STDERR_REDIRECT] [Fatal Error] :1:1: Premature end of file.
2025-11-30 09:54:29,733 [ERROR] LogOutputStream:75 - [STDERR_REDIRECT] 
2025-11-30 09:54:30,729 [ERROR] LogOutputStream:75 - [STDERR_REDIRECT] [Fatal Error] :1:1: Premature end of file.
2025-11-30 09:54:30,730 [ERROR] LogOutputStream:75 - [STDERR_REDIRECT] 
2025-11-30 09:54:31,732 [ERROR] LogOutputStream:75 - [STDERR_REDIRECT] [Fatal Error] :1:1: Premature end of file.
2025-11-30 09:54:31,732 [ERROR] LogOutputStream:75 - [STDERR_REDIRECT] 
2025-11-30 09:54:32,727 [ERROR] LogOutputStream:75 - [STDERR_REDIRECT] [Fatal Error] :1:1: Premature end of file.
2025-11-30 09:54:32,727 [ERROR] LogOutputStream:75 - [STDERR_REDIRECT] 
2025-11-30 09:54:33,727 [ERROR] LogOutputStream:75 - [STDERR_REDIRECT] [Fatal Error] :1:1: Premature end of file.
2025-11-30 09:54:33,727 [ERROR] LogOutputStream:75 - [STDERR_REDIRECT] 
2025-11-30 09:54:34,732 [ERROR] LogOutputStream:75 - [STDERR_REDIRECT] [Fatal Error] :1:1: Premature end of file.
2025-11-30 09:54:34,732 [ERROR] LogOutputStream:75 - [STDERR_REDIRECT] 
2025-11-30 09:54:35,728 [ERROR] LogOutputStream:75 - [STDERR_REDIRECT] [Fatal Error] :1:1: Premature end of file.
2025-11-30 09:54:35,729 [ERROR] LogOutputStream:75 - [STDERR_REDIRECT] 
2025-11-30 09:54:36,727 [ERROR] LogOutputStream:75 - [STDERR_REDIRECT] [Fatal Error] :1:1: Premature end of file.
2025-11-30 09:54:36,727 [ERROR] LogOutputStream:75 - [STDERR_REDIRECT] 
2025-11-30 09:54:37,727 [ERROR] LogOutputStream:75 - [STDERR_REDIRECT] [Fatal Error] :1:1: Premature end of file.
2025-11-30 09:54:37,727 [ERROR] LogOutputStream:75 - [STDERR_REDIRECT] 
2025-11-30 09:54:38,727 [ERROR] LogOutputStream:75 - [STDERR_REDIRECT] [Fatal Error] :1:1: Premature end of file.
2025-11-30 09:54:38,727 [ERROR] LogOutputStream:75 - [STDERR_REDIRECT] 
2025-11-30 09:54:39,734 [ERROR] LogOutputStream:75 - [STDERR_REDIRECT] [Fatal Error] :1:1: Premature end of file.
2025-11-30 09:54:39,734 [ERROR] LogOutputStream:75 - [STDERR_REDIRECT] 
2025-11-30 09:54:40,728 [ERROR] LogOutputStream:75 - [STDERR_REDIRECT] [Fatal Error] :1:1: Premature end of file.
2025-11-30 09:54:40,728 [ERROR] LogOutputStream:75 - [STDERR_REDIRECT] 
2025-11-30 09:54:41,726 [ERROR] LogOutputStream:75 - [STDERR_REDIRECT] [Fatal Error] :1:1: Premature end of file.
2025-11-30 09:54:41,726 [ERROR] LogOutputStream:75 - [STDERR_REDIRECT] 
2025-11-30 09:54:42,728 [ERROR] LogOutputStream:75 - [STDERR_REDIRECT] [Fatal Error] :1:1: Premature end of file.
2025-11-30 09:54:42,728 [ERROR] LogOutputStream:75 - [STDERR_REDIRECT] 
2025-11-30 09:54:43,732 [ERROR] LogOutputStream:75 - [STDERR_REDIRECT] [Fatal Error] :1:1: Premature end of file.
2025-11-30 09:54:43,732 [ERROR] LogOutputStream:75 - [STDERR_REDIRECT] 
2025-11-30 09:54:44,728 [ERROR] LogOutputStream:75 - [STDERR_REDIRECT] [Fatal Error] :1:1: Premature end of file.
2025-11-30 09:54:44,728 [ERROR] LogOutputStream:75 - [STDERR_REDIRECT] 
2025-11-30 09:54:45,727 [ERROR] LogOutputStream:75 - [STDERR_REDIRECT] [Fatal Error] :1:1: Premature end of file.
2025-11-30 09:54:45,727 [ERROR] LogOutputStream:75 - [STDERR_REDIRECT] 
2025-11-30 09:54:46,728 [ERROR] LogOutputStream:75 - [STDERR_REDIRECT] [Fatal Error] :1:1: Premature end of file.
2025-11-30 09:54:46,728 [ERROR] LogOutputStream:75 - [STDERR_REDIRECT] 
2025-11-30 09:54:47,040 [ERROR] AppliInfo:139 - Unknown STM32CubeMX version: 6.16.0
2025-11-30 09:54:47,040 [ERROR] AppliInfo:139 - Unknown STM32CubeMX version: 6.16.0
2025-11-30 09:54:47,041 [ERROR] AppliInfo:139 - Unknown STM32CubeMX version: 6.16.0
2025-11-30 09:54:47,041 [ERROR] AppliInfo:139 - Unknown STM32CubeMX version: 6.16.0
2025-11-30 09:54:47,041 [ERROR] AppliInfo:139 - Unknown STM32CubeMX version: 6.16.0
2025-11-30 09:54:47,049 [ERROR] AppliInfo:139 - Unknown STM32CubeMX version: 6.16.0
2025-11-30 09:54:47,049 [ERROR] AppliInfo:139 - Unknown STM32CubeMX version: 6.16.0
2025-11-30 09:54:47,049 [ERROR] AppliInfo:139 - Unknown STM32CubeMX version: 6.16.0
2025-11-30 09:54:47,050 [ERROR] AppliInfo:139 - Unknown STM32CubeMX version: 6.16.0
2025-11-30 09:54:47,076 [ERROR] AppliInfo:139 - Unknown STM32CubeMX version: 6.16.0
2025-11-30 09:54:47,082 [ERROR] AppliInfo:139 - Unknown STM32CubeMX version: 6.16.0
2025-11-30 09:54:47,083 [ERROR] AppliInfo:139 - Unknown STM32CubeMX version: 6.16.0
2025-11-30 09:54:47,083 [ERROR] AppliInfo:139 - Unknown STM32CubeMX version: 6.16.0
2025-11-30 09:54:47,083 [ERROR] AppliInfo:139 - Unknown STM32CubeMX version: 6.16.0
2025-11-30 09:54:47,084 [ERROR] AppliInfo:139 - Unknown STM32CubeMX version: 6.16.0
2025-11-30 09:54:47,084 [ERROR] AppliInfo:139 - Unknown STM32CubeMX version: 6.16.0
2025-11-30 09:54:47,084 [ERROR] AppliInfo:139 - Unknown STM32CubeMX version: 6.16.0
2025-11-30 09:54:47,085 [ERROR] AppliInfo:139 - Unknown STM32CubeMX version: 6.16.0
2025-11-30 09:54:47,085 [ERROR] AppliInfo:139 - Unknown STM32CubeMX version: 6.16.0
2025-11-30 09:54:47,085 [ERROR] AppliInfo:139 - Unknown STM32CubeMX version: 6.16.0
2025-11-30 09:54:47,380 [ERROR] AppliInfo:139 - Unknown STM32CubeMX version: 6.16.0
2025-11-30 09:54:47,381 [ERROR] AppliInfo:139 - Unknown STM32CubeMX version: 6.16.0
2025-11-30 09:54:47,381 [ERROR] AppliInfo:139 - Unknown STM32CubeMX version: 6.16.0
2025-11-30 09:54:47,381 [ERROR] AppliInfo:139 - Unknown STM32CubeMX version: 6.16.0
2025-11-30 09:54:47,381 [ERROR] AppliInfo:139 - Unknown STM32CubeMX version: 6.16.0
2025-11-30 09:54:47,381 [ERROR] AppliInfo:139 - Unknown STM32CubeMX version: 6.16.0
2025-11-30 09:54:47,382 [ERROR] AppliInfo:139 - Unknown STM32CubeMX version: 6.16.0
2025-11-30 09:54:47,383 [ERROR] AppliInfo:139 - Unknown STM32CubeMX version: 6.16.0
2025-11-30 09:54:47,383 [ERROR] AppliInfo:139 - Unknown STM32CubeMX version: 6.16.0
2025-11-30 09:54:47,383 [ERROR] AppliInfo:139 - Unknown STM32CubeMX version: 6.16.0
2025-11-30 09:54:47,383 [ERROR] AppliInfo:139 - Unknown STM32CubeMX version: 6.16.0
2025-11-30 09:54:47,383 [ERROR] AppliInfo:139 - Unknown STM32CubeMX version: 6.16.0
2025-11-30 09:54:47,383 [ERROR] AppliInfo:139 - Unknown STM32CubeMX version: 6.16.0
2025-11-30 09:54:47,385 [ERROR] AppliInfo:139 - Unknown STM32CubeMX version: 6.16.0
2025-11-30 09:54:47,385 [ERROR] AppliInfo:139 - Unknown STM32CubeMX version: 6.16.0
2025-11-30 09:54:47,385 [ERROR] AppliInfo:139 - Unknown STM32CubeMX version: 6.16.0
2025-11-30 09:54:47,385 [ERROR] AppliInfo:139 - Unknown STM32CubeMX version: 6.16.0
2025-11-30 09:54:47,385 [ERROR] AppliInfo:139 - Unknown STM32CubeMX version: 6.16.0
2025-11-30 09:54:47,385 [ERROR] AppliInfo:139 - Unknown STM32CubeMX version: 6.16.0
2025-11-30 09:54:47,385 [ERROR] AppliInfo:139 - Unknown STM32CubeMX version: 6.16.0
2025-11-30 09:54:47,386 [ERROR] AppliInfo:139 - Unknown STM32CubeMX version: 6.16.0
2025-11-30 09:54:47,386 [ERROR] AppliInfo:139 - Unknown STM32CubeMX version: 6.16.0
2025-11-30 09:54:47,388 [ERROR] AppliInfo:139 - Unknown STM32CubeMX version: 6.16.0
2025-11-30 09:54:47,388 [ERROR] AppliInfo:139 - Unknown STM32CubeMX version: 6.16.0
2025-11-30 09:54:47,389 [ERROR] AppliInfo:139 - Unknown STM32CubeMX version: 6.16.0
2025-11-30 09:54:47,389 [ERROR] AppliInfo:139 - Unknown STM32CubeMX version: 6.16.0
2025-11-30 09:54:47,389 [ERROR] AppliInfo:139 - Unknown STM32CubeMX version: 6.16.0
2025-11-30 09:54:47,389 [ERROR] AppliInfo:139 - Unknown STM32CubeMX version: 6.16.0
2025-11-30 09:54:47,389 [ERROR] AppliInfo:139 - Unknown STM32CubeMX version: 6.16.0
2025-11-30 09:54:47,389 [ERROR] AppliInfo:139 - Unknown STM32CubeMX version: 6.16.0
2025-11-30 09:54:47,390 [ERROR] AppliInfo:139 - Unknown STM32CubeMX version: 6.16.0
2025-11-30 09:54:47,390 [ERROR] AppliInfo:139 - Unknown STM32CubeMX version: 6.16.0
2025-11-30 09:54:47,390 [ERROR] AppliInfo:139 - Unknown STM32CubeMX version: 6.16.0
2025-11-30 09:54:47,390 [ERROR] AppliInfo:139 - Unknown STM32CubeMX version: 6.16.0
2025-11-30 09:54:47,390 [ERROR] AppliInfo:139 - Unknown STM32CubeMX version: 6.16.0
2025-11-30 09:54:47,390 [ERROR] AppliInfo:139 - Unknown STM32CubeMX version: 6.16.0
2025-11-30 09:54:47,731 [ERROR] LogOutputStream:75 - [STDERR_REDIRECT] [Fatal Error] :1:1: Premature end of file.
2025-11-30 09:54:47,731 [ERROR] LogOutputStream:75 - [STDERR_REDIRECT] 
2025-11-30 09:54:47,850 [ERROR] AppliInfo:139 - Unknown STM32CubeMX version: 6.16.0
2025-11-30 09:54:47,898 [ERROR] AppliInfo:139 - Unknown STM32CubeMX version: 6.16.0
2025-11-30 09:54:47,916 [ERROR] AppliInfo:139 - Unknown STM32CubeMX version: 6.16.0
2025-11-30 09:54:47,919 [ERROR] AppliInfo:139 - Unknown STM32CubeMX version: 6.16.0
2025-11-30 09:54:47,920 [ERROR] AppliInfo:139 - Unknown STM32CubeMX version: 6.16.0
2025-11-30 09:54:47,921 [ERROR] AppliInfo:139 - Unknown STM32CubeMX version: 6.16.0
2025-11-30 09:54:47,922 [ERROR] AppliInfo:139 - Unknown STM32CubeMX version: 6.16.0
2025-11-30 09:54:47,923 [ERROR] AppliInfo:139 - Unknown STM32CubeMX version: 6.16.0
2025-11-30 09:54:47,924 [ERROR] AppliInfo:139 - Unknown STM32CubeMX version: 6.16.0
2025-11-30 09:54:47,925 [ERROR] AppliInfo:139 - Unknown STM32CubeMX version: 6.16.0
2025-11-30 09:54:47,925 [ERROR] AppliInfo:139 - Unknown STM32CubeMX version: 6.16.0
2025-11-30 09:54:47,926 [ERROR] AppliInfo:139 - Unknown STM32CubeMX version: 6.16.0
2025-11-30 09:54:47,944 [ERROR] AppliInfo:139 - Unknown STM32CubeMX version: 6.16.0
2025-11-30 09:54:47,944 [ERROR] AppliInfo:139 - Unknown STM32CubeMX version: 6.16.0
2025-11-30 09:54:47,944 [ERROR] AppliInfo:139 - Unknown STM32CubeMX version: 6.16.0
2025-11-30 09:54:47,944 [ERROR] AppliInfo:139 - Unknown STM32CubeMX version: 6.16.0
2025-11-30 09:54:47,944 [ERROR] AppliInfo:139 - Unknown STM32CubeMX version: 6.16.0
2025-11-30 09:54:47,945 [ERROR] AppliInfo:139 - Unknown STM32CubeMX version: 6.16.0
2025-11-30 09:54:47,945 [ERROR] AppliInfo:139 - Unknown STM32CubeMX version: 6.16.0
2025-11-30 09:54:47,947 [ERROR] AppliInfo:139 - Unknown STM32CubeMX version: 6.16.0
2025-11-30 09:54:47,948 [ERROR] AppliInfo:139 - Unknown STM32CubeMX version: 6.16.0
2025-11-30 09:54:47,948 [ERROR] AppliInfo:139 - Unknown STM32CubeMX version: 6.16.0
2025-11-30 09:54:47,948 [ERROR] AppliInfo:139 - Unknown STM32CubeMX version: 6.16.0
2025-11-30 09:54:47,949 [ERROR] AppliInfo:139 - Unknown STM32CubeMX version: 6.16.0
2025-11-30 09:54:47,949 [ERROR] AppliInfo:139 - Unknown STM32CubeMX version: 6.16.0
2025-11-30 09:54:47,949 [ERROR] AppliInfo:139 - Unknown STM32CubeMX version: 6.16.0
2025-11-30 09:54:47,949 [ERROR] AppliInfo:139 - Unknown STM32CubeMX version: 6.16.0
2025-11-30 09:54:47,949 [ERROR] AppliInfo:139 - Unknown STM32CubeMX version: 6.16.0
2025-11-30 09:54:47,949 [ERROR] AppliInfo:139 - Unknown STM32CubeMX version: 6.16.0
2025-11-30 09:54:47,950 [ERROR] AppliInfo:139 - Unknown STM32CubeMX version: 6.16.0
2025-11-30 09:54:47,950 [ERROR] AppliInfo:139 - Unknown STM32CubeMX version: 6.16.0
2025-11-30 09:54:47,950 [ERROR] AppliInfo:139 - Unknown STM32CubeMX version: 6.16.0
2025-11-30 09:54:47,950 [ERROR] AppliInfo:139 - Unknown STM32CubeMX version: 6.16.0
2025-11-30 09:54:47,951 [ERROR] AppliInfo:139 - Unknown STM32CubeMX version: 6.16.0
2025-11-30 09:54:47,955 [ERROR] AppliInfo:139 - Unknown STM32CubeMX version: 6.16.0
2025-11-30 09:54:47,955 [ERROR] AppliInfo:139 - Unknown STM32CubeMX version: 6.16.0
2025-11-30 09:54:47,956 [ERROR] AppliInfo:139 - Unknown STM32CubeMX version: 6.16.0
2025-11-30 09:54:47,956 [ERROR] AppliInfo:139 - Unknown STM32CubeMX version: 6.16.0
2025-11-30 09:54:47,956 [ERROR] AppliInfo:139 - Unknown STM32CubeMX version: 6.16.0
2025-11-30 09:54:47,956 [ERROR] AppliInfo:139 - Unknown STM32CubeMX version: 6.16.0
2025-11-30 09:54:48,734 [ERROR] LogOutputStream:75 - [STDERR_REDIRECT] [Fatal Error] :1:1: Premature end of file.
2025-11-30 09:54:48,735 [ERROR] LogOutputStream:75 - [STDERR_REDIRECT] 
2025-11-30 09:54:49,674 [ERROR] AppliInfo:139 - Unknown STM32CubeMX version: 6.16.0
2025-11-30 09:54:49,730 [ERROR] LogOutputStream:75 - [STDERR_REDIRECT] [Fatal Error] :1:1: Premature end of file.
2025-11-30 09:54:49,730 [ERROR] LogOutputStream:75 - [STDERR_REDIRECT] 
2025-11-30 09:54:50,129 [ERROR] AppliInfo:139 - Unknown STM32CubeMX version: 6.16.0
2025-11-30 09:54:50,729 [ERROR] LogOutputStream:75 - [STDERR_REDIRECT] [Fatal Error] :1:1: Premature end of file.
2025-11-30 09:54:50,729 [ERROR] LogOutputStream:75 - [STDERR_REDIRECT] 
2025-11-30 09:54:51,726 [ERROR] LogOutputStream:75 - [STDERR_REDIRECT] [Fatal Error] :1:1: Premature end of file.
2025-11-30 09:54:51,726 [ERROR] LogOutputStream:75 - [STDERR_REDIRECT] 
2025-11-30 09:54:52,732 [ERROR] LogOutputStream:75 - [STDERR_REDIRECT] [Fatal Error] :1:1: Premature end of file.
2025-11-30 09:54:52,733 [ERROR] LogOutputStream:75 - [STDERR_REDIRECT] 
2025-11-30 09:54:53,729 [ERROR] LogOutputStream:75 - [STDERR_REDIRECT] [Fatal Error] :1:1: Premature end of file.
2025-11-30 09:54:53,729 [ERROR] LogOutputStream:75 - [STDERR_REDIRECT] 
2025-11-30 09:54:54,728 [ERROR] LogOutputStream:75 - [STDERR_REDIRECT] [Fatal Error] :1:1: Premature end of file.
2025-11-30 09:54:54,728 [ERROR] LogOutputStream:75 - [STDERR_REDIRECT] 
2025-11-30 09:54:55,727 [ERROR] LogOutputStream:75 - [STDERR_REDIRECT] [Fatal Error] :1:1: Premature end of file.
2025-11-30 09:54:55,727 [ERROR] LogOutputStream:75 - [STDERR_REDIRECT] 
2025-11-30 09:54:56,726 [ERROR] LogOutputStream:75 - [STDERR_REDIRECT] [Fatal Error] :1:1: Premature end of file.
2025-11-30 09:54:56,726 [ERROR] LogOutputStream:75 - [STDERR_REDIRECT] 
2025-11-30 09:54:57,736 [ERROR] LogOutputStream:75 - [STDERR_REDIRECT] [Fatal Error] :1:1: Premature end of file.
2025-11-30 09:54:57,737 [ERROR] LogOutputStream:75 - [STDERR_REDIRECT] 
2025-11-30 09:54:58,730 [ERROR] LogOutputStream:75 - [STDERR_REDIRECT] [Fatal Error] :1:1: Premature end of file.
2025-11-30 09:54:58,732 [ERROR] LogOutputStream:75 - [STDERR_REDIRECT] 
2025-11-30 09:54:59,727 [ERROR] LogOutputStream:75 - [STDERR_REDIRECT] [Fatal Error] :1:1: Premature end of file.
2025-11-30 09:54:59,727 [ERROR] LogOutputStream:75 - [STDERR_REDIRECT] 
2025-11-30 09:55:00,727 [ERROR] LogOutputStream:75 - [STDERR_REDIRECT] [Fatal Error] :1:1: Premature end of file.
2025-11-30 09:55:00,727 [ERROR] LogOutputStream:75 - [STDERR_REDIRECT] 
2025-11-30 09:55:01,283 [INFO] SoftwarePacks:190 - Size of SW pack 'STM32Cube_FW_H7_V1.12.1' is: 1715.0 MB
2025-11-30 09:55:01,729 [ERROR] LogOutputStream:75 - [STDERR_REDIRECT] [Fatal Error] :1:1: Premature end of file.
2025-11-30 09:55:01,729 [ERROR] LogOutputStream:75 - [STDERR_REDIRECT] 
2025-11-30 09:55:02,745 [ERROR] LogOutputStream:75 - [STDERR_REDIRECT] [Fatal Error] :1:1: Premature end of file.
2025-11-30 09:55:02,745 [ERROR] LogOutputStream:75 - [STDERR_REDIRECT] 
2025-11-30 09:55:03,726 [ERROR] LogOutputStream:75 - [STDERR_REDIRECT] [Fatal Error] :1:1: Premature end of file.
2025-11-30 09:55:03,726 [ERROR] LogOutputStream:75 - [STDERR_REDIRECT] 
2025-11-30 09:55:04,738 [ERROR] LogOutputStream:75 - [STDERR_REDIRECT] [Fatal Error] :1:1: Premature end of file.
2025-11-30 09:55:04,738 [ERROR] LogOutputStream:75 - [STDERR_REDIRECT] 
2025-11-30 09:55:05,726 [ERROR] LogOutputStream:75 - [STDERR_REDIRECT] [Fatal Error] :1:1: Premature end of file.
2025-11-30 09:55:05,727 [ERROR] LogOutputStream:75 - [STDERR_REDIRECT] 
2025-11-30 09:55:06,729 [ERROR] LogOutputStream:75 - [STDERR_REDIRECT] [Fatal Error] :1:1: Premature end of file.
2025-11-30 09:55:06,729 [ERROR] LogOutputStream:75 - [STDERR_REDIRECT] 
2025-11-30 09:55:07,728 [ERROR] LogOutputStream:75 - [STDERR_REDIRECT] [Fatal Error] :1:1: Premature end of file.
2025-11-30 09:55:07,729 [ERROR] LogOutputStream:75 - [STDERR_REDIRECT] 
2025-11-30 09:55:08,725 [ERROR] LogOutputStream:75 - [STDERR_REDIRECT] [Fatal Error] :1:1: Premature end of file.
2025-11-30 09:55:08,725 [ERROR] LogOutputStream:75 - [STDERR_REDIRECT] 
2025-11-30 09:55:09,731 [ERROR] LogOutputStream:75 - [STDERR_REDIRECT] [Fatal Error] :1:1: Premature end of file.
2025-11-30 09:55:09,732 [ERROR] LogOutputStream:75 - [STDERR_REDIRECT] 
2025-11-30 09:55:11,021 [ERROR] LogOutputStream:75 - [STDERR_REDIRECT] [Fatal Error] :1:1: Premature end of file.
2025-11-30 09:55:11,021 [ERROR] LogOutputStream:75 - [STDERR_REDIRECT] 
2025-11-30 09:55:11,784 [ERROR] LogOutputStream:75 - [STDERR_REDIRECT] [Fatal Error] :1:1: Premature end of file.
2025-11-30 09:55:11,784 [ERROR] LogOutputStream:75 - [STDERR_REDIRECT] 
2025-11-30 09:55:12,728 [ERROR] LogOutputStream:75 - [STDERR_REDIRECT] [Fatal Error] :1:1: Premature end of file.
2025-11-30 09:55:12,728 [ERROR] LogOutputStream:75 - [STDERR_REDIRECT] 
2025-11-30 09:55:13,729 [ERROR] LogOutputStream:75 - [STDERR_REDIRECT] [Fatal Error] :1:1: Premature end of file.
2025-11-30 09:55:13,729 [ERROR] LogOutputStream:75 - [STDERR_REDIRECT] 
2025-11-30 09:55:14,821 [ERROR] LogOutputStream:75 - [STDERR_REDIRECT] [Fatal Error] :1:1: Premature end of file.
2025-11-30 09:55:14,823 [ERROR] LogOutputStream:75 - [STDERR_REDIRECT] 
2025-11-30 09:55:16,026 [ERROR] LogOutputStream:75 - [STDERR_REDIRECT] [Fatal Error] :1:1: Premature end of file.
2025-11-30 09:55:16,027 [ERROR] LogOutputStream:75 - [STDERR_REDIRECT] 
2025-11-30 09:55:16,809 [ERROR] LogOutputStream:75 - [STDERR_REDIRECT] [Fatal Error] :1:1: Premature end of file.
2025-11-30 09:55:16,809 [ERROR] LogOutputStream:75 - [STDERR_REDIRECT] 
2025-11-30 09:55:18,022 [ERROR] LogOutputStream:75 - [STDERR_REDIRECT] [Fatal Error] :1:1: Premature end of file.
2025-11-30 09:55:18,023 [ERROR] LogOutputStream:75 - [STDERR_REDIRECT] 
2025-11-30 09:55:18,753 [ERROR] LogOutputStream:75 - [STDERR_REDIRECT] [Fatal Error] :1:1: Premature end of file.
2025-11-30 09:55:18,753 [ERROR] LogOutputStream:75 - [STDERR_REDIRECT] 
2025-11-30 09:55:19,799 [ERROR] LogOutputStream:75 - [STDERR_REDIRECT] [Fatal Error] :1:1: Premature end of file.
2025-11-30 09:55:19,799 [ERROR] LogOutputStream:75 - [STDERR_REDIRECT] 
2025-11-30 09:55:20,865 [ERROR] LogOutputStream:75 - [STDERR_REDIRECT] [Fatal Error] :1:1: Premature end of file.
2025-11-30 09:55:20,865 [ERROR] LogOutputStream:75 - [STDERR_REDIRECT] 
2025-11-30 09:55:21,872 [ERROR] LogOutputStream:75 - [STDERR_REDIRECT] [Fatal Error] :1:1: Premature end of file.
2025-11-30 09:55:21,873 [ERROR] LogOutputStream:75 - [STDERR_REDIRECT] 
2025-11-30 09:55:22,895 [ERROR] LogOutputStream:75 - [STDERR_REDIRECT] [Fatal Error] :1:1: Premature end of file.
2025-11-30 09:55:22,895 [ERROR] LogOutputStream:75 - [STDERR_REDIRECT] 
2025-11-30 09:55:23,968 [ERROR] LogOutputStream:75 - [STDERR_REDIRECT] [Fatal Error] :1:1: Premature end of file.
2025-11-30 09:55:23,968 [ERROR] LogOutputStream:75 - [STDERR_REDIRECT] 
2025-11-30 09:55:24,983 [ERROR] LogOutputStream:75 - [STDERR_REDIRECT] [Fatal Error] :1:1: Premature end of file.
2025-11-30 09:55:24,984 [ERROR] LogOutputStream:75 - [STDERR_REDIRECT] 
2025-11-30 09:55:25,990 [ERROR] LogOutputStream:75 - [STDERR_REDIRECT] [Fatal Error] :1:1: Premature end of file.
2025-11-30 09:55:25,990 [ERROR] LogOutputStream:75 - [STDERR_REDIRECT] 
2025-11-30 09:55:26,977 [ERROR] LogOutputStream:75 - [STDERR_REDIRECT] [Fatal Error] :1:1: Premature end of file.
2025-11-30 09:55:26,977 [ERROR] LogOutputStream:75 - [STDERR_REDIRECT] 
2025-11-30 09:55:28,223 [ERROR] LogOutputStream:75 - [STDERR_REDIRECT] [Fatal Error] :1:1: Premature end of file.
2025-11-30 09:55:28,223 [ERROR] LogOutputStream:75 - [STDERR_REDIRECT] 
2025-11-30 09:55:28,896 [ERROR] LogOutputStream:75 - [STDERR_REDIRECT] [Fatal Error] :1:1: Premature end of file.
2025-11-30 09:55:28,896 [ERROR] LogOutputStream:75 - [STDERR_REDIRECT] 
2025-11-30 09:55:30,307 [ERROR] LogOutputStream:75 - [STDERR_REDIRECT] [Fatal Error] :1:1: Premature end of file.
2025-11-30 09:55:30,308 [ERROR] LogOutputStream:75 - [STDERR_REDIRECT] 
2025-11-30 09:55:31,276 [ERROR] LogOutputStream:75 - [STDERR_REDIRECT] [Fatal Error] :1:1: Premature end of file.
2025-11-30 09:55:31,276 [ERROR] LogOutputStream:75 - [STDERR_REDIRECT] 
2025-11-30 09:55:31,911 [ERROR] LogOutputStream:75 - [STDERR_REDIRECT] [Fatal Error] :1:1: Premature end of file.
2025-11-30 09:55:31,911 [ERROR] LogOutputStream:75 - [STDERR_REDIRECT] 
2025-11-30 09:55:33,018 [ERROR] LogOutputStream:75 - [STDERR_REDIRECT] [Fatal Error] :1:1: Premature end of file.
2025-11-30 09:55:33,020 [ERROR] LogOutputStream:75 - [STDERR_REDIRECT] 
2025-11-30 09:55:34,024 [ERROR] LogOutputStream:75 - [STDERR_REDIRECT] [Fatal Error] :1:1: Premature end of file.
2025-11-30 09:55:34,024 [ERROR] LogOutputStream:75 - [STDERR_REDIRECT] 
2025-11-30 09:55:35,267 [ERROR] LogOutputStream:75 - [STDERR_REDIRECT] [Fatal Error] :1:1: Premature end of file.
2025-11-30 09:55:35,267 [ERROR] LogOutputStream:75 - [STDERR_REDIRECT] 
2025-11-30 09:55:35,930 [ERROR] LogOutputStream:75 - [STDERR_REDIRECT] [Fatal Error] :1:1: Premature end of file.
2025-11-30 09:55:35,931 [ERROR] LogOutputStream:75 - [STDERR_REDIRECT] 
2025-11-30 09:55:37,228 [ERROR] LogOutputStream:75 - [STDERR_REDIRECT] [Fatal Error] :1:1: Premature end of file.
2025-11-30 09:55:37,229 [ERROR] LogOutputStream:75 - [STDERR_REDIRECT] 
2025-11-30 09:55:38,175 [ERROR] LogOutputStream:75 - [STDERR_REDIRECT] [Fatal Error] :1:1: Premature end of file.
2025-11-30 09:55:38,175 [ERROR] LogOutputStream:75 - [STDERR_REDIRECT] 
2025-11-30 09:55:39,146 [ERROR] LogOutputStream:75 - [STDERR_REDIRECT] [Fatal Error] :1:1: Premature end of file.
2025-11-30 09:55:39,146 [ERROR] LogOutputStream:75 - [STDERR_REDIRECT] 
2025-11-30 09:55:40,109 [ERROR] LogOutputStream:75 - [STDERR_REDIRECT] [Fatal Error] :1:1: Premature end of file.
2025-11-30 09:55:40,109 [ERROR] LogOutputStream:75 - [STDERR_REDIRECT] 
2025-11-30 09:55:41,072 [ERROR] LogOutputStream:75 - [STDERR_REDIRECT] [Fatal Error] :1:1: Premature end of file.
2025-11-30 09:55:41,072 [ERROR] LogOutputStream:75 - [STDERR_REDIRECT] 
2025-11-30 09:55:41,732 [ERROR] LogOutputStream:75 - [STDERR_REDIRECT] [Fatal Error] :1:1: Premature end of file.
2025-11-30 09:55:41,732 [ERROR] LogOutputStream:75 - [STDERR_REDIRECT] 
2025-11-30 09:55:43,025 [ERROR] LogOutputStream:75 - [STDERR_REDIRECT] [Fatal Error] :1:1: Premature end of file.
2025-11-30 09:55:43,025 [ERROR] LogOutputStream:75 - [STDERR_REDIRECT] 
2025-11-30 09:55:44,022 [ERROR] LogOutputStream:75 - [STDERR_REDIRECT] [Fatal Error] :1:1: Premature end of file.
2025-11-30 09:55:44,023 [ERROR] LogOutputStream:75 - [STDERR_REDIRECT] 
2025-11-30 09:55:45,029 [ERROR] LogOutputStream:75 - [STDERR_REDIRECT] [Fatal Error] :1:1: Premature end of file.
2025-11-30 09:55:45,029 [ERROR] LogOutputStream:75 - [STDERR_REDIRECT] 
2025-11-30 09:55:45,999 [ERROR] LogOutputStream:75 - [STDERR_REDIRECT] [Fatal Error] :1:1: Premature end of file.
2025-11-30 09:55:45,999 [ERROR] LogOutputStream:75 - [STDERR_REDIRECT] 
2025-11-30 09:55:46,976 [ERROR] LogOutputStream:75 - [STDERR_REDIRECT] [Fatal Error] :1:1: Premature end of file.
2025-11-30 09:55:46,976 [ERROR] LogOutputStream:75 - [STDERR_REDIRECT] 
2025-11-30 09:55:47,932 [ERROR] LogOutputStream:75 - [STDERR_REDIRECT] [Fatal Error] :1:1: Premature end of file.
2025-11-30 09:55:47,932 [ERROR] LogOutputStream:75 - [STDERR_REDIRECT] 
2025-11-30 09:55:48,914 [ERROR] LogOutputStream:75 - [STDERR_REDIRECT] [Fatal Error] :1:1: Premature end of file.
2025-11-30 09:55:48,914 [ERROR] LogOutputStream:75 - [STDERR_REDIRECT] 
2025-11-30 09:55:49,897 [ERROR] LogOutputStream:75 - [STDERR_REDIRECT] [Fatal Error] :1:1: Premature end of file.
2025-11-30 09:55:49,897 [ERROR] LogOutputStream:75 - [STDERR_REDIRECT] 
2025-11-30 09:55:50,880 [ERROR] LogOutputStream:75 - [STDERR_REDIRECT] [Fatal Error] :1:1: Premature end of file.
2025-11-30 09:55:50,880 [ERROR] LogOutputStream:75 - [STDERR_REDIRECT] 
2025-11-30 09:55:51,855 [ERROR] LogOutputStream:75 - [STDERR_REDIRECT] [Fatal Error] :1:1: Premature end of file.
2025-11-30 09:55:51,855 [ERROR] LogOutputStream:75 - [STDERR_REDIRECT] 
2025-11-30 09:55:52,826 [ERROR] LogOutputStream:75 - [STDERR_REDIRECT] [Fatal Error] :1:1: Premature end of file.
2025-11-30 09:55:52,826 [ERROR] LogOutputStream:75 - [STDERR_REDIRECT] 
2025-11-30 09:55:53,814 [ERROR] LogOutputStream:75 - [STDERR_REDIRECT] [Fatal Error] :1:1: Premature end of file.
2025-11-30 09:55:53,814 [ERROR] LogOutputStream:75 - [STDERR_REDIRECT] 
2025-11-30 09:55:54,824 [ERROR] LogOutputStream:75 - [STDERR_REDIRECT] [Fatal Error] :1:1: Premature end of file.
2025-11-30 09:55:54,825 [ERROR] LogOutputStream:75 - [STDERR_REDIRECT] 
2025-11-30 09:55:55,823 [ERROR] LogOutputStream:75 - [STDERR_REDIRECT] [Fatal Error] :1:1: Premature end of file.
2025-11-30 09:55:55,823 [ERROR] LogOutputStream:75 - [STDERR_REDIRECT] 
2025-11-30 09:55:56,807 [ERROR] LogOutputStream:75 - [STDERR_REDIRECT] [Fatal Error] :1:1: Premature end of file.
2025-11-30 09:55:56,807 [ERROR] LogOutputStream:75 - [STDERR_REDIRECT] 
2025-11-30 09:55:57,801 [ERROR] LogOutputStream:75 - [STDERR_REDIRECT] [Fatal Error] :1:1: Premature end of file.
2025-11-30 09:55:57,801 [ERROR] LogOutputStream:75 - [STDERR_REDIRECT] 
2025-11-30 09:55:58,805 [ERROR] LogOutputStream:75 - [STDERR_REDIRECT] [Fatal Error] :1:1: Premature end of file.
2025-11-30 09:55:58,805 [ERROR] LogOutputStream:75 - [STDERR_REDIRECT] 
2025-11-30 09:56:00,082 [ERROR] LogOutputStream:75 - [STDERR_REDIRECT] [Fatal Error] :1:1: Premature end of file.
2025-11-30 09:56:00,083 [ERROR] LogOutputStream:75 - [STDERR_REDIRECT] 
2025-11-30 09:56:01,040 [ERROR] LogOutputStream:75 - [STDERR_REDIRECT] [Fatal Error] :1:1: Premature end of file.
2025-11-30 09:56:01,041 [ERROR] LogOutputStream:75 - [STDERR_REDIRECT] 
2025-11-30 09:56:02,051 [ERROR] LogOutputStream:75 - [STDERR_REDIRECT] [Fatal Error] :1:1: Premature end of file.
2025-11-30 09:56:02,051 [ERROR] LogOutputStream:75 - [STDERR_REDIRECT] 
2025-11-30 09:56:03,030 [ERROR] LogOutputStream:75 - [STDERR_REDIRECT] [Fatal Error] :1:1: Premature end of file.
2025-11-30 09:56:03,030 [ERROR] LogOutputStream:75 - [STDERR_REDIRECT] 
2025-11-30 09:56:04,333 [ERROR] LogOutputStream:75 - [STDERR_REDIRECT] [Fatal Error] :1:1: Premature end of file.
2025-11-30 09:56:04,333 [ERROR] LogOutputStream:75 - [STDERR_REDIRECT] 
2025-11-30 09:56:05,029 [ERROR] LogOutputStream:75 - [STDERR_REDIRECT] [Fatal Error] :1:1: Premature end of file.
2025-11-30 09:56:05,029 [ERROR] LogOutputStream:75 - [STDERR_REDIRECT] 
2025-11-30 09:56:06,424 [ERROR] LogOutputStream:75 - [STDERR_REDIRECT] [Fatal Error] :1:1: Premature end of file.
2025-11-30 09:56:06,424 [ERROR] LogOutputStream:75 - [STDERR_REDIRECT] 
2025-11-30 09:56:07,041 [ERROR] LogOutputStream:75 - [STDERR_REDIRECT] [Fatal Error] :1:1: Premature end of file.
2025-11-30 09:56:07,041 [ERROR] LogOutputStream:75 - [STDERR_REDIRECT] 
2025-11-30 09:56:08,054 [ERROR] LogOutputStream:75 - [STDERR_REDIRECT] [Fatal Error] :1:1: Premature end of file.
2025-11-30 09:56:08,054 [ERROR] LogOutputStream:75 - [STDERR_REDIRECT] 
2025-11-30 09:56:09,308 [ERROR] LogOutputStream:75 - [STDERR_REDIRECT] [Fatal Error] :1:1: Premature end of file.
2025-11-30 09:56:09,611 [ERROR] LogOutputStream:75 - [STDERR_REDIRECT] 
2025-11-30 09:56:09,961 [ERROR] LogOutputStream:75 - [STDERR_REDIRECT] [Fatal Error] :1:1: Premature end of file.
2025-11-30 09:56:09,961 [ERROR] LogOutputStream:75 - [STDERR_REDIRECT] 
2025-11-30 09:56:10,730 [ERROR] LogOutputStream:75 - [STDERR_REDIRECT] [Fatal Error] :1:1: Premature end of file.
2025-11-30 09:56:10,730 [ERROR] LogOutputStream:75 - [STDERR_REDIRECT] 
2025-11-30 09:56:11,738 [ERROR] LogOutputStream:75 - [STDERR_REDIRECT] [Fatal Error] :1:1: Premature end of file.
2025-11-30 09:56:11,738 [ERROR] LogOutputStream:75 - [STDERR_REDIRECT] 
2025-11-30 09:56:12,735 [ERROR] LogOutputStream:75 - [STDERR_REDIRECT] [Fatal Error] :1:1: Premature end of file.
2025-11-30 09:56:12,735 [ERROR] LogOutputStream:75 - [STDERR_REDIRECT] 
2025-11-30 09:56:13,737 [ERROR] LogOutputStream:75 - [STDERR_REDIRECT] [Fatal Error] :1:1: Premature end of file.
2025-11-30 09:56:13,737 [ERROR] LogOutputStream:75 - [STDERR_REDIRECT] 
2025-11-30 09:56:14,741 [ERROR] LogOutputStream:75 - [STDERR_REDIRECT] [Fatal Error] :1:1: Premature end of file.
2025-11-30 09:56:14,741 [ERROR] LogOutputStream:75 - [STDERR_REDIRECT] 
2025-11-30 09:56:15,737 [ERROR] LogOutputStream:75 - [STDERR_REDIRECT] [Fatal Error] :1:1: Premature end of file.
2025-11-30 09:56:15,738 [ERROR] LogOutputStream:75 - [STDERR_REDIRECT] 
2025-11-30 09:56:16,749 [ERROR] LogOutputStream:75 - [STDERR_REDIRECT] [Fatal Error] :1:1: Premature end of file.
2025-11-30 09:56:16,751 [ERROR] LogOutputStream:75 - [STDERR_REDIRECT] 
2025-11-30 09:56:17,735 [ERROR] LogOutputStream:75 - [STDERR_REDIRECT] [Fatal Error] :1:1: Premature end of file.
2025-11-30 09:56:17,736 [ERROR] LogOutputStream:75 - [STDERR_REDIRECT] 
2025-11-30 09:56:18,735 [ERROR] LogOutputStream:75 - [STDERR_REDIRECT] [Fatal Error] :1:1: Premature end of file.
2025-11-30 09:56:18,736 [ERROR] LogOutputStream:75 - [STDERR_REDIRECT] 
2025-11-30 09:56:19,736 [ERROR] LogOutputStream:75 - [STDERR_REDIRECT] [Fatal Error] :1:1: Premature end of file.
2025-11-30 09:56:19,738 [ERROR] LogOutputStream:75 - [STDERR_REDIRECT] 
2025-11-30 09:56:20,739 [ERROR] LogOutputStream:75 - [STDERR_REDIRECT] [Fatal Error] :1:1: Premature end of file.
2025-11-30 09:56:20,739 [ERROR] LogOutputStream:75 - [STDERR_REDIRECT] 
2025-11-30 09:56:21,737 [ERROR] LogOutputStream:75 - [STDERR_REDIRECT] [Fatal Error] :1:1: Premature end of file.
2025-11-30 09:56:21,737 [ERROR] LogOutputStream:75 - [STDERR_REDIRECT] 
2025-11-30 09:56:22,733 [ERROR] LogOutputStream:75 - [STDERR_REDIRECT] [Fatal Error] :1:1: Premature end of file.
2025-11-30 09:56:22,734 [ERROR] LogOutputStream:75 - [STDERR_REDIRECT] 
2025-11-30 09:56:23,735 [ERROR] LogOutputStream:75 - [STDERR_REDIRECT] [Fatal Error] :1:1: Premature end of file.
2025-11-30 09:56:23,736 [ERROR] LogOutputStream:75 - [STDERR_REDIRECT] 
2025-11-30 09:56:24,736 [ERROR] LogOutputStream:75 - [STDERR_REDIRECT] [Fatal Error] :1:1: Premature end of file.
2025-11-30 09:56:24,738 [ERROR] LogOutputStream:75 - [STDERR_REDIRECT] 
2025-11-30 09:56:25,764 [ERROR] LogOutputStream:75 - [STDERR_REDIRECT] [Fatal Error] :1:1: Premature end of file.
2025-11-30 09:56:25,765 [ERROR] LogOutputStream:75 - [STDERR_REDIRECT] 
2025-11-30 09:56:26,745 [ERROR] LogOutputStream:75 - [STDERR_REDIRECT] [Fatal Error] :1:1: Premature end of file.
2025-11-30 09:56:26,745 [ERROR] LogOutputStream:75 - [STDERR_REDIRECT] 
2025-11-30 09:56:27,736 [ERROR] LogOutputStream:75 - [STDERR_REDIRECT] [Fatal Error] :1:1: Premature end of file.
2025-11-30 09:56:27,737 [ERROR] LogOutputStream:75 - [STDERR_REDIRECT] 
2025-11-30 09:56:28,737 [ERROR] LogOutputStream:75 - [STDERR_REDIRECT] [Fatal Error] :1:1: Premature end of file.
2025-11-30 09:56:28,737 [ERROR] LogOutputStream:75 - [STDERR_REDIRECT] 
2025-11-30 09:56:29,731 [ERROR] LogOutputStream:75 - [STDERR_REDIRECT] [Fatal Error] :1:1: Premature end of file.
2025-11-30 09:56:29,731 [ERROR] LogOutputStream:75 - [STDERR_REDIRECT] 
2025-11-30 09:56:30,736 [ERROR] LogOutputStream:75 - [STDERR_REDIRECT] [Fatal Error] :1:1: Premature end of file.
2025-11-30 09:56:30,738 [ERROR] LogOutputStream:75 - [STDERR_REDIRECT] 
2025-11-30 09:56:31,748 [ERROR] LogOutputStream:75 - [STDERR_REDIRECT] [Fatal Error] :1:1: Premature end of file.
2025-11-30 09:56:31,748 [ERROR] LogOutputStream:75 - [STDERR_REDIRECT] 
2025-11-30 09:56:32,745 [ERROR] LogOutputStream:75 - [STDERR_REDIRECT] [Fatal Error] :1:1: Premature end of file.
2025-11-30 09:56:32,745 [ERROR] LogOutputStream:75 - [STDERR_REDIRECT] 
2025-11-30 09:56:33,736 [ERROR] LogOutputStream:75 - [STDERR_REDIRECT] [Fatal Error] :1:1: Premature end of file.
2025-11-30 09:56:33,736 [ERROR] LogOutputStream:75 - [STDERR_REDIRECT] 
2025-11-30 09:56:34,733 [ERROR] LogOutputStream:75 - [STDERR_REDIRECT] [Fatal Error] :1:1: Premature end of file.
2025-11-30 09:56:34,733 [ERROR] LogOutputStream:75 - [STDERR_REDIRECT] 
2025-11-30 09:56:35,736 [ERROR] LogOutputStream:75 - [STDERR_REDIRECT] [Fatal Error] :1:1: Premature end of file.
2025-11-30 09:56:35,736 [ERROR] LogOutputStream:75 - [STDERR_REDIRECT] 
2025-11-30 09:56:36,734 [ERROR] LogOutputStream:75 - [STDERR_REDIRECT] [Fatal Error] :1:1: Premature end of file.
2025-11-30 09:56:36,735 [ERROR] LogOutputStream:75 - [STDERR_REDIRECT] 
2025-11-30 09:56:37,731 [ERROR] LogOutputStream:75 - [STDERR_REDIRECT] [Fatal Error] :1:1: Premature end of file.
2025-11-30 09:56:37,731 [ERROR] LogOutputStream:75 - [STDERR_REDIRECT] 
2025-11-30 09:56:38,732 [ERROR] LogOutputStream:75 - [STDERR_REDIRECT] [Fatal Error] :1:1: Premature end of file.
2025-11-30 09:56:38,733 [ERROR] LogOutputStream:75 - [STDERR_REDIRECT] 
2025-11-30 09:56:39,729 [ERROR] LogOutputStream:75 - [STDERR_REDIRECT] [Fatal Error] :1:1: Premature end of file.
2025-11-30 09:56:39,729 [ERROR] LogOutputStream:75 - [STDERR_REDIRECT] 
2025-11-30 09:56:40,733 [ERROR] LogOutputStream:75 - [STDERR_REDIRECT] [Fatal Error] :1:1: Premature end of file.
2025-11-30 09:56:40,733 [ERROR] LogOutputStream:75 - [STDERR_REDIRECT] 
2025-11-30 09:56:41,729 [ERROR] LogOutputStream:75 - [STDERR_REDIRECT] [Fatal Error] :1:1: Premature end of file.
2025-11-30 09:56:41,729 [ERROR] LogOutputStream:75 - [STDERR_REDIRECT] 
2025-11-30 09:56:42,735 [ERROR] LogOutputStream:75 - [STDERR_REDIRECT] [Fatal Error] :1:1: Premature end of file.
2025-11-30 09:56:42,735 [ERROR] LogOutputStream:75 - [STDERR_REDIRECT] 
2025-11-30 09:56:43,729 [ERROR] LogOutputStream:75 - [STDERR_REDIRECT] [Fatal Error] :1:1: Premature end of file.
2025-11-30 09:56:43,729 [ERROR] LogOutputStream:75 - [STDERR_REDIRECT] 
2025-11-30 09:56:44,728 [ERROR] LogOutputStream:75 - [STDERR_REDIRECT] [Fatal Error] :1:1: Premature end of file.
2025-11-30 09:56:44,728 [ERROR] LogOutputStream:75 - [STDERR_REDIRECT] 
2025-11-30 09:56:45,733 [ERROR] LogOutputStream:75 - [STDERR_REDIRECT] [Fatal Error] :1:1: Premature end of file.
2025-11-30 09:56:45,733 [ERROR] LogOutputStream:75 - [STDERR_REDIRECT] 
2025-11-30 09:56:46,726 [ERROR] LogOutputStream:75 - [STDERR_REDIRECT] [Fatal Error] :1:1: Premature end of file.
2025-11-30 09:56:46,726 [ERROR] LogOutputStream:75 - [STDERR_REDIRECT] 
2025-11-30 09:56:47,733 [ERROR] LogOutputStream:75 - [STDERR_REDIRECT] [Fatal Error] :1:1: Premature end of file.
2025-11-30 09:56:47,733 [ERROR] LogOutputStream:75 - [STDERR_REDIRECT] 
2025-11-30 09:56:48,736 [ERROR] LogOutputStream:75 - [STDERR_REDIRECT] [Fatal Error] :1:1: Premature end of file.
2025-11-30 09:56:48,736 [ERROR] LogOutputStream:75 - [STDERR_REDIRECT] 
2025-11-30 09:56:49,742 [ERROR] LogOutputStream:75 - [STDERR_REDIRECT] [Fatal Error] :1:1: Premature end of file.
2025-11-30 09:56:49,742 [ERROR] LogOutputStream:75 - [STDERR_REDIRECT] 
2025-11-30 09:56:50,744 [ERROR] LogOutputStream:75 - [STDERR_REDIRECT] [Fatal Error] :1:1: Premature end of file.
2025-11-30 09:56:50,744 [ERROR] LogOutputStream:75 - [STDERR_REDIRECT] 
2025-11-30 09:56:51,734 [ERROR] LogOutputStream:75 - [STDERR_REDIRECT] [Fatal Error] :1:1: Premature end of file.
2025-11-30 09:56:51,735 [ERROR] LogOutputStream:75 - [STDERR_REDIRECT] 
2025-11-30 09:56:52,749 [ERROR] LogOutputStream:75 - [STDERR_REDIRECT] [Fatal Error] :1:1: Premature end of file.
2025-11-30 09:56:52,750 [ERROR] LogOutputStream:75 - [STDERR_REDIRECT] 
2025-11-30 09:56:53,736 [ERROR] LogOutputStream:75 - [STDERR_REDIRECT] [Fatal Error] :1:1: Premature end of file.
2025-11-30 09:56:53,738 [ERROR] LogOutputStream:75 - [STDERR_REDIRECT] 
2025-11-30 09:56:54,743 [ERROR] LogOutputStream:75 - [STDERR_REDIRECT] [Fatal Error] :1:1: Premature end of file.
2025-11-30 09:56:54,743 [ERROR] LogOutputStream:75 - [STDERR_REDIRECT] 
2025-11-30 09:56:55,736 [ERROR] LogOutputStream:75 - [STDERR_REDIRECT] [Fatal Error] :1:1: Premature end of file.
2025-11-30 09:56:55,736 [ERROR] LogOutputStream:75 - [STDERR_REDIRECT] 
2025-11-30 09:56:56,748 [ERROR] LogOutputStream:75 - [STDERR_REDIRECT] [Fatal Error] :1:1: Premature end of file.
2025-11-30 09:56:56,748 [ERROR] LogOutputStream:75 - [STDERR_REDIRECT] 
2025-11-30 09:56:57,745 [ERROR] LogOutputStream:75 - [STDERR_REDIRECT] [Fatal Error] :1:1: Premature end of file.
2025-11-30 09:56:57,745 [ERROR] LogOutputStream:75 - [STDERR_REDIRECT] 
2025-11-30 09:56:58,748 [ERROR] LogOutputStream:75 - [STDERR_REDIRECT] [Fatal Error] :1:1: Premature end of file.
2025-11-30 09:56:58,748 [ERROR] LogOutputStream:75 - [STDERR_REDIRECT] 
2025-11-30 09:56:59,732 [ERROR] LogOutputStream:75 - [STDERR_REDIRECT] [Fatal Error] :1:1: Premature end of file.
2025-11-30 09:56:59,733 [ERROR] LogOutputStream:75 - [STDERR_REDIRECT] 
2025-11-30 09:57:00,730 [ERROR] LogOutputStream:75 - [STDERR_REDIRECT] [Fatal Error] :1:1: Premature end of file.
2025-11-30 09:57:00,730 [ERROR] LogOutputStream:75 - [STDERR_REDIRECT] 
2025-11-30 09:57:00,987 [INFO] ExampleResultTable:608 - Mark Example STM32CUBEH7-SWX-16436(HID_Standalone) as favorite
2025-11-30 09:57:01,727 [ERROR] LogOutputStream:75 - [STDERR_REDIRECT] [Fatal Error] :1:1: Premature end of file.
2025-11-30 09:57:01,727 [ERROR] LogOutputStream:75 - [STDERR_REDIRECT] 
2025-11-30 09:57:02,706 [INFO] ExampleResultTable:608 - Unmark Example STM32CUBEH7-SWX-16436(HID_Standalone) as favorite
2025-11-30 09:57:02,734 [ERROR] LogOutputStream:75 - [STDERR_REDIRECT] [Fatal Error] :1:1: Premature end of file.
2025-11-30 09:57:02,734 [ERROR] LogOutputStream:75 - [STDERR_REDIRECT] 
2025-11-30 09:57:03,727 [ERROR] LogOutputStream:75 - [STDERR_REDIRECT] [Fatal Error] :1:1: Premature end of file.
2025-11-30 09:57:03,728 [ERROR] LogOutputStream:75 - [STDERR_REDIRECT] 
2025-11-30 09:57:04,737 [ERROR] LogOutputStream:75 - [STDERR_REDIRECT] [Fatal Error] :1:1: Premature end of file.
2025-11-30 09:57:04,737 [ERROR] LogOutputStream:75 - [STDERR_REDIRECT] 
2025-11-30 09:57:05,726 [ERROR] LogOutputStream:75 - [STDERR_REDIRECT] [Fatal Error] :1:1: Premature end of file.
2025-11-30 09:57:05,726 [ERROR] LogOutputStream:75 - [STDERR_REDIRECT] 
2025-11-30 09:57:06,725 [ERROR] LogOutputStream:75 - [STDERR_REDIRECT] [Fatal Error] :1:1: Premature end of file.
2025-11-30 09:57:06,725 [ERROR] LogOutputStream:75 - [STDERR_REDIRECT] 
2025-11-30 09:57:07,727 [ERROR] LogOutputStream:75 - [STDERR_REDIRECT] [Fatal Error] :1:1: Premature end of file.
2025-11-30 09:57:07,727 [ERROR] LogOutputStream:75 - [STDERR_REDIRECT] 
2025-11-30 09:57:08,736 [ERROR] LogOutputStream:75 - [STDERR_REDIRECT] [Fatal Error] :1:1: Premature end of file.
2025-11-30 09:57:08,736 [ERROR] LogOutputStream:75 - [STDERR_REDIRECT] 
2025-11-30 09:57:09,738 [ERROR] LogOutputStream:75 - [STDERR_REDIRECT] [Fatal Error] :1:1: Premature end of file.
2025-11-30 09:57:09,738 [ERROR] LogOutputStream:75 - [STDERR_REDIRECT] 
2025-11-30 09:57:10,734 [ERROR] LogOutputStream:75 - [STDERR_REDIRECT] [Fatal Error] :1:1: Premature end of file.
2025-11-30 09:57:10,734 [ERROR] LogOutputStream:75 - [STDERR_REDIRECT] 
2025-11-30 09:57:11,733 [ERROR] LogOutputStream:75 - [STDERR_REDIRECT] [Fatal Error] :1:1: Premature end of file.
2025-11-30 09:57:11,734 [ERROR] LogOutputStream:75 - [STDERR_REDIRECT] 
2025-11-30 09:57:12,733 [ERROR] LogOutputStream:75 - [STDERR_REDIRECT] [Fatal Error] :1:1: Premature end of file.
2025-11-30 09:57:12,733 [ERROR] LogOutputStream:75 - [STDERR_REDIRECT] 
2025-11-30 09:57:13,629 [INFO] SoftwarePacks:190 - Size of SW pack 'X-CUBE-AZRTOS-H7_V3.4.0' is: 76.1 MB
2025-11-30 09:57:13,736 [ERROR] LogOutputStream:75 - [STDERR_REDIRECT] [Fatal Error] :1:1: Premature end of file.
2025-11-30 09:57:13,736 [ERROR] LogOutputStream:75 - [STDERR_REDIRECT] 
2025-11-30 09:57:14,727 [ERROR] LogOutputStream:75 - [STDERR_REDIRECT] [Fatal Error] :1:1: Premature end of file.
2025-11-30 09:57:14,727 [ERROR] LogOutputStream:75 - [STDERR_REDIRECT] 
2025-11-30 09:57:15,744 [ERROR] LogOutputStream:75 - [STDERR_REDIRECT] [Fatal Error] :1:1: Premature end of file.
2025-11-30 09:57:15,744 [ERROR] LogOutputStream:75 - [STDERR_REDIRECT] 
2025-11-30 09:57:16,727 [ERROR] LogOutputStream:75 - [STDERR_REDIRECT] [Fatal Error] :1:1: Premature end of file.
2025-11-30 09:57:16,727 [ERROR] LogOutputStream:75 - [STDERR_REDIRECT] 
2025-11-30 09:57:17,748 [ERROR] LogOutputStream:75 - [STDERR_REDIRECT] [Fatal Error] :1:1: Premature end of file.
2025-11-30 09:57:17,748 [ERROR] LogOutputStream:75 - [STDERR_REDIRECT] 
2025-11-30 09:57:18,734 [ERROR] LogOutputStream:75 - [STDERR_REDIRECT] [Fatal Error] :1:1: Premature end of file.
2025-11-30 09:57:18,736 [ERROR] LogOutputStream:75 - [STDERR_REDIRECT] 
2025-11-30 09:57:19,736 [ERROR] LogOutputStream:75 - [STDERR_REDIRECT] [Fatal Error] :1:1: Premature end of file.
2025-11-30 09:57:19,736 [ERROR] LogOutputStream:75 - [STDERR_REDIRECT] 
2025-11-30 09:57:20,745 [ERROR] LogOutputStream:75 - [STDERR_REDIRECT] [Fatal Error] :1:1: Premature end of file.
2025-11-30 09:57:20,745 [ERROR] LogOutputStream:75 - [STDERR_REDIRECT] 
2025-11-30 09:57:21,728 [ERROR] LogOutputStream:75 - [STDERR_REDIRECT] [Fatal Error] :1:1: Premature end of file.
2025-11-30 09:57:21,730 [ERROR] LogOutputStream:75 - [STDERR_REDIRECT] 
2025-11-30 09:57:22,736 [ERROR] LogOutputStream:75 - [STDERR_REDIRECT] [Fatal Error] :1:1: Premature end of file.
2025-11-30 09:57:22,737 [ERROR] LogOutputStream:75 - [STDERR_REDIRECT] 
2025-11-30 09:57:23,735 [ERROR] LogOutputStream:75 - [STDERR_REDIRECT] [Fatal Error] :1:1: Premature end of file.
2025-11-30 09:57:23,735 [ERROR] LogOutputStream:75 - [STDERR_REDIRECT] 
2025-11-30 09:57:24,739 [ERROR] LogOutputStream:75 - [STDERR_REDIRECT] [Fatal Error] :1:1: Premature end of file.
2025-11-30 09:57:24,739 [ERROR] LogOutputStream:75 - [STDERR_REDIRECT] 
2025-11-30 09:57:25,726 [ERROR] LogOutputStream:75 - [STDERR_REDIRECT] [Fatal Error] :1:1: Premature end of file.
2025-11-30 09:57:25,726 [ERROR] LogOutputStream:75 - [STDERR_REDIRECT] 
2025-11-30 09:57:26,132 [INFO] ExampleResultTable:608 - Mark Example X-CUBE-AZRTOS-H7-SWX-17655(Nx_SNTP_Client) as favorite
2025-11-30 09:57:26,726 [ERROR] LogOutputStream:75 - [STDERR_REDIRECT] [Fatal Error] :1:1: Premature end of file.
2025-11-30 09:57:26,726 [ERROR] LogOutputStream:75 - [STDERR_REDIRECT] 
2025-11-30 09:57:27,724 [ERROR] LogOutputStream:75 - [STDERR_REDIRECT] [Fatal Error] :1:1: Premature end of file.
2025-11-30 09:57:27,726 [ERROR] LogOutputStream:75 - [STDERR_REDIRECT] 
2025-11-30 09:57:28,724 [ERROR] LogOutputStream:75 - [STDERR_REDIRECT] [Fatal Error] :1:1: Premature end of file.
2025-11-30 09:57:28,725 [ERROR] LogOutputStream:75 - [STDERR_REDIRECT] 
2025-11-30 09:57:29,726 [ERROR] LogOutputStream:75 - [STDERR_REDIRECT] [Fatal Error] :1:1: Premature end of file.
2025-11-30 09:57:29,726 [ERROR] LogOutputStream:75 - [STDERR_REDIRECT] 
2025-11-30 09:57:30,727 [ERROR] LogOutputStream:75 - [STDERR_REDIRECT] [Fatal Error] :1:1: Premature end of file.
2025-11-30 09:57:30,727 [ERROR] LogOutputStream:75 - [STDERR_REDIRECT] 
2025-11-30 09:57:31,739 [ERROR] LogOutputStream:75 - [STDERR_REDIRECT] [Fatal Error] :1:1: Premature end of file.
2025-11-30 09:57:31,740 [ERROR] LogOutputStream:75 - [STDERR_REDIRECT] 
2025-11-30 09:57:32,736 [ERROR] LogOutputStream:75 - [STDERR_REDIRECT] [Fatal Error] :1:1: Premature end of file.
2025-11-30 09:57:32,736 [ERROR] LogOutputStream:75 - [STDERR_REDIRECT] 
2025-11-30 09:57:33,736 [ERROR] LogOutputStream:75 - [STDERR_REDIRECT] [Fatal Error] :1:1: Premature end of file.
2025-11-30 09:57:33,736 [ERROR] LogOutputStream:75 - [STDERR_REDIRECT] 
2025-11-30 09:57:34,728 [ERROR] LogOutputStream:75 - [STDERR_REDIRECT] [Fatal Error] :1:1: Premature end of file.
2025-11-30 09:57:34,728 [ERROR] LogOutputStream:75 - [STDERR_REDIRECT] 
2025-11-30 09:57:35,724 [ERROR] LogOutputStream:75 - [STDERR_REDIRECT] [Fatal Error] :1:1: Premature end of file.
2025-11-30 09:57:35,724 [ERROR] LogOutputStream:75 - [STDERR_REDIRECT] 
2025-11-30 09:57:36,726 [ERROR] LogOutputStream:75 - [STDERR_REDIRECT] [Fatal Error] :1:1: Premature end of file.
2025-11-30 09:57:36,726 [ERROR] LogOutputStream:75 - [STDERR_REDIRECT] 
2025-11-30 09:57:37,736 [ERROR] LogOutputStream:75 - [STDERR_REDIRECT] [Fatal Error] :1:1: Premature end of file.
2025-11-30 09:57:37,736 [ERROR] LogOutputStream:75 - [STDERR_REDIRECT] 
2025-11-30 09:57:38,748 [ERROR] LogOutputStream:75 - [STDERR_REDIRECT] [Fatal Error] :1:1: Premature end of file.
2025-11-30 09:57:38,748 [ERROR] LogOutputStream:75 - [STDERR_REDIRECT] 
2025-11-30 09:57:39,735 [ERROR] LogOutputStream:75 - [STDERR_REDIRECT] [Fatal Error] :1:1: Premature end of file.
2025-11-30 09:57:39,743 [ERROR] LogOutputStream:75 - [STDERR_REDIRECT] 
2025-11-30 09:57:40,730 [ERROR] LogOutputStream:75 - [STDERR_REDIRECT] [Fatal Error] :1:1: Premature end of file.
2025-11-30 09:57:40,731 [ERROR] LogOutputStream:75 - [STDERR_REDIRECT] 
2025-11-30 09:57:41,726 [ERROR] LogOutputStream:75 - [STDERR_REDIRECT] [Fatal Error] :1:1: Premature end of file.
2025-11-30 09:57:41,728 [ERROR] LogOutputStream:75 - [STDERR_REDIRECT] 
2025-11-30 09:57:42,735 [ERROR] LogOutputStream:75 - [STDERR_REDIRECT] [Fatal Error] :1:1: Premature end of file.
2025-11-30 09:57:42,735 [ERROR] LogOutputStream:75 - [STDERR_REDIRECT] 
2025-11-30 09:57:43,727 [ERROR] LogOutputStream:75 - [STDERR_REDIRECT] [Fatal Error] :1:1: Premature end of file.
2025-11-30 09:57:43,727 [ERROR] LogOutputStream:75 - [STDERR_REDIRECT] 
2025-11-30 09:57:44,731 [ERROR] LogOutputStream:75 - [STDERR_REDIRECT] [Fatal Error] :1:1: Premature end of file.
2025-11-30 09:57:44,732 [ERROR] LogOutputStream:75 - [STDERR_REDIRECT] 
2025-11-30 09:57:45,727 [ERROR] LogOutputStream:75 - [STDERR_REDIRECT] [Fatal Error] :1:1: Premature end of file.
2025-11-30 09:57:45,728 [ERROR] LogOutputStream:75 - [STDERR_REDIRECT] 
2025-11-30 09:57:46,733 [ERROR] LogOutputStream:75 - [STDERR_REDIRECT] [Fatal Error] :1:1: Premature end of file.
2025-11-30 09:57:46,733 [ERROR] LogOutputStream:75 - [STDERR_REDIRECT] 
2025-11-30 09:57:47,736 [ERROR] LogOutputStream:75 - [STDERR_REDIRECT] [Fatal Error] :1:1: Premature end of file.
2025-11-30 09:57:47,736 [ERROR] LogOutputStream:75 - [STDERR_REDIRECT] 
2025-11-30 09:57:48,746 [ERROR] LogOutputStream:75 - [STDERR_REDIRECT] [Fatal Error] :1:1: Premature end of file.
2025-11-30 09:57:48,746 [ERROR] LogOutputStream:75 - [STDERR_REDIRECT] 
2025-11-30 09:57:49,735 [ERROR] LogOutputStream:75 - [STDERR_REDIRECT] [Fatal Error] :1:1: Premature end of file.
2025-11-30 09:57:49,735 [ERROR] LogOutputStream:75 - [STDERR_REDIRECT] 
2025-11-30 09:57:50,735 [ERROR] LogOutputStream:75 - [STDERR_REDIRECT] [Fatal Error] :1:1: Premature end of file.
2025-11-30 09:57:50,735 [ERROR] LogOutputStream:75 - [STDERR_REDIRECT] 
2025-11-30 09:57:51,737 [ERROR] LogOutputStream:75 - [STDERR_REDIRECT] [Fatal Error] :1:1: Premature end of file.
2025-11-30 09:57:51,737 [ERROR] LogOutputStream:75 - [STDERR_REDIRECT] 
2025-11-30 09:57:52,730 [ERROR] LogOutputStream:75 - [STDERR_REDIRECT] [Fatal Error] :1:1: Premature end of file.
2025-11-30 09:57:52,730 [ERROR] LogOutputStream:75 - [STDERR_REDIRECT] 
2025-11-30 09:57:53,735 [ERROR] LogOutputStream:75 - [STDERR_REDIRECT] [Fatal Error] :1:1: Premature end of file.
2025-11-30 09:57:53,735 [ERROR] LogOutputStream:75 - [STDERR_REDIRECT] 
2025-11-30 09:57:54,728 [ERROR] LogOutputStream:75 - [STDERR_REDIRECT] [Fatal Error] :1:1: Premature end of file.
2025-11-30 09:57:54,728 [ERROR] LogOutputStream:75 - [STDERR_REDIRECT] 
2025-11-30 09:57:55,738 [ERROR] LogOutputStream:75 - [STDERR_REDIRECT] [Fatal Error] :1:1: Premature end of file.
2025-11-30 09:57:55,738 [ERROR] LogOutputStream:75 - [STDERR_REDIRECT] 
2025-11-30 09:57:56,731 [ERROR] LogOutputStream:75 - [STDERR_REDIRECT] [Fatal Error] :1:1: Premature end of file.
2025-11-30 09:57:56,731 [ERROR] LogOutputStream:75 - [STDERR_REDIRECT] 
2025-11-30 09:57:57,728 [ERROR] LogOutputStream:75 - [STDERR_REDIRECT] [Fatal Error] :1:1: Premature end of file.
2025-11-30 09:57:57,728 [ERROR] LogOutputStream:75 - [STDERR_REDIRECT] 
2025-11-30 09:57:58,736 [ERROR] LogOutputStream:75 - [STDERR_REDIRECT] [Fatal Error] :1:1: Premature end of file.
2025-11-30 09:57:58,736 [ERROR] LogOutputStream:75 - [STDERR_REDIRECT] 
2025-11-30 09:57:59,736 [ERROR] LogOutputStream:75 - [STDERR_REDIRECT] [Fatal Error] :1:1: Premature end of file.
2025-11-30 09:57:59,737 [ERROR] LogOutputStream:75 - [STDERR_REDIRECT] 
2025-11-30 09:58:00,736 [ERROR] LogOutputStream:75 - [STDERR_REDIRECT] [Fatal Error] :1:1: Premature end of file.
2025-11-30 09:58:00,736 [ERROR] LogOutputStream:75 - [STDERR_REDIRECT] 
2025-11-30 09:58:01,736 [ERROR] LogOutputStream:75 - [STDERR_REDIRECT] [Fatal Error] :1:1: Premature end of file.
2025-11-30 09:58:01,736 [ERROR] LogOutputStream:75 - [STDERR_REDIRECT] 
2025-11-30 09:58:02,730 [ERROR] LogOutputStream:75 - [STDERR_REDIRECT] [Fatal Error] :1:1: Premature end of file.
2025-11-30 09:58:02,730 [ERROR] LogOutputStream:75 - [STDERR_REDIRECT] 
2025-11-30 09:58:03,736 [ERROR] LogOutputStream:75 - [STDERR_REDIRECT] [Fatal Error] :1:1: Premature end of file.
2025-11-30 09:58:03,736 [ERROR] LogOutputStream:75 - [STDERR_REDIRECT] 
2025-11-30 09:58:04,735 [ERROR] LogOutputStream:75 - [STDERR_REDIRECT] [Fatal Error] :1:1: Premature end of file.
2025-11-30 09:58:04,735 [ERROR] LogOutputStream:75 - [STDERR_REDIRECT] 
2025-11-30 09:58:05,726 [ERROR] LogOutputStream:75 - [STDERR_REDIRECT] [Fatal Error] :1:1: Premature end of file.
2025-11-30 09:58:05,726 [ERROR] LogOutputStream:75 - [STDERR_REDIRECT] 
2025-11-30 09:58:06,732 [ERROR] LogOutputStream:75 - [STDERR_REDIRECT] [Fatal Error] :1:1: Premature end of file.
2025-11-30 09:58:06,732 [ERROR] LogOutputStream:75 - [STDERR_REDIRECT] 
2025-11-30 09:58:07,727 [ERROR] LogOutputStream:75 - [STDERR_REDIRECT] [Fatal Error] :1:1: Premature end of file.
2025-11-30 09:58:07,727 [ERROR] LogOutputStream:75 - [STDERR_REDIRECT] 
2025-11-30 09:58:08,730 [ERROR] LogOutputStream:75 - [STDERR_REDIRECT] [Fatal Error] :1:1: Premature end of file.
2025-11-30 09:58:08,730 [ERROR] LogOutputStream:75 - [STDERR_REDIRECT] 
2025-11-30 09:58:09,731 [ERROR] LogOutputStream:75 - [STDERR_REDIRECT] [Fatal Error] :1:1: Premature end of file.
2025-11-30 09:58:09,738 [ERROR] LogOutputStream:75 - [STDERR_REDIRECT] 
2025-11-30 09:58:10,736 [ERROR] LogOutputStream:75 - [STDERR_REDIRECT] [Fatal Error] :1:1: Premature end of file.
2025-11-30 09:58:10,736 [ERROR] LogOutputStream:75 - [STDERR_REDIRECT] 
2025-11-30 09:58:11,554 [INFO] MainUpdater:2872 - connection check result : 10
2025-11-30 09:58:11,726 [ERROR] LogOutputStream:75 - [STDERR_REDIRECT] [Fatal Error] :1:1: Premature end of file.
2025-11-30 09:58:11,727 [ERROR] LogOutputStream:75 - [STDERR_REDIRECT] 
2025-11-30 09:58:12,440 [INFO] ServerAccessManage:452 - Complete download http(s) 200
2025-11-30 09:58:12,443 [INFO] ServerAccessManage:509 - Download File STMicroelectronics.X-CUBE-AZRTOS-H7.3.4.0.pack
2025-11-30 09:58:12,743 [ERROR] LogOutputStream:75 - [STDERR_REDIRECT] [Fatal Error] :1:1: Premature end of file.
2025-11-30 09:58:12,743 [ERROR] LogOutputStream:75 - [STDERR_REDIRECT] 
2025-11-30 09:58:13,726 [ERROR] LogOutputStream:75 - [STDERR_REDIRECT] [Fatal Error] :1:1: Premature end of file.
2025-11-30 09:58:13,726 [ERROR] LogOutputStream:75 - [STDERR_REDIRECT] 
2025-11-30 09:58:14,725 [ERROR] LogOutputStream:75 - [STDERR_REDIRECT] [Fatal Error] :1:1: Premature end of file.
2025-11-30 09:58:14,727 [ERROR] LogOutputStream:75 - [STDERR_REDIRECT] 
2025-11-30 09:58:15,728 [ERROR] LogOutputStream:75 - [STDERR_REDIRECT] [Fatal Error] :1:1: Premature end of file.
2025-11-30 09:58:15,728 [ERROR] LogOutputStream:75 - [STDERR_REDIRECT] 
2025-11-30 09:58:16,797 [ERROR] LogOutputStream:75 - [STDERR_REDIRECT] [Fatal Error] :1:1: Premature end of file.
2025-11-30 09:58:16,798 [ERROR] LogOutputStream:75 - [STDERR_REDIRECT] 
2025-11-30 09:58:17,730 [ERROR] LogOutputStream:75 - [STDERR_REDIRECT] [Fatal Error] :1:1: Premature end of file.
2025-11-30 09:58:17,730 [ERROR] LogOutputStream:75 - [STDERR_REDIRECT] 
2025-11-30 09:58:18,732 [ERROR] LogOutputStream:75 - [STDERR_REDIRECT] [Fatal Error] :1:1: Premature end of file.
2025-11-30 09:58:18,732 [ERROR] LogOutputStream:75 - [STDERR_REDIRECT] 
2025-11-30 09:58:19,729 [ERROR] LogOutputStream:75 - [STDERR_REDIRECT] [Fatal Error] :1:1: Premature end of file.
2025-11-30 09:58:19,729 [ERROR] LogOutputStream:75 - [STDERR_REDIRECT] 
2025-11-30 09:58:20,732 [ERROR] LogOutputStream:75 - [STDERR_REDIRECT] [Fatal Error] :1:1: Premature end of file.
2025-11-30 09:58:20,732 [ERROR] LogOutputStream:75 - [STDERR_REDIRECT] 
2025-11-30 09:58:21,735 [ERROR] LogOutputStream:75 - [STDERR_REDIRECT] [Fatal Error] :1:1: Premature end of file.
2025-11-30 09:58:21,735 [ERROR] LogOutputStream:75 - [STDERR_REDIRECT] 
2025-11-30 09:58:22,735 [ERROR] LogOutputStream:75 - [STDERR_REDIRECT] [Fatal Error] :1:1: Premature end of file.
2025-11-30 09:58:22,735 [ERROR] LogOutputStream:75 - [STDERR_REDIRECT] 
2025-11-30 09:58:23,733 [ERROR] LogOutputStream:75 - [STDERR_REDIRECT] [Fatal Error] :1:1: Premature end of file.
2025-11-30 09:58:23,734 [ERROR] LogOutputStream:75 - [STDERR_REDIRECT] 
2025-11-30 09:58:24,731 [ERROR] LogOutputStream:75 - [STDERR_REDIRECT] [Fatal Error] :1:1: Premature end of file.
2025-11-30 09:58:24,731 [ERROR] LogOutputStream:75 - [STDERR_REDIRECT] 
2025-11-30 09:58:25,734 [ERROR] LogOutputStream:75 - [STDERR_REDIRECT] [Fatal Error] :1:1: Premature end of file.
2025-11-30 09:58:25,734 [ERROR] LogOutputStream:75 - [STDERR_REDIRECT] 
2025-11-30 09:58:26,726 [ERROR] LogOutputStream:75 - [STDERR_REDIRECT] [Fatal Error] :1:1: Premature end of file.
2025-11-30 09:58:26,726 [ERROR] LogOutputStream:75 - [STDERR_REDIRECT] 
2025-11-30 09:58:27,727 [ERROR] LogOutputStream:75 - [STDERR_REDIRECT] [Fatal Error] :1:1: Premature end of file.
2025-11-30 09:58:27,727 [ERROR] LogOutputStream:75 - [STDERR_REDIRECT] 
2025-11-30 09:58:28,731 [ERROR] LogOutputStream:75 - [STDERR_REDIRECT] [Fatal Error] :1:1: Premature end of file.
2025-11-30 09:58:28,733 [ERROR] LogOutputStream:75 - [STDERR_REDIRECT] 
2025-11-30 09:58:28,875 [INFO] AnalyticsPlugin:368 - Accepted License(s): [STMicroelectronics.X-CUBE-AZRTOS-H7.3.4.0]
2025-11-30 09:58:28,876 [INFO] FileExtend:248 - Unzip File : STMicroelectronics.X-CUBE-AZRTOS-H7.3.4.0.pack
2025-11-30 09:58:28,876 [INFO] FileExtend:263 - Standard Zip Deflate
2025-11-30 09:58:29,731 [ERROR] LogOutputStream:75 - [STDERR_REDIRECT] [Fatal Error] :1:1: Premature end of file.
2025-11-30 09:58:29,731 [ERROR] LogOutputStream:75 - [STDERR_REDIRECT] 
2025-11-30 09:58:30,731 [ERROR] LogOutputStream:75 - [STDERR_REDIRECT] [Fatal Error] :1:1: Premature end of file.
2025-11-30 09:58:30,732 [ERROR] LogOutputStream:75 - [STDERR_REDIRECT] 
2025-11-30 09:58:31,731 [ERROR] LogOutputStream:75 - [STDERR_REDIRECT] [Fatal Error] :1:1: Premature end of file.
2025-11-30 09:58:31,731 [ERROR] LogOutputStream:75 - [STDERR_REDIRECT] 
2025-11-30 09:58:32,729 [ERROR] LogOutputStream:75 - [STDERR_REDIRECT] [Fatal Error] :1:1: Premature end of file.
2025-11-30 09:58:32,729 [ERROR] LogOutputStream:75 - [STDERR_REDIRECT] 
2025-11-30 09:58:33,730 [ERROR] LogOutputStream:75 - [STDERR_REDIRECT] [Fatal Error] :1:1: Premature end of file.
2025-11-30 09:58:33,730 [ERROR] LogOutputStream:75 - [STDERR_REDIRECT] 
2025-11-30 09:58:34,766 [ERROR] LogOutputStream:75 - [STDERR_REDIRECT] [Fatal Error] :1:1: Premature end of file.
2025-11-30 09:58:34,766 [ERROR] LogOutputStream:75 - [STDERR_REDIRECT] 
2025-11-30 09:58:35,730 [ERROR] LogOutputStream:75 - [STDERR_REDIRECT] [Fatal Error] :1:1: Premature end of file.
2025-11-30 09:58:35,730 [ERROR] LogOutputStream:75 - [STDERR_REDIRECT] 
2025-11-30 09:58:36,729 [ERROR] LogOutputStream:75 - [STDERR_REDIRECT] [Fatal Error] :1:1: Premature end of file.
2025-11-30 09:58:36,729 [ERROR] LogOutputStream:75 - [STDERR_REDIRECT] 
2025-11-30 09:58:37,730 [ERROR] LogOutputStream:75 - [STDERR_REDIRECT] [Fatal Error] :1:1: Premature end of file.
2025-11-30 09:58:37,730 [ERROR] LogOutputStream:75 - [STDERR_REDIRECT] 
2025-11-30 09:58:38,224 [INFO] LoadServerPackagesThread:196 - End of LoadServerPackages Thread
2025-11-30 09:58:38,339 [WARN] ThirdParty:509 - waiting for thirdparty lock release [add software pack]
2025-11-30 09:58:38,339 [INFO] ThirdParty:511 - entering critical section [add software pack]
2025-11-30 09:58:38,455 [INFO] ThirdPartyPackRequestProcessor:621 - CMSIS Pack Vendor :STMicroelectronics X-CUBE-PM33A1 1.0.0
2025-11-30 09:58:38,455 [INFO] ThirdPartyPackRequestProcessor:621 - CMSIS Pack Vendor :STMicroelectronics USBPD 4.1
2025-11-30 09:58:38,455 [INFO] ThirdPartyPackRequestProcessor:621 - CMSIS Pack Vendor :STMicroelectronics USB_HOST 2.0.0
2025-11-30 09:58:38,455 [INFO] ThirdPartyPackRequestProcessor:621 - CMSIS Pack Vendor :STMicroelectronics FP-SNS-MOTENVWB1 1.4.0
2025-11-30 09:58:38,455 [INFO] ThirdPartyPackRequestProcessor:621 - CMSIS Pack Vendor :STMicroelectronics X-CUBE-AZRTOS-F4 1.1.0
2025-11-30 09:58:38,455 [INFO] ThirdPartyPackRequestProcessor:621 - CMSIS Pack Vendor :STMicroelectronics LIBJPEG 8.0.0
2025-11-30 09:58:38,455 [INFO] ThirdPartyPackRequestProcessor:621 - CMSIS Pack Vendor :STMicroelectronics FP-ATR-ASTRA1 2.0.2
2025-11-30 09:58:38,455 [INFO] ThirdPartyPackRequestProcessor:621 - CMSIS Pack Vendor :Avnet-IotConnect X-CUBE-IoTC-DA16k-PMOD 1.0.0
2025-11-30 09:58:38,455 [INFO] ThirdPartyPackRequestProcessor:621 - CMSIS Pack Vendor :STMicroelectronics X-CUBE-SMBUS 2.1.0
2025-11-30 09:58:38,455 [INFO] ThirdPartyPackRequestProcessor:621 - CMSIS Pack Vendor :STMicroelectronics X-CUBE-ISPU 2.1.0
2025-11-30 09:58:38,455 [INFO] ThirdPartyPackRequestProcessor:621 - CMSIS Pack Vendor :STMicroelectronics X-CUBE-IPS 3.2.0
2025-11-30 09:58:38,455 [INFO] ThirdPartyPackRequestProcessor:621 - CMSIS Pack Vendor :STMicroelectronics X-CUBE-ST60 1.0.0
2025-11-30 09:58:38,455 [INFO] ThirdPartyPackRequestProcessor:621 - CMSIS Pack Vendor :STMicroelectronics X-CUBE-NFC12 1.0.0
2025-11-30 09:58:38,455 [INFO] ThirdPartyPackRequestProcessor:621 - CMSIS Pack Vendor :STMicroelectronics X-CUBE-AZRTOS-F7 1.1.0
2025-11-30 09:58:38,455 [INFO] ThirdPartyPackRequestProcessor:621 - CMSIS Pack Vendor :STMicroelectronics X-CUBE-AZRTOS-L5 2.0.0
2025-11-30 09:58:38,455 [INFO] ThirdPartyPackRequestProcessor:621 - CMSIS Pack Vendor :STMicroelectronics USB_DEVICE 2.0.0
2025-11-30 09:58:38,455 [INFO] ThirdPartyPackRequestProcessor:621 - CMSIS Pack Vendor :STMicroelectronics X-CUBE-NFC6 3.1.0
2025-11-30 09:58:38,455 [INFO] ThirdPartyPackRequestProcessor:621 - CMSIS Pack Vendor :STMicroelectronics FP-SNS-MOTENV1 5.1.0
2025-11-30 09:58:38,455 [INFO] ThirdPartyPackRequestProcessor:621 - CMSIS Pack Vendor :STMicroelectronics FreeRTOS 0.0.1
2025-11-30 09:58:38,455 [INFO] ThirdPartyPackRequestProcessor:621 - CMSIS Pack Vendor :Infineon AIROC-Wi-Fi-Bluetooth-STM32 1.7.1
2025-11-30 09:58:38,455 [INFO] ThirdPartyPackRequestProcessor:621 - CMSIS Pack Vendor :STMicroelectronics PDM2PCM 3.3.0
2025-11-30 09:58:38,456 [INFO] ThirdPartyPackRequestProcessor:621 - CMSIS Pack Vendor :STMicroelectronics X-CUBE-AZRTOS-H7 3.4.0
2025-11-30 09:58:38,456 [INFO] ThirdPartyPackRequestProcessor:621 - CMSIS Pack Vendor :STMicroelectronics X-CUBE-DISPLAY 3.0.0
2025-11-30 09:58:38,456 [INFO] ThirdPartyPackRequestProcessor:621 - CMSIS Pack Vendor :STMicroelectronics X-CUBE-NFC10 1.0.0
2025-11-30 09:58:38,456 [INFO] ThirdPartyPackRequestProcessor:621 - CMSIS Pack Vendor :STMicroelectronics X-CUBE-FREERTOS 1.3.1
2025-11-30 09:58:38,456 [INFO] ThirdPartyPackRequestProcessor:621 - CMSIS Pack Vendor :STMicroelectronics HAL Drivers 0.0.0
2025-11-30 09:58:38,456 [INFO] ThirdPartyPackRequestProcessor:621 - CMSIS Pack Vendor :STMicroelectronics X-CUBE-ST60 1.1.0
2025-11-30 09:58:38,456 [INFO] ThirdPartyPackRequestProcessor:621 - CMSIS Pack Vendor :emotas I-CUBE-CANOPEN 1.3.0
2025-11-30 09:58:38,456 [INFO] ThirdPartyPackRequestProcessor:621 - CMSIS Pack Vendor :STMicroelectronics MBEDTLS 2.14.1
2025-11-30 09:58:38,456 [INFO] ThirdPartyPackRequestProcessor:621 - CMSIS Pack Vendor :STMicroelectronics X-CUBE-GNSS1 7.1.0
2025-11-30 09:58:38,456 [INFO] ThirdPartyPackRequestProcessor:621 - CMSIS Pack Vendor :STMicroelectronics X-CUBE-TOUCHGFX 4.26.0
2025-11-30 09:58:38,456 [INFO] ThirdPartyPackRequestProcessor:621 - CMSIS Pack Vendor :STMicroelectronics FP-SNS-STBOX1 2.1.0
2025-11-30 09:58:38,456 [INFO] ThirdPartyPackRequestProcessor:621 - CMSIS Pack Vendor :STMicroelectronics FP-SNS-STAIOTCFT 1.0.0
2025-11-30 09:58:38,456 [INFO] ThirdPartyPackRequestProcessor:621 - CMSIS Pack Vendor :STMicroelectronics FP-SNS-SMARTAG2 1.2.0
2025-11-30 09:58:38,456 [INFO] ThirdPartyPackRequestProcessor:621 - CMSIS Pack Vendor :STMicroelectronics FP-SNS-FLIGHT1 5.1.0
2025-11-30 09:58:38,456 [INFO] ThirdPartyPackRequestProcessor:621 - CMSIS Pack Vendor :STMicroelectronics X-CUBE-AZRTOS-WL 2.0.0
2025-11-30 09:58:38,456 [INFO] ThirdPartyPackRequestProcessor:621 - CMSIS Pack Vendor :STMicroelectronics X-CUBE-DPower 1.3.0
2025-11-30 09:58:38,456 [INFO] ThirdPartyPackRequestProcessor:621 - CMSIS Pack Vendor :STMicroelectronics FP-SNS-MOTENV1 5.0.0
2025-11-30 09:58:38,456 [INFO] ThirdPartyPackRequestProcessor:621 - CMSIS Pack Vendor :STMicroelectronics USB_DEVICE 1.0.0
2025-11-30 09:58:38,456 [INFO] ThirdPartyPackRequestProcessor:621 - CMSIS Pack Vendor :STMicroelectronics X-CUBE-AZRTOS-H7RS 1.2.0
2025-11-30 09:58:38,456 [INFO] ThirdPartyPackRequestProcessor:621 - CMSIS Pack Vendor :STMicroelectronics X-CUBE-AZRTOS-L4 2.0.0
2025-11-30 09:58:38,456 [INFO] ThirdPartyPackRequestProcessor:621 - CMSIS Pack Vendor :STMicroelectronics ThreadX 0.0.2
2025-11-30 09:58:38,456 [INFO] ThirdPartyPackRequestProcessor:621 - CMSIS Pack Vendor :WES I-CUBE-Cesium 1.3.0
2025-11-30 09:58:38,456 [INFO] ThirdPartyPackRequestProcessor:621 - CMSIS Pack Vendor :STMicroelectronics lwIP 2.1.2
2025-11-30 09:58:38,456 [INFO] ThirdPartyPackRequestProcessor:621 - CMSIS Pack Vendor :STMicroelectronics X-CUBE-SFXS2LP1 4.0.0
2025-11-30 09:58:38,456 [INFO] ThirdPartyPackRequestProcessor:621 - CMSIS Pack Vendor :STMicroelectronics X-CUBE-BLE2 3.3.0
2025-11-30 09:58:38,456 [INFO] ThirdPartyPackRequestProcessor:621 - CMSIS Pack Vendor :Avnet-IOTCONNECT X-CUBE-iotc-st67-sdk 1.0.0
2025-11-30 09:58:38,456 [INFO] ThirdPartyPackRequestProcessor:621 - CMSIS Pack Vendor :STMicroelectronics PDM2PCM 3.2.0
2025-11-30 09:58:38,456 [INFO] ThirdPartyPackRequestProcessor:621 - CMSIS Pack Vendor :STMicroelectronics X-CUBE-AZRTOS-H7 3.3.0
2025-11-30 09:58:38,456 [INFO] ThirdPartyPackRequestProcessor:621 - CMSIS Pack Vendor :STMicroelectronics X-CUBE-NFC9 1.0.0
2025-11-30 09:58:38,456 [INFO] ThirdPartyPackRequestProcessor:621 - CMSIS Pack Vendor :wolfSSL I-CUBE-wolfSSL 5.8.0
2025-11-30 09:58:38,456 [INFO] ThirdPartyPackRequestProcessor:621 - CMSIS Pack Vendor :STMicroelectronics X-CUBE-BLE1 7.1.0
2025-11-30 09:58:38,456 [INFO] ThirdPartyPackRequestProcessor:621 - CMSIS Pack Vendor :wolfSSL I-CUBE-wolfMQTT 1.19.2
2025-11-30 09:58:38,456 [INFO] ThirdPartyPackRequestProcessor:621 - CMSIS Pack Vendor :STMicroelectronics USB_DEVICE 3.0.0
2025-11-30 09:58:38,456 [INFO] ThirdPartyPackRequestProcessor:621 - CMSIS Pack Vendor :STMicroelectronics X-CUBE-FREERTOS 1.4.0
2025-11-30 09:58:38,456 [INFO] ThirdPartyPackRequestProcessor:621 - CMSIS Pack Vendor :STMicroelectronics X-CUBE-EEPRMA1 5.2.0
2025-11-30 09:58:38,456 [INFO] ThirdPartyPackRequestProcessor:621 - CMSIS Pack Vendor :STMicroelectronics X-CUBE-BLEMGR 4.1.0
2025-11-30 09:58:38,456 [INFO] ThirdPartyPackRequestProcessor:621 - CMSIS Pack Vendor :STMicroelectronics X-CUBE-AZRTOS-WB 2.0.0
2025-11-30 09:58:38,456 [INFO] ThirdPartyPackRequestProcessor:621 - CMSIS Pack Vendor :STMicroelectronics X-CUBE-GNSS1 7.0.1
2025-11-30 09:58:38,456 [INFO] ThirdPartyPackRequestProcessor:621 - CMSIS Pack Vendor :STMicroelectronics X-CUBE-TOUCHGFX 4.25.0
2025-11-30 09:58:38,456 [INFO] ThirdPartyPackRequestProcessor:621 - CMSIS Pack Vendor :STMicroelectronics X-CUBE-ST67W61 1.1.0
2025-11-30 09:58:38,456 [INFO] ThirdPartyPackRequestProcessor:621 - CMSIS Pack Vendor :STMicroelectronics X-CUBE-AI 10.1.0
2025-11-30 09:58:38,456 [INFO] ThirdPartyPackRequestProcessor:621 - CMSIS Pack Vendor :STMicroelectronics FP-SNS-STBOX1 2.0.0
2025-11-30 09:58:38,456 [INFO] ThirdPartyPackRequestProcessor:621 - CMSIS Pack Vendor :quantropi X-CUBE-qispace-sdk-base 2.1.0
2025-11-30 09:58:38,456 [INFO] ThirdPartyPackRequestProcessor:621 - CMSIS Pack Vendor :STMicroelectronics X-CUBE-MEMS1 12.0.0
2025-11-30 09:58:38,457 [INFO] ThirdPartyPackRequestProcessor:621 - CMSIS Pack Vendor :STMicroelectronics X-CUBE-AZRTOS-G0 1.1.0
2025-11-30 09:58:38,457 [INFO] ThirdPartyPackRequestProcessor:621 - CMSIS Pack Vendor :STMicroelectronics X-CUBE-SAFEA1 1.2.2
2025-11-30 09:58:38,457 [INFO] ThirdPartyPackRequestProcessor:621 - CMSIS Pack Vendor :STMicroelectronics X-CUBE-NFC4 3.0.0
2025-11-30 09:58:38,457 [INFO] ThirdPartyPackRequestProcessor:621 - CMSIS Pack Vendor :STMicroelectronics X-CUBE-SUBG2 5.0.0
2025-11-30 09:58:38,457 [INFO] ThirdPartyPackRequestProcessor:621 - CMSIS Pack Vendor :STMicroelectronics X-CUBE-AZRTOS-H7RS 1.1.0
2025-11-30 09:58:38,457 [INFO] ThirdPartyPackRequestProcessor:621 - CMSIS Pack Vendor :STMicroelectronics STM32_WPAN 1.0.0
2025-11-30 09:58:38,457 [INFO] ThirdPartyPackRequestProcessor:621 - CMSIS Pack Vendor :EmbeddedOffice I-CUBE-FS-RTOS 1.0.1
2025-11-30 09:58:38,457 [INFO] ThirdPartyPackRequestProcessor:621 - CMSIS Pack Vendor :STMicroelectronics lwIP 2.0.3
2025-11-30 09:58:38,457 [INFO] ThirdPartyPackRequestProcessor:621 - CMSIS Pack Vendor :Cesanta I-CUBE-Mongoose 7.13.0
2025-11-30 09:58:38,457 [INFO] ThirdPartyPackRequestProcessor:621 - CMSIS Pack Vendor :STMicroelectronics USB_HOST 1.0.0
2025-11-30 09:58:38,457 [INFO] ThirdPartyPackRequestProcessor:621 - CMSIS Pack Vendor :STMicroelectronics X-CUBE-AZRTOS-G4 2.0.0
2025-11-30 09:58:38,457 [INFO] ThirdPartyPackRequestProcessor:621 - CMSIS Pack Vendor :STMicroelectronics X-CUBE-WB05N 2.0.0
2025-11-30 09:58:38,457 [INFO] ThirdPartyPackRequestProcessor:621 - CMSIS Pack Vendor :STMicroelectronics PDM2PCM 3.1.0
2025-11-30 09:58:38,457 [INFO] ThirdPartyPackRequestProcessor:621 - CMSIS Pack Vendor :wolfSSL I-CUBE-wolfTPM 3.8.0
2025-11-30 09:58:38,457 [INFO] ThirdPartyPackRequestProcessor:621 - CMSIS Pack Vendor :wolfSSL I-CUBE-wolfSSH 1.4.20
2025-11-30 09:58:38,457 [INFO] ThirdPartyPackRequestProcessor:621 - CMSIS Pack Vendor :STMicroelectronics X-CUBE-NFC7 2.0.0
2025-11-30 09:58:38,457 [INFO] ThirdPartyPackRequestProcessor:621 - CMSIS Pack Vendor :STMicroelectronics X-CUBE-TCPP 4.2.0
2025-11-30 09:58:38,457 [INFO] ThirdPartyPackRequestProcessor:621 - CMSIS Pack Vendor :RealThread X-CUBE-RT-Thread_Nano 4.1.1
2025-11-30 09:58:38,457 [INFO] ThirdPartyPackRequestProcessor:621 - CMSIS Pack Vendor :STMicroelectronics FP-ATR-SIGFOX1 3.2.0
2025-11-30 09:58:38,457 [INFO] ThirdPartyPackRequestProcessor:621 - CMSIS Pack Vendor :STMicroelectronics MBEDTLS 2.16.2
2025-11-30 09:58:38,457 [INFO] ThirdPartyPackRequestProcessor:621 - CMSIS Pack Vendor :STMicroelectronics X-CUBE-IPS 3.1.0
2025-11-30 09:58:38,457 [INFO] ThirdPartyPackRequestProcessor:621 - CMSIS Pack Vendor :STMicroelectronics X-CUBE-ALS 1.0.2
2025-11-30 09:58:38,457 [INFO] ThirdPartyPackRequestProcessor:621 - CMSIS Pack Vendor :ITTIA_DB I-CUBE-ITTIADB 8.9.0
2025-11-30 09:58:38,457 [INFO] ThirdPartyPackRequestProcessor:621 - CMSIS Pack Vendor :STMicroelectronics X-CUBE-STSE01 1.0.0
2025-11-30 09:58:38,457 [INFO] ThirdPartyPackRequestProcessor:621 - CMSIS Pack Vendor :portGmbH I-Cube-SoM-uGOAL 1.1.0
2025-11-30 09:58:38,457 [INFO] ThirdPartyPackRequestProcessor:621 - CMSIS Pack Vendor :STMicroelectronics X-CUBE-ST67W61 1.0.0
2025-11-30 09:58:38,457 [INFO] ThirdPartyPackRequestProcessor:621 - CMSIS Pack Vendor :STMicroelectronics X-CUBE-AI 10.2.0
2025-11-30 09:58:38,457 [INFO] ThirdPartyPackRequestProcessor:621 - CMSIS Pack Vendor :STMicroelectronics ThreadX 1.0.0
2025-11-30 09:58:38,457 [INFO] ThirdPartyPackRequestProcessor:621 - CMSIS Pack Vendor :SEGGER I-CUBE-embOS 1.3.1
2025-11-30 09:58:38,457 [INFO] ThirdPartyPackRequestProcessor:621 - CMSIS Pack Vendor :STMicroelectronics X-CUBE-ALGOBUILD 1.4.0
2025-11-30 09:58:38,457 [INFO] ThirdPartyPackRequestProcessor:621 - CMSIS Pack Vendor :STMicroelectronics X-CUBE-MEMS1 11.3.0
2025-11-30 09:58:38,457 [INFO] ThirdPartyPackRequestProcessor:621 - CMSIS Pack Vendor :STMicroelectronics X-CUBE-TOF1 3.4.3
2025-11-30 09:58:38,457 [INFO] ThirdParty:514 - exiting critical section [add software pack]
2025-11-30 09:58:38,458 [INFO] LoadServerUpdatesThread:375 - End of LoadServerUpdate Thread
2025-11-30 09:58:38,593 [INFO] MainUpdater:1610 - ProgressBar Return now
2025-11-30 09:58:38,595 [INFO] CheckServerUpdateThread:120 - End of CheckServer Thread
2025-11-30 09:58:38,604 [INFO] TargetSelectorAdapter:740 - Download 'STMicroelectronics.X-CUBE-AZRTOS-H7.3.4.0' COMPLETED
2025-11-30 09:58:38,645 [INFO] ExampleToolKit:675 - [info] 2025/11/30 09:58:38
2025-11-30 09:58:38,646 [INFO] ExampleToolKit:723 - [info] Start Project: Nx_SNTP_Client
2025-11-30 09:58:38,646 [WARN] ExampleToolKit:785 - [WARNING] IDE PROJECT 'SW4STM32' NOT FOUND
2025-11-30 09:58:38,646 [INFO] ExampleToolKit:817 - [info] Project path: C:\Users\akash\Documents\git\STMPlayground\disco\Nx_SNTP_Client
2025-11-30 09:58:38,730 [ERROR] LogOutputStream:75 - [STDERR_REDIRECT] [Fatal Error] :1:1: Premature end of file.
2025-11-30 09:58:38,730 [ERROR] LogOutputStream:75 - [STDERR_REDIRECT] 
2025-11-30 09:58:38,767 [WARN] ExampleToolKit:2005 - [WARNING] Update IDE User File: .extSettings
2025-11-30 09:58:39,163 [WARN] ExampleToolKit:2178 - [WARNING] IDE PROJECT 'SW4STM32'NOT FOUND
2025-11-30 09:58:39,221 [INFO] ExampleToolKit:1070 - [info] SW Package located in: C:\Users\akash\STM32Cube\Repository\Packs\STMicroelectronics\X-CUBE-AZRTOS-H7\3.4.0
2025-11-30 09:58:39,221 [INFO] ExampleToolKit:1075 - [info] SW Package copy: LITE
2025-11-30 09:58:39,729 [ERROR] LogOutputStream:75 - [STDERR_REDIRECT] [Fatal Error] :1:1: Premature end of file.
2025-11-30 09:58:39,730 [ERROR] LogOutputStream:75 - [STDERR_REDIRECT] 
2025-11-30 09:58:40,727 [ERROR] LogOutputStream:75 - [STDERR_REDIRECT] [Fatal Error] :1:1: Premature end of file.
2025-11-30 09:58:40,727 [ERROR] LogOutputStream:75 - [STDERR_REDIRECT] 
2025-11-30 09:58:41,726 [ERROR] LogOutputStream:75 - [STDERR_REDIRECT] [Fatal Error] :1:1: Premature end of file.
2025-11-30 09:58:41,726 [ERROR] LogOutputStream:75 - [STDERR_REDIRECT] 
2025-11-30 09:58:42,728 [ERROR] LogOutputStream:75 - [STDERR_REDIRECT] [Fatal Error] :1:1: Premature end of file.
2025-11-30 09:58:42,728 [ERROR] LogOutputStream:75 - [STDERR_REDIRECT] 
2025-11-30 09:58:43,730 [ERROR] LogOutputStream:75 - [STDERR_REDIRECT] [Fatal Error] :1:1: Premature end of file.
2025-11-30 09:58:43,730 [ERROR] LogOutputStream:75 - [STDERR_REDIRECT] 
2025-11-30 09:58:44,726 [ERROR] LogOutputStream:75 - [STDERR_REDIRECT] [Fatal Error] :1:1: Premature end of file.
2025-11-30 09:58:44,726 [ERROR] LogOutputStream:75 - [STDERR_REDIRECT] 
2025-11-30 09:58:45,730 [ERROR] LogOutputStream:75 - [STDERR_REDIRECT] [Fatal Error] :1:1: Premature end of file.
2025-11-30 09:58:45,730 [ERROR] LogOutputStream:75 - [STDERR_REDIRECT] 
2025-11-30 09:58:46,729 [ERROR] LogOutputStream:75 - [STDERR_REDIRECT] [Fatal Error] :1:1: Premature end of file.
2025-11-30 09:58:46,729 [ERROR] LogOutputStream:75 - [STDERR_REDIRECT] 
2025-11-30 09:58:46,972 [INFO] ExampleToolKit:889 - [info] Project 'Nx_SNTP_Client' installed successfully
2025-11-30 09:58:46,972 [INFO] ExampleToolKit:915 - [info] 2025/11/30 09:58:46
2025-11-30 09:58:46,974 [INFO] ExampleToolKit:1034 - [info] Elapsed time: 0h 0m 8s 327ms
2025-11-30 09:58:47,728 [ERROR] LogOutputStream:75 - [STDERR_REDIRECT] [Fatal Error] :1:1: Premature end of file.
2025-11-30 09:58:47,728 [ERROR] LogOutputStream:75 - [STDERR_REDIRECT] 
2025-11-30 09:58:48,733 [ERROR] LogOutputStream:75 - [STDERR_REDIRECT] [Fatal Error] :1:1: Premature end of file.
2025-11-30 09:58:48,733 [ERROR] LogOutputStream:75 - [STDERR_REDIRECT] 
2025-11-30 09:58:49,145 [INFO] McuFinderGlobals:76 - Set McuFinderConnectedMode to true
2025-11-30 09:58:49,149 [INFO] ApiDb:448 - Save user favorites file C:\Users\akash/.stm32cubeide/favorites.mcus.txt: 0 item(s)
2025-11-30 09:58:49,149 [INFO] ApiDb:452 - User favorites MCUs=[]
2025-11-30 09:58:49,152 [INFO] ApiDb:448 - Save user favorites file C:\Users\akash/.stm32cubeide/favorites.boards.txt: 2 item(s)
2025-11-30 09:58:49,152 [INFO] ApiDb:452 - User favorites Boards=[NUCLEO-H755ZI-Q, STM32H747I-DISCO]
2025-11-30 09:58:49,154 [INFO] ApiDb:448 - Save user favorites file C:\Users\akash/.stm32cubeide/favorites.examples.txt: 1 item(s)
2025-11-30 09:58:49,154 [INFO] ApiDb:452 - User favorites Examples=[X-CUBE-AZRTOS-H7-SWX-17655]
2025-11-30 09:58:49,732 [ERROR] LogOutputStream:75 - [STDERR_REDIRECT] [Fatal Error] :1:1: Premature end of file.
2025-11-30 09:58:49,733 [ERROR] LogOutputStream:75 - [STDERR_REDIRECT] 
2025-11-30 09:58:50,730 [ERROR] LogOutputStream:75 - [STDERR_REDIRECT] [Fatal Error] :1:1: Premature end of file.
2025-11-30 09:58:50,732 [ERROR] LogOutputStream:75 - [STDERR_REDIRECT] 
2025-11-30 09:58:51,739 [ERROR] LogOutputStream:75 - [STDERR_REDIRECT] [Fatal Error] :1:1: Premature end of file.
2025-11-30 09:58:51,739 [ERROR] LogOutputStream:75 - [STDERR_REDIRECT] 
2025-11-30 09:58:52,733 [ERROR] LogOutputStream:75 - [STDERR_REDIRECT] [Fatal Error] :1:1: Premature end of file.
2025-11-30 09:58:52,733 [ERROR] LogOutputStream:75 - [STDERR_REDIRECT] 
2025-11-30 09:58:53,728 [ERROR] LogOutputStream:75 - [STDERR_REDIRECT] [Fatal Error] :1:1: Premature end of file.
2025-11-30 09:58:53,728 [ERROR] LogOutputStream:75 - [STDERR_REDIRECT] 
2025-11-30 09:58:54,730 [ERROR] LogOutputStream:75 - [STDERR_REDIRECT] [Fatal Error] :1:1: Premature end of file.
2025-11-30 09:58:54,730 [ERROR] LogOutputStream:75 - [STDERR_REDIRECT] 
2025-11-30 09:58:55,727 [ERROR] LogOutputStream:75 - [STDERR_REDIRECT] [Fatal Error] :1:1: Premature end of file.
2025-11-30 09:58:55,728 [ERROR] LogOutputStream:75 - [STDERR_REDIRECT] 
2025-11-30 09:58:56,730 [ERROR] LogOutputStream:75 - [STDERR_REDIRECT] [Fatal Error] :1:1: Premature end of file.
2025-11-30 09:58:56,730 [ERROR] LogOutputStream:75 - [STDERR_REDIRECT] 
2025-11-30 09:58:57,729 [ERROR] LogOutputStream:75 - [STDERR_REDIRECT] [Fatal Error] :1:1: Premature end of file.
2025-11-30 09:58:57,729 [ERROR] LogOutputStream:75 - [STDERR_REDIRECT] 
2025-11-30 09:58:58,729 [ERROR] LogOutputStream:75 - [STDERR_REDIRECT] [Fatal Error] :1:1: Premature end of file.
2025-11-30 09:58:58,729 [ERROR] LogOutputStream:75 - [STDERR_REDIRECT] 
2025-11-30 09:58:59,727 [ERROR] LogOutputStream:75 - [STDERR_REDIRECT] [Fatal Error] :1:1: Premature end of file.
2025-11-30 09:58:59,727 [ERROR] LogOutputStream:75 - [STDERR_REDIRECT] 
2025-11-30 09:59:00,728 [ERROR] LogOutputStream:75 - [STDERR_REDIRECT] [Fatal Error] :1:1: Premature end of file.
2025-11-30 09:59:00,728 [ERROR] LogOutputStream:75 - [STDERR_REDIRECT] 
2025-11-30 09:59:01,726 [ERROR] LogOutputStream:75 - [STDERR_REDIRECT] [Fatal Error] :1:1: Premature end of file.
2025-11-30 09:59:01,726 [ERROR] LogOutputStream:75 - [STDERR_REDIRECT] 
2025-11-30 09:59:02,728 [ERROR] LogOutputStream:75 - [STDERR_REDIRECT] [Fatal Error] :1:1: Premature end of file.
2025-11-30 09:59:02,728 [ERROR] LogOutputStream:75 - [STDERR_REDIRECT] 
2025-11-30 09:59:03,727 [ERROR] LogOutputStream:75 - [STDERR_REDIRECT] [Fatal Error] :1:1: Premature end of file.
2025-11-30 09:59:03,727 [ERROR] LogOutputStream:75 - [STDERR_REDIRECT] 
2025-11-30 09:59:04,727 [ERROR] LogOutputStream:75 - [STDERR_REDIRECT] [Fatal Error] :1:1: Premature end of file.
2025-11-30 09:59:04,728 [ERROR] LogOutputStream:75 - [STDERR_REDIRECT] 
2025-11-30 09:59:05,741 [ERROR] LogOutputStream:75 - [STDERR_REDIRECT] [Fatal Error] :1:1: Premature end of file.
2025-11-30 09:59:05,741 [ERROR] LogOutputStream:75 - [STDERR_REDIRECT] 
2025-11-30 09:59:06,729 [ERROR] LogOutputStream:75 - [STDERR_REDIRECT] [Fatal Error] :1:1: Premature end of file.
2025-11-30 09:59:06,729 [ERROR] LogOutputStream:75 - [STDERR_REDIRECT] 
2025-11-30 09:59:07,727 [ERROR] LogOutputStream:75 - [STDERR_REDIRECT] [Fatal Error] :1:1: Premature end of file.
2025-11-30 09:59:07,727 [ERROR] LogOutputStream:75 - [STDERR_REDIRECT] 
2025-11-30 09:59:08,727 [ERROR] LogOutputStream:75 - [STDERR_REDIRECT] [Fatal Error] :1:1: Premature end of file.
2025-11-30 09:59:08,727 [ERROR] LogOutputStream:75 - [STDERR_REDIRECT] 
2025-11-30 09:59:09,731 [ERROR] LogOutputStream:75 - [STDERR_REDIRECT] [Fatal Error] :1:1: Premature end of file.
2025-11-30 09:59:09,733 [ERROR] LogOutputStream:75 - [STDERR_REDIRECT] 
2025-11-30 09:59:10,727 [ERROR] LogOutputStream:75 - [STDERR_REDIRECT] [Fatal Error] :1:1: Premature end of file.
2025-11-30 09:59:10,728 [ERROR] LogOutputStream:75 - [STDERR_REDIRECT] 
2025-11-30 09:59:11,740 [ERROR] LogOutputStream:75 - [STDERR_REDIRECT] [Fatal Error] :1:1: Premature end of file.
2025-11-30 09:59:11,740 [ERROR] LogOutputStream:75 - [STDERR_REDIRECT] 
2025-11-30 09:59:12,728 [ERROR] LogOutputStream:75 - [STDERR_REDIRECT] [Fatal Error] :1:1: Premature end of file.
2025-11-30 09:59:12,728 [ERROR] LogOutputStream:75 - [STDERR_REDIRECT] 
2025-11-30 09:59:13,735 [ERROR] LogOutputStream:75 - [STDERR_REDIRECT] [Fatal Error] :1:1: Premature end of file.
2025-11-30 09:59:13,735 [ERROR] LogOutputStream:75 - [STDERR_REDIRECT] 
2025-11-30 09:59:14,728 [ERROR] LogOutputStream:75 - [STDERR_REDIRECT] [Fatal Error] :1:1: Premature end of file.
2025-11-30 09:59:14,728 [ERROR] LogOutputStream:75 - [STDERR_REDIRECT] 
2025-11-30 09:59:15,731 [ERROR] LogOutputStream:75 - [STDERR_REDIRECT] [Fatal Error] :1:1: Premature end of file.
2025-11-30 09:59:15,731 [ERROR] LogOutputStream:75 - [STDERR_REDIRECT] 
2025-11-30 09:59:16,749 [ERROR] LogOutputStream:75 - [STDERR_REDIRECT] [Fatal Error] :1:1: Premature end of file.
2025-11-30 09:59:16,750 [ERROR] LogOutputStream:75 - [STDERR_REDIRECT] 
2025-11-30 09:59:17,734 [ERROR] LogOutputStream:75 - [STDERR_REDIRECT] [Fatal Error] :1:1: Premature end of file.
2025-11-30 09:59:17,734 [ERROR] LogOutputStream:75 - [STDERR_REDIRECT] 
2025-11-30 09:59:18,735 [ERROR] LogOutputStream:75 - [STDERR_REDIRECT] [Fatal Error] :1:1: Premature end of file.
2025-11-30 09:59:18,735 [ERROR] LogOutputStream:75 - [STDERR_REDIRECT] 
2025-11-30 09:59:19,728 [ERROR] LogOutputStream:75 - [STDERR_REDIRECT] [Fatal Error] :1:1: Premature end of file.
2025-11-30 09:59:19,728 [ERROR] LogOutputStream:75 - [STDERR_REDIRECT] 
2025-11-30 09:59:20,728 [ERROR] LogOutputStream:75 - [STDERR_REDIRECT] [Fatal Error] :1:1: Premature end of file.
2025-11-30 09:59:20,728 [ERROR] LogOutputStream:75 - [STDERR_REDIRECT] 
2025-11-30 09:59:21,728 [ERROR] LogOutputStream:75 - [STDERR_REDIRECT] [Fatal Error] :1:1: Premature end of file.
2025-11-30 09:59:21,728 [ERROR] LogOutputStream:75 - [STDERR_REDIRECT] 
2025-11-30 09:59:22,727 [ERROR] LogOutputStream:75 - [STDERR_REDIRECT] [Fatal Error] :1:1: Premature end of file.
2025-11-30 09:59:22,727 [ERROR] LogOutputStream:75 - [STDERR_REDIRECT] 
2025-11-30 09:59:23,728 [ERROR] LogOutputStream:75 - [STDERR_REDIRECT] [Fatal Error] :1:1: Premature end of file.
2025-11-30 09:59:23,728 [ERROR] LogOutputStream:75 - [STDERR_REDIRECT] 
2025-11-30 09:59:24,728 [ERROR] LogOutputStream:75 - [STDERR_REDIRECT] [Fatal Error] :1:1: Premature end of file.
2025-11-30 09:59:24,728 [ERROR] LogOutputStream:75 - [STDERR_REDIRECT] 
2025-11-30 09:59:25,727 [ERROR] LogOutputStream:75 - [STDERR_REDIRECT] [Fatal Error] :1:1: Premature end of file.
2025-11-30 09:59:25,728 [ERROR] LogOutputStream:75 - [STDERR_REDIRECT] 
2025-11-30 09:59:26,732 [ERROR] LogOutputStream:75 - [STDERR_REDIRECT] [Fatal Error] :1:1: Premature end of file.
2025-11-30 09:59:26,732 [ERROR] LogOutputStream:75 - [STDERR_REDIRECT] 
2025-11-30 09:59:27,727 [ERROR] LogOutputStream:75 - [STDERR_REDIRECT] [Fatal Error] :1:1: Premature end of file.
2025-11-30 09:59:27,727 [ERROR] LogOutputStream:75 - [STDERR_REDIRECT] 
2025-11-30 09:59:28,728 [ERROR] LogOutputStream:75 - [STDERR_REDIRECT] [Fatal Error] :1:1: Premature end of file.
2025-11-30 09:59:28,728 [ERROR] LogOutputStream:75 - [STDERR_REDIRECT] 
2025-11-30 09:59:29,729 [ERROR] LogOutputStream:75 - [STDERR_REDIRECT] [Fatal Error] :1:1: Premature end of file.
2025-11-30 09:59:29,729 [ERROR] LogOutputStream:75 - [STDERR_REDIRECT] 
2025-11-30 09:59:30,726 [ERROR] LogOutputStream:75 - [STDERR_REDIRECT] [Fatal Error] :1:1: Premature end of file.
2025-11-30 09:59:30,726 [ERROR] LogOutputStream:75 - [STDERR_REDIRECT] 
2025-11-30 09:59:31,735 [ERROR] LogOutputStream:75 - [STDERR_REDIRECT] [Fatal Error] :1:1: Premature end of file.
2025-11-30 09:59:31,735 [ERROR] LogOutputStream:75 - [STDERR_REDIRECT] 
2025-11-30 09:59:32,728 [ERROR] LogOutputStream:75 - [STDERR_REDIRECT] [Fatal Error] :1:1: Premature end of file.
2025-11-30 09:59:32,728 [ERROR] LogOutputStream:75 - [STDERR_REDIRECT] 
2025-11-30 09:59:33,738 [ERROR] LogOutputStream:75 - [STDERR_REDIRECT] [Fatal Error] :1:1: Premature end of file.
2025-11-30 09:59:33,738 [ERROR] LogOutputStream:75 - [STDERR_REDIRECT] 
2025-11-30 09:59:34,735 [ERROR] LogOutputStream:75 - [STDERR_REDIRECT] [Fatal Error] :1:1: Premature end of file.
2025-11-30 09:59:34,736 [ERROR] LogOutputStream:75 - [STDERR_REDIRECT] 
2025-11-30 09:59:35,728 [ERROR] LogOutputStream:75 - [STDERR_REDIRECT] [Fatal Error] :1:1: Premature end of file.
2025-11-30 09:59:35,728 [ERROR] LogOutputStream:75 - [STDERR_REDIRECT] 
2025-11-30 09:59:36,728 [ERROR] LogOutputStream:75 - [STDERR_REDIRECT] [Fatal Error] :1:1: Premature end of file.
2025-11-30 09:59:36,728 [ERROR] LogOutputStream:75 - [STDERR_REDIRECT] 
2025-11-30 09:59:37,727 [ERROR] LogOutputStream:75 - [STDERR_REDIRECT] [Fatal Error] :1:1: Premature end of file.
2025-11-30 09:59:37,727 [ERROR] LogOutputStream:75 - [STDERR_REDIRECT] 
2025-11-30 09:59:38,734 [ERROR] LogOutputStream:75 - [STDERR_REDIRECT] [Fatal Error] :1:1: Premature end of file.
2025-11-30 09:59:38,734 [ERROR] LogOutputStream:75 - [STDERR_REDIRECT] 
2025-11-30 09:59:39,727 [ERROR] LogOutputStream:75 - [STDERR_REDIRECT] [Fatal Error] :1:1: Premature end of file.
2025-11-30 09:59:39,727 [ERROR] LogOutputStream:75 - [STDERR_REDIRECT] 
2025-11-30 09:59:40,728 [ERROR] LogOutputStream:75 - [STDERR_REDIRECT] [Fatal Error] :1:1: Premature end of file.
2025-11-30 09:59:40,728 [ERROR] LogOutputStream:75 - [STDERR_REDIRECT] 
2025-11-30 09:59:41,729 [ERROR] LogOutputStream:75 - [STDERR_REDIRECT] [Fatal Error] :1:1: Premature end of file.
2025-11-30 09:59:41,729 [ERROR] LogOutputStream:75 - [STDERR_REDIRECT] 
2025-11-30 09:59:42,728 [ERROR] LogOutputStream:75 - [STDERR_REDIRECT] [Fatal Error] :1:1: Premature end of file.
2025-11-30 09:59:42,728 [ERROR] LogOutputStream:75 - [STDERR_REDIRECT] 
2025-11-30 09:59:43,726 [ERROR] LogOutputStream:75 - [STDERR_REDIRECT] [Fatal Error] :1:1: Premature end of file.
2025-11-30 09:59:43,728 [ERROR] LogOutputStream:75 - [STDERR_REDIRECT] 
2025-11-30 09:59:44,739 [ERROR] LogOutputStream:75 - [STDERR_REDIRECT] [Fatal Error] :1:1: Premature end of file.
2025-11-30 09:59:44,739 [ERROR] LogOutputStream:75 - [STDERR_REDIRECT] 
2025-11-30 09:59:45,728 [ERROR] LogOutputStream:75 - [STDERR_REDIRECT] [Fatal Error] :1:1: Premature end of file.
2025-11-30 09:59:45,728 [ERROR] LogOutputStream:75 - [STDERR_REDIRECT] 
2025-11-30 09:59:46,765 [ERROR] LogOutputStream:75 - [STDERR_REDIRECT] [Fatal Error] :1:1: Premature end of file.
2025-11-30 09:59:46,765 [ERROR] LogOutputStream:75 - [STDERR_REDIRECT] 
2025-11-30 09:59:47,728 [ERROR] LogOutputStream:75 - [STDERR_REDIRECT] [Fatal Error] :1:1: Premature end of file.
2025-11-30 09:59:47,728 [ERROR] LogOutputStream:75 - [STDERR_REDIRECT] 
2025-11-30 09:59:48,739 [ERROR] LogOutputStream:75 - [STDERR_REDIRECT] [Fatal Error] :1:1: Premature end of file.
2025-11-30 09:59:48,740 [ERROR] LogOutputStream:75 - [STDERR_REDIRECT] 
2025-11-30 09:59:49,728 [ERROR] LogOutputStream:75 - [STDERR_REDIRECT] [Fatal Error] :1:1: Premature end of file.
2025-11-30 09:59:49,728 [ERROR] LogOutputStream:75 - [STDERR_REDIRECT] 
2025-11-30 09:59:50,734 [ERROR] LogOutputStream:75 - [STDERR_REDIRECT] [Fatal Error] :1:1: Premature end of file.
2025-11-30 09:59:50,735 [ERROR] LogOutputStream:75 - [STDERR_REDIRECT] 
2025-11-30 09:59:51,728 [ERROR] LogOutputStream:75 - [STDERR_REDIRECT] [Fatal Error] :1:1: Premature end of file.
2025-11-30 09:59:51,728 [ERROR] LogOutputStream:75 - [STDERR_REDIRECT] 
2025-11-30 09:59:52,739 [ERROR] LogOutputStream:75 - [STDERR_REDIRECT] [Fatal Error] :1:1: Premature end of file.
2025-11-30 09:59:52,739 [ERROR] LogOutputStream:75 - [STDERR_REDIRECT] 
2025-11-30 09:59:53,729 [ERROR] LogOutputStream:75 - [STDERR_REDIRECT] [Fatal Error] :1:1: Premature end of file.
2025-11-30 09:59:53,729 [ERROR] LogOutputStream:75 - [STDERR_REDIRECT] 
2025-11-30 09:59:54,728 [ERROR] LogOutputStream:75 - [STDERR_REDIRECT] [Fatal Error] :1:1: Premature end of file.
2025-11-30 09:59:54,728 [ERROR] LogOutputStream:75 - [STDERR_REDIRECT] 
2025-11-30 09:59:55,728 [ERROR] LogOutputStream:75 - [STDERR_REDIRECT] [Fatal Error] :1:1: Premature end of file.
2025-11-30 09:59:55,728 [ERROR] LogOutputStream:75 - [STDERR_REDIRECT] 
2025-11-30 09:59:56,742 [ERROR] LogOutputStream:75 - [STDERR_REDIRECT] [Fatal Error] :1:1: Premature end of file.
2025-11-30 09:59:56,742 [ERROR] LogOutputStream:75 - [STDERR_REDIRECT] 
2025-11-30 09:59:57,727 [ERROR] LogOutputStream:75 - [STDERR_REDIRECT] [Fatal Error] :1:1: Premature end of file.
2025-11-30 09:59:57,727 [ERROR] LogOutputStream:75 - [STDERR_REDIRECT] 
2025-11-30 09:59:58,728 [ERROR] LogOutputStream:75 - [STDERR_REDIRECT] [Fatal Error] :1:1: Premature end of file.
2025-11-30 09:59:58,728 [ERROR] LogOutputStream:75 - [STDERR_REDIRECT] 
2025-11-30 09:59:59,729 [ERROR] LogOutputStream:75 - [STDERR_REDIRECT] [Fatal Error] :1:1: Premature end of file.
2025-11-30 09:59:59,730 [ERROR] LogOutputStream:75 - [STDERR_REDIRECT] 
2025-11-30 10:00:00,727 [ERROR] LogOutputStream:75 - [STDERR_REDIRECT] [Fatal Error] :1:1: Premature end of file.
2025-11-30 10:00:00,727 [ERROR] LogOutputStream:75 - [STDERR_REDIRECT] 
2025-11-30 10:00:01,737 [ERROR] LogOutputStream:75 - [STDERR_REDIRECT] [Fatal Error] :1:1: Premature end of file.
2025-11-30 10:00:01,738 [ERROR] LogOutputStream:75 - [STDERR_REDIRECT] 
2025-11-30 10:00:02,730 [ERROR] LogOutputStream:75 - [STDERR_REDIRECT] [Fatal Error] :1:1: Premature end of file.
2025-11-30 10:00:02,730 [ERROR] LogOutputStream:75 - [STDERR_REDIRECT] 
2025-11-30 10:00:03,727 [ERROR] LogOutputStream:75 - [STDERR_REDIRECT] [Fatal Error] :1:1: Premature end of file.
2025-11-30 10:00:03,727 [ERROR] LogOutputStream:75 - [STDERR_REDIRECT] 
2025-11-30 10:00:04,726 [ERROR] LogOutputStream:75 - [STDERR_REDIRECT] [Fatal Error] :1:1: Premature end of file.
2025-11-30 10:00:04,726 [ERROR] LogOutputStream:75 - [STDERR_REDIRECT] 
2025-11-30 10:00:05,729 [ERROR] LogOutputStream:75 - [STDERR_REDIRECT] [Fatal Error] :1:1: Premature end of file.
2025-11-30 10:00:05,729 [ERROR] LogOutputStream:75 - [STDERR_REDIRECT] 
2025-11-30 10:00:06,729 [ERROR] LogOutputStream:75 - [STDERR_REDIRECT] [Fatal Error] :1:1: Premature end of file.
2025-11-30 10:00:06,729 [ERROR] LogOutputStream:75 - [STDERR_REDIRECT] 
2025-11-30 10:00:07,727 [ERROR] LogOutputStream:75 - [STDERR_REDIRECT] [Fatal Error] :1:1: Premature end of file.
2025-11-30 10:00:07,727 [ERROR] LogOutputStream:75 - [STDERR_REDIRECT] 
2025-11-30 10:00:08,728 [ERROR] LogOutputStream:75 - [STDERR_REDIRECT] [Fatal Error] :1:1: Premature end of file.
2025-11-30 10:00:08,729 [ERROR] LogOutputStream:75 - [STDERR_REDIRECT] 
2025-11-30 10:00:09,728 [ERROR] LogOutputStream:75 - [STDERR_REDIRECT] [Fatal Error] :1:1: Premature end of file.
2025-11-30 10:00:09,728 [ERROR] LogOutputStream:75 - [STDERR_REDIRECT] 
2025-11-30 10:00:10,728 [ERROR] LogOutputStream:75 - [STDERR_REDIRECT] [Fatal Error] :1:1: Premature end of file.
2025-11-30 10:00:10,728 [ERROR] LogOutputStream:75 - [STDERR_REDIRECT] 
2025-11-30 10:00:11,737 [ERROR] LogOutputStream:75 - [STDERR_REDIRECT] [Fatal Error] :1:1: Premature end of file.
2025-11-30 10:00:11,737 [ERROR] LogOutputStream:75 - [STDERR_REDIRECT] 
2025-11-30 10:00:12,727 [ERROR] LogOutputStream:75 - [STDERR_REDIRECT] [Fatal Error] :1:1: Premature end of file.
2025-11-30 10:00:12,728 [ERROR] LogOutputStream:75 - [STDERR_REDIRECT] 
2025-11-30 10:00:13,729 [ERROR] LogOutputStream:75 - [STDERR_REDIRECT] [Fatal Error] :1:1: Premature end of file.
2025-11-30 10:00:13,729 [ERROR] LogOutputStream:75 - [STDERR_REDIRECT] 
2025-11-30 10:00:14,728 [ERROR] LogOutputStream:75 - [STDERR_REDIRECT] [Fatal Error] :1:1: Premature end of file.
2025-11-30 10:00:14,728 [ERROR] LogOutputStream:75 - [STDERR_REDIRECT] 
2025-11-30 10:00:15,739 [ERROR] LogOutputStream:75 - [STDERR_REDIRECT] [Fatal Error] :1:1: Premature end of file.
2025-11-30 10:00:15,740 [ERROR] LogOutputStream:75 - [STDERR_REDIRECT] 
2025-11-30 10:00:16,747 [ERROR] LogOutputStream:75 - [STDERR_REDIRECT] [Fatal Error] :1:1: Premature end of file.
2025-11-30 10:00:16,747 [ERROR] LogOutputStream:75 - [STDERR_REDIRECT] 
2025-11-30 10:00:17,726 [ERROR] LogOutputStream:75 - [STDERR_REDIRECT] [Fatal Error] :1:1: Premature end of file.
2025-11-30 10:00:17,726 [ERROR] LogOutputStream:75 - [STDERR_REDIRECT] 
2025-11-30 10:00:18,729 [ERROR] LogOutputStream:75 - [STDERR_REDIRECT] [Fatal Error] :1:1: Premature end of file.
2025-11-30 10:00:18,729 [ERROR] LogOutputStream:75 - [STDERR_REDIRECT] 
2025-11-30 10:00:19,728 [ERROR] LogOutputStream:75 - [STDERR_REDIRECT] [Fatal Error] :1:1: Premature end of file.
2025-11-30 10:00:19,728 [ERROR] LogOutputStream:75 - [STDERR_REDIRECT] 
2025-11-30 10:00:20,728 [ERROR] LogOutputStream:75 - [STDERR_REDIRECT] [Fatal Error] :1:1: Premature end of file.
2025-11-30 10:00:20,728 [ERROR] LogOutputStream:75 - [STDERR_REDIRECT] 
2025-11-30 10:00:21,741 [ERROR] LogOutputStream:75 - [STDERR_REDIRECT] [Fatal Error] :1:1: Premature end of file.
2025-11-30 10:00:21,741 [ERROR] LogOutputStream:75 - [STDERR_REDIRECT] 
2025-11-30 10:00:22,728 [ERROR] LogOutputStream:75 - [STDERR_REDIRECT] [Fatal Error] :1:1: Premature end of file.
2025-11-30 10:00:22,728 [ERROR] LogOutputStream:75 - [STDERR_REDIRECT] 
2025-11-30 10:00:23,727 [ERROR] LogOutputStream:75 - [STDERR_REDIRECT] [Fatal Error] :1:1: Premature end of file.
2025-11-30 10:00:23,727 [ERROR] LogOutputStream:75 - [STDERR_REDIRECT] 
2025-11-30 10:00:24,727 [ERROR] LogOutputStream:75 - [STDERR_REDIRECT] [Fatal Error] :1:1: Premature end of file.
2025-11-30 10:00:24,727 [ERROR] LogOutputStream:75 - [STDERR_REDIRECT] 
2025-11-30 10:00:25,733 [ERROR] LogOutputStream:75 - [STDERR_REDIRECT] [Fatal Error] :1:1: Premature end of file.
2025-11-30 10:00:25,733 [ERROR] LogOutputStream:75 - [STDERR_REDIRECT] 
2025-11-30 10:00:26,727 [ERROR] LogOutputStream:75 - [STDERR_REDIRECT] [Fatal Error] :1:1: Premature end of file.
2025-11-30 10:00:26,727 [ERROR] LogOutputStream:75 - [STDERR_REDIRECT] 
2025-11-30 10:00:27,742 [ERROR] LogOutputStream:75 - [STDERR_REDIRECT] [Fatal Error] :1:1: Premature end of file.
2025-11-30 10:00:27,742 [ERROR] LogOutputStream:75 - [STDERR_REDIRECT] 
2025-11-30 10:00:28,729 [ERROR] LogOutputStream:75 - [STDERR_REDIRECT] [Fatal Error] :1:1: Premature end of file.
2025-11-30 10:00:28,729 [ERROR] LogOutputStream:75 - [STDERR_REDIRECT] 
2025-11-30 10:00:29,728 [ERROR] LogOutputStream:75 - [STDERR_REDIRECT] [Fatal Error] :1:1: Premature end of file.
2025-11-30 10:00:29,728 [ERROR] LogOutputStream:75 - [STDERR_REDIRECT] 
2025-11-30 10:00:30,728 [ERROR] LogOutputStream:75 - [STDERR_REDIRECT] [Fatal Error] :1:1: Premature end of file.
2025-11-30 10:00:30,728 [ERROR] LogOutputStream:75 - [STDERR_REDIRECT] 
2025-11-30 10:00:31,727 [ERROR] LogOutputStream:75 - [STDERR_REDIRECT] [Fatal Error] :1:1: Premature end of file.
2025-11-30 10:00:31,727 [ERROR] LogOutputStream:75 - [STDERR_REDIRECT] 
2025-11-30 10:00:32,728 [ERROR] LogOutputStream:75 - [STDERR_REDIRECT] [Fatal Error] :1:1: Premature end of file.
2025-11-30 10:00:32,728 [ERROR] LogOutputStream:75 - [STDERR_REDIRECT] 
2025-11-30 10:00:33,728 [ERROR] LogOutputStream:75 - [STDERR_REDIRECT] [Fatal Error] :1:1: Premature end of file.
2025-11-30 10:00:33,728 [ERROR] LogOutputStream:75 - [STDERR_REDIRECT] 
2025-11-30 10:00:34,737 [ERROR] LogOutputStream:75 - [STDERR_REDIRECT] [Fatal Error] :1:1: Premature end of file.
2025-11-30 10:00:34,737 [ERROR] LogOutputStream:75 - [STDERR_REDIRECT] 
2025-11-30 10:00:35,729 [ERROR] LogOutputStream:75 - [STDERR_REDIRECT] [Fatal Error] :1:1: Premature end of file.
2025-11-30 10:00:35,729 [ERROR] LogOutputStream:75 - [STDERR_REDIRECT] 
2025-11-30 10:00:36,728 [ERROR] LogOutputStream:75 - [STDERR_REDIRECT] [Fatal Error] :1:1: Premature end of file.
2025-11-30 10:00:36,728 [ERROR] LogOutputStream:75 - [STDERR_REDIRECT] 
2025-11-30 10:00:37,740 [ERROR] LogOutputStream:75 - [STDERR_REDIRECT] [Fatal Error] :1:1: Premature end of file.
2025-11-30 10:00:37,740 [ERROR] LogOutputStream:75 - [STDERR_REDIRECT] 
2025-11-30 10:00:38,728 [ERROR] LogOutputStream:75 - [STDERR_REDIRECT] [Fatal Error] :1:1: Premature end of file.
2025-11-30 10:00:38,728 [ERROR] LogOutputStream:75 - [STDERR_REDIRECT] 
2025-11-30 10:00:39,733 [ERROR] LogOutputStream:75 - [STDERR_REDIRECT] [Fatal Error] :1:1: Premature end of file.
2025-11-30 10:00:39,733 [ERROR] LogOutputStream:75 - [STDERR_REDIRECT] 
2025-11-30 10:00:40,726 [ERROR] LogOutputStream:75 - [STDERR_REDIRECT] [Fatal Error] :1:1: Premature end of file.
2025-11-30 10:00:40,726 [ERROR] LogOutputStream:75 - [STDERR_REDIRECT] 
2025-11-30 10:00:41,738 [ERROR] LogOutputStream:75 - [STDERR_REDIRECT] [Fatal Error] :1:1: Premature end of file.
2025-11-30 10:00:41,738 [ERROR] LogOutputStream:75 - [STDERR_REDIRECT] 
2025-11-30 10:00:42,727 [ERROR] LogOutputStream:75 - [STDERR_REDIRECT] [Fatal Error] :1:1: Premature end of file.
2025-11-30 10:00:42,728 [ERROR] LogOutputStream:75 - [STDERR_REDIRECT] 
2025-11-30 10:00:43,741 [ERROR] LogOutputStream:75 - [STDERR_REDIRECT] [Fatal Error] :1:1: Premature end of file.
2025-11-30 10:00:43,742 [ERROR] LogOutputStream:75 - [STDERR_REDIRECT] 
2025-11-30 10:00:44,728 [ERROR] LogOutputStream:75 - [STDERR_REDIRECT] [Fatal Error] :1:1: Premature end of file.
2025-11-30 10:00:44,728 [ERROR] LogOutputStream:75 - [STDERR_REDIRECT] 
2025-11-30 10:00:45,730 [ERROR] LogOutputStream:75 - [STDERR_REDIRECT] [Fatal Error] :1:1: Premature end of file.
2025-11-30 10:00:45,730 [ERROR] LogOutputStream:75 - [STDERR_REDIRECT] 
2025-11-30 10:00:46,744 [ERROR] LogOutputStream:75 - [STDERR_REDIRECT] [Fatal Error] :1:1: Premature end of file.
2025-11-30 10:00:46,744 [ERROR] LogOutputStream:75 - [STDERR_REDIRECT] 
2025-11-30 10:00:47,729 [ERROR] LogOutputStream:75 - [STDERR_REDIRECT] [Fatal Error] :1:1: Premature end of file.
2025-11-30 10:00:47,729 [ERROR] LogOutputStream:75 - [STDERR_REDIRECT] 
2025-11-30 10:00:48,728 [ERROR] LogOutputStream:75 - [STDERR_REDIRECT] [Fatal Error] :1:1: Premature end of file.
2025-11-30 10:00:48,728 [ERROR] LogOutputStream:75 - [STDERR_REDIRECT] 
2025-11-30 10:00:49,727 [ERROR] LogOutputStream:75 - [STDERR_REDIRECT] [Fatal Error] :1:1: Premature end of file.
2025-11-30 10:00:49,728 [ERROR] LogOutputStream:75 - [STDERR_REDIRECT] 
2025-11-30 10:00:50,739 [ERROR] LogOutputStream:75 - [STDERR_REDIRECT] [Fatal Error] :1:1: Premature end of file.
2025-11-30 10:00:50,739 [ERROR] LogOutputStream:75 - [STDERR_REDIRECT] 
2025-11-30 10:00:51,728 [ERROR] LogOutputStream:75 - [STDERR_REDIRECT] [Fatal Error] :1:1: Premature end of file.
2025-11-30 10:00:51,728 [ERROR] LogOutputStream:75 - [STDERR_REDIRECT] 
2025-11-30 10:00:52,739 [ERROR] LogOutputStream:75 - [STDERR_REDIRECT] [Fatal Error] :1:1: Premature end of file.
2025-11-30 10:00:52,739 [ERROR] LogOutputStream:75 - [STDERR_REDIRECT] 
2025-11-30 10:00:53,727 [ERROR] LogOutputStream:75 - [STDERR_REDIRECT] [Fatal Error] :1:1: Premature end of file.
2025-11-30 10:00:53,727 [ERROR] LogOutputStream:75 - [STDERR_REDIRECT] 
2025-11-30 10:00:54,729 [ERROR] LogOutputStream:75 - [STDERR_REDIRECT] [Fatal Error] :1:1: Premature end of file.
2025-11-30 10:00:54,729 [ERROR] LogOutputStream:75 - [STDERR_REDIRECT] 
2025-11-30 10:00:55,727 [ERROR] LogOutputStream:75 - [STDERR_REDIRECT] [Fatal Error] :1:1: Premature end of file.
2025-11-30 10:00:55,727 [ERROR] LogOutputStream:75 - [STDERR_REDIRECT] 
2025-11-30 10:00:56,728 [ERROR] LogOutputStream:75 - [STDERR_REDIRECT] [Fatal Error] :1:1: Premature end of file.
2025-11-30 10:00:56,728 [ERROR] LogOutputStream:75 - [STDERR_REDIRECT] 
2025-11-30 10:00:57,729 [ERROR] LogOutputStream:75 - [STDERR_REDIRECT] [Fatal Error] :1:1: Premature end of file.
2025-11-30 10:00:57,729 [ERROR] LogOutputStream:75 - [STDERR_REDIRECT] 
2025-11-30 10:00:58,727 [ERROR] LogOutputStream:75 - [STDERR_REDIRECT] [Fatal Error] :1:1: Premature end of file.
2025-11-30 10:00:58,727 [ERROR] LogOutputStream:75 - [STDERR_REDIRECT] 
2025-11-30 10:00:59,738 [ERROR] LogOutputStream:75 - [STDERR_REDIRECT] [Fatal Error] :1:1: Premature end of file.
2025-11-30 10:00:59,738 [ERROR] LogOutputStream:75 - [STDERR_REDIRECT] 
2025-11-30 10:01:00,740 [ERROR] LogOutputStream:75 - [STDERR_REDIRECT] [Fatal Error] :1:1: Premature end of file.
2025-11-30 10:01:00,742 [ERROR] LogOutputStream:75 - [STDERR_REDIRECT] 
2025-11-30 10:01:01,726 [ERROR] LogOutputStream:75 - [STDERR_REDIRECT] [Fatal Error] :1:1: Premature end of file.
2025-11-30 10:01:01,726 [ERROR] LogOutputStream:75 - [STDERR_REDIRECT] 
2025-11-30 10:01:02,727 [ERROR] LogOutputStream:75 - [STDERR_REDIRECT] [Fatal Error] :1:1: Premature end of file.
2025-11-30 10:01:02,727 [ERROR] LogOutputStream:75 - [STDERR_REDIRECT] 
2025-11-30 10:01:03,730 [ERROR] LogOutputStream:75 - [STDERR_REDIRECT] [Fatal Error] :1:1: Premature end of file.
2025-11-30 10:01:03,730 [ERROR] LogOutputStream:75 - [STDERR_REDIRECT] 
2025-11-30 10:01:04,727 [ERROR] LogOutputStream:75 - [STDERR_REDIRECT] [Fatal Error] :1:1: Premature end of file.
2025-11-30 10:01:04,727 [ERROR] LogOutputStream:75 - [STDERR_REDIRECT] 
2025-11-30 10:01:05,730 [ERROR] LogOutputStream:75 - [STDERR_REDIRECT] [Fatal Error] :1:1: Premature end of file.
2025-11-30 10:01:05,730 [ERROR] LogOutputStream:75 - [STDERR_REDIRECT] 
2025-11-30 10:01:06,727 [ERROR] LogOutputStream:75 - [STDERR_REDIRECT] [Fatal Error] :1:1: Premature end of file.
2025-11-30 10:01:06,727 [ERROR] LogOutputStream:75 - [STDERR_REDIRECT] 
2025-11-30 10:01:07,728 [ERROR] LogOutputStream:75 - [STDERR_REDIRECT] [Fatal Error] :1:1: Premature end of file.
2025-11-30 10:01:07,728 [ERROR] LogOutputStream:75 - [STDERR_REDIRECT] 
2025-11-30 10:01:08,734 [ERROR] LogOutputStream:75 - [STDERR_REDIRECT] [Fatal Error] :1:1: Premature end of file.
2025-11-30 10:01:08,734 [ERROR] LogOutputStream:75 - [STDERR_REDIRECT] 
2025-11-30 10:01:09,728 [ERROR] LogOutputStream:75 - [STDERR_REDIRECT] [Fatal Error] :1:1: Premature end of file.
2025-11-30 10:01:09,728 [ERROR] LogOutputStream:75 - [STDERR_REDIRECT] 
2025-11-30 10:01:10,741 [ERROR] LogOutputStream:75 - [STDERR_REDIRECT] [Fatal Error] :1:1: Premature end of file.
2025-11-30 10:01:10,741 [ERROR] LogOutputStream:75 - [STDERR_REDIRECT] 
2025-11-30 10:01:11,726 [ERROR] LogOutputStream:75 - [STDERR_REDIRECT] [Fatal Error] :1:1: Premature end of file.
2025-11-30 10:01:11,726 [ERROR] LogOutputStream:75 - [STDERR_REDIRECT] 
2025-11-30 10:01:12,726 [ERROR] LogOutputStream:75 - [STDERR_REDIRECT] [Fatal Error] :1:1: Premature end of file.
2025-11-30 10:01:12,726 [ERROR] LogOutputStream:75 - [STDERR_REDIRECT] 
2025-11-30 10:01:13,728 [ERROR] LogOutputStream:75 - [STDERR_REDIRECT] [Fatal Error] :1:1: Premature end of file.
2025-11-30 10:01:13,728 [ERROR] LogOutputStream:75 - [STDERR_REDIRECT] 
2025-11-30 10:01:14,727 [ERROR] LogOutputStream:75 - [STDERR_REDIRECT] [Fatal Error] :1:1: Premature end of file.
2025-11-30 10:01:14,727 [ERROR] LogOutputStream:75 - [STDERR_REDIRECT] 
2025-11-30 10:01:15,728 [ERROR] LogOutputStream:75 - [STDERR_REDIRECT] [Fatal Error] :1:1: Premature end of file.
2025-11-30 10:01:15,728 [ERROR] LogOutputStream:75 - [STDERR_REDIRECT] 
2025-11-30 10:01:16,736 [ERROR] LogOutputStream:75 - [STDERR_REDIRECT] [Fatal Error] :1:1: Premature end of file.
2025-11-30 10:01:16,736 [ERROR] LogOutputStream:75 - [STDERR_REDIRECT] 
2025-11-30 10:01:17,727 [ERROR] LogOutputStream:75 - [STDERR_REDIRECT] [Fatal Error] :1:1: Premature end of file.
2025-11-30 10:01:17,727 [ERROR] LogOutputStream:75 - [STDERR_REDIRECT] 
2025-11-30 10:01:18,728 [ERROR] LogOutputStream:75 - [STDERR_REDIRECT] [Fatal Error] :1:1: Premature end of file.
2025-11-30 10:01:18,728 [ERROR] LogOutputStream:75 - [STDERR_REDIRECT] 
2025-11-30 10:01:19,728 [ERROR] LogOutputStream:75 - [STDERR_REDIRECT] [Fatal Error] :1:1: Premature end of file.
2025-11-30 10:01:19,728 [ERROR] LogOutputStream:75 - [STDERR_REDIRECT] 
2025-11-30 10:01:20,727 [ERROR] LogOutputStream:75 - [STDERR_REDIRECT] [Fatal Error] :1:1: Premature end of file.
2025-11-30 10:01:20,727 [ERROR] LogOutputStream:75 - [STDERR_REDIRECT] 
2025-11-30 10:01:21,728 [ERROR] LogOutputStream:75 - [STDERR_REDIRECT] [Fatal Error] :1:1: Premature end of file.
2025-11-30 10:01:21,728 [ERROR] LogOutputStream:75 - [STDERR_REDIRECT] 
2025-11-30 10:01:22,735 [ERROR] LogOutputStream:75 - [STDERR_REDIRECT] [Fatal Error] :1:1: Premature end of file.
2025-11-30 10:01:22,736 [ERROR] LogOutputStream:75 - [STDERR_REDIRECT] 
2025-11-30 10:01:23,727 [ERROR] LogOutputStream:75 - [STDERR_REDIRECT] [Fatal Error] :1:1: Premature end of file.
2025-11-30 10:01:23,727 [ERROR] LogOutputStream:75 - [STDERR_REDIRECT] 
2025-11-30 10:01:24,727 [ERROR] LogOutputStream:75 - [STDERR_REDIRECT] [Fatal Error] :1:1: Premature end of file.
2025-11-30 10:01:24,727 [ERROR] LogOutputStream:75 - [STDERR_REDIRECT] 
2025-11-30 10:01:25,730 [ERROR] LogOutputStream:75 - [STDERR_REDIRECT] [Fatal Error] :1:1: Premature end of file.
2025-11-30 10:01:25,730 [ERROR] LogOutputStream:75 - [STDERR_REDIRECT] 
2025-11-30 10:01:26,727 [ERROR] LogOutputStream:75 - [STDERR_REDIRECT] [Fatal Error] :1:1: Premature end of file.
2025-11-30 10:01:26,727 [ERROR] LogOutputStream:75 - [STDERR_REDIRECT] 
2025-11-30 10:01:27,736 [ERROR] LogOutputStream:75 - [STDERR_REDIRECT] [Fatal Error] :1:1: Premature end of file.
2025-11-30 10:01:27,736 [ERROR] LogOutputStream:75 - [STDERR_REDIRECT] 
2025-11-30 10:01:28,727 [ERROR] LogOutputStream:75 - [STDERR_REDIRECT] [Fatal Error] :1:1: Premature end of file.
2025-11-30 10:01:28,727 [ERROR] LogOutputStream:75 - [STDERR_REDIRECT] 
2025-11-30 10:01:29,727 [ERROR] LogOutputStream:75 - [STDERR_REDIRECT] [Fatal Error] :1:1: Premature end of file.
2025-11-30 10:01:29,728 [ERROR] LogOutputStream:75 - [STDERR_REDIRECT] 
2025-11-30 10:01:30,729 [ERROR] LogOutputStream:75 - [STDERR_REDIRECT] [Fatal Error] :1:1: Premature end of file.
2025-11-30 10:01:30,729 [ERROR] LogOutputStream:75 - [STDERR_REDIRECT] 
2025-11-30 10:01:31,728 [ERROR] LogOutputStream:75 - [STDERR_REDIRECT] [Fatal Error] :1:1: Premature end of file.
2025-11-30 10:01:31,728 [ERROR] LogOutputStream:75 - [STDERR_REDIRECT] 
2025-11-30 10:01:32,732 [ERROR] LogOutputStream:75 - [STDERR_REDIRECT] [Fatal Error] :1:1: Premature end of file.
2025-11-30 10:01:32,732 [ERROR] LogOutputStream:75 - [STDERR_REDIRECT] 
2025-11-30 10:01:33,728 [ERROR] LogOutputStream:75 - [STDERR_REDIRECT] [Fatal Error] :1:1: Premature end of file.
2025-11-30 10:01:33,728 [ERROR] LogOutputStream:75 - [STDERR_REDIRECT] 
2025-11-30 10:01:34,735 [ERROR] LogOutputStream:75 - [STDERR_REDIRECT] [Fatal Error] :1:1: Premature end of file.
2025-11-30 10:01:34,735 [ERROR] LogOutputStream:75 - [STDERR_REDIRECT] 
2025-11-30 10:01:35,727 [ERROR] LogOutputStream:75 - [STDERR_REDIRECT] [Fatal Error] :1:1: Premature end of file.
2025-11-30 10:01:35,728 [ERROR] LogOutputStream:75 - [STDERR_REDIRECT] 
2025-11-30 10:01:36,737 [ERROR] LogOutputStream:75 - [STDERR_REDIRECT] [Fatal Error] :1:1: Premature end of file.
2025-11-30 10:01:36,737 [ERROR] LogOutputStream:75 - [STDERR_REDIRECT] 
2025-11-30 10:01:37,726 [ERROR] LogOutputStream:75 - [STDERR_REDIRECT] [Fatal Error] :1:1: Premature end of file.
2025-11-30 10:01:37,726 [ERROR] LogOutputStream:75 - [STDERR_REDIRECT] 
2025-11-30 10:01:38,728 [ERROR] LogOutputStream:75 - [STDERR_REDIRECT] [Fatal Error] :1:1: Premature end of file.
2025-11-30 10:01:38,728 [ERROR] LogOutputStream:75 - [STDERR_REDIRECT] 
2025-11-30 10:01:39,736 [ERROR] LogOutputStream:75 - [STDERR_REDIRECT] [Fatal Error] :1:1: Premature end of file.
2025-11-30 10:01:39,736 [ERROR] LogOutputStream:75 - [STDERR_REDIRECT] 
2025-11-30 10:01:40,727 [ERROR] LogOutputStream:75 - [STDERR_REDIRECT] [Fatal Error] :1:1: Premature end of file.
2025-11-30 10:01:40,727 [ERROR] LogOutputStream:75 - [STDERR_REDIRECT] 
2025-11-30 10:01:41,727 [ERROR] LogOutputStream:75 - [STDERR_REDIRECT] [Fatal Error] :1:1: Premature end of file.
2025-11-30 10:01:41,728 [ERROR] LogOutputStream:75 - [STDERR_REDIRECT] 
2025-11-30 10:01:42,740 [ERROR] LogOutputStream:75 - [STDERR_REDIRECT] [Fatal Error] :1:1: Premature end of file.
2025-11-30 10:01:42,740 [ERROR] LogOutputStream:75 - [STDERR_REDIRECT] 
2025-11-30 10:01:43,726 [ERROR] LogOutputStream:75 - [STDERR_REDIRECT] [Fatal Error] :1:1: Premature end of file.
2025-11-30 10:01:43,726 [ERROR] LogOutputStream:75 - [STDERR_REDIRECT] 
2025-11-30 10:01:44,728 [ERROR] LogOutputStream:75 - [STDERR_REDIRECT] [Fatal Error] :1:1: Premature end of file.
2025-11-30 10:01:44,728 [ERROR] LogOutputStream:75 - [STDERR_REDIRECT] 
2025-11-30 10:01:45,730 [ERROR] LogOutputStream:75 - [STDERR_REDIRECT] [Fatal Error] :1:1: Premature end of file.
2025-11-30 10:01:45,730 [ERROR] LogOutputStream:75 - [STDERR_REDIRECT] 
2025-11-30 10:01:46,759 [ERROR] LogOutputStream:75 - [STDERR_REDIRECT] [Fatal Error] :1:1: Premature end of file.
2025-11-30 10:01:46,759 [ERROR] LogOutputStream:75 - [STDERR_REDIRECT] 
2025-11-30 10:01:47,727 [ERROR] LogOutputStream:75 - [STDERR_REDIRECT] [Fatal Error] :1:1: Premature end of file.
2025-11-30 10:01:47,727 [ERROR] LogOutputStream:75 - [STDERR_REDIRECT] 
2025-11-30 10:01:48,737 [ERROR] LogOutputStream:75 - [STDERR_REDIRECT] [Fatal Error] :1:1: Premature end of file.
2025-11-30 10:01:48,737 [ERROR] LogOutputStream:75 - [STDERR_REDIRECT] 
2025-11-30 10:01:49,732 [ERROR] LogOutputStream:75 - [STDERR_REDIRECT] [Fatal Error] :1:1: Premature end of file.
2025-11-30 10:01:49,732 [ERROR] LogOutputStream:75 - [STDERR_REDIRECT] 
2025-11-30 10:01:50,727 [ERROR] LogOutputStream:75 - [STDERR_REDIRECT] [Fatal Error] :1:1: Premature end of file.
2025-11-30 10:01:50,727 [ERROR] LogOutputStream:75 - [STDERR_REDIRECT] 
2025-11-30 10:01:51,727 [ERROR] LogOutputStream:75 - [STDERR_REDIRECT] [Fatal Error] :1:1: Premature end of file.
2025-11-30 10:01:51,727 [ERROR] LogOutputStream:75 - [STDERR_REDIRECT] 
2025-11-30 10:01:52,727 [ERROR] LogOutputStream:75 - [STDERR_REDIRECT] [Fatal Error] :1:1: Premature end of file.
2025-11-30 10:01:52,727 [ERROR] LogOutputStream:75 - [STDERR_REDIRECT] 
2025-11-30 10:01:53,728 [ERROR] LogOutputStream:75 - [STDERR_REDIRECT] [Fatal Error] :1:1: Premature end of file.
2025-11-30 10:01:53,728 [ERROR] LogOutputStream:75 - [STDERR_REDIRECT] 
2025-11-30 10:01:54,733 [ERROR] LogOutputStream:75 - [STDERR_REDIRECT] [Fatal Error] :1:1: Premature end of file.
2025-11-30 10:01:54,733 [ERROR] LogOutputStream:75 - [STDERR_REDIRECT] 
2025-11-30 10:01:55,726 [ERROR] LogOutputStream:75 - [STDERR_REDIRECT] [Fatal Error] :1:1: Premature end of file.
2025-11-30 10:01:55,726 [ERROR] LogOutputStream:75 - [STDERR_REDIRECT] 
2025-11-30 10:01:56,726 [ERROR] LogOutputStream:75 - [STDERR_REDIRECT] [Fatal Error] :1:1: Premature end of file.
2025-11-30 10:01:56,726 [ERROR] LogOutputStream:75 - [STDERR_REDIRECT] 
2025-11-30 10:01:57,728 [ERROR] LogOutputStream:75 - [STDERR_REDIRECT] [Fatal Error] :1:1: Premature end of file.
2025-11-30 10:01:57,728 [ERROR] LogOutputStream:75 - [STDERR_REDIRECT] 
2025-11-30 10:01:58,729 [ERROR] LogOutputStream:75 - [STDERR_REDIRECT] [Fatal Error] :1:1: Premature end of file.
2025-11-30 10:01:58,729 [ERROR] LogOutputStream:75 - [STDERR_REDIRECT] 
2025-11-30 10:01:59,727 [ERROR] LogOutputStream:75 - [STDERR_REDIRECT] [Fatal Error] :1:1: Premature end of file.
2025-11-30 10:01:59,727 [ERROR] LogOutputStream:75 - [STDERR_REDIRECT] 
2025-11-30 10:02:00,731 [ERROR] LogOutputStream:75 - [STDERR_REDIRECT] [Fatal Error] :1:1: Premature end of file.
2025-11-30 10:02:00,731 [ERROR] LogOutputStream:75 - [STDERR_REDIRECT] 
2025-11-30 10:02:01,727 [ERROR] LogOutputStream:75 - [STDERR_REDIRECT] [Fatal Error] :1:1: Premature end of file.
2025-11-30 10:02:01,727 [ERROR] LogOutputStream:75 - [STDERR_REDIRECT] 
2025-11-30 10:02:02,729 [ERROR] LogOutputStream:75 - [STDERR_REDIRECT] [Fatal Error] :1:1: Premature end of file.
2025-11-30 10:02:02,729 [ERROR] LogOutputStream:75 - [STDERR_REDIRECT] 
2025-11-30 10:02:03,728 [ERROR] LogOutputStream:75 - [STDERR_REDIRECT] [Fatal Error] :1:1: Premature end of file.
2025-11-30 10:02:03,728 [ERROR] LogOutputStream:75 - [STDERR_REDIRECT] 
2025-11-30 10:02:04,726 [ERROR] LogOutputStream:75 - [STDERR_REDIRECT] [Fatal Error] :1:1: Premature end of file.
2025-11-30 10:02:04,727 [ERROR] LogOutputStream:75 - [STDERR_REDIRECT] 
2025-11-30 10:02:05,727 [ERROR] LogOutputStream:75 - [STDERR_REDIRECT] [Fatal Error] :1:1: Premature end of file.
2025-11-30 10:02:05,727 [ERROR] LogOutputStream:75 - [STDERR_REDIRECT] 
2025-11-30 10:02:06,735 [ERROR] LogOutputStream:75 - [STDERR_REDIRECT] [Fatal Error] :1:1: Premature end of file.
2025-11-30 10:02:06,736 [ERROR] LogOutputStream:75 - [STDERR_REDIRECT] 
2025-11-30 10:02:07,727 [ERROR] LogOutputStream:75 - [STDERR_REDIRECT] [Fatal Error] :1:1: Premature end of file.
2025-11-30 10:02:07,727 [ERROR] LogOutputStream:75 - [STDERR_REDIRECT] 
2025-11-30 10:02:08,733 [ERROR] LogOutputStream:75 - [STDERR_REDIRECT] [Fatal Error] :1:1: Premature end of file.
2025-11-30 10:02:08,733 [ERROR] LogOutputStream:75 - [STDERR_REDIRECT] 
2025-11-30 10:02:09,736 [ERROR] LogOutputStream:75 - [STDERR_REDIRECT] [Fatal Error] :1:1: Premature end of file.
2025-11-30 10:02:09,736 [ERROR] LogOutputStream:75 - [STDERR_REDIRECT] 
2025-11-30 10:02:10,732 [ERROR] LogOutputStream:75 - [STDERR_REDIRECT] [Fatal Error] :1:1: Premature end of file.
2025-11-30 10:02:10,732 [ERROR] LogOutputStream:75 - [STDERR_REDIRECT] 
2025-11-30 10:02:11,735 [ERROR] LogOutputStream:75 - [STDERR_REDIRECT] [Fatal Error] :1:1: Premature end of file.
2025-11-30 10:02:11,735 [ERROR] LogOutputStream:75 - [STDERR_REDIRECT] 
2025-11-30 10:02:12,736 [ERROR] LogOutputStream:75 - [STDERR_REDIRECT] [Fatal Error] :1:1: Premature end of file.
2025-11-30 10:02:12,736 [ERROR] LogOutputStream:75 - [STDERR_REDIRECT] 
2025-11-30 10:02:13,733 [ERROR] LogOutputStream:75 - [STDERR_REDIRECT] [Fatal Error] :1:1: Premature end of file.
2025-11-30 10:02:13,733 [ERROR] LogOutputStream:75 - [STDERR_REDIRECT] 
2025-11-30 10:02:14,734 [ERROR] LogOutputStream:75 - [STDERR_REDIRECT] [Fatal Error] :1:1: Premature end of file.
2025-11-30 10:02:14,734 [ERROR] LogOutputStream:75 - [STDERR_REDIRECT] 
2025-11-30 10:02:15,736 [ERROR] LogOutputStream:75 - [STDERR_REDIRECT] [Fatal Error] :1:1: Premature end of file.
2025-11-30 10:02:15,736 [ERROR] LogOutputStream:75 - [STDERR_REDIRECT] 
2025-11-30 10:02:16,735 [ERROR] LogOutputStream:75 - [STDERR_REDIRECT] [Fatal Error] :1:1: Premature end of file.
2025-11-30 10:02:16,735 [ERROR] LogOutputStream:75 - [STDERR_REDIRECT] 
2025-11-30 10:02:17,735 [ERROR] LogOutputStream:75 - [STDERR_REDIRECT] [Fatal Error] :1:1: Premature end of file.
2025-11-30 10:02:17,735 [ERROR] LogOutputStream:75 - [STDERR_REDIRECT] 
2025-11-30 10:02:18,757 [ERROR] LogOutputStream:75 - [STDERR_REDIRECT] [Fatal Error] :1:1: Premature end of file.
2025-11-30 10:02:18,757 [ERROR] LogOutputStream:75 - [STDERR_REDIRECT] 
2025-11-30 10:02:19,750 [ERROR] LogOutputStream:75 - [STDERR_REDIRECT] [Fatal Error] :1:1: Premature end of file.
2025-11-30 10:02:19,751 [ERROR] LogOutputStream:75 - [STDERR_REDIRECT] 
2025-11-30 10:02:20,735 [ERROR] LogOutputStream:75 - [STDERR_REDIRECT] [Fatal Error] :1:1: Premature end of file.
2025-11-30 10:02:20,735 [ERROR] LogOutputStream:75 - [STDERR_REDIRECT] 
2025-11-30 10:02:21,736 [ERROR] LogOutputStream:75 - [STDERR_REDIRECT] [Fatal Error] :1:1: Premature end of file.
2025-11-30 10:02:21,736 [ERROR] LogOutputStream:75 - [STDERR_REDIRECT] 
2025-11-30 10:02:22,734 [ERROR] LogOutputStream:75 - [STDERR_REDIRECT] [Fatal Error] :1:1: Premature end of file.
2025-11-30 10:02:22,734 [ERROR] LogOutputStream:75 - [STDERR_REDIRECT] 
2025-11-30 10:02:23,737 [ERROR] LogOutputStream:75 - [STDERR_REDIRECT] [Fatal Error] :1:1: Premature end of file.
2025-11-30 10:02:23,737 [ERROR] LogOutputStream:75 - [STDERR_REDIRECT] 
2025-11-30 10:02:24,736 [ERROR] LogOutputStream:75 - [STDERR_REDIRECT] [Fatal Error] :1:1: Premature end of file.
2025-11-30 10:02:24,736 [ERROR] LogOutputStream:75 - [STDERR_REDIRECT] 
2025-11-30 10:02:25,737 [ERROR] LogOutputStream:75 - [STDERR_REDIRECT] [Fatal Error] :1:1: Premature end of file.
2025-11-30 10:02:25,737 [ERROR] LogOutputStream:75 - [STDERR_REDIRECT] 
2025-11-30 10:02:26,736 [ERROR] LogOutputStream:75 - [STDERR_REDIRECT] [Fatal Error] :1:1: Premature end of file.
2025-11-30 10:02:26,736 [ERROR] LogOutputStream:75 - [STDERR_REDIRECT] 
2025-11-30 10:02:27,734 [ERROR] LogOutputStream:75 - [STDERR_REDIRECT] [Fatal Error] :1:1: Premature end of file.
2025-11-30 10:02:27,734 [ERROR] LogOutputStream:75 - [STDERR_REDIRECT] 
2025-11-30 10:02:28,736 [ERROR] LogOutputStream:75 - [STDERR_REDIRECT] [Fatal Error] :1:1: Premature end of file.
2025-11-30 10:02:28,737 [ERROR] LogOutputStream:75 - [STDERR_REDIRECT] 
2025-11-30 10:02:29,733 [ERROR] LogOutputStream:75 - [STDERR_REDIRECT] [Fatal Error] :1:1: Premature end of file.
2025-11-30 10:02:29,733 [ERROR] LogOutputStream:75 - [STDERR_REDIRECT] 
2025-11-30 10:02:30,737 [ERROR] LogOutputStream:75 - [STDERR_REDIRECT] [Fatal Error] :1:1: Premature end of file.
2025-11-30 10:02:30,738 [ERROR] LogOutputStream:75 - [STDERR_REDIRECT] 
2025-11-30 10:02:31,740 [ERROR] LogOutputStream:75 - [STDERR_REDIRECT] [Fatal Error] :1:1: Premature end of file.
2025-11-30 10:02:31,740 [ERROR] LogOutputStream:75 - [STDERR_REDIRECT] 
2025-11-30 10:02:32,737 [ERROR] LogOutputStream:75 - [STDERR_REDIRECT] [Fatal Error] :1:1: Premature end of file.
2025-11-30 10:02:32,737 [ERROR] LogOutputStream:75 - [STDERR_REDIRECT] 
2025-11-30 10:02:33,733 [ERROR] LogOutputStream:75 - [STDERR_REDIRECT] [Fatal Error] :1:1: Premature end of file.
2025-11-30 10:02:33,733 [ERROR] LogOutputStream:75 - [STDERR_REDIRECT] 
2025-11-30 10:02:34,755 [ERROR] LogOutputStream:75 - [STDERR_REDIRECT] [Fatal Error] :1:1: Premature end of file.
2025-11-30 10:02:34,755 [ERROR] LogOutputStream:75 - [STDERR_REDIRECT] 
2025-11-30 10:02:35,737 [ERROR] LogOutputStream:75 - [STDERR_REDIRECT] [Fatal Error] :1:1: Premature end of file.
2025-11-30 10:02:35,737 [ERROR] LogOutputStream:75 - [STDERR_REDIRECT] 
2025-11-30 10:02:36,738 [ERROR] LogOutputStream:75 - [STDERR_REDIRECT] [Fatal Error] :1:1: Premature end of file.
2025-11-30 10:02:36,738 [ERROR] LogOutputStream:75 - [STDERR_REDIRECT] 
2025-11-30 10:02:37,736 [ERROR] LogOutputStream:75 - [STDERR_REDIRECT] [Fatal Error] :1:1: Premature end of file.
2025-11-30 10:02:37,736 [ERROR] LogOutputStream:75 - [STDERR_REDIRECT] 
2025-11-30 10:02:38,739 [ERROR] LogOutputStream:75 - [STDERR_REDIRECT] [Fatal Error] :1:1: Premature end of file.
2025-11-30 10:02:38,739 [ERROR] LogOutputStream:75 - [STDERR_REDIRECT] 
2025-11-30 10:02:39,735 [ERROR] LogOutputStream:75 - [STDERR_REDIRECT] [Fatal Error] :1:1: Premature end of file.
2025-11-30 10:02:39,735 [ERROR] LogOutputStream:75 - [STDERR_REDIRECT] 
2025-11-30 10:02:40,736 [ERROR] LogOutputStream:75 - [STDERR_REDIRECT] [Fatal Error] :1:1: Premature end of file.
2025-11-30 10:02:40,736 [ERROR] LogOutputStream:75 - [STDERR_REDIRECT] 
2025-11-30 10:02:41,741 [ERROR] LogOutputStream:75 - [STDERR_REDIRECT] [Fatal Error] :1:1: Premature end of file.
2025-11-30 10:02:41,741 [ERROR] LogOutputStream:75 - [STDERR_REDIRECT] 
2025-11-30 10:02:42,736 [ERROR] LogOutputStream:75 - [STDERR_REDIRECT] [Fatal Error] :1:1: Premature end of file.
2025-11-30 10:02:42,736 [ERROR] LogOutputStream:75 - [STDERR_REDIRECT] 
2025-11-30 10:02:43,737 [ERROR] LogOutputStream:75 - [STDERR_REDIRECT] [Fatal Error] :1:1: Premature end of file.
2025-11-30 10:02:43,737 [ERROR] LogOutputStream:75 - [STDERR_REDIRECT] 
2025-11-30 10:02:44,736 [ERROR] LogOutputStream:75 - [STDERR_REDIRECT] [Fatal Error] :1:1: Premature end of file.
2025-11-30 10:02:44,736 [ERROR] LogOutputStream:75 - [STDERR_REDIRECT] 
2025-11-30 10:02:45,736 [ERROR] LogOutputStream:75 - [STDERR_REDIRECT] [Fatal Error] :1:1: Premature end of file.
2025-11-30 10:02:45,737 [ERROR] LogOutputStream:75 - [STDERR_REDIRECT] 
2025-11-30 10:02:46,726 [ERROR] LogOutputStream:75 - [STDERR_REDIRECT] [Fatal Error] :1:1: Premature end of file.
2025-11-30 10:02:46,726 [ERROR] LogOutputStream:75 - [STDERR_REDIRECT] 
2025-11-30 10:02:47,737 [ERROR] LogOutputStream:75 - [STDERR_REDIRECT] [Fatal Error] :1:1: Premature end of file.
2025-11-30 10:02:47,737 [ERROR] LogOutputStream:75 - [STDERR_REDIRECT] 
2025-11-30 10:02:48,732 [ERROR] LogOutputStream:75 - [STDERR_REDIRECT] [Fatal Error] :1:1: Premature end of file.
2025-11-30 10:02:48,732 [ERROR] LogOutputStream:75 - [STDERR_REDIRECT] 
2025-11-30 10:02:49,734 [ERROR] LogOutputStream:75 - [STDERR_REDIRECT] [Fatal Error] :1:1: Premature end of file.
2025-11-30 10:02:49,734 [ERROR] LogOutputStream:75 - [STDERR_REDIRECT] 
2025-11-30 10:02:50,725 [ERROR] LogOutputStream:75 - [STDERR_REDIRECT] [Fatal Error] :1:1: Premature end of file.
2025-11-30 10:02:50,725 [ERROR] LogOutputStream:75 - [STDERR_REDIRECT] 
2025-11-30 10:02:51,727 [ERROR] LogOutputStream:75 - [STDERR_REDIRECT] [Fatal Error] :1:1: Premature end of file.
2025-11-30 10:02:51,728 [ERROR] LogOutputStream:75 - [STDERR_REDIRECT] 
2025-11-30 10:02:52,726 [ERROR] LogOutputStream:75 - [STDERR_REDIRECT] [Fatal Error] :1:1: Premature end of file.
2025-11-30 10:02:52,728 [ERROR] LogOutputStream:75 - [STDERR_REDIRECT] 
2025-11-30 10:02:53,731 [ERROR] LogOutputStream:75 - [STDERR_REDIRECT] [Fatal Error] :1:1: Premature end of file.
2025-11-30 10:02:53,731 [ERROR] LogOutputStream:75 - [STDERR_REDIRECT] 
2025-11-30 10:02:54,727 [ERROR] LogOutputStream:75 - [STDERR_REDIRECT] [Fatal Error] :1:1: Premature end of file.
2025-11-30 10:02:54,727 [ERROR] LogOutputStream:75 - [STDERR_REDIRECT] 
2025-11-30 10:02:55,729 [ERROR] LogOutputStream:75 - [STDERR_REDIRECT] [Fatal Error] :1:1: Premature end of file.
2025-11-30 10:02:55,729 [ERROR] LogOutputStream:75 - [STDERR_REDIRECT] 
2025-11-30 10:02:56,728 [ERROR] LogOutputStream:75 - [STDERR_REDIRECT] [Fatal Error] :1:1: Premature end of file.
2025-11-30 10:02:56,728 [ERROR] LogOutputStream:75 - [STDERR_REDIRECT] 
2025-11-30 10:02:57,735 [ERROR] LogOutputStream:75 - [STDERR_REDIRECT] [Fatal Error] :1:1: Premature end of file.
2025-11-30 10:02:57,735 [ERROR] LogOutputStream:75 - [STDERR_REDIRECT] 
2025-11-30 10:02:58,729 [ERROR] LogOutputStream:75 - [STDERR_REDIRECT] [Fatal Error] :1:1: Premature end of file.
2025-11-30 10:02:58,729 [ERROR] LogOutputStream:75 - [STDERR_REDIRECT] 
2025-11-30 10:02:59,736 [ERROR] LogOutputStream:75 - [STDERR_REDIRECT] [Fatal Error] :1:1: Premature end of file.
2025-11-30 10:02:59,736 [ERROR] LogOutputStream:75 - [STDERR_REDIRECT] 
2025-11-30 10:03:00,738 [ERROR] LogOutputStream:75 - [STDERR_REDIRECT] [Fatal Error] :1:1: Premature end of file.
2025-11-30 10:03:00,738 [ERROR] LogOutputStream:75 - [STDERR_REDIRECT] 
2025-11-30 10:03:01,737 [ERROR] LogOutputStream:75 - [STDERR_REDIRECT] [Fatal Error] :1:1: Premature end of file.
2025-11-30 10:03:01,737 [ERROR] LogOutputStream:75 - [STDERR_REDIRECT] 
2025-11-30 10:03:02,764 [ERROR] LogOutputStream:75 - [STDERR_REDIRECT] [Fatal Error] :1:1: Premature end of file.
2025-11-30 10:03:02,764 [ERROR] LogOutputStream:75 - [STDERR_REDIRECT] 
2025-11-30 10:03:03,735 [ERROR] LogOutputStream:75 - [STDERR_REDIRECT] [Fatal Error] :1:1: Premature end of file.
2025-11-30 10:03:03,735 [ERROR] LogOutputStream:75 - [STDERR_REDIRECT] 
2025-11-30 10:03:04,738 [ERROR] LogOutputStream:75 - [STDERR_REDIRECT] [Fatal Error] :1:1: Premature end of file.
2025-11-30 10:03:04,738 [ERROR] LogOutputStream:75 - [STDERR_REDIRECT] 
2025-11-30 10:03:05,735 [ERROR] LogOutputStream:75 - [STDERR_REDIRECT] [Fatal Error] :1:1: Premature end of file.
2025-11-30 10:03:05,735 [ERROR] LogOutputStream:75 - [STDERR_REDIRECT] 
2025-11-30 10:03:06,737 [ERROR] LogOutputStream:75 - [STDERR_REDIRECT] [Fatal Error] :1:1: Premature end of file.
2025-11-30 10:03:06,737 [ERROR] LogOutputStream:75 - [STDERR_REDIRECT] 
2025-11-30 10:03:07,739 [ERROR] LogOutputStream:75 - [STDERR_REDIRECT] [Fatal Error] :1:1: Premature end of file.
2025-11-30 10:03:07,739 [ERROR] LogOutputStream:75 - [STDERR_REDIRECT] 
2025-11-30 10:03:08,735 [ERROR] LogOutputStream:75 - [STDERR_REDIRECT] [Fatal Error] :1:1: Premature end of file.
2025-11-30 10:03:08,735 [ERROR] LogOutputStream:75 - [STDERR_REDIRECT] 
2025-11-30 10:03:09,735 [ERROR] LogOutputStream:75 - [STDERR_REDIRECT] [Fatal Error] :1:1: Premature end of file.
2025-11-30 10:03:09,735 [ERROR] LogOutputStream:75 - [STDERR_REDIRECT] 
2025-11-30 10:03:10,745 [ERROR] LogOutputStream:75 - [STDERR_REDIRECT] [Fatal Error] :1:1: Premature end of file.
2025-11-30 10:03:10,745 [ERROR] LogOutputStream:75 - [STDERR_REDIRECT] 
2025-11-30 10:03:11,737 [ERROR] LogOutputStream:75 - [STDERR_REDIRECT] [Fatal Error] :1:1: Premature end of file.
2025-11-30 10:03:11,737 [ERROR] LogOutputStream:75 - [STDERR_REDIRECT] 
2025-11-30 10:03:12,757 [ERROR] LogOutputStream:75 - [STDERR_REDIRECT] [Fatal Error] :1:1: Premature end of file.
2025-11-30 10:03:12,757 [ERROR] LogOutputStream:75 - [STDERR_REDIRECT] 
2025-11-30 10:03:13,764 [ERROR] LogOutputStream:75 - [STDERR_REDIRECT] [Fatal Error] :1:1: Premature end of file.
2025-11-30 10:03:13,764 [ERROR] LogOutputStream:75 - [STDERR_REDIRECT] 
2025-11-30 10:03:14,764 [ERROR] LogOutputStream:75 - [STDERR_REDIRECT] [Fatal Error] :1:1: Premature end of file.
2025-11-30 10:03:14,764 [ERROR] LogOutputStream:75 - [STDERR_REDIRECT] 
2025-11-30 10:03:15,735 [ERROR] LogOutputStream:75 - [STDERR_REDIRECT] [Fatal Error] :1:1: Premature end of file.
2025-11-30 10:03:15,735 [ERROR] LogOutputStream:75 - [STDERR_REDIRECT] 
2025-11-30 10:03:16,744 [ERROR] LogOutputStream:75 - [STDERR_REDIRECT] [Fatal Error] :1:1: Premature end of file.
2025-11-30 10:03:16,744 [ERROR] LogOutputStream:75 - [STDERR_REDIRECT] 
2025-11-30 10:03:17,743 [ERROR] LogOutputStream:75 - [STDERR_REDIRECT] [Fatal Error] :1:1: Premature end of file.
2025-11-30 10:03:17,743 [ERROR] LogOutputStream:75 - [STDERR_REDIRECT] 
2025-11-30 10:03:18,736 [ERROR] LogOutputStream:75 - [STDERR_REDIRECT] [Fatal Error] :1:1: Premature end of file.
2025-11-30 10:03:18,736 [ERROR] LogOutputStream:75 - [STDERR_REDIRECT] 
2025-11-30 10:03:19,747 [ERROR] LogOutputStream:75 - [STDERR_REDIRECT] [Fatal Error] :1:1: Premature end of file.
2025-11-30 10:03:19,747 [ERROR] LogOutputStream:75 - [STDERR_REDIRECT] 
2025-11-30 10:03:20,731 [ERROR] LogOutputStream:75 - [STDERR_REDIRECT] [Fatal Error] :1:1: Premature end of file.
2025-11-30 10:03:20,731 [ERROR] LogOutputStream:75 - [STDERR_REDIRECT] 
2025-11-30 10:03:21,736 [ERROR] LogOutputStream:75 - [STDERR_REDIRECT] [Fatal Error] :1:1: Premature end of file.
2025-11-30 10:03:21,736 [ERROR] LogOutputStream:75 - [STDERR_REDIRECT] 
2025-11-30 10:03:22,737 [ERROR] LogOutputStream:75 - [STDERR_REDIRECT] [Fatal Error] :1:1: Premature end of file.
2025-11-30 10:03:22,737 [ERROR] LogOutputStream:75 - [STDERR_REDIRECT] 
2025-11-30 10:03:23,730 [ERROR] LogOutputStream:75 - [STDERR_REDIRECT] [Fatal Error] :1:1: Premature end of file.
2025-11-30 10:03:23,730 [ERROR] LogOutputStream:75 - [STDERR_REDIRECT] 
2025-11-30 10:03:24,735 [ERROR] LogOutputStream:75 - [STDERR_REDIRECT] [Fatal Error] :1:1: Premature end of file.
2025-11-30 10:03:24,735 [ERROR] LogOutputStream:75 - [STDERR_REDIRECT] 
2025-11-30 10:03:25,736 [ERROR] LogOutputStream:75 - [STDERR_REDIRECT] [Fatal Error] :1:1: Premature end of file.
2025-11-30 10:03:25,736 [ERROR] LogOutputStream:75 - [STDERR_REDIRECT] 
2025-11-30 10:03:26,734 [ERROR] LogOutputStream:75 - [STDERR_REDIRECT] [Fatal Error] :1:1: Premature end of file.
2025-11-30 10:03:26,734 [ERROR] LogOutputStream:75 - [STDERR_REDIRECT] 
2025-11-30 10:03:27,733 [ERROR] LogOutputStream:75 - [STDERR_REDIRECT] [Fatal Error] :1:1: Premature end of file.
2025-11-30 10:03:27,733 [ERROR] LogOutputStream:75 - [STDERR_REDIRECT] 
2025-11-30 10:03:28,733 [ERROR] LogOutputStream:75 - [STDERR_REDIRECT] [Fatal Error] :1:1: Premature end of file.
2025-11-30 10:03:28,733 [ERROR] LogOutputStream:75 - [STDERR_REDIRECT] 
2025-11-30 10:03:29,735 [ERROR] LogOutputStream:75 - [STDERR_REDIRECT] [Fatal Error] :1:1: Premature end of file.
2025-11-30 10:03:29,735 [ERROR] LogOutputStream:75 - [STDERR_REDIRECT] 
2025-11-30 10:03:30,746 [ERROR] LogOutputStream:75 - [STDERR_REDIRECT] [Fatal Error] :1:1: Premature end of file.
2025-11-30 10:03:30,746 [ERROR] LogOutputStream:75 - [STDERR_REDIRECT] 
2025-11-30 10:03:31,733 [ERROR] LogOutputStream:75 - [STDERR_REDIRECT] [Fatal Error] :1:1: Premature end of file.
2025-11-30 10:03:31,733 [ERROR] LogOutputStream:75 - [STDERR_REDIRECT] 
2025-11-30 10:03:32,734 [ERROR] LogOutputStream:75 - [STDERR_REDIRECT] [Fatal Error] :1:1: Premature end of file.
2025-11-30 10:03:32,734 [ERROR] LogOutputStream:75 - [STDERR_REDIRECT] 
2025-11-30 10:03:33,732 [ERROR] LogOutputStream:75 - [STDERR_REDIRECT] [Fatal Error] :1:1: Premature end of file.
2025-11-30 10:03:33,732 [ERROR] LogOutputStream:75 - [STDERR_REDIRECT] 
2025-11-30 10:03:34,736 [ERROR] LogOutputStream:75 - [STDERR_REDIRECT] [Fatal Error] :1:1: Premature end of file.
2025-11-30 10:03:34,736 [ERROR] LogOutputStream:75 - [STDERR_REDIRECT] 
2025-11-30 10:03:35,735 [ERROR] LogOutputStream:75 - [STDERR_REDIRECT] [Fatal Error] :1:1: Premature end of file.
2025-11-30 10:03:35,735 [ERROR] LogOutputStream:75 - [STDERR_REDIRECT] 
2025-11-30 10:03:36,736 [ERROR] LogOutputStream:75 - [STDERR_REDIRECT] [Fatal Error] :1:1: Premature end of file.
2025-11-30 10:03:36,736 [ERROR] LogOutputStream:75 - [STDERR_REDIRECT] 
2025-11-30 10:03:37,737 [ERROR] LogOutputStream:75 - [STDERR_REDIRECT] [Fatal Error] :1:1: Premature end of file.
2025-11-30 10:03:37,737 [ERROR] LogOutputStream:75 - [STDERR_REDIRECT] 
2025-11-30 10:03:38,737 [ERROR] LogOutputStream:75 - [STDERR_REDIRECT] [Fatal Error] :1:1: Premature end of file.
2025-11-30 10:03:38,737 [ERROR] LogOutputStream:75 - [STDERR_REDIRECT] 
2025-11-30 10:03:39,764 [ERROR] LogOutputStream:75 - [STDERR_REDIRECT] [Fatal Error] :1:1: Premature end of file.
2025-11-30 10:03:39,764 [ERROR] LogOutputStream:75 - [STDERR_REDIRECT] 
2025-11-30 10:03:40,736 [ERROR] LogOutputStream:75 - [STDERR_REDIRECT] [Fatal Error] :1:1: Premature end of file.
2025-11-30 10:03:40,736 [ERROR] LogOutputStream:75 - [STDERR_REDIRECT] 
2025-11-30 10:03:41,736 [ERROR] LogOutputStream:75 - [STDERR_REDIRECT] [Fatal Error] :1:1: Premature end of file.
2025-11-30 10:03:41,737 [ERROR] LogOutputStream:75 - [STDERR_REDIRECT] 
2025-11-30 10:03:42,736 [ERROR] LogOutputStream:75 - [STDERR_REDIRECT] [Fatal Error] :1:1: Premature end of file.
2025-11-30 10:03:42,736 [ERROR] LogOutputStream:75 - [STDERR_REDIRECT] 
2025-11-30 10:03:43,734 [ERROR] LogOutputStream:75 - [STDERR_REDIRECT] [Fatal Error] :1:1: Premature end of file.
2025-11-30 10:03:43,734 [ERROR] LogOutputStream:75 - [STDERR_REDIRECT] 
2025-11-30 10:03:44,735 [ERROR] LogOutputStream:75 - [STDERR_REDIRECT] [Fatal Error] :1:1: Premature end of file.
2025-11-30 10:03:44,735 [ERROR] LogOutputStream:75 - [STDERR_REDIRECT] 
2025-11-30 10:03:45,746 [ERROR] LogOutputStream:75 - [STDERR_REDIRECT] [Fatal Error] :1:1: Premature end of file.
2025-11-30 10:03:45,746 [ERROR] LogOutputStream:75 - [STDERR_REDIRECT] 
2025-11-30 10:03:46,735 [ERROR] LogOutputStream:75 - [STDERR_REDIRECT] [Fatal Error] :1:1: Premature end of file.
2025-11-30 10:03:46,735 [ERROR] LogOutputStream:75 - [STDERR_REDIRECT] 
2025-11-30 10:03:47,739 [ERROR] LogOutputStream:75 - [STDERR_REDIRECT] [Fatal Error] :1:1: Premature end of file.
2025-11-30 10:03:47,739 [ERROR] LogOutputStream:75 - [STDERR_REDIRECT] 
2025-11-30 10:03:48,736 [ERROR] LogOutputStream:75 - [STDERR_REDIRECT] [Fatal Error] :1:1: Premature end of file.
2025-11-30 10:03:48,736 [ERROR] LogOutputStream:75 - [STDERR_REDIRECT] 
2025-11-30 10:03:49,727 [ERROR] LogOutputStream:75 - [STDERR_REDIRECT] [Fatal Error] :1:1: Premature end of file.
2025-11-30 10:03:49,728 [ERROR] LogOutputStream:75 - [STDERR_REDIRECT] 
2025-11-30 10:03:50,741 [ERROR] LogOutputStream:75 - [STDERR_REDIRECT] [Fatal Error] :1:1: Premature end of file.
2025-11-30 10:03:50,741 [ERROR] LogOutputStream:75 - [STDERR_REDIRECT] 
2025-11-30 10:03:51,734 [ERROR] LogOutputStream:75 - [STDERR_REDIRECT] [Fatal Error] :1:1: Premature end of file.
2025-11-30 10:03:51,734 [ERROR] LogOutputStream:75 - [STDERR_REDIRECT] 
2025-11-30 10:03:52,735 [ERROR] LogOutputStream:75 - [STDERR_REDIRECT] [Fatal Error] :1:1: Premature end of file.
2025-11-30 10:03:52,735 [ERROR] LogOutputStream:75 - [STDERR_REDIRECT] 
2025-11-30 10:03:53,742 [ERROR] LogOutputStream:75 - [STDERR_REDIRECT] [Fatal Error] :1:1: Premature end of file.
2025-11-30 10:03:53,742 [ERROR] LogOutputStream:75 - [STDERR_REDIRECT] 
2025-11-30 10:03:54,736 [ERROR] LogOutputStream:75 - [STDERR_REDIRECT] [Fatal Error] :1:1: Premature end of file.
2025-11-30 10:03:54,736 [ERROR] LogOutputStream:75 - [STDERR_REDIRECT] 
2025-11-30 10:03:55,730 [ERROR] LogOutputStream:75 - [STDERR_REDIRECT] [Fatal Error] :1:1: Premature end of file.
2025-11-30 10:03:55,730 [ERROR] LogOutputStream:75 - [STDERR_REDIRECT] 
2025-11-30 10:03:56,736 [ERROR] LogOutputStream:75 - [STDERR_REDIRECT] [Fatal Error] :1:1: Premature end of file.
2025-11-30 10:03:56,736 [ERROR] LogOutputStream:75 - [STDERR_REDIRECT] 
2025-11-30 10:03:57,741 [ERROR] LogOutputStream:75 - [STDERR_REDIRECT] [Fatal Error] :1:1: Premature end of file.
2025-11-30 10:03:57,741 [ERROR] LogOutputStream:75 - [STDERR_REDIRECT] 
2025-11-30 10:03:58,731 [ERROR] LogOutputStream:75 - [STDERR_REDIRECT] [Fatal Error] :1:1: Premature end of file.
2025-11-30 10:03:58,732 [ERROR] LogOutputStream:75 - [STDERR_REDIRECT] 
2025-11-30 10:03:59,736 [ERROR] LogOutputStream:75 - [STDERR_REDIRECT] [Fatal Error] :1:1: Premature end of file.
2025-11-30 10:03:59,736 [ERROR] LogOutputStream:75 - [STDERR_REDIRECT] 
2025-11-30 10:04:00,730 [ERROR] LogOutputStream:75 - [STDERR_REDIRECT] [Fatal Error] :1:1: Premature end of file.
2025-11-30 10:04:00,730 [ERROR] LogOutputStream:75 - [STDERR_REDIRECT] 
2025-11-30 10:04:01,736 [ERROR] LogOutputStream:75 - [STDERR_REDIRECT] [Fatal Error] :1:1: Premature end of file.
2025-11-30 10:04:01,736 [ERROR] LogOutputStream:75 - [STDERR_REDIRECT] 
2025-11-30 10:04:02,737 [ERROR] LogOutputStream:75 - [STDERR_REDIRECT] [Fatal Error] :1:1: Premature end of file.
2025-11-30 10:04:02,737 [ERROR] LogOutputStream:75 - [STDERR_REDIRECT] 
2025-11-30 10:04:03,736 [ERROR] LogOutputStream:75 - [STDERR_REDIRECT] [Fatal Error] :1:1: Premature end of file.
2025-11-30 10:04:03,736 [ERROR] LogOutputStream:75 - [STDERR_REDIRECT] 
2025-11-30 10:04:04,737 [ERROR] LogOutputStream:75 - [STDERR_REDIRECT] [Fatal Error] :1:1: Premature end of file.
2025-11-30 10:04:04,737 [ERROR] LogOutputStream:75 - [STDERR_REDIRECT] 
2025-11-30 10:04:05,748 [ERROR] LogOutputStream:75 - [STDERR_REDIRECT] [Fatal Error] :1:1: Premature end of file.
2025-11-30 10:04:05,748 [ERROR] LogOutputStream:75 - [STDERR_REDIRECT] 
2025-11-30 10:04:06,743 [ERROR] LogOutputStream:75 - [STDERR_REDIRECT] [Fatal Error] :1:1: Premature end of file.
2025-11-30 10:04:06,743 [ERROR] LogOutputStream:75 - [STDERR_REDIRECT] 
2025-11-30 10:04:07,732 [ERROR] LogOutputStream:75 - [STDERR_REDIRECT] [Fatal Error] :1:1: Premature end of file.
2025-11-30 10:04:07,732 [ERROR] LogOutputStream:75 - [STDERR_REDIRECT] 
2025-11-30 10:04:08,733 [ERROR] LogOutputStream:75 - [STDERR_REDIRECT] [Fatal Error] :1:1: Premature end of file.
2025-11-30 10:04:08,734 [ERROR] LogOutputStream:75 - [STDERR_REDIRECT] 
2025-11-30 10:04:09,744 [ERROR] LogOutputStream:75 - [STDERR_REDIRECT] [Fatal Error] :1:1: Premature end of file.
2025-11-30 10:04:09,744 [ERROR] LogOutputStream:75 - [STDERR_REDIRECT] 
2025-11-30 10:04:10,736 [ERROR] LogOutputStream:75 - [STDERR_REDIRECT] [Fatal Error] :1:1: Premature end of file.
2025-11-30 10:04:10,736 [ERROR] LogOutputStream:75 - [STDERR_REDIRECT] 
2025-11-30 10:04:11,736 [ERROR] LogOutputStream:75 - [STDERR_REDIRECT] [Fatal Error] :1:1: Premature end of file.
2025-11-30 10:04:11,736 [ERROR] LogOutputStream:75 - [STDERR_REDIRECT] 
2025-11-30 10:04:12,736 [ERROR] LogOutputStream:75 - [STDERR_REDIRECT] [Fatal Error] :1:1: Premature end of file.
2025-11-30 10:04:12,736 [ERROR] LogOutputStream:75 - [STDERR_REDIRECT] 
2025-11-30 10:04:13,733 [ERROR] LogOutputStream:75 - [STDERR_REDIRECT] [Fatal Error] :1:1: Premature end of file.
2025-11-30 10:04:13,734 [ERROR] LogOutputStream:75 - [STDERR_REDIRECT] 
2025-11-30 10:04:14,735 [ERROR] LogOutputStream:75 - [STDERR_REDIRECT] [Fatal Error] :1:1: Premature end of file.
2025-11-30 10:04:14,735 [ERROR] LogOutputStream:75 - [STDERR_REDIRECT] 
2025-11-30 10:04:15,736 [ERROR] LogOutputStream:75 - [STDERR_REDIRECT] [Fatal Error] :1:1: Premature end of file.
2025-11-30 10:04:15,736 [ERROR] LogOutputStream:75 - [STDERR_REDIRECT] 
2025-11-30 10:04:16,736 [ERROR] LogOutputStream:75 - [STDERR_REDIRECT] [Fatal Error] :1:1: Premature end of file.
2025-11-30 10:04:16,736 [ERROR] LogOutputStream:75 - [STDERR_REDIRECT] 
2025-11-30 10:04:17,736 [ERROR] LogOutputStream:75 - [STDERR_REDIRECT] [Fatal Error] :1:1: Premature end of file.
2025-11-30 10:04:17,736 [ERROR] LogOutputStream:75 - [STDERR_REDIRECT] 
2025-11-30 10:04:18,734 [ERROR] LogOutputStream:75 - [STDERR_REDIRECT] [Fatal Error] :1:1: Premature end of file.
2025-11-30 10:04:18,734 [ERROR] LogOutputStream:75 - [STDERR_REDIRECT] 
2025-11-30 10:04:19,734 [ERROR] LogOutputStream:75 - [STDERR_REDIRECT] [Fatal Error] :1:1: Premature end of file.
2025-11-30 10:04:19,734 [ERROR] LogOutputStream:75 - [STDERR_REDIRECT] 
2025-11-30 10:04:20,756 [ERROR] LogOutputStream:75 - [STDERR_REDIRECT] [Fatal Error] :1:1: Premature end of file.
2025-11-30 10:04:20,756 [ERROR] LogOutputStream:75 - [STDERR_REDIRECT] 
2025-11-30 10:04:21,738 [ERROR] LogOutputStream:75 - [STDERR_REDIRECT] [Fatal Error] :1:1: Premature end of file.
2025-11-30 10:04:21,738 [ERROR] LogOutputStream:75 - [STDERR_REDIRECT] 
2025-11-30 10:04:22,748 [ERROR] LogOutputStream:75 - [STDERR_REDIRECT] [Fatal Error] :1:1: Premature end of file.
2025-11-30 10:04:22,748 [ERROR] LogOutputStream:75 - [STDERR_REDIRECT] 
2025-11-30 10:04:23,741 [ERROR] LogOutputStream:75 - [STDERR_REDIRECT] [Fatal Error] :1:1: Premature end of file.
2025-11-30 10:04:23,741 [ERROR] LogOutputStream:75 - [STDERR_REDIRECT] 
2025-11-30 10:04:24,733 [ERROR] LogOutputStream:75 - [STDERR_REDIRECT] [Fatal Error] :1:1: Premature end of file.
2025-11-30 10:04:24,733 [ERROR] LogOutputStream:75 - [STDERR_REDIRECT] 
2025-11-30 10:04:25,735 [ERROR] LogOutputStream:75 - [STDERR_REDIRECT] [Fatal Error] :1:1: Premature end of file.
2025-11-30 10:04:25,735 [ERROR] LogOutputStream:75 - [STDERR_REDIRECT] 
2025-11-30 10:04:26,725 [ERROR] LogOutputStream:75 - [STDERR_REDIRECT] [Fatal Error] :1:1: Premature end of file.
2025-11-30 10:04:26,725 [ERROR] LogOutputStream:75 - [STDERR_REDIRECT] 
2025-11-30 10:04:27,736 [ERROR] LogOutputStream:75 - [STDERR_REDIRECT] [Fatal Error] :1:1: Premature end of file.
2025-11-30 10:04:27,736 [ERROR] LogOutputStream:75 - [STDERR_REDIRECT] 
2025-11-30 10:04:28,736 [ERROR] LogOutputStream:75 - [STDERR_REDIRECT] [Fatal Error] :1:1: Premature end of file.
2025-11-30 10:04:28,736 [ERROR] LogOutputStream:75 - [STDERR_REDIRECT] 
2025-11-30 10:04:29,736 [ERROR] LogOutputStream:75 - [STDERR_REDIRECT] [Fatal Error] :1:1: Premature end of file.
2025-11-30 10:04:29,736 [ERROR] LogOutputStream:75 - [STDERR_REDIRECT] 
2025-11-30 10:04:30,735 [ERROR] LogOutputStream:75 - [STDERR_REDIRECT] [Fatal Error] :1:1: Premature end of file.
2025-11-30 10:04:30,735 [ERROR] LogOutputStream:75 - [STDERR_REDIRECT] 
2025-11-30 10:04:31,736 [ERROR] LogOutputStream:75 - [STDERR_REDIRECT] [Fatal Error] :1:1: Premature end of file.
2025-11-30 10:04:31,736 [ERROR] LogOutputStream:75 - [STDERR_REDIRECT] 
2025-11-30 10:04:32,739 [ERROR] LogOutputStream:75 - [STDERR_REDIRECT] [Fatal Error] :1:1: Premature end of file.
2025-11-30 10:04:32,739 [ERROR] LogOutputStream:75 - [STDERR_REDIRECT] 
2025-11-30 10:04:33,730 [ERROR] LogOutputStream:75 - [STDERR_REDIRECT] [Fatal Error] :1:1: Premature end of file.
2025-11-30 10:04:33,730 [ERROR] LogOutputStream:75 - [STDERR_REDIRECT] 
2025-11-30 10:04:34,745 [ERROR] LogOutputStream:75 - [STDERR_REDIRECT] [Fatal Error] :1:1: Premature end of file.
2025-11-30 10:04:34,745 [ERROR] LogOutputStream:75 - [STDERR_REDIRECT] 
2025-11-30 10:04:35,735 [ERROR] LogOutputStream:75 - [STDERR_REDIRECT] [Fatal Error] :1:1: Premature end of file.
2025-11-30 10:04:35,735 [ERROR] LogOutputStream:75 - [STDERR_REDIRECT] 
2025-11-30 10:04:36,736 [ERROR] LogOutputStream:75 - [STDERR_REDIRECT] [Fatal Error] :1:1: Premature end of file.
2025-11-30 10:04:36,736 [ERROR] LogOutputStream:75 - [STDERR_REDIRECT] 
2025-11-30 10:04:37,735 [ERROR] LogOutputStream:75 - [STDERR_REDIRECT] [Fatal Error] :1:1: Premature end of file.
2025-11-30 10:04:37,735 [ERROR] LogOutputStream:75 - [STDERR_REDIRECT] 
2025-11-30 10:04:38,736 [ERROR] LogOutputStream:75 - [STDERR_REDIRECT] [Fatal Error] :1:1: Premature end of file.
2025-11-30 10:04:38,736 [ERROR] LogOutputStream:75 - [STDERR_REDIRECT] 
2025-11-30 10:04:39,736 [ERROR] LogOutputStream:75 - [STDERR_REDIRECT] [Fatal Error] :1:1: Premature end of file.
2025-11-30 10:04:39,736 [ERROR] LogOutputStream:75 - [STDERR_REDIRECT] 
2025-11-30 10:04:40,735 [ERROR] LogOutputStream:75 - [STDERR_REDIRECT] [Fatal Error] :1:1: Premature end of file.
2025-11-30 10:04:40,735 [ERROR] LogOutputStream:75 - [STDERR_REDIRECT] 
2025-11-30 10:04:41,737 [ERROR] LogOutputStream:75 - [STDERR_REDIRECT] [Fatal Error] :1:1: Premature end of file.
2025-11-30 10:04:41,737 [ERROR] LogOutputStream:75 - [STDERR_REDIRECT] 
2025-11-30 10:04:42,744 [ERROR] LogOutputStream:75 - [STDERR_REDIRECT] [Fatal Error] :1:1: Premature end of file.
2025-11-30 10:04:42,744 [ERROR] LogOutputStream:75 - [STDERR_REDIRECT] 
2025-11-30 10:04:43,734 [ERROR] LogOutputStream:75 - [STDERR_REDIRECT] [Fatal Error] :1:1: Premature end of file.
2025-11-30 10:04:43,734 [ERROR] LogOutputStream:75 - [STDERR_REDIRECT] 
2025-11-30 10:04:44,735 [ERROR] LogOutputStream:75 - [STDERR_REDIRECT] [Fatal Error] :1:1: Premature end of file.
2025-11-30 10:04:44,735 [ERROR] LogOutputStream:75 - [STDERR_REDIRECT] 
2025-11-30 10:04:45,733 [ERROR] LogOutputStream:75 - [STDERR_REDIRECT] [Fatal Error] :1:1: Premature end of file.
2025-11-30 10:04:45,733 [ERROR] LogOutputStream:75 - [STDERR_REDIRECT] 
2025-11-30 10:04:46,735 [ERROR] LogOutputStream:75 - [STDERR_REDIRECT] [Fatal Error] :1:1: Premature end of file.
2025-11-30 10:04:46,735 [ERROR] LogOutputStream:75 - [STDERR_REDIRECT] 
2025-11-30 10:04:47,745 [ERROR] LogOutputStream:75 - [STDERR_REDIRECT] [Fatal Error] :1:1: Premature end of file.
2025-11-30 10:04:47,745 [ERROR] LogOutputStream:75 - [STDERR_REDIRECT] 
2025-11-30 10:04:48,731 [ERROR] LogOutputStream:75 - [STDERR_REDIRECT] [Fatal Error] :1:1: Premature end of file.
2025-11-30 10:04:48,731 [ERROR] LogOutputStream:75 - [STDERR_REDIRECT] 
2025-11-30 10:04:49,733 [ERROR] LogOutputStream:75 - [STDERR_REDIRECT] [Fatal Error] :1:1: Premature end of file.
2025-11-30 10:04:49,733 [ERROR] LogOutputStream:75 - [STDERR_REDIRECT] 
2025-11-30 10:04:50,736 [ERROR] LogOutputStream:75 - [STDERR_REDIRECT] [Fatal Error] :1:1: Premature end of file.
2025-11-30 10:04:50,736 [ERROR] LogOutputStream:75 - [STDERR_REDIRECT] 
2025-11-30 10:04:51,736 [ERROR] LogOutputStream:75 - [STDERR_REDIRECT] [Fatal Error] :1:1: Premature end of file.
2025-11-30 10:04:51,736 [ERROR] LogOutputStream:75 - [STDERR_REDIRECT] 
2025-11-30 10:04:52,736 [ERROR] LogOutputStream:75 - [STDERR_REDIRECT] [Fatal Error] :1:1: Premature end of file.
2025-11-30 10:04:52,736 [ERROR] LogOutputStream:75 - [STDERR_REDIRECT] 
2025-11-30 10:04:53,736 [ERROR] LogOutputStream:75 - [STDERR_REDIRECT] [Fatal Error] :1:1: Premature end of file.
2025-11-30 10:04:53,736 [ERROR] LogOutputStream:75 - [STDERR_REDIRECT] 
2025-11-30 10:04:54,743 [ERROR] LogOutputStream:75 - [STDERR_REDIRECT] [Fatal Error] :1:1: Premature end of file.
2025-11-30 10:04:54,743 [ERROR] LogOutputStream:75 - [STDERR_REDIRECT] 
2025-11-30 10:04:55,737 [ERROR] LogOutputStream:75 - [STDERR_REDIRECT] [Fatal Error] :1:1: Premature end of file.
2025-11-30 10:04:55,737 [ERROR] LogOutputStream:75 - [STDERR_REDIRECT] 
2025-11-30 10:04:56,762 [ERROR] LogOutputStream:75 - [STDERR_REDIRECT] [Fatal Error] :1:1: Premature end of file.
2025-11-30 10:04:56,762 [ERROR] LogOutputStream:75 - [STDERR_REDIRECT] 
2025-11-30 10:04:57,737 [ERROR] LogOutputStream:75 - [STDERR_REDIRECT] [Fatal Error] :1:1: Premature end of file.
2025-11-30 10:04:57,737 [ERROR] LogOutputStream:75 - [STDERR_REDIRECT] 
2025-11-30 10:04:58,735 [ERROR] LogOutputStream:75 - [STDERR_REDIRECT] [Fatal Error] :1:1: Premature end of file.
2025-11-30 10:04:58,735 [ERROR] LogOutputStream:75 - [STDERR_REDIRECT] 
2025-11-30 10:04:59,735 [ERROR] LogOutputStream:75 - [STDERR_REDIRECT] [Fatal Error] :1:1: Premature end of file.
2025-11-30 10:04:59,735 [ERROR] LogOutputStream:75 - [STDERR_REDIRECT] 
2025-11-30 10:05:00,727 [ERROR] LogOutputStream:75 - [STDERR_REDIRECT] [Fatal Error] :1:1: Premature end of file.
2025-11-30 10:05:00,727 [ERROR] LogOutputStream:75 - [STDERR_REDIRECT] 
2025-11-30 10:05:01,742 [ERROR] LogOutputStream:75 - [STDERR_REDIRECT] [Fatal Error] :1:1: Premature end of file.
2025-11-30 10:05:01,742 [ERROR] LogOutputStream:75 - [STDERR_REDIRECT] 
2025-11-30 10:05:02,735 [ERROR] LogOutputStream:75 - [STDERR_REDIRECT] [Fatal Error] :1:1: Premature end of file.
2025-11-30 10:05:02,735 [ERROR] LogOutputStream:75 - [STDERR_REDIRECT] 
2025-11-30 10:05:03,735 [ERROR] LogOutputStream:75 - [STDERR_REDIRECT] [Fatal Error] :1:1: Premature end of file.
2025-11-30 10:05:03,735 [ERROR] LogOutputStream:75 - [STDERR_REDIRECT] 
2025-11-30 10:05:04,735 [ERROR] LogOutputStream:75 - [STDERR_REDIRECT] [Fatal Error] :1:1: Premature end of file.
2025-11-30 10:05:04,735 [ERROR] LogOutputStream:75 - [STDERR_REDIRECT] 
2025-11-30 10:05:05,736 [ERROR] LogOutputStream:75 - [STDERR_REDIRECT] [Fatal Error] :1:1: Premature end of file.
2025-11-30 10:05:05,736 [ERROR] LogOutputStream:75 - [STDERR_REDIRECT] 
2025-11-30 10:05:06,731 [ERROR] LogOutputStream:75 - [STDERR_REDIRECT] [Fatal Error] :1:1: Premature end of file.
2025-11-30 10:05:06,731 [ERROR] LogOutputStream:75 - [STDERR_REDIRECT] 
2025-11-30 10:05:07,748 [ERROR] LogOutputStream:75 - [STDERR_REDIRECT] [Fatal Error] :1:1: Premature end of file.
2025-11-30 10:05:07,749 [ERROR] LogOutputStream:75 - [STDERR_REDIRECT] 
2025-11-30 10:05:08,736 [ERROR] LogOutputStream:75 - [STDERR_REDIRECT] [Fatal Error] :1:1: Premature end of file.
2025-11-30 10:05:08,736 [ERROR] LogOutputStream:75 - [STDERR_REDIRECT] 
2025-11-30 10:05:09,734 [ERROR] LogOutputStream:75 - [STDERR_REDIRECT] [Fatal Error] :1:1: Premature end of file.
2025-11-30 10:05:09,734 [ERROR] LogOutputStream:75 - [STDERR_REDIRECT] 
2025-11-30 10:05:10,740 [ERROR] LogOutputStream:75 - [STDERR_REDIRECT] [Fatal Error] :1:1: Premature end of file.
2025-11-30 10:05:10,740 [ERROR] LogOutputStream:75 - [STDERR_REDIRECT] 
2025-11-30 10:05:11,736 [ERROR] LogOutputStream:75 - [STDERR_REDIRECT] [Fatal Error] :1:1: Premature end of file.
2025-11-30 10:05:11,736 [ERROR] LogOutputStream:75 - [STDERR_REDIRECT] 
2025-11-30 10:05:12,736 [ERROR] LogOutputStream:75 - [STDERR_REDIRECT] [Fatal Error] :1:1: Premature end of file.
2025-11-30 10:05:12,736 [ERROR] LogOutputStream:75 - [STDERR_REDIRECT] 
2025-11-30 10:05:13,731 [ERROR] LogOutputStream:75 - [STDERR_REDIRECT] [Fatal Error] :1:1: Premature end of file.
2025-11-30 10:05:13,731 [ERROR] LogOutputStream:75 - [STDERR_REDIRECT] 
2025-11-30 10:05:14,729 [ERROR] LogOutputStream:75 - [STDERR_REDIRECT] [Fatal Error] :1:1: Premature end of file.
2025-11-30 10:05:14,729 [ERROR] LogOutputStream:75 - [STDERR_REDIRECT] 
2025-11-30 10:05:15,730 [ERROR] LogOutputStream:75 - [STDERR_REDIRECT] [Fatal Error] :1:1: Premature end of file.
2025-11-30 10:05:15,730 [ERROR] LogOutputStream:75 - [STDERR_REDIRECT] 
2025-11-30 10:05:16,732 [ERROR] LogOutputStream:75 - [STDERR_REDIRECT] [Fatal Error] :1:1: Premature end of file.
2025-11-30 10:05:16,732 [ERROR] LogOutputStream:75 - [STDERR_REDIRECT] 
2025-11-30 10:05:17,736 [ERROR] LogOutputStream:75 - [STDERR_REDIRECT] [Fatal Error] :1:1: Premature end of file.
2025-11-30 10:05:17,736 [ERROR] LogOutputStream:75 - [STDERR_REDIRECT] 
2025-11-30 10:05:18,744 [ERROR] LogOutputStream:75 - [STDERR_REDIRECT] [Fatal Error] :1:1: Premature end of file.
2025-11-30 10:05:18,744 [ERROR] LogOutputStream:75 - [STDERR_REDIRECT] 
2025-11-30 10:05:19,736 [ERROR] LogOutputStream:75 - [STDERR_REDIRECT] [Fatal Error] :1:1: Premature end of file.
2025-11-30 10:05:19,736 [ERROR] LogOutputStream:75 - [STDERR_REDIRECT] 
2025-11-30 10:05:20,737 [ERROR] LogOutputStream:75 - [STDERR_REDIRECT] [Fatal Error] :1:1: Premature end of file.
2025-11-30 10:05:20,737 [ERROR] LogOutputStream:75 - [STDERR_REDIRECT] 
2025-11-30 10:05:21,747 [ERROR] LogOutputStream:75 - [STDERR_REDIRECT] [Fatal Error] :1:1: Premature end of file.
2025-11-30 10:05:21,747 [ERROR] LogOutputStream:75 - [STDERR_REDIRECT] 
2025-11-30 10:05:22,737 [ERROR] LogOutputStream:75 - [STDERR_REDIRECT] [Fatal Error] :1:1: Premature end of file.
2025-11-30 10:05:22,737 [ERROR] LogOutputStream:75 - [STDERR_REDIRECT] 
2025-11-30 10:05:23,735 [ERROR] LogOutputStream:75 - [STDERR_REDIRECT] [Fatal Error] :1:1: Premature end of file.
2025-11-30 10:05:23,735 [ERROR] LogOutputStream:75 - [STDERR_REDIRECT] 
2025-11-30 10:05:24,734 [ERROR] LogOutputStream:75 - [STDERR_REDIRECT] [Fatal Error] :1:1: Premature end of file.
2025-11-30 10:05:24,734 [ERROR] LogOutputStream:75 - [STDERR_REDIRECT] 
2025-11-30 10:05:25,735 [ERROR] LogOutputStream:75 - [STDERR_REDIRECT] [Fatal Error] :1:1: Premature end of file.
2025-11-30 10:05:25,735 [ERROR] LogOutputStream:75 - [STDERR_REDIRECT] 
2025-11-30 10:05:26,733 [ERROR] LogOutputStream:75 - [STDERR_REDIRECT] [Fatal Error] :1:1: Premature end of file.
2025-11-30 10:05:26,733 [ERROR] LogOutputStream:75 - [STDERR_REDIRECT] 
2025-11-30 10:05:27,733 [ERROR] LogOutputStream:75 - [STDERR_REDIRECT] [Fatal Error] :1:1: Premature end of file.
2025-11-30 10:05:27,733 [ERROR] LogOutputStream:75 - [STDERR_REDIRECT] 
2025-11-30 10:05:28,737 [ERROR] LogOutputStream:75 - [STDERR_REDIRECT] [Fatal Error] :1:1: Premature end of file.
2025-11-30 10:05:28,737 [ERROR] LogOutputStream:75 - [STDERR_REDIRECT] 
2025-11-30 10:05:29,734 [ERROR] LogOutputStream:75 - [STDERR_REDIRECT] [Fatal Error] :1:1: Premature end of file.
2025-11-30 10:05:29,734 [ERROR] LogOutputStream:75 - [STDERR_REDIRECT] 
2025-11-30 10:05:30,733 [ERROR] LogOutputStream:75 - [STDERR_REDIRECT] [Fatal Error] :1:1: Premature end of file.
2025-11-30 10:05:30,734 [ERROR] LogOutputStream:75 - [STDERR_REDIRECT] 
2025-11-30 10:05:31,737 [ERROR] LogOutputStream:75 - [STDERR_REDIRECT] [Fatal Error] :1:1: Premature end of file.
2025-11-30 10:05:31,737 [ERROR] LogOutputStream:75 - [STDERR_REDIRECT] 
2025-11-30 10:05:32,736 [ERROR] LogOutputStream:75 - [STDERR_REDIRECT] [Fatal Error] :1:1: Premature end of file.
2025-11-30 10:05:32,736 [ERROR] LogOutputStream:75 - [STDERR_REDIRECT] 
2025-11-30 10:05:33,738 [ERROR] LogOutputStream:75 - [STDERR_REDIRECT] [Fatal Error] :1:1: Premature end of file.
2025-11-30 10:05:33,738 [ERROR] LogOutputStream:75 - [STDERR_REDIRECT] 
2025-11-30 10:05:34,732 [ERROR] LogOutputStream:75 - [STDERR_REDIRECT] [Fatal Error] :1:1: Premature end of file.
2025-11-30 10:05:34,732 [ERROR] LogOutputStream:75 - [STDERR_REDIRECT] 
2025-11-30 10:05:35,764 [ERROR] LogOutputStream:75 - [STDERR_REDIRECT] [Fatal Error] :1:1: Premature end of file.
2025-11-30 10:05:35,764 [ERROR] LogOutputStream:75 - [STDERR_REDIRECT] 
2025-11-30 10:05:36,735 [ERROR] LogOutputStream:75 - [STDERR_REDIRECT] [Fatal Error] :1:1: Premature end of file.
2025-11-30 10:05:36,735 [ERROR] LogOutputStream:75 - [STDERR_REDIRECT] 
2025-11-30 10:05:37,734 [ERROR] LogOutputStream:75 - [STDERR_REDIRECT] [Fatal Error] :1:1: Premature end of file.
2025-11-30 10:05:37,734 [ERROR] LogOutputStream:75 - [STDERR_REDIRECT] 
2025-11-30 10:05:38,738 [ERROR] LogOutputStream:75 - [STDERR_REDIRECT] [Fatal Error] :1:1: Premature end of file.
2025-11-30 10:05:38,738 [ERROR] LogOutputStream:75 - [STDERR_REDIRECT] 
2025-11-30 10:05:39,749 [ERROR] LogOutputStream:75 - [STDERR_REDIRECT] [Fatal Error] :1:1: Premature end of file.
2025-11-30 10:05:39,749 [ERROR] LogOutputStream:75 - [STDERR_REDIRECT] 
2025-11-30 10:05:40,736 [ERROR] LogOutputStream:75 - [STDERR_REDIRECT] [Fatal Error] :1:1: Premature end of file.
2025-11-30 10:05:40,736 [ERROR] LogOutputStream:75 - [STDERR_REDIRECT] 
2025-11-30 10:05:41,735 [ERROR] LogOutputStream:75 - [STDERR_REDIRECT] [Fatal Error] :1:1: Premature end of file.
2025-11-30 10:05:41,735 [ERROR] LogOutputStream:75 - [STDERR_REDIRECT] 
2025-11-30 10:05:42,735 [ERROR] LogOutputStream:75 - [STDERR_REDIRECT] [Fatal Error] :1:1: Premature end of file.
2025-11-30 10:05:42,735 [ERROR] LogOutputStream:75 - [STDERR_REDIRECT] 
2025-11-30 10:05:43,737 [ERROR] LogOutputStream:75 - [STDERR_REDIRECT] [Fatal Error] :1:1: Premature end of file.
2025-11-30 10:05:43,737 [ERROR] LogOutputStream:75 - [STDERR_REDIRECT] 
2025-11-30 10:05:44,743 [ERROR] LogOutputStream:75 - [STDERR_REDIRECT] [Fatal Error] :1:1: Premature end of file.
2025-11-30 10:05:44,743 [ERROR] LogOutputStream:75 - [STDERR_REDIRECT] 
2025-11-30 10:05:45,731 [ERROR] LogOutputStream:75 - [STDERR_REDIRECT] [Fatal Error] :1:1: Premature end of file.
2025-11-30 10:05:45,731 [ERROR] LogOutputStream:75 - [STDERR_REDIRECT] 
2025-11-30 10:05:46,736 [ERROR] LogOutputStream:75 - [STDERR_REDIRECT] [Fatal Error] :1:1: Premature end of file.
2025-11-30 10:05:46,736 [ERROR] LogOutputStream:75 - [STDERR_REDIRECT] 
2025-11-30 10:05:47,736 [ERROR] LogOutputStream:75 - [STDERR_REDIRECT] [Fatal Error] :1:1: Premature end of file.
2025-11-30 10:05:47,736 [ERROR] LogOutputStream:75 - [STDERR_REDIRECT] 
2025-11-30 10:05:48,737 [ERROR] LogOutputStream:75 - [STDERR_REDIRECT] [Fatal Error] :1:1: Premature end of file.
2025-11-30 10:05:48,737 [ERROR] LogOutputStream:75 - [STDERR_REDIRECT] 
2025-11-30 10:05:49,733 [ERROR] LogOutputStream:75 - [STDERR_REDIRECT] [Fatal Error] :1:1: Premature end of file.
2025-11-30 10:05:49,733 [ERROR] LogOutputStream:75 - [STDERR_REDIRECT] 
2025-11-30 10:05:50,729 [ERROR] LogOutputStream:75 - [STDERR_REDIRECT] [Fatal Error] :1:1: Premature end of file.
2025-11-30 10:05:50,729 [ERROR] LogOutputStream:75 - [STDERR_REDIRECT] 
2025-11-30 10:05:51,727 [ERROR] LogOutputStream:75 - [STDERR_REDIRECT] [Fatal Error] :1:1: Premature end of file.
2025-11-30 10:05:51,727 [ERROR] LogOutputStream:75 - [STDERR_REDIRECT] 
2025-11-30 10:05:52,728 [ERROR] LogOutputStream:75 - [STDERR_REDIRECT] [Fatal Error] :1:1: Premature end of file.
2025-11-30 10:05:52,728 [ERROR] LogOutputStream:75 - [STDERR_REDIRECT] 
2025-11-30 10:05:53,740 [ERROR] LogOutputStream:75 - [STDERR_REDIRECT] [Fatal Error] :1:1: Premature end of file.
2025-11-30 10:05:53,740 [ERROR] LogOutputStream:75 - [STDERR_REDIRECT] 
2025-11-30 10:05:54,737 [ERROR] LogOutputStream:75 - [STDERR_REDIRECT] [Fatal Error] :1:1: Premature end of file.
2025-11-30 10:05:54,737 [ERROR] LogOutputStream:75 - [STDERR_REDIRECT] 
2025-11-30 10:05:55,746 [ERROR] LogOutputStream:75 - [STDERR_REDIRECT] [Fatal Error] :1:1: Premature end of file.
2025-11-30 10:05:55,746 [ERROR] LogOutputStream:75 - [STDERR_REDIRECT] 
2025-11-30 10:05:56,732 [ERROR] LogOutputStream:75 - [STDERR_REDIRECT] [Fatal Error] :1:1: Premature end of file.
2025-11-30 10:05:56,732 [ERROR] LogOutputStream:75 - [STDERR_REDIRECT] 
2025-11-30 10:05:57,733 [ERROR] LogOutputStream:75 - [STDERR_REDIRECT] [Fatal Error] :1:1: Premature end of file.
2025-11-30 10:05:57,733 [ERROR] LogOutputStream:75 - [STDERR_REDIRECT] 
2025-11-30 10:05:58,736 [ERROR] LogOutputStream:75 - [STDERR_REDIRECT] [Fatal Error] :1:1: Premature end of file.
2025-11-30 10:05:58,736 [ERROR] LogOutputStream:75 - [STDERR_REDIRECT] 
2025-11-30 10:05:59,735 [ERROR] LogOutputStream:75 - [STDERR_REDIRECT] [Fatal Error] :1:1: Premature end of file.
2025-11-30 10:05:59,735 [ERROR] LogOutputStream:75 - [STDERR_REDIRECT] 
2025-11-30 10:06:00,736 [ERROR] LogOutputStream:75 - [STDERR_REDIRECT] [Fatal Error] :1:1: Premature end of file.
2025-11-30 10:06:00,736 [ERROR] LogOutputStream:75 - [STDERR_REDIRECT] 
2025-11-30 10:06:01,734 [ERROR] LogOutputStream:75 - [STDERR_REDIRECT] [Fatal Error] :1:1: Premature end of file.
2025-11-30 10:06:01,734 [ERROR] LogOutputStream:75 - [STDERR_REDIRECT] 
2025-11-30 10:06:02,734 [ERROR] LogOutputStream:75 - [STDERR_REDIRECT] [Fatal Error] :1:1: Premature end of file.
2025-11-30 10:06:02,734 [ERROR] LogOutputStream:75 - [STDERR_REDIRECT] 
2025-11-30 10:06:03,730 [ERROR] LogOutputStream:75 - [STDERR_REDIRECT] [Fatal Error] :1:1: Premature end of file.
2025-11-30 10:06:03,730 [ERROR] LogOutputStream:75 - [STDERR_REDIRECT] 
2025-11-30 10:06:04,735 [ERROR] LogOutputStream:75 - [STDERR_REDIRECT] [Fatal Error] :1:1: Premature end of file.
2025-11-30 10:06:04,735 [ERROR] LogOutputStream:75 - [STDERR_REDIRECT] 
2025-11-30 10:06:05,736 [ERROR] LogOutputStream:75 - [STDERR_REDIRECT] [Fatal Error] :1:1: Premature end of file.
2025-11-30 10:06:05,736 [ERROR] LogOutputStream:75 - [STDERR_REDIRECT] 
2025-11-30 10:06:06,741 [ERROR] LogOutputStream:75 - [STDERR_REDIRECT] [Fatal Error] :1:1: Premature end of file.
2025-11-30 10:06:06,741 [ERROR] LogOutputStream:75 - [STDERR_REDIRECT] 
2025-11-30 10:06:07,736 [ERROR] LogOutputStream:75 - [STDERR_REDIRECT] [Fatal Error] :1:1: Premature end of file.
2025-11-30 10:06:07,736 [ERROR] LogOutputStream:75 - [STDERR_REDIRECT] 
2025-11-30 10:06:08,736 [ERROR] LogOutputStream:75 - [STDERR_REDIRECT] [Fatal Error] :1:1: Premature end of file.
2025-11-30 10:06:08,736 [ERROR] LogOutputStream:75 - [STDERR_REDIRECT] 
2025-11-30 10:06:09,745 [ERROR] LogOutputStream:75 - [STDERR_REDIRECT] [Fatal Error] :1:1: Premature end of file.
2025-11-30 10:06:09,745 [ERROR] LogOutputStream:75 - [STDERR_REDIRECT] 
2025-11-30 10:06:10,735 [ERROR] LogOutputStream:75 - [STDERR_REDIRECT] [Fatal Error] :1:1: Premature end of file.
2025-11-30 10:06:10,735 [ERROR] LogOutputStream:75 - [STDERR_REDIRECT] 
2025-11-30 10:06:11,737 [ERROR] LogOutputStream:75 - [STDERR_REDIRECT] [Fatal Error] :1:1: Premature end of file.
2025-11-30 10:06:11,737 [ERROR] LogOutputStream:75 - [STDERR_REDIRECT] 
2025-11-30 10:06:12,736 [ERROR] LogOutputStream:75 - [STDERR_REDIRECT] [Fatal Error] :1:1: Premature end of file.
2025-11-30 10:06:12,736 [ERROR] LogOutputStream:75 - [STDERR_REDIRECT] 
2025-11-30 10:06:13,742 [ERROR] LogOutputStream:75 - [STDERR_REDIRECT] [Fatal Error] :1:1: Premature end of file.
2025-11-30 10:06:13,742 [ERROR] LogOutputStream:75 - [STDERR_REDIRECT] 
2025-11-30 10:06:14,734 [ERROR] LogOutputStream:75 - [STDERR_REDIRECT] [Fatal Error] :1:1: Premature end of file.
2025-11-30 10:06:14,734 [ERROR] LogOutputStream:75 - [STDERR_REDIRECT] 
2025-11-30 10:06:15,737 [ERROR] LogOutputStream:75 - [STDERR_REDIRECT] [Fatal Error] :1:1: Premature end of file.
2025-11-30 10:06:15,737 [ERROR] LogOutputStream:75 - [STDERR_REDIRECT] 
2025-11-30 10:06:16,745 [ERROR] LogOutputStream:75 - [STDERR_REDIRECT] [Fatal Error] :1:1: Premature end of file.
2025-11-30 10:06:16,745 [ERROR] LogOutputStream:75 - [STDERR_REDIRECT] 
2025-11-30 10:06:17,737 [ERROR] LogOutputStream:75 - [STDERR_REDIRECT] [Fatal Error] :1:1: Premature end of file.
2025-11-30 10:06:17,737 [ERROR] LogOutputStream:75 - [STDERR_REDIRECT] 
2025-11-30 10:06:18,749 [ERROR] LogOutputStream:75 - [STDERR_REDIRECT] [Fatal Error] :1:1: Premature end of file.
2025-11-30 10:06:18,749 [ERROR] LogOutputStream:75 - [STDERR_REDIRECT] 
2025-11-30 10:06:19,739 [ERROR] LogOutputStream:75 - [STDERR_REDIRECT] [Fatal Error] :1:1: Premature end of file.
2025-11-30 10:06:19,739 [ERROR] LogOutputStream:75 - [STDERR_REDIRECT] 
2025-11-30 10:06:20,736 [ERROR] LogOutputStream:75 - [STDERR_REDIRECT] [Fatal Error] :1:1: Premature end of file.
2025-11-30 10:06:20,736 [ERROR] LogOutputStream:75 - [STDERR_REDIRECT] 
2025-11-30 10:06:21,735 [ERROR] LogOutputStream:75 - [STDERR_REDIRECT] [Fatal Error] :1:1: Premature end of file.
2025-11-30 10:06:21,735 [ERROR] LogOutputStream:75 - [STDERR_REDIRECT] 
2025-11-30 10:06:22,737 [ERROR] LogOutputStream:75 - [STDERR_REDIRECT] [Fatal Error] :1:1: Premature end of file.
2025-11-30 10:06:22,737 [ERROR] LogOutputStream:75 - [STDERR_REDIRECT] 
2025-11-30 10:06:23,742 [ERROR] LogOutputStream:75 - [STDERR_REDIRECT] [Fatal Error] :1:1: Premature end of file.
2025-11-30 10:06:23,742 [ERROR] LogOutputStream:75 - [STDERR_REDIRECT] 
2025-11-30 10:06:24,735 [ERROR] LogOutputStream:75 - [STDERR_REDIRECT] [Fatal Error] :1:1: Premature end of file.
2025-11-30 10:06:24,735 [ERROR] LogOutputStream:75 - [STDERR_REDIRECT] 
2025-11-30 10:06:25,737 [ERROR] LogOutputStream:75 - [STDERR_REDIRECT] [Fatal Error] :1:1: Premature end of file.
2025-11-30 10:06:25,737 [ERROR] LogOutputStream:75 - [STDERR_REDIRECT] 
2025-11-30 10:06:26,736 [ERROR] LogOutputStream:75 - [STDERR_REDIRECT] [Fatal Error] :1:1: Premature end of file.
2025-11-30 10:06:26,736 [ERROR] LogOutputStream:75 - [STDERR_REDIRECT] 
2025-11-30 10:06:27,729 [ERROR] LogOutputStream:75 - [STDERR_REDIRECT] [Fatal Error] :1:1: Premature end of file.
2025-11-30 10:06:27,730 [ERROR] LogOutputStream:75 - [STDERR_REDIRECT] 
2025-11-30 10:06:28,736 [ERROR] LogOutputStream:75 - [STDERR_REDIRECT] [Fatal Error] :1:1: Premature end of file.
2025-11-30 10:06:28,736 [ERROR] LogOutputStream:75 - [STDERR_REDIRECT] 
2025-11-30 10:06:29,735 [ERROR] LogOutputStream:75 - [STDERR_REDIRECT] [Fatal Error] :1:1: Premature end of file.
2025-11-30 10:06:29,735 [ERROR] LogOutputStream:75 - [STDERR_REDIRECT] 
2025-11-30 10:06:30,727 [ERROR] LogOutputStream:75 - [STDERR_REDIRECT] [Fatal Error] :1:1: Premature end of file.
2025-11-30 10:06:30,727 [ERROR] LogOutputStream:75 - [STDERR_REDIRECT] 
2025-11-30 10:06:31,737 [ERROR] LogOutputStream:75 - [STDERR_REDIRECT] [Fatal Error] :1:1: Premature end of file.
2025-11-30 10:06:31,737 [ERROR] LogOutputStream:75 - [STDERR_REDIRECT] 
2025-11-30 10:06:32,737 [ERROR] LogOutputStream:75 - [STDERR_REDIRECT] [Fatal Error] :1:1: Premature end of file.
2025-11-30 10:06:32,737 [ERROR] LogOutputStream:75 - [STDERR_REDIRECT] 
2025-11-30 10:06:33,734 [ERROR] LogOutputStream:75 - [STDERR_REDIRECT] [Fatal Error] :1:1: Premature end of file.
2025-11-30 10:06:33,734 [ERROR] LogOutputStream:75 - [STDERR_REDIRECT] 
2025-11-30 10:06:34,735 [ERROR] LogOutputStream:75 - [STDERR_REDIRECT] [Fatal Error] :1:1: Premature end of file.
2025-11-30 10:06:34,735 [ERROR] LogOutputStream:75 - [STDERR_REDIRECT] 
2025-11-30 10:06:35,735 [ERROR] LogOutputStream:75 - [STDERR_REDIRECT] [Fatal Error] :1:1: Premature end of file.
2025-11-30 10:06:35,735 [ERROR] LogOutputStream:75 - [STDERR_REDIRECT] 
2025-11-30 10:06:36,732 [ERROR] LogOutputStream:75 - [STDERR_REDIRECT] [Fatal Error] :1:1: Premature end of file.
2025-11-30 10:06:36,732 [ERROR] LogOutputStream:75 - [STDERR_REDIRECT] 
2025-11-30 10:06:37,737 [ERROR] LogOutputStream:75 - [STDERR_REDIRECT] [Fatal Error] :1:1: Premature end of file.
2025-11-30 10:06:37,737 [ERROR] LogOutputStream:75 - [STDERR_REDIRECT] 
2025-11-30 10:06:38,733 [ERROR] LogOutputStream:75 - [STDERR_REDIRECT] [Fatal Error] :1:1: Premature end of file.
2025-11-30 10:06:38,734 [ERROR] LogOutputStream:75 - [STDERR_REDIRECT] 
2025-11-30 10:06:39,735 [ERROR] LogOutputStream:75 - [STDERR_REDIRECT] [Fatal Error] :1:1: Premature end of file.
2025-11-30 10:06:39,735 [ERROR] LogOutputStream:75 - [STDERR_REDIRECT] 
2025-11-30 10:06:40,735 [ERROR] LogOutputStream:75 - [STDERR_REDIRECT] [Fatal Error] :1:1: Premature end of file.
2025-11-30 10:06:40,735 [ERROR] LogOutputStream:75 - [STDERR_REDIRECT] 
2025-11-30 10:06:41,734 [ERROR] LogOutputStream:75 - [STDERR_REDIRECT] [Fatal Error] :1:1: Premature end of file.
2025-11-30 10:06:41,734 [ERROR] LogOutputStream:75 - [STDERR_REDIRECT] 
2025-11-30 10:06:42,734 [ERROR] LogOutputStream:75 - [STDERR_REDIRECT] [Fatal Error] :1:1: Premature end of file.
2025-11-30 10:06:42,735 [ERROR] LogOutputStream:75 - [STDERR_REDIRECT] 
2025-11-30 10:06:43,737 [ERROR] LogOutputStream:75 - [STDERR_REDIRECT] [Fatal Error] :1:1: Premature end of file.
2025-11-30 10:06:43,737 [ERROR] LogOutputStream:75 - [STDERR_REDIRECT] 
2025-11-30 10:06:44,735 [ERROR] LogOutputStream:75 - [STDERR_REDIRECT] [Fatal Error] :1:1: Premature end of file.
2025-11-30 10:06:44,735 [ERROR] LogOutputStream:75 - [STDERR_REDIRECT] 
2025-11-30 10:06:45,736 [ERROR] LogOutputStream:75 - [STDERR_REDIRECT] [Fatal Error] :1:1: Premature end of file.
2025-11-30 10:06:45,736 [ERROR] LogOutputStream:75 - [STDERR_REDIRECT] 
2025-11-30 10:06:46,742 [ERROR] LogOutputStream:75 - [STDERR_REDIRECT] [Fatal Error] :1:1: Premature end of file.
2025-11-30 10:06:46,742 [ERROR] LogOutputStream:75 - [STDERR_REDIRECT] 
2025-11-30 10:06:47,738 [ERROR] LogOutputStream:75 - [STDERR_REDIRECT] [Fatal Error] :1:1: Premature end of file.
2025-11-30 10:06:47,738 [ERROR] LogOutputStream:75 - [STDERR_REDIRECT] 
2025-11-30 10:06:48,742 [ERROR] LogOutputStream:75 - [STDERR_REDIRECT] [Fatal Error] :1:1: Premature end of file.
2025-11-30 10:06:48,742 [ERROR] LogOutputStream:75 - [STDERR_REDIRECT] 
2025-11-30 10:06:49,742 [ERROR] LogOutputStream:75 - [STDERR_REDIRECT] [Fatal Error] :1:1: Premature end of file.
2025-11-30 10:06:49,742 [ERROR] LogOutputStream:75 - [STDERR_REDIRECT] 
2025-11-30 10:06:50,738 [ERROR] LogOutputStream:75 - [STDERR_REDIRECT] [Fatal Error] :1:1: Premature end of file.
2025-11-30 10:06:50,738 [ERROR] LogOutputStream:75 - [STDERR_REDIRECT] 
2025-11-30 10:06:51,735 [ERROR] LogOutputStream:75 - [STDERR_REDIRECT] [Fatal Error] :1:1: Premature end of file.
2025-11-30 10:06:51,735 [ERROR] LogOutputStream:75 - [STDERR_REDIRECT] 
2025-11-30 10:06:52,736 [ERROR] LogOutputStream:75 - [STDERR_REDIRECT] [Fatal Error] :1:1: Premature end of file.
2025-11-30 10:06:52,736 [ERROR] LogOutputStream:75 - [STDERR_REDIRECT] 
2025-11-30 10:06:53,735 [ERROR] LogOutputStream:75 - [STDERR_REDIRECT] [Fatal Error] :1:1: Premature end of file.
2025-11-30 10:06:53,735 [ERROR] LogOutputStream:75 - [STDERR_REDIRECT] 
2025-11-30 10:06:54,736 [ERROR] LogOutputStream:75 - [STDERR_REDIRECT] [Fatal Error] :1:1: Premature end of file.
2025-11-30 10:06:54,736 [ERROR] LogOutputStream:75 - [STDERR_REDIRECT] 
2025-11-30 10:06:55,736 [ERROR] LogOutputStream:75 - [STDERR_REDIRECT] [Fatal Error] :1:1: Premature end of file.
2025-11-30 10:06:55,736 [ERROR] LogOutputStream:75 - [STDERR_REDIRECT] 
2025-11-30 10:06:56,736 [ERROR] LogOutputStream:75 - [STDERR_REDIRECT] [Fatal Error] :1:1: Premature end of file.
2025-11-30 10:06:56,736 [ERROR] LogOutputStream:75 - [STDERR_REDIRECT] 
2025-11-30 10:06:57,736 [ERROR] LogOutputStream:75 - [STDERR_REDIRECT] [Fatal Error] :1:1: Premature end of file.
2025-11-30 10:06:57,736 [ERROR] LogOutputStream:75 - [STDERR_REDIRECT] 
2025-11-30 10:06:58,737 [ERROR] LogOutputStream:75 - [STDERR_REDIRECT] [Fatal Error] :1:1: Premature end of file.
2025-11-30 10:06:58,737 [ERROR] LogOutputStream:75 - [STDERR_REDIRECT] 
2025-11-30 10:06:59,744 [ERROR] LogOutputStream:75 - [STDERR_REDIRECT] [Fatal Error] :1:1: Premature end of file.
2025-11-30 10:06:59,744 [ERROR] LogOutputStream:75 - [STDERR_REDIRECT] 
2025-11-30 10:07:00,737 [ERROR] LogOutputStream:75 - [STDERR_REDIRECT] [Fatal Error] :1:1: Premature end of file.
2025-11-30 10:07:00,737 [ERROR] LogOutputStream:75 - [STDERR_REDIRECT] 
2025-11-30 10:07:01,739 [ERROR] LogOutputStream:75 - [STDERR_REDIRECT] [Fatal Error] :1:1: Premature end of file.
2025-11-30 10:07:01,739 [ERROR] LogOutputStream:75 - [STDERR_REDIRECT] 
2025-11-30 10:07:02,744 [ERROR] LogOutputStream:75 - [STDERR_REDIRECT] [Fatal Error] :1:1: Premature end of file.
2025-11-30 10:07:02,744 [ERROR] LogOutputStream:75 - [STDERR_REDIRECT] 
2025-11-30 10:07:03,737 [ERROR] LogOutputStream:75 - [STDERR_REDIRECT] [Fatal Error] :1:1: Premature end of file.
2025-11-30 10:07:03,737 [ERROR] LogOutputStream:75 - [STDERR_REDIRECT] 
2025-11-30 10:07:04,736 [ERROR] LogOutputStream:75 - [STDERR_REDIRECT] [Fatal Error] :1:1: Premature end of file.
2025-11-30 10:07:04,736 [ERROR] LogOutputStream:75 - [STDERR_REDIRECT] 
2025-11-30 10:07:05,735 [ERROR] LogOutputStream:75 - [STDERR_REDIRECT] [Fatal Error] :1:1: Premature end of file.
2025-11-30 10:07:05,735 [ERROR] LogOutputStream:75 - [STDERR_REDIRECT] 
2025-11-30 10:07:06,737 [ERROR] LogOutputStream:75 - [STDERR_REDIRECT] [Fatal Error] :1:1: Premature end of file.
2025-11-30 10:07:06,737 [ERROR] LogOutputStream:75 - [STDERR_REDIRECT] 
2025-11-30 10:07:07,733 [ERROR] LogOutputStream:75 - [STDERR_REDIRECT] [Fatal Error] :1:1: Premature end of file.
2025-11-30 10:07:07,733 [ERROR] LogOutputStream:75 - [STDERR_REDIRECT] 
2025-11-30 10:07:08,735 [ERROR] LogOutputStream:75 - [STDERR_REDIRECT] [Fatal Error] :1:1: Premature end of file.
2025-11-30 10:07:08,735 [ERROR] LogOutputStream:75 - [STDERR_REDIRECT] 
2025-11-30 10:07:09,736 [ERROR] LogOutputStream:75 - [STDERR_REDIRECT] [Fatal Error] :1:1: Premature end of file.
2025-11-30 10:07:09,736 [ERROR] LogOutputStream:75 - [STDERR_REDIRECT] 
2025-11-30 10:07:10,736 [ERROR] LogOutputStream:75 - [STDERR_REDIRECT] [Fatal Error] :1:1: Premature end of file.
2025-11-30 10:07:10,736 [ERROR] LogOutputStream:75 - [STDERR_REDIRECT] 
2025-11-30 10:07:11,746 [ERROR] LogOutputStream:75 - [STDERR_REDIRECT] [Fatal Error] :1:1: Premature end of file.
2025-11-30 10:07:11,746 [ERROR] LogOutputStream:75 - [STDERR_REDIRECT] 
2025-11-30 10:07:12,737 [ERROR] LogOutputStream:75 - [STDERR_REDIRECT] [Fatal Error] :1:1: Premature end of file.
2025-11-30 10:07:12,737 [ERROR] LogOutputStream:75 - [STDERR_REDIRECT] 
2025-11-30 10:07:13,739 [ERROR] LogOutputStream:75 - [STDERR_REDIRECT] [Fatal Error] :1:1: Premature end of file.
2025-11-30 10:07:13,739 [ERROR] LogOutputStream:75 - [STDERR_REDIRECT] 
2025-11-30 10:07:14,737 [ERROR] LogOutputStream:75 - [STDERR_REDIRECT] [Fatal Error] :1:1: Premature end of file.
2025-11-30 10:07:14,737 [ERROR] LogOutputStream:75 - [STDERR_REDIRECT] 
2025-11-30 10:07:15,737 [ERROR] LogOutputStream:75 - [STDERR_REDIRECT] [Fatal Error] :1:1: Premature end of file.
2025-11-30 10:07:15,737 [ERROR] LogOutputStream:75 - [STDERR_REDIRECT] 
2025-11-30 10:07:16,733 [ERROR] LogOutputStream:75 - [STDERR_REDIRECT] [Fatal Error] :1:1: Premature end of file.
2025-11-30 10:07:16,733 [ERROR] LogOutputStream:75 - [STDERR_REDIRECT] 
2025-11-30 10:07:17,734 [ERROR] LogOutputStream:75 - [STDERR_REDIRECT] [Fatal Error] :1:1: Premature end of file.
2025-11-30 10:07:17,734 [ERROR] LogOutputStream:75 - [STDERR_REDIRECT] 
2025-11-30 10:07:18,733 [ERROR] LogOutputStream:75 - [STDERR_REDIRECT] [Fatal Error] :1:1: Premature end of file.
2025-11-30 10:07:18,733 [ERROR] LogOutputStream:75 - [STDERR_REDIRECT] 
2025-11-30 10:07:19,733 [ERROR] LogOutputStream:75 - [STDERR_REDIRECT] [Fatal Error] :1:1: Premature end of file.
2025-11-30 10:07:19,733 [ERROR] LogOutputStream:75 - [STDERR_REDIRECT] 
2025-11-30 10:07:20,734 [ERROR] LogOutputStream:75 - [STDERR_REDIRECT] [Fatal Error] :1:1: Premature end of file.
2025-11-30 10:07:20,734 [ERROR] LogOutputStream:75 - [STDERR_REDIRECT] 
2025-11-30 10:07:21,736 [ERROR] LogOutputStream:75 - [STDERR_REDIRECT] [Fatal Error] :1:1: Premature end of file.
2025-11-30 10:07:21,736 [ERROR] LogOutputStream:75 - [STDERR_REDIRECT] 
2025-11-30 10:07:22,735 [ERROR] LogOutputStream:75 - [STDERR_REDIRECT] [Fatal Error] :1:1: Premature end of file.
2025-11-30 10:07:22,735 [ERROR] LogOutputStream:75 - [STDERR_REDIRECT] 
2025-11-30 10:07:23,736 [ERROR] LogOutputStream:75 - [STDERR_REDIRECT] [Fatal Error] :1:1: Premature end of file.
2025-11-30 10:07:23,736 [ERROR] LogOutputStream:75 - [STDERR_REDIRECT] 
2025-11-30 10:07:24,735 [ERROR] LogOutputStream:75 - [STDERR_REDIRECT] [Fatal Error] :1:1: Premature end of file.
2025-11-30 10:07:24,736 [ERROR] LogOutputStream:75 - [STDERR_REDIRECT] 
2025-11-30 10:07:25,745 [ERROR] LogOutputStream:75 - [STDERR_REDIRECT] [Fatal Error] :1:1: Premature end of file.
2025-11-30 10:07:25,745 [ERROR] LogOutputStream:75 - [STDERR_REDIRECT] 
2025-11-30 10:07:26,736 [ERROR] LogOutputStream:75 - [STDERR_REDIRECT] [Fatal Error] :1:1: Premature end of file.
2025-11-30 10:07:26,736 [ERROR] LogOutputStream:75 - [STDERR_REDIRECT] 
2025-11-30 10:07:27,737 [ERROR] LogOutputStream:75 - [STDERR_REDIRECT] [Fatal Error] :1:1: Premature end of file.
2025-11-30 10:07:27,737 [ERROR] LogOutputStream:75 - [STDERR_REDIRECT] 
2025-11-30 10:07:28,742 [ERROR] LogOutputStream:75 - [STDERR_REDIRECT] [Fatal Error] :1:1: Premature end of file.
2025-11-30 10:07:28,742 [ERROR] LogOutputStream:75 - [STDERR_REDIRECT] 
2025-11-30 10:07:29,735 [ERROR] LogOutputStream:75 - [STDERR_REDIRECT] [Fatal Error] :1:1: Premature end of file.
2025-11-30 10:07:29,735 [ERROR] LogOutputStream:75 - [STDERR_REDIRECT] 
2025-11-30 10:07:30,736 [ERROR] LogOutputStream:75 - [STDERR_REDIRECT] [Fatal Error] :1:1: Premature end of file.
2025-11-30 10:07:30,736 [ERROR] LogOutputStream:75 - [STDERR_REDIRECT] 
2025-11-30 10:07:31,736 [ERROR] LogOutputStream:75 - [STDERR_REDIRECT] [Fatal Error] :1:1: Premature end of file.
2025-11-30 10:07:31,736 [ERROR] LogOutputStream:75 - [STDERR_REDIRECT] 
2025-11-30 10:07:32,735 [ERROR] LogOutputStream:75 - [STDERR_REDIRECT] [Fatal Error] :1:1: Premature end of file.
2025-11-30 10:07:32,735 [ERROR] LogOutputStream:75 - [STDERR_REDIRECT] 
2025-11-30 10:07:33,735 [ERROR] LogOutputStream:75 - [STDERR_REDIRECT] [Fatal Error] :1:1: Premature end of file.
2025-11-30 10:07:33,735 [ERROR] LogOutputStream:75 - [STDERR_REDIRECT] 
2025-11-30 10:07:34,736 [ERROR] LogOutputStream:75 - [STDERR_REDIRECT] [Fatal Error] :1:1: Premature end of file.
2025-11-30 10:07:34,736 [ERROR] LogOutputStream:75 - [STDERR_REDIRECT] 
2025-11-30 10:07:35,752 [ERROR] LogOutputStream:75 - [STDERR_REDIRECT] [Fatal Error] :1:1: Premature end of file.
2025-11-30 10:07:35,752 [ERROR] LogOutputStream:75 - [STDERR_REDIRECT] 
2025-11-30 10:07:36,726 [ERROR] LogOutputStream:75 - [STDERR_REDIRECT] [Fatal Error] :1:1: Premature end of file.
2025-11-30 10:07:36,727 [ERROR] LogOutputStream:75 - [STDERR_REDIRECT] 
2025-11-30 10:07:37,729 [ERROR] LogOutputStream:75 - [STDERR_REDIRECT] [Fatal Error] :1:1: Premature end of file.
2025-11-30 10:07:37,729 [ERROR] LogOutputStream:75 - [STDERR_REDIRECT] 
2025-11-30 10:07:38,731 [ERROR] LogOutputStream:75 - [STDERR_REDIRECT] [Fatal Error] :1:1: Premature end of file.
2025-11-30 10:07:38,731 [ERROR] LogOutputStream:75 - [STDERR_REDIRECT] 
2025-11-30 10:07:39,738 [ERROR] LogOutputStream:75 - [STDERR_REDIRECT] [Fatal Error] :1:1: Premature end of file.
2025-11-30 10:07:39,738 [ERROR] LogOutputStream:75 - [STDERR_REDIRECT] 
2025-11-30 10:07:40,744 [ERROR] LogOutputStream:75 - [STDERR_REDIRECT] [Fatal Error] :1:1: Premature end of file.
2025-11-30 10:07:40,744 [ERROR] LogOutputStream:75 - [STDERR_REDIRECT] 
2025-11-30 10:07:41,736 [ERROR] LogOutputStream:75 - [STDERR_REDIRECT] [Fatal Error] :1:1: Premature end of file.
2025-11-30 10:07:41,736 [ERROR] LogOutputStream:75 - [STDERR_REDIRECT] 
2025-11-30 10:07:42,741 [ERROR] LogOutputStream:75 - [STDERR_REDIRECT] [Fatal Error] :1:1: Premature end of file.
2025-11-30 10:07:42,741 [ERROR] LogOutputStream:75 - [STDERR_REDIRECT] 
2025-11-30 10:07:43,736 [ERROR] LogOutputStream:75 - [STDERR_REDIRECT] [Fatal Error] :1:1: Premature end of file.
2025-11-30 10:07:43,736 [ERROR] LogOutputStream:75 - [STDERR_REDIRECT] 
2025-11-30 10:07:44,731 [ERROR] LogOutputStream:75 - [STDERR_REDIRECT] [Fatal Error] :1:1: Premature end of file.
2025-11-30 10:07:44,731 [ERROR] LogOutputStream:75 - [STDERR_REDIRECT] 
2025-11-30 10:07:45,735 [ERROR] LogOutputStream:75 - [STDERR_REDIRECT] [Fatal Error] :1:1: Premature end of file.
2025-11-30 10:07:45,735 [ERROR] LogOutputStream:75 - [STDERR_REDIRECT] 
2025-11-30 10:07:46,726 [ERROR] LogOutputStream:75 - [STDERR_REDIRECT] [Fatal Error] :1:1: Premature end of file.
2025-11-30 10:07:46,726 [ERROR] LogOutputStream:75 - [STDERR_REDIRECT] 
2025-11-30 10:07:47,746 [ERROR] LogOutputStream:75 - [STDERR_REDIRECT] [Fatal Error] :1:1: Premature end of file.
2025-11-30 10:07:47,746 [ERROR] LogOutputStream:75 - [STDERR_REDIRECT] 
2025-11-30 10:07:48,749 [ERROR] LogOutputStream:75 - [STDERR_REDIRECT] [Fatal Error] :1:1: Premature end of file.
2025-11-30 10:07:48,749 [ERROR] LogOutputStream:75 - [STDERR_REDIRECT] 
2025-11-30 10:07:49,736 [ERROR] LogOutputStream:75 - [STDERR_REDIRECT] [Fatal Error] :1:1: Premature end of file.
2025-11-30 10:07:49,736 [ERROR] LogOutputStream:75 - [STDERR_REDIRECT] 
2025-11-30 10:07:50,746 [ERROR] LogOutputStream:75 - [STDERR_REDIRECT] [Fatal Error] :1:1: Premature end of file.
2025-11-30 10:07:50,746 [ERROR] LogOutputStream:75 - [STDERR_REDIRECT] 
2025-11-30 10:07:51,736 [ERROR] LogOutputStream:75 - [STDERR_REDIRECT] [Fatal Error] :1:1: Premature end of file.
2025-11-30 10:07:51,736 [ERROR] LogOutputStream:75 - [STDERR_REDIRECT] 
2025-11-30 10:07:52,734 [ERROR] LogOutputStream:75 - [STDERR_REDIRECT] [Fatal Error] :1:1: Premature end of file.
2025-11-30 10:07:52,734 [ERROR] LogOutputStream:75 - [STDERR_REDIRECT] 
2025-11-30 10:07:53,735 [ERROR] LogOutputStream:75 - [STDERR_REDIRECT] [Fatal Error] :1:1: Premature end of file.
2025-11-30 10:07:53,735 [ERROR] LogOutputStream:75 - [STDERR_REDIRECT] 
2025-11-30 10:07:54,735 [ERROR] LogOutputStream:75 - [STDERR_REDIRECT] [Fatal Error] :1:1: Premature end of file.
2025-11-30 10:07:54,735 [ERROR] LogOutputStream:75 - [STDERR_REDIRECT] 
2025-11-30 10:07:55,745 [ERROR] LogOutputStream:75 - [STDERR_REDIRECT] [Fatal Error] :1:1: Premature end of file.
2025-11-30 10:07:55,745 [ERROR] LogOutputStream:75 - [STDERR_REDIRECT] 
2025-11-30 10:07:56,728 [ERROR] LogOutputStream:75 - [STDERR_REDIRECT] [Fatal Error] :1:1: Premature end of file.
2025-11-30 10:07:56,728 [ERROR] LogOutputStream:75 - [STDERR_REDIRECT] 
2025-11-30 10:07:57,734 [ERROR] LogOutputStream:75 - [STDERR_REDIRECT] [Fatal Error] :1:1: Premature end of file.
2025-11-30 10:07:57,734 [ERROR] LogOutputStream:75 - [STDERR_REDIRECT] 
2025-11-30 10:07:58,736 [ERROR] LogOutputStream:75 - [STDERR_REDIRECT] [Fatal Error] :1:1: Premature end of file.
2025-11-30 10:07:58,736 [ERROR] LogOutputStream:75 - [STDERR_REDIRECT] 
2025-11-30 10:07:59,752 [ERROR] LogOutputStream:75 - [STDERR_REDIRECT] [Fatal Error] :1:1: Premature end of file.
2025-11-30 10:07:59,753 [ERROR] LogOutputStream:75 - [STDERR_REDIRECT] 
2025-11-30 10:08:00,736 [ERROR] LogOutputStream:75 - [STDERR_REDIRECT] [Fatal Error] :1:1: Premature end of file.
2025-11-30 10:08:00,736 [ERROR] LogOutputStream:75 - [STDERR_REDIRECT] 
2025-11-30 10:08:01,726 [ERROR] LogOutputStream:75 - [STDERR_REDIRECT] [Fatal Error] :1:1: Premature end of file.
2025-11-30 10:08:01,726 [ERROR] LogOutputStream:75 - [STDERR_REDIRECT] 
2025-11-30 10:08:02,727 [ERROR] LogOutputStream:75 - [STDERR_REDIRECT] [Fatal Error] :1:1: Premature end of file.
2025-11-30 10:08:02,727 [ERROR] LogOutputStream:75 - [STDERR_REDIRECT] 
2025-11-30 10:08:03,726 [ERROR] LogOutputStream:75 - [STDERR_REDIRECT] [Fatal Error] :1:1: Premature end of file.
2025-11-30 10:08:03,726 [ERROR] LogOutputStream:75 - [STDERR_REDIRECT] 
2025-11-30 10:08:04,737 [ERROR] LogOutputStream:75 - [STDERR_REDIRECT] [Fatal Error] :1:1: Premature end of file.
2025-11-30 10:08:04,737 [ERROR] LogOutputStream:75 - [STDERR_REDIRECT] 
2025-11-30 10:08:05,733 [ERROR] LogOutputStream:75 - [STDERR_REDIRECT] [Fatal Error] :1:1: Premature end of file.
2025-11-30 10:08:05,733 [ERROR] LogOutputStream:75 - [STDERR_REDIRECT] 
2025-11-30 10:08:06,735 [ERROR] LogOutputStream:75 - [STDERR_REDIRECT] [Fatal Error] :1:1: Premature end of file.
2025-11-30 10:08:06,735 [ERROR] LogOutputStream:75 - [STDERR_REDIRECT] 
2025-11-30 10:08:07,759 [ERROR] LogOutputStream:75 - [STDERR_REDIRECT] [Fatal Error] :1:1: Premature end of file.
2025-11-30 10:08:07,759 [ERROR] LogOutputStream:75 - [STDERR_REDIRECT] 
2025-11-30 10:08:08,736 [ERROR] LogOutputStream:75 - [STDERR_REDIRECT] [Fatal Error] :1:1: Premature end of file.
2025-11-30 10:08:08,736 [ERROR] LogOutputStream:75 - [STDERR_REDIRECT] 
2025-11-30 10:08:09,725 [ERROR] LogOutputStream:75 - [STDERR_REDIRECT] [Fatal Error] :1:1: Premature end of file.
2025-11-30 10:08:09,725 [ERROR] LogOutputStream:75 - [STDERR_REDIRECT] 
2025-11-30 10:08:10,735 [ERROR] LogOutputStream:75 - [STDERR_REDIRECT] [Fatal Error] :1:1: Premature end of file.
2025-11-30 10:08:10,735 [ERROR] LogOutputStream:75 - [STDERR_REDIRECT] 
2025-11-30 10:08:11,740 [ERROR] LogOutputStream:75 - [STDERR_REDIRECT] [Fatal Error] :1:1: Premature end of file.
2025-11-30 10:08:11,740 [ERROR] LogOutputStream:75 - [STDERR_REDIRECT] 
2025-11-30 10:08:12,746 [ERROR] LogOutputStream:75 - [STDERR_REDIRECT] [Fatal Error] :1:1: Premature end of file.
2025-11-30 10:08:12,746 [ERROR] LogOutputStream:75 - [STDERR_REDIRECT] 
2025-11-30 10:08:13,735 [ERROR] LogOutputStream:75 - [STDERR_REDIRECT] [Fatal Error] :1:1: Premature end of file.
2025-11-30 10:08:13,735 [ERROR] LogOutputStream:75 - [STDERR_REDIRECT] 
2025-11-30 10:08:14,736 [ERROR] LogOutputStream:75 - [STDERR_REDIRECT] [Fatal Error] :1:1: Premature end of file.
2025-11-30 10:08:14,736 [ERROR] LogOutputStream:75 - [STDERR_REDIRECT] 
2025-11-30 10:08:15,737 [ERROR] LogOutputStream:75 - [STDERR_REDIRECT] [Fatal Error] :1:1: Premature end of file.
2025-11-30 10:08:15,737 [ERROR] LogOutputStream:75 - [STDERR_REDIRECT] 
2025-11-30 10:08:16,735 [ERROR] LogOutputStream:75 - [STDERR_REDIRECT] [Fatal Error] :1:1: Premature end of file.
2025-11-30 10:08:16,735 [ERROR] LogOutputStream:75 - [STDERR_REDIRECT] 
2025-11-30 10:08:17,736 [ERROR] LogOutputStream:75 - [STDERR_REDIRECT] [Fatal Error] :1:1: Premature end of file.
2025-11-30 10:08:17,736 [ERROR] LogOutputStream:75 - [STDERR_REDIRECT] 
2025-11-30 10:08:18,735 [ERROR] LogOutputStream:75 - [STDERR_REDIRECT] [Fatal Error] :1:1: Premature end of file.
2025-11-30 10:08:18,735 [ERROR] LogOutputStream:75 - [STDERR_REDIRECT] 
2025-11-30 10:08:19,727 [ERROR] LogOutputStream:75 - [STDERR_REDIRECT] [Fatal Error] :1:1: Premature end of file.
2025-11-30 10:08:19,727 [ERROR] LogOutputStream:75 - [STDERR_REDIRECT] 
2025-11-30 10:08:20,731 [ERROR] LogOutputStream:75 - [STDERR_REDIRECT] [Fatal Error] :1:1: Premature end of file.
2025-11-30 10:08:20,731 [ERROR] LogOutputStream:75 - [STDERR_REDIRECT] 
2025-11-30 10:08:21,736 [ERROR] LogOutputStream:75 - [STDERR_REDIRECT] [Fatal Error] :1:1: Premature end of file.
2025-11-30 10:08:21,737 [ERROR] LogOutputStream:75 - [STDERR_REDIRECT] 
2025-11-30 10:08:22,734 [ERROR] LogOutputStream:75 - [STDERR_REDIRECT] [Fatal Error] :1:1: Premature end of file.
2025-11-30 10:08:22,734 [ERROR] LogOutputStream:75 - [STDERR_REDIRECT] 
2025-11-30 10:08:23,736 [ERROR] LogOutputStream:75 - [STDERR_REDIRECT] [Fatal Error] :1:1: Premature end of file.
2025-11-30 10:08:23,736 [ERROR] LogOutputStream:75 - [STDERR_REDIRECT] 
2025-11-30 10:08:24,731 [ERROR] LogOutputStream:75 - [STDERR_REDIRECT] [Fatal Error] :1:1: Premature end of file.
2025-11-30 10:08:24,731 [ERROR] LogOutputStream:75 - [STDERR_REDIRECT] 
2025-11-30 10:08:25,733 [ERROR] LogOutputStream:75 - [STDERR_REDIRECT] [Fatal Error] :1:1: Premature end of file.
2025-11-30 10:08:25,733 [ERROR] LogOutputStream:75 - [STDERR_REDIRECT] 
2025-11-30 10:08:26,730 [ERROR] LogOutputStream:75 - [STDERR_REDIRECT] [Fatal Error] :1:1: Premature end of file.
2025-11-30 10:08:26,730 [ERROR] LogOutputStream:75 - [STDERR_REDIRECT] 
2025-11-30 10:08:27,733 [ERROR] LogOutputStream:75 - [STDERR_REDIRECT] [Fatal Error] :1:1: Premature end of file.
2025-11-30 10:08:27,733 [ERROR] LogOutputStream:75 - [STDERR_REDIRECT] 
2025-11-30 10:08:28,735 [ERROR] LogOutputStream:75 - [STDERR_REDIRECT] [Fatal Error] :1:1: Premature end of file.
2025-11-30 10:08:28,735 [ERROR] LogOutputStream:75 - [STDERR_REDIRECT] 
2025-11-30 10:08:29,737 [ERROR] LogOutputStream:75 - [STDERR_REDIRECT] [Fatal Error] :1:1: Premature end of file.
2025-11-30 10:08:29,737 [ERROR] LogOutputStream:75 - [STDERR_REDIRECT] 
2025-11-30 10:08:30,736 [ERROR] LogOutputStream:75 - [STDERR_REDIRECT] [Fatal Error] :1:1: Premature end of file.
2025-11-30 10:08:30,736 [ERROR] LogOutputStream:75 - [STDERR_REDIRECT] 
2025-11-30 10:08:31,734 [ERROR] LogOutputStream:75 - [STDERR_REDIRECT] [Fatal Error] :1:1: Premature end of file.
2025-11-30 10:08:31,734 [ERROR] LogOutputStream:75 - [STDERR_REDIRECT] 
2025-11-30 10:08:32,735 [ERROR] LogOutputStream:75 - [STDERR_REDIRECT] [Fatal Error] :1:1: Premature end of file.
2025-11-30 10:08:32,735 [ERROR] LogOutputStream:75 - [STDERR_REDIRECT] 
2025-11-30 10:08:33,732 [ERROR] LogOutputStream:75 - [STDERR_REDIRECT] [Fatal Error] :1:1: Premature end of file.
2025-11-30 10:08:33,732 [ERROR] LogOutputStream:75 - [STDERR_REDIRECT] 
2025-11-30 10:08:34,733 [ERROR] LogOutputStream:75 - [STDERR_REDIRECT] [Fatal Error] :1:1: Premature end of file.
2025-11-30 10:08:34,734 [ERROR] LogOutputStream:75 - [STDERR_REDIRECT] 
2025-11-30 10:08:35,734 [ERROR] LogOutputStream:75 - [STDERR_REDIRECT] [Fatal Error] :1:1: Premature end of file.
2025-11-30 10:08:35,734 [ERROR] LogOutputStream:75 - [STDERR_REDIRECT] 
2025-11-30 10:08:36,734 [ERROR] LogOutputStream:75 - [STDERR_REDIRECT] [Fatal Error] :1:1: Premature end of file.
2025-11-30 10:08:36,734 [ERROR] LogOutputStream:75 - [STDERR_REDIRECT] 
2025-11-30 10:08:37,736 [ERROR] LogOutputStream:75 - [STDERR_REDIRECT] [Fatal Error] :1:1: Premature end of file.
2025-11-30 10:08:37,736 [ERROR] LogOutputStream:75 - [STDERR_REDIRECT] 
2025-11-30 10:08:38,736 [ERROR] LogOutputStream:75 - [STDERR_REDIRECT] [Fatal Error] :1:1: Premature end of file.
2025-11-30 10:08:38,736 [ERROR] LogOutputStream:75 - [STDERR_REDIRECT] 
2025-11-30 10:08:39,734 [ERROR] LogOutputStream:75 - [STDERR_REDIRECT] [Fatal Error] :1:1: Premature end of file.
2025-11-30 10:08:39,734 [ERROR] LogOutputStream:75 - [STDERR_REDIRECT] 
2025-11-30 10:08:40,736 [ERROR] LogOutputStream:75 - [STDERR_REDIRECT] [Fatal Error] :1:1: Premature end of file.
2025-11-30 10:08:40,736 [ERROR] LogOutputStream:75 - [STDERR_REDIRECT] 
2025-11-30 10:08:41,736 [ERROR] LogOutputStream:75 - [STDERR_REDIRECT] [Fatal Error] :1:1: Premature end of file.
2025-11-30 10:08:41,736 [ERROR] LogOutputStream:75 - [STDERR_REDIRECT] 
2025-11-30 10:08:42,737 [ERROR] LogOutputStream:75 - [STDERR_REDIRECT] [Fatal Error] :1:1: Premature end of file.
2025-11-30 10:08:42,737 [ERROR] LogOutputStream:75 - [STDERR_REDIRECT] 
2025-11-30 10:08:43,735 [ERROR] LogOutputStream:75 - [STDERR_REDIRECT] [Fatal Error] :1:1: Premature end of file.
2025-11-30 10:08:43,735 [ERROR] LogOutputStream:75 - [STDERR_REDIRECT] 
2025-11-30 10:08:44,736 [ERROR] LogOutputStream:75 - [STDERR_REDIRECT] [Fatal Error] :1:1: Premature end of file.
2025-11-30 10:08:44,737 [ERROR] LogOutputStream:75 - [STDERR_REDIRECT] 
2025-11-30 10:08:45,735 [ERROR] LogOutputStream:75 - [STDERR_REDIRECT] [Fatal Error] :1:1: Premature end of file.
2025-11-30 10:08:45,736 [ERROR] LogOutputStream:75 - [STDERR_REDIRECT] 
2025-11-30 10:08:46,735 [ERROR] LogOutputStream:75 - [STDERR_REDIRECT] [Fatal Error] :1:1: Premature end of file.
2025-11-30 10:08:46,736 [ERROR] LogOutputStream:75 - [STDERR_REDIRECT] 
2025-11-30 10:08:47,735 [ERROR] LogOutputStream:75 - [STDERR_REDIRECT] [Fatal Error] :1:1: Premature end of file.
2025-11-30 10:08:47,735 [ERROR] LogOutputStream:75 - [STDERR_REDIRECT] 
2025-11-30 10:08:48,736 [ERROR] LogOutputStream:75 - [STDERR_REDIRECT] [Fatal Error] :1:1: Premature end of file.
2025-11-30 10:08:48,736 [ERROR] LogOutputStream:75 - [STDERR_REDIRECT] 
2025-11-30 10:08:49,736 [ERROR] LogOutputStream:75 - [STDERR_REDIRECT] [Fatal Error] :1:1: Premature end of file.
2025-11-30 10:08:49,736 [ERROR] LogOutputStream:75 - [STDERR_REDIRECT] 
2025-11-30 10:08:50,736 [ERROR] LogOutputStream:75 - [STDERR_REDIRECT] [Fatal Error] :1:1: Premature end of file.
2025-11-30 10:08:50,736 [ERROR] LogOutputStream:75 - [STDERR_REDIRECT] 
2025-11-30 10:08:51,735 [ERROR] LogOutputStream:75 - [STDERR_REDIRECT] [Fatal Error] :1:1: Premature end of file.
2025-11-30 10:08:51,735 [ERROR] LogOutputStream:75 - [STDERR_REDIRECT] 
2025-11-30 10:08:52,737 [ERROR] LogOutputStream:75 - [STDERR_REDIRECT] [Fatal Error] :1:1: Premature end of file.
2025-11-30 10:08:52,737 [ERROR] LogOutputStream:75 - [STDERR_REDIRECT] 
2025-11-30 10:08:53,754 [ERROR] LogOutputStream:75 - [STDERR_REDIRECT] [Fatal Error] :1:1: Premature end of file.
2025-11-30 10:08:53,754 [ERROR] LogOutputStream:75 - [STDERR_REDIRECT] 
2025-11-30 10:08:54,735 [ERROR] LogOutputStream:75 - [STDERR_REDIRECT] [Fatal Error] :1:1: Premature end of file.
2025-11-30 10:08:54,735 [ERROR] LogOutputStream:75 - [STDERR_REDIRECT] 
2025-11-30 10:08:55,736 [ERROR] LogOutputStream:75 - [STDERR_REDIRECT] [Fatal Error] :1:1: Premature end of file.
2025-11-30 10:08:55,736 [ERROR] LogOutputStream:75 - [STDERR_REDIRECT] 
2025-11-30 10:08:56,736 [ERROR] LogOutputStream:75 - [STDERR_REDIRECT] [Fatal Error] :1:1: Premature end of file.
2025-11-30 10:08:56,736 [ERROR] LogOutputStream:75 - [STDERR_REDIRECT] 
2025-11-30 10:08:57,735 [ERROR] LogOutputStream:75 - [STDERR_REDIRECT] [Fatal Error] :1:1: Premature end of file.
2025-11-30 10:08:57,735 [ERROR] LogOutputStream:75 - [STDERR_REDIRECT] 
2025-11-30 10:08:58,736 [ERROR] LogOutputStream:75 - [STDERR_REDIRECT] [Fatal Error] :1:1: Premature end of file.
2025-11-30 10:08:58,736 [ERROR] LogOutputStream:75 - [STDERR_REDIRECT] 
2025-11-30 10:08:59,762 [ERROR] LogOutputStream:75 - [STDERR_REDIRECT] [Fatal Error] :1:1: Premature end of file.
2025-11-30 10:08:59,762 [ERROR] LogOutputStream:75 - [STDERR_REDIRECT] 
2025-11-30 10:09:00,732 [ERROR] LogOutputStream:75 - [STDERR_REDIRECT] [Fatal Error] :1:1: Premature end of file.
2025-11-30 10:09:00,732 [ERROR] LogOutputStream:75 - [STDERR_REDIRECT] 
2025-11-30 10:09:01,736 [ERROR] LogOutputStream:75 - [STDERR_REDIRECT] [Fatal Error] :1:1: Premature end of file.
2025-11-30 10:09:01,736 [ERROR] LogOutputStream:75 - [STDERR_REDIRECT] 
2025-11-30 10:09:02,726 [ERROR] LogOutputStream:75 - [STDERR_REDIRECT] [Fatal Error] :1:1: Premature end of file.
2025-11-30 10:09:02,726 [ERROR] LogOutputStream:75 - [STDERR_REDIRECT] 
2025-11-30 10:09:03,732 [ERROR] LogOutputStream:75 - [STDERR_REDIRECT] [Fatal Error] :1:1: Premature end of file.
2025-11-30 10:09:03,732 [ERROR] LogOutputStream:75 - [STDERR_REDIRECT] 
2025-11-30 10:09:04,735 [ERROR] LogOutputStream:75 - [STDERR_REDIRECT] [Fatal Error] :1:1: Premature end of file.
2025-11-30 10:09:04,735 [ERROR] LogOutputStream:75 - [STDERR_REDIRECT] 
2025-11-30 10:09:05,733 [ERROR] LogOutputStream:75 - [STDERR_REDIRECT] [Fatal Error] :1:1: Premature end of file.
2025-11-30 10:09:05,733 [ERROR] LogOutputStream:75 - [STDERR_REDIRECT] 
2025-11-30 10:09:06,733 [ERROR] LogOutputStream:75 - [STDERR_REDIRECT] [Fatal Error] :1:1: Premature end of file.
2025-11-30 10:09:06,733 [ERROR] LogOutputStream:75 - [STDERR_REDIRECT] 
2025-11-30 10:09:07,736 [ERROR] LogOutputStream:75 - [STDERR_REDIRECT] [Fatal Error] :1:1: Premature end of file.
2025-11-30 10:09:07,736 [ERROR] LogOutputStream:75 - [STDERR_REDIRECT] 
2025-11-30 10:09:08,740 [ERROR] LogOutputStream:75 - [STDERR_REDIRECT] [Fatal Error] :1:1: Premature end of file.
2025-11-30 10:09:08,740 [ERROR] LogOutputStream:75 - [STDERR_REDIRECT] 
2025-11-30 10:09:09,735 [ERROR] LogOutputStream:75 - [STDERR_REDIRECT] [Fatal Error] :1:1: Premature end of file.
2025-11-30 10:09:09,735 [ERROR] LogOutputStream:75 - [STDERR_REDIRECT] 
2025-11-30 10:09:10,735 [ERROR] LogOutputStream:75 - [STDERR_REDIRECT] [Fatal Error] :1:1: Premature end of file.
2025-11-30 10:09:10,735 [ERROR] LogOutputStream:75 - [STDERR_REDIRECT] 
2025-11-30 10:09:11,730 [ERROR] LogOutputStream:75 - [STDERR_REDIRECT] [Fatal Error] :1:1: Premature end of file.
2025-11-30 10:09:11,730 [ERROR] LogOutputStream:75 - [STDERR_REDIRECT] 
2025-11-30 10:09:12,736 [ERROR] LogOutputStream:75 - [STDERR_REDIRECT] [Fatal Error] :1:1: Premature end of file.
2025-11-30 10:09:12,736 [ERROR] LogOutputStream:75 - [STDERR_REDIRECT] 
2025-11-30 10:09:13,739 [ERROR] LogOutputStream:75 - [STDERR_REDIRECT] [Fatal Error] :1:1: Premature end of file.
2025-11-30 10:09:13,740 [ERROR] LogOutputStream:75 - [STDERR_REDIRECT] 
2025-11-30 10:09:14,736 [ERROR] LogOutputStream:75 - [STDERR_REDIRECT] [Fatal Error] :1:1: Premature end of file.
2025-11-30 10:09:14,736 [ERROR] LogOutputStream:75 - [STDERR_REDIRECT] 
2025-11-30 10:09:15,736 [ERROR] LogOutputStream:75 - [STDERR_REDIRECT] [Fatal Error] :1:1: Premature end of file.
2025-11-30 10:09:15,736 [ERROR] LogOutputStream:75 - [STDERR_REDIRECT] 
2025-11-30 10:09:16,758 [ERROR] LogOutputStream:75 - [STDERR_REDIRECT] [Fatal Error] :1:1: Premature end of file.
2025-11-30 10:09:16,758 [ERROR] LogOutputStream:75 - [STDERR_REDIRECT] 
2025-11-30 10:09:17,736 [ERROR] LogOutputStream:75 - [STDERR_REDIRECT] [Fatal Error] :1:1: Premature end of file.
2025-11-30 10:09:17,736 [ERROR] LogOutputStream:75 - [STDERR_REDIRECT] 
2025-11-30 10:09:18,748 [ERROR] LogOutputStream:75 - [STDERR_REDIRECT] [Fatal Error] :1:1: Premature end of file.
2025-11-30 10:09:18,749 [ERROR] LogOutputStream:75 - [STDERR_REDIRECT] 
2025-11-30 10:09:19,737 [ERROR] LogOutputStream:75 - [STDERR_REDIRECT] [Fatal Error] :1:1: Premature end of file.
2025-11-30 10:09:19,737 [ERROR] LogOutputStream:75 - [STDERR_REDIRECT] 
2025-11-30 10:09:20,764 [ERROR] LogOutputStream:75 - [STDERR_REDIRECT] [Fatal Error] :1:1: Premature end of file.
2025-11-30 10:09:20,764 [ERROR] LogOutputStream:75 - [STDERR_REDIRECT] 
2025-11-30 10:09:21,737 [ERROR] LogOutputStream:75 - [STDERR_REDIRECT] [Fatal Error] :1:1: Premature end of file.
2025-11-30 10:09:21,737 [ERROR] LogOutputStream:75 - [STDERR_REDIRECT] 
2025-11-30 10:09:22,737 [ERROR] LogOutputStream:75 - [STDERR_REDIRECT] [Fatal Error] :1:1: Premature end of file.
2025-11-30 10:09:22,737 [ERROR] LogOutputStream:75 - [STDERR_REDIRECT] 
2025-11-30 10:09:23,737 [ERROR] LogOutputStream:75 - [STDERR_REDIRECT] [Fatal Error] :1:1: Premature end of file.
2025-11-30 10:09:23,737 [ERROR] LogOutputStream:75 - [STDERR_REDIRECT] 
2025-11-30 10:09:24,738 [ERROR] LogOutputStream:75 - [STDERR_REDIRECT] [Fatal Error] :1:1: Premature end of file.
2025-11-30 10:09:24,738 [ERROR] LogOutputStream:75 - [STDERR_REDIRECT] 
2025-11-30 10:09:25,741 [ERROR] LogOutputStream:75 - [STDERR_REDIRECT] [Fatal Error] :1:1: Premature end of file.
2025-11-30 10:09:25,741 [ERROR] LogOutputStream:75 - [STDERR_REDIRECT] 
2025-11-30 10:09:26,736 [ERROR] LogOutputStream:75 - [STDERR_REDIRECT] [Fatal Error] :1:1: Premature end of file.
2025-11-30 10:09:26,736 [ERROR] LogOutputStream:75 - [STDERR_REDIRECT] 
2025-11-30 10:09:27,746 [ERROR] LogOutputStream:75 - [STDERR_REDIRECT] [Fatal Error] :1:1: Premature end of file.
2025-11-30 10:09:27,746 [ERROR] LogOutputStream:75 - [STDERR_REDIRECT] 
2025-11-30 10:09:28,730 [ERROR] LogOutputStream:75 - [STDERR_REDIRECT] [Fatal Error] :1:1: Premature end of file.
2025-11-30 10:09:28,730 [ERROR] LogOutputStream:75 - [STDERR_REDIRECT] 
2025-11-30 10:09:29,735 [ERROR] LogOutputStream:75 - [STDERR_REDIRECT] [Fatal Error] :1:1: Premature end of file.
2025-11-30 10:09:29,736 [ERROR] LogOutputStream:75 - [STDERR_REDIRECT] 
2025-11-30 10:09:30,757 [ERROR] LogOutputStream:75 - [STDERR_REDIRECT] [Fatal Error] :1:1: Premature end of file.
2025-11-30 10:09:30,757 [ERROR] LogOutputStream:75 - [STDERR_REDIRECT] 
2025-11-30 10:09:31,729 [ERROR] LogOutputStream:75 - [STDERR_REDIRECT] [Fatal Error] :1:1: Premature end of file.
2025-11-30 10:09:31,729 [ERROR] LogOutputStream:75 - [STDERR_REDIRECT] 
2025-11-30 10:09:32,729 [ERROR] LogOutputStream:75 - [STDERR_REDIRECT] [Fatal Error] :1:1: Premature end of file.
2025-11-30 10:09:32,729 [ERROR] LogOutputStream:75 - [STDERR_REDIRECT] 
2025-11-30 10:09:33,730 [ERROR] LogOutputStream:75 - [STDERR_REDIRECT] [Fatal Error] :1:1: Premature end of file.
2025-11-30 10:09:33,730 [ERROR] LogOutputStream:75 - [STDERR_REDIRECT] 
2025-11-30 10:09:34,728 [ERROR] LogOutputStream:75 - [STDERR_REDIRECT] [Fatal Error] :1:1: Premature end of file.
2025-11-30 10:09:34,729 [ERROR] LogOutputStream:75 - [STDERR_REDIRECT] 
2025-11-30 10:09:35,726 [ERROR] LogOutputStream:75 - [STDERR_REDIRECT] [Fatal Error] :1:1: Premature end of file.
2025-11-30 10:09:35,726 [ERROR] LogOutputStream:75 - [STDERR_REDIRECT] 
2025-11-30 10:09:36,728 [ERROR] LogOutputStream:75 - [STDERR_REDIRECT] [Fatal Error] :1:1: Premature end of file.
2025-11-30 10:09:36,728 [ERROR] LogOutputStream:75 - [STDERR_REDIRECT] 
2025-11-30 10:09:37,747 [ERROR] LogOutputStream:75 - [STDERR_REDIRECT] [Fatal Error] :1:1: Premature end of file.
2025-11-30 10:09:37,747 [ERROR] LogOutputStream:75 - [STDERR_REDIRECT] 
2025-11-30 10:09:38,732 [ERROR] LogOutputStream:75 - [STDERR_REDIRECT] [Fatal Error] :1:1: Premature end of file.
2025-11-30 10:09:38,732 [ERROR] LogOutputStream:75 - [STDERR_REDIRECT] 
2025-11-30 10:09:39,732 [ERROR] LogOutputStream:75 - [STDERR_REDIRECT] [Fatal Error] :1:1: Premature end of file.
2025-11-30 10:09:39,732 [ERROR] LogOutputStream:75 - [STDERR_REDIRECT] 
2025-11-30 10:09:40,732 [ERROR] LogOutputStream:75 - [STDERR_REDIRECT] [Fatal Error] :1:1: Premature end of file.
2025-11-30 10:09:40,732 [ERROR] LogOutputStream:75 - [STDERR_REDIRECT] 
2025-11-30 10:09:41,737 [ERROR] LogOutputStream:75 - [STDERR_REDIRECT] [Fatal Error] :1:1: Premature end of file.
2025-11-30 10:09:41,737 [ERROR] LogOutputStream:75 - [STDERR_REDIRECT] 
2025-11-30 10:09:42,735 [ERROR] LogOutputStream:75 - [STDERR_REDIRECT] [Fatal Error] :1:1: Premature end of file.
2025-11-30 10:09:42,735 [ERROR] LogOutputStream:75 - [STDERR_REDIRECT] 
2025-11-30 10:09:43,731 [ERROR] LogOutputStream:75 - [STDERR_REDIRECT] [Fatal Error] :1:1: Premature end of file.
2025-11-30 10:09:43,731 [ERROR] LogOutputStream:75 - [STDERR_REDIRECT] 
2025-11-30 10:09:44,735 [ERROR] LogOutputStream:75 - [STDERR_REDIRECT] [Fatal Error] :1:1: Premature end of file.
2025-11-30 10:09:44,735 [ERROR] LogOutputStream:75 - [STDERR_REDIRECT] 
2025-11-30 10:09:45,734 [ERROR] LogOutputStream:75 - [STDERR_REDIRECT] [Fatal Error] :1:1: Premature end of file.
2025-11-30 10:09:45,734 [ERROR] LogOutputStream:75 - [STDERR_REDIRECT] 
2025-11-30 10:09:46,763 [ERROR] LogOutputStream:75 - [STDERR_REDIRECT] [Fatal Error] :1:1: Premature end of file.
2025-11-30 10:09:46,763 [ERROR] LogOutputStream:75 - [STDERR_REDIRECT] 
2025-11-30 10:09:47,736 [ERROR] LogOutputStream:75 - [STDERR_REDIRECT] [Fatal Error] :1:1: Premature end of file.
2025-11-30 10:09:47,736 [ERROR] LogOutputStream:75 - [STDERR_REDIRECT] 
2025-11-30 10:09:48,733 [ERROR] LogOutputStream:75 - [STDERR_REDIRECT] [Fatal Error] :1:1: Premature end of file.
2025-11-30 10:09:48,733 [ERROR] LogOutputStream:75 - [STDERR_REDIRECT] 
2025-11-30 10:09:49,736 [ERROR] LogOutputStream:75 - [STDERR_REDIRECT] [Fatal Error] :1:1: Premature end of file.
2025-11-30 10:09:49,736 [ERROR] LogOutputStream:75 - [STDERR_REDIRECT] 
2025-11-30 10:09:50,734 [ERROR] LogOutputStream:75 - [STDERR_REDIRECT] [Fatal Error] :1:1: Premature end of file.
2025-11-30 10:09:50,734 [ERROR] LogOutputStream:75 - [STDERR_REDIRECT] 
2025-11-30 10:09:51,741 [ERROR] LogOutputStream:75 - [STDERR_REDIRECT] [Fatal Error] :1:1: Premature end of file.
2025-11-30 10:09:51,741 [ERROR] LogOutputStream:75 - [STDERR_REDIRECT] 
2025-11-30 10:09:52,736 [ERROR] LogOutputStream:75 - [STDERR_REDIRECT] [Fatal Error] :1:1: Premature end of file.
2025-11-30 10:09:52,736 [ERROR] LogOutputStream:75 - [STDERR_REDIRECT] 
2025-11-30 10:09:53,737 [ERROR] LogOutputStream:75 - [STDERR_REDIRECT] [Fatal Error] :1:1: Premature end of file.
2025-11-30 10:09:53,737 [ERROR] LogOutputStream:75 - [STDERR_REDIRECT] 
2025-11-30 10:09:54,737 [ERROR] LogOutputStream:75 - [STDERR_REDIRECT] [Fatal Error] :1:1: Premature end of file.
2025-11-30 10:09:54,737 [ERROR] LogOutputStream:75 - [STDERR_REDIRECT] 
2025-11-30 10:09:55,726 [ERROR] LogOutputStream:75 - [STDERR_REDIRECT] [Fatal Error] :1:1: Premature end of file.
2025-11-30 10:09:55,727 [ERROR] LogOutputStream:75 - [STDERR_REDIRECT] 
2025-11-30 10:09:56,737 [ERROR] LogOutputStream:75 - [STDERR_REDIRECT] [Fatal Error] :1:1: Premature end of file.
2025-11-30 10:09:56,737 [ERROR] LogOutputStream:75 - [STDERR_REDIRECT] 
2025-11-30 10:09:57,749 [ERROR] LogOutputStream:75 - [STDERR_REDIRECT] [Fatal Error] :1:1: Premature end of file.
2025-11-30 10:09:57,749 [ERROR] LogOutputStream:75 - [STDERR_REDIRECT] 
2025-11-30 10:09:58,736 [ERROR] LogOutputStream:75 - [STDERR_REDIRECT] [Fatal Error] :1:1: Premature end of file.
2025-11-30 10:09:58,736 [ERROR] LogOutputStream:75 - [STDERR_REDIRECT] 
2025-11-30 10:09:59,737 [ERROR] LogOutputStream:75 - [STDERR_REDIRECT] [Fatal Error] :1:1: Premature end of file.
2025-11-30 10:09:59,737 [ERROR] LogOutputStream:75 - [STDERR_REDIRECT] 
2025-11-30 10:10:00,734 [ERROR] LogOutputStream:75 - [STDERR_REDIRECT] [Fatal Error] :1:1: Premature end of file.
2025-11-30 10:10:00,734 [ERROR] LogOutputStream:75 - [STDERR_REDIRECT] 
2025-11-30 10:10:01,736 [ERROR] LogOutputStream:75 - [STDERR_REDIRECT] [Fatal Error] :1:1: Premature end of file.
2025-11-30 10:10:01,737 [ERROR] LogOutputStream:75 - [STDERR_REDIRECT] 
2025-11-30 10:10:02,736 [ERROR] LogOutputStream:75 - [STDERR_REDIRECT] [Fatal Error] :1:1: Premature end of file.
2025-11-30 10:10:02,736 [ERROR] LogOutputStream:75 - [STDERR_REDIRECT] 
2025-11-30 10:10:03,736 [ERROR] LogOutputStream:75 - [STDERR_REDIRECT] [Fatal Error] :1:1: Premature end of file.
2025-11-30 10:10:03,736 [ERROR] LogOutputStream:75 - [STDERR_REDIRECT] 
2025-11-30 10:10:04,760 [ERROR] LogOutputStream:75 - [STDERR_REDIRECT] [Fatal Error] :1:1: Premature end of file.
2025-11-30 10:10:04,760 [ERROR] LogOutputStream:75 - [STDERR_REDIRECT] 
2025-11-30 10:10:05,735 [ERROR] LogOutputStream:75 - [STDERR_REDIRECT] [Fatal Error] :1:1: Premature end of file.
2025-11-30 10:10:05,735 [ERROR] LogOutputStream:75 - [STDERR_REDIRECT] 
2025-11-30 10:10:06,746 [ERROR] LogOutputStream:75 - [STDERR_REDIRECT] [Fatal Error] :1:1: Premature end of file.
2025-11-30 10:10:06,746 [ERROR] LogOutputStream:75 - [STDERR_REDIRECT] 
2025-11-30 10:10:07,736 [ERROR] LogOutputStream:75 - [STDERR_REDIRECT] [Fatal Error] :1:1: Premature end of file.
2025-11-30 10:10:07,736 [ERROR] LogOutputStream:75 - [STDERR_REDIRECT] 
2025-11-30 10:10:08,736 [ERROR] LogOutputStream:75 - [STDERR_REDIRECT] [Fatal Error] :1:1: Premature end of file.
2025-11-30 10:10:08,736 [ERROR] LogOutputStream:75 - [STDERR_REDIRECT] 
2025-11-30 10:10:09,728 [ERROR] LogOutputStream:75 - [STDERR_REDIRECT] [Fatal Error] :1:1: Premature end of file.
2025-11-30 10:10:09,728 [ERROR] LogOutputStream:75 - [STDERR_REDIRECT] 
2025-11-30 10:10:10,763 [ERROR] LogOutputStream:75 - [STDERR_REDIRECT] [Fatal Error] :1:1: Premature end of file.
2025-11-30 10:10:10,763 [ERROR] LogOutputStream:75 - [STDERR_REDIRECT] 
2025-11-30 10:10:11,735 [ERROR] LogOutputStream:75 - [STDERR_REDIRECT] [Fatal Error] :1:1: Premature end of file.
2025-11-30 10:10:11,735 [ERROR] LogOutputStream:75 - [STDERR_REDIRECT] 
2025-11-30 10:10:12,728 [ERROR] LogOutputStream:75 - [STDERR_REDIRECT] [Fatal Error] :1:1: Premature end of file.
2025-11-30 10:10:12,728 [ERROR] LogOutputStream:75 - [STDERR_REDIRECT] 
2025-11-30 10:10:13,739 [ERROR] LogOutputStream:75 - [STDERR_REDIRECT] [Fatal Error] :1:1: Premature end of file.
2025-11-30 10:10:13,739 [ERROR] LogOutputStream:75 - [STDERR_REDIRECT] 
2025-11-30 10:10:14,735 [ERROR] LogOutputStream:75 - [STDERR_REDIRECT] [Fatal Error] :1:1: Premature end of file.
2025-11-30 10:10:14,735 [ERROR] LogOutputStream:75 - [STDERR_REDIRECT] 
2025-11-30 10:10:15,727 [ERROR] LogOutputStream:75 - [STDERR_REDIRECT] [Fatal Error] :1:1: Premature end of file.
2025-11-30 10:10:15,727 [ERROR] LogOutputStream:75 - [STDERR_REDIRECT] 
2025-11-30 10:10:16,727 [ERROR] LogOutputStream:75 - [STDERR_REDIRECT] [Fatal Error] :1:1: Premature end of file.
2025-11-30 10:10:16,727 [ERROR] LogOutputStream:75 - [STDERR_REDIRECT] 
2025-11-30 10:10:17,746 [ERROR] LogOutputStream:75 - [STDERR_REDIRECT] [Fatal Error] :1:1: Premature end of file.
2025-11-30 10:10:17,746 [ERROR] LogOutputStream:75 - [STDERR_REDIRECT] 
2025-11-30 10:10:18,736 [ERROR] LogOutputStream:75 - [STDERR_REDIRECT] [Fatal Error] :1:1: Premature end of file.
2025-11-30 10:10:18,736 [ERROR] LogOutputStream:75 - [STDERR_REDIRECT] 
2025-11-30 10:10:19,735 [ERROR] LogOutputStream:75 - [STDERR_REDIRECT] [Fatal Error] :1:1: Premature end of file.
2025-11-30 10:10:19,735 [ERROR] LogOutputStream:75 - [STDERR_REDIRECT] 
2025-11-30 10:10:20,736 [ERROR] LogOutputStream:75 - [STDERR_REDIRECT] [Fatal Error] :1:1: Premature end of file.
2025-11-30 10:10:20,736 [ERROR] LogOutputStream:75 - [STDERR_REDIRECT] 
2025-11-30 10:10:21,736 [ERROR] LogOutputStream:75 - [STDERR_REDIRECT] [Fatal Error] :1:1: Premature end of file.
2025-11-30 10:10:21,736 [ERROR] LogOutputStream:75 - [STDERR_REDIRECT] 
2025-11-30 10:10:22,735 [ERROR] LogOutputStream:75 - [STDERR_REDIRECT] [Fatal Error] :1:1: Premature end of file.
2025-11-30 10:10:22,735 [ERROR] LogOutputStream:75 - [STDERR_REDIRECT] 
2025-11-30 10:10:23,745 [ERROR] LogOutputStream:75 - [STDERR_REDIRECT] [Fatal Error] :1:1: Premature end of file.
2025-11-30 10:10:23,745 [ERROR] LogOutputStream:75 - [STDERR_REDIRECT] 
2025-11-30 10:10:24,745 [ERROR] LogOutputStream:75 - [STDERR_REDIRECT] [Fatal Error] :1:1: Premature end of file.
2025-11-30 10:10:24,745 [ERROR] LogOutputStream:75 - [STDERR_REDIRECT] 
2025-11-30 10:10:25,735 [ERROR] LogOutputStream:75 - [STDERR_REDIRECT] [Fatal Error] :1:1: Premature end of file.
2025-11-30 10:10:25,735 [ERROR] LogOutputStream:75 - [STDERR_REDIRECT] 
2025-11-30 10:10:26,736 [ERROR] LogOutputStream:75 - [STDERR_REDIRECT] [Fatal Error] :1:1: Premature end of file.
2025-11-30 10:10:26,736 [ERROR] LogOutputStream:75 - [STDERR_REDIRECT] 
2025-11-30 10:10:27,735 [ERROR] LogOutputStream:75 - [STDERR_REDIRECT] [Fatal Error] :1:1: Premature end of file.
2025-11-30 10:10:27,735 [ERROR] LogOutputStream:75 - [STDERR_REDIRECT] 
2025-11-30 10:10:28,735 [ERROR] LogOutputStream:75 - [STDERR_REDIRECT] [Fatal Error] :1:1: Premature end of file.
2025-11-30 10:10:28,735 [ERROR] LogOutputStream:75 - [STDERR_REDIRECT] 
2025-11-30 10:10:29,735 [ERROR] LogOutputStream:75 - [STDERR_REDIRECT] [Fatal Error] :1:1: Premature end of file.
2025-11-30 10:10:29,735 [ERROR] LogOutputStream:75 - [STDERR_REDIRECT] 
2025-11-30 10:10:30,736 [ERROR] LogOutputStream:75 - [STDERR_REDIRECT] [Fatal Error] :1:1: Premature end of file.
2025-11-30 10:10:30,736 [ERROR] LogOutputStream:75 - [STDERR_REDIRECT] 
2025-11-30 10:10:31,735 [ERROR] LogOutputStream:75 - [STDERR_REDIRECT] [Fatal Error] :1:1: Premature end of file.
2025-11-30 10:10:31,735 [ERROR] LogOutputStream:75 - [STDERR_REDIRECT] 
2025-11-30 10:10:32,726 [ERROR] LogOutputStream:75 - [STDERR_REDIRECT] [Fatal Error] :1:1: Premature end of file.
2025-11-30 10:10:32,726 [ERROR] LogOutputStream:75 - [STDERR_REDIRECT] 
2025-11-30 10:10:33,736 [ERROR] LogOutputStream:75 - [STDERR_REDIRECT] [Fatal Error] :1:1: Premature end of file.
2025-11-30 10:10:33,736 [ERROR] LogOutputStream:75 - [STDERR_REDIRECT] 
2025-11-30 10:10:34,740 [ERROR] LogOutputStream:75 - [STDERR_REDIRECT] [Fatal Error] :1:1: Premature end of file.
2025-11-30 10:10:34,740 [ERROR] LogOutputStream:75 - [STDERR_REDIRECT] 
2025-11-30 10:10:35,737 [ERROR] LogOutputStream:75 - [STDERR_REDIRECT] [Fatal Error] :1:1: Premature end of file.
2025-11-30 10:10:35,737 [ERROR] LogOutputStream:75 - [STDERR_REDIRECT] 
2025-11-30 10:10:36,738 [ERROR] LogOutputStream:75 - [STDERR_REDIRECT] [Fatal Error] :1:1: Premature end of file.
2025-11-30 10:10:36,738 [ERROR] LogOutputStream:75 - [STDERR_REDIRECT] 
2025-11-30 10:10:37,736 [ERROR] LogOutputStream:75 - [STDERR_REDIRECT] [Fatal Error] :1:1: Premature end of file.
2025-11-30 10:10:37,736 [ERROR] LogOutputStream:75 - [STDERR_REDIRECT] 
2025-11-30 10:10:38,736 [ERROR] LogOutputStream:75 - [STDERR_REDIRECT] [Fatal Error] :1:1: Premature end of file.
2025-11-30 10:10:38,737 [ERROR] LogOutputStream:75 - [STDERR_REDIRECT] 
2025-11-30 10:10:39,757 [ERROR] LogOutputStream:75 - [STDERR_REDIRECT] [Fatal Error] :1:1: Premature end of file.
2025-11-30 10:10:39,757 [ERROR] LogOutputStream:75 - [STDERR_REDIRECT] 
2025-11-30 10:10:40,737 [ERROR] LogOutputStream:75 - [STDERR_REDIRECT] [Fatal Error] :1:1: Premature end of file.
2025-11-30 10:10:40,737 [ERROR] LogOutputStream:75 - [STDERR_REDIRECT] 
2025-11-30 10:10:41,735 [ERROR] LogOutputStream:75 - [STDERR_REDIRECT] [Fatal Error] :1:1: Premature end of file.
2025-11-30 10:10:41,735 [ERROR] LogOutputStream:75 - [STDERR_REDIRECT] 
2025-11-30 10:10:42,736 [ERROR] LogOutputStream:75 - [STDERR_REDIRECT] [Fatal Error] :1:1: Premature end of file.
2025-11-30 10:10:42,736 [ERROR] LogOutputStream:75 - [STDERR_REDIRECT] 
2025-11-30 10:10:43,735 [ERROR] LogOutputStream:75 - [STDERR_REDIRECT] [Fatal Error] :1:1: Premature end of file.
2025-11-30 10:10:43,735 [ERROR] LogOutputStream:75 - [STDERR_REDIRECT] 
2025-11-30 10:10:44,746 [ERROR] LogOutputStream:75 - [STDERR_REDIRECT] [Fatal Error] :1:1: Premature end of file.
2025-11-30 10:10:44,746 [ERROR] LogOutputStream:75 - [STDERR_REDIRECT] 
2025-11-30 10:10:45,738 [ERROR] LogOutputStream:75 - [STDERR_REDIRECT] [Fatal Error] :1:1: Premature end of file.
2025-11-30 10:10:45,738 [ERROR] LogOutputStream:75 - [STDERR_REDIRECT] 
2025-11-30 10:10:46,747 [ERROR] LogOutputStream:75 - [STDERR_REDIRECT] [Fatal Error] :1:1: Premature end of file.
2025-11-30 10:10:46,747 [ERROR] LogOutputStream:75 - [STDERR_REDIRECT] 
2025-11-30 10:10:47,736 [ERROR] LogOutputStream:75 - [STDERR_REDIRECT] [Fatal Error] :1:1: Premature end of file.
2025-11-30 10:10:47,736 [ERROR] LogOutputStream:75 - [STDERR_REDIRECT] 
2025-11-30 10:10:48,736 [ERROR] LogOutputStream:75 - [STDERR_REDIRECT] [Fatal Error] :1:1: Premature end of file.
2025-11-30 10:10:48,736 [ERROR] LogOutputStream:75 - [STDERR_REDIRECT] 
2025-11-30 10:10:49,736 [ERROR] LogOutputStream:75 - [STDERR_REDIRECT] [Fatal Error] :1:1: Premature end of file.
2025-11-30 10:10:49,736 [ERROR] LogOutputStream:75 - [STDERR_REDIRECT] 
2025-11-30 10:10:50,737 [ERROR] LogOutputStream:75 - [STDERR_REDIRECT] [Fatal Error] :1:1: Premature end of file.
2025-11-30 10:10:50,737 [ERROR] LogOutputStream:75 - [STDERR_REDIRECT] 
2025-11-30 10:10:51,730 [ERROR] LogOutputStream:75 - [STDERR_REDIRECT] [Fatal Error] :1:1: Premature end of file.
2025-11-30 10:10:51,730 [ERROR] LogOutputStream:75 - [STDERR_REDIRECT] 
2025-11-30 10:10:52,736 [ERROR] LogOutputStream:75 - [STDERR_REDIRECT] [Fatal Error] :1:1: Premature end of file.
2025-11-30 10:10:52,737 [ERROR] LogOutputStream:75 - [STDERR_REDIRECT] 
2025-11-30 10:10:53,734 [ERROR] LogOutputStream:75 - [STDERR_REDIRECT] [Fatal Error] :1:1: Premature end of file.
2025-11-30 10:10:53,734 [ERROR] LogOutputStream:75 - [STDERR_REDIRECT] 
2025-11-30 10:10:54,737 [ERROR] LogOutputStream:75 - [STDERR_REDIRECT] [Fatal Error] :1:1: Premature end of file.
2025-11-30 10:10:54,737 [ERROR] LogOutputStream:75 - [STDERR_REDIRECT] 
2025-11-30 10:10:55,745 [ERROR] LogOutputStream:75 - [STDERR_REDIRECT] [Fatal Error] :1:1: Premature end of file.
2025-11-30 10:10:55,745 [ERROR] LogOutputStream:75 - [STDERR_REDIRECT] 
2025-11-30 10:10:56,736 [ERROR] LogOutputStream:75 - [STDERR_REDIRECT] [Fatal Error] :1:1: Premature end of file.
2025-11-30 10:10:56,736 [ERROR] LogOutputStream:75 - [STDERR_REDIRECT] 
2025-11-30 10:10:57,737 [ERROR] LogOutputStream:75 - [STDERR_REDIRECT] [Fatal Error] :1:1: Premature end of file.
2025-11-30 10:10:57,737 [ERROR] LogOutputStream:75 - [STDERR_REDIRECT] 
2025-11-30 10:10:58,749 [ERROR] LogOutputStream:75 - [STDERR_REDIRECT] [Fatal Error] :1:1: Premature end of file.
2025-11-30 10:10:58,749 [ERROR] LogOutputStream:75 - [STDERR_REDIRECT] 
2025-11-30 10:10:59,746 [ERROR] LogOutputStream:75 - [STDERR_REDIRECT] [Fatal Error] :1:1: Premature end of file.
2025-11-30 10:10:59,746 [ERROR] LogOutputStream:75 - [STDERR_REDIRECT] 
2025-11-30 10:11:00,737 [ERROR] LogOutputStream:75 - [STDERR_REDIRECT] [Fatal Error] :1:1: Premature end of file.
2025-11-30 10:11:00,737 [ERROR] LogOutputStream:75 - [STDERR_REDIRECT] 
2025-11-30 10:11:01,736 [ERROR] LogOutputStream:75 - [STDERR_REDIRECT] [Fatal Error] :1:1: Premature end of file.
2025-11-30 10:11:01,736 [ERROR] LogOutputStream:75 - [STDERR_REDIRECT] 
2025-11-30 10:11:02,734 [ERROR] LogOutputStream:75 - [STDERR_REDIRECT] [Fatal Error] :1:1: Premature end of file.
2025-11-30 10:11:02,734 [ERROR] LogOutputStream:75 - [STDERR_REDIRECT] 
2025-11-30 10:11:03,735 [ERROR] LogOutputStream:75 - [STDERR_REDIRECT] [Fatal Error] :1:1: Premature end of file.
2025-11-30 10:11:03,735 [ERROR] LogOutputStream:75 - [STDERR_REDIRECT] 
2025-11-30 10:11:04,733 [ERROR] LogOutputStream:75 - [STDERR_REDIRECT] [Fatal Error] :1:1: Premature end of file.
2025-11-30 10:11:04,733 [ERROR] LogOutputStream:75 - [STDERR_REDIRECT] 
2025-11-30 10:11:05,742 [ERROR] LogOutputStream:75 - [STDERR_REDIRECT] [Fatal Error] :1:1: Premature end of file.
2025-11-30 10:11:05,742 [ERROR] LogOutputStream:75 - [STDERR_REDIRECT] 
2025-11-30 10:11:06,753 [ERROR] LogOutputStream:75 - [STDERR_REDIRECT] [Fatal Error] :1:1: Premature end of file.
2025-11-30 10:11:06,753 [ERROR] LogOutputStream:75 - [STDERR_REDIRECT] 
2025-11-30 10:11:07,733 [ERROR] LogOutputStream:75 - [STDERR_REDIRECT] [Fatal Error] :1:1: Premature end of file.
2025-11-30 10:11:07,733 [ERROR] LogOutputStream:75 - [STDERR_REDIRECT] 
2025-11-30 10:11:08,728 [ERROR] LogOutputStream:75 - [STDERR_REDIRECT] [Fatal Error] :1:1: Premature end of file.
2025-11-30 10:11:08,728 [ERROR] LogOutputStream:75 - [STDERR_REDIRECT] 
2025-11-30 10:11:09,731 [ERROR] LogOutputStream:75 - [STDERR_REDIRECT] [Fatal Error] :1:1: Premature end of file.
2025-11-30 10:11:09,731 [ERROR] LogOutputStream:75 - [STDERR_REDIRECT] 
2025-11-30 10:11:10,727 [ERROR] LogOutputStream:75 - [STDERR_REDIRECT] [Fatal Error] :1:1: Premature end of file.
2025-11-30 10:11:10,727 [ERROR] LogOutputStream:75 - [STDERR_REDIRECT] 
2025-11-30 10:11:11,726 [ERROR] LogOutputStream:75 - [STDERR_REDIRECT] [Fatal Error] :1:1: Premature end of file.
2025-11-30 10:11:11,726 [ERROR] LogOutputStream:75 - [STDERR_REDIRECT] 
2025-11-30 10:11:12,733 [ERROR] LogOutputStream:75 - [STDERR_REDIRECT] [Fatal Error] :1:1: Premature end of file.
2025-11-30 10:11:12,733 [ERROR] LogOutputStream:75 - [STDERR_REDIRECT] 
2025-11-30 10:11:13,735 [ERROR] LogOutputStream:75 - [STDERR_REDIRECT] [Fatal Error] :1:1: Premature end of file.
2025-11-30 10:11:13,736 [ERROR] LogOutputStream:75 - [STDERR_REDIRECT] 
2025-11-30 10:11:14,736 [ERROR] LogOutputStream:75 - [STDERR_REDIRECT] [Fatal Error] :1:1: Premature end of file.
2025-11-30 10:11:14,736 [ERROR] LogOutputStream:75 - [STDERR_REDIRECT] 
2025-11-30 10:11:15,735 [ERROR] LogOutputStream:75 - [STDERR_REDIRECT] [Fatal Error] :1:1: Premature end of file.
2025-11-30 10:11:15,735 [ERROR] LogOutputStream:75 - [STDERR_REDIRECT] 
2025-11-30 10:11:16,762 [ERROR] LogOutputStream:75 - [STDERR_REDIRECT] [Fatal Error] :1:1: Premature end of file.
2025-11-30 10:11:16,762 [ERROR] LogOutputStream:75 - [STDERR_REDIRECT] 
2025-11-30 10:11:17,736 [ERROR] LogOutputStream:75 - [STDERR_REDIRECT] [Fatal Error] :1:1: Premature end of file.
2025-11-30 10:11:17,738 [ERROR] LogOutputStream:75 - [STDERR_REDIRECT] 
2025-11-30 10:11:18,748 [ERROR] LogOutputStream:75 - [STDERR_REDIRECT] [Fatal Error] :1:1: Premature end of file.
2025-11-30 10:11:18,748 [ERROR] LogOutputStream:75 - [STDERR_REDIRECT] 
2025-11-30 10:11:19,741 [ERROR] LogOutputStream:75 - [STDERR_REDIRECT] [Fatal Error] :1:1: Premature end of file.
2025-11-30 10:11:19,741 [ERROR] LogOutputStream:75 - [STDERR_REDIRECT] 
2025-11-30 10:11:20,736 [ERROR] LogOutputStream:75 - [STDERR_REDIRECT] [Fatal Error] :1:1: Premature end of file.
2025-11-30 10:11:20,736 [ERROR] LogOutputStream:75 - [STDERR_REDIRECT] 
2025-11-30 10:11:21,735 [ERROR] LogOutputStream:75 - [STDERR_REDIRECT] [Fatal Error] :1:1: Premature end of file.
2025-11-30 10:11:21,735 [ERROR] LogOutputStream:75 - [STDERR_REDIRECT] 
2025-11-30 10:11:22,732 [ERROR] LogOutputStream:75 - [STDERR_REDIRECT] [Fatal Error] :1:1: Premature end of file.
2025-11-30 10:11:22,732 [ERROR] LogOutputStream:75 - [STDERR_REDIRECT] 
2025-11-30 10:11:23,737 [ERROR] LogOutputStream:75 - [STDERR_REDIRECT] [Fatal Error] :1:1: Premature end of file.
2025-11-30 10:11:23,737 [ERROR] LogOutputStream:75 - [STDERR_REDIRECT] 
2025-11-30 10:11:24,746 [ERROR] LogOutputStream:75 - [STDERR_REDIRECT] [Fatal Error] :1:1: Premature end of file.
2025-11-30 10:11:24,746 [ERROR] LogOutputStream:75 - [STDERR_REDIRECT] 
2025-11-30 10:11:25,736 [ERROR] LogOutputStream:75 - [STDERR_REDIRECT] [Fatal Error] :1:1: Premature end of file.
2025-11-30 10:11:25,736 [ERROR] LogOutputStream:75 - [STDERR_REDIRECT] 
2025-11-30 10:11:26,736 [ERROR] LogOutputStream:75 - [STDERR_REDIRECT] [Fatal Error] :1:1: Premature end of file.
2025-11-30 10:11:26,736 [ERROR] LogOutputStream:75 - [STDERR_REDIRECT] 
2025-11-30 10:11:27,736 [ERROR] LogOutputStream:75 - [STDERR_REDIRECT] [Fatal Error] :1:1: Premature end of file.
2025-11-30 10:11:27,736 [ERROR] LogOutputStream:75 - [STDERR_REDIRECT] 
2025-11-30 10:11:28,735 [ERROR] LogOutputStream:75 - [STDERR_REDIRECT] [Fatal Error] :1:1: Premature end of file.
2025-11-30 10:11:28,735 [ERROR] LogOutputStream:75 - [STDERR_REDIRECT] 
2025-11-30 10:11:29,737 [ERROR] LogOutputStream:75 - [STDERR_REDIRECT] [Fatal Error] :1:1: Premature end of file.
2025-11-30 10:11:29,737 [ERROR] LogOutputStream:75 - [STDERR_REDIRECT] 
2025-11-30 10:11:30,734 [ERROR] LogOutputStream:75 - [STDERR_REDIRECT] [Fatal Error] :1:1: Premature end of file.
2025-11-30 10:11:30,734 [ERROR] LogOutputStream:75 - [STDERR_REDIRECT] 
2025-11-30 10:11:31,736 [ERROR] LogOutputStream:75 - [STDERR_REDIRECT] [Fatal Error] :1:1: Premature end of file.
2025-11-30 10:11:31,736 [ERROR] LogOutputStream:75 - [STDERR_REDIRECT] 
2025-11-30 10:11:32,735 [ERROR] LogOutputStream:75 - [STDERR_REDIRECT] [Fatal Error] :1:1: Premature end of file.
2025-11-30 10:11:32,735 [ERROR] LogOutputStream:75 - [STDERR_REDIRECT] 
2025-11-30 10:11:33,735 [ERROR] LogOutputStream:75 - [STDERR_REDIRECT] [Fatal Error] :1:1: Premature end of file.
2025-11-30 10:11:33,735 [ERROR] LogOutputStream:75 - [STDERR_REDIRECT] 
2025-11-30 10:11:34,735 [ERROR] LogOutputStream:75 - [STDERR_REDIRECT] [Fatal Error] :1:1: Premature end of file.
2025-11-30 10:11:34,735 [ERROR] LogOutputStream:75 - [STDERR_REDIRECT] 
2025-11-30 10:11:35,733 [ERROR] LogOutputStream:75 - [STDERR_REDIRECT] [Fatal Error] :1:1: Premature end of file.
2025-11-30 10:11:35,733 [ERROR] LogOutputStream:75 - [STDERR_REDIRECT] 
2025-11-30 10:11:36,744 [ERROR] LogOutputStream:75 - [STDERR_REDIRECT] [Fatal Error] :1:1: Premature end of file.
2025-11-30 10:11:36,744 [ERROR] LogOutputStream:75 - [STDERR_REDIRECT] 
2025-11-30 10:11:37,736 [ERROR] LogOutputStream:75 - [STDERR_REDIRECT] [Fatal Error] :1:1: Premature end of file.
2025-11-30 10:11:37,736 [ERROR] LogOutputStream:75 - [STDERR_REDIRECT] 
2025-11-30 10:11:38,733 [ERROR] LogOutputStream:75 - [STDERR_REDIRECT] [Fatal Error] :1:1: Premature end of file.
2025-11-30 10:11:38,733 [ERROR] LogOutputStream:75 - [STDERR_REDIRECT] 
2025-11-30 10:11:39,733 [ERROR] LogOutputStream:75 - [STDERR_REDIRECT] [Fatal Error] :1:1: Premature end of file.
2025-11-30 10:11:39,733 [ERROR] LogOutputStream:75 - [STDERR_REDIRECT] 
2025-11-30 10:11:40,733 [ERROR] LogOutputStream:75 - [STDERR_REDIRECT] [Fatal Error] :1:1: Premature end of file.
2025-11-30 10:11:40,733 [ERROR] LogOutputStream:75 - [STDERR_REDIRECT] 
2025-11-30 10:11:41,733 [ERROR] LogOutputStream:75 - [STDERR_REDIRECT] [Fatal Error] :1:1: Premature end of file.
2025-11-30 10:11:41,733 [ERROR] LogOutputStream:75 - [STDERR_REDIRECT] 
2025-11-30 10:11:42,735 [ERROR] LogOutputStream:75 - [STDERR_REDIRECT] [Fatal Error] :1:1: Premature end of file.
2025-11-30 10:11:42,735 [ERROR] LogOutputStream:75 - [STDERR_REDIRECT] 
2025-11-30 10:11:43,735 [ERROR] LogOutputStream:75 - [STDERR_REDIRECT] [Fatal Error] :1:1: Premature end of file.
2025-11-30 10:11:43,735 [ERROR] LogOutputStream:75 - [STDERR_REDIRECT] 
2025-11-30 10:11:44,733 [ERROR] LogOutputStream:75 - [STDERR_REDIRECT] [Fatal Error] :1:1: Premature end of file.
2025-11-30 10:11:44,733 [ERROR] LogOutputStream:75 - [STDERR_REDIRECT] 
2025-11-30 10:11:45,735 [ERROR] LogOutputStream:75 - [STDERR_REDIRECT] [Fatal Error] :1:1: Premature end of file.
2025-11-30 10:11:45,735 [ERROR] LogOutputStream:75 - [STDERR_REDIRECT] 
2025-11-30 10:11:46,735 [ERROR] LogOutputStream:75 - [STDERR_REDIRECT] [Fatal Error] :1:1: Premature end of file.
2025-11-30 10:11:46,735 [ERROR] LogOutputStream:75 - [STDERR_REDIRECT] 
2025-11-30 10:11:47,736 [ERROR] LogOutputStream:75 - [STDERR_REDIRECT] [Fatal Error] :1:1: Premature end of file.
2025-11-30 10:11:47,736 [ERROR] LogOutputStream:75 - [STDERR_REDIRECT] 
2025-11-30 10:11:48,736 [ERROR] LogOutputStream:75 - [STDERR_REDIRECT] [Fatal Error] :1:1: Premature end of file.
2025-11-30 10:11:48,736 [ERROR] LogOutputStream:75 - [STDERR_REDIRECT] 
2025-11-30 10:11:49,735 [ERROR] LogOutputStream:75 - [STDERR_REDIRECT] [Fatal Error] :1:1: Premature end of file.
2025-11-30 10:11:49,735 [ERROR] LogOutputStream:75 - [STDERR_REDIRECT] 
2025-11-30 10:11:50,737 [ERROR] LogOutputStream:75 - [STDERR_REDIRECT] [Fatal Error] :1:1: Premature end of file.
2025-11-30 10:11:50,737 [ERROR] LogOutputStream:75 - [STDERR_REDIRECT] 
2025-11-30 10:11:51,733 [ERROR] LogOutputStream:75 - [STDERR_REDIRECT] [Fatal Error] :1:1: Premature end of file.
2025-11-30 10:11:51,733 [ERROR] LogOutputStream:75 - [STDERR_REDIRECT] 
2025-11-30 10:11:52,736 [ERROR] LogOutputStream:75 - [STDERR_REDIRECT] [Fatal Error] :1:1: Premature end of file.
2025-11-30 10:11:52,736 [ERROR] LogOutputStream:75 - [STDERR_REDIRECT] 
2025-11-30 10:11:53,736 [ERROR] LogOutputStream:75 - [STDERR_REDIRECT] [Fatal Error] :1:1: Premature end of file.
2025-11-30 10:11:53,736 [ERROR] LogOutputStream:75 - [STDERR_REDIRECT] 
2025-11-30 10:11:54,744 [ERROR] LogOutputStream:75 - [STDERR_REDIRECT] [Fatal Error] :1:1: Premature end of file.
2025-11-30 10:11:54,744 [ERROR] LogOutputStream:75 - [STDERR_REDIRECT] 
2025-11-30 10:11:55,739 [ERROR] LogOutputStream:75 - [STDERR_REDIRECT] [Fatal Error] :1:1: Premature end of file.
2025-11-30 10:11:55,739 [ERROR] LogOutputStream:75 - [STDERR_REDIRECT] 
2025-11-30 10:11:56,728 [ERROR] LogOutputStream:75 - [STDERR_REDIRECT] [Fatal Error] :1:1: Premature end of file.
2025-11-30 10:11:56,728 [ERROR] LogOutputStream:75 - [STDERR_REDIRECT] 
2025-11-30 10:11:57,743 [ERROR] LogOutputStream:75 - [STDERR_REDIRECT] [Fatal Error] :1:1: Premature end of file.
2025-11-30 10:11:57,743 [ERROR] LogOutputStream:75 - [STDERR_REDIRECT] 
2025-11-30 10:11:58,736 [ERROR] LogOutputStream:75 - [STDERR_REDIRECT] [Fatal Error] :1:1: Premature end of file.
2025-11-30 10:11:58,736 [ERROR] LogOutputStream:75 - [STDERR_REDIRECT] 
2025-11-30 10:11:59,760 [ERROR] LogOutputStream:75 - [STDERR_REDIRECT] [Fatal Error] :1:1: Premature end of file.
2025-11-30 10:11:59,760 [ERROR] LogOutputStream:75 - [STDERR_REDIRECT] 
2025-11-30 10:12:00,736 [ERROR] LogOutputStream:75 - [STDERR_REDIRECT] [Fatal Error] :1:1: Premature end of file.
2025-11-30 10:12:00,736 [ERROR] LogOutputStream:75 - [STDERR_REDIRECT] 
2025-11-30 10:12:01,735 [ERROR] LogOutputStream:75 - [STDERR_REDIRECT] [Fatal Error] :1:1: Premature end of file.
2025-11-30 10:12:01,735 [ERROR] LogOutputStream:75 - [STDERR_REDIRECT] 
2025-11-30 10:12:02,752 [ERROR] LogOutputStream:75 - [STDERR_REDIRECT] [Fatal Error] :1:1: Premature end of file.
2025-11-30 10:12:02,752 [ERROR] LogOutputStream:75 - [STDERR_REDIRECT] 
2025-11-30 10:12:03,746 [ERROR] LogOutputStream:75 - [STDERR_REDIRECT] [Fatal Error] :1:1: Premature end of file.
2025-11-30 10:12:03,746 [ERROR] LogOutputStream:75 - [STDERR_REDIRECT] 
2025-11-30 10:12:04,741 [ERROR] LogOutputStream:75 - [STDERR_REDIRECT] [Fatal Error] :1:1: Premature end of file.
2025-11-30 10:12:04,741 [ERROR] LogOutputStream:75 - [STDERR_REDIRECT] 
2025-11-30 10:12:05,734 [ERROR] LogOutputStream:75 - [STDERR_REDIRECT] [Fatal Error] :1:1: Premature end of file.
2025-11-30 10:12:05,734 [ERROR] LogOutputStream:75 - [STDERR_REDIRECT] 
2025-11-30 10:12:06,735 [ERROR] LogOutputStream:75 - [STDERR_REDIRECT] [Fatal Error] :1:1: Premature end of file.
2025-11-30 10:12:06,735 [ERROR] LogOutputStream:75 - [STDERR_REDIRECT] 
2025-11-30 10:12:07,754 [ERROR] LogOutputStream:75 - [STDERR_REDIRECT] [Fatal Error] :1:1: Premature end of file.
2025-11-30 10:12:07,754 [ERROR] LogOutputStream:75 - [STDERR_REDIRECT] 
2025-11-30 10:12:08,734 [ERROR] LogOutputStream:75 - [STDERR_REDIRECT] [Fatal Error] :1:1: Premature end of file.
2025-11-30 10:12:08,734 [ERROR] LogOutputStream:75 - [STDERR_REDIRECT] 
2025-11-30 10:12:09,745 [ERROR] LogOutputStream:75 - [STDERR_REDIRECT] [Fatal Error] :1:1: Premature end of file.
2025-11-30 10:12:09,745 [ERROR] LogOutputStream:75 - [STDERR_REDIRECT] 
2025-11-30 10:12:10,729 [ERROR] LogOutputStream:75 - [STDERR_REDIRECT] [Fatal Error] :1:1: Premature end of file.
2025-11-30 10:12:10,729 [ERROR] LogOutputStream:75 - [STDERR_REDIRECT] 
2025-11-30 10:12:11,736 [ERROR] LogOutputStream:75 - [STDERR_REDIRECT] [Fatal Error] :1:1: Premature end of file.
2025-11-30 10:12:11,736 [ERROR] LogOutputStream:75 - [STDERR_REDIRECT] 
2025-11-30 10:12:12,735 [ERROR] LogOutputStream:75 - [STDERR_REDIRECT] [Fatal Error] :1:1: Premature end of file.
2025-11-30 10:12:12,735 [ERROR] LogOutputStream:75 - [STDERR_REDIRECT] 
2025-11-30 10:12:13,733 [ERROR] LogOutputStream:75 - [STDERR_REDIRECT] [Fatal Error] :1:1: Premature end of file.
2025-11-30 10:12:13,733 [ERROR] LogOutputStream:75 - [STDERR_REDIRECT] 
2025-11-30 10:12:14,735 [ERROR] LogOutputStream:75 - [STDERR_REDIRECT] [Fatal Error] :1:1: Premature end of file.
2025-11-30 10:12:14,735 [ERROR] LogOutputStream:75 - [STDERR_REDIRECT] 
2025-11-30 10:12:15,735 [ERROR] LogOutputStream:75 - [STDERR_REDIRECT] [Fatal Error] :1:1: Premature end of file.
2025-11-30 10:12:15,735 [ERROR] LogOutputStream:75 - [STDERR_REDIRECT] 
2025-11-30 10:12:16,736 [ERROR] LogOutputStream:75 - [STDERR_REDIRECT] [Fatal Error] :1:1: Premature end of file.
2025-11-30 10:12:16,736 [ERROR] LogOutputStream:75 - [STDERR_REDIRECT] 
2025-11-30 10:12:17,740 [ERROR] LogOutputStream:75 - [STDERR_REDIRECT] [Fatal Error] :1:1: Premature end of file.
2025-11-30 10:12:17,740 [ERROR] LogOutputStream:75 - [STDERR_REDIRECT] 
2025-11-30 10:12:18,734 [ERROR] LogOutputStream:75 - [STDERR_REDIRECT] [Fatal Error] :1:1: Premature end of file.
2025-11-30 10:12:18,734 [ERROR] LogOutputStream:75 - [STDERR_REDIRECT] 
2025-11-30 10:12:19,734 [ERROR] LogOutputStream:75 - [STDERR_REDIRECT] [Fatal Error] :1:1: Premature end of file.
2025-11-30 10:12:19,734 [ERROR] LogOutputStream:75 - [STDERR_REDIRECT] 
2025-11-30 10:12:20,734 [ERROR] LogOutputStream:75 - [STDERR_REDIRECT] [Fatal Error] :1:1: Premature end of file.
2025-11-30 10:12:20,734 [ERROR] LogOutputStream:75 - [STDERR_REDIRECT] 
2025-11-30 10:12:21,746 [ERROR] LogOutputStream:75 - [STDERR_REDIRECT] [Fatal Error] :1:1: Premature end of file.
2025-11-30 10:12:21,746 [ERROR] LogOutputStream:75 - [STDERR_REDIRECT] 
2025-11-30 10:12:22,735 [ERROR] LogOutputStream:75 - [STDERR_REDIRECT] [Fatal Error] :1:1: Premature end of file.
2025-11-30 10:12:22,735 [ERROR] LogOutputStream:75 - [STDERR_REDIRECT] 
2025-11-30 10:12:23,734 [ERROR] LogOutputStream:75 - [STDERR_REDIRECT] [Fatal Error] :1:1: Premature end of file.
2025-11-30 10:12:23,734 [ERROR] LogOutputStream:75 - [STDERR_REDIRECT] 
2025-11-30 10:12:24,736 [ERROR] LogOutputStream:75 - [STDERR_REDIRECT] [Fatal Error] :1:1: Premature end of file.
2025-11-30 10:12:24,736 [ERROR] LogOutputStream:75 - [STDERR_REDIRECT] 
2025-11-30 10:12:25,736 [ERROR] LogOutputStream:75 - [STDERR_REDIRECT] [Fatal Error] :1:1: Premature end of file.
2025-11-30 10:12:25,736 [ERROR] LogOutputStream:75 - [STDERR_REDIRECT] 
2025-11-30 10:12:26,736 [ERROR] LogOutputStream:75 - [STDERR_REDIRECT] [Fatal Error] :1:1: Premature end of file.
2025-11-30 10:12:26,736 [ERROR] LogOutputStream:75 - [STDERR_REDIRECT] 
2025-11-30 10:12:27,737 [ERROR] LogOutputStream:75 - [STDERR_REDIRECT] [Fatal Error] :1:1: Premature end of file.
2025-11-30 10:12:27,737 [ERROR] LogOutputStream:75 - [STDERR_REDIRECT] 
2025-11-30 10:12:28,735 [ERROR] LogOutputStream:75 - [STDERR_REDIRECT] [Fatal Error] :1:1: Premature end of file.
2025-11-30 10:12:28,735 [ERROR] LogOutputStream:75 - [STDERR_REDIRECT] 
2025-11-30 10:12:29,736 [ERROR] LogOutputStream:75 - [STDERR_REDIRECT] [Fatal Error] :1:1: Premature end of file.
2025-11-30 10:12:29,736 [ERROR] LogOutputStream:75 - [STDERR_REDIRECT] 
2025-11-30 10:12:30,735 [ERROR] LogOutputStream:75 - [STDERR_REDIRECT] [Fatal Error] :1:1: Premature end of file.
2025-11-30 10:12:30,735 [ERROR] LogOutputStream:75 - [STDERR_REDIRECT] 
2025-11-30 10:12:31,735 [ERROR] LogOutputStream:75 - [STDERR_REDIRECT] [Fatal Error] :1:1: Premature end of file.
2025-11-30 10:12:31,735 [ERROR] LogOutputStream:75 - [STDERR_REDIRECT] 
2025-11-30 10:12:32,735 [ERROR] LogOutputStream:75 - [STDERR_REDIRECT] [Fatal Error] :1:1: Premature end of file.
2025-11-30 10:12:32,735 [ERROR] LogOutputStream:75 - [STDERR_REDIRECT] 
2025-11-30 10:12:33,736 [ERROR] LogOutputStream:75 - [STDERR_REDIRECT] [Fatal Error] :1:1: Premature end of file.
2025-11-30 10:12:33,736 [ERROR] LogOutputStream:75 - [STDERR_REDIRECT] 
2025-11-30 10:12:34,736 [ERROR] LogOutputStream:75 - [STDERR_REDIRECT] [Fatal Error] :1:1: Premature end of file.
2025-11-30 10:12:34,736 [ERROR] LogOutputStream:75 - [STDERR_REDIRECT] 
2025-11-30 10:12:35,735 [ERROR] LogOutputStream:75 - [STDERR_REDIRECT] [Fatal Error] :1:1: Premature end of file.
2025-11-30 10:12:35,735 [ERROR] LogOutputStream:75 - [STDERR_REDIRECT] 
2025-11-30 10:12:36,725 [ERROR] LogOutputStream:75 - [STDERR_REDIRECT] [Fatal Error] :1:1: Premature end of file.
2025-11-30 10:12:36,725 [ERROR] LogOutputStream:75 - [STDERR_REDIRECT] 
2025-11-30 10:12:37,725 [ERROR] LogOutputStream:75 - [STDERR_REDIRECT] [Fatal Error] :1:1: Premature end of file.
2025-11-30 10:12:37,725 [ERROR] LogOutputStream:75 - [STDERR_REDIRECT] 
2025-11-30 10:12:38,741 [ERROR] LogOutputStream:75 - [STDERR_REDIRECT] [Fatal Error] :1:1: Premature end of file.
2025-11-30 10:12:38,741 [ERROR] LogOutputStream:75 - [STDERR_REDIRECT] 
2025-11-30 10:12:39,735 [ERROR] LogOutputStream:75 - [STDERR_REDIRECT] [Fatal Error] :1:1: Premature end of file.
2025-11-30 10:12:39,735 [ERROR] LogOutputStream:75 - [STDERR_REDIRECT] 
2025-11-30 10:12:40,731 [ERROR] LogOutputStream:75 - [STDERR_REDIRECT] [Fatal Error] :1:1: Premature end of file.
2025-11-30 10:12:40,731 [ERROR] LogOutputStream:75 - [STDERR_REDIRECT] 
2025-11-30 10:12:41,739 [ERROR] LogOutputStream:75 - [STDERR_REDIRECT] [Fatal Error] :1:1: Premature end of file.
2025-11-30 10:12:41,739 [ERROR] LogOutputStream:75 - [STDERR_REDIRECT] 
2025-11-30 10:12:42,734 [ERROR] LogOutputStream:75 - [STDERR_REDIRECT] [Fatal Error] :1:1: Premature end of file.
2025-11-30 10:12:42,734 [ERROR] LogOutputStream:75 - [STDERR_REDIRECT] 
2025-11-30 10:12:43,731 [ERROR] LogOutputStream:75 - [STDERR_REDIRECT] [Fatal Error] :1:1: Premature end of file.
2025-11-30 10:12:43,732 [ERROR] LogOutputStream:75 - [STDERR_REDIRECT] 
2025-11-30 10:12:44,735 [ERROR] LogOutputStream:75 - [STDERR_REDIRECT] [Fatal Error] :1:1: Premature end of file.
2025-11-30 10:12:44,735 [ERROR] LogOutputStream:75 - [STDERR_REDIRECT] 
2025-11-30 10:12:45,741 [ERROR] LogOutputStream:75 - [STDERR_REDIRECT] [Fatal Error] :1:1: Premature end of file.
2025-11-30 10:12:45,741 [ERROR] LogOutputStream:75 - [STDERR_REDIRECT] 
2025-11-30 10:12:46,725 [ERROR] LogOutputStream:75 - [STDERR_REDIRECT] [Fatal Error] :1:1: Premature end of file.
2025-11-30 10:12:46,725 [ERROR] LogOutputStream:75 - [STDERR_REDIRECT] 
2025-11-30 10:12:47,726 [ERROR] LogOutputStream:75 - [STDERR_REDIRECT] [Fatal Error] :1:1: Premature end of file.
2025-11-30 10:12:47,726 [ERROR] LogOutputStream:75 - [STDERR_REDIRECT] 
2025-11-30 10:12:48,734 [ERROR] LogOutputStream:75 - [STDERR_REDIRECT] [Fatal Error] :1:1: Premature end of file.
2025-11-30 10:12:48,734 [ERROR] LogOutputStream:75 - [STDERR_REDIRECT] 
2025-11-30 10:12:49,736 [ERROR] LogOutputStream:75 - [STDERR_REDIRECT] [Fatal Error] :1:1: Premature end of file.
2025-11-30 10:12:49,736 [ERROR] LogOutputStream:75 - [STDERR_REDIRECT] 
2025-11-30 10:12:50,735 [ERROR] LogOutputStream:75 - [STDERR_REDIRECT] [Fatal Error] :1:1: Premature end of file.
2025-11-30 10:12:50,735 [ERROR] LogOutputStream:75 - [STDERR_REDIRECT] 
2025-11-30 10:12:51,745 [ERROR] LogOutputStream:75 - [STDERR_REDIRECT] [Fatal Error] :1:1: Premature end of file.
2025-11-30 10:12:51,745 [ERROR] LogOutputStream:75 - [STDERR_REDIRECT] 
2025-11-30 10:12:52,735 [ERROR] LogOutputStream:75 - [STDERR_REDIRECT] [Fatal Error] :1:1: Premature end of file.
2025-11-30 10:12:52,735 [ERROR] LogOutputStream:75 - [STDERR_REDIRECT] 
2025-11-30 10:12:53,736 [ERROR] LogOutputStream:75 - [STDERR_REDIRECT] [Fatal Error] :1:1: Premature end of file.
2025-11-30 10:12:53,736 [ERROR] LogOutputStream:75 - [STDERR_REDIRECT] 
2025-11-30 10:12:54,738 [ERROR] LogOutputStream:75 - [STDERR_REDIRECT] [Fatal Error] :1:1: Premature end of file.
2025-11-30 10:12:54,738 [ERROR] LogOutputStream:75 - [STDERR_REDIRECT] 
2025-11-30 10:12:55,748 [ERROR] LogOutputStream:75 - [STDERR_REDIRECT] [Fatal Error] :1:1: Premature end of file.
2025-11-30 10:12:55,748 [ERROR] LogOutputStream:75 - [STDERR_REDIRECT] 
2025-11-30 10:12:56,726 [ERROR] LogOutputStream:75 - [STDERR_REDIRECT] [Fatal Error] :1:1: Premature end of file.
2025-11-30 10:12:56,726 [ERROR] LogOutputStream:75 - [STDERR_REDIRECT] 
2025-11-30 10:12:57,734 [ERROR] LogOutputStream:75 - [STDERR_REDIRECT] [Fatal Error] :1:1: Premature end of file.
2025-11-30 10:12:57,734 [ERROR] LogOutputStream:75 - [STDERR_REDIRECT] 
2025-11-30 10:12:58,735 [ERROR] LogOutputStream:75 - [STDERR_REDIRECT] [Fatal Error] :1:1: Premature end of file.
2025-11-30 10:12:58,735 [ERROR] LogOutputStream:75 - [STDERR_REDIRECT] 
2025-11-30 10:12:59,745 [ERROR] LogOutputStream:75 - [STDERR_REDIRECT] [Fatal Error] :1:1: Premature end of file.
2025-11-30 10:12:59,745 [ERROR] LogOutputStream:75 - [STDERR_REDIRECT] 
2025-11-30 10:13:00,724 [ERROR] LogOutputStream:75 - [STDERR_REDIRECT] [Fatal Error] :1:1: Premature end of file.
2025-11-30 10:13:00,725 [ERROR] LogOutputStream:75 - [STDERR_REDIRECT] 
2025-11-30 10:13:01,734 [ERROR] LogOutputStream:75 - [STDERR_REDIRECT] [Fatal Error] :1:1: Premature end of file.
2025-11-30 10:13:01,734 [ERROR] LogOutputStream:75 - [STDERR_REDIRECT] 
2025-11-30 10:13:02,734 [ERROR] LogOutputStream:75 - [STDERR_REDIRECT] [Fatal Error] :1:1: Premature end of file.
2025-11-30 10:13:02,734 [ERROR] LogOutputStream:75 - [STDERR_REDIRECT] 
2025-11-30 10:13:03,735 [ERROR] LogOutputStream:75 - [STDERR_REDIRECT] [Fatal Error] :1:1: Premature end of file.
2025-11-30 10:13:03,735 [ERROR] LogOutputStream:75 - [STDERR_REDIRECT] 
2025-11-30 10:13:04,756 [ERROR] LogOutputStream:75 - [STDERR_REDIRECT] [Fatal Error] :1:1: Premature end of file.
2025-11-30 10:13:04,756 [ERROR] LogOutputStream:75 - [STDERR_REDIRECT] 
2025-11-30 10:13:05,736 [ERROR] LogOutputStream:75 - [STDERR_REDIRECT] [Fatal Error] :1:1: Premature end of file.
2025-11-30 10:13:05,736 [ERROR] LogOutputStream:75 - [STDERR_REDIRECT] 
2025-11-30 10:13:06,736 [ERROR] LogOutputStream:75 - [STDERR_REDIRECT] [Fatal Error] :1:1: Premature end of file.
2025-11-30 10:13:06,736 [ERROR] LogOutputStream:75 - [STDERR_REDIRECT] 
2025-11-30 10:13:07,735 [ERROR] LogOutputStream:75 - [STDERR_REDIRECT] [Fatal Error] :1:1: Premature end of file.
2025-11-30 10:13:07,735 [ERROR] LogOutputStream:75 - [STDERR_REDIRECT] 
2025-11-30 10:13:08,735 [ERROR] LogOutputStream:75 - [STDERR_REDIRECT] [Fatal Error] :1:1: Premature end of file.
2025-11-30 10:13:08,735 [ERROR] LogOutputStream:75 - [STDERR_REDIRECT] 
2025-11-30 10:13:09,756 [ERROR] LogOutputStream:75 - [STDERR_REDIRECT] [Fatal Error] :1:1: Premature end of file.
2025-11-30 10:13:09,756 [ERROR] LogOutputStream:75 - [STDERR_REDIRECT] 
2025-11-30 10:13:10,735 [ERROR] LogOutputStream:75 - [STDERR_REDIRECT] [Fatal Error] :1:1: Premature end of file.
2025-11-30 10:13:10,735 [ERROR] LogOutputStream:75 - [STDERR_REDIRECT] 
2025-11-30 10:13:11,735 [ERROR] LogOutputStream:75 - [STDERR_REDIRECT] [Fatal Error] :1:1: Premature end of file.
2025-11-30 10:13:11,736 [ERROR] LogOutputStream:75 - [STDERR_REDIRECT] 
2025-11-30 10:13:12,736 [ERROR] LogOutputStream:75 - [STDERR_REDIRECT] [Fatal Error] :1:1: Premature end of file.
2025-11-30 10:13:12,736 [ERROR] LogOutputStream:75 - [STDERR_REDIRECT] 
2025-11-30 10:13:13,736 [ERROR] LogOutputStream:75 - [STDERR_REDIRECT] [Fatal Error] :1:1: Premature end of file.
2025-11-30 10:13:13,736 [ERROR] LogOutputStream:75 - [STDERR_REDIRECT] 
2025-11-30 10:13:14,735 [ERROR] LogOutputStream:75 - [STDERR_REDIRECT] [Fatal Error] :1:1: Premature end of file.
2025-11-30 10:13:14,735 [ERROR] LogOutputStream:75 - [STDERR_REDIRECT] 
2025-11-30 10:13:15,736 [ERROR] LogOutputStream:75 - [STDERR_REDIRECT] [Fatal Error] :1:1: Premature end of file.
2025-11-30 10:13:15,736 [ERROR] LogOutputStream:75 - [STDERR_REDIRECT] 
2025-11-30 10:13:16,731 [ERROR] LogOutputStream:75 - [STDERR_REDIRECT] [Fatal Error] :1:1: Premature end of file.
2025-11-30 10:13:16,731 [ERROR] LogOutputStream:75 - [STDERR_REDIRECT] 
2025-11-30 10:13:17,735 [ERROR] LogOutputStream:75 - [STDERR_REDIRECT] [Fatal Error] :1:1: Premature end of file.
2025-11-30 10:13:17,735 [ERROR] LogOutputStream:75 - [STDERR_REDIRECT] 
2025-11-30 10:13:18,734 [ERROR] LogOutputStream:75 - [STDERR_REDIRECT] [Fatal Error] :1:1: Premature end of file.
2025-11-30 10:13:18,734 [ERROR] LogOutputStream:75 - [STDERR_REDIRECT] 
2025-11-30 10:13:19,748 [ERROR] LogOutputStream:75 - [STDERR_REDIRECT] [Fatal Error] :1:1: Premature end of file.
2025-11-30 10:13:19,748 [ERROR] LogOutputStream:75 - [STDERR_REDIRECT] 
2025-11-30 10:13:20,736 [ERROR] LogOutputStream:75 - [STDERR_REDIRECT] [Fatal Error] :1:1: Premature end of file.
2025-11-30 10:13:20,736 [ERROR] LogOutputStream:75 - [STDERR_REDIRECT] 
2025-11-30 10:13:21,735 [ERROR] LogOutputStream:75 - [STDERR_REDIRECT] [Fatal Error] :1:1: Premature end of file.
2025-11-30 10:13:21,735 [ERROR] LogOutputStream:75 - [STDERR_REDIRECT] 
2025-11-30 10:13:22,737 [ERROR] LogOutputStream:75 - [STDERR_REDIRECT] [Fatal Error] :1:1: Premature end of file.
2025-11-30 10:13:22,737 [ERROR] LogOutputStream:75 - [STDERR_REDIRECT] 
2025-11-30 10:13:23,736 [ERROR] LogOutputStream:75 - [STDERR_REDIRECT] [Fatal Error] :1:1: Premature end of file.
2025-11-30 10:13:23,736 [ERROR] LogOutputStream:75 - [STDERR_REDIRECT] 
2025-11-30 10:13:24,736 [ERROR] LogOutputStream:75 - [STDERR_REDIRECT] [Fatal Error] :1:1: Premature end of file.
2025-11-30 10:13:24,736 [ERROR] LogOutputStream:75 - [STDERR_REDIRECT] 
2025-11-30 10:13:25,744 [ERROR] LogOutputStream:75 - [STDERR_REDIRECT] [Fatal Error] :1:1: Premature end of file.
2025-11-30 10:13:25,744 [ERROR] LogOutputStream:75 - [STDERR_REDIRECT] 
2025-11-30 10:13:26,724 [ERROR] LogOutputStream:75 - [STDERR_REDIRECT] [Fatal Error] :1:1: Premature end of file.
2025-11-30 10:13:26,725 [ERROR] LogOutputStream:75 - [STDERR_REDIRECT] 
2025-11-30 10:13:27,737 [ERROR] LogOutputStream:75 - [STDERR_REDIRECT] [Fatal Error] :1:1: Premature end of file.
2025-11-30 10:13:27,737 [ERROR] LogOutputStream:75 - [STDERR_REDIRECT] 
2025-11-30 10:13:28,735 [ERROR] LogOutputStream:75 - [STDERR_REDIRECT] [Fatal Error] :1:1: Premature end of file.
2025-11-30 10:13:28,735 [ERROR] LogOutputStream:75 - [STDERR_REDIRECT] 
2025-11-30 10:13:29,736 [ERROR] LogOutputStream:75 - [STDERR_REDIRECT] [Fatal Error] :1:1: Premature end of file.
2025-11-30 10:13:29,736 [ERROR] LogOutputStream:75 - [STDERR_REDIRECT] 
2025-11-30 10:13:30,732 [ERROR] LogOutputStream:75 - [STDERR_REDIRECT] [Fatal Error] :1:1: Premature end of file.
2025-11-30 10:13:30,732 [ERROR] LogOutputStream:75 - [STDERR_REDIRECT] 
2025-11-30 10:13:31,733 [ERROR] LogOutputStream:75 - [STDERR_REDIRECT] [Fatal Error] :1:1: Premature end of file.
2025-11-30 10:13:31,733 [ERROR] LogOutputStream:75 - [STDERR_REDIRECT] 
2025-11-30 10:13:32,736 [ERROR] LogOutputStream:75 - [STDERR_REDIRECT] [Fatal Error] :1:1: Premature end of file.
2025-11-30 10:13:32,736 [ERROR] LogOutputStream:75 - [STDERR_REDIRECT] 
2025-11-30 10:13:33,734 [ERROR] LogOutputStream:75 - [STDERR_REDIRECT] [Fatal Error] :1:1: Premature end of file.
2025-11-30 10:13:33,734 [ERROR] LogOutputStream:75 - [STDERR_REDIRECT] 
2025-11-30 10:13:34,737 [ERROR] LogOutputStream:75 - [STDERR_REDIRECT] [Fatal Error] :1:1: Premature end of file.
2025-11-30 10:13:34,737 [ERROR] LogOutputStream:75 - [STDERR_REDIRECT] 
2025-11-30 10:13:35,737 [ERROR] LogOutputStream:75 - [STDERR_REDIRECT] [Fatal Error] :1:1: Premature end of file.
2025-11-30 10:13:35,737 [ERROR] LogOutputStream:75 - [STDERR_REDIRECT] 
2025-11-30 10:13:36,733 [ERROR] LogOutputStream:75 - [STDERR_REDIRECT] [Fatal Error] :1:1: Premature end of file.
2025-11-30 10:13:36,733 [ERROR] LogOutputStream:75 - [STDERR_REDIRECT] 
2025-11-30 10:13:37,734 [ERROR] LogOutputStream:75 - [STDERR_REDIRECT] [Fatal Error] :1:1: Premature end of file.
2025-11-30 10:13:37,734 [ERROR] LogOutputStream:75 - [STDERR_REDIRECT] 
2025-11-30 10:13:38,736 [ERROR] LogOutputStream:75 - [STDERR_REDIRECT] [Fatal Error] :1:1: Premature end of file.
2025-11-30 10:13:38,736 [ERROR] LogOutputStream:75 - [STDERR_REDIRECT] 
2025-11-30 10:13:39,735 [ERROR] LogOutputStream:75 - [STDERR_REDIRECT] [Fatal Error] :1:1: Premature end of file.
2025-11-30 10:13:39,735 [ERROR] LogOutputStream:75 - [STDERR_REDIRECT] 
2025-11-30 10:13:40,746 [ERROR] LogOutputStream:75 - [STDERR_REDIRECT] [Fatal Error] :1:1: Premature end of file.
2025-11-30 10:13:40,746 [ERROR] LogOutputStream:75 - [STDERR_REDIRECT] 
2025-11-30 10:13:41,737 [ERROR] LogOutputStream:75 - [STDERR_REDIRECT] [Fatal Error] :1:1: Premature end of file.
2025-11-30 10:13:41,737 [ERROR] LogOutputStream:75 - [STDERR_REDIRECT] 
2025-11-30 10:13:42,735 [ERROR] LogOutputStream:75 - [STDERR_REDIRECT] [Fatal Error] :1:1: Premature end of file.
2025-11-30 10:13:42,735 [ERROR] LogOutputStream:75 - [STDERR_REDIRECT] 
2025-11-30 10:13:43,730 [ERROR] LogOutputStream:75 - [STDERR_REDIRECT] [Fatal Error] :1:1: Premature end of file.
2025-11-30 10:13:43,730 [ERROR] LogOutputStream:75 - [STDERR_REDIRECT] 
2025-11-30 10:13:44,734 [ERROR] LogOutputStream:75 - [STDERR_REDIRECT] [Fatal Error] :1:1: Premature end of file.
2025-11-30 10:13:44,734 [ERROR] LogOutputStream:75 - [STDERR_REDIRECT] 
2025-11-30 10:13:45,734 [ERROR] LogOutputStream:75 - [STDERR_REDIRECT] [Fatal Error] :1:1: Premature end of file.
2025-11-30 10:13:45,734 [ERROR] LogOutputStream:75 - [STDERR_REDIRECT] 
2025-11-30 10:13:46,735 [ERROR] LogOutputStream:75 - [STDERR_REDIRECT] [Fatal Error] :1:1: Premature end of file.
2025-11-30 10:13:46,735 [ERROR] LogOutputStream:75 - [STDERR_REDIRECT] 
2025-11-30 10:13:47,735 [ERROR] LogOutputStream:75 - [STDERR_REDIRECT] [Fatal Error] :1:1: Premature end of file.
2025-11-30 10:13:47,735 [ERROR] LogOutputStream:75 - [STDERR_REDIRECT] 
2025-11-30 10:13:48,736 [ERROR] LogOutputStream:75 - [STDERR_REDIRECT] [Fatal Error] :1:1: Premature end of file.
2025-11-30 10:13:48,736 [ERROR] LogOutputStream:75 - [STDERR_REDIRECT] 
2025-11-30 10:13:49,749 [ERROR] LogOutputStream:75 - [STDERR_REDIRECT] [Fatal Error] :1:1: Premature end of file.
2025-11-30 10:13:49,749 [ERROR] LogOutputStream:75 - [STDERR_REDIRECT] 
2025-11-30 10:13:50,736 [ERROR] LogOutputStream:75 - [STDERR_REDIRECT] [Fatal Error] :1:1: Premature end of file.
2025-11-30 10:13:50,736 [ERROR] LogOutputStream:75 - [STDERR_REDIRECT] 
2025-11-30 10:13:51,736 [ERROR] LogOutputStream:75 - [STDERR_REDIRECT] [Fatal Error] :1:1: Premature end of file.
2025-11-30 10:13:51,736 [ERROR] LogOutputStream:75 - [STDERR_REDIRECT] 
2025-11-30 10:13:52,735 [ERROR] LogOutputStream:75 - [STDERR_REDIRECT] [Fatal Error] :1:1: Premature end of file.
2025-11-30 10:13:52,735 [ERROR] LogOutputStream:75 - [STDERR_REDIRECT] 
2025-11-30 10:13:53,736 [ERROR] LogOutputStream:75 - [STDERR_REDIRECT] [Fatal Error] :1:1: Premature end of file.
2025-11-30 10:13:53,736 [ERROR] LogOutputStream:75 - [STDERR_REDIRECT] 
2025-11-30 10:13:54,750 [ERROR] LogOutputStream:75 - [STDERR_REDIRECT] [Fatal Error] :1:1: Premature end of file.
2025-11-30 10:13:54,750 [ERROR] LogOutputStream:75 - [STDERR_REDIRECT] 
2025-11-30 10:13:55,751 [ERROR] LogOutputStream:75 - [STDERR_REDIRECT] [Fatal Error] :1:1: Premature end of file.
2025-11-30 10:13:55,751 [ERROR] LogOutputStream:75 - [STDERR_REDIRECT] 
2025-11-30 10:13:56,737 [ERROR] LogOutputStream:75 - [STDERR_REDIRECT] [Fatal Error] :1:1: Premature end of file.
2025-11-30 10:13:56,737 [ERROR] LogOutputStream:75 - [STDERR_REDIRECT] 
2025-11-30 10:13:57,735 [ERROR] LogOutputStream:75 - [STDERR_REDIRECT] [Fatal Error] :1:1: Premature end of file.
2025-11-30 10:13:57,735 [ERROR] LogOutputStream:75 - [STDERR_REDIRECT] 
2025-11-30 10:13:58,746 [ERROR] LogOutputStream:75 - [STDERR_REDIRECT] [Fatal Error] :1:1: Premature end of file.
2025-11-30 10:13:58,746 [ERROR] LogOutputStream:75 - [STDERR_REDIRECT] 
2025-11-30 10:13:59,758 [ERROR] LogOutputStream:75 - [STDERR_REDIRECT] [Fatal Error] :1:1: Premature end of file.
2025-11-30 10:13:59,758 [ERROR] LogOutputStream:75 - [STDERR_REDIRECT] 
2025-11-30 10:14:00,735 [ERROR] LogOutputStream:75 - [STDERR_REDIRECT] [Fatal Error] :1:1: Premature end of file.
2025-11-30 10:14:00,735 [ERROR] LogOutputStream:75 - [STDERR_REDIRECT] 
2025-11-30 10:14:01,735 [ERROR] LogOutputStream:75 - [STDERR_REDIRECT] [Fatal Error] :1:1: Premature end of file.
2025-11-30 10:14:01,735 [ERROR] LogOutputStream:75 - [STDERR_REDIRECT] 
2025-11-30 10:14:02,760 [ERROR] LogOutputStream:75 - [STDERR_REDIRECT] [Fatal Error] :1:1: Premature end of file.
2025-11-30 10:14:02,760 [ERROR] LogOutputStream:75 - [STDERR_REDIRECT] 
2025-11-30 10:14:03,736 [ERROR] LogOutputStream:75 - [STDERR_REDIRECT] [Fatal Error] :1:1: Premature end of file.
2025-11-30 10:14:03,737 [ERROR] LogOutputStream:75 - [STDERR_REDIRECT] 
2025-11-30 10:14:04,737 [ERROR] LogOutputStream:75 - [STDERR_REDIRECT] [Fatal Error] :1:1: Premature end of file.
2025-11-30 10:14:04,737 [ERROR] LogOutputStream:75 - [STDERR_REDIRECT] 
2025-11-30 10:14:05,743 [ERROR] LogOutputStream:75 - [STDERR_REDIRECT] [Fatal Error] :1:1: Premature end of file.
2025-11-30 10:14:05,743 [ERROR] LogOutputStream:75 - [STDERR_REDIRECT] 
2025-11-30 10:14:06,734 [ERROR] LogOutputStream:75 - [STDERR_REDIRECT] [Fatal Error] :1:1: Premature end of file.
2025-11-30 10:14:06,734 [ERROR] LogOutputStream:75 - [STDERR_REDIRECT] 
2025-11-30 10:14:07,734 [ERROR] LogOutputStream:75 - [STDERR_REDIRECT] [Fatal Error] :1:1: Premature end of file.
2025-11-30 10:14:07,734 [ERROR] LogOutputStream:75 - [STDERR_REDIRECT] 
2025-11-30 10:14:08,736 [ERROR] LogOutputStream:75 - [STDERR_REDIRECT] [Fatal Error] :1:1: Premature end of file.
2025-11-30 10:14:08,736 [ERROR] LogOutputStream:75 - [STDERR_REDIRECT] 
2025-11-30 10:14:09,754 [ERROR] LogOutputStream:75 - [STDERR_REDIRECT] [Fatal Error] :1:1: Premature end of file.
2025-11-30 10:14:09,754 [ERROR] LogOutputStream:75 - [STDERR_REDIRECT] 
2025-11-30 10:14:10,735 [ERROR] LogOutputStream:75 - [STDERR_REDIRECT] [Fatal Error] :1:1: Premature end of file.
2025-11-30 10:14:10,735 [ERROR] LogOutputStream:75 - [STDERR_REDIRECT] 
2025-11-30 10:14:11,736 [ERROR] LogOutputStream:75 - [STDERR_REDIRECT] [Fatal Error] :1:1: Premature end of file.
2025-11-30 10:14:11,736 [ERROR] LogOutputStream:75 - [STDERR_REDIRECT] 
2025-11-30 10:14:12,735 [ERROR] LogOutputStream:75 - [STDERR_REDIRECT] [Fatal Error] :1:1: Premature end of file.
2025-11-30 10:14:12,735 [ERROR] LogOutputStream:75 - [STDERR_REDIRECT] 
2025-11-30 10:14:13,733 [ERROR] LogOutputStream:75 - [STDERR_REDIRECT] [Fatal Error] :1:1: Premature end of file.
2025-11-30 10:14:13,733 [ERROR] LogOutputStream:75 - [STDERR_REDIRECT] 
2025-11-30 10:14:14,735 [ERROR] LogOutputStream:75 - [STDERR_REDIRECT] [Fatal Error] :1:1: Premature end of file.
2025-11-30 10:14:14,735 [ERROR] LogOutputStream:75 - [STDERR_REDIRECT] 
2025-11-30 10:14:15,732 [ERROR] LogOutputStream:75 - [STDERR_REDIRECT] [Fatal Error] :1:1: Premature end of file.
2025-11-30 10:14:15,734 [ERROR] LogOutputStream:75 - [STDERR_REDIRECT] 
2025-11-30 10:14:16,734 [ERROR] LogOutputStream:75 - [STDERR_REDIRECT] [Fatal Error] :1:1: Premature end of file.
2025-11-30 10:14:16,734 [ERROR] LogOutputStream:75 - [STDERR_REDIRECT] 
2025-11-30 10:14:17,735 [ERROR] LogOutputStream:75 - [STDERR_REDIRECT] [Fatal Error] :1:1: Premature end of file.
2025-11-30 10:14:17,735 [ERROR] LogOutputStream:75 - [STDERR_REDIRECT] 
2025-11-30 10:14:18,730 [ERROR] LogOutputStream:75 - [STDERR_REDIRECT] [Fatal Error] :1:1: Premature end of file.
2025-11-30 10:14:18,730 [ERROR] LogOutputStream:75 - [STDERR_REDIRECT] 
2025-11-30 10:14:19,726 [ERROR] LogOutputStream:75 - [STDERR_REDIRECT] [Fatal Error] :1:1: Premature end of file.
2025-11-30 10:14:19,726 [ERROR] LogOutputStream:75 - [STDERR_REDIRECT] 
2025-11-30 10:14:20,735 [ERROR] LogOutputStream:75 - [STDERR_REDIRECT] [Fatal Error] :1:1: Premature end of file.
2025-11-30 10:14:20,735 [ERROR] LogOutputStream:75 - [STDERR_REDIRECT] 
2025-11-30 10:14:21,726 [ERROR] LogOutputStream:75 - [STDERR_REDIRECT] [Fatal Error] :1:1: Premature end of file.
2025-11-30 10:14:21,726 [ERROR] LogOutputStream:75 - [STDERR_REDIRECT] 
2025-11-30 10:14:22,726 [ERROR] LogOutputStream:75 - [STDERR_REDIRECT] [Fatal Error] :1:1: Premature end of file.
2025-11-30 10:14:22,726 [ERROR] LogOutputStream:75 - [STDERR_REDIRECT] 
2025-11-30 10:14:23,734 [ERROR] LogOutputStream:75 - [STDERR_REDIRECT] [Fatal Error] :1:1: Premature end of file.
2025-11-30 10:14:23,734 [ERROR] LogOutputStream:75 - [STDERR_REDIRECT] 
2025-11-30 10:14:24,734 [ERROR] LogOutputStream:75 - [STDERR_REDIRECT] [Fatal Error] :1:1: Premature end of file.
2025-11-30 10:14:24,734 [ERROR] LogOutputStream:75 - [STDERR_REDIRECT] 
2025-11-30 10:14:25,735 [ERROR] LogOutputStream:75 - [STDERR_REDIRECT] [Fatal Error] :1:1: Premature end of file.
2025-11-30 10:14:25,735 [ERROR] LogOutputStream:75 - [STDERR_REDIRECT] 
2025-11-30 10:14:26,736 [ERROR] LogOutputStream:75 - [STDERR_REDIRECT] [Fatal Error] :1:1: Premature end of file.
2025-11-30 10:14:26,736 [ERROR] LogOutputStream:75 - [STDERR_REDIRECT] 
2025-11-30 10:14:27,736 [ERROR] LogOutputStream:75 - [STDERR_REDIRECT] [Fatal Error] :1:1: Premature end of file.
2025-11-30 10:14:27,736 [ERROR] LogOutputStream:75 - [STDERR_REDIRECT] 
2025-11-30 10:14:28,727 [ERROR] LogOutputStream:75 - [STDERR_REDIRECT] [Fatal Error] :1:1: Premature end of file.
2025-11-30 10:14:28,728 [ERROR] LogOutputStream:75 - [STDERR_REDIRECT] 
2025-11-30 10:14:29,732 [ERROR] LogOutputStream:75 - [STDERR_REDIRECT] [Fatal Error] :1:1: Premature end of file.
2025-11-30 10:14:29,732 [ERROR] LogOutputStream:75 - [STDERR_REDIRECT] 
2025-11-30 10:14:30,726 [ERROR] LogOutputStream:75 - [STDERR_REDIRECT] [Fatal Error] :1:1: Premature end of file.
2025-11-30 10:14:30,726 [ERROR] LogOutputStream:75 - [STDERR_REDIRECT] 
2025-11-30 10:14:31,734 [ERROR] LogOutputStream:75 - [STDERR_REDIRECT] [Fatal Error] :1:1: Premature end of file.
2025-11-30 10:14:31,734 [ERROR] LogOutputStream:75 - [STDERR_REDIRECT] 
2025-11-30 10:14:32,743 [ERROR] LogOutputStream:75 - [STDERR_REDIRECT] [Fatal Error] :1:1: Premature end of file.
2025-11-30 10:14:32,743 [ERROR] LogOutputStream:75 - [STDERR_REDIRECT] 
2025-11-30 10:14:33,730 [ERROR] LogOutputStream:75 - [STDERR_REDIRECT] [Fatal Error] :1:1: Premature end of file.
2025-11-30 10:14:33,730 [ERROR] LogOutputStream:75 - [STDERR_REDIRECT] 
2025-11-30 10:14:34,753 [ERROR] LogOutputStream:75 - [STDERR_REDIRECT] [Fatal Error] :1:1: Premature end of file.
2025-11-30 10:14:34,753 [ERROR] LogOutputStream:75 - [STDERR_REDIRECT] 
2025-11-30 10:14:35,737 [ERROR] LogOutputStream:75 - [STDERR_REDIRECT] [Fatal Error] :1:1: Premature end of file.
2025-11-30 10:14:35,737 [ERROR] LogOutputStream:75 - [STDERR_REDIRECT] 
2025-11-30 10:14:36,737 [ERROR] LogOutputStream:75 - [STDERR_REDIRECT] [Fatal Error] :1:1: Premature end of file.
2025-11-30 10:14:36,737 [ERROR] LogOutputStream:75 - [STDERR_REDIRECT] 
2025-11-30 10:14:37,733 [ERROR] LogOutputStream:75 - [STDERR_REDIRECT] [Fatal Error] :1:1: Premature end of file.
2025-11-30 10:14:37,733 [ERROR] LogOutputStream:75 - [STDERR_REDIRECT] 
2025-11-30 10:14:38,729 [ERROR] LogOutputStream:75 - [STDERR_REDIRECT] [Fatal Error] :1:1: Premature end of file.
2025-11-30 10:14:38,729 [ERROR] LogOutputStream:75 - [STDERR_REDIRECT] 
2025-11-30 10:14:39,736 [ERROR] LogOutputStream:75 - [STDERR_REDIRECT] [Fatal Error] :1:1: Premature end of file.
2025-11-30 10:14:39,736 [ERROR] LogOutputStream:75 - [STDERR_REDIRECT] 
2025-11-30 10:14:40,730 [ERROR] LogOutputStream:75 - [STDERR_REDIRECT] [Fatal Error] :1:1: Premature end of file.
2025-11-30 10:14:40,730 [ERROR] LogOutputStream:75 - [STDERR_REDIRECT] 
2025-11-30 10:14:41,736 [ERROR] LogOutputStream:75 - [STDERR_REDIRECT] [Fatal Error] :1:1: Premature end of file.
2025-11-30 10:14:41,736 [ERROR] LogOutputStream:75 - [STDERR_REDIRECT] 
2025-11-30 10:14:42,736 [ERROR] LogOutputStream:75 - [STDERR_REDIRECT] [Fatal Error] :1:1: Premature end of file.
2025-11-30 10:14:42,736 [ERROR] LogOutputStream:75 - [STDERR_REDIRECT] 
2025-11-30 10:14:43,745 [ERROR] LogOutputStream:75 - [STDERR_REDIRECT] [Fatal Error] :1:1: Premature end of file.
2025-11-30 10:14:43,745 [ERROR] LogOutputStream:75 - [STDERR_REDIRECT] 
2025-11-30 10:14:44,733 [ERROR] LogOutputStream:75 - [STDERR_REDIRECT] [Fatal Error] :1:1: Premature end of file.
2025-11-30 10:14:44,733 [ERROR] LogOutputStream:75 - [STDERR_REDIRECT] 
2025-11-30 10:14:45,727 [ERROR] LogOutputStream:75 - [STDERR_REDIRECT] [Fatal Error] :1:1: Premature end of file.
2025-11-30 10:14:45,727 [ERROR] LogOutputStream:75 - [STDERR_REDIRECT] 
2025-11-30 10:14:46,758 [ERROR] LogOutputStream:75 - [STDERR_REDIRECT] [Fatal Error] :1:1: Premature end of file.
2025-11-30 10:14:46,758 [ERROR] LogOutputStream:75 - [STDERR_REDIRECT] 
2025-11-30 10:14:47,734 [ERROR] LogOutputStream:75 - [STDERR_REDIRECT] [Fatal Error] :1:1: Premature end of file.
2025-11-30 10:14:47,734 [ERROR] LogOutputStream:75 - [STDERR_REDIRECT] 
2025-11-30 10:14:48,727 [ERROR] LogOutputStream:75 - [STDERR_REDIRECT] [Fatal Error] :1:1: Premature end of file.
2025-11-30 10:14:48,729 [ERROR] LogOutputStream:75 - [STDERR_REDIRECT] 
2025-11-30 10:14:49,735 [ERROR] LogOutputStream:75 - [STDERR_REDIRECT] [Fatal Error] :1:1: Premature end of file.
2025-11-30 10:14:49,735 [ERROR] LogOutputStream:75 - [STDERR_REDIRECT] 
2025-11-30 10:14:50,727 [ERROR] LogOutputStream:75 - [STDERR_REDIRECT] [Fatal Error] :1:1: Premature end of file.
2025-11-30 10:14:50,727 [ERROR] LogOutputStream:75 - [STDERR_REDIRECT] 
2025-11-30 10:14:51,726 [ERROR] LogOutputStream:75 - [STDERR_REDIRECT] [Fatal Error] :1:1: Premature end of file.
2025-11-30 10:14:51,726 [ERROR] LogOutputStream:75 - [STDERR_REDIRECT] 
2025-11-30 10:14:52,726 [ERROR] LogOutputStream:75 - [STDERR_REDIRECT] [Fatal Error] :1:1: Premature end of file.
2025-11-30 10:14:52,726 [ERROR] LogOutputStream:75 - [STDERR_REDIRECT] 
2025-11-30 10:14:53,757 [ERROR] LogOutputStream:75 - [STDERR_REDIRECT] [Fatal Error] :1:1: Premature end of file.
2025-11-30 10:14:53,757 [ERROR] LogOutputStream:75 - [STDERR_REDIRECT] 
2025-11-30 10:14:54,733 [ERROR] LogOutputStream:75 - [STDERR_REDIRECT] [Fatal Error] :1:1: Premature end of file.
2025-11-30 10:14:54,733 [ERROR] LogOutputStream:75 - [STDERR_REDIRECT] 
2025-11-30 10:14:55,735 [ERROR] LogOutputStream:75 - [STDERR_REDIRECT] [Fatal Error] :1:1: Premature end of file.
2025-11-30 10:14:55,735 [ERROR] LogOutputStream:75 - [STDERR_REDIRECT] 
2025-11-30 10:14:56,736 [ERROR] LogOutputStream:75 - [STDERR_REDIRECT] [Fatal Error] :1:1: Premature end of file.
2025-11-30 10:14:56,736 [ERROR] LogOutputStream:75 - [STDERR_REDIRECT] 
2025-11-30 10:14:57,749 [ERROR] LogOutputStream:75 - [STDERR_REDIRECT] [Fatal Error] :1:1: Premature end of file.
2025-11-30 10:14:57,749 [ERROR] LogOutputStream:75 - [STDERR_REDIRECT] 
2025-11-30 10:14:58,733 [ERROR] LogOutputStream:75 - [STDERR_REDIRECT] [Fatal Error] :1:1: Premature end of file.
2025-11-30 10:14:58,733 [ERROR] LogOutputStream:75 - [STDERR_REDIRECT] 
2025-11-30 10:14:59,735 [ERROR] LogOutputStream:75 - [STDERR_REDIRECT] [Fatal Error] :1:1: Premature end of file.
2025-11-30 10:14:59,735 [ERROR] LogOutputStream:75 - [STDERR_REDIRECT] 
2025-11-30 10:15:00,734 [ERROR] LogOutputStream:75 - [STDERR_REDIRECT] [Fatal Error] :1:1: Premature end of file.
2025-11-30 10:15:00,734 [ERROR] LogOutputStream:75 - [STDERR_REDIRECT] 
2025-11-30 10:15:01,733 [ERROR] LogOutputStream:75 - [STDERR_REDIRECT] [Fatal Error] :1:1: Premature end of file.
2025-11-30 10:15:01,733 [ERROR] LogOutputStream:75 - [STDERR_REDIRECT] 
2025-11-30 10:15:02,735 [ERROR] LogOutputStream:75 - [STDERR_REDIRECT] [Fatal Error] :1:1: Premature end of file.
2025-11-30 10:15:02,735 [ERROR] LogOutputStream:75 - [STDERR_REDIRECT] 
2025-11-30 10:15:03,735 [ERROR] LogOutputStream:75 - [STDERR_REDIRECT] [Fatal Error] :1:1: Premature end of file.
2025-11-30 10:15:03,735 [ERROR] LogOutputStream:75 - [STDERR_REDIRECT] 
2025-11-30 10:15:04,736 [ERROR] LogOutputStream:75 - [STDERR_REDIRECT] [Fatal Error] :1:1: Premature end of file.
2025-11-30 10:15:04,737 [ERROR] LogOutputStream:75 - [STDERR_REDIRECT] 
2025-11-30 10:15:05,764 [ERROR] LogOutputStream:75 - [STDERR_REDIRECT] [Fatal Error] :1:1: Premature end of file.
2025-11-30 10:15:05,764 [ERROR] LogOutputStream:75 - [STDERR_REDIRECT] 
2025-11-30 10:15:06,729 [ERROR] LogOutputStream:75 - [STDERR_REDIRECT] [Fatal Error] :1:1: Premature end of file.
2025-11-30 10:15:06,729 [ERROR] LogOutputStream:75 - [STDERR_REDIRECT] 
2025-11-30 10:15:07,736 [ERROR] LogOutputStream:75 - [STDERR_REDIRECT] [Fatal Error] :1:1: Premature end of file.
2025-11-30 10:15:07,736 [ERROR] LogOutputStream:75 - [STDERR_REDIRECT] 
2025-11-30 10:15:08,745 [ERROR] LogOutputStream:75 - [STDERR_REDIRECT] [Fatal Error] :1:1: Premature end of file.
2025-11-30 10:15:08,745 [ERROR] LogOutputStream:75 - [STDERR_REDIRECT] 
2025-11-30 10:15:09,739 [ERROR] LogOutputStream:75 - [STDERR_REDIRECT] [Fatal Error] :1:1: Premature end of file.
2025-11-30 10:15:09,739 [ERROR] LogOutputStream:75 - [STDERR_REDIRECT] 
2025-11-30 10:15:10,732 [ERROR] LogOutputStream:75 - [STDERR_REDIRECT] [Fatal Error] :1:1: Premature end of file.
2025-11-30 10:15:10,732 [ERROR] LogOutputStream:75 - [STDERR_REDIRECT] 
2025-11-30 10:15:11,743 [ERROR] LogOutputStream:75 - [STDERR_REDIRECT] [Fatal Error] :1:1: Premature end of file.
2025-11-30 10:15:11,743 [ERROR] LogOutputStream:75 - [STDERR_REDIRECT] 
2025-11-30 10:15:12,739 [ERROR] LogOutputStream:75 - [STDERR_REDIRECT] [Fatal Error] :1:1: Premature end of file.
2025-11-30 10:15:12,739 [ERROR] LogOutputStream:75 - [STDERR_REDIRECT] 
2025-11-30 10:15:13,740 [ERROR] LogOutputStream:75 - [STDERR_REDIRECT] [Fatal Error] :1:1: Premature end of file.
2025-11-30 10:15:13,741 [ERROR] LogOutputStream:75 - [STDERR_REDIRECT] 
2025-11-30 10:15:14,737 [ERROR] LogOutputStream:75 - [STDERR_REDIRECT] [Fatal Error] :1:1: Premature end of file.
2025-11-30 10:15:14,737 [ERROR] LogOutputStream:75 - [STDERR_REDIRECT] 
2025-11-30 10:15:15,760 [ERROR] LogOutputStream:75 - [STDERR_REDIRECT] [Fatal Error] :1:1: Premature end of file.
2025-11-30 10:15:15,760 [ERROR] LogOutputStream:75 - [STDERR_REDIRECT] 
2025-11-30 10:15:16,745 [ERROR] LogOutputStream:75 - [STDERR_REDIRECT] [Fatal Error] :1:1: Premature end of file.
2025-11-30 10:15:16,745 [ERROR] LogOutputStream:75 - [STDERR_REDIRECT] 
2025-11-30 10:15:17,738 [ERROR] LogOutputStream:75 - [STDERR_REDIRECT] [Fatal Error] :1:1: Premature end of file.
2025-11-30 10:15:17,738 [ERROR] LogOutputStream:75 - [STDERR_REDIRECT] 
2025-11-30 10:15:18,750 [ERROR] LogOutputStream:75 - [STDERR_REDIRECT] [Fatal Error] :1:1: Premature end of file.
2025-11-30 10:15:18,750 [ERROR] LogOutputStream:75 - [STDERR_REDIRECT] 
2025-11-30 10:15:19,774 [ERROR] LogOutputStream:75 - [STDERR_REDIRECT] [Fatal Error] :1:1: Premature end of file.
2025-11-30 10:15:19,774 [ERROR] LogOutputStream:75 - [STDERR_REDIRECT] 
2025-11-30 10:15:20,733 [ERROR] LogOutputStream:75 - [STDERR_REDIRECT] [Fatal Error] :1:1: Premature end of file.
2025-11-30 10:15:20,733 [ERROR] LogOutputStream:75 - [STDERR_REDIRECT] 
2025-11-30 10:15:21,748 [ERROR] LogOutputStream:75 - [STDERR_REDIRECT] [Fatal Error] :1:1: Premature end of file.
2025-11-30 10:15:21,748 [ERROR] LogOutputStream:75 - [STDERR_REDIRECT] 
2025-11-30 10:15:22,743 [ERROR] LogOutputStream:75 - [STDERR_REDIRECT] [Fatal Error] :1:1: Premature end of file.
2025-11-30 10:15:22,743 [ERROR] LogOutputStream:75 - [STDERR_REDIRECT] 
2025-11-30 10:15:23,736 [ERROR] LogOutputStream:75 - [STDERR_REDIRECT] [Fatal Error] :1:1: Premature end of file.
2025-11-30 10:15:23,736 [ERROR] LogOutputStream:75 - [STDERR_REDIRECT] 
2025-11-30 10:15:24,739 [ERROR] LogOutputStream:75 - [STDERR_REDIRECT] [Fatal Error] :1:1: Premature end of file.
2025-11-30 10:15:24,739 [ERROR] LogOutputStream:75 - [STDERR_REDIRECT] 
2025-11-30 10:15:25,747 [ERROR] LogOutputStream:75 - [STDERR_REDIRECT] [Fatal Error] :1:1: Premature end of file.
2025-11-30 10:15:25,747 [ERROR] LogOutputStream:75 - [STDERR_REDIRECT] 
2025-11-30 10:15:26,732 [ERROR] LogOutputStream:75 - [STDERR_REDIRECT] [Fatal Error] :1:1: Premature end of file.
2025-11-30 10:15:26,732 [ERROR] LogOutputStream:75 - [STDERR_REDIRECT] 
2025-11-30 10:15:27,742 [ERROR] LogOutputStream:75 - [STDERR_REDIRECT] [Fatal Error] :1:1: Premature end of file.
2025-11-30 10:15:27,742 [ERROR] LogOutputStream:75 - [STDERR_REDIRECT] 
2025-11-30 10:15:28,763 [ERROR] LogOutputStream:75 - [STDERR_REDIRECT] [Fatal Error] :1:1: Premature end of file.
2025-11-30 10:15:28,763 [ERROR] LogOutputStream:75 - [STDERR_REDIRECT] 
2025-11-30 10:15:29,741 [ERROR] LogOutputStream:75 - [STDERR_REDIRECT] [Fatal Error] :1:1: Premature end of file.
2025-11-30 10:15:29,741 [ERROR] LogOutputStream:75 - [STDERR_REDIRECT] 
2025-11-30 10:15:30,751 [ERROR] LogOutputStream:75 - [STDERR_REDIRECT] [Fatal Error] :1:1: Premature end of file.
2025-11-30 10:15:30,751 [ERROR] LogOutputStream:75 - [STDERR_REDIRECT] 
2025-11-30 10:15:31,743 [ERROR] LogOutputStream:75 - [STDERR_REDIRECT] [Fatal Error] :1:1: Premature end of file.
2025-11-30 10:15:31,743 [ERROR] LogOutputStream:75 - [STDERR_REDIRECT] 
2025-11-30 10:15:32,755 [ERROR] LogOutputStream:75 - [STDERR_REDIRECT] [Fatal Error] :1:1: Premature end of file.
2025-11-30 10:15:32,755 [ERROR] LogOutputStream:75 - [STDERR_REDIRECT] 
2025-11-30 10:15:33,744 [ERROR] LogOutputStream:75 - [STDERR_REDIRECT] [Fatal Error] :1:1: Premature end of file.
2025-11-30 10:15:33,744 [ERROR] LogOutputStream:75 - [STDERR_REDIRECT] 
2025-11-30 10:15:34,737 [ERROR] LogOutputStream:75 - [STDERR_REDIRECT] [Fatal Error] :1:1: Premature end of file.
2025-11-30 10:15:34,737 [ERROR] LogOutputStream:75 - [STDERR_REDIRECT] 
2025-11-30 10:15:35,736 [ERROR] LogOutputStream:75 - [STDERR_REDIRECT] [Fatal Error] :1:1: Premature end of file.
2025-11-30 10:15:35,736 [ERROR] LogOutputStream:75 - [STDERR_REDIRECT] 
2025-11-30 10:15:36,749 [ERROR] LogOutputStream:75 - [STDERR_REDIRECT] [Fatal Error] :1:1: Premature end of file.
2025-11-30 10:15:36,749 [ERROR] LogOutputStream:75 - [STDERR_REDIRECT] 
2025-11-30 10:15:37,745 [ERROR] LogOutputStream:75 - [STDERR_REDIRECT] [Fatal Error] :1:1: Premature end of file.
2025-11-30 10:15:37,745 [ERROR] LogOutputStream:75 - [STDERR_REDIRECT] 
2025-11-30 10:15:38,735 [ERROR] LogOutputStream:75 - [STDERR_REDIRECT] [Fatal Error] :1:1: Premature end of file.
2025-11-30 10:15:38,735 [ERROR] LogOutputStream:75 - [STDERR_REDIRECT] 
2025-11-30 10:15:39,748 [ERROR] LogOutputStream:75 - [STDERR_REDIRECT] [Fatal Error] :1:1: Premature end of file.
2025-11-30 10:15:39,748 [ERROR] LogOutputStream:75 - [STDERR_REDIRECT] 
2025-11-30 10:15:40,751 [ERROR] LogOutputStream:75 - [STDERR_REDIRECT] [Fatal Error] :1:1: Premature end of file.
2025-11-30 10:15:40,751 [ERROR] LogOutputStream:75 - [STDERR_REDIRECT] 
2025-11-30 10:15:41,735 [ERROR] LogOutputStream:75 - [STDERR_REDIRECT] [Fatal Error] :1:1: Premature end of file.
2025-11-30 10:15:41,735 [ERROR] LogOutputStream:75 - [STDERR_REDIRECT] 
2025-11-30 10:15:42,744 [ERROR] LogOutputStream:75 - [STDERR_REDIRECT] [Fatal Error] :1:1: Premature end of file.
2025-11-30 10:15:42,744 [ERROR] LogOutputStream:75 - [STDERR_REDIRECT] 
2025-11-30 10:15:43,738 [ERROR] LogOutputStream:75 - [STDERR_REDIRECT] [Fatal Error] :1:1: Premature end of file.
2025-11-30 10:15:43,739 [ERROR] LogOutputStream:75 - [STDERR_REDIRECT] 
2025-11-30 10:15:44,742 [ERROR] LogOutputStream:75 - [STDERR_REDIRECT] [Fatal Error] :1:1: Premature end of file.
2025-11-30 10:15:44,742 [ERROR] LogOutputStream:75 - [STDERR_REDIRECT] 
2025-11-30 10:15:45,736 [ERROR] LogOutputStream:75 - [STDERR_REDIRECT] [Fatal Error] :1:1: Premature end of file.
2025-11-30 10:15:45,736 [ERROR] LogOutputStream:75 - [STDERR_REDIRECT] 
2025-11-30 10:15:46,726 [ERROR] LogOutputStream:75 - [STDERR_REDIRECT] [Fatal Error] :1:1: Premature end of file.
2025-11-30 10:15:46,726 [ERROR] LogOutputStream:75 - [STDERR_REDIRECT] 
2025-11-30 10:15:47,732 [ERROR] LogOutputStream:75 - [STDERR_REDIRECT] [Fatal Error] :1:1: Premature end of file.
2025-11-30 10:15:47,733 [ERROR] LogOutputStream:75 - [STDERR_REDIRECT] 
2025-11-30 10:15:48,738 [ERROR] LogOutputStream:75 - [STDERR_REDIRECT] [Fatal Error] :1:1: Premature end of file.
2025-11-30 10:15:48,738 [ERROR] LogOutputStream:75 - [STDERR_REDIRECT] 
2025-11-30 10:15:49,748 [ERROR] LogOutputStream:75 - [STDERR_REDIRECT] [Fatal Error] :1:1: Premature end of file.
2025-11-30 10:15:49,748 [ERROR] LogOutputStream:75 - [STDERR_REDIRECT] 
2025-11-30 10:15:50,753 [ERROR] LogOutputStream:75 - [STDERR_REDIRECT] [Fatal Error] :1:1: Premature end of file.
2025-11-30 10:15:50,753 [ERROR] LogOutputStream:75 - [STDERR_REDIRECT] 
2025-11-30 10:15:51,742 [ERROR] LogOutputStream:75 - [STDERR_REDIRECT] [Fatal Error] :1:1: Premature end of file.
2025-11-30 10:15:51,742 [ERROR] LogOutputStream:75 - [STDERR_REDIRECT] 
2025-11-30 10:15:52,742 [ERROR] LogOutputStream:75 - [STDERR_REDIRECT] [Fatal Error] :1:1: Premature end of file.
2025-11-30 10:15:52,742 [ERROR] LogOutputStream:75 - [STDERR_REDIRECT] 
2025-11-30 10:15:53,741 [ERROR] LogOutputStream:75 - [STDERR_REDIRECT] [Fatal Error] :1:1: Premature end of file.
2025-11-30 10:15:53,741 [ERROR] LogOutputStream:75 - [STDERR_REDIRECT] 
2025-11-30 10:15:54,736 [ERROR] LogOutputStream:75 - [STDERR_REDIRECT] [Fatal Error] :1:1: Premature end of file.
2025-11-30 10:15:54,736 [ERROR] LogOutputStream:75 - [STDERR_REDIRECT] 
2025-11-30 10:15:55,755 [ERROR] LogOutputStream:75 - [STDERR_REDIRECT] [Fatal Error] :1:1: Premature end of file.
2025-11-30 10:15:55,755 [ERROR] LogOutputStream:75 - [STDERR_REDIRECT] 
2025-11-30 10:15:56,751 [ERROR] LogOutputStream:75 - [STDERR_REDIRECT] [Fatal Error] :1:1: Premature end of file.
2025-11-30 10:15:56,751 [ERROR] LogOutputStream:75 - [STDERR_REDIRECT] 
2025-11-30 10:15:57,745 [ERROR] LogOutputStream:75 - [STDERR_REDIRECT] [Fatal Error] :1:1: Premature end of file.
2025-11-30 10:15:57,745 [ERROR] LogOutputStream:75 - [STDERR_REDIRECT] 
2025-11-30 10:15:58,740 [ERROR] LogOutputStream:75 - [STDERR_REDIRECT] [Fatal Error] :1:1: Premature end of file.
2025-11-30 10:15:58,740 [ERROR] LogOutputStream:75 - [STDERR_REDIRECT] 
2025-11-30 10:15:59,737 [ERROR] LogOutputStream:75 - [STDERR_REDIRECT] [Fatal Error] :1:1: Premature end of file.
2025-11-30 10:15:59,737 [ERROR] LogOutputStream:75 - [STDERR_REDIRECT] 
2025-11-30 10:16:00,740 [ERROR] LogOutputStream:75 - [STDERR_REDIRECT] [Fatal Error] :1:1: Premature end of file.
2025-11-30 10:16:00,740 [ERROR] LogOutputStream:75 - [STDERR_REDIRECT] 
2025-11-30 10:16:01,747 [ERROR] LogOutputStream:75 - [STDERR_REDIRECT] [Fatal Error] :1:1: Premature end of file.
2025-11-30 10:16:01,747 [ERROR] LogOutputStream:75 - [STDERR_REDIRECT] 
2025-11-30 10:16:02,742 [ERROR] LogOutputStream:75 - [STDERR_REDIRECT] [Fatal Error] :1:1: Premature end of file.
2025-11-30 10:16:02,742 [ERROR] LogOutputStream:75 - [STDERR_REDIRECT] 
2025-11-30 10:16:03,731 [ERROR] LogOutputStream:75 - [STDERR_REDIRECT] [Fatal Error] :1:1: Premature end of file.
2025-11-30 10:16:03,731 [ERROR] LogOutputStream:75 - [STDERR_REDIRECT] 
2025-11-30 10:16:04,753 [ERROR] LogOutputStream:75 - [STDERR_REDIRECT] [Fatal Error] :1:1: Premature end of file.
2025-11-30 10:16:04,753 [ERROR] LogOutputStream:75 - [STDERR_REDIRECT] 
2025-11-30 10:16:05,734 [ERROR] LogOutputStream:75 - [STDERR_REDIRECT] [Fatal Error] :1:1: Premature end of file.
2025-11-30 10:16:05,734 [ERROR] LogOutputStream:75 - [STDERR_REDIRECT] 
2025-11-30 10:16:06,733 [ERROR] LogOutputStream:75 - [STDERR_REDIRECT] [Fatal Error] :1:1: Premature end of file.
2025-11-30 10:16:06,733 [ERROR] LogOutputStream:75 - [STDERR_REDIRECT] 
2025-11-30 10:16:07,736 [ERROR] LogOutputStream:75 - [STDERR_REDIRECT] [Fatal Error] :1:1: Premature end of file.
2025-11-30 10:16:07,736 [ERROR] LogOutputStream:75 - [STDERR_REDIRECT] 
2025-11-30 10:16:08,753 [ERROR] LogOutputStream:75 - [STDERR_REDIRECT] [Fatal Error] :1:1: Premature end of file.
2025-11-30 10:16:08,753 [ERROR] LogOutputStream:75 - [STDERR_REDIRECT] 
2025-11-30 10:16:09,727 [ERROR] LogOutputStream:75 - [STDERR_REDIRECT] [Fatal Error] :1:1: Premature end of file.
2025-11-30 10:16:09,727 [ERROR] LogOutputStream:75 - [STDERR_REDIRECT] 
2025-11-30 10:16:10,748 [ERROR] LogOutputStream:75 - [STDERR_REDIRECT] [Fatal Error] :1:1: Premature end of file.
2025-11-30 10:16:10,748 [ERROR] LogOutputStream:75 - [STDERR_REDIRECT] 
2025-11-30 10:16:11,735 [ERROR] LogOutputStream:75 - [STDERR_REDIRECT] [Fatal Error] :1:1: Premature end of file.
2025-11-30 10:16:11,735 [ERROR] LogOutputStream:75 - [STDERR_REDIRECT] 
2025-11-30 10:16:12,735 [ERROR] LogOutputStream:75 - [STDERR_REDIRECT] [Fatal Error] :1:1: Premature end of file.
2025-11-30 10:16:12,735 [ERROR] LogOutputStream:75 - [STDERR_REDIRECT] 
2025-11-30 10:16:13,746 [ERROR] LogOutputStream:75 - [STDERR_REDIRECT] [Fatal Error] :1:1: Premature end of file.
2025-11-30 10:16:13,746 [ERROR] LogOutputStream:75 - [STDERR_REDIRECT] 
2025-11-30 10:16:14,751 [ERROR] LogOutputStream:75 - [STDERR_REDIRECT] [Fatal Error] :1:1: Premature end of file.
2025-11-30 10:16:14,751 [ERROR] LogOutputStream:75 - [STDERR_REDIRECT] 
2025-11-30 10:16:15,755 [ERROR] LogOutputStream:75 - [STDERR_REDIRECT] [Fatal Error] :1:1: Premature end of file.
2025-11-30 10:16:15,755 [ERROR] LogOutputStream:75 - [STDERR_REDIRECT] 
2025-11-30 10:16:16,743 [ERROR] LogOutputStream:75 - [STDERR_REDIRECT] [Fatal Error] :1:1: Premature end of file.
2025-11-30 10:16:16,743 [ERROR] LogOutputStream:75 - [STDERR_REDIRECT] 
2025-11-30 10:16:17,762 [ERROR] LogOutputStream:75 - [STDERR_REDIRECT] [Fatal Error] :1:1: Premature end of file.
2025-11-30 10:16:17,762 [ERROR] LogOutputStream:75 - [STDERR_REDIRECT] 
2025-11-30 10:16:18,748 [ERROR] LogOutputStream:75 - [STDERR_REDIRECT] [Fatal Error] :1:1: Premature end of file.
2025-11-30 10:16:18,748 [ERROR] LogOutputStream:75 - [STDERR_REDIRECT] 
2025-11-30 10:16:19,726 [ERROR] LogOutputStream:75 - [STDERR_REDIRECT] [Fatal Error] :1:1: Premature end of file.
2025-11-30 10:16:19,726 [ERROR] LogOutputStream:75 - [STDERR_REDIRECT] 
2025-11-30 10:16:20,730 [ERROR] LogOutputStream:75 - [STDERR_REDIRECT] [Fatal Error] :1:1: Premature end of file.
2025-11-30 10:16:20,730 [ERROR] LogOutputStream:75 - [STDERR_REDIRECT] 
2025-11-30 10:16:21,737 [ERROR] LogOutputStream:75 - [STDERR_REDIRECT] [Fatal Error] :1:1: Premature end of file.
2025-11-30 10:16:21,737 [ERROR] LogOutputStream:75 - [STDERR_REDIRECT] 
2025-11-30 10:16:22,732 [ERROR] LogOutputStream:75 - [STDERR_REDIRECT] [Fatal Error] :1:1: Premature end of file.
2025-11-30 10:16:22,732 [ERROR] LogOutputStream:75 - [STDERR_REDIRECT] 
2025-11-30 10:16:23,734 [ERROR] LogOutputStream:75 - [STDERR_REDIRECT] [Fatal Error] :1:1: Premature end of file.
2025-11-30 10:16:23,734 [ERROR] LogOutputStream:75 - [STDERR_REDIRECT] 
2025-11-30 10:16:24,732 [ERROR] LogOutputStream:75 - [STDERR_REDIRECT] [Fatal Error] :1:1: Premature end of file.
2025-11-30 10:16:24,732 [ERROR] LogOutputStream:75 - [STDERR_REDIRECT] 
2025-11-30 10:16:25,732 [ERROR] LogOutputStream:75 - [STDERR_REDIRECT] [Fatal Error] :1:1: Premature end of file.
2025-11-30 10:16:25,732 [ERROR] LogOutputStream:75 - [STDERR_REDIRECT] 
2025-11-30 10:16:26,740 [ERROR] LogOutputStream:75 - [STDERR_REDIRECT] [Fatal Error] :1:1: Premature end of file.
2025-11-30 10:16:26,740 [ERROR] LogOutputStream:75 - [STDERR_REDIRECT] 
2025-11-30 10:16:27,741 [ERROR] LogOutputStream:75 - [STDERR_REDIRECT] [Fatal Error] :1:1: Premature end of file.
2025-11-30 10:16:27,741 [ERROR] LogOutputStream:75 - [STDERR_REDIRECT] 
2025-11-30 10:16:28,739 [ERROR] LogOutputStream:75 - [STDERR_REDIRECT] [Fatal Error] :1:1: Premature end of file.
2025-11-30 10:16:28,739 [ERROR] LogOutputStream:75 - [STDERR_REDIRECT] 
2025-11-30 10:16:29,737 [ERROR] LogOutputStream:75 - [STDERR_REDIRECT] [Fatal Error] :1:1: Premature end of file.
2025-11-30 10:16:29,737 [ERROR] LogOutputStream:75 - [STDERR_REDIRECT] 
2025-11-30 10:16:30,735 [ERROR] LogOutputStream:75 - [STDERR_REDIRECT] [Fatal Error] :1:1: Premature end of file.
2025-11-30 10:16:30,735 [ERROR] LogOutputStream:75 - [STDERR_REDIRECT] 
2025-11-30 10:16:31,734 [ERROR] LogOutputStream:75 - [STDERR_REDIRECT] [Fatal Error] :1:1: Premature end of file.
2025-11-30 10:16:31,735 [ERROR] LogOutputStream:75 - [STDERR_REDIRECT] 
2025-11-30 10:16:32,734 [ERROR] LogOutputStream:75 - [STDERR_REDIRECT] [Fatal Error] :1:1: Premature end of file.
2025-11-30 10:16:32,734 [ERROR] LogOutputStream:75 - [STDERR_REDIRECT] 
2025-11-30 10:16:33,734 [ERROR] LogOutputStream:75 - [STDERR_REDIRECT] [Fatal Error] :1:1: Premature end of file.
2025-11-30 10:16:33,734 [ERROR] LogOutputStream:75 - [STDERR_REDIRECT] 
2025-11-30 10:16:34,732 [ERROR] LogOutputStream:75 - [STDERR_REDIRECT] [Fatal Error] :1:1: Premature end of file.
2025-11-30 10:16:34,732 [ERROR] LogOutputStream:75 - [STDERR_REDIRECT] 
2025-11-30 10:16:35,738 [ERROR] LogOutputStream:75 - [STDERR_REDIRECT] [Fatal Error] :1:1: Premature end of file.
2025-11-30 10:16:35,738 [ERROR] LogOutputStream:75 - [STDERR_REDIRECT] 
2025-11-30 10:16:36,737 [ERROR] LogOutputStream:75 - [STDERR_REDIRECT] [Fatal Error] :1:1: Premature end of file.
2025-11-30 10:16:36,737 [ERROR] LogOutputStream:75 - [STDERR_REDIRECT] 
2025-11-30 10:16:37,738 [ERROR] LogOutputStream:75 - [STDERR_REDIRECT] [Fatal Error] :1:1: Premature end of file.
2025-11-30 10:16:37,738 [ERROR] LogOutputStream:75 - [STDERR_REDIRECT] 
2025-11-30 10:16:38,738 [ERROR] LogOutputStream:75 - [STDERR_REDIRECT] [Fatal Error] :1:1: Premature end of file.
2025-11-30 10:16:38,738 [ERROR] LogOutputStream:75 - [STDERR_REDIRECT] 
2025-11-30 10:16:39,738 [ERROR] LogOutputStream:75 - [STDERR_REDIRECT] [Fatal Error] :1:1: Premature end of file.
2025-11-30 10:16:39,738 [ERROR] LogOutputStream:75 - [STDERR_REDIRECT] 
2025-11-30 10:16:40,738 [ERROR] LogOutputStream:75 - [STDERR_REDIRECT] [Fatal Error] :1:1: Premature end of file.
2025-11-30 10:16:40,738 [ERROR] LogOutputStream:75 - [STDERR_REDIRECT] 
2025-11-30 10:16:41,737 [ERROR] LogOutputStream:75 - [STDERR_REDIRECT] [Fatal Error] :1:1: Premature end of file.
2025-11-30 10:16:41,737 [ERROR] LogOutputStream:75 - [STDERR_REDIRECT] 
2025-11-30 10:16:42,734 [ERROR] LogOutputStream:75 - [STDERR_REDIRECT] [Fatal Error] :1:1: Premature end of file.
2025-11-30 10:16:42,734 [ERROR] LogOutputStream:75 - [STDERR_REDIRECT] 
2025-11-30 10:16:43,738 [ERROR] LogOutputStream:75 - [STDERR_REDIRECT] [Fatal Error] :1:1: Premature end of file.
2025-11-30 10:16:43,738 [ERROR] LogOutputStream:75 - [STDERR_REDIRECT] 
2025-11-30 10:16:44,733 [ERROR] LogOutputStream:75 - [STDERR_REDIRECT] [Fatal Error] :1:1: Premature end of file.
2025-11-30 10:16:44,733 [ERROR] LogOutputStream:75 - [STDERR_REDIRECT] 
2025-11-30 10:16:45,752 [ERROR] LogOutputStream:75 - [STDERR_REDIRECT] [Fatal Error] :1:1: Premature end of file.
2025-11-30 10:16:45,752 [ERROR] LogOutputStream:75 - [STDERR_REDIRECT] 
2025-11-30 10:16:46,737 [ERROR] LogOutputStream:75 - [STDERR_REDIRECT] [Fatal Error] :1:1: Premature end of file.
2025-11-30 10:16:46,737 [ERROR] LogOutputStream:75 - [STDERR_REDIRECT] 
2025-11-30 10:16:47,727 [ERROR] LogOutputStream:75 - [STDERR_REDIRECT] [Fatal Error] :1:1: Premature end of file.
2025-11-30 10:16:47,727 [ERROR] LogOutputStream:75 - [STDERR_REDIRECT] 
2025-11-30 10:16:48,735 [ERROR] LogOutputStream:75 - [STDERR_REDIRECT] [Fatal Error] :1:1: Premature end of file.
2025-11-30 10:16:48,735 [ERROR] LogOutputStream:75 - [STDERR_REDIRECT] 
2025-11-30 10:16:49,742 [ERROR] LogOutputStream:75 - [STDERR_REDIRECT] [Fatal Error] :1:1: Premature end of file.
2025-11-30 10:16:49,742 [ERROR] LogOutputStream:75 - [STDERR_REDIRECT] 
2025-11-30 10:16:50,730 [ERROR] LogOutputStream:75 - [STDERR_REDIRECT] [Fatal Error] :1:1: Premature end of file.
2025-11-30 10:16:50,731 [ERROR] LogOutputStream:75 - [STDERR_REDIRECT] 
2025-11-30 10:16:51,742 [ERROR] LogOutputStream:75 - [STDERR_REDIRECT] [Fatal Error] :1:1: Premature end of file.
2025-11-30 10:16:51,742 [ERROR] LogOutputStream:75 - [STDERR_REDIRECT] 
2025-11-30 10:16:52,750 [ERROR] LogOutputStream:75 - [STDERR_REDIRECT] [Fatal Error] :1:1: Premature end of file.
2025-11-30 10:16:52,750 [ERROR] LogOutputStream:75 - [STDERR_REDIRECT] 
2025-11-30 10:16:53,738 [ERROR] LogOutputStream:75 - [STDERR_REDIRECT] [Fatal Error] :1:1: Premature end of file.
2025-11-30 10:16:53,738 [ERROR] LogOutputStream:75 - [STDERR_REDIRECT] 
2025-11-30 10:16:54,744 [ERROR] LogOutputStream:75 - [STDERR_REDIRECT] [Fatal Error] :1:1: Premature end of file.
2025-11-30 10:16:54,744 [ERROR] LogOutputStream:75 - [STDERR_REDIRECT] 
2025-11-30 10:16:55,741 [ERROR] LogOutputStream:75 - [STDERR_REDIRECT] [Fatal Error] :1:1: Premature end of file.
2025-11-30 10:16:55,741 [ERROR] LogOutputStream:75 - [STDERR_REDIRECT] 
2025-11-30 10:16:56,743 [ERROR] LogOutputStream:75 - [STDERR_REDIRECT] [Fatal Error] :1:1: Premature end of file.
2025-11-30 10:16:56,743 [ERROR] LogOutputStream:75 - [STDERR_REDIRECT] 
2025-11-30 10:16:57,743 [ERROR] LogOutputStream:75 - [STDERR_REDIRECT] [Fatal Error] :1:1: Premature end of file.
2025-11-30 10:16:57,743 [ERROR] LogOutputStream:75 - [STDERR_REDIRECT] 
2025-11-30 10:16:58,754 [ERROR] LogOutputStream:75 - [STDERR_REDIRECT] [Fatal Error] :1:1: Premature end of file.
2025-11-30 10:16:58,754 [ERROR] LogOutputStream:75 - [STDERR_REDIRECT] 
2025-11-30 10:16:59,751 [ERROR] LogOutputStream:75 - [STDERR_REDIRECT] [Fatal Error] :1:1: Premature end of file.
2025-11-30 10:16:59,751 [ERROR] LogOutputStream:75 - [STDERR_REDIRECT] 
2025-11-30 10:17:00,735 [ERROR] LogOutputStream:75 - [STDERR_REDIRECT] [Fatal Error] :1:1: Premature end of file.
2025-11-30 10:17:00,735 [ERROR] LogOutputStream:75 - [STDERR_REDIRECT] 
2025-11-30 10:17:01,732 [ERROR] LogOutputStream:75 - [STDERR_REDIRECT] [Fatal Error] :1:1: Premature end of file.
2025-11-30 10:17:01,732 [ERROR] LogOutputStream:75 - [STDERR_REDIRECT] 
2025-11-30 10:17:02,733 [ERROR] LogOutputStream:75 - [STDERR_REDIRECT] [Fatal Error] :1:1: Premature end of file.
2025-11-30 10:17:02,733 [ERROR] LogOutputStream:75 - [STDERR_REDIRECT] 
2025-11-30 10:17:03,727 [ERROR] LogOutputStream:75 - [STDERR_REDIRECT] [Fatal Error] :1:1: Premature end of file.
2025-11-30 10:17:03,727 [ERROR] LogOutputStream:75 - [STDERR_REDIRECT] 
2025-11-30 10:17:04,728 [ERROR] LogOutputStream:75 - [STDERR_REDIRECT] [Fatal Error] :1:1: Premature end of file.
2025-11-30 10:17:04,728 [ERROR] LogOutputStream:75 - [STDERR_REDIRECT] 
2025-11-30 10:17:05,736 [ERROR] LogOutputStream:75 - [STDERR_REDIRECT] [Fatal Error] :1:1: Premature end of file.
2025-11-30 10:17:05,736 [ERROR] LogOutputStream:75 - [STDERR_REDIRECT] 
2025-11-30 10:17:06,739 [ERROR] LogOutputStream:75 - [STDERR_REDIRECT] [Fatal Error] :1:1: Premature end of file.
2025-11-30 10:17:06,739 [ERROR] LogOutputStream:75 - [STDERR_REDIRECT] 
2025-11-30 10:17:07,735 [ERROR] LogOutputStream:75 - [STDERR_REDIRECT] [Fatal Error] :1:1: Premature end of file.
2025-11-30 10:17:07,735 [ERROR] LogOutputStream:75 - [STDERR_REDIRECT] 
2025-11-30 10:17:08,761 [ERROR] LogOutputStream:75 - [STDERR_REDIRECT] [Fatal Error] :1:1: Premature end of file.
2025-11-30 10:17:08,761 [ERROR] LogOutputStream:75 - [STDERR_REDIRECT] 
2025-11-30 10:17:09,745 [ERROR] LogOutputStream:75 - [STDERR_REDIRECT] [Fatal Error] :1:1: Premature end of file.
2025-11-30 10:17:09,745 [ERROR] LogOutputStream:75 - [STDERR_REDIRECT] 
2025-11-30 10:17:10,766 [ERROR] LogOutputStream:75 - [STDERR_REDIRECT] [Fatal Error] :1:1: Premature end of file.
2025-11-30 10:17:10,766 [ERROR] LogOutputStream:75 - [STDERR_REDIRECT] 
2025-11-30 10:17:11,735 [ERROR] LogOutputStream:75 - [STDERR_REDIRECT] [Fatal Error] :1:1: Premature end of file.
2025-11-30 10:17:11,735 [ERROR] LogOutputStream:75 - [STDERR_REDIRECT] 
2025-11-30 10:17:12,738 [ERROR] LogOutputStream:75 - [STDERR_REDIRECT] [Fatal Error] :1:1: Premature end of file.
2025-11-30 10:17:12,738 [ERROR] LogOutputStream:75 - [STDERR_REDIRECT] 
2025-11-30 10:17:13,732 [ERROR] LogOutputStream:75 - [STDERR_REDIRECT] [Fatal Error] :1:1: Premature end of file.
2025-11-30 10:17:13,732 [ERROR] LogOutputStream:75 - [STDERR_REDIRECT] 
2025-11-30 10:17:14,733 [ERROR] LogOutputStream:75 - [STDERR_REDIRECT] [Fatal Error] :1:1: Premature end of file.
2025-11-30 10:17:14,733 [ERROR] LogOutputStream:75 - [STDERR_REDIRECT] 
2025-11-30 10:17:15,736 [ERROR] LogOutputStream:75 - [STDERR_REDIRECT] [Fatal Error] :1:1: Premature end of file.
2025-11-30 10:17:15,736 [ERROR] LogOutputStream:75 - [STDERR_REDIRECT] 
2025-11-30 10:17:16,754 [ERROR] LogOutputStream:75 - [STDERR_REDIRECT] [Fatal Error] :1:1: Premature end of file.
2025-11-30 10:17:16,755 [ERROR] LogOutputStream:75 - [STDERR_REDIRECT] 
2025-11-30 10:17:17,752 [ERROR] LogOutputStream:75 - [STDERR_REDIRECT] [Fatal Error] :1:1: Premature end of file.
2025-11-30 10:17:17,752 [ERROR] LogOutputStream:75 - [STDERR_REDIRECT] 
2025-11-30 10:17:18,762 [ERROR] LogOutputStream:75 - [STDERR_REDIRECT] [Fatal Error] :1:1: Premature end of file.
2025-11-30 10:17:18,762 [ERROR] LogOutputStream:75 - [STDERR_REDIRECT] 
2025-11-30 10:17:19,735 [ERROR] LogOutputStream:75 - [STDERR_REDIRECT] [Fatal Error] :1:1: Premature end of file.
2025-11-30 10:17:19,735 [ERROR] LogOutputStream:75 - [STDERR_REDIRECT] 
2025-11-30 10:17:20,748 [ERROR] LogOutputStream:75 - [STDERR_REDIRECT] [Fatal Error] :1:1: Premature end of file.
2025-11-30 10:17:20,748 [ERROR] LogOutputStream:75 - [STDERR_REDIRECT] 
2025-11-30 10:17:21,744 [ERROR] LogOutputStream:75 - [STDERR_REDIRECT] [Fatal Error] :1:1: Premature end of file.
2025-11-30 10:17:21,744 [ERROR] LogOutputStream:75 - [STDERR_REDIRECT] 
2025-11-30 10:17:22,746 [ERROR] LogOutputStream:75 - [STDERR_REDIRECT] [Fatal Error] :1:1: Premature end of file.
2025-11-30 10:17:22,747 [ERROR] LogOutputStream:75 - [STDERR_REDIRECT] 
2025-11-30 10:17:23,740 [ERROR] LogOutputStream:75 - [STDERR_REDIRECT] [Fatal Error] :1:1: Premature end of file.
2025-11-30 10:17:23,740 [ERROR] LogOutputStream:75 - [STDERR_REDIRECT] 
2025-11-30 10:17:24,744 [ERROR] LogOutputStream:75 - [STDERR_REDIRECT] [Fatal Error] :1:1: Premature end of file.
2025-11-30 10:17:24,744 [ERROR] LogOutputStream:75 - [STDERR_REDIRECT] 
2025-11-30 10:17:25,741 [ERROR] LogOutputStream:75 - [STDERR_REDIRECT] [Fatal Error] :1:1: Premature end of file.
2025-11-30 10:17:25,741 [ERROR] LogOutputStream:75 - [STDERR_REDIRECT] 
2025-11-30 10:17:26,731 [ERROR] LogOutputStream:75 - [STDERR_REDIRECT] [Fatal Error] :1:1: Premature end of file.
2025-11-30 10:17:26,731 [ERROR] LogOutputStream:75 - [STDERR_REDIRECT] 
2025-11-30 10:17:27,745 [ERROR] LogOutputStream:75 - [STDERR_REDIRECT] [Fatal Error] :1:1: Premature end of file.
2025-11-30 10:17:27,745 [ERROR] LogOutputStream:75 - [STDERR_REDIRECT] 
2025-11-30 10:17:28,750 [ERROR] LogOutputStream:75 - [STDERR_REDIRECT] [Fatal Error] :1:1: Premature end of file.
2025-11-30 10:17:28,751 [ERROR] LogOutputStream:75 - [STDERR_REDIRECT] 
2025-11-30 10:17:29,740 [ERROR] LogOutputStream:75 - [STDERR_REDIRECT] [Fatal Error] :1:1: Premature end of file.
2025-11-30 10:17:29,740 [ERROR] LogOutputStream:75 - [STDERR_REDIRECT] 
2025-11-30 10:17:30,742 [ERROR] LogOutputStream:75 - [STDERR_REDIRECT] [Fatal Error] :1:1: Premature end of file.
2025-11-30 10:17:30,742 [ERROR] LogOutputStream:75 - [STDERR_REDIRECT] 
2025-11-30 10:17:31,736 [ERROR] LogOutputStream:75 - [STDERR_REDIRECT] [Fatal Error] :1:1: Premature end of file.
2025-11-30 10:17:31,736 [ERROR] LogOutputStream:75 - [STDERR_REDIRECT] 
2025-11-30 10:17:32,739 [ERROR] LogOutputStream:75 - [STDERR_REDIRECT] [Fatal Error] :1:1: Premature end of file.
2025-11-30 10:17:32,739 [ERROR] LogOutputStream:75 - [STDERR_REDIRECT] 
2025-11-30 10:17:33,773 [ERROR] LogOutputStream:75 - [STDERR_REDIRECT] [Fatal Error] :1:1: Premature end of file.
2025-11-30 10:17:33,773 [ERROR] LogOutputStream:75 - [STDERR_REDIRECT] 
2025-11-30 10:17:34,740 [ERROR] LogOutputStream:75 - [STDERR_REDIRECT] [Fatal Error] :1:1: Premature end of file.
2025-11-30 10:17:34,740 [ERROR] LogOutputStream:75 - [STDERR_REDIRECT] 
2025-11-30 10:17:35,734 [ERROR] LogOutputStream:75 - [STDERR_REDIRECT] [Fatal Error] :1:1: Premature end of file.
2025-11-30 10:17:35,734 [ERROR] LogOutputStream:75 - [STDERR_REDIRECT] 
2025-11-30 10:17:36,735 [ERROR] LogOutputStream:75 - [STDERR_REDIRECT] [Fatal Error] :1:1: Premature end of file.
2025-11-30 10:17:36,735 [ERROR] LogOutputStream:75 - [STDERR_REDIRECT] 
2025-11-30 10:17:37,735 [ERROR] LogOutputStream:75 - [STDERR_REDIRECT] [Fatal Error] :1:1: Premature end of file.
2025-11-30 10:17:37,735 [ERROR] LogOutputStream:75 - [STDERR_REDIRECT] 
2025-11-30 10:17:38,733 [ERROR] LogOutputStream:75 - [STDERR_REDIRECT] [Fatal Error] :1:1: Premature end of file.
2025-11-30 10:17:38,733 [ERROR] LogOutputStream:75 - [STDERR_REDIRECT] 
2025-11-30 10:17:39,737 [ERROR] LogOutputStream:75 - [STDERR_REDIRECT] [Fatal Error] :1:1: Premature end of file.
2025-11-30 10:17:39,737 [ERROR] LogOutputStream:75 - [STDERR_REDIRECT] 
2025-11-30 10:17:40,747 [ERROR] LogOutputStream:75 - [STDERR_REDIRECT] [Fatal Error] :1:1: Premature end of file.
2025-11-30 10:17:40,747 [ERROR] LogOutputStream:75 - [STDERR_REDIRECT] 
2025-11-30 10:17:41,754 [ERROR] LogOutputStream:75 - [STDERR_REDIRECT] [Fatal Error] :1:1: Premature end of file.
2025-11-30 10:17:41,754 [ERROR] LogOutputStream:75 - [STDERR_REDIRECT] 
2025-11-30 10:17:42,737 [ERROR] LogOutputStream:75 - [STDERR_REDIRECT] [Fatal Error] :1:1: Premature end of file.
2025-11-30 10:17:42,737 [ERROR] LogOutputStream:75 - [STDERR_REDIRECT] 
2025-11-30 10:17:43,778 [ERROR] LogOutputStream:75 - [STDERR_REDIRECT] [Fatal Error] :1:1: Premature end of file.
2025-11-30 10:17:43,778 [ERROR] LogOutputStream:75 - [STDERR_REDIRECT] 
2025-11-30 10:17:44,748 [ERROR] LogOutputStream:75 - [STDERR_REDIRECT] [Fatal Error] :1:1: Premature end of file.
2025-11-30 10:17:44,748 [ERROR] LogOutputStream:75 - [STDERR_REDIRECT] 
2025-11-30 10:17:45,741 [ERROR] LogOutputStream:75 - [STDERR_REDIRECT] [Fatal Error] :1:1: Premature end of file.
2025-11-30 10:17:45,741 [ERROR] LogOutputStream:75 - [STDERR_REDIRECT] 
2025-11-30 10:17:46,747 [ERROR] LogOutputStream:75 - [STDERR_REDIRECT] [Fatal Error] :1:1: Premature end of file.
2025-11-30 10:17:46,747 [ERROR] LogOutputStream:75 - [STDERR_REDIRECT] 
2025-11-30 10:17:47,747 [ERROR] LogOutputStream:75 - [STDERR_REDIRECT] [Fatal Error] :1:1: Premature end of file.
2025-11-30 10:17:47,747 [ERROR] LogOutputStream:75 - [STDERR_REDIRECT] 
2025-11-30 10:17:48,753 [ERROR] LogOutputStream:75 - [STDERR_REDIRECT] [Fatal Error] :1:1: Premature end of file.
2025-11-30 10:17:48,753 [ERROR] LogOutputStream:75 - [STDERR_REDIRECT] 
2025-11-30 10:17:49,751 [ERROR] LogOutputStream:75 - [STDERR_REDIRECT] [Fatal Error] :1:1: Premature end of file.
2025-11-30 10:17:49,751 [ERROR] LogOutputStream:75 - [STDERR_REDIRECT] 
2025-11-30 10:17:50,745 [ERROR] LogOutputStream:75 - [STDERR_REDIRECT] [Fatal Error] :1:1: Premature end of file.
2025-11-30 10:17:50,745 [ERROR] LogOutputStream:75 - [STDERR_REDIRECT] 
2025-11-30 10:17:51,730 [ERROR] LogOutputStream:75 - [STDERR_REDIRECT] [Fatal Error] :1:1: Premature end of file.
2025-11-30 10:17:51,730 [ERROR] LogOutputStream:75 - [STDERR_REDIRECT] 
2025-11-30 10:17:52,748 [ERROR] LogOutputStream:75 - [STDERR_REDIRECT] [Fatal Error] :1:1: Premature end of file.
2025-11-30 10:17:52,748 [ERROR] LogOutputStream:75 - [STDERR_REDIRECT] 
2025-11-30 10:17:53,741 [ERROR] LogOutputStream:75 - [STDERR_REDIRECT] [Fatal Error] :1:1: Premature end of file.
2025-11-30 10:17:53,741 [ERROR] LogOutputStream:75 - [STDERR_REDIRECT] 
2025-11-30 10:17:54,746 [ERROR] LogOutputStream:75 - [STDERR_REDIRECT] [Fatal Error] :1:1: Premature end of file.
2025-11-30 10:17:54,746 [ERROR] LogOutputStream:75 - [STDERR_REDIRECT] 
2025-11-30 10:17:55,732 [ERROR] LogOutputStream:75 - [STDERR_REDIRECT] [Fatal Error] :1:1: Premature end of file.
2025-11-30 10:17:55,732 [ERROR] LogOutputStream:75 - [STDERR_REDIRECT] 
2025-11-30 10:17:56,750 [ERROR] LogOutputStream:75 - [STDERR_REDIRECT] [Fatal Error] :1:1: Premature end of file.
2025-11-30 10:17:56,750 [ERROR] LogOutputStream:75 - [STDERR_REDIRECT] 
2025-11-30 10:17:57,737 [ERROR] LogOutputStream:75 - [STDERR_REDIRECT] [Fatal Error] :1:1: Premature end of file.
2025-11-30 10:17:57,737 [ERROR] LogOutputStream:75 - [STDERR_REDIRECT] 
2025-11-30 10:17:58,740 [ERROR] LogOutputStream:75 - [STDERR_REDIRECT] [Fatal Error] :1:1: Premature end of file.
2025-11-30 10:17:58,740 [ERROR] LogOutputStream:75 - [STDERR_REDIRECT] 
2025-11-30 10:17:59,727 [ERROR] LogOutputStream:75 - [STDERR_REDIRECT] [Fatal Error] :1:1: Premature end of file.
2025-11-30 10:17:59,727 [ERROR] LogOutputStream:75 - [STDERR_REDIRECT] 
2025-11-30 10:18:00,765 [ERROR] LogOutputStream:75 - [STDERR_REDIRECT] [Fatal Error] :1:1: Premature end of file.
2025-11-30 10:18:00,765 [ERROR] LogOutputStream:75 - [STDERR_REDIRECT] 
2025-11-30 10:18:01,736 [ERROR] LogOutputStream:75 - [STDERR_REDIRECT] [Fatal Error] :1:1: Premature end of file.
2025-11-30 10:18:01,736 [ERROR] LogOutputStream:75 - [STDERR_REDIRECT] 
2025-11-30 10:18:02,741 [ERROR] LogOutputStream:75 - [STDERR_REDIRECT] [Fatal Error] :1:1: Premature end of file.
2025-11-30 10:18:02,741 [ERROR] LogOutputStream:75 - [STDERR_REDIRECT] 
2025-11-30 10:18:03,743 [ERROR] LogOutputStream:75 - [STDERR_REDIRECT] [Fatal Error] :1:1: Premature end of file.
2025-11-30 10:18:03,744 [ERROR] LogOutputStream:75 - [STDERR_REDIRECT] 
2025-11-30 10:18:04,745 [ERROR] LogOutputStream:75 - [STDERR_REDIRECT] [Fatal Error] :1:1: Premature end of file.
2025-11-30 10:18:04,745 [ERROR] LogOutputStream:75 - [STDERR_REDIRECT] 
2025-11-30 10:18:05,753 [ERROR] LogOutputStream:75 - [STDERR_REDIRECT] [Fatal Error] :1:1: Premature end of file.
2025-11-30 10:18:05,755 [ERROR] LogOutputStream:75 - [STDERR_REDIRECT] 
2025-11-30 10:18:06,755 [ERROR] LogOutputStream:75 - [STDERR_REDIRECT] [Fatal Error] :1:1: Premature end of file.
2025-11-30 10:18:06,755 [ERROR] LogOutputStream:75 - [STDERR_REDIRECT] 
2025-11-30 10:18:07,738 [ERROR] LogOutputStream:75 - [STDERR_REDIRECT] [Fatal Error] :1:1: Premature end of file.
2025-11-30 10:18:07,738 [ERROR] LogOutputStream:75 - [STDERR_REDIRECT] 
2025-11-30 10:18:08,736 [ERROR] LogOutputStream:75 - [STDERR_REDIRECT] [Fatal Error] :1:1: Premature end of file.
2025-11-30 10:18:08,736 [ERROR] LogOutputStream:75 - [STDERR_REDIRECT] 
2025-11-30 10:18:09,754 [ERROR] LogOutputStream:75 - [STDERR_REDIRECT] [Fatal Error] :1:1: Premature end of file.
2025-11-30 10:18:09,754 [ERROR] LogOutputStream:75 - [STDERR_REDIRECT] 
2025-11-30 10:18:10,777 [ERROR] LogOutputStream:75 - [STDERR_REDIRECT] [Fatal Error] :1:1: Premature end of file.
2025-11-30 10:18:10,777 [ERROR] LogOutputStream:75 - [STDERR_REDIRECT] 
2025-11-30 10:18:11,738 [ERROR] LogOutputStream:75 - [STDERR_REDIRECT] [Fatal Error] :1:1: Premature end of file.
2025-11-30 10:18:11,738 [ERROR] LogOutputStream:75 - [STDERR_REDIRECT] 
2025-11-30 10:18:12,747 [ERROR] LogOutputStream:75 - [STDERR_REDIRECT] [Fatal Error] :1:1: Premature end of file.
2025-11-30 10:18:12,747 [ERROR] LogOutputStream:75 - [STDERR_REDIRECT] 
2025-11-30 10:18:13,734 [ERROR] LogOutputStream:75 - [STDERR_REDIRECT] [Fatal Error] :1:1: Premature end of file.
2025-11-30 10:18:13,734 [ERROR] LogOutputStream:75 - [STDERR_REDIRECT] 
2025-11-30 10:18:14,744 [ERROR] LogOutputStream:75 - [STDERR_REDIRECT] [Fatal Error] :1:1: Premature end of file.
2025-11-30 10:18:14,744 [ERROR] LogOutputStream:75 - [STDERR_REDIRECT] 
2025-11-30 10:18:15,725 [ERROR] LogOutputStream:75 - [STDERR_REDIRECT] [Fatal Error] :1:1: Premature end of file.
2025-11-30 10:18:15,727 [ERROR] LogOutputStream:75 - [STDERR_REDIRECT] 
2025-11-30 10:18:16,739 [ERROR] LogOutputStream:75 - [STDERR_REDIRECT] [Fatal Error] :1:1: Premature end of file.
2025-11-30 10:18:16,739 [ERROR] LogOutputStream:75 - [STDERR_REDIRECT] 
2025-11-30 10:18:17,731 [ERROR] LogOutputStream:75 - [STDERR_REDIRECT] [Fatal Error] :1:1: Premature end of file.
2025-11-30 10:18:17,731 [ERROR] LogOutputStream:75 - [STDERR_REDIRECT] 
2025-11-30 10:18:18,742 [ERROR] LogOutputStream:75 - [STDERR_REDIRECT] [Fatal Error] :1:1: Premature end of file.
2025-11-30 10:18:18,742 [ERROR] LogOutputStream:75 - [STDERR_REDIRECT] 
2025-11-30 10:18:19,759 [ERROR] LogOutputStream:75 - [STDERR_REDIRECT] [Fatal Error] :1:1: Premature end of file.
2025-11-30 10:18:19,759 [ERROR] LogOutputStream:75 - [STDERR_REDIRECT] 
2025-11-30 10:18:20,731 [ERROR] LogOutputStream:75 - [STDERR_REDIRECT] [Fatal Error] :1:1: Premature end of file.
2025-11-30 10:18:20,731 [ERROR] LogOutputStream:75 - [STDERR_REDIRECT] 
2025-11-30 10:18:21,727 [ERROR] LogOutputStream:75 - [STDERR_REDIRECT] [Fatal Error] :1:1: Premature end of file.
2025-11-30 10:18:21,727 [ERROR] LogOutputStream:75 - [STDERR_REDIRECT] 
2025-11-30 10:18:22,739 [ERROR] LogOutputStream:75 - [STDERR_REDIRECT] [Fatal Error] :1:1: Premature end of file.
2025-11-30 10:18:22,739 [ERROR] LogOutputStream:75 - [STDERR_REDIRECT] 
2025-11-30 10:18:23,747 [ERROR] LogOutputStream:75 - [STDERR_REDIRECT] [Fatal Error] :1:1: Premature end of file.
2025-11-30 10:18:23,747 [ERROR] LogOutputStream:75 - [STDERR_REDIRECT] 
2025-11-30 10:18:24,739 [ERROR] LogOutputStream:75 - [STDERR_REDIRECT] [Fatal Error] :1:1: Premature end of file.
2025-11-30 10:18:24,740 [ERROR] LogOutputStream:75 - [STDERR_REDIRECT] 
2025-11-30 10:18:25,750 [ERROR] LogOutputStream:75 - [STDERR_REDIRECT] [Fatal Error] :1:1: Premature end of file.
2025-11-30 10:18:25,750 [ERROR] LogOutputStream:75 - [STDERR_REDIRECT] 
2025-11-30 10:18:26,766 [ERROR] LogOutputStream:75 - [STDERR_REDIRECT] [Fatal Error] :1:1: Premature end of file.
2025-11-30 10:18:26,766 [ERROR] LogOutputStream:75 - [STDERR_REDIRECT] 
2025-11-30 10:18:27,776 [ERROR] LogOutputStream:75 - [STDERR_REDIRECT] [Fatal Error] :1:1: Premature end of file.
2025-11-30 10:18:27,776 [ERROR] LogOutputStream:75 - [STDERR_REDIRECT] 
2025-11-30 10:18:28,737 [ERROR] LogOutputStream:75 - [STDERR_REDIRECT] [Fatal Error] :1:1: Premature end of file.
2025-11-30 10:18:28,737 [ERROR] LogOutputStream:75 - [STDERR_REDIRECT] 
2025-11-30 10:18:29,733 [ERROR] LogOutputStream:75 - [STDERR_REDIRECT] [Fatal Error] :1:1: Premature end of file.
2025-11-30 10:18:29,733 [ERROR] LogOutputStream:75 - [STDERR_REDIRECT] 
2025-11-30 10:18:30,761 [ERROR] LogOutputStream:75 - [STDERR_REDIRECT] [Fatal Error] :1:1: Premature end of file.
2025-11-30 10:18:30,761 [ERROR] LogOutputStream:75 - [STDERR_REDIRECT] 
2025-11-30 10:18:31,746 [ERROR] LogOutputStream:75 - [STDERR_REDIRECT] [Fatal Error] :1:1: Premature end of file.
2025-11-30 10:18:31,746 [ERROR] LogOutputStream:75 - [STDERR_REDIRECT] 
2025-11-30 10:18:32,737 [ERROR] LogOutputStream:75 - [STDERR_REDIRECT] [Fatal Error] :1:1: Premature end of file.
2025-11-30 10:18:32,737 [ERROR] LogOutputStream:75 - [STDERR_REDIRECT] 
2025-11-30 10:18:33,776 [ERROR] LogOutputStream:75 - [STDERR_REDIRECT] [Fatal Error] :1:1: Premature end of file.
2025-11-30 10:18:33,776 [ERROR] LogOutputStream:75 - [STDERR_REDIRECT] 
2025-11-30 10:18:34,747 [ERROR] LogOutputStream:75 - [STDERR_REDIRECT] [Fatal Error] :1:1: Premature end of file.
2025-11-30 10:18:34,747 [ERROR] LogOutputStream:75 - [STDERR_REDIRECT] 
2025-11-30 10:18:35,732 [ERROR] LogOutputStream:75 - [STDERR_REDIRECT] [Fatal Error] :1:1: Premature end of file.
2025-11-30 10:18:35,733 [ERROR] LogOutputStream:75 - [STDERR_REDIRECT] 
2025-11-30 10:18:36,768 [ERROR] LogOutputStream:75 - [STDERR_REDIRECT] [Fatal Error] :1:1: Premature end of file.
2025-11-30 10:18:36,768 [ERROR] LogOutputStream:75 - [STDERR_REDIRECT] 
2025-11-30 10:18:37,740 [ERROR] LogOutputStream:75 - [STDERR_REDIRECT] [Fatal Error] :1:1: Premature end of file.
2025-11-30 10:18:37,740 [ERROR] LogOutputStream:75 - [STDERR_REDIRECT] 
2025-11-30 10:18:38,734 [ERROR] LogOutputStream:75 - [STDERR_REDIRECT] [Fatal Error] :1:1: Premature end of file.
2025-11-30 10:18:38,735 [ERROR] LogOutputStream:75 - [STDERR_REDIRECT] 
2025-11-30 10:18:39,730 [ERROR] LogOutputStream:75 - [STDERR_REDIRECT] [Fatal Error] :1:1: Premature end of file.
2025-11-30 10:18:39,730 [ERROR] LogOutputStream:75 - [STDERR_REDIRECT] 
2025-11-30 10:18:40,731 [ERROR] LogOutputStream:75 - [STDERR_REDIRECT] [Fatal Error] :1:1: Premature end of file.
2025-11-30 10:18:40,731 [ERROR] LogOutputStream:75 - [STDERR_REDIRECT] 
2025-11-30 10:18:41,749 [ERROR] LogOutputStream:75 - [STDERR_REDIRECT] [Fatal Error] :1:1: Premature end of file.
2025-11-30 10:18:41,749 [ERROR] LogOutputStream:75 - [STDERR_REDIRECT] 
2025-11-30 10:18:42,742 [ERROR] LogOutputStream:75 - [STDERR_REDIRECT] [Fatal Error] :1:1: Premature end of file.
2025-11-30 10:18:42,742 [ERROR] LogOutputStream:75 - [STDERR_REDIRECT] 
2025-11-30 10:18:43,740 [ERROR] LogOutputStream:75 - [STDERR_REDIRECT] [Fatal Error] :1:1: Premature end of file.
2025-11-30 10:18:43,740 [ERROR] LogOutputStream:75 - [STDERR_REDIRECT] 
2025-11-30 10:18:44,740 [ERROR] LogOutputStream:75 - [STDERR_REDIRECT] [Fatal Error] :1:1: Premature end of file.
2025-11-30 10:18:44,740 [ERROR] LogOutputStream:75 - [STDERR_REDIRECT] 
2025-11-30 10:18:45,735 [ERROR] LogOutputStream:75 - [STDERR_REDIRECT] [Fatal Error] :1:1: Premature end of file.
2025-11-30 10:18:45,736 [ERROR] LogOutputStream:75 - [STDERR_REDIRECT] 
2025-11-30 10:18:46,742 [ERROR] LogOutputStream:75 - [STDERR_REDIRECT] [Fatal Error] :1:1: Premature end of file.
2025-11-30 10:18:46,743 [ERROR] LogOutputStream:75 - [STDERR_REDIRECT] 
2025-11-30 10:18:47,734 [ERROR] LogOutputStream:75 - [STDERR_REDIRECT] [Fatal Error] :1:1: Premature end of file.
2025-11-30 10:18:47,734 [ERROR] LogOutputStream:75 - [STDERR_REDIRECT] 
2025-11-30 10:18:48,759 [ERROR] LogOutputStream:75 - [STDERR_REDIRECT] [Fatal Error] :1:1: Premature end of file.
2025-11-30 10:18:48,759 [ERROR] LogOutputStream:75 - [STDERR_REDIRECT] 
2025-11-30 10:18:49,744 [ERROR] LogOutputStream:75 - [STDERR_REDIRECT] [Fatal Error] :1:1: Premature end of file.
2025-11-30 10:18:49,744 [ERROR] LogOutputStream:75 - [STDERR_REDIRECT] 
2025-11-30 10:18:50,743 [ERROR] LogOutputStream:75 - [STDERR_REDIRECT] [Fatal Error] :1:1: Premature end of file.
2025-11-30 10:18:50,743 [ERROR] LogOutputStream:75 - [STDERR_REDIRECT] 
2025-11-30 10:18:51,739 [ERROR] LogOutputStream:75 - [STDERR_REDIRECT] [Fatal Error] :1:1: Premature end of file.
2025-11-30 10:18:51,739 [ERROR] LogOutputStream:75 - [STDERR_REDIRECT] 
2025-11-30 10:18:52,779 [ERROR] LogOutputStream:75 - [STDERR_REDIRECT] [Fatal Error] :1:1: Premature end of file.
2025-11-30 10:18:52,779 [ERROR] LogOutputStream:75 - [STDERR_REDIRECT] 
2025-11-30 10:18:53,741 [ERROR] LogOutputStream:75 - [STDERR_REDIRECT] [Fatal Error] :1:1: Premature end of file.
2025-11-30 10:18:53,741 [ERROR] LogOutputStream:75 - [STDERR_REDIRECT] 
2025-11-30 10:18:54,741 [ERROR] LogOutputStream:75 - [STDERR_REDIRECT] [Fatal Error] :1:1: Premature end of file.
2025-11-30 10:18:54,741 [ERROR] LogOutputStream:75 - [STDERR_REDIRECT] 
2025-11-30 10:18:55,740 [ERROR] LogOutputStream:75 - [STDERR_REDIRECT] [Fatal Error] :1:1: Premature end of file.
2025-11-30 10:18:55,741 [ERROR] LogOutputStream:75 - [STDERR_REDIRECT] 
2025-11-30 10:18:56,730 [ERROR] LogOutputStream:75 - [STDERR_REDIRECT] [Fatal Error] :1:1: Premature end of file.
2025-11-30 10:18:56,730 [ERROR] LogOutputStream:75 - [STDERR_REDIRECT] 
2025-11-30 10:18:57,738 [ERROR] LogOutputStream:75 - [STDERR_REDIRECT] [Fatal Error] :1:1: Premature end of file.
2025-11-30 10:18:57,738 [ERROR] LogOutputStream:75 - [STDERR_REDIRECT] 
2025-11-30 10:18:58,737 [ERROR] LogOutputStream:75 - [STDERR_REDIRECT] [Fatal Error] :1:1: Premature end of file.
2025-11-30 10:18:58,737 [ERROR] LogOutputStream:75 - [STDERR_REDIRECT] 
2025-11-30 10:18:59,760 [ERROR] LogOutputStream:75 - [STDERR_REDIRECT] [Fatal Error] :1:1: Premature end of file.
2025-11-30 10:18:59,760 [ERROR] LogOutputStream:75 - [STDERR_REDIRECT] 
2025-11-30 10:19:00,745 [ERROR] LogOutputStream:75 - [STDERR_REDIRECT] [Fatal Error] :1:1: Premature end of file.
2025-11-30 10:19:00,745 [ERROR] LogOutputStream:75 - [STDERR_REDIRECT] 
2025-11-30 10:19:01,739 [ERROR] LogOutputStream:75 - [STDERR_REDIRECT] [Fatal Error] :1:1: Premature end of file.
2025-11-30 10:19:01,739 [ERROR] LogOutputStream:75 - [STDERR_REDIRECT] 
2025-11-30 10:19:02,741 [ERROR] LogOutputStream:75 - [STDERR_REDIRECT] [Fatal Error] :1:1: Premature end of file.
2025-11-30 10:19:02,741 [ERROR] LogOutputStream:75 - [STDERR_REDIRECT] 
2025-11-30 10:19:03,743 [ERROR] LogOutputStream:75 - [STDERR_REDIRECT] [Fatal Error] :1:1: Premature end of file.
2025-11-30 10:19:03,743 [ERROR] LogOutputStream:75 - [STDERR_REDIRECT] 
2025-11-30 10:19:04,734 [ERROR] LogOutputStream:75 - [STDERR_REDIRECT] [Fatal Error] :1:1: Premature end of file.
2025-11-30 10:19:04,735 [ERROR] LogOutputStream:75 - [STDERR_REDIRECT] 
2025-11-30 10:19:05,741 [ERROR] LogOutputStream:75 - [STDERR_REDIRECT] [Fatal Error] :1:1: Premature end of file.
2025-11-30 10:19:05,741 [ERROR] LogOutputStream:75 - [STDERR_REDIRECT] 
2025-11-30 10:19:06,732 [ERROR] LogOutputStream:75 - [STDERR_REDIRECT] [Fatal Error] :1:1: Premature end of file.
2025-11-30 10:19:06,732 [ERROR] LogOutputStream:75 - [STDERR_REDIRECT] 
2025-11-30 10:19:07,744 [ERROR] LogOutputStream:75 - [STDERR_REDIRECT] [Fatal Error] :1:1: Premature end of file.
2025-11-30 10:19:07,744 [ERROR] LogOutputStream:75 - [STDERR_REDIRECT] 
2025-11-30 10:19:08,728 [ERROR] LogOutputStream:75 - [STDERR_REDIRECT] [Fatal Error] :1:1: Premature end of file.
2025-11-30 10:19:08,728 [ERROR] LogOutputStream:75 - [STDERR_REDIRECT] 
2025-11-30 10:19:09,727 [ERROR] LogOutputStream:75 - [STDERR_REDIRECT] [Fatal Error] :1:1: Premature end of file.
2025-11-30 10:19:09,727 [ERROR] LogOutputStream:75 - [STDERR_REDIRECT] 
2025-11-30 10:19:10,764 [ERROR] LogOutputStream:75 - [STDERR_REDIRECT] [Fatal Error] :1:1: Premature end of file.
2025-11-30 10:19:10,764 [ERROR] LogOutputStream:75 - [STDERR_REDIRECT] 
2025-11-30 10:19:11,744 [ERROR] LogOutputStream:75 - [STDERR_REDIRECT] [Fatal Error] :1:1: Premature end of file.
2025-11-30 10:19:11,744 [ERROR] LogOutputStream:75 - [STDERR_REDIRECT] 
2025-11-30 10:19:12,749 [ERROR] LogOutputStream:75 - [STDERR_REDIRECT] [Fatal Error] :1:1: Premature end of file.
2025-11-30 10:19:12,749 [ERROR] LogOutputStream:75 - [STDERR_REDIRECT] 
2025-11-30 10:19:13,740 [ERROR] LogOutputStream:75 - [STDERR_REDIRECT] [Fatal Error] :1:1: Premature end of file.
2025-11-30 10:19:13,741 [ERROR] LogOutputStream:75 - [STDERR_REDIRECT] 
2025-11-30 10:19:14,727 [ERROR] LogOutputStream:75 - [STDERR_REDIRECT] [Fatal Error] :1:1: Premature end of file.
2025-11-30 10:19:14,728 [ERROR] LogOutputStream:75 - [STDERR_REDIRECT] 
2025-11-30 10:19:15,733 [ERROR] LogOutputStream:75 - [STDERR_REDIRECT] [Fatal Error] :1:1: Premature end of file.
2025-11-30 10:19:15,733 [ERROR] LogOutputStream:75 - [STDERR_REDIRECT] 
2025-11-30 10:19:16,737 [ERROR] LogOutputStream:75 - [STDERR_REDIRECT] [Fatal Error] :1:1: Premature end of file.
2025-11-30 10:19:16,737 [ERROR] LogOutputStream:75 - [STDERR_REDIRECT] 
2025-11-30 10:19:17,728 [ERROR] LogOutputStream:75 - [STDERR_REDIRECT] [Fatal Error] :1:1: Premature end of file.
2025-11-30 10:19:17,728 [ERROR] LogOutputStream:75 - [STDERR_REDIRECT] 
2025-11-30 10:19:18,775 [ERROR] LogOutputStream:75 - [STDERR_REDIRECT] [Fatal Error] :1:1: Premature end of file.
2025-11-30 10:19:18,775 [ERROR] LogOutputStream:75 - [STDERR_REDIRECT] 
2025-11-30 10:19:19,738 [ERROR] LogOutputStream:75 - [STDERR_REDIRECT] [Fatal Error] :1:1: Premature end of file.
2025-11-30 10:19:19,738 [ERROR] LogOutputStream:75 - [STDERR_REDIRECT] 
2025-11-30 10:19:20,728 [ERROR] LogOutputStream:75 - [STDERR_REDIRECT] [Fatal Error] :1:1: Premature end of file.
2025-11-30 10:19:20,728 [ERROR] LogOutputStream:75 - [STDERR_REDIRECT] 
2025-11-30 10:19:21,726 [ERROR] LogOutputStream:75 - [STDERR_REDIRECT] [Fatal Error] :1:1: Premature end of file.
2025-11-30 10:19:21,727 [ERROR] LogOutputStream:75 - [STDERR_REDIRECT] 
2025-11-30 10:19:22,739 [ERROR] LogOutputStream:75 - [STDERR_REDIRECT] [Fatal Error] :1:1: Premature end of file.
2025-11-30 10:19:22,739 [ERROR] LogOutputStream:75 - [STDERR_REDIRECT] 
2025-11-30 10:19:23,748 [ERROR] LogOutputStream:75 - [STDERR_REDIRECT] [Fatal Error] :1:1: Premature end of file.
2025-11-30 10:19:23,748 [ERROR] LogOutputStream:75 - [STDERR_REDIRECT] 
2025-11-30 10:19:24,746 [ERROR] LogOutputStream:75 - [STDERR_REDIRECT] [Fatal Error] :1:1: Premature end of file.
2025-11-30 10:19:24,746 [ERROR] LogOutputStream:75 - [STDERR_REDIRECT] 
2025-11-30 10:19:25,742 [ERROR] LogOutputStream:75 - [STDERR_REDIRECT] [Fatal Error] :1:1: Premature end of file.
2025-11-30 10:19:25,742 [ERROR] LogOutputStream:75 - [STDERR_REDIRECT] 
2025-11-30 10:19:26,733 [ERROR] LogOutputStream:75 - [STDERR_REDIRECT] [Fatal Error] :1:1: Premature end of file.
2025-11-30 10:19:26,733 [ERROR] LogOutputStream:75 - [STDERR_REDIRECT] 
2025-11-30 10:19:27,744 [ERROR] LogOutputStream:75 - [STDERR_REDIRECT] [Fatal Error] :1:1: Premature end of file.
2025-11-30 10:19:27,744 [ERROR] LogOutputStream:75 - [STDERR_REDIRECT] 
2025-11-30 10:19:28,742 [ERROR] LogOutputStream:75 - [STDERR_REDIRECT] [Fatal Error] :1:1: Premature end of file.
2025-11-30 10:19:28,742 [ERROR] LogOutputStream:75 - [STDERR_REDIRECT] 
2025-11-30 10:19:29,739 [ERROR] LogOutputStream:75 - [STDERR_REDIRECT] [Fatal Error] :1:1: Premature end of file.
2025-11-30 10:19:29,739 [ERROR] LogOutputStream:75 - [STDERR_REDIRECT] 
2025-11-30 10:19:30,748 [ERROR] LogOutputStream:75 - [STDERR_REDIRECT] [Fatal Error] :1:1: Premature end of file.
2025-11-30 10:19:30,748 [ERROR] LogOutputStream:75 - [STDERR_REDIRECT] 
2025-11-30 10:19:31,738 [ERROR] LogOutputStream:75 - [STDERR_REDIRECT] [Fatal Error] :1:1: Premature end of file.
2025-11-30 10:19:31,738 [ERROR] LogOutputStream:75 - [STDERR_REDIRECT] 
2025-11-30 10:19:32,735 [ERROR] LogOutputStream:75 - [STDERR_REDIRECT] [Fatal Error] :1:1: Premature end of file.
2025-11-30 10:19:32,735 [ERROR] LogOutputStream:75 - [STDERR_REDIRECT] 
2025-11-30 10:19:33,756 [ERROR] LogOutputStream:75 - [STDERR_REDIRECT] [Fatal Error] :1:1: Premature end of file.
2025-11-30 10:19:33,756 [ERROR] LogOutputStream:75 - [STDERR_REDIRECT] 
2025-11-30 10:19:34,742 [ERROR] LogOutputStream:75 - [STDERR_REDIRECT] [Fatal Error] :1:1: Premature end of file.
2025-11-30 10:19:34,742 [ERROR] LogOutputStream:75 - [STDERR_REDIRECT] 
2025-11-30 10:19:35,742 [ERROR] LogOutputStream:75 - [STDERR_REDIRECT] [Fatal Error] :1:1: Premature end of file.
2025-11-30 10:19:35,742 [ERROR] LogOutputStream:75 - [STDERR_REDIRECT] 
2025-11-30 10:19:36,744 [ERROR] LogOutputStream:75 - [STDERR_REDIRECT] [Fatal Error] :1:1: Premature end of file.
2025-11-30 10:19:36,744 [ERROR] LogOutputStream:75 - [STDERR_REDIRECT] 
2025-11-30 10:19:37,739 [ERROR] LogOutputStream:75 - [STDERR_REDIRECT] [Fatal Error] :1:1: Premature end of file.
2025-11-30 10:19:37,739 [ERROR] LogOutputStream:75 - [STDERR_REDIRECT] 
2025-11-30 10:19:38,740 [ERROR] LogOutputStream:75 - [STDERR_REDIRECT] [Fatal Error] :1:1: Premature end of file.
2025-11-30 10:19:38,740 [ERROR] LogOutputStream:75 - [STDERR_REDIRECT] 
2025-11-30 10:19:39,728 [ERROR] LogOutputStream:75 - [STDERR_REDIRECT] [Fatal Error] :1:1: Premature end of file.
2025-11-30 10:19:39,728 [ERROR] LogOutputStream:75 - [STDERR_REDIRECT] 
2025-11-30 10:19:40,732 [ERROR] LogOutputStream:75 - [STDERR_REDIRECT] [Fatal Error] :1:1: Premature end of file.
2025-11-30 10:19:40,732 [ERROR] LogOutputStream:75 - [STDERR_REDIRECT] 
2025-11-30 10:19:41,732 [ERROR] LogOutputStream:75 - [STDERR_REDIRECT] [Fatal Error] :1:1: Premature end of file.
2025-11-30 10:19:41,732 [ERROR] LogOutputStream:75 - [STDERR_REDIRECT] 
2025-11-30 10:19:42,754 [ERROR] LogOutputStream:75 - [STDERR_REDIRECT] [Fatal Error] :1:1: Premature end of file.
2025-11-30 10:19:42,754 [ERROR] LogOutputStream:75 - [STDERR_REDIRECT] 
2025-11-30 10:19:43,747 [ERROR] LogOutputStream:75 - [STDERR_REDIRECT] [Fatal Error] :1:1: Premature end of file.
2025-11-30 10:19:43,747 [ERROR] LogOutputStream:75 - [STDERR_REDIRECT] 
2025-11-30 10:19:44,737 [ERROR] LogOutputStream:75 - [STDERR_REDIRECT] [Fatal Error] :1:1: Premature end of file.
2025-11-30 10:19:44,737 [ERROR] LogOutputStream:75 - [STDERR_REDIRECT] 
2025-11-30 10:19:45,736 [ERROR] LogOutputStream:75 - [STDERR_REDIRECT] [Fatal Error] :1:1: Premature end of file.
2025-11-30 10:19:45,736 [ERROR] LogOutputStream:75 - [STDERR_REDIRECT] 
2025-11-30 10:19:46,738 [ERROR] LogOutputStream:75 - [STDERR_REDIRECT] [Fatal Error] :1:1: Premature end of file.
2025-11-30 10:19:46,738 [ERROR] LogOutputStream:75 - [STDERR_REDIRECT] 
2025-11-30 10:19:47,731 [ERROR] LogOutputStream:75 - [STDERR_REDIRECT] [Fatal Error] :1:1: Premature end of file.
2025-11-30 10:19:47,732 [ERROR] LogOutputStream:75 - [STDERR_REDIRECT] 
2025-11-30 10:19:48,738 [ERROR] LogOutputStream:75 - [STDERR_REDIRECT] [Fatal Error] :1:1: Premature end of file.
2025-11-30 10:19:48,738 [ERROR] LogOutputStream:75 - [STDERR_REDIRECT] 
2025-11-30 10:19:49,731 [ERROR] LogOutputStream:75 - [STDERR_REDIRECT] [Fatal Error] :1:1: Premature end of file.
2025-11-30 10:19:49,732 [ERROR] LogOutputStream:75 - [STDERR_REDIRECT] 
2025-11-30 10:19:50,730 [ERROR] LogOutputStream:75 - [STDERR_REDIRECT] [Fatal Error] :1:1: Premature end of file.
2025-11-30 10:19:50,730 [ERROR] LogOutputStream:75 - [STDERR_REDIRECT] 
2025-11-30 10:19:51,734 [ERROR] LogOutputStream:75 - [STDERR_REDIRECT] [Fatal Error] :1:1: Premature end of file.
2025-11-30 10:19:51,734 [ERROR] LogOutputStream:75 - [STDERR_REDIRECT] 
2025-11-30 10:19:52,754 [ERROR] LogOutputStream:75 - [STDERR_REDIRECT] [Fatal Error] :1:1: Premature end of file.
2025-11-30 10:19:52,754 [ERROR] LogOutputStream:75 - [STDERR_REDIRECT] 
2025-11-30 10:19:53,739 [ERROR] LogOutputStream:75 - [STDERR_REDIRECT] [Fatal Error] :1:1: Premature end of file.
2025-11-30 10:19:53,739 [ERROR] LogOutputStream:75 - [STDERR_REDIRECT] 
2025-11-30 10:19:54,749 [ERROR] LogOutputStream:75 - [STDERR_REDIRECT] [Fatal Error] :1:1: Premature end of file.
2025-11-30 10:19:54,749 [ERROR] LogOutputStream:75 - [STDERR_REDIRECT] 
2025-11-30 10:19:55,753 [ERROR] LogOutputStream:75 - [STDERR_REDIRECT] [Fatal Error] :1:1: Premature end of file.
2025-11-30 10:19:55,753 [ERROR] LogOutputStream:75 - [STDERR_REDIRECT] 
2025-11-30 10:19:56,736 [ERROR] LogOutputStream:75 - [STDERR_REDIRECT] [Fatal Error] :1:1: Premature end of file.
2025-11-30 10:19:56,736 [ERROR] LogOutputStream:75 - [STDERR_REDIRECT] 
2025-11-30 10:19:57,735 [ERROR] LogOutputStream:75 - [STDERR_REDIRECT] [Fatal Error] :1:1: Premature end of file.
2025-11-30 10:19:57,735 [ERROR] LogOutputStream:75 - [STDERR_REDIRECT] 
2025-11-30 10:19:58,736 [ERROR] LogOutputStream:75 - [STDERR_REDIRECT] [Fatal Error] :1:1: Premature end of file.
2025-11-30 10:19:58,736 [ERROR] LogOutputStream:75 - [STDERR_REDIRECT] 
2025-11-30 10:19:59,733 [ERROR] LogOutputStream:75 - [STDERR_REDIRECT] [Fatal Error] :1:1: Premature end of file.
2025-11-30 10:19:59,733 [ERROR] LogOutputStream:75 - [STDERR_REDIRECT] 
2025-11-30 10:20:00,773 [ERROR] LogOutputStream:75 - [STDERR_REDIRECT] [Fatal Error] :1:1: Premature end of file.
2025-11-30 10:20:00,773 [ERROR] LogOutputStream:75 - [STDERR_REDIRECT] 
2025-11-30 10:20:01,743 [ERROR] LogOutputStream:75 - [STDERR_REDIRECT] [Fatal Error] :1:1: Premature end of file.
2025-11-30 10:20:01,743 [ERROR] LogOutputStream:75 - [STDERR_REDIRECT] 
2025-11-30 10:20:02,726 [ERROR] LogOutputStream:75 - [STDERR_REDIRECT] [Fatal Error] :1:1: Premature end of file.
2025-11-30 10:20:02,726 [ERROR] LogOutputStream:75 - [STDERR_REDIRECT] 
2025-11-30 10:20:03,740 [ERROR] LogOutputStream:75 - [STDERR_REDIRECT] [Fatal Error] :1:1: Premature end of file.
2025-11-30 10:20:03,740 [ERROR] LogOutputStream:75 - [STDERR_REDIRECT] 
2025-11-30 10:20:04,739 [ERROR] LogOutputStream:75 - [STDERR_REDIRECT] [Fatal Error] :1:1: Premature end of file.
2025-11-30 10:20:04,739 [ERROR] LogOutputStream:75 - [STDERR_REDIRECT] 
2025-11-30 10:20:05,778 [ERROR] LogOutputStream:75 - [STDERR_REDIRECT] [Fatal Error] :1:1: Premature end of file.
2025-11-30 10:20:05,778 [ERROR] LogOutputStream:75 - [STDERR_REDIRECT] 
2025-11-30 10:20:06,751 [ERROR] LogOutputStream:75 - [STDERR_REDIRECT] [Fatal Error] :1:1: Premature end of file.
2025-11-30 10:20:06,751 [ERROR] LogOutputStream:75 - [STDERR_REDIRECT] 
2025-11-30 10:20:07,768 [ERROR] LogOutputStream:75 - [STDERR_REDIRECT] [Fatal Error] :1:1: Premature end of file.
2025-11-30 10:20:07,768 [ERROR] LogOutputStream:75 - [STDERR_REDIRECT] 
2025-11-30 10:20:08,759 [ERROR] LogOutputStream:75 - [STDERR_REDIRECT] [Fatal Error] :1:1: Premature end of file.
2025-11-30 10:20:08,759 [ERROR] LogOutputStream:75 - [STDERR_REDIRECT] 
2025-11-30 10:20:09,743 [ERROR] LogOutputStream:75 - [STDERR_REDIRECT] [Fatal Error] :1:1: Premature end of file.
2025-11-30 10:20:09,743 [ERROR] LogOutputStream:75 - [STDERR_REDIRECT] 
2025-11-30 10:20:10,763 [ERROR] LogOutputStream:75 - [STDERR_REDIRECT] [Fatal Error] :1:1: Premature end of file.
2025-11-30 10:20:10,763 [ERROR] LogOutputStream:75 - [STDERR_REDIRECT] 
2025-11-30 10:20:11,780 [ERROR] LogOutputStream:75 - [STDERR_REDIRECT] [Fatal Error] :1:1: Premature end of file.
2025-11-30 10:20:11,780 [ERROR] LogOutputStream:75 - [STDERR_REDIRECT] 
2025-11-30 10:20:12,765 [ERROR] LogOutputStream:75 - [STDERR_REDIRECT] [Fatal Error] :1:1: Premature end of file.
2025-11-30 10:20:12,765 [ERROR] LogOutputStream:75 - [STDERR_REDIRECT] 
2025-11-30 10:20:13,770 [ERROR] LogOutputStream:75 - [STDERR_REDIRECT] [Fatal Error] :1:1: Premature end of file.
2025-11-30 10:20:13,770 [ERROR] LogOutputStream:75 - [STDERR_REDIRECT] 
2025-11-30 10:20:14,736 [ERROR] LogOutputStream:75 - [STDERR_REDIRECT] [Fatal Error] :1:1: Premature end of file.
2025-11-30 10:20:14,736 [ERROR] LogOutputStream:75 - [STDERR_REDIRECT] 
2025-11-30 10:20:15,772 [ERROR] LogOutputStream:75 - [STDERR_REDIRECT] [Fatal Error] :1:1: Premature end of file.
2025-11-30 10:20:15,772 [ERROR] LogOutputStream:75 - [STDERR_REDIRECT] 
2025-11-30 10:20:16,745 [ERROR] LogOutputStream:75 - [STDERR_REDIRECT] [Fatal Error] :1:1: Premature end of file.
2025-11-30 10:20:16,745 [ERROR] LogOutputStream:75 - [STDERR_REDIRECT] 
2025-11-30 10:20:17,733 [ERROR] LogOutputStream:75 - [STDERR_REDIRECT] [Fatal Error] :1:1: Premature end of file.
2025-11-30 10:20:17,733 [ERROR] LogOutputStream:75 - [STDERR_REDIRECT] 
2025-11-30 10:20:18,745 [ERROR] LogOutputStream:75 - [STDERR_REDIRECT] [Fatal Error] :1:1: Premature end of file.
2025-11-30 10:20:18,745 [ERROR] LogOutputStream:75 - [STDERR_REDIRECT] 
2025-11-30 10:20:19,732 [ERROR] LogOutputStream:75 - [STDERR_REDIRECT] [Fatal Error] :1:1: Premature end of file.
2025-11-30 10:20:19,732 [ERROR] LogOutputStream:75 - [STDERR_REDIRECT] 
2025-11-30 10:20:20,773 [ERROR] LogOutputStream:75 - [STDERR_REDIRECT] [Fatal Error] :1:1: Premature end of file.
2025-11-30 10:20:20,773 [ERROR] LogOutputStream:75 - [STDERR_REDIRECT] 
2025-11-30 10:20:21,745 [ERROR] LogOutputStream:75 - [STDERR_REDIRECT] [Fatal Error] :1:1: Premature end of file.
2025-11-30 10:20:21,745 [ERROR] LogOutputStream:75 - [STDERR_REDIRECT] 
2025-11-30 10:20:22,762 [ERROR] LogOutputStream:75 - [STDERR_REDIRECT] [Fatal Error] :1:1: Premature end of file.
2025-11-30 10:20:22,762 [ERROR] LogOutputStream:75 - [STDERR_REDIRECT] 
2025-11-30 10:20:23,730 [ERROR] LogOutputStream:75 - [STDERR_REDIRECT] [Fatal Error] :1:1: Premature end of file.
2025-11-30 10:20:23,730 [ERROR] LogOutputStream:75 - [STDERR_REDIRECT] 
2025-11-30 10:20:24,768 [ERROR] LogOutputStream:75 - [STDERR_REDIRECT] [Fatal Error] :1:1: Premature end of file.
2025-11-30 10:20:24,768 [ERROR] LogOutputStream:75 - [STDERR_REDIRECT] 
2025-11-30 10:20:25,735 [ERROR] LogOutputStream:75 - [STDERR_REDIRECT] [Fatal Error] :1:1: Premature end of file.
2025-11-30 10:20:25,736 [ERROR] LogOutputStream:75 - [STDERR_REDIRECT] 
2025-11-30 10:20:26,741 [ERROR] LogOutputStream:75 - [STDERR_REDIRECT] [Fatal Error] :1:1: Premature end of file.
2025-11-30 10:20:26,741 [ERROR] LogOutputStream:75 - [STDERR_REDIRECT] 
2025-11-30 10:20:27,740 [ERROR] LogOutputStream:75 - [STDERR_REDIRECT] [Fatal Error] :1:1: Premature end of file.
2025-11-30 10:20:27,740 [ERROR] LogOutputStream:75 - [STDERR_REDIRECT] 
2025-11-30 10:20:28,740 [ERROR] LogOutputStream:75 - [STDERR_REDIRECT] [Fatal Error] :1:1: Premature end of file.
2025-11-30 10:20:28,740 [ERROR] LogOutputStream:75 - [STDERR_REDIRECT] 
2025-11-30 10:20:29,725 [ERROR] LogOutputStream:75 - [STDERR_REDIRECT] [Fatal Error] :1:1: Premature end of file.
2025-11-30 10:20:29,725 [ERROR] LogOutputStream:75 - [STDERR_REDIRECT] 
2025-11-30 10:20:30,769 [ERROR] LogOutputStream:75 - [STDERR_REDIRECT] [Fatal Error] :1:1: Premature end of file.
2025-11-30 10:20:30,769 [ERROR] LogOutputStream:75 - [STDERR_REDIRECT] 
2025-11-30 10:20:31,737 [ERROR] LogOutputStream:75 - [STDERR_REDIRECT] [Fatal Error] :1:1: Premature end of file.
2025-11-30 10:20:31,737 [ERROR] LogOutputStream:75 - [STDERR_REDIRECT] 
2025-11-30 10:20:32,751 [ERROR] LogOutputStream:75 - [STDERR_REDIRECT] [Fatal Error] :1:1: Premature end of file.
2025-11-30 10:20:32,752 [ERROR] LogOutputStream:75 - [STDERR_REDIRECT] 
2025-11-30 10:20:33,734 [ERROR] LogOutputStream:75 - [STDERR_REDIRECT] [Fatal Error] :1:1: Premature end of file.
2025-11-30 10:20:33,734 [ERROR] LogOutputStream:75 - [STDERR_REDIRECT] 
2025-11-30 10:20:34,730 [ERROR] LogOutputStream:75 - [STDERR_REDIRECT] [Fatal Error] :1:1: Premature end of file.
2025-11-30 10:20:34,730 [ERROR] LogOutputStream:75 - [STDERR_REDIRECT] 
2025-11-30 10:20:35,745 [ERROR] LogOutputStream:75 - [STDERR_REDIRECT] [Fatal Error] :1:1: Premature end of file.
2025-11-30 10:20:35,745 [ERROR] LogOutputStream:75 - [STDERR_REDIRECT] 
2025-11-30 10:20:36,738 [ERROR] LogOutputStream:75 - [STDERR_REDIRECT] [Fatal Error] :1:1: Premature end of file.
2025-11-30 10:20:36,738 [ERROR] LogOutputStream:75 - [STDERR_REDIRECT] 
2025-11-30 10:20:37,747 [ERROR] LogOutputStream:75 - [STDERR_REDIRECT] [Fatal Error] :1:1: Premature end of file.
2025-11-30 10:20:37,747 [ERROR] LogOutputStream:75 - [STDERR_REDIRECT] 
2025-11-30 10:20:38,740 [ERROR] LogOutputStream:75 - [STDERR_REDIRECT] [Fatal Error] :1:1: Premature end of file.
2025-11-30 10:20:38,740 [ERROR] LogOutputStream:75 - [STDERR_REDIRECT] 
2025-11-30 10:20:39,772 [ERROR] LogOutputStream:75 - [STDERR_REDIRECT] [Fatal Error] :1:1: Premature end of file.
2025-11-30 10:20:39,772 [ERROR] LogOutputStream:75 - [STDERR_REDIRECT] 
2025-11-30 10:20:40,758 [ERROR] LogOutputStream:75 - [STDERR_REDIRECT] [Fatal Error] :1:1: Premature end of file.
2025-11-30 10:20:40,758 [ERROR] LogOutputStream:75 - [STDERR_REDIRECT] 
2025-11-30 10:20:41,744 [ERROR] LogOutputStream:75 - [STDERR_REDIRECT] [Fatal Error] :1:1: Premature end of file.
2025-11-30 10:20:41,744 [ERROR] LogOutputStream:75 - [STDERR_REDIRECT] 
2025-11-30 10:20:42,728 [ERROR] LogOutputStream:75 - [STDERR_REDIRECT] [Fatal Error] :1:1: Premature end of file.
2025-11-30 10:20:42,728 [ERROR] LogOutputStream:75 - [STDERR_REDIRECT] 
2025-11-30 10:20:43,741 [ERROR] LogOutputStream:75 - [STDERR_REDIRECT] [Fatal Error] :1:1: Premature end of file.
2025-11-30 10:20:43,741 [ERROR] LogOutputStream:75 - [STDERR_REDIRECT] 
2025-11-30 10:20:44,741 [ERROR] LogOutputStream:75 - [STDERR_REDIRECT] [Fatal Error] :1:1: Premature end of file.
2025-11-30 10:20:44,741 [ERROR] LogOutputStream:75 - [STDERR_REDIRECT] 
2025-11-30 10:20:45,743 [ERROR] LogOutputStream:75 - [STDERR_REDIRECT] [Fatal Error] :1:1: Premature end of file.
2025-11-30 10:20:45,743 [ERROR] LogOutputStream:75 - [STDERR_REDIRECT] 
2025-11-30 10:20:46,747 [ERROR] LogOutputStream:75 - [STDERR_REDIRECT] [Fatal Error] :1:1: Premature end of file.
2025-11-30 10:20:46,747 [ERROR] LogOutputStream:75 - [STDERR_REDIRECT] 
2025-11-30 10:20:47,736 [ERROR] LogOutputStream:75 - [STDERR_REDIRECT] [Fatal Error] :1:1: Premature end of file.
2025-11-30 10:20:47,736 [ERROR] LogOutputStream:75 - [STDERR_REDIRECT] 
2025-11-30 10:20:48,736 [ERROR] LogOutputStream:75 - [STDERR_REDIRECT] [Fatal Error] :1:1: Premature end of file.
2025-11-30 10:20:48,736 [ERROR] LogOutputStream:75 - [STDERR_REDIRECT] 
2025-11-30 10:20:49,754 [ERROR] LogOutputStream:75 - [STDERR_REDIRECT] [Fatal Error] :1:1: Premature end of file.
2025-11-30 10:20:49,754 [ERROR] LogOutputStream:75 - [STDERR_REDIRECT] 
2025-11-30 10:20:50,746 [ERROR] LogOutputStream:75 - [STDERR_REDIRECT] [Fatal Error] :1:1: Premature end of file.
2025-11-30 10:20:50,746 [ERROR] LogOutputStream:75 - [STDERR_REDIRECT] 
2025-11-30 10:20:51,735 [ERROR] LogOutputStream:75 - [STDERR_REDIRECT] [Fatal Error] :1:1: Premature end of file.
2025-11-30 10:20:51,735 [ERROR] LogOutputStream:75 - [STDERR_REDIRECT] 
2025-11-30 10:20:52,737 [ERROR] LogOutputStream:75 - [STDERR_REDIRECT] [Fatal Error] :1:1: Premature end of file.
2025-11-30 10:20:52,738 [ERROR] LogOutputStream:75 - [STDERR_REDIRECT] 
2025-11-30 10:20:53,738 [ERROR] LogOutputStream:75 - [STDERR_REDIRECT] [Fatal Error] :1:1: Premature end of file.
2025-11-30 10:20:53,739 [ERROR] LogOutputStream:75 - [STDERR_REDIRECT] 
2025-11-30 10:20:54,752 [ERROR] LogOutputStream:75 - [STDERR_REDIRECT] [Fatal Error] :1:1: Premature end of file.
2025-11-30 10:20:54,752 [ERROR] LogOutputStream:75 - [STDERR_REDIRECT] 
2025-11-30 10:20:55,734 [ERROR] LogOutputStream:75 - [STDERR_REDIRECT] [Fatal Error] :1:1: Premature end of file.
2025-11-30 10:20:55,734 [ERROR] LogOutputStream:75 - [STDERR_REDIRECT] 
2025-11-30 10:20:56,731 [ERROR] LogOutputStream:75 - [STDERR_REDIRECT] [Fatal Error] :1:1: Premature end of file.
2025-11-30 10:20:56,731 [ERROR] LogOutputStream:75 - [STDERR_REDIRECT] 
2025-11-30 10:20:57,744 [ERROR] LogOutputStream:75 - [STDERR_REDIRECT] [Fatal Error] :1:1: Premature end of file.
2025-11-30 10:20:57,744 [ERROR] LogOutputStream:75 - [STDERR_REDIRECT] 
2025-11-30 10:20:58,753 [ERROR] LogOutputStream:75 - [STDERR_REDIRECT] [Fatal Error] :1:1: Premature end of file.
2025-11-30 10:20:58,753 [ERROR] LogOutputStream:75 - [STDERR_REDIRECT] 
2025-11-30 10:20:59,735 [ERROR] LogOutputStream:75 - [STDERR_REDIRECT] [Fatal Error] :1:1: Premature end of file.
2025-11-30 10:20:59,735 [ERROR] LogOutputStream:75 - [STDERR_REDIRECT] 
2025-11-30 10:21:00,741 [ERROR] LogOutputStream:75 - [STDERR_REDIRECT] [Fatal Error] :1:1: Premature end of file.
2025-11-30 10:21:00,741 [ERROR] LogOutputStream:75 - [STDERR_REDIRECT] 
2025-11-30 10:21:01,732 [ERROR] LogOutputStream:75 - [STDERR_REDIRECT] [Fatal Error] :1:1: Premature end of file.
2025-11-30 10:21:01,732 [ERROR] LogOutputStream:75 - [STDERR_REDIRECT] 
2025-11-30 10:21:02,738 [ERROR] LogOutputStream:75 - [STDERR_REDIRECT] [Fatal Error] :1:1: Premature end of file.
2025-11-30 10:21:02,738 [ERROR] LogOutputStream:75 - [STDERR_REDIRECT] 
2025-11-30 10:21:03,751 [ERROR] LogOutputStream:75 - [STDERR_REDIRECT] [Fatal Error] :1:1: Premature end of file.
2025-11-30 10:21:03,751 [ERROR] LogOutputStream:75 - [STDERR_REDIRECT] 
2025-11-30 10:21:04,738 [ERROR] LogOutputStream:75 - [STDERR_REDIRECT] [Fatal Error] :1:1: Premature end of file.
2025-11-30 10:21:04,738 [ERROR] LogOutputStream:75 - [STDERR_REDIRECT] 
2025-11-30 10:21:05,742 [ERROR] LogOutputStream:75 - [STDERR_REDIRECT] [Fatal Error] :1:1: Premature end of file.
2025-11-30 10:21:05,742 [ERROR] LogOutputStream:75 - [STDERR_REDIRECT] 
2025-11-30 10:21:06,732 [ERROR] LogOutputStream:75 - [STDERR_REDIRECT] [Fatal Error] :1:1: Premature end of file.
2025-11-30 10:21:06,733 [ERROR] LogOutputStream:75 - [STDERR_REDIRECT] 
2025-11-30 10:21:07,736 [ERROR] LogOutputStream:75 - [STDERR_REDIRECT] [Fatal Error] :1:1: Premature end of file.
2025-11-30 10:21:07,736 [ERROR] LogOutputStream:75 - [STDERR_REDIRECT] 
2025-11-30 10:21:08,738 [ERROR] LogOutputStream:75 - [STDERR_REDIRECT] [Fatal Error] :1:1: Premature end of file.
2025-11-30 10:21:08,738 [ERROR] LogOutputStream:75 - [STDERR_REDIRECT] 
2025-11-30 10:21:09,726 [ERROR] LogOutputStream:75 - [STDERR_REDIRECT] [Fatal Error] :1:1: Premature end of file.
2025-11-30 10:21:09,726 [ERROR] LogOutputStream:75 - [STDERR_REDIRECT] 
2025-11-30 10:21:10,729 [ERROR] LogOutputStream:75 - [STDERR_REDIRECT] [Fatal Error] :1:1: Premature end of file.
2025-11-30 10:21:10,730 [ERROR] LogOutputStream:75 - [STDERR_REDIRECT] 
2025-11-30 10:21:11,729 [ERROR] LogOutputStream:75 - [STDERR_REDIRECT] [Fatal Error] :1:1: Premature end of file.
2025-11-30 10:21:11,729 [ERROR] LogOutputStream:75 - [STDERR_REDIRECT] 
2025-11-30 10:21:12,729 [ERROR] LogOutputStream:75 - [STDERR_REDIRECT] [Fatal Error] :1:1: Premature end of file.
2025-11-30 10:21:12,731 [ERROR] LogOutputStream:75 - [STDERR_REDIRECT] 
2025-11-30 10:21:13,781 [ERROR] LogOutputStream:75 - [STDERR_REDIRECT] [Fatal Error] :1:1: Premature end of file.
2025-11-30 10:21:13,781 [ERROR] LogOutputStream:75 - [STDERR_REDIRECT] 
2025-11-30 10:21:14,746 [ERROR] LogOutputStream:75 - [STDERR_REDIRECT] [Fatal Error] :1:1: Premature end of file.
2025-11-30 10:21:14,746 [ERROR] LogOutputStream:75 - [STDERR_REDIRECT] 
2025-11-30 10:21:15,756 [ERROR] LogOutputStream:75 - [STDERR_REDIRECT] [Fatal Error] :1:1: Premature end of file.
2025-11-30 10:21:15,756 [ERROR] LogOutputStream:75 - [STDERR_REDIRECT] 
2025-11-30 10:21:16,771 [ERROR] LogOutputStream:75 - [STDERR_REDIRECT] [Fatal Error] :1:1: Premature end of file.
2025-11-30 10:21:16,771 [ERROR] LogOutputStream:75 - [STDERR_REDIRECT] 
2025-11-30 10:21:17,734 [ERROR] LogOutputStream:75 - [STDERR_REDIRECT] [Fatal Error] :1:1: Premature end of file.
2025-11-30 10:21:17,734 [ERROR] LogOutputStream:75 - [STDERR_REDIRECT] 
2025-11-30 10:21:18,736 [ERROR] LogOutputStream:75 - [STDERR_REDIRECT] [Fatal Error] :1:1: Premature end of file.
2025-11-30 10:21:18,736 [ERROR] LogOutputStream:75 - [STDERR_REDIRECT] 
2025-11-30 10:21:19,734 [ERROR] LogOutputStream:75 - [STDERR_REDIRECT] [Fatal Error] :1:1: Premature end of file.
2025-11-30 10:21:19,734 [ERROR] LogOutputStream:75 - [STDERR_REDIRECT] 
2025-11-30 10:21:20,756 [ERROR] LogOutputStream:75 - [STDERR_REDIRECT] [Fatal Error] :1:1: Premature end of file.
2025-11-30 10:21:20,756 [ERROR] LogOutputStream:75 - [STDERR_REDIRECT] 
2025-11-30 10:21:21,741 [ERROR] LogOutputStream:75 - [STDERR_REDIRECT] [Fatal Error] :1:1: Premature end of file.
2025-11-30 10:21:21,741 [ERROR] LogOutputStream:75 - [STDERR_REDIRECT] 
2025-11-30 10:21:22,735 [ERROR] LogOutputStream:75 - [STDERR_REDIRECT] [Fatal Error] :1:1: Premature end of file.
2025-11-30 10:21:22,735 [ERROR] LogOutputStream:75 - [STDERR_REDIRECT] 
2025-11-30 10:21:23,749 [ERROR] LogOutputStream:75 - [STDERR_REDIRECT] [Fatal Error] :1:1: Premature end of file.
2025-11-30 10:21:23,749 [ERROR] LogOutputStream:75 - [STDERR_REDIRECT] 
2025-11-30 10:21:24,742 [ERROR] LogOutputStream:75 - [STDERR_REDIRECT] [Fatal Error] :1:1: Premature end of file.
2025-11-30 10:21:24,742 [ERROR] LogOutputStream:75 - [STDERR_REDIRECT] 
2025-11-30 10:21:25,755 [ERROR] LogOutputStream:75 - [STDERR_REDIRECT] [Fatal Error] :1:1: Premature end of file.
2025-11-30 10:21:25,755 [ERROR] LogOutputStream:75 - [STDERR_REDIRECT] 
2025-11-30 10:21:26,737 [ERROR] LogOutputStream:75 - [STDERR_REDIRECT] [Fatal Error] :1:1: Premature end of file.
2025-11-30 10:21:26,737 [ERROR] LogOutputStream:75 - [STDERR_REDIRECT] 
2025-11-30 10:21:27,745 [ERROR] LogOutputStream:75 - [STDERR_REDIRECT] [Fatal Error] :1:1: Premature end of file.
2025-11-30 10:21:27,745 [ERROR] LogOutputStream:75 - [STDERR_REDIRECT] 
2025-11-30 10:21:28,741 [ERROR] LogOutputStream:75 - [STDERR_REDIRECT] [Fatal Error] :1:1: Premature end of file.
2025-11-30 10:21:28,741 [ERROR] LogOutputStream:75 - [STDERR_REDIRECT] 
2025-11-30 10:21:29,746 [ERROR] LogOutputStream:75 - [STDERR_REDIRECT] [Fatal Error] :1:1: Premature end of file.
2025-11-30 10:21:29,746 [ERROR] LogOutputStream:75 - [STDERR_REDIRECT] 
2025-11-30 10:21:30,741 [ERROR] LogOutputStream:75 - [STDERR_REDIRECT] [Fatal Error] :1:1: Premature end of file.
2025-11-30 10:21:30,741 [ERROR] LogOutputStream:75 - [STDERR_REDIRECT] 
2025-11-30 10:21:31,757 [ERROR] LogOutputStream:75 - [STDERR_REDIRECT] [Fatal Error] :1:1: Premature end of file.
2025-11-30 10:21:31,757 [ERROR] LogOutputStream:75 - [STDERR_REDIRECT] 
2025-11-30 10:21:32,744 [ERROR] LogOutputStream:75 - [STDERR_REDIRECT] [Fatal Error] :1:1: Premature end of file.
2025-11-30 10:21:32,744 [ERROR] LogOutputStream:75 - [STDERR_REDIRECT] 
2025-11-30 10:21:33,748 [ERROR] LogOutputStream:75 - [STDERR_REDIRECT] [Fatal Error] :1:1: Premature end of file.
2025-11-30 10:21:33,748 [ERROR] LogOutputStream:75 - [STDERR_REDIRECT] 
2025-11-30 10:21:34,743 [ERROR] LogOutputStream:75 - [STDERR_REDIRECT] [Fatal Error] :1:1: Premature end of file.
2025-11-30 10:21:34,743 [ERROR] LogOutputStream:75 - [STDERR_REDIRECT] 
2025-11-30 10:21:35,729 [ERROR] LogOutputStream:75 - [STDERR_REDIRECT] [Fatal Error] :1:1: Premature end of file.
2025-11-30 10:21:35,729 [ERROR] LogOutputStream:75 - [STDERR_REDIRECT] 
2025-11-30 10:21:36,738 [ERROR] LogOutputStream:75 - [STDERR_REDIRECT] [Fatal Error] :1:1: Premature end of file.
2025-11-30 10:21:36,738 [ERROR] LogOutputStream:75 - [STDERR_REDIRECT] 
2025-11-30 10:21:37,735 [ERROR] LogOutputStream:75 - [STDERR_REDIRECT] [Fatal Error] :1:1: Premature end of file.
2025-11-30 10:21:37,735 [ERROR] LogOutputStream:75 - [STDERR_REDIRECT] 
2025-11-30 10:21:38,737 [ERROR] LogOutputStream:75 - [STDERR_REDIRECT] [Fatal Error] :1:1: Premature end of file.
2025-11-30 10:21:38,737 [ERROR] LogOutputStream:75 - [STDERR_REDIRECT] 
2025-11-30 10:21:39,746 [ERROR] LogOutputStream:75 - [STDERR_REDIRECT] [Fatal Error] :1:1: Premature end of file.
2025-11-30 10:21:39,746 [ERROR] LogOutputStream:75 - [STDERR_REDIRECT] 
2025-11-30 10:21:40,756 [ERROR] LogOutputStream:75 - [STDERR_REDIRECT] [Fatal Error] :1:1: Premature end of file.
2025-11-30 10:21:40,756 [ERROR] LogOutputStream:75 - [STDERR_REDIRECT] 
2025-11-30 10:21:41,748 [ERROR] LogOutputStream:75 - [STDERR_REDIRECT] [Fatal Error] :1:1: Premature end of file.
2025-11-30 10:21:41,748 [ERROR] LogOutputStream:75 - [STDERR_REDIRECT] 
2025-11-30 10:21:42,742 [ERROR] LogOutputStream:75 - [STDERR_REDIRECT] [Fatal Error] :1:1: Premature end of file.
2025-11-30 10:21:42,742 [ERROR] LogOutputStream:75 - [STDERR_REDIRECT] 
2025-11-30 10:21:43,750 [ERROR] LogOutputStream:75 - [STDERR_REDIRECT] [Fatal Error] :1:1: Premature end of file.
2025-11-30 10:21:43,750 [ERROR] LogOutputStream:75 - [STDERR_REDIRECT] 
2025-11-30 10:21:44,743 [ERROR] LogOutputStream:75 - [STDERR_REDIRECT] [Fatal Error] :1:1: Premature end of file.
2025-11-30 10:21:44,744 [ERROR] LogOutputStream:75 - [STDERR_REDIRECT] 
2025-11-30 10:21:45,749 [ERROR] LogOutputStream:75 - [STDERR_REDIRECT] [Fatal Error] :1:1: Premature end of file.
2025-11-30 10:21:45,749 [ERROR] LogOutputStream:75 - [STDERR_REDIRECT] 
2025-11-30 10:21:46,741 [ERROR] LogOutputStream:75 - [STDERR_REDIRECT] [Fatal Error] :1:1: Premature end of file.
2025-11-30 10:21:46,741 [ERROR] LogOutputStream:75 - [STDERR_REDIRECT] 
2025-11-30 10:21:47,750 [ERROR] LogOutputStream:75 - [STDERR_REDIRECT] [Fatal Error] :1:1: Premature end of file.
2025-11-30 10:21:47,750 [ERROR] LogOutputStream:75 - [STDERR_REDIRECT] 
2025-11-30 10:21:48,744 [ERROR] LogOutputStream:75 - [STDERR_REDIRECT] [Fatal Error] :1:1: Premature end of file.
2025-11-30 10:21:48,744 [ERROR] LogOutputStream:75 - [STDERR_REDIRECT] 
2025-11-30 10:21:49,739 [ERROR] LogOutputStream:75 - [STDERR_REDIRECT] [Fatal Error] :1:1: Premature end of file.
2025-11-30 10:21:49,739 [ERROR] LogOutputStream:75 - [STDERR_REDIRECT] 
2025-11-30 10:21:50,748 [ERROR] LogOutputStream:75 - [STDERR_REDIRECT] [Fatal Error] :1:1: Premature end of file.
2025-11-30 10:21:50,749 [ERROR] LogOutputStream:75 - [STDERR_REDIRECT] 
2025-11-30 10:21:51,742 [ERROR] LogOutputStream:75 - [STDERR_REDIRECT] [Fatal Error] :1:1: Premature end of file.
2025-11-30 10:21:51,742 [ERROR] LogOutputStream:75 - [STDERR_REDIRECT] 
2025-11-30 10:21:52,750 [ERROR] LogOutputStream:75 - [STDERR_REDIRECT] [Fatal Error] :1:1: Premature end of file.
2025-11-30 10:21:52,750 [ERROR] LogOutputStream:75 - [STDERR_REDIRECT] 
2025-11-30 10:21:53,741 [ERROR] LogOutputStream:75 - [STDERR_REDIRECT] [Fatal Error] :1:1: Premature end of file.
2025-11-30 10:21:53,741 [ERROR] LogOutputStream:75 - [STDERR_REDIRECT] 
2025-11-30 10:21:54,749 [ERROR] LogOutputStream:75 - [STDERR_REDIRECT] [Fatal Error] :1:1: Premature end of file.
2025-11-30 10:21:54,749 [ERROR] LogOutputStream:75 - [STDERR_REDIRECT] 
2025-11-30 10:21:55,747 [ERROR] LogOutputStream:75 - [STDERR_REDIRECT] [Fatal Error] :1:1: Premature end of file.
2025-11-30 10:21:55,747 [ERROR] LogOutputStream:75 - [STDERR_REDIRECT] 
2025-11-30 10:21:56,740 [ERROR] LogOutputStream:75 - [STDERR_REDIRECT] [Fatal Error] :1:1: Premature end of file.
2025-11-30 10:21:56,740 [ERROR] LogOutputStream:75 - [STDERR_REDIRECT] 
2025-11-30 10:21:57,748 [ERROR] LogOutputStream:75 - [STDERR_REDIRECT] [Fatal Error] :1:1: Premature end of file.
2025-11-30 10:21:57,748 [ERROR] LogOutputStream:75 - [STDERR_REDIRECT] 
2025-11-30 10:21:58,740 [ERROR] LogOutputStream:75 - [STDERR_REDIRECT] [Fatal Error] :1:1: Premature end of file.
2025-11-30 10:21:58,740 [ERROR] LogOutputStream:75 - [STDERR_REDIRECT] 
2025-11-30 10:21:59,748 [ERROR] LogOutputStream:75 - [STDERR_REDIRECT] [Fatal Error] :1:1: Premature end of file.
2025-11-30 10:21:59,748 [ERROR] LogOutputStream:75 - [STDERR_REDIRECT] 
2025-11-30 10:22:00,739 [ERROR] LogOutputStream:75 - [STDERR_REDIRECT] [Fatal Error] :1:1: Premature end of file.
2025-11-30 10:22:00,739 [ERROR] LogOutputStream:75 - [STDERR_REDIRECT] 
2025-11-30 10:22:01,777 [ERROR] LogOutputStream:75 - [STDERR_REDIRECT] [Fatal Error] :1:1: Premature end of file.
2025-11-30 10:22:01,777 [ERROR] LogOutputStream:75 - [STDERR_REDIRECT] 
2025-11-30 10:22:02,747 [ERROR] LogOutputStream:75 - [STDERR_REDIRECT] [Fatal Error] :1:1: Premature end of file.
2025-11-30 10:22:02,747 [ERROR] LogOutputStream:75 - [STDERR_REDIRECT] 
2025-11-30 10:22:03,740 [ERROR] LogOutputStream:75 - [STDERR_REDIRECT] [Fatal Error] :1:1: Premature end of file.
2025-11-30 10:22:03,740 [ERROR] LogOutputStream:75 - [STDERR_REDIRECT] 
2025-11-30 10:22:04,755 [ERROR] LogOutputStream:75 - [STDERR_REDIRECT] [Fatal Error] :1:1: Premature end of file.
2025-11-30 10:22:04,755 [ERROR] LogOutputStream:75 - [STDERR_REDIRECT] 
2025-11-30 10:22:05,746 [ERROR] LogOutputStream:75 - [STDERR_REDIRECT] [Fatal Error] :1:1: Premature end of file.
2025-11-30 10:22:05,746 [ERROR] LogOutputStream:75 - [STDERR_REDIRECT] 
2025-11-30 10:22:06,738 [ERROR] LogOutputStream:75 - [STDERR_REDIRECT] [Fatal Error] :1:1: Premature end of file.
2025-11-30 10:22:06,738 [ERROR] LogOutputStream:75 - [STDERR_REDIRECT] 
2025-11-30 10:22:07,750 [ERROR] LogOutputStream:75 - [STDERR_REDIRECT] [Fatal Error] :1:1: Premature end of file.
2025-11-30 10:22:07,750 [ERROR] LogOutputStream:75 - [STDERR_REDIRECT] 
2025-11-30 10:22:08,743 [ERROR] LogOutputStream:75 - [STDERR_REDIRECT] [Fatal Error] :1:1: Premature end of file.
2025-11-30 10:22:08,743 [ERROR] LogOutputStream:75 - [STDERR_REDIRECT] 
2025-11-30 10:22:09,739 [ERROR] LogOutputStream:75 - [STDERR_REDIRECT] [Fatal Error] :1:1: Premature end of file.
2025-11-30 10:22:09,739 [ERROR] LogOutputStream:75 - [STDERR_REDIRECT] 
2025-11-30 10:22:10,750 [ERROR] LogOutputStream:75 - [STDERR_REDIRECT] [Fatal Error] :1:1: Premature end of file.
2025-11-30 10:22:10,750 [ERROR] LogOutputStream:75 - [STDERR_REDIRECT] 
2025-11-30 10:22:11,747 [ERROR] LogOutputStream:75 - [STDERR_REDIRECT] [Fatal Error] :1:1: Premature end of file.
2025-11-30 10:22:11,747 [ERROR] LogOutputStream:75 - [STDERR_REDIRECT] 
2025-11-30 10:22:12,741 [ERROR] LogOutputStream:75 - [STDERR_REDIRECT] [Fatal Error] :1:1: Premature end of file.
2025-11-30 10:22:12,741 [ERROR] LogOutputStream:75 - [STDERR_REDIRECT] 
2025-11-30 10:22:13,746 [ERROR] LogOutputStream:75 - [STDERR_REDIRECT] [Fatal Error] :1:1: Premature end of file.
2025-11-30 10:22:13,746 [ERROR] LogOutputStream:75 - [STDERR_REDIRECT] 
2025-11-30 10:22:14,753 [ERROR] LogOutputStream:75 - [STDERR_REDIRECT] [Fatal Error] :1:1: Premature end of file.
2025-11-30 10:22:14,753 [ERROR] LogOutputStream:75 - [STDERR_REDIRECT] 
2025-11-30 10:22:15,737 [ERROR] LogOutputStream:75 - [STDERR_REDIRECT] [Fatal Error] :1:1: Premature end of file.
2025-11-30 10:22:15,737 [ERROR] LogOutputStream:75 - [STDERR_REDIRECT] 
2025-11-30 10:22:16,750 [ERROR] LogOutputStream:75 - [STDERR_REDIRECT] [Fatal Error] :1:1: Premature end of file.
2025-11-30 10:22:16,750 [ERROR] LogOutputStream:75 - [STDERR_REDIRECT] 
2025-11-30 10:22:17,745 [ERROR] LogOutputStream:75 - [STDERR_REDIRECT] [Fatal Error] :1:1: Premature end of file.
2025-11-30 10:22:17,745 [ERROR] LogOutputStream:75 - [STDERR_REDIRECT] 
2025-11-30 10:22:18,743 [ERROR] LogOutputStream:75 - [STDERR_REDIRECT] [Fatal Error] :1:1: Premature end of file.
2025-11-30 10:22:18,743 [ERROR] LogOutputStream:75 - [STDERR_REDIRECT] 
2025-11-30 10:22:19,748 [ERROR] LogOutputStream:75 - [STDERR_REDIRECT] [Fatal Error] :1:1: Premature end of file.
2025-11-30 10:22:19,748 [ERROR] LogOutputStream:75 - [STDERR_REDIRECT] 
2025-11-30 10:22:20,745 [ERROR] LogOutputStream:75 - [STDERR_REDIRECT] [Fatal Error] :1:1: Premature end of file.
2025-11-30 10:22:20,745 [ERROR] LogOutputStream:75 - [STDERR_REDIRECT] 
2025-11-30 10:22:21,742 [ERROR] LogOutputStream:75 - [STDERR_REDIRECT] [Fatal Error] :1:1: Premature end of file.
2025-11-30 10:22:21,742 [ERROR] LogOutputStream:75 - [STDERR_REDIRECT] 
2025-11-30 10:22:22,748 [ERROR] LogOutputStream:75 - [STDERR_REDIRECT] [Fatal Error] :1:1: Premature end of file.
2025-11-30 10:22:22,748 [ERROR] LogOutputStream:75 - [STDERR_REDIRECT] 
2025-11-30 10:22:23,737 [ERROR] LogOutputStream:75 - [STDERR_REDIRECT] [Fatal Error] :1:1: Premature end of file.
2025-11-30 10:22:23,738 [ERROR] LogOutputStream:75 - [STDERR_REDIRECT] 
2025-11-30 10:22:24,744 [ERROR] LogOutputStream:75 - [STDERR_REDIRECT] [Fatal Error] :1:1: Premature end of file.
2025-11-30 10:22:24,744 [ERROR] LogOutputStream:75 - [STDERR_REDIRECT] 
2025-11-30 10:22:25,743 [ERROR] LogOutputStream:75 - [STDERR_REDIRECT] [Fatal Error] :1:1: Premature end of file.
2025-11-30 10:22:25,743 [ERROR] LogOutputStream:75 - [STDERR_REDIRECT] 
2025-11-30 10:22:26,735 [ERROR] LogOutputStream:75 - [STDERR_REDIRECT] [Fatal Error] :1:1: Premature end of file.
2025-11-30 10:22:26,735 [ERROR] LogOutputStream:75 - [STDERR_REDIRECT] 
2025-11-30 10:22:27,747 [ERROR] LogOutputStream:75 - [STDERR_REDIRECT] [Fatal Error] :1:1: Premature end of file.
2025-11-30 10:22:27,747 [ERROR] LogOutputStream:75 - [STDERR_REDIRECT] 
2025-11-30 10:22:28,741 [ERROR] LogOutputStream:75 - [STDERR_REDIRECT] [Fatal Error] :1:1: Premature end of file.
2025-11-30 10:22:28,742 [ERROR] LogOutputStream:75 - [STDERR_REDIRECT] 
2025-11-30 10:22:29,750 [ERROR] LogOutputStream:75 - [STDERR_REDIRECT] [Fatal Error] :1:1: Premature end of file.
2025-11-30 10:22:29,750 [ERROR] LogOutputStream:75 - [STDERR_REDIRECT] 
2025-11-30 10:22:30,746 [ERROR] LogOutputStream:75 - [STDERR_REDIRECT] [Fatal Error] :1:1: Premature end of file.
2025-11-30 10:22:30,746 [ERROR] LogOutputStream:75 - [STDERR_REDIRECT] 
2025-11-30 10:22:31,752 [ERROR] LogOutputStream:75 - [STDERR_REDIRECT] [Fatal Error] :1:1: Premature end of file.
2025-11-30 10:22:31,752 [ERROR] LogOutputStream:75 - [STDERR_REDIRECT] 
2025-11-30 10:22:32,736 [ERROR] LogOutputStream:75 - [STDERR_REDIRECT] [Fatal Error] :1:1: Premature end of file.
2025-11-30 10:22:32,736 [ERROR] LogOutputStream:75 - [STDERR_REDIRECT] 
2025-11-30 10:22:33,746 [ERROR] LogOutputStream:75 - [STDERR_REDIRECT] [Fatal Error] :1:1: Premature end of file.
2025-11-30 10:22:33,746 [ERROR] LogOutputStream:75 - [STDERR_REDIRECT] 
2025-11-30 10:22:34,740 [ERROR] LogOutputStream:75 - [STDERR_REDIRECT] [Fatal Error] :1:1: Premature end of file.
2025-11-30 10:22:34,740 [ERROR] LogOutputStream:75 - [STDERR_REDIRECT] 
2025-11-30 10:22:35,750 [ERROR] LogOutputStream:75 - [STDERR_REDIRECT] [Fatal Error] :1:1: Premature end of file.
2025-11-30 10:22:35,750 [ERROR] LogOutputStream:75 - [STDERR_REDIRECT] 
2025-11-30 10:22:36,739 [ERROR] LogOutputStream:75 - [STDERR_REDIRECT] [Fatal Error] :1:1: Premature end of file.
2025-11-30 10:22:36,739 [ERROR] LogOutputStream:75 - [STDERR_REDIRECT] 
2025-11-30 10:22:37,745 [ERROR] LogOutputStream:75 - [STDERR_REDIRECT] [Fatal Error] :1:1: Premature end of file.
2025-11-30 10:22:37,745 [ERROR] LogOutputStream:75 - [STDERR_REDIRECT] 
2025-11-30 10:22:38,737 [ERROR] LogOutputStream:75 - [STDERR_REDIRECT] [Fatal Error] :1:1: Premature end of file.
2025-11-30 10:22:38,737 [ERROR] LogOutputStream:75 - [STDERR_REDIRECT] 
2025-11-30 10:22:39,737 [ERROR] LogOutputStream:75 - [STDERR_REDIRECT] [Fatal Error] :1:1: Premature end of file.
2025-11-30 10:22:39,737 [ERROR] LogOutputStream:75 - [STDERR_REDIRECT] 
2025-11-30 10:22:40,746 [ERROR] LogOutputStream:75 - [STDERR_REDIRECT] [Fatal Error] :1:1: Premature end of file.
2025-11-30 10:22:40,746 [ERROR] LogOutputStream:75 - [STDERR_REDIRECT] 
2025-11-30 10:22:41,745 [ERROR] LogOutputStream:75 - [STDERR_REDIRECT] [Fatal Error] :1:1: Premature end of file.
2025-11-30 10:22:41,745 [ERROR] LogOutputStream:75 - [STDERR_REDIRECT] 
2025-11-30 10:22:42,739 [ERROR] LogOutputStream:75 - [STDERR_REDIRECT] [Fatal Error] :1:1: Premature end of file.
2025-11-30 10:22:42,739 [ERROR] LogOutputStream:75 - [STDERR_REDIRECT] 
2025-11-30 10:22:43,739 [ERROR] LogOutputStream:75 - [STDERR_REDIRECT] [Fatal Error] :1:1: Premature end of file.
2025-11-30 10:22:43,739 [ERROR] LogOutputStream:75 - [STDERR_REDIRECT] 
2025-11-30 10:22:44,735 [ERROR] LogOutputStream:75 - [STDERR_REDIRECT] [Fatal Error] :1:1: Premature end of file.
2025-11-30 10:22:44,735 [ERROR] LogOutputStream:75 - [STDERR_REDIRECT] 
2025-11-30 10:22:45,753 [ERROR] LogOutputStream:75 - [STDERR_REDIRECT] [Fatal Error] :1:1: Premature end of file.
2025-11-30 10:22:45,753 [ERROR] LogOutputStream:75 - [STDERR_REDIRECT] 
2025-11-30 10:22:46,747 [ERROR] LogOutputStream:75 - [STDERR_REDIRECT] [Fatal Error] :1:1: Premature end of file.
2025-11-30 10:22:46,747 [ERROR] LogOutputStream:75 - [STDERR_REDIRECT] 
2025-11-30 10:22:47,742 [ERROR] LogOutputStream:75 - [STDERR_REDIRECT] [Fatal Error] :1:1: Premature end of file.
2025-11-30 10:22:47,742 [ERROR] LogOutputStream:75 - [STDERR_REDIRECT] 
2025-11-30 10:22:48,739 [ERROR] LogOutputStream:75 - [STDERR_REDIRECT] [Fatal Error] :1:1: Premature end of file.
2025-11-30 10:22:48,739 [ERROR] LogOutputStream:75 - [STDERR_REDIRECT] 
2025-11-30 10:22:49,733 [ERROR] LogOutputStream:75 - [STDERR_REDIRECT] [Fatal Error] :1:1: Premature end of file.
2025-11-30 10:22:49,733 [ERROR] LogOutputStream:75 - [STDERR_REDIRECT] 
2025-11-30 10:22:50,745 [ERROR] LogOutputStream:75 - [STDERR_REDIRECT] [Fatal Error] :1:1: Premature end of file.
2025-11-30 10:22:50,745 [ERROR] LogOutputStream:75 - [STDERR_REDIRECT] 
2025-11-30 10:22:51,750 [ERROR] LogOutputStream:75 - [STDERR_REDIRECT] [Fatal Error] :1:1: Premature end of file.
2025-11-30 10:22:51,750 [ERROR] LogOutputStream:75 - [STDERR_REDIRECT] 
2025-11-30 10:22:52,736 [ERROR] LogOutputStream:75 - [STDERR_REDIRECT] [Fatal Error] :1:1: Premature end of file.
2025-11-30 10:22:52,736 [ERROR] LogOutputStream:75 - [STDERR_REDIRECT] 
2025-11-30 10:22:53,743 [ERROR] LogOutputStream:75 - [STDERR_REDIRECT] [Fatal Error] :1:1: Premature end of file.
2025-11-30 10:22:53,743 [ERROR] LogOutputStream:75 - [STDERR_REDIRECT] 
2025-11-30 10:22:54,741 [ERROR] LogOutputStream:75 - [STDERR_REDIRECT] [Fatal Error] :1:1: Premature end of file.
2025-11-30 10:22:54,741 [ERROR] LogOutputStream:75 - [STDERR_REDIRECT] 
2025-11-30 10:22:55,764 [ERROR] LogOutputStream:75 - [STDERR_REDIRECT] [Fatal Error] :1:1: Premature end of file.
2025-11-30 10:22:55,764 [ERROR] LogOutputStream:75 - [STDERR_REDIRECT] 
2025-11-30 10:22:56,743 [ERROR] LogOutputStream:75 - [STDERR_REDIRECT] [Fatal Error] :1:1: Premature end of file.
2025-11-30 10:22:56,743 [ERROR] LogOutputStream:75 - [STDERR_REDIRECT] 
2025-11-30 10:22:57,746 [ERROR] LogOutputStream:75 - [STDERR_REDIRECT] [Fatal Error] :1:1: Premature end of file.
2025-11-30 10:22:57,746 [ERROR] LogOutputStream:75 - [STDERR_REDIRECT] 
2025-11-30 10:22:58,733 [ERROR] LogOutputStream:75 - [STDERR_REDIRECT] [Fatal Error] :1:1: Premature end of file.
2025-11-30 10:22:58,733 [ERROR] LogOutputStream:75 - [STDERR_REDIRECT] 
2025-11-30 10:22:59,746 [ERROR] LogOutputStream:75 - [STDERR_REDIRECT] [Fatal Error] :1:1: Premature end of file.
2025-11-30 10:22:59,746 [ERROR] LogOutputStream:75 - [STDERR_REDIRECT] 
2025-11-30 10:23:00,740 [ERROR] LogOutputStream:75 - [STDERR_REDIRECT] [Fatal Error] :1:1: Premature end of file.
2025-11-30 10:23:00,740 [ERROR] LogOutputStream:75 - [STDERR_REDIRECT] 
2025-11-30 10:23:01,738 [ERROR] LogOutputStream:75 - [STDERR_REDIRECT] [Fatal Error] :1:1: Premature end of file.
2025-11-30 10:23:01,738 [ERROR] LogOutputStream:75 - [STDERR_REDIRECT] 
2025-11-30 10:23:02,744 [ERROR] LogOutputStream:75 - [STDERR_REDIRECT] [Fatal Error] :1:1: Premature end of file.
2025-11-30 10:23:02,744 [ERROR] LogOutputStream:75 - [STDERR_REDIRECT] 
2025-11-30 10:23:03,736 [ERROR] LogOutputStream:75 - [STDERR_REDIRECT] [Fatal Error] :1:1: Premature end of file.
2025-11-30 10:23:03,736 [ERROR] LogOutputStream:75 - [STDERR_REDIRECT] 
2025-11-30 10:23:04,746 [ERROR] LogOutputStream:75 - [STDERR_REDIRECT] [Fatal Error] :1:1: Premature end of file.
2025-11-30 10:23:04,746 [ERROR] LogOutputStream:75 - [STDERR_REDIRECT] 
2025-11-30 10:23:05,728 [ERROR] LogOutputStream:75 - [STDERR_REDIRECT] [Fatal Error] :1:1: Premature end of file.
2025-11-30 10:23:05,728 [ERROR] LogOutputStream:75 - [STDERR_REDIRECT] 
2025-11-30 10:23:06,746 [ERROR] LogOutputStream:75 - [STDERR_REDIRECT] [Fatal Error] :1:1: Premature end of file.
2025-11-30 10:23:06,746 [ERROR] LogOutputStream:75 - [STDERR_REDIRECT] 
2025-11-30 10:23:07,750 [ERROR] LogOutputStream:75 - [STDERR_REDIRECT] [Fatal Error] :1:1: Premature end of file.
2025-11-30 10:23:07,750 [ERROR] LogOutputStream:75 - [STDERR_REDIRECT] 
2025-11-30 10:23:08,751 [ERROR] LogOutputStream:75 - [STDERR_REDIRECT] [Fatal Error] :1:1: Premature end of file.
2025-11-30 10:23:08,751 [ERROR] LogOutputStream:75 - [STDERR_REDIRECT] 
2025-11-30 10:23:09,767 [ERROR] LogOutputStream:75 - [STDERR_REDIRECT] [Fatal Error] :1:1: Premature end of file.
2025-11-30 10:23:09,767 [ERROR] LogOutputStream:75 - [STDERR_REDIRECT] 
2025-11-30 10:23:10,741 [ERROR] LogOutputStream:75 - [STDERR_REDIRECT] [Fatal Error] :1:1: Premature end of file.
2025-11-30 10:23:10,741 [ERROR] LogOutputStream:75 - [STDERR_REDIRECT] 
2025-11-30 10:23:11,735 [ERROR] LogOutputStream:75 - [STDERR_REDIRECT] [Fatal Error] :1:1: Premature end of file.
2025-11-30 10:23:11,735 [ERROR] LogOutputStream:75 - [STDERR_REDIRECT] 
2025-11-30 10:23:12,747 [ERROR] LogOutputStream:75 - [STDERR_REDIRECT] [Fatal Error] :1:1: Premature end of file.
2025-11-30 10:23:12,747 [ERROR] LogOutputStream:75 - [STDERR_REDIRECT] 
2025-11-30 10:23:13,750 [ERROR] LogOutputStream:75 - [STDERR_REDIRECT] [Fatal Error] :1:1: Premature end of file.
2025-11-30 10:23:13,750 [ERROR] LogOutputStream:75 - [STDERR_REDIRECT] 
2025-11-30 10:23:14,749 [ERROR] LogOutputStream:75 - [STDERR_REDIRECT] [Fatal Error] :1:1: Premature end of file.
2025-11-30 10:23:14,749 [ERROR] LogOutputStream:75 - [STDERR_REDIRECT] 
2025-11-30 10:23:15,757 [ERROR] LogOutputStream:75 - [STDERR_REDIRECT] [Fatal Error] :1:1: Premature end of file.
2025-11-30 10:23:15,757 [ERROR] LogOutputStream:75 - [STDERR_REDIRECT] 
2025-11-30 10:23:16,762 [ERROR] LogOutputStream:75 - [STDERR_REDIRECT] [Fatal Error] :1:1: Premature end of file.
2025-11-30 10:23:16,762 [ERROR] LogOutputStream:75 - [STDERR_REDIRECT] 
2025-11-30 10:23:17,736 [ERROR] LogOutputStream:75 - [STDERR_REDIRECT] [Fatal Error] :1:1: Premature end of file.
2025-11-30 10:23:17,736 [ERROR] LogOutputStream:75 - [STDERR_REDIRECT] 
2025-11-30 10:23:18,741 [ERROR] LogOutputStream:75 - [STDERR_REDIRECT] [Fatal Error] :1:1: Premature end of file.
2025-11-30 10:23:18,741 [ERROR] LogOutputStream:75 - [STDERR_REDIRECT] 
2025-11-30 10:23:19,740 [ERROR] LogOutputStream:75 - [STDERR_REDIRECT] [Fatal Error] :1:1: Premature end of file.
2025-11-30 10:23:19,740 [ERROR] LogOutputStream:75 - [STDERR_REDIRECT] 
2025-11-30 10:23:20,749 [ERROR] LogOutputStream:75 - [STDERR_REDIRECT] [Fatal Error] :1:1: Premature end of file.
2025-11-30 10:23:20,749 [ERROR] LogOutputStream:75 - [STDERR_REDIRECT] 
2025-11-30 10:23:21,740 [ERROR] LogOutputStream:75 - [STDERR_REDIRECT] [Fatal Error] :1:1: Premature end of file.
2025-11-30 10:23:21,740 [ERROR] LogOutputStream:75 - [STDERR_REDIRECT] 
2025-11-30 10:23:22,752 [ERROR] LogOutputStream:75 - [STDERR_REDIRECT] [Fatal Error] :1:1: Premature end of file.
2025-11-30 10:23:22,752 [ERROR] LogOutputStream:75 - [STDERR_REDIRECT] 
2025-11-30 10:23:23,740 [ERROR] LogOutputStream:75 - [STDERR_REDIRECT] [Fatal Error] :1:1: Premature end of file.
2025-11-30 10:23:23,740 [ERROR] LogOutputStream:75 - [STDERR_REDIRECT] 
2025-11-30 10:23:24,739 [ERROR] LogOutputStream:75 - [STDERR_REDIRECT] [Fatal Error] :1:1: Premature end of file.
2025-11-30 10:23:24,739 [ERROR] LogOutputStream:75 - [STDERR_REDIRECT] 
2025-11-30 10:23:25,748 [ERROR] LogOutputStream:75 - [STDERR_REDIRECT] [Fatal Error] :1:1: Premature end of file.
2025-11-30 10:23:25,748 [ERROR] LogOutputStream:75 - [STDERR_REDIRECT] 
2025-11-30 10:23:26,738 [ERROR] LogOutputStream:75 - [STDERR_REDIRECT] [Fatal Error] :1:1: Premature end of file.
2025-11-30 10:23:26,738 [ERROR] LogOutputStream:75 - [STDERR_REDIRECT] 
2025-11-30 10:23:27,745 [ERROR] LogOutputStream:75 - [STDERR_REDIRECT] [Fatal Error] :1:1: Premature end of file.
2025-11-30 10:23:27,745 [ERROR] LogOutputStream:75 - [STDERR_REDIRECT] 
2025-11-30 10:23:28,732 [ERROR] LogOutputStream:75 - [STDERR_REDIRECT] [Fatal Error] :1:1: Premature end of file.
2025-11-30 10:23:28,732 [ERROR] LogOutputStream:75 - [STDERR_REDIRECT] 
2025-11-30 10:23:29,751 [ERROR] LogOutputStream:75 - [STDERR_REDIRECT] [Fatal Error] :1:1: Premature end of file.
2025-11-30 10:23:29,751 [ERROR] LogOutputStream:75 - [STDERR_REDIRECT] 
2025-11-30 10:23:30,739 [ERROR] LogOutputStream:75 - [STDERR_REDIRECT] [Fatal Error] :1:1: Premature end of file.
2025-11-30 10:23:30,739 [ERROR] LogOutputStream:75 - [STDERR_REDIRECT] 
2025-11-30 10:23:31,747 [ERROR] LogOutputStream:75 - [STDERR_REDIRECT] [Fatal Error] :1:1: Premature end of file.
2025-11-30 10:23:31,747 [ERROR] LogOutputStream:75 - [STDERR_REDIRECT] 
2025-11-30 10:23:32,743 [ERROR] LogOutputStream:75 - [STDERR_REDIRECT] [Fatal Error] :1:1: Premature end of file.
2025-11-30 10:23:32,743 [ERROR] LogOutputStream:75 - [STDERR_REDIRECT] 
2025-11-30 10:23:33,739 [ERROR] LogOutputStream:75 - [STDERR_REDIRECT] [Fatal Error] :1:1: Premature end of file.
2025-11-30 10:23:33,739 [ERROR] LogOutputStream:75 - [STDERR_REDIRECT] 
2025-11-30 10:23:34,734 [ERROR] LogOutputStream:75 - [STDERR_REDIRECT] [Fatal Error] :1:1: Premature end of file.
2025-11-30 10:23:34,734 [ERROR] LogOutputStream:75 - [STDERR_REDIRECT] 
2025-11-30 10:23:35,748 [ERROR] LogOutputStream:75 - [STDERR_REDIRECT] [Fatal Error] :1:1: Premature end of file.
2025-11-30 10:23:35,748 [ERROR] LogOutputStream:75 - [STDERR_REDIRECT] 
2025-11-30 10:23:36,741 [ERROR] LogOutputStream:75 - [STDERR_REDIRECT] [Fatal Error] :1:1: Premature end of file.
2025-11-30 10:23:36,741 [ERROR] LogOutputStream:75 - [STDERR_REDIRECT] 
2025-11-30 10:23:37,737 [ERROR] LogOutputStream:75 - [STDERR_REDIRECT] [Fatal Error] :1:1: Premature end of file.
2025-11-30 10:23:37,737 [ERROR] LogOutputStream:75 - [STDERR_REDIRECT] 
2025-11-30 10:23:38,735 [ERROR] LogOutputStream:75 - [STDERR_REDIRECT] [Fatal Error] :1:1: Premature end of file.
2025-11-30 10:23:38,735 [ERROR] LogOutputStream:75 - [STDERR_REDIRECT] 
2025-11-30 10:23:39,742 [ERROR] LogOutputStream:75 - [STDERR_REDIRECT] [Fatal Error] :1:1: Premature end of file.
2025-11-30 10:23:39,742 [ERROR] LogOutputStream:75 - [STDERR_REDIRECT] 
2025-11-30 10:23:40,741 [ERROR] LogOutputStream:75 - [STDERR_REDIRECT] [Fatal Error] :1:1: Premature end of file.
2025-11-30 10:23:40,741 [ERROR] LogOutputStream:75 - [STDERR_REDIRECT] 
2025-11-30 10:23:41,746 [ERROR] LogOutputStream:75 - [STDERR_REDIRECT] [Fatal Error] :1:1: Premature end of file.
2025-11-30 10:23:41,746 [ERROR] LogOutputStream:75 - [STDERR_REDIRECT] 
2025-11-30 10:23:42,735 [ERROR] LogOutputStream:75 - [STDERR_REDIRECT] [Fatal Error] :1:1: Premature end of file.
2025-11-30 10:23:42,735 [ERROR] LogOutputStream:75 - [STDERR_REDIRECT] 
2025-11-30 10:23:43,757 [ERROR] LogOutputStream:75 - [STDERR_REDIRECT] [Fatal Error] :1:1: Premature end of file.
2025-11-30 10:23:43,757 [ERROR] LogOutputStream:75 - [STDERR_REDIRECT] 
2025-11-30 10:23:44,739 [ERROR] LogOutputStream:75 - [STDERR_REDIRECT] [Fatal Error] :1:1: Premature end of file.
2025-11-30 10:23:44,739 [ERROR] LogOutputStream:75 - [STDERR_REDIRECT] 
2025-11-30 10:23:45,752 [ERROR] LogOutputStream:75 - [STDERR_REDIRECT] [Fatal Error] :1:1: Premature end of file.
2025-11-30 10:23:45,752 [ERROR] LogOutputStream:75 - [STDERR_REDIRECT] 
2025-11-30 10:23:46,747 [ERROR] LogOutputStream:75 - [STDERR_REDIRECT] [Fatal Error] :1:1: Premature end of file.
2025-11-30 10:23:46,747 [ERROR] LogOutputStream:75 - [STDERR_REDIRECT] 
2025-11-30 10:23:47,748 [ERROR] LogOutputStream:75 - [STDERR_REDIRECT] [Fatal Error] :1:1: Premature end of file.
2025-11-30 10:23:47,748 [ERROR] LogOutputStream:75 - [STDERR_REDIRECT] 
2025-11-30 10:23:48,738 [ERROR] LogOutputStream:75 - [STDERR_REDIRECT] [Fatal Error] :1:1: Premature end of file.
2025-11-30 10:23:48,738 [ERROR] LogOutputStream:75 - [STDERR_REDIRECT] 
2025-11-30 10:23:49,749 [ERROR] LogOutputStream:75 - [STDERR_REDIRECT] [Fatal Error] :1:1: Premature end of file.
2025-11-30 10:23:49,749 [ERROR] LogOutputStream:75 - [STDERR_REDIRECT] 
2025-11-30 10:23:50,748 [ERROR] LogOutputStream:75 - [STDERR_REDIRECT] [Fatal Error] :1:1: Premature end of file.
2025-11-30 10:23:50,748 [ERROR] LogOutputStream:75 - [STDERR_REDIRECT] 
2025-11-30 10:23:51,743 [ERROR] LogOutputStream:75 - [STDERR_REDIRECT] [Fatal Error] :1:1: Premature end of file.
2025-11-30 10:23:51,743 [ERROR] LogOutputStream:75 - [STDERR_REDIRECT] 
2025-11-30 10:23:52,739 [ERROR] LogOutputStream:75 - [STDERR_REDIRECT] [Fatal Error] :1:1: Premature end of file.
2025-11-30 10:23:52,739 [ERROR] LogOutputStream:75 - [STDERR_REDIRECT] 
2025-11-30 10:23:53,747 [ERROR] LogOutputStream:75 - [STDERR_REDIRECT] [Fatal Error] :1:1: Premature end of file.
2025-11-30 10:23:53,747 [ERROR] LogOutputStream:75 - [STDERR_REDIRECT] 
2025-11-30 10:23:54,738 [ERROR] LogOutputStream:75 - [STDERR_REDIRECT] [Fatal Error] :1:1: Premature end of file.
2025-11-30 10:23:54,738 [ERROR] LogOutputStream:75 - [STDERR_REDIRECT] 
2025-11-30 10:23:55,745 [ERROR] LogOutputStream:75 - [STDERR_REDIRECT] [Fatal Error] :1:1: Premature end of file.
2025-11-30 10:23:55,745 [ERROR] LogOutputStream:75 - [STDERR_REDIRECT] 
2025-11-30 10:23:56,746 [ERROR] LogOutputStream:75 - [STDERR_REDIRECT] [Fatal Error] :1:1: Premature end of file.
2025-11-30 10:23:56,746 [ERROR] LogOutputStream:75 - [STDERR_REDIRECT] 
2025-11-30 10:23:57,739 [ERROR] LogOutputStream:75 - [STDERR_REDIRECT] [Fatal Error] :1:1: Premature end of file.
2025-11-30 10:23:57,739 [ERROR] LogOutputStream:75 - [STDERR_REDIRECT] 
2025-11-30 10:23:58,739 [ERROR] LogOutputStream:75 - [STDERR_REDIRECT] [Fatal Error] :1:1: Premature end of file.
2025-11-30 10:23:58,739 [ERROR] LogOutputStream:75 - [STDERR_REDIRECT] 
2025-11-30 10:23:59,748 [ERROR] LogOutputStream:75 - [STDERR_REDIRECT] [Fatal Error] :1:1: Premature end of file.
2025-11-30 10:23:59,748 [ERROR] LogOutputStream:75 - [STDERR_REDIRECT] 
2025-11-30 10:24:00,744 [ERROR] LogOutputStream:75 - [STDERR_REDIRECT] [Fatal Error] :1:1: Premature end of file.
2025-11-30 10:24:00,744 [ERROR] LogOutputStream:75 - [STDERR_REDIRECT] 
2025-11-30 10:24:01,738 [ERROR] LogOutputStream:75 - [STDERR_REDIRECT] [Fatal Error] :1:1: Premature end of file.
2025-11-30 10:24:01,738 [ERROR] LogOutputStream:75 - [STDERR_REDIRECT] 
2025-11-30 10:24:02,738 [ERROR] LogOutputStream:75 - [STDERR_REDIRECT] [Fatal Error] :1:1: Premature end of file.
2025-11-30 10:24:02,738 [ERROR] LogOutputStream:75 - [STDERR_REDIRECT] 
2025-11-30 10:24:03,744 [ERROR] LogOutputStream:75 - [STDERR_REDIRECT] [Fatal Error] :1:1: Premature end of file.
2025-11-30 10:24:03,744 [ERROR] LogOutputStream:75 - [STDERR_REDIRECT] 
2025-11-30 10:24:04,741 [ERROR] LogOutputStream:75 - [STDERR_REDIRECT] [Fatal Error] :1:1: Premature end of file.
2025-11-30 10:24:04,741 [ERROR] LogOutputStream:75 - [STDERR_REDIRECT] 
2025-11-30 10:24:05,752 [ERROR] LogOutputStream:75 - [STDERR_REDIRECT] [Fatal Error] :1:1: Premature end of file.
2025-11-30 10:24:05,752 [ERROR] LogOutputStream:75 - [STDERR_REDIRECT] 
2025-11-30 10:24:06,745 [ERROR] LogOutputStream:75 - [STDERR_REDIRECT] [Fatal Error] :1:1: Premature end of file.
2025-11-30 10:24:06,745 [ERROR] LogOutputStream:75 - [STDERR_REDIRECT] 
2025-11-30 10:24:07,742 [ERROR] LogOutputStream:75 - [STDERR_REDIRECT] [Fatal Error] :1:1: Premature end of file.
2025-11-30 10:24:07,742 [ERROR] LogOutputStream:75 - [STDERR_REDIRECT] 
2025-11-30 10:24:08,750 [ERROR] LogOutputStream:75 - [STDERR_REDIRECT] [Fatal Error] :1:1: Premature end of file.
2025-11-30 10:24:08,750 [ERROR] LogOutputStream:75 - [STDERR_REDIRECT] 
2025-11-30 10:24:09,745 [ERROR] LogOutputStream:75 - [STDERR_REDIRECT] [Fatal Error] :1:1: Premature end of file.
2025-11-30 10:24:09,745 [ERROR] LogOutputStream:75 - [STDERR_REDIRECT] 
2025-11-30 10:24:10,740 [ERROR] LogOutputStream:75 - [STDERR_REDIRECT] [Fatal Error] :1:1: Premature end of file.
2025-11-30 10:24:10,740 [ERROR] LogOutputStream:75 - [STDERR_REDIRECT] 
2025-11-30 10:24:11,737 [ERROR] LogOutputStream:75 - [STDERR_REDIRECT] [Fatal Error] :1:1: Premature end of file.
2025-11-30 10:24:11,737 [ERROR] LogOutputStream:75 - [STDERR_REDIRECT] 
2025-11-30 10:24:12,746 [ERROR] LogOutputStream:75 - [STDERR_REDIRECT] [Fatal Error] :1:1: Premature end of file.
2025-11-30 10:24:12,746 [ERROR] LogOutputStream:75 - [STDERR_REDIRECT] 
2025-11-30 10:24:13,740 [ERROR] LogOutputStream:75 - [STDERR_REDIRECT] [Fatal Error] :1:1: Premature end of file.
2025-11-30 10:24:13,740 [ERROR] LogOutputStream:75 - [STDERR_REDIRECT] 
2025-11-30 10:24:14,736 [ERROR] LogOutputStream:75 - [STDERR_REDIRECT] [Fatal Error] :1:1: Premature end of file.
2025-11-30 10:24:14,736 [ERROR] LogOutputStream:75 - [STDERR_REDIRECT] 
2025-11-30 10:24:15,738 [ERROR] LogOutputStream:75 - [STDERR_REDIRECT] [Fatal Error] :1:1: Premature end of file.
2025-11-30 10:24:15,738 [ERROR] LogOutputStream:75 - [STDERR_REDIRECT] 
2025-11-30 10:24:16,734 [ERROR] LogOutputStream:75 - [STDERR_REDIRECT] [Fatal Error] :1:1: Premature end of file.
2025-11-30 10:24:16,734 [ERROR] LogOutputStream:75 - [STDERR_REDIRECT] 
2025-11-30 10:24:17,735 [ERROR] LogOutputStream:75 - [STDERR_REDIRECT] [Fatal Error] :1:1: Premature end of file.
2025-11-30 10:24:17,735 [ERROR] LogOutputStream:75 - [STDERR_REDIRECT] 
2025-11-30 10:24:18,736 [ERROR] LogOutputStream:75 - [STDERR_REDIRECT] [Fatal Error] :1:1: Premature end of file.
2025-11-30 10:24:18,736 [ERROR] LogOutputStream:75 - [STDERR_REDIRECT] 
2025-11-30 10:24:19,743 [ERROR] LogOutputStream:75 - [STDERR_REDIRECT] [Fatal Error] :1:1: Premature end of file.
2025-11-30 10:24:19,743 [ERROR] LogOutputStream:75 - [STDERR_REDIRECT] 
2025-11-30 10:24:20,738 [ERROR] LogOutputStream:75 - [STDERR_REDIRECT] [Fatal Error] :1:1: Premature end of file.
2025-11-30 10:24:20,738 [ERROR] LogOutputStream:75 - [STDERR_REDIRECT] 
2025-11-30 10:24:21,748 [ERROR] LogOutputStream:75 - [STDERR_REDIRECT] [Fatal Error] :1:1: Premature end of file.
2025-11-30 10:24:21,749 [ERROR] LogOutputStream:75 - [STDERR_REDIRECT] 
2025-11-30 10:24:22,760 [ERROR] LogOutputStream:75 - [STDERR_REDIRECT] [Fatal Error] :1:1: Premature end of file.
2025-11-30 10:24:22,760 [ERROR] LogOutputStream:75 - [STDERR_REDIRECT] 
2025-11-30 10:24:23,736 [ERROR] LogOutputStream:75 - [STDERR_REDIRECT] [Fatal Error] :1:1: Premature end of file.
2025-11-30 10:24:23,736 [ERROR] LogOutputStream:75 - [STDERR_REDIRECT] 
2025-11-30 10:24:24,749 [ERROR] LogOutputStream:75 - [STDERR_REDIRECT] [Fatal Error] :1:1: Premature end of file.
2025-11-30 10:24:24,749 [ERROR] LogOutputStream:75 - [STDERR_REDIRECT] 
2025-11-30 10:24:25,743 [ERROR] LogOutputStream:75 - [STDERR_REDIRECT] [Fatal Error] :1:1: Premature end of file.
2025-11-30 10:24:25,743 [ERROR] LogOutputStream:75 - [STDERR_REDIRECT] 
2025-11-30 10:24:26,737 [ERROR] LogOutputStream:75 - [STDERR_REDIRECT] [Fatal Error] :1:1: Premature end of file.
2025-11-30 10:24:26,737 [ERROR] LogOutputStream:75 - [STDERR_REDIRECT] 
2025-11-30 10:24:27,747 [ERROR] LogOutputStream:75 - [STDERR_REDIRECT] [Fatal Error] :1:1: Premature end of file.
2025-11-30 10:24:27,747 [ERROR] LogOutputStream:75 - [STDERR_REDIRECT] 
2025-11-30 10:24:28,744 [ERROR] LogOutputStream:75 - [STDERR_REDIRECT] [Fatal Error] :1:1: Premature end of file.
2025-11-30 10:24:28,744 [ERROR] LogOutputStream:75 - [STDERR_REDIRECT] 
2025-11-30 10:24:29,738 [ERROR] LogOutputStream:75 - [STDERR_REDIRECT] [Fatal Error] :1:1: Premature end of file.
2025-11-30 10:24:29,738 [ERROR] LogOutputStream:75 - [STDERR_REDIRECT] 
2025-11-30 10:24:30,749 [ERROR] LogOutputStream:75 - [STDERR_REDIRECT] [Fatal Error] :1:1: Premature end of file.
2025-11-30 10:24:30,749 [ERROR] LogOutputStream:75 - [STDERR_REDIRECT] 
2025-11-30 10:24:31,771 [ERROR] LogOutputStream:75 - [STDERR_REDIRECT] [Fatal Error] :1:1: Premature end of file.
2025-11-30 10:24:31,771 [ERROR] LogOutputStream:75 - [STDERR_REDIRECT] 
2025-11-30 10:24:32,737 [ERROR] LogOutputStream:75 - [STDERR_REDIRECT] [Fatal Error] :1:1: Premature end of file.
2025-11-30 10:24:32,737 [ERROR] LogOutputStream:75 - [STDERR_REDIRECT] 
2025-11-30 10:24:33,740 [ERROR] LogOutputStream:75 - [STDERR_REDIRECT] [Fatal Error] :1:1: Premature end of file.
2025-11-30 10:24:33,740 [ERROR] LogOutputStream:75 - [STDERR_REDIRECT] 
2025-11-30 10:24:34,749 [ERROR] LogOutputStream:75 - [STDERR_REDIRECT] [Fatal Error] :1:1: Premature end of file.
2025-11-30 10:24:34,749 [ERROR] LogOutputStream:75 - [STDERR_REDIRECT] 
2025-11-30 10:24:35,727 [ERROR] LogOutputStream:75 - [STDERR_REDIRECT] [Fatal Error] :1:1: Premature end of file.
2025-11-30 10:24:35,727 [ERROR] LogOutputStream:75 - [STDERR_REDIRECT] 
2025-11-30 10:24:36,746 [ERROR] LogOutputStream:75 - [STDERR_REDIRECT] [Fatal Error] :1:1: Premature end of file.
2025-11-30 10:24:36,746 [ERROR] LogOutputStream:75 - [STDERR_REDIRECT] 
2025-11-30 10:24:37,743 [ERROR] LogOutputStream:75 - [STDERR_REDIRECT] [Fatal Error] :1:1: Premature end of file.
2025-11-30 10:24:37,743 [ERROR] LogOutputStream:75 - [STDERR_REDIRECT] 
2025-11-30 10:24:38,740 [ERROR] LogOutputStream:75 - [STDERR_REDIRECT] [Fatal Error] :1:1: Premature end of file.
2025-11-30 10:24:38,740 [ERROR] LogOutputStream:75 - [STDERR_REDIRECT] 
2025-11-30 10:24:39,761 [ERROR] LogOutputStream:75 - [STDERR_REDIRECT] [Fatal Error] :1:1: Premature end of file.
2025-11-30 10:24:39,761 [ERROR] LogOutputStream:75 - [STDERR_REDIRECT] 
2025-11-30 10:24:40,748 [ERROR] LogOutputStream:75 - [STDERR_REDIRECT] [Fatal Error] :1:1: Premature end of file.
2025-11-30 10:24:40,748 [ERROR] LogOutputStream:75 - [STDERR_REDIRECT] 
2025-11-30 10:24:41,740 [ERROR] LogOutputStream:75 - [STDERR_REDIRECT] [Fatal Error] :1:1: Premature end of file.
2025-11-30 10:24:41,740 [ERROR] LogOutputStream:75 - [STDERR_REDIRECT] 
2025-11-30 10:24:42,748 [ERROR] LogOutputStream:75 - [STDERR_REDIRECT] [Fatal Error] :1:1: Premature end of file.
2025-11-30 10:24:42,748 [ERROR] LogOutputStream:75 - [STDERR_REDIRECT] 
2025-11-30 10:24:43,745 [ERROR] LogOutputStream:75 - [STDERR_REDIRECT] [Fatal Error] :1:1: Premature end of file.
2025-11-30 10:24:43,745 [ERROR] LogOutputStream:75 - [STDERR_REDIRECT] 
2025-11-30 10:24:44,732 [ERROR] LogOutputStream:75 - [STDERR_REDIRECT] [Fatal Error] :1:1: Premature end of file.
2025-11-30 10:24:44,732 [ERROR] LogOutputStream:75 - [STDERR_REDIRECT] 
2025-11-30 10:24:45,737 [ERROR] LogOutputStream:75 - [STDERR_REDIRECT] [Fatal Error] :1:1: Premature end of file.
2025-11-30 10:24:45,737 [ERROR] LogOutputStream:75 - [STDERR_REDIRECT] 
2025-11-30 10:24:46,749 [ERROR] LogOutputStream:75 - [STDERR_REDIRECT] [Fatal Error] :1:1: Premature end of file.
2025-11-30 10:24:46,749 [ERROR] LogOutputStream:75 - [STDERR_REDIRECT] 
2025-11-30 10:24:47,756 [ERROR] LogOutputStream:75 - [STDERR_REDIRECT] [Fatal Error] :1:1: Premature end of file.
2025-11-30 10:24:47,756 [ERROR] LogOutputStream:75 - [STDERR_REDIRECT] 
2025-11-30 10:24:48,732 [ERROR] LogOutputStream:75 - [STDERR_REDIRECT] [Fatal Error] :1:1: Premature end of file.
2025-11-30 10:24:48,732 [ERROR] LogOutputStream:75 - [STDERR_REDIRECT] 
2025-11-30 10:24:49,748 [ERROR] LogOutputStream:75 - [STDERR_REDIRECT] [Fatal Error] :1:1: Premature end of file.
2025-11-30 10:24:49,748 [ERROR] LogOutputStream:75 - [STDERR_REDIRECT] 
2025-11-30 10:24:50,744 [ERROR] LogOutputStream:75 - [STDERR_REDIRECT] [Fatal Error] :1:1: Premature end of file.
2025-11-30 10:24:50,744 [ERROR] LogOutputStream:75 - [STDERR_REDIRECT] 
2025-11-30 10:24:51,742 [ERROR] LogOutputStream:75 - [STDERR_REDIRECT] [Fatal Error] :1:1: Premature end of file.
2025-11-30 10:24:51,742 [ERROR] LogOutputStream:75 - [STDERR_REDIRECT] 
2025-11-30 10:24:52,748 [ERROR] LogOutputStream:75 - [STDERR_REDIRECT] [Fatal Error] :1:1: Premature end of file.
2025-11-30 10:24:52,748 [ERROR] LogOutputStream:75 - [STDERR_REDIRECT] 
2025-11-30 10:24:53,746 [ERROR] LogOutputStream:75 - [STDERR_REDIRECT] [Fatal Error] :1:1: Premature end of file.
2025-11-30 10:24:53,746 [ERROR] LogOutputStream:75 - [STDERR_REDIRECT] 
2025-11-30 10:24:54,741 [ERROR] LogOutputStream:75 - [STDERR_REDIRECT] [Fatal Error] :1:1: Premature end of file.
2025-11-30 10:24:54,741 [ERROR] LogOutputStream:75 - [STDERR_REDIRECT] 
2025-11-30 10:24:55,741 [ERROR] LogOutputStream:75 - [STDERR_REDIRECT] [Fatal Error] :1:1: Premature end of file.
2025-11-30 10:24:55,741 [ERROR] LogOutputStream:75 - [STDERR_REDIRECT] 
2025-11-30 10:24:56,736 [ERROR] LogOutputStream:75 - [STDERR_REDIRECT] [Fatal Error] :1:1: Premature end of file.
2025-11-30 10:24:56,736 [ERROR] LogOutputStream:75 - [STDERR_REDIRECT] 
2025-11-30 10:24:57,734 [ERROR] LogOutputStream:75 - [STDERR_REDIRECT] [Fatal Error] :1:1: Premature end of file.
2025-11-30 10:24:57,734 [ERROR] LogOutputStream:75 - [STDERR_REDIRECT] 
2025-11-30 10:24:58,742 [ERROR] LogOutputStream:75 - [STDERR_REDIRECT] [Fatal Error] :1:1: Premature end of file.
2025-11-30 10:24:58,742 [ERROR] LogOutputStream:75 - [STDERR_REDIRECT] 
2025-11-30 10:24:59,746 [ERROR] LogOutputStream:75 - [STDERR_REDIRECT] [Fatal Error] :1:1: Premature end of file.
2025-11-30 10:24:59,746 [ERROR] LogOutputStream:75 - [STDERR_REDIRECT] 
2025-11-30 10:25:00,751 [ERROR] LogOutputStream:75 - [STDERR_REDIRECT] [Fatal Error] :1:1: Premature end of file.
2025-11-30 10:25:00,751 [ERROR] LogOutputStream:75 - [STDERR_REDIRECT] 
2025-11-30 10:25:01,754 [ERROR] LogOutputStream:75 - [STDERR_REDIRECT] [Fatal Error] :1:1: Premature end of file.
2025-11-30 10:25:01,754 [ERROR] LogOutputStream:75 - [STDERR_REDIRECT] 
2025-11-30 10:25:02,748 [ERROR] LogOutputStream:75 - [STDERR_REDIRECT] [Fatal Error] :1:1: Premature end of file.
2025-11-30 10:25:02,748 [ERROR] LogOutputStream:75 - [STDERR_REDIRECT] 
2025-11-30 10:25:03,739 [ERROR] LogOutputStream:75 - [STDERR_REDIRECT] [Fatal Error] :1:1: Premature end of file.
2025-11-30 10:25:03,739 [ERROR] LogOutputStream:75 - [STDERR_REDIRECT] 
2025-11-30 10:25:04,736 [ERROR] LogOutputStream:75 - [STDERR_REDIRECT] [Fatal Error] :1:1: Premature end of file.
2025-11-30 10:25:04,736 [ERROR] LogOutputStream:75 - [STDERR_REDIRECT] 
2025-11-30 10:25:05,749 [ERROR] LogOutputStream:75 - [STDERR_REDIRECT] [Fatal Error] :1:1: Premature end of file.
2025-11-30 10:25:05,749 [ERROR] LogOutputStream:75 - [STDERR_REDIRECT] 
2025-11-30 10:25:06,736 [ERROR] LogOutputStream:75 - [STDERR_REDIRECT] [Fatal Error] :1:1: Premature end of file.
2025-11-30 10:25:06,736 [ERROR] LogOutputStream:75 - [STDERR_REDIRECT] 
2025-11-30 10:25:07,749 [ERROR] LogOutputStream:75 - [STDERR_REDIRECT] [Fatal Error] :1:1: Premature end of file.
2025-11-30 10:25:07,749 [ERROR] LogOutputStream:75 - [STDERR_REDIRECT] 
2025-11-30 10:25:08,745 [ERROR] LogOutputStream:75 - [STDERR_REDIRECT] [Fatal Error] :1:1: Premature end of file.
2025-11-30 10:25:08,745 [ERROR] LogOutputStream:75 - [STDERR_REDIRECT] 
2025-11-30 10:25:09,739 [ERROR] LogOutputStream:75 - [STDERR_REDIRECT] [Fatal Error] :1:1: Premature end of file.
2025-11-30 10:25:09,739 [ERROR] LogOutputStream:75 - [STDERR_REDIRECT] 
2025-11-30 10:25:10,749 [ERROR] LogOutputStream:75 - [STDERR_REDIRECT] [Fatal Error] :1:1: Premature end of file.
2025-11-30 10:25:10,749 [ERROR] LogOutputStream:75 - [STDERR_REDIRECT] 
2025-11-30 10:25:11,737 [ERROR] LogOutputStream:75 - [STDERR_REDIRECT] [Fatal Error] :1:1: Premature end of file.
2025-11-30 10:25:11,737 [ERROR] LogOutputStream:75 - [STDERR_REDIRECT] 
2025-11-30 10:25:12,743 [ERROR] LogOutputStream:75 - [STDERR_REDIRECT] [Fatal Error] :1:1: Premature end of file.
2025-11-30 10:25:12,743 [ERROR] LogOutputStream:75 - [STDERR_REDIRECT] 
2025-11-30 10:25:13,735 [ERROR] LogOutputStream:75 - [STDERR_REDIRECT] [Fatal Error] :1:1: Premature end of file.
2025-11-30 10:25:13,735 [ERROR] LogOutputStream:75 - [STDERR_REDIRECT] 
2025-11-30 10:25:14,747 [ERROR] LogOutputStream:75 - [STDERR_REDIRECT] [Fatal Error] :1:1: Premature end of file.
2025-11-30 10:25:14,747 [ERROR] LogOutputStream:75 - [STDERR_REDIRECT] 
2025-11-30 10:25:15,743 [ERROR] LogOutputStream:75 - [STDERR_REDIRECT] [Fatal Error] :1:1: Premature end of file.
2025-11-30 10:25:15,743 [ERROR] LogOutputStream:75 - [STDERR_REDIRECT] 
2025-11-30 10:25:16,748 [ERROR] LogOutputStream:75 - [STDERR_REDIRECT] [Fatal Error] :1:1: Premature end of file.
2025-11-30 10:25:16,748 [ERROR] LogOutputStream:75 - [STDERR_REDIRECT] 
2025-11-30 10:25:17,766 [ERROR] LogOutputStream:75 - [STDERR_REDIRECT] [Fatal Error] :1:1: Premature end of file.
2025-11-30 10:25:17,766 [ERROR] LogOutputStream:75 - [STDERR_REDIRECT] 
2025-11-30 10:25:18,749 [ERROR] LogOutputStream:75 - [STDERR_REDIRECT] [Fatal Error] :1:1: Premature end of file.
2025-11-30 10:25:18,749 [ERROR] LogOutputStream:75 - [STDERR_REDIRECT] 
2025-11-30 10:25:19,740 [ERROR] LogOutputStream:75 - [STDERR_REDIRECT] [Fatal Error] :1:1: Premature end of file.
2025-11-30 10:25:19,740 [ERROR] LogOutputStream:75 - [STDERR_REDIRECT] 
2025-11-30 10:25:20,744 [ERROR] LogOutputStream:75 - [STDERR_REDIRECT] [Fatal Error] :1:1: Premature end of file.
2025-11-30 10:25:20,744 [ERROR] LogOutputStream:75 - [STDERR_REDIRECT] 
2025-11-30 10:25:21,750 [ERROR] LogOutputStream:75 - [STDERR_REDIRECT] [Fatal Error] :1:1: Premature end of file.
2025-11-30 10:25:21,750 [ERROR] LogOutputStream:75 - [STDERR_REDIRECT] 
2025-11-30 10:25:22,734 [ERROR] LogOutputStream:75 - [STDERR_REDIRECT] [Fatal Error] :1:1: Premature end of file.
2025-11-30 10:25:22,734 [ERROR] LogOutputStream:75 - [STDERR_REDIRECT] 
2025-11-30 10:25:23,729 [ERROR] LogOutputStream:75 - [STDERR_REDIRECT] [Fatal Error] :1:1: Premature end of file.
2025-11-30 10:25:23,729 [ERROR] LogOutputStream:75 - [STDERR_REDIRECT] 
2025-11-30 10:25:24,731 [ERROR] LogOutputStream:75 - [STDERR_REDIRECT] [Fatal Error] :1:1: Premature end of file.
2025-11-30 10:25:24,731 [ERROR] LogOutputStream:75 - [STDERR_REDIRECT] 
2025-11-30 10:25:25,728 [ERROR] LogOutputStream:75 - [STDERR_REDIRECT] [Fatal Error] :1:1: Premature end of file.
2025-11-30 10:25:25,728 [ERROR] LogOutputStream:75 - [STDERR_REDIRECT] 
2025-11-30 10:25:26,740 [ERROR] LogOutputStream:75 - [STDERR_REDIRECT] [Fatal Error] :1:1: Premature end of file.
2025-11-30 10:25:26,740 [ERROR] LogOutputStream:75 - [STDERR_REDIRECT] 
2025-11-30 10:25:27,758 [ERROR] LogOutputStream:75 - [STDERR_REDIRECT] [Fatal Error] :1:1: Premature end of file.
2025-11-30 10:25:27,758 [ERROR] LogOutputStream:75 - [STDERR_REDIRECT] 
2025-11-30 10:25:28,746 [ERROR] LogOutputStream:75 - [STDERR_REDIRECT] [Fatal Error] :1:1: Premature end of file.
2025-11-30 10:25:28,746 [ERROR] LogOutputStream:75 - [STDERR_REDIRECT] 
2025-11-30 10:25:29,740 [ERROR] LogOutputStream:75 - [STDERR_REDIRECT] [Fatal Error] :1:1: Premature end of file.
2025-11-30 10:25:29,741 [ERROR] LogOutputStream:75 - [STDERR_REDIRECT] 
2025-11-30 10:25:30,746 [ERROR] LogOutputStream:75 - [STDERR_REDIRECT] [Fatal Error] :1:1: Premature end of file.
2025-11-30 10:25:30,746 [ERROR] LogOutputStream:75 - [STDERR_REDIRECT] 
2025-11-30 10:25:31,743 [ERROR] LogOutputStream:75 - [STDERR_REDIRECT] [Fatal Error] :1:1: Premature end of file.
2025-11-30 10:25:31,743 [ERROR] LogOutputStream:75 - [STDERR_REDIRECT] 
2025-11-30 10:25:32,736 [ERROR] LogOutputStream:75 - [STDERR_REDIRECT] [Fatal Error] :1:1: Premature end of file.
2025-11-30 10:25:32,736 [ERROR] LogOutputStream:75 - [STDERR_REDIRECT] 
2025-11-30 10:25:33,746 [ERROR] LogOutputStream:75 - [STDERR_REDIRECT] [Fatal Error] :1:1: Premature end of file.
2025-11-30 10:25:33,746 [ERROR] LogOutputStream:75 - [STDERR_REDIRECT] 
2025-11-30 10:25:34,737 [ERROR] LogOutputStream:75 - [STDERR_REDIRECT] [Fatal Error] :1:1: Premature end of file.
2025-11-30 10:25:34,737 [ERROR] LogOutputStream:75 - [STDERR_REDIRECT] 
2025-11-30 10:25:35,733 [ERROR] LogOutputStream:75 - [STDERR_REDIRECT] [Fatal Error] :1:1: Premature end of file.
2025-11-30 10:25:35,733 [ERROR] LogOutputStream:75 - [STDERR_REDIRECT] 
2025-11-30 10:25:36,729 [ERROR] LogOutputStream:75 - [STDERR_REDIRECT] [Fatal Error] :1:1: Premature end of file.
2025-11-30 10:25:36,729 [ERROR] LogOutputStream:75 - [STDERR_REDIRECT] 
2025-11-30 10:25:37,751 [ERROR] LogOutputStream:75 - [STDERR_REDIRECT] [Fatal Error] :1:1: Premature end of file.
2025-11-30 10:25:37,751 [ERROR] LogOutputStream:75 - [STDERR_REDIRECT] 
2025-11-30 10:25:38,642 [INFO] WebApp:403 - JxBrowser engine has been closed 
2025-11-30 10:25:38,710 [ERROR] LogOutputStream:75 - [STDERR_REDIRECT] [Fatal Error] :1:1: Premature end of file.
2025-11-30 10:25:38,710 [ERROR] LogOutputStream:75 - [STDERR_REDIRECT] 
2025-11-30 10:25:39,719 [ERROR] LogOutputStream:75 - [STDERR_REDIRECT] [Fatal Error] :1:1: Premature end of file.
2025-11-30 10:25:39,719 [ERROR] LogOutputStream:75 - [STDERR_REDIRECT] 
2025-11-30 10:25:40,722 [ERROR] LogOutputStream:75 - [STDERR_REDIRECT] [Fatal Error] :1:1: Premature end of file.
2025-11-30 10:25:40,722 [ERROR] LogOutputStream:75 - [STDERR_REDIRECT] 
2025-11-30 10:25:41,722 [ERROR] LogOutputStream:75 - [STDERR_REDIRECT] [Fatal Error] :1:1: Premature end of file.
2025-11-30 10:25:41,722 [ERROR] LogOutputStream:75 - [STDERR_REDIRECT] 
2025-11-30 10:25:42,722 [ERROR] LogOutputStream:75 - [STDERR_REDIRECT] [Fatal Error] :1:1: Premature end of file.
2025-11-30 10:25:42,722 [ERROR] LogOutputStream:75 - [STDERR_REDIRECT] 
2025-11-30 10:25:43,721 [ERROR] LogOutputStream:75 - [STDERR_REDIRECT] [Fatal Error] :1:1: Premature end of file.
2025-11-30 10:25:43,721 [ERROR] LogOutputStream:75 - [STDERR_REDIRECT] 
2025-11-30 10:25:44,722 [ERROR] LogOutputStream:75 - [STDERR_REDIRECT] [Fatal Error] :1:1: Premature end of file.
2025-11-30 10:25:44,722 [ERROR] LogOutputStream:75 - [STDERR_REDIRECT] 
2025-11-30 10:25:45,721 [ERROR] LogOutputStream:75 - [STDERR_REDIRECT] [Fatal Error] :1:1: Premature end of file.
2025-11-30 10:25:45,721 [ERROR] LogOutputStream:75 - [STDERR_REDIRECT] 
2025-11-30 10:25:46,722 [ERROR] LogOutputStream:75 - [STDERR_REDIRECT] [Fatal Error] :1:1: Premature end of file.
2025-11-30 10:25:46,722 [ERROR] LogOutputStream:75 - [STDERR_REDIRECT] 
2025-11-30 10:25:47,722 [ERROR] LogOutputStream:75 - [STDERR_REDIRECT] [Fatal Error] :1:1: Premature end of file.
2025-11-30 10:25:47,722 [ERROR] LogOutputStream:75 - [STDERR_REDIRECT] 
2025-11-30 10:25:48,725 [ERROR] LogOutputStream:75 - [STDERR_REDIRECT] [Fatal Error] :1:1: Premature end of file.
2025-11-30 10:25:48,725 [ERROR] LogOutputStream:75 - [STDERR_REDIRECT] 
2025-11-30 10:25:49,717 [ERROR] LogOutputStream:75 - [STDERR_REDIRECT] [Fatal Error] :1:1: Premature end of file.
2025-11-30 10:25:49,717 [ERROR] LogOutputStream:75 - [STDERR_REDIRECT] 
2025-11-30 10:25:50,723 [ERROR] LogOutputStream:75 - [STDERR_REDIRECT] [Fatal Error] :1:1: Premature end of file.
2025-11-30 10:25:50,723 [ERROR] LogOutputStream:75 - [STDERR_REDIRECT] 
2025-11-30 10:25:51,722 [ERROR] LogOutputStream:75 - [STDERR_REDIRECT] [Fatal Error] :1:1: Premature end of file.
2025-11-30 10:25:51,722 [ERROR] LogOutputStream:75 - [STDERR_REDIRECT] 
2025-11-30 10:25:52,721 [ERROR] LogOutputStream:75 - [STDERR_REDIRECT] [Fatal Error] :1:1: Premature end of file.
2025-11-30 10:25:52,721 [ERROR] LogOutputStream:75 - [STDERR_REDIRECT] 
2025-11-30 10:25:53,722 [ERROR] LogOutputStream:75 - [STDERR_REDIRECT] [Fatal Error] :1:1: Premature end of file.
2025-11-30 10:25:53,722 [ERROR] LogOutputStream:75 - [STDERR_REDIRECT] 
2025-11-30 10:25:54,722 [ERROR] LogOutputStream:75 - [STDERR_REDIRECT] [Fatal Error] :1:1: Premature end of file.
2025-11-30 10:25:54,722 [ERROR] LogOutputStream:75 - [STDERR_REDIRECT] 
2025-11-30 10:25:55,722 [ERROR] LogOutputStream:75 - [STDERR_REDIRECT] [Fatal Error] :1:1: Premature end of file.
2025-11-30 10:25:55,722 [ERROR] LogOutputStream:75 - [STDERR_REDIRECT] 
2025-11-30 10:25:56,721 [ERROR] LogOutputStream:75 - [STDERR_REDIRECT] [Fatal Error] :1:1: Premature end of file.
2025-11-30 10:25:56,721 [ERROR] LogOutputStream:75 - [STDERR_REDIRECT] 
2025-11-30 10:25:57,734 [ERROR] LogOutputStream:75 - [STDERR_REDIRECT] [Fatal Error] :1:1: Premature end of file.
2025-11-30 10:25:57,734 [ERROR] LogOutputStream:75 - [STDERR_REDIRECT] 
2025-11-30 10:25:58,711 [ERROR] LogOutputStream:75 - [STDERR_REDIRECT] [Fatal Error] :1:1: Premature end of file.
2025-11-30 10:25:58,711 [ERROR] LogOutputStream:75 - [STDERR_REDIRECT] 
2025-11-30 10:25:59,721 [ERROR] LogOutputStream:75 - [STDERR_REDIRECT] [Fatal Error] :1:1: Premature end of file.
2025-11-30 10:25:59,721 [ERROR] LogOutputStream:75 - [STDERR_REDIRECT] 
2025-11-30 10:26:00,734 [ERROR] LogOutputStream:75 - [STDERR_REDIRECT] [Fatal Error] :1:1: Premature end of file.
2025-11-30 10:26:00,734 [ERROR] LogOutputStream:75 - [STDERR_REDIRECT] 
2025-11-30 10:26:01,710 [ERROR] LogOutputStream:75 - [STDERR_REDIRECT] [Fatal Error] :1:1: Premature end of file.
2025-11-30 10:26:01,710 [ERROR] LogOutputStream:75 - [STDERR_REDIRECT] 
2025-11-30 10:26:02,722 [ERROR] LogOutputStream:75 - [STDERR_REDIRECT] [Fatal Error] :1:1: Premature end of file.
2025-11-30 10:26:02,722 [ERROR] LogOutputStream:75 - [STDERR_REDIRECT] 
2025-11-30 10:26:03,722 [ERROR] LogOutputStream:75 - [STDERR_REDIRECT] [Fatal Error] :1:1: Premature end of file.
2025-11-30 10:26:03,722 [ERROR] LogOutputStream:75 - [STDERR_REDIRECT] 
2025-11-30 10:26:04,721 [ERROR] LogOutputStream:75 - [STDERR_REDIRECT] [Fatal Error] :1:1: Premature end of file.
2025-11-30 10:26:04,721 [ERROR] LogOutputStream:75 - [STDERR_REDIRECT] 
2025-11-30 10:26:05,722 [ERROR] LogOutputStream:75 - [STDERR_REDIRECT] [Fatal Error] :1:1: Premature end of file.
2025-11-30 10:26:05,722 [ERROR] LogOutputStream:75 - [STDERR_REDIRECT] 
2025-11-30 10:26:06,722 [ERROR] LogOutputStream:75 - [STDERR_REDIRECT] [Fatal Error] :1:1: Premature end of file.
2025-11-30 10:26:06,722 [ERROR] LogOutputStream:75 - [STDERR_REDIRECT] 
2025-11-30 10:26:07,729 [ERROR] LogOutputStream:75 - [STDERR_REDIRECT] [Fatal Error] :1:1: Premature end of file.
2025-11-30 10:26:07,729 [ERROR] LogOutputStream:75 - [STDERR_REDIRECT] 
2025-11-30 10:26:08,723 [ERROR] LogOutputStream:75 - [STDERR_REDIRECT] [Fatal Error] :1:1: Premature end of file.
2025-11-30 10:26:08,723 [ERROR] LogOutputStream:75 - [STDERR_REDIRECT] 
2025-11-30 10:26:09,714 [ERROR] LogOutputStream:75 - [STDERR_REDIRECT] [Fatal Error] :1:1: Premature end of file.
2025-11-30 10:26:09,714 [ERROR] LogOutputStream:75 - [STDERR_REDIRECT] 
2025-11-30 10:26:10,721 [ERROR] LogOutputStream:75 - [STDERR_REDIRECT] [Fatal Error] :1:1: Premature end of file.
2025-11-30 10:26:10,721 [ERROR] LogOutputStream:75 - [STDERR_REDIRECT] 
2025-11-30 10:26:11,722 [ERROR] LogOutputStream:75 - [STDERR_REDIRECT] [Fatal Error] :1:1: Premature end of file.
2025-11-30 10:26:11,722 [ERROR] LogOutputStream:75 - [STDERR_REDIRECT] 
2025-11-30 10:26:12,721 [ERROR] LogOutputStream:75 - [STDERR_REDIRECT] [Fatal Error] :1:1: Premature end of file.
2025-11-30 10:26:12,721 [ERROR] LogOutputStream:75 - [STDERR_REDIRECT] 
2025-11-30 10:26:13,722 [ERROR] LogOutputStream:75 - [STDERR_REDIRECT] [Fatal Error] :1:1: Premature end of file.
2025-11-30 10:26:13,722 [ERROR] LogOutputStream:75 - [STDERR_REDIRECT] 
2025-11-30 10:26:14,721 [ERROR] LogOutputStream:75 - [STDERR_REDIRECT] [Fatal Error] :1:1: Premature end of file.
2025-11-30 10:26:14,721 [ERROR] LogOutputStream:75 - [STDERR_REDIRECT] 
2025-11-30 10:26:15,722 [ERROR] LogOutputStream:75 - [STDERR_REDIRECT] [Fatal Error] :1:1: Premature end of file.
2025-11-30 10:26:15,722 [ERROR] LogOutputStream:75 - [STDERR_REDIRECT] 
2025-11-30 10:26:16,728 [ERROR] LogOutputStream:75 - [STDERR_REDIRECT] [Fatal Error] :1:1: Premature end of file.
2025-11-30 10:26:16,728 [ERROR] LogOutputStream:75 - [STDERR_REDIRECT] 
2025-11-30 10:26:17,720 [ERROR] LogOutputStream:75 - [STDERR_REDIRECT] [Fatal Error] :1:1: Premature end of file.
2025-11-30 10:26:17,720 [ERROR] LogOutputStream:75 - [STDERR_REDIRECT] 
2025-11-30 10:26:18,721 [ERROR] LogOutputStream:75 - [STDERR_REDIRECT] [Fatal Error] :1:1: Premature end of file.
2025-11-30 10:26:18,721 [ERROR] LogOutputStream:75 - [STDERR_REDIRECT] 
2025-11-30 10:26:19,721 [ERROR] LogOutputStream:75 - [STDERR_REDIRECT] [Fatal Error] :1:1: Premature end of file.
2025-11-30 10:26:19,721 [ERROR] LogOutputStream:75 - [STDERR_REDIRECT] 
2025-11-30 10:26:20,721 [ERROR] LogOutputStream:75 - [STDERR_REDIRECT] [Fatal Error] :1:1: Premature end of file.
2025-11-30 10:26:20,721 [ERROR] LogOutputStream:75 - [STDERR_REDIRECT] 
2025-11-30 10:26:21,721 [ERROR] LogOutputStream:75 - [STDERR_REDIRECT] [Fatal Error] :1:1: Premature end of file.
2025-11-30 10:26:21,721 [ERROR] LogOutputStream:75 - [STDERR_REDIRECT] 
2025-11-30 10:26:22,733 [ERROR] LogOutputStream:75 - [STDERR_REDIRECT] [Fatal Error] :1:1: Premature end of file.
2025-11-30 10:26:22,733 [ERROR] LogOutputStream:75 - [STDERR_REDIRECT] 
2025-11-30 10:26:23,710 [ERROR] LogOutputStream:75 - [STDERR_REDIRECT] [Fatal Error] :1:1: Premature end of file.
2025-11-30 10:26:23,710 [ERROR] LogOutputStream:75 - [STDERR_REDIRECT] 
2025-11-30 10:26:24,721 [ERROR] LogOutputStream:75 - [STDERR_REDIRECT] [Fatal Error] :1:1: Premature end of file.
2025-11-30 10:26:24,721 [ERROR] LogOutputStream:75 - [STDERR_REDIRECT] 
2025-11-30 10:26:25,722 [ERROR] LogOutputStream:75 - [STDERR_REDIRECT] [Fatal Error] :1:1: Premature end of file.
2025-11-30 10:26:25,722 [ERROR] LogOutputStream:75 - [STDERR_REDIRECT] 
2025-11-30 10:26:26,729 [ERROR] LogOutputStream:75 - [STDERR_REDIRECT] [Fatal Error] :1:1: Premature end of file.
2025-11-30 10:26:26,729 [ERROR] LogOutputStream:75 - [STDERR_REDIRECT] 
2025-11-30 10:26:27,715 [ERROR] LogOutputStream:75 - [STDERR_REDIRECT] [Fatal Error] :1:1: Premature end of file.
2025-11-30 10:26:27,715 [ERROR] LogOutputStream:75 - [STDERR_REDIRECT] 
2025-11-30 10:26:28,721 [ERROR] LogOutputStream:75 - [STDERR_REDIRECT] [Fatal Error] :1:1: Premature end of file.
2025-11-30 10:26:28,721 [ERROR] LogOutputStream:75 - [STDERR_REDIRECT] 
2025-11-30 10:26:29,721 [ERROR] LogOutputStream:75 - [STDERR_REDIRECT] [Fatal Error] :1:1: Premature end of file.
2025-11-30 10:26:29,721 [ERROR] LogOutputStream:75 - [STDERR_REDIRECT] 
2025-11-30 10:26:30,721 [ERROR] LogOutputStream:75 - [STDERR_REDIRECT] [Fatal Error] :1:1: Premature end of file.
2025-11-30 10:26:30,721 [ERROR] LogOutputStream:75 - [STDERR_REDIRECT] 
2025-11-30 10:26:31,722 [ERROR] LogOutputStream:75 - [STDERR_REDIRECT] [Fatal Error] :1:1: Premature end of file.
2025-11-30 10:26:31,722 [ERROR] LogOutputStream:75 - [STDERR_REDIRECT] 
2025-11-30 10:26:32,721 [ERROR] LogOutputStream:75 - [STDERR_REDIRECT] [Fatal Error] :1:1: Premature end of file.
2025-11-30 10:26:32,721 [ERROR] LogOutputStream:75 - [STDERR_REDIRECT] 
2025-11-30 10:26:33,721 [ERROR] LogOutputStream:75 - [STDERR_REDIRECT] [Fatal Error] :1:1: Premature end of file.
2025-11-30 10:26:33,721 [ERROR] LogOutputStream:75 - [STDERR_REDIRECT] 
2025-11-30 10:26:34,734 [ERROR] LogOutputStream:75 - [STDERR_REDIRECT] [Fatal Error] :1:1: Premature end of file.
2025-11-30 10:26:34,734 [ERROR] LogOutputStream:75 - [STDERR_REDIRECT] 
2025-11-30 10:26:35,709 [ERROR] LogOutputStream:75 - [STDERR_REDIRECT] [Fatal Error] :1:1: Premature end of file.
2025-11-30 10:26:35,709 [ERROR] LogOutputStream:75 - [STDERR_REDIRECT] 
2025-11-30 10:26:36,722 [ERROR] LogOutputStream:75 - [STDERR_REDIRECT] [Fatal Error] :1:1: Premature end of file.
2025-11-30 10:26:36,722 [ERROR] LogOutputStream:75 - [STDERR_REDIRECT] 
2025-11-30 10:26:37,722 [ERROR] LogOutputStream:75 - [STDERR_REDIRECT] [Fatal Error] :1:1: Premature end of file.
2025-11-30 10:26:37,722 [ERROR] LogOutputStream:75 - [STDERR_REDIRECT] 
2025-11-30 10:26:38,721 [ERROR] LogOutputStream:75 - [STDERR_REDIRECT] [Fatal Error] :1:1: Premature end of file.
2025-11-30 10:26:38,721 [ERROR] LogOutputStream:75 - [STDERR_REDIRECT] 
2025-11-30 10:26:39,722 [ERROR] LogOutputStream:75 - [STDERR_REDIRECT] [Fatal Error] :1:1: Premature end of file.
2025-11-30 10:26:39,722 [ERROR] LogOutputStream:75 - [STDERR_REDIRECT] 
2025-11-30 10:26:40,721 [ERROR] LogOutputStream:75 - [STDERR_REDIRECT] [Fatal Error] :1:1: Premature end of file.
2025-11-30 10:26:40,721 [ERROR] LogOutputStream:75 - [STDERR_REDIRECT] 
2025-11-30 10:26:41,722 [ERROR] LogOutputStream:75 - [STDERR_REDIRECT] [Fatal Error] :1:1: Premature end of file.
2025-11-30 10:26:41,722 [ERROR] LogOutputStream:75 - [STDERR_REDIRECT] 
2025-11-30 10:26:42,722 [ERROR] LogOutputStream:75 - [STDERR_REDIRECT] [Fatal Error] :1:1: Premature end of file.
2025-11-30 10:26:42,722 [ERROR] LogOutputStream:75 - [STDERR_REDIRECT] 
2025-11-30 10:26:43,742 [ERROR] LogOutputStream:75 - [STDERR_REDIRECT] [Fatal Error] :1:1: Premature end of file.
2025-11-30 10:26:43,742 [ERROR] LogOutputStream:75 - [STDERR_REDIRECT] 
2025-11-30 10:26:44,730 [ERROR] LogOutputStream:75 - [STDERR_REDIRECT] [Fatal Error] :1:1: Premature end of file.
2025-11-30 10:26:44,730 [ERROR] LogOutputStream:75 - [STDERR_REDIRECT] 
2025-11-30 10:26:45,736 [ERROR] LogOutputStream:75 - [STDERR_REDIRECT] [Fatal Error] :1:1: Premature end of file.
2025-11-30 10:26:45,736 [ERROR] LogOutputStream:75 - [STDERR_REDIRECT] 
2025-11-30 10:26:46,739 [ERROR] LogOutputStream:75 - [STDERR_REDIRECT] [Fatal Error] :1:1: Premature end of file.
2025-11-30 10:26:46,739 [ERROR] LogOutputStream:75 - [STDERR_REDIRECT] 
2025-11-30 10:26:47,738 [ERROR] LogOutputStream:75 - [STDERR_REDIRECT] [Fatal Error] :1:1: Premature end of file.
2025-11-30 10:26:47,738 [ERROR] LogOutputStream:75 - [STDERR_REDIRECT] 
2025-11-30 10:26:48,726 [ERROR] LogOutputStream:75 - [STDERR_REDIRECT] [Fatal Error] :1:1: Premature end of file.
2025-11-30 10:26:48,726 [ERROR] LogOutputStream:75 - [STDERR_REDIRECT] 
2025-11-30 10:26:49,761 [ERROR] LogOutputStream:75 - [STDERR_REDIRECT] [Fatal Error] :1:1: Premature end of file.
2025-11-30 10:26:49,761 [ERROR] LogOutputStream:75 - [STDERR_REDIRECT] 
2025-11-30 10:26:50,741 [ERROR] LogOutputStream:75 - [STDERR_REDIRECT] [Fatal Error] :1:1: Premature end of file.
2025-11-30 10:26:50,741 [ERROR] LogOutputStream:75 - [STDERR_REDIRECT] 
2025-11-30 10:26:51,734 [ERROR] LogOutputStream:75 - [STDERR_REDIRECT] [Fatal Error] :1:1: Premature end of file.
2025-11-30 10:26:51,734 [ERROR] LogOutputStream:75 - [STDERR_REDIRECT] 
2025-11-30 10:26:52,738 [ERROR] LogOutputStream:75 - [STDERR_REDIRECT] [Fatal Error] :1:1: Premature end of file.
2025-11-30 10:26:52,738 [ERROR] LogOutputStream:75 - [STDERR_REDIRECT] 
2025-11-30 10:26:53,739 [ERROR] LogOutputStream:75 - [STDERR_REDIRECT] [Fatal Error] :1:1: Premature end of file.
2025-11-30 10:26:53,739 [ERROR] LogOutputStream:75 - [STDERR_REDIRECT] 
2025-11-30 10:26:54,736 [ERROR] LogOutputStream:75 - [STDERR_REDIRECT] [Fatal Error] :1:1: Premature end of file.
2025-11-30 10:26:54,736 [ERROR] LogOutputStream:75 - [STDERR_REDIRECT] 
2025-11-30 10:26:55,709 [ERROR] LogOutputStream:75 - [STDERR_REDIRECT] [Fatal Error] :1:1: Premature end of file.
2025-11-30 10:26:55,709 [ERROR] LogOutputStream:75 - [STDERR_REDIRECT] 
2025-11-30 10:26:56,722 [ERROR] LogOutputStream:75 - [STDERR_REDIRECT] [Fatal Error] :1:1: Premature end of file.
2025-11-30 10:26:56,722 [ERROR] LogOutputStream:75 - [STDERR_REDIRECT] 
2025-11-30 10:26:57,721 [ERROR] LogOutputStream:75 - [STDERR_REDIRECT] [Fatal Error] :1:1: Premature end of file.
2025-11-30 10:26:57,721 [ERROR] LogOutputStream:75 - [STDERR_REDIRECT] 
2025-11-30 10:26:58,721 [ERROR] LogOutputStream:75 - [STDERR_REDIRECT] [Fatal Error] :1:1: Premature end of file.
2025-11-30 10:26:58,721 [ERROR] LogOutputStream:75 - [STDERR_REDIRECT] 
2025-11-30 10:26:59,721 [ERROR] LogOutputStream:75 - [STDERR_REDIRECT] [Fatal Error] :1:1: Premature end of file.
2025-11-30 10:26:59,721 [ERROR] LogOutputStream:75 - [STDERR_REDIRECT] 
2025-11-30 10:26:59,922 [ERROR] LogOutputStream:75 - [STDERR_REDIRECT] 
