2025-12-09 20:48:47,424 [INFO] Activator:176 - 


2025-12-09 20:48:47,430 [INFO] Activator:177 - !SESSION log4j initialized
2025-12-09 20:48:53,009 [INFO] LogOutputStream:77 - [STDOUT_REDIRECT] 
2025-12-09 20:48:53,939 [INFO] ApplicationProperties:184 - Using Application install path: C:\ST\STM32CubeIDE_1.19.0\STM32CubeIDE\plugins\com.st.stm32cube.common.mx_6.15.0.202507011659
2025-12-09 20:48:53,956 [INFO] DbMcusXml:78 - Set database path to: C:\ST\STM32CubeIDE_1.19.0\STM32CubeIDE\plugins\com.st.stm32cube.common.mx_6.15.0.202507011659\\db\/mcu/
2025-12-09 20:48:53,956 [INFO] ApiDb:274 - Set plugin database path to: C:\ST\STM32CubeIDE_1.19.0\STM32CubeIDE\plugins\com.st.stm32cube.common.mx_6.15.0.202507011659\\db\/plugins/boardmanager/
2025-12-09 20:48:53,957 [WARN] ApiDb:259 - Overriding images path with different value:  => C:\ST\STM32CubeIDE_1.19.0\STM32CubeIDE\plugins\com.st.stm32cube.common.mx_6.15.0.202507011659\\db\/plugins/mcufinder/images/
2025-12-09 20:48:53,963 [INFO] ApiDb:250 - Set database path to: C:\Users\akash\.stmcufinder\plugins\mcufinder//mcu/
2025-12-09 20:48:53,964 [INFO] DbMcusAds:125 - Set database path to: C:\Users\akash\.stmcufinder\plugins\mcufinder//mcu/
2025-12-09 20:48:53,967 [INFO] CrossReferenceDbSqlite:203 - Set database path to: C:\Users\akash\.stmcufinder\plugins\mcufinder//mcu/cs/
2025-12-09 20:48:54,091 [INFO] RulesReader:64 - Compatibility file has been processed (317 Rules)
2025-12-09 20:48:54,160 [INFO] DbMcusXml:78 - Set database path to: C:\ST\STM32CubeIDE_1.19.0\STM32CubeIDE\plugins\com.st.stm32cube.common.mx_6.15.0.202507011659\\db\/mcu/
2025-12-09 20:48:54,160 [INFO] ApiDb:274 - Set plugin database path to: C:\ST\STM32CubeIDE_1.19.0\STM32CubeIDE\plugins\com.st.stm32cube.common.mx_6.15.0.202507011659\\db\/plugins/boardmanager/
2025-12-09 20:48:54,160 [INFO] ApiDb:261 - Set plugin images path to: C:\ST\STM32CubeIDE_1.19.0\STM32CubeIDE\plugins\com.st.stm32cube.common.mx_6.15.0.202507011659\\db\/plugins/mcufinder/images/
2025-12-09 20:48:54,160 [WARN] DbFile:41 - Overriding database path with different value: C:\Users\akash\.stmcufinder\plugins\mcufinder/ => C:\Users\akash\.stmcufinder\plugins\mcufinder
2025-12-09 20:48:54,160 [INFO] ApiDb:250 - Set database path to: C:\Users\akash\.stmcufinder\plugins\mcufinder//mcu/
2025-12-09 20:48:54,160 [WARN] DbFile:41 - Overriding database path with different value: C:\Users\akash\.stmcufinder\plugins\mcufinder/ => C:\Users\akash\.stmcufinder\plugins\mcufinder
2025-12-09 20:48:54,160 [INFO] DbMcusAds:125 - Set database path to: C:\Users\akash\.stmcufinder\plugins\mcufinder//mcu/
2025-12-09 20:48:54,160 [WARN] DbFile:41 - Overriding database path with different value: C:\Users\akash\.stmcufinder\plugins\mcufinder/ => C:\Users\akash\.stmcufinder\plugins\mcufinder
2025-12-09 20:48:54,160 [WARN] DbFile:41 - Overriding database path with different value: C:\Users\akash\.stmcufinder\plugins\mcufinder/ => C:\Users\akash\.stmcufinder\plugins\mcufinder
2025-12-09 20:48:54,160 [INFO] CrossReferenceDbSqlite:203 - Set database path to: C:\Users\akash\.stmcufinder\plugins\mcufinder//mcu/cs/
2025-12-09 20:48:54,230 [INFO] MainPanel:274 - HeapMemory: 268435456
2025-12-09 20:48:54,330 [INFO] DbMcusXml:78 - Set database path to: C:\ST\STM32CubeIDE_1.19.0\STM32CubeIDE\plugins\com.st.stm32cube.common.mx_6.15.0.202507011659\\db\/mcu/
2025-12-09 20:48:54,330 [INFO] ApiDb:274 - Set plugin database path to: C:\ST\STM32CubeIDE_1.19.0\STM32CubeIDE\plugins\com.st.stm32cube.common.mx_6.15.0.202507011659\\db\/plugins/boardmanager/
2025-12-09 20:48:54,330 [INFO] ApiDb:261 - Set plugin images path to: C:\ST\STM32CubeIDE_1.19.0\STM32CubeIDE\plugins\com.st.stm32cube.common.mx_6.15.0.202507011659\\db\/plugins/mcufinder/images/
2025-12-09 20:48:54,332 [WARN] DbFile:41 - Overriding database path with different value: C:\Users\akash\.stmcufinder\plugins\mcufinder/ => C:\Users\akash\.stmcufinder\plugins\mcufinder
2025-12-09 20:48:54,332 [INFO] ApiDb:250 - Set database path to: C:\Users\akash\.stmcufinder\plugins\mcufinder//mcu/
2025-12-09 20:48:54,332 [WARN] DbFile:41 - Overriding database path with different value: C:\Users\akash\.stmcufinder\plugins\mcufinder/ => C:\Users\akash\.stmcufinder\plugins\mcufinder
2025-12-09 20:48:54,332 [INFO] DbMcusAds:125 - Set database path to: C:\Users\akash\.stmcufinder\plugins\mcufinder//mcu/
2025-12-09 20:48:54,332 [WARN] DbFile:41 - Overriding database path with different value: C:\Users\akash\.stmcufinder\plugins\mcufinder/ => C:\Users\akash\.stmcufinder\plugins\mcufinder
2025-12-09 20:48:54,332 [WARN] DbFile:41 - Overriding database path with different value: C:\Users\akash\.stmcufinder\plugins\mcufinder/ => C:\Users\akash\.stmcufinder\plugins\mcufinder
2025-12-09 20:48:54,332 [INFO] CrossReferenceDbSqlite:203 - Set database path to: C:\Users\akash\.stmcufinder\plugins\mcufinder//mcu/cs/
2025-12-09 20:48:54,347 [INFO] ApplicationProperties:184 - Using Application install path: C:\ST\STM32CubeIDE_1.19.0\STM32CubeIDE\plugins\com.st.stm32cube.common.mx_6.15.0.202507011659
2025-12-09 20:48:54,348 [INFO] PluginManage:196 - Search for loadable plugins [exclusion list=, ]
2025-12-09 20:48:54,349 [INFO] PluginManage:310 - Check plugin analytics
2025-12-09 20:48:54,500 [INFO] AnalyticsPlugin:253 - Accepted Software Licenses: STM32CubeMX.6.15.0
2025-12-09 20:48:54,500 [INFO] AnalyticsPlugin:255 - Accepted CMSIS Pack Licenses: STMicroelectronics.X-CUBE-AZRTOS-H7.3.3.0,STMicroelectronics.X-CUBE-AZRTOS-H7.3.4.0
2025-12-09 20:48:54,500 [INFO] AnalyticsPlugin:257 - Accepted Firmware Licenses: FW.H7.1.12.0,FW.G0.1.6.0,FW.G4.1.6.0
2025-12-09 20:48:54,503 [INFO] PluginManage:359 - Loaded plugin analytics (category:tool,tabindex:-1)
2025-12-09 20:48:54,503 [INFO] PluginManage:310 - Check plugin cadmodel
2025-12-09 20:48:54,508 [INFO] CADModel:105 - Init CAD model plugin
2025-12-09 20:48:54,508 [INFO] PluginManage:359 - Loaded plugin cadmodel (category:power,tabindex:5)
2025-12-09 20:48:54,508 [INFO] PluginManage:310 - Check plugin clock
2025-12-09 20:48:54,518 [INFO] PluginManage:359 - Loaded plugin clock (category:base,tabindex:2)
2025-12-09 20:48:54,518 [INFO] PluginManage:310 - Check plugin ddr
2025-12-09 20:48:54,520 [INFO] PluginManage:359 - Loaded plugin ddr (category:tool,tabindex:6)
2025-12-09 20:48:54,520 [INFO] PluginManage:310 - Check plugin filemanager
2025-12-09 20:48:54,664 [INFO] PluginManage:359 - Loaded plugin filemanager (category:base,tabindex:10)
2025-12-09 20:48:54,664 [INFO] PluginManage:310 - Check plugin ipmanager
2025-12-09 20:48:54,670 [INFO] PluginManage:359 - Loaded plugin ipmanager (category:base,tabindex:5)
2025-12-09 20:48:54,670 [INFO] PluginManage:310 - Check plugin lpbam
2025-12-09 20:48:54,678 [INFO] PluginManage:359 - Loaded plugin lpbam (category:base,tabindex:0)
2025-12-09 20:48:54,678 [INFO] PluginManage:310 - Check plugin memorymap
2025-12-09 20:48:54,692 [INFO] PluginManage:359 - Loaded plugin memorymap (category:base,tabindex:4)
2025-12-09 20:48:54,692 [INFO] PluginManage:310 - Check plugin pinoutandconfiguration
2025-12-09 20:48:54,702 [INFO] PluginManage:359 - Loaded plugin pinoutandconfiguration (category:base,tabindex:1)
2025-12-09 20:48:54,702 [INFO] PluginManage:310 - Check plugin pinoutconfig
2025-12-09 20:48:54,785 [WARN] SupportedApi:132 - Cannot load RTOS API schema: s4s-elt-must-match.1: The content of 'definitions' must match (annotation?, (simpleType | complexType)?, (unique | key | keyref)*)). A problem was found starting at: attribute.
2025-12-09 20:48:54,959 [INFO] PluginManage:359 - Loaded plugin pinoutconfig (category:base,tabindex:0)
2025-12-09 20:48:54,959 [INFO] PluginManage:310 - Check plugin power
2025-12-09 20:48:54,967 [INFO] PluginManage:359 - Loaded plugin power (category:power,tabindex:4)
2025-12-09 20:48:54,967 [INFO] PluginManage:310 - Check plugin projectmanager
2025-12-09 20:48:54,981 [INFO] PluginManage:359 - Loaded plugin projectmanager (category:projectmanager,tabindex:4)
2025-12-09 20:48:54,981 [INFO] PluginManage:310 - Check plugin rif
2025-12-09 20:48:54,989 [INFO] PluginManage:359 - Loaded plugin rif (category:base,tabindex:3)
2025-12-09 20:48:54,989 [INFO] PluginManage:310 - Check plugin thirdparty
2025-12-09 20:48:55,100 [INFO] PluginManage:359 - Loaded plugin thirdparty (category:base,tabindex:-1)
2025-12-09 20:48:55,100 [INFO] PluginManage:310 - Check plugin tools
2025-12-09 20:48:55,100 [WARN] IntegrityCheckThread:84 - waiting for thirdparty lock release [integrity check]
2025-12-09 20:48:55,100 [INFO] IntegrityCheckThread:86 - entering critical section [integrity check]
2025-12-09 20:48:55,101 [INFO] ThirdPartyUpdaterWithRetryManager:70 - Updater plugin not ready yet. [1/15]
2025-12-09 20:48:55,102 [INFO] PluginManage:359 - Loaded plugin tools (category:base,tabindex:7)
2025-12-09 20:48:55,102 [INFO] PluginManage:310 - Check plugin tutovideos
2025-12-09 20:48:55,298 [INFO] PluginManage:359 - Loaded plugin tutovideos (category:base,tabindex:-1)
2025-12-09 20:48:55,298 [INFO] PluginManage:310 - Check plugin updater
2025-12-09 20:48:55,315 [INFO] PluginManage:359 - Loaded plugin updater (category:base,tabindex:12)
2025-12-09 20:48:55,316 [INFO] PluginManage:310 - Check plugin userauth
2025-12-09 20:48:55,320 [INFO] UserAuth:118 - Init User Auth plugin
2025-12-09 20:48:55,320 [INFO] PluginManage:359 - Loaded plugin userauth (category:base,tabindex:14)
2025-12-09 20:48:55,328 [INFO] PluginManage:283 - PluginManage : Loaded plugins [18]
2025-12-09 20:48:55,500 [INFO] PinOutPanel:1589 - setPackage(No Configuration,No Configuration)
2025-12-09 20:48:55,573 [INFO] CADModel:165 - CPN selected for project level
2025-12-09 20:48:55,574 [INFO] CADModel:114 - Register for checkConnection events
2025-12-09 20:48:55,595 [INFO] IPUIPlugin:80 - create IPUIPlugin
2025-12-09 20:48:55,595 [INFO] PluginManager:220 - loadIPPluginJar : add adc
2025-12-09 20:48:55,598 [INFO] IPUIPlugin:80 - create IPUIPlugin
2025-12-09 20:48:55,598 [INFO] PluginManager:220 - loadIPPluginJar : add aes
2025-12-09 20:48:55,600 [INFO] IPUIPlugin:80 - create IPUIPlugin
2025-12-09 20:48:55,600 [INFO] PluginManager:220 - loadIPPluginJar : add can
2025-12-09 20:48:55,602 [INFO] IPUIPlugin:80 - create IPUIPlugin
2025-12-09 20:48:55,602 [INFO] PluginManager:220 - loadIPPluginJar : add comp
2025-12-09 20:48:55,604 [INFO] IPUIPlugin:80 - create IPUIPlugin
2025-12-09 20:48:55,604 [INFO] PluginManager:220 - loadIPPluginJar : add cryp
2025-12-09 20:48:55,608 [INFO] IPUIPlugin:80 - create IPUIPlugin
2025-12-09 20:48:55,608 [INFO] PluginManager:220 - loadIPPluginJar : add ddr_ctrl_phy
2025-12-09 20:48:55,610 [INFO] IPUIPlugin:80 - create IPUIPlugin
2025-12-09 20:48:55,611 [INFO] PluginManager:220 - loadIPPluginJar : add dfsdm
2025-12-09 20:48:55,616 [INFO] IPUIPlugin:80 - create IPUIPlugin
2025-12-09 20:48:55,617 [INFO] PluginManager:220 - loadIPPluginJar : add dma
2025-12-09 20:48:55,619 [INFO] IPUIPlugin:80 - create IPUIPlugin
2025-12-09 20:48:55,620 [INFO] PluginManager:220 - loadIPPluginJar : add dma3
2025-12-09 20:48:55,623 [INFO] IPUIPlugin:80 - create IPUIPlugin
2025-12-09 20:48:55,623 [INFO] PluginManager:220 - loadIPPluginJar : add extmemmanager
2025-12-09 20:48:55,635 [INFO] IPUIPlugin:80 - create IPUIPlugin
2025-12-09 20:48:55,635 [INFO] PluginManager:220 - loadIPPluginJar : add fatfs
2025-12-09 20:48:55,639 [INFO] IPUIPlugin:80 - create IPUIPlugin
2025-12-09 20:48:55,639 [INFO] PluginManager:220 - loadIPPluginJar : add fmc
2025-12-09 20:48:55,645 [INFO] IPUIPlugin:80 - create IPUIPlugin
2025-12-09 20:48:55,645 [INFO] PluginManager:220 - loadIPPluginJar : add freertos
2025-12-09 20:48:55,647 [INFO] IPUIPlugin:80 - create IPUIPlugin
2025-12-09 20:48:55,647 [INFO] PluginManager:220 - loadIPPluginJar : add genericplugin
2025-12-09 20:48:55,649 [INFO] IPUIPlugin:80 - create IPUIPlugin
2025-12-09 20:48:55,649 [INFO] PluginManager:220 - loadIPPluginJar : add gfxmmu
2025-12-09 20:48:55,653 [INFO] IPUIPlugin:80 - create IPUIPlugin
2025-12-09 20:48:55,653 [INFO] PluginManager:220 - loadIPPluginJar : add gic
2025-12-09 20:48:55,658 [INFO] IPUIPlugin:80 - create IPUIPlugin
2025-12-09 20:48:55,658 [INFO] PluginManager:220 - loadIPPluginJar : add gpio
2025-12-09 20:48:55,660 [INFO] IPUIPlugin:80 - create IPUIPlugin
2025-12-09 20:48:55,661 [INFO] PluginManager:220 - loadIPPluginJar : add gtzc
2025-12-09 20:48:55,663 [INFO] IPUIPlugin:80 - create IPUIPlugin
2025-12-09 20:48:55,663 [INFO] PluginManager:220 - loadIPPluginJar : add hash
2025-12-09 20:48:55,665 [INFO] IPUIPlugin:80 - create IPUIPlugin
2025-12-09 20:48:55,665 [INFO] PluginManager:220 - loadIPPluginJar : add i2c
2025-12-09 20:48:55,667 [INFO] IPUIPlugin:80 - create IPUIPlugin
2025-12-09 20:48:55,668 [INFO] PluginManager:220 - loadIPPluginJar : add i2s
2025-12-09 20:48:55,670 [INFO] IPUIPlugin:80 - create IPUIPlugin
2025-12-09 20:48:55,670 [INFO] PluginManager:220 - loadIPPluginJar : add i3c
2025-12-09 20:48:55,672 [INFO] IPUIPlugin:80 - create IPUIPlugin
2025-12-09 20:48:55,672 [INFO] PluginManager:220 - loadIPPluginJar : add ipddr
2025-12-09 20:48:55,678 [INFO] IPUIPlugin:80 - create IPUIPlugin
2025-12-09 20:48:55,678 [INFO] PluginManager:220 - loadIPPluginJar : add linkedlist
2025-12-09 20:48:55,680 [INFO] IPUIPlugin:80 - create IPUIPlugin
2025-12-09 20:48:55,682 [INFO] PluginManager:220 - loadIPPluginJar : add lorawan
2025-12-09 20:48:55,683 [INFO] IPUIPlugin:80 - create IPUIPlugin
2025-12-09 20:48:55,683 [INFO] PluginManager:220 - loadIPPluginJar : add ltdc
2025-12-09 20:48:55,687 [INFO] IPUIPlugin:80 - create IPUIPlugin
2025-12-09 20:48:55,687 [INFO] PluginManager:220 - loadIPPluginJar : add mdma
2025-12-09 20:48:55,690 [INFO] IPUIPlugin:80 - create IPUIPlugin
2025-12-09 20:48:55,690 [INFO] PluginManager:220 - loadIPPluginJar : add nvic
2025-12-09 20:48:55,692 [INFO] IPUIPlugin:80 - create IPUIPlugin
2025-12-09 20:48:55,692 [INFO] PluginManager:220 - loadIPPluginJar : add opamp
2025-12-09 20:48:55,696 [INFO] IPUIPlugin:80 - create IPUIPlugin
2025-12-09 20:48:55,696 [INFO] PluginManager:220 - loadIPPluginJar : add openamp
2025-12-09 20:48:55,699 [INFO] IPUIPlugin:80 - create IPUIPlugin
2025-12-09 20:48:55,699 [INFO] PluginManager:220 - loadIPPluginJar : add pdm2pcm
2025-12-09 20:48:55,702 [INFO] IPUIPlugin:80 - create IPUIPlugin
2025-12-09 20:48:55,704 [INFO] PluginManager:220 - loadIPPluginJar : add plateformsettings
2025-12-09 20:48:55,706 [INFO] IPUIPlugin:80 - create IPUIPlugin
2025-12-09 20:48:55,706 [INFO] PluginManager:220 - loadIPPluginJar : add quadspi
2025-12-09 20:48:55,707 [INFO] IPUIPlugin:80 - create IPUIPlugin
2025-12-09 20:48:55,709 [INFO] PluginManager:220 - loadIPPluginJar : add radio
2025-12-09 20:48:55,712 [INFO] IPUIPlugin:80 - create IPUIPlugin
2025-12-09 20:48:55,712 [INFO] PluginManager:220 - loadIPPluginJar : add resmgrutility
2025-12-09 20:48:55,714 [INFO] IPUIPlugin:80 - create IPUIPlugin
2025-12-09 20:48:55,714 [INFO] PluginManager:220 - loadIPPluginJar : add sai
2025-12-09 20:48:55,717 [INFO] IPUIPlugin:80 - create IPUIPlugin
2025-12-09 20:48:55,718 [INFO] PluginManager:220 - loadIPPluginJar : add spi
2025-12-09 20:48:55,722 [INFO] IPUIPlugin:80 - create IPUIPlugin
2025-12-09 20:48:55,722 [INFO] PluginManager:220 - loadIPPluginJar : add stm32_wpan
2025-12-09 20:48:55,723 [INFO] IPUIPlugin:80 - create IPUIPlugin
2025-12-09 20:48:55,724 [INFO] PluginManager:220 - loadIPPluginJar : add tim
2025-12-09 20:48:55,726 [INFO] IPUIPlugin:80 - create IPUIPlugin
2025-12-09 20:48:55,726 [INFO] PluginManager:220 - loadIPPluginJar : add touchsensing
2025-12-09 20:48:55,729 [INFO] IPUIPlugin:80 - create IPUIPlugin
2025-12-09 20:48:55,729 [INFO] PluginManager:220 - loadIPPluginJar : add tracer_emb
2025-12-09 20:48:55,730 [INFO] IPUIPlugin:80 - create IPUIPlugin
2025-12-09 20:48:55,730 [INFO] PluginManager:220 - loadIPPluginJar : add ts
2025-12-09 20:48:55,732 [INFO] IPUIPlugin:80 - create IPUIPlugin
2025-12-09 20:48:55,732 [INFO] PluginManager:220 - loadIPPluginJar : add tsc
2025-12-09 20:48:55,734 [INFO] IPUIPlugin:80 - create IPUIPlugin
2025-12-09 20:48:55,734 [INFO] PluginManager:220 - loadIPPluginJar : add ucpd
2025-12-09 20:48:55,737 [INFO] IPUIPlugin:80 - create IPUIPlugin
2025-12-09 20:48:55,737 [INFO] PluginManager:220 - loadIPPluginJar : add usart
2025-12-09 20:48:55,739 [INFO] IPUIPlugin:80 - create IPUIPlugin
2025-12-09 20:48:55,739 [INFO] PluginManager:220 - loadIPPluginJar : add usbx
2025-12-09 20:48:55,850 [FATAL] Updater:351 - Updater called before beeing initialized
2025-12-09 20:48:55,875 [INFO] RulesReader:64 - Compatibility file has been processed (317 Rules)
2025-12-09 20:48:55,889 [INFO] RulesReader:64 - Compatibility file has been processed (317 Rules)
2025-12-09 20:48:55,895 [INFO] CADModel:165 - CPN selected for project level
2025-12-09 20:48:55,895 [INFO] CADModel:114 - Register for checkConnection events
2025-12-09 20:48:55,895 [FATAL] Updater:351 - Updater called before beeing initialized
2025-12-09 20:48:55,895 [ERROR] CADModel:125 - Updater not yet initialized, retry later 
2025-12-09 20:48:56,014 [FATAL] Updater:351 - Updater called before beeing initialized
2025-12-09 20:48:56,016 [INFO] CADModel:165 - CPN selected for project level
2025-12-09 20:48:56,016 [INFO] CADModel:114 - Register for checkConnection events
2025-12-09 20:48:56,016 [FATAL] Updater:351 - Updater called before beeing initialized
2025-12-09 20:48:56,016 [ERROR] CADModel:125 - Updater not yet initialized, retry later 
2025-12-09 20:48:56,018 [FATAL] Updater:351 - Updater called before beeing initialized
2025-12-09 20:48:56,093 [FATAL] Updater:351 - Updater called before beeing initialized
2025-12-09 20:48:56,096 [INFO] DbMcusAds:53 - JSON generation date=Mon Dec 08 06:28:09 PST 2025 (1765204089934)
2025-12-09 20:48:56,096 [FATAL] Updater:351 - Updater called before beeing initialized
2025-12-09 20:48:56,129 [WARN] DetailPanel:346 - Failed to get advertising image, set to default
2025-12-09 20:48:56,198 [FATAL] Updater:351 - Updater called before beeing initialized
2025-12-09 20:48:56,199 [FATAL] Updater:351 - Updater called before beeing initialized
2025-12-09 20:48:56,199 [FATAL] Updater:351 - Updater called before beeing initialized
2025-12-09 20:48:56,199 [WARN] DetailPanel:346 - Failed to get advertising image, set to default
2025-12-09 20:48:56,200 [FATAL] Updater:351 - Updater called before beeing initialized
2025-12-09 20:48:56,237 [ERROR] Updater:1198 - MainUpdater not yet initialized. External WinMGr cannot be set.
2025-12-09 20:48:56,239 [INFO] Updater:1134 - Updater Version found : 6.15.0
2025-12-09 20:48:56,252 [INFO] ApplicationProperties:184 - Using Application install path: C:\ST\STM32CubeIDE_1.19.0\STM32CubeIDE\plugins\com.st.stm32cube.common.mx_6.15.0.202507011659
2025-12-09 20:48:57,836 [ERROR] LogOutputStream:75 - [STDERR_REDIRECT] Dec 09, 2025 8:48:57 PM java.util.prefs.WindowsPreferences <init>
2025-12-09 20:48:57,839 [ERROR] LogOutputStream:75 - [STDERR_REDIRECT] WARNING: Could not open/create prefs root node Software\JavaSoft\Prefs at root 0xffffffff80000002. Windows RegCreateKeyEx(...) returned error code 5.
2025-12-09 20:48:57,839 [ERROR] LogOutputStream:75 - [STDERR_REDIRECT] 
2025-12-09 20:48:58,102 [INFO] ThirdPartyUpdaterWithRetryManager:70 - Updater plugin not ready yet. [2/15]
2025-12-09 20:48:58,103 [INFO] MainUpdater:2872 - connection check result : 10
2025-12-09 20:48:58,103 [INFO] MainUpdater:289 - Updater Check For Update Now.
2025-12-09 20:48:58,103 [INFO] MicroXplorer:498 - Change Database Version : DB.6.0.150
2025-12-09 20:48:58,109 [INFO] McuFinderGlobals:63 - Set McuFinder mode to 2 (CubeIDE integrated)
2025-12-09 20:48:58,109 [INFO] UserAuth:487 - Internet connection configuration mode: 1
2025-12-09 20:48:58,128 [INFO] JxBrowserEngine:152 - Initiate JxBrowser Engine with user profile folder
2025-12-09 20:48:58,271 [INFO] CheckServerUpdateThread:120 - End of CheckServer Thread
2025-12-09 20:48:59,118 [INFO] WebApp:169 - Instantiating new browser for Auth
2025-12-09 20:48:59,735 [INFO] WebApp:463 - Apply proxy settings
2025-12-09 20:48:59,735 [INFO] WebApp:548 - Chromium requires no authentication
2025-12-09 20:48:59,743 [INFO] WebApp:491 - Direct internet connection detected
2025-12-09 20:48:59,764 [INFO] WebApp:900 - Register for checkConnection events
2025-12-09 20:48:59,764 [INFO] WebApp:463 - Apply proxy settings
2025-12-09 20:48:59,764 [INFO] WebApp:548 - Chromium requires no authentication
2025-12-09 20:48:59,764 [INFO] WebApp:491 - Direct internet connection detected
2025-12-09 20:48:59,907 [INFO] WebApp:225 - Starting web application
2025-12-09 20:48:59,907 [INFO] WebApp:593 - Web application path used C:\ST\STM32CubeIDE_1.19.0\STM32CubeIDE\plugins\com.st.stm32cube.common.mx_6.15.0.202507011659\db\plugins\mcufinder\reactClient1\index.html
2025-12-09 20:48:59,926 [INFO] WebApp:191 - Connection restablished
2025-12-09 20:49:00,056 [INFO] UserAuth:487 - Internet connection configuration mode: 1
2025-12-09 20:49:00,133 [ERROR] LogOutputStream:75 - [STDERR_REDIRECT] [Fatal Error] :1:1: Premature end of file.
2025-12-09 20:49:00,134 [ERROR] LogOutputStream:75 - [STDERR_REDIRECT] 
2025-12-09 20:49:01,107 [ERROR] LogOutputStream:75 - [STDERR_REDIRECT] [Fatal Error] :1:1: Premature end of file.
2025-12-09 20:49:01,109 [ERROR] LogOutputStream:75 - [STDERR_REDIRECT] 
2025-12-09 20:49:01,263 [WARN] PackLoader:240 - Cannot read IP mode file for STMicroelectronics.FP-SNS-MOTENVWB1.1.4.0
2025-12-09 20:49:01,270 [WARN] PackLoader:240 - Cannot read IP mode file for STMicroelectronics.FP-ATR-ASTRA1.2.0.2
2025-12-09 20:49:01,276 [WARN] PackLoader:240 - Cannot read IP mode file for STMicroelectronics.X-CUBE-SMBUS.2.1.0
2025-12-09 20:49:01,280 [WARN] PackLoader:240 - Cannot read IP mode file for STMicroelectronics.X-CUBE-ST60.1.0.0
2025-12-09 20:49:01,302 [WARN] PackLoader:240 - Cannot read IP mode file for STMicroelectronics.X-CUBE-AZRTOS-F7.1.1.0
2025-12-09 20:49:01,308 [WARN] PackLoader:240 - Cannot read IP mode file for STMicroelectronics.FP-SNS-MOTENV1.5.1.0
2025-12-09 20:49:01,336 [WARN] PackLoader:240 - Cannot read IP mode file for Infineon.AIROC-Wi-Fi-Bluetooth-STM32.1.7.1
2025-12-09 20:49:01,359 [WARN] PackLoader:240 - Cannot read IP mode file for STMicroelectronics.X-CUBE-AZRTOS-H7.3.4.0
2025-12-09 20:49:01,509 [WARN] PackLoader:240 - Cannot read IP mode file for STMicroelectronics.X-CUBE-DISPLAY.3.0.0
2025-12-09 20:49:01,517 [WARN] PackLoader:240 - Cannot read IP mode file for STMicroelectronics.X-CUBE-NFC10.1.0.0
2025-12-09 20:49:01,520 [WARN] PackLoader:240 - Cannot read IP mode file for STMicroelectronics.X-CUBE-ST60.1.1.0
2025-12-09 20:49:01,525 [WARN] PackLoader:240 - Cannot read IP mode file for emotas.I-CUBE-CANOPEN.1.3.0
2025-12-09 20:49:01,528 [WARN] PackLoader:240 - Cannot read IP mode file for STMicroelectronics.X-CUBE-GNSS1.7.1.0
2025-12-09 20:49:01,535 [WARN] PackLoader:240 - Cannot read IP mode file for STMicroelectronics.FP-SNS-STBOX1.2.1.0
2025-12-09 20:49:01,539 [WARN] PackLoader:240 - Cannot read IP mode file for STMicroelectronics.FP-SNS-SMARTAG2.1.2.0
2025-12-09 20:49:01,541 [WARN] PackLoader:240 - Cannot read IP mode file for STMicroelectronics.FP-SNS-FLIGHT1.5.1.0
2025-12-09 20:49:01,548 [INFO] LogOutputStream:77 - [STDOUT_REDIRECT] 1 : Invalid condition id : UX_CORESTACK_Condition cause : null
2025-12-09 20:49:01,548 [INFO] LogOutputStream:77 - [STDOUT_REDIRECT] 1 : Invalid condition id : UX_CORESTACK_Condition cause : null
2025-12-09 20:49:01,549 [INFO] LogOutputStream:77 - [STDOUT_REDIRECT] 1 : Invalid condition id : UX_CORESTACK_Condition cause : null
2025-12-09 20:49:01,550 [INFO] LogOutputStream:77 - [STDOUT_REDIRECT] 1 : Invalid condition id : UX_CORESTACK_Condition cause : null
2025-12-09 20:49:01,550 [INFO] LogOutputStream:77 - [STDOUT_REDIRECT] 1 : Invalid condition id : UX_CORESTACK_Condition cause : null
2025-12-09 20:49:01,552 [WARN] PackLoader:240 - Cannot read IP mode file for STMicroelectronics.X-CUBE-AZRTOS-WL.2.0.0
2025-12-09 20:49:01,555 [WARN] PackLoader:240 - Cannot read IP mode file for STMicroelectronics.FP-SNS-MOTENV1.5.0.0
2025-12-09 20:49:01,568 [WARN] PackLoader:240 - Cannot read IP mode file for STMicroelectronics.X-CUBE-AZRTOS-H7RS.1.2.0
2025-12-09 20:49:01,575 [WARN] PackLoader:240 - Cannot read IP mode file for WES.I-CUBE-Cesium.1.3.0
2025-12-09 20:49:01,578 [WARN] PackLoader:240 - Cannot read IP mode file for STMicroelectronics.X-CUBE-BLE2.3.3.0
2025-12-09 20:49:01,589 [WARN] PackLoader:240 - Cannot read IP mode file for STMicroelectronics.X-CUBE-NFC9.1.0.0
2025-12-09 20:49:01,593 [WARN] PackLoader:240 - Cannot read IP mode file for wolfSSL.I-CUBE-wolfSSL.5.8.0
2025-12-09 20:49:01,596 [WARN] PackLoader:240 - Cannot read IP mode file for STMicroelectronics.X-CUBE-BLE1.7.1.0
2025-12-09 20:49:01,599 [WARN] PackLoader:240 - Cannot read IP mode file for wolfSSL.I-CUBE-wolfMQTT.1.19.2
2025-12-09 20:49:01,603 [WARN] PackLoader:240 - Cannot read IP mode file for STMicroelectronics.X-CUBE-FREERTOS.1.4.0
2025-12-09 20:49:01,606 [WARN] PackLoader:240 - Cannot read IP mode file for STMicroelectronics.X-CUBE-EEPRMA1.5.2.0
2025-12-09 20:49:01,610 [WARN] PackLoader:240 - Cannot read IP mode file for STMicroelectronics.X-CUBE-ST67W61.1.1.0
2025-12-09 20:49:01,614 [WARN] PackLoader:240 - Cannot read IP mode file for STMicroelectronics.X-CUBE-AI.10.1.0
2025-12-09 20:49:01,656 [WARN] PackLoader:240 - Cannot read IP mode file for STMicroelectronics.X-CUBE-MEMS1.12.0.0
2025-12-09 20:49:01,784 [WARN] PackLoader:240 - Cannot read IP mode file for STMicroelectronics.X-CUBE-AZRTOS-G0.1.1.0
2025-12-09 20:49:01,788 [WARN] PackLoader:240 - Cannot read IP mode file for STMicroelectronics.X-CUBE-SAFEA1.1.2.2
2025-12-09 20:49:01,792 [WARN] PackLoader:240 - Cannot read IP mode file for STMicroelectronics.X-CUBE-NFC4.3.0.0
2025-12-09 20:49:01,797 [WARN] PackLoader:240 - Cannot read IP mode file for EmbeddedOffice.I-CUBE-FS-RTOS.1.0.1
2025-12-09 20:49:01,800 [WARN] PackLoader:240 - Cannot read IP mode file for STMicroelectronics.X-CUBE-WB05N.2.0.0
2025-12-09 20:49:01,804 [WARN] PackLoader:240 - Cannot read IP mode file for wolfSSL.I-CUBE-wolfTPM.3.8.0
2025-12-09 20:49:01,807 [WARN] PackLoader:240 - Cannot read IP mode file for STMicroelectronics.X-CUBE-TCPP.4.2.0
2025-12-09 20:49:01,810 [WARN] PackLoader:240 - Cannot read IP mode file for RealThread.X-CUBE-RT-Thread_Nano.4.1.1
2025-12-09 20:49:01,815 [WARN] PackLoader:240 - Cannot read IP mode file for STMicroelectronics.FP-ATR-SIGFOX1.3.2.0
2025-12-09 20:49:01,821 [WARN] PackLoader:240 - Cannot read IP mode file for ITTIA_DB.I-CUBE-ITTIADB.8.9.0
2025-12-09 20:49:01,823 [WARN] PackLoader:240 - Cannot read IP mode file for STMicroelectronics.X-CUBE-ST67W61.1.0.0
2025-12-09 20:49:01,826 [WARN] PackLoader:240 - Cannot read IP mode file for STMicroelectronics.X-CUBE-AI.10.2.0
2025-12-09 20:49:01,849 [WARN] PackLoader:240 - Cannot read IP mode file for SEGGER.I-CUBE-embOS.1.3.1
2025-12-09 20:49:01,878 [WARN] PackLoader:240 - Cannot read IP mode file for STMicroelectronics.X-CUBE-ALGOBUILD.1.4.0
2025-12-09 20:49:01,906 [WARN] PackLoader:240 - Cannot read IP mode file for STMicroelectronics.X-CUBE-MEMS1.11.3.0
2025-12-09 20:49:01,981 [WARN] PackLoader:240 - Cannot read IP mode file for STMicroelectronics.X-CUBE-PM33A1.1.0.0
2025-12-09 20:49:01,992 [WARN] PackLoader:240 - Cannot read IP mode file for STMicroelectronics.X-CUBE-AZRTOS-F4.1.1.0
2025-12-09 20:49:01,994 [WARN] PackLoader:240 - Cannot read IP mode file for Avnet-IotConnect.X-CUBE-IoTC-DA16k-PMOD.1.0.0
2025-12-09 20:49:01,998 [WARN] PackLoader:240 - Cannot read IP mode file for STMicroelectronics.X-CUBE-ISPU.2.1.0
2025-12-09 20:49:02,006 [WARN] PackLoader:240 - Cannot read IP mode file for STMicroelectronics.X-CUBE-IPS.3.2.0
2025-12-09 20:49:02,018 [WARN] PackLoader:240 - Cannot read IP mode file for STMicroelectronics.X-CUBE-NFC12.1.0.0
2025-12-09 20:49:02,027 [WARN] PackLoader:240 - Cannot read IP mode file for STMicroelectronics.X-CUBE-AZRTOS-L5.2.0.0
2025-12-09 20:49:02,034 [WARN] PackLoader:240 - Cannot read IP mode file for STMicroelectronics.X-CUBE-NFC6.3.1.0
2025-12-09 20:49:02,037 [WARN] PackLoader:240 - Cannot read IP mode file for STMicroelectronics.X-CUBE-FREERTOS.1.3.1
2025-12-09 20:49:02,040 [WARN] PackLoader:240 - Cannot read IP mode file for STMicroelectronics.X-CUBE-TOUCHGFX.4.26.0
2025-12-09 20:49:02,042 [WARN] PackLoader:240 - Cannot read IP mode file for STMicroelectronics.FP-SNS-STAIOTCFT.1.0.0
2025-12-09 20:49:02,045 [WARN] PackLoader:240 - Cannot read IP mode file for STMicroelectronics.X-CUBE-DPower.1.3.0
2025-12-09 20:49:02,056 [WARN] ConditionMgr:438 - getConditionDescription Invalid condition id : LAN8742 Phy interface Condition cause : null
2025-12-09 20:49:02,057 [WARN] PackLoader:240 - Cannot read IP mode file for STMicroelectronics.X-CUBE-AZRTOS-L4.2.0.0
2025-12-09 20:49:02,057 [WARN] ConditionMgr:1044 - genDependencies : Invalid condition id : LAN8742 Phy interface Condition cause : null
2025-12-09 20:49:02,057 [WARN] ConditionMgr:1044 - genDependencies : Invalid condition id : LAN8742 Phy interface Condition cause : null
2025-12-09 20:49:02,058 [WARN] ConditionMgr:1044 - genDependencies : Invalid condition id : LAN8742 Phy interface Condition cause : null
2025-12-09 20:49:02,062 [WARN] PackLoader:240 - Cannot read IP mode file for STMicroelectronics.X-CUBE-SFXS2LP1.4.0.0
2025-12-09 20:49:02,073 [WARN] PackLoader:240 - Cannot read IP mode file for STMicroelectronics.X-CUBE-AZRTOS-H7.3.3.0
2025-12-09 20:49:02,105 [ERROR] LogOutputStream:75 - [STDERR_REDIRECT] [Fatal Error] :1:1: Premature end of file.
2025-12-09 20:49:02,105 [ERROR] LogOutputStream:75 - [STDERR_REDIRECT] 
2025-12-09 20:49:02,144 [WARN] PackLoader:240 - Cannot read IP mode file for STMicroelectronics.X-CUBE-BLEMGR.4.1.0
2025-12-09 20:49:02,152 [WARN] ConditionMgr:438 - getConditionDescription Invalid condition id : UX DEVICE CLASS RTOS Condition cause : null
2025-12-09 20:49:02,152 [WARN] ConditionMgr:438 - getConditionDescription Invalid condition id : UX DEVICE CLASS RTOS Condition cause : null
2025-12-09 20:49:02,154 [WARN] PackLoader:240 - Cannot read IP mode file for STMicroelectronics.X-CUBE-AZRTOS-WB.2.0.0
2025-12-09 20:49:02,154 [WARN] ConditionMgr:1044 - genDependencies : Invalid condition id : UX DEVICE CLASS RTOS Condition cause : null
2025-12-09 20:49:02,154 [WARN] ConditionMgr:1044 - genDependencies : Invalid condition id : UX DEVICE CLASS RTOS Condition cause : null
2025-12-09 20:49:02,154 [WARN] ConditionMgr:1044 - genDependencies : Invalid condition id : UX DEVICE CLASS RTOS Condition cause : null
2025-12-09 20:49:02,154 [WARN] ConditionMgr:1044 - genDependencies : Invalid condition id : UX DEVICE CLASS RTOS Condition cause : null
2025-12-09 20:49:02,154 [WARN] ConditionMgr:1044 - genDependencies : Invalid condition id : UX DEVICE CLASS RTOS Condition cause : null
2025-12-09 20:49:02,158 [WARN] PackLoader:240 - Cannot read IP mode file for STMicroelectronics.X-CUBE-GNSS1.7.0.1
2025-12-09 20:49:02,160 [WARN] PackLoader:240 - Cannot read IP mode file for STMicroelectronics.X-CUBE-TOUCHGFX.4.25.0
2025-12-09 20:49:02,162 [WARN] PackLoader:240 - Cannot read IP mode file for STMicroelectronics.FP-SNS-STBOX1.2.0.0
2025-12-09 20:49:02,166 [WARN] ConditionMgr:438 - getConditionDescription Invalid condition id : Cortex-A Device cause : null
2025-12-09 20:49:02,169 [WARN] ConditionMgr:1044 - genDependencies : Invalid condition id : Cortex-A Device cause : null
2025-12-09 20:49:02,170 [WARN] ConditionMgr:1044 - genDependencies : Invalid condition id : Cortex-A Device cause : null
2025-12-09 20:49:02,170 [WARN] ConditionMgr:1044 - genDependencies : Invalid condition id : Cortex-A Device cause : null
2025-12-09 20:49:02,175 [WARN] PackLoader:240 - Cannot read IP mode file for STMicroelectronics.X-CUBE-SUBG2.5.0.0
2025-12-09 20:49:02,188 [WARN] PackLoader:240 - Cannot read IP mode file for STMicroelectronics.X-CUBE-AZRTOS-H7RS.1.1.0
2025-12-09 20:49:02,190 [WARN] PackLoader:240 - Cannot read IP mode file for Cesanta.I-CUBE-Mongoose.7.13.0
2025-12-09 20:49:02,199 [WARN] PackLoader:240 - Cannot read IP mode file for STMicroelectronics.X-CUBE-AZRTOS-G4.2.0.0
2025-12-09 20:49:02,202 [WARN] PackLoader:240 - Cannot read IP mode file for wolfSSL.I-CUBE-wolfSSH.1.4.20
2025-12-09 20:49:02,205 [WARN] PackLoader:240 - Cannot read IP mode file for STMicroelectronics.X-CUBE-NFC7.2.0.0
2025-12-09 20:49:02,212 [WARN] PackLoader:240 - Cannot read IP mode file for STMicroelectronics.X-CUBE-IPS.3.1.0
2025-12-09 20:49:02,217 [WARN] PackLoader:240 - Cannot read IP mode file for STMicroelectronics.X-CUBE-ALS.1.0.2
2025-12-09 20:49:02,222 [WARN] PackLoader:240 - Cannot read IP mode file for STMicroelectronics.X-CUBE-STSE01.1.0.0
2025-12-09 20:49:02,225 [WARN] PackLoader:240 - Cannot read IP mode file for portGmbH.I-Cube-SoM-uGOAL.1.1.0
2025-12-09 20:49:02,232 [WARN] PackLoader:240 - Cannot read IP mode file for STMicroelectronics.X-CUBE-TOF1.3.4.3
2025-12-09 20:49:02,243 [INFO] ThirdParty:978 - Integrity check success = true
2025-12-09 20:49:02,243 [INFO] IntegrityCheckThread:100 - exiting critical section [integrity check]
2025-12-09 20:49:02,243 [INFO] IntegrityCheckThread:103 - End integrity checks thread
2025-12-09 20:49:03,138 [ERROR] LogOutputStream:75 - [STDERR_REDIRECT] [Fatal Error] :1:1: Premature end of file.
2025-12-09 20:49:03,138 [ERROR] LogOutputStream:75 - [STDERR_REDIRECT] 
2025-12-09 20:49:04,133 [ERROR] LogOutputStream:75 - [STDERR_REDIRECT] [Fatal Error] :1:1: Premature end of file.
2025-12-09 20:49:04,133 [ERROR] LogOutputStream:75 - [STDERR_REDIRECT] 
2025-12-09 20:49:05,146 [ERROR] LogOutputStream:75 - [STDERR_REDIRECT] [Fatal Error] :1:1: Premature end of file.
2025-12-09 20:49:05,147 [ERROR] LogOutputStream:75 - [STDERR_REDIRECT] 
2025-12-09 20:49:06,134 [ERROR] LogOutputStream:75 - [STDERR_REDIRECT] [Fatal Error] :1:1: Premature end of file.
2025-12-09 20:49:06,134 [ERROR] LogOutputStream:75 - [STDERR_REDIRECT] 
2025-12-09 20:49:07,125 [ERROR] LogOutputStream:75 - [STDERR_REDIRECT] [Fatal Error] :1:1: Premature end of file.
2025-12-09 20:49:07,125 [ERROR] LogOutputStream:75 - [STDERR_REDIRECT] 
2025-12-09 20:49:08,134 [ERROR] LogOutputStream:75 - [STDERR_REDIRECT] [Fatal Error] :1:1: Premature end of file.
2025-12-09 20:49:08,134 [ERROR] LogOutputStream:75 - [STDERR_REDIRECT] 
2025-12-09 20:49:09,117 [ERROR] LogOutputStream:75 - [STDERR_REDIRECT] [Fatal Error] :1:1: Premature end of file.
2025-12-09 20:49:09,118 [ERROR] LogOutputStream:75 - [STDERR_REDIRECT] 
2025-12-09 20:49:10,130 [ERROR] LogOutputStream:75 - [STDERR_REDIRECT] [Fatal Error] :1:1: Premature end of file.
2025-12-09 20:49:10,130 [ERROR] LogOutputStream:75 - [STDERR_REDIRECT] 
2025-12-09 20:49:11,152 [ERROR] LogOutputStream:75 - [STDERR_REDIRECT] [Fatal Error] :1:1: Premature end of file.
2025-12-09 20:49:11,152 [ERROR] LogOutputStream:75 - [STDERR_REDIRECT] 
2025-12-09 20:49:12,129 [ERROR] LogOutputStream:75 - [STDERR_REDIRECT] [Fatal Error] :1:1: Premature end of file.
2025-12-09 20:49:12,129 [ERROR] LogOutputStream:75 - [STDERR_REDIRECT] 
2025-12-09 20:49:13,152 [ERROR] LogOutputStream:75 - [STDERR_REDIRECT] [Fatal Error] :1:1: Premature end of file.
2025-12-09 20:49:13,152 [ERROR] LogOutputStream:75 - [STDERR_REDIRECT] 
2025-12-09 20:49:14,134 [ERROR] LogOutputStream:75 - [STDERR_REDIRECT] [Fatal Error] :1:1: Premature end of file.
2025-12-09 20:49:14,134 [ERROR] LogOutputStream:75 - [STDERR_REDIRECT] 
2025-12-09 20:49:15,147 [ERROR] LogOutputStream:75 - [STDERR_REDIRECT] [Fatal Error] :1:1: Premature end of file.
2025-12-09 20:49:15,147 [ERROR] LogOutputStream:75 - [STDERR_REDIRECT] 
2025-12-09 20:49:16,157 [ERROR] LogOutputStream:75 - [STDERR_REDIRECT] [Fatal Error] :1:1: Premature end of file.
2025-12-09 20:49:16,157 [ERROR] LogOutputStream:75 - [STDERR_REDIRECT] 
2025-12-09 20:49:17,133 [ERROR] LogOutputStream:75 - [STDERR_REDIRECT] [Fatal Error] :1:1: Premature end of file.
2025-12-09 20:49:17,133 [ERROR] LogOutputStream:75 - [STDERR_REDIRECT] 
2025-12-09 20:49:18,130 [ERROR] LogOutputStream:75 - [STDERR_REDIRECT] [Fatal Error] :1:1: Premature end of file.
2025-12-09 20:49:18,130 [ERROR] LogOutputStream:75 - [STDERR_REDIRECT] 
2025-12-09 20:49:19,129 [ERROR] LogOutputStream:75 - [STDERR_REDIRECT] [Fatal Error] :1:1: Premature end of file.
2025-12-09 20:49:19,129 [ERROR] LogOutputStream:75 - [STDERR_REDIRECT] 
2025-12-09 20:49:20,147 [ERROR] LogOutputStream:75 - [STDERR_REDIRECT] [Fatal Error] :1:1: Premature end of file.
2025-12-09 20:49:20,147 [ERROR] LogOutputStream:75 - [STDERR_REDIRECT] 
2025-12-09 20:49:21,108 [ERROR] LogOutputStream:75 - [STDERR_REDIRECT] [Fatal Error] :1:1: Premature end of file.
2025-12-09 20:49:21,108 [ERROR] LogOutputStream:75 - [STDERR_REDIRECT] 
2025-12-09 20:49:22,132 [ERROR] LogOutputStream:75 - [STDERR_REDIRECT] [Fatal Error] :1:1: Premature end of file.
2025-12-09 20:49:22,132 [ERROR] LogOutputStream:75 - [STDERR_REDIRECT] 
2025-12-09 20:49:23,130 [ERROR] LogOutputStream:75 - [STDERR_REDIRECT] [Fatal Error] :1:1: Premature end of file.
2025-12-09 20:49:23,130 [ERROR] LogOutputStream:75 - [STDERR_REDIRECT] 
2025-12-09 20:49:24,102 [ERROR] LogOutputStream:75 - [STDERR_REDIRECT] [Fatal Error] :1:1: Premature end of file.
2025-12-09 20:49:24,102 [ERROR] LogOutputStream:75 - [STDERR_REDIRECT] 
2025-12-09 20:49:25,138 [ERROR] LogOutputStream:75 - [STDERR_REDIRECT] [Fatal Error] :1:1: Premature end of file.
2025-12-09 20:49:25,139 [ERROR] LogOutputStream:75 - [STDERR_REDIRECT] 
2025-12-09 20:49:26,104 [ERROR] LogOutputStream:75 - [STDERR_REDIRECT] [Fatal Error] :1:1: Premature end of file.
2025-12-09 20:49:26,104 [ERROR] LogOutputStream:75 - [STDERR_REDIRECT] 
2025-12-09 20:49:27,127 [ERROR] LogOutputStream:75 - [STDERR_REDIRECT] [Fatal Error] :1:1: Premature end of file.
2025-12-09 20:49:27,129 [ERROR] LogOutputStream:75 - [STDERR_REDIRECT] 
2025-12-09 20:49:28,131 [ERROR] LogOutputStream:75 - [STDERR_REDIRECT] [Fatal Error] :1:1: Premature end of file.
2025-12-09 20:49:28,131 [ERROR] LogOutputStream:75 - [STDERR_REDIRECT] 
2025-12-09 20:49:29,103 [ERROR] LogOutputStream:75 - [STDERR_REDIRECT] [Fatal Error] :1:1: Premature end of file.
2025-12-09 20:49:29,103 [ERROR] LogOutputStream:75 - [STDERR_REDIRECT] 
2025-12-09 20:49:30,110 [ERROR] LogOutputStream:75 - [STDERR_REDIRECT] [Fatal Error] :1:1: Premature end of file.
2025-12-09 20:49:30,110 [ERROR] LogOutputStream:75 - [STDERR_REDIRECT] 
2025-12-09 20:49:31,102 [ERROR] LogOutputStream:75 - [STDERR_REDIRECT] [Fatal Error] :1:1: Premature end of file.
2025-12-09 20:49:31,103 [ERROR] LogOutputStream:75 - [STDERR_REDIRECT] 
2025-12-09 20:49:32,102 [ERROR] LogOutputStream:75 - [STDERR_REDIRECT] [Fatal Error] :1:1: Premature end of file.
2025-12-09 20:49:32,102 [ERROR] LogOutputStream:75 - [STDERR_REDIRECT] 
2025-12-09 20:49:33,102 [ERROR] LogOutputStream:75 - [STDERR_REDIRECT] [Fatal Error] :1:1: Premature end of file.
2025-12-09 20:49:33,103 [ERROR] LogOutputStream:75 - [STDERR_REDIRECT] 
2025-12-09 20:49:34,129 [ERROR] LogOutputStream:75 - [STDERR_REDIRECT] [Fatal Error] :1:1: Premature end of file.
2025-12-09 20:49:34,129 [ERROR] LogOutputStream:75 - [STDERR_REDIRECT] 
2025-12-09 20:49:35,104 [ERROR] LogOutputStream:75 - [STDERR_REDIRECT] [Fatal Error] :1:1: Premature end of file.
2025-12-09 20:49:35,104 [ERROR] LogOutputStream:75 - [STDERR_REDIRECT] 
2025-12-09 20:49:36,128 [ERROR] LogOutputStream:75 - [STDERR_REDIRECT] [Fatal Error] :1:1: Premature end of file.
2025-12-09 20:49:36,129 [ERROR] LogOutputStream:75 - [STDERR_REDIRECT] 
2025-12-09 20:49:37,104 [ERROR] LogOutputStream:75 - [STDERR_REDIRECT] [Fatal Error] :1:1: Premature end of file.
2025-12-09 20:49:37,104 [ERROR] LogOutputStream:75 - [STDERR_REDIRECT] 
2025-12-09 20:49:38,102 [ERROR] LogOutputStream:75 - [STDERR_REDIRECT] [Fatal Error] :1:1: Premature end of file.
2025-12-09 20:49:38,102 [ERROR] LogOutputStream:75 - [STDERR_REDIRECT] 
2025-12-09 20:49:39,108 [ERROR] LogOutputStream:75 - [STDERR_REDIRECT] [Fatal Error] :1:1: Premature end of file.
2025-12-09 20:49:39,108 [ERROR] LogOutputStream:75 - [STDERR_REDIRECT] 
2025-12-09 20:49:40,120 [ERROR] LogOutputStream:75 - [STDERR_REDIRECT] [Fatal Error] :1:1: Premature end of file.
2025-12-09 20:49:40,120 [ERROR] LogOutputStream:75 - [STDERR_REDIRECT] 
2025-12-09 20:49:41,129 [ERROR] LogOutputStream:75 - [STDERR_REDIRECT] [Fatal Error] :1:1: Premature end of file.
2025-12-09 20:49:41,129 [ERROR] LogOutputStream:75 - [STDERR_REDIRECT] 
2025-12-09 20:49:42,112 [ERROR] LogOutputStream:75 - [STDERR_REDIRECT] [Fatal Error] :1:1: Premature end of file.
2025-12-09 20:49:42,112 [ERROR] LogOutputStream:75 - [STDERR_REDIRECT] 
2025-12-09 20:49:43,104 [ERROR] LogOutputStream:75 - [STDERR_REDIRECT] [Fatal Error] :1:1: Premature end of file.
2025-12-09 20:49:43,104 [ERROR] LogOutputStream:75 - [STDERR_REDIRECT] 
2025-12-09 20:49:44,101 [ERROR] LogOutputStream:75 - [STDERR_REDIRECT] [Fatal Error] :1:1: Premature end of file.
2025-12-09 20:49:44,101 [ERROR] LogOutputStream:75 - [STDERR_REDIRECT] 
2025-12-09 20:49:45,112 [ERROR] LogOutputStream:75 - [STDERR_REDIRECT] [Fatal Error] :1:1: Premature end of file.
2025-12-09 20:49:45,112 [ERROR] LogOutputStream:75 - [STDERR_REDIRECT] 
2025-12-09 20:49:46,102 [ERROR] LogOutputStream:75 - [STDERR_REDIRECT] [Fatal Error] :1:1: Premature end of file.
2025-12-09 20:49:46,102 [ERROR] LogOutputStream:75 - [STDERR_REDIRECT] 
2025-12-09 20:49:47,101 [ERROR] LogOutputStream:75 - [STDERR_REDIRECT] [Fatal Error] :1:1: Premature end of file.
2025-12-09 20:49:47,101 [ERROR] LogOutputStream:75 - [STDERR_REDIRECT] 
2025-12-09 20:49:48,119 [ERROR] LogOutputStream:75 - [STDERR_REDIRECT] [Fatal Error] :1:1: Premature end of file.
2025-12-09 20:49:48,119 [ERROR] LogOutputStream:75 - [STDERR_REDIRECT] 
2025-12-09 20:49:49,102 [ERROR] LogOutputStream:75 - [STDERR_REDIRECT] [Fatal Error] :1:1: Premature end of file.
2025-12-09 20:49:49,102 [ERROR] LogOutputStream:75 - [STDERR_REDIRECT] 
2025-12-09 20:49:50,104 [ERROR] LogOutputStream:75 - [STDERR_REDIRECT] [Fatal Error] :1:1: Premature end of file.
2025-12-09 20:49:50,104 [ERROR] LogOutputStream:75 - [STDERR_REDIRECT] 
2025-12-09 20:49:51,102 [ERROR] LogOutputStream:75 - [STDERR_REDIRECT] [Fatal Error] :1:1: Premature end of file.
2025-12-09 20:49:51,102 [ERROR] LogOutputStream:75 - [STDERR_REDIRECT] 
2025-12-09 20:49:52,101 [ERROR] LogOutputStream:75 - [STDERR_REDIRECT] [Fatal Error] :1:1: Premature end of file.
2025-12-09 20:49:52,101 [ERROR] LogOutputStream:75 - [STDERR_REDIRECT] 
2025-12-09 20:49:53,106 [ERROR] LogOutputStream:75 - [STDERR_REDIRECT] [Fatal Error] :1:1: Premature end of file.
2025-12-09 20:49:53,106 [ERROR] LogOutputStream:75 - [STDERR_REDIRECT] 
2025-12-09 20:49:54,100 [ERROR] LogOutputStream:75 - [STDERR_REDIRECT] [Fatal Error] :1:1: Premature end of file.
2025-12-09 20:49:54,100 [ERROR] LogOutputStream:75 - [STDERR_REDIRECT] 
2025-12-09 20:49:55,102 [ERROR] LogOutputStream:75 - [STDERR_REDIRECT] [Fatal Error] :1:1: Premature end of file.
2025-12-09 20:49:55,104 [ERROR] LogOutputStream:75 - [STDERR_REDIRECT] 
2025-12-09 20:49:56,103 [ERROR] LogOutputStream:75 - [STDERR_REDIRECT] [Fatal Error] :1:1: Premature end of file.
2025-12-09 20:49:56,103 [ERROR] LogOutputStream:75 - [STDERR_REDIRECT] 
2025-12-09 20:49:57,101 [ERROR] LogOutputStream:75 - [STDERR_REDIRECT] [Fatal Error] :1:1: Premature end of file.
2025-12-09 20:49:57,101 [ERROR] LogOutputStream:75 - [STDERR_REDIRECT] 
2025-12-09 20:49:58,104 [ERROR] LogOutputStream:75 - [STDERR_REDIRECT] [Fatal Error] :1:1: Premature end of file.
2025-12-09 20:49:58,104 [ERROR] LogOutputStream:75 - [STDERR_REDIRECT] 
2025-12-09 20:49:59,103 [ERROR] LogOutputStream:75 - [STDERR_REDIRECT] [Fatal Error] :1:1: Premature end of file.
2025-12-09 20:49:59,103 [ERROR] LogOutputStream:75 - [STDERR_REDIRECT] 
2025-12-09 20:50:00,102 [ERROR] LogOutputStream:75 - [STDERR_REDIRECT] [Fatal Error] :1:1: Premature end of file.
2025-12-09 20:50:00,102 [ERROR] LogOutputStream:75 - [STDERR_REDIRECT] 
2025-12-09 20:50:01,129 [ERROR] LogOutputStream:75 - [STDERR_REDIRECT] [Fatal Error] :1:1: Premature end of file.
2025-12-09 20:50:01,130 [ERROR] LogOutputStream:75 - [STDERR_REDIRECT] 
2025-12-09 20:50:02,101 [ERROR] LogOutputStream:75 - [STDERR_REDIRECT] [Fatal Error] :1:1: Premature end of file.
2025-12-09 20:50:02,101 [ERROR] LogOutputStream:75 - [STDERR_REDIRECT] 
2025-12-09 20:50:03,102 [ERROR] LogOutputStream:75 - [STDERR_REDIRECT] [Fatal Error] :1:1: Premature end of file.
2025-12-09 20:50:03,103 [ERROR] LogOutputStream:75 - [STDERR_REDIRECT] 
2025-12-09 20:50:04,100 [ERROR] LogOutputStream:75 - [STDERR_REDIRECT] [Fatal Error] :1:1: Premature end of file.
2025-12-09 20:50:04,100 [ERROR] LogOutputStream:75 - [STDERR_REDIRECT] 
2025-12-09 20:50:05,101 [ERROR] LogOutputStream:75 - [STDERR_REDIRECT] [Fatal Error] :1:1: Premature end of file.
2025-12-09 20:50:05,102 [ERROR] LogOutputStream:75 - [STDERR_REDIRECT] 
2025-12-09 20:50:06,129 [ERROR] LogOutputStream:75 - [STDERR_REDIRECT] [Fatal Error] :1:1: Premature end of file.
2025-12-09 20:50:06,129 [ERROR] LogOutputStream:75 - [STDERR_REDIRECT] 
2025-12-09 20:50:07,129 [ERROR] LogOutputStream:75 - [STDERR_REDIRECT] [Fatal Error] :1:1: Premature end of file.
2025-12-09 20:50:07,129 [ERROR] LogOutputStream:75 - [STDERR_REDIRECT] 
2025-12-09 20:50:08,101 [ERROR] LogOutputStream:75 - [STDERR_REDIRECT] [Fatal Error] :1:1: Premature end of file.
2025-12-09 20:50:08,101 [ERROR] LogOutputStream:75 - [STDERR_REDIRECT] 
2025-12-09 20:50:09,101 [ERROR] LogOutputStream:75 - [STDERR_REDIRECT] [Fatal Error] :1:1: Premature end of file.
2025-12-09 20:50:09,101 [ERROR] LogOutputStream:75 - [STDERR_REDIRECT] 
2025-12-09 20:50:10,122 [ERROR] LogOutputStream:75 - [STDERR_REDIRECT] [Fatal Error] :1:1: Premature end of file.
2025-12-09 20:50:10,122 [ERROR] LogOutputStream:75 - [STDERR_REDIRECT] 
2025-12-09 20:50:11,103 [ERROR] LogOutputStream:75 - [STDERR_REDIRECT] [Fatal Error] :1:1: Premature end of file.
2025-12-09 20:50:11,103 [ERROR] LogOutputStream:75 - [STDERR_REDIRECT] 
2025-12-09 20:50:12,101 [ERROR] LogOutputStream:75 - [STDERR_REDIRECT] [Fatal Error] :1:1: Premature end of file.
2025-12-09 20:50:12,101 [ERROR] LogOutputStream:75 - [STDERR_REDIRECT] 
2025-12-09 20:50:12,816 [INFO] McuFinderGlobals:63 - Set McuFinder mode to 2 (CubeIDE integrated)
2025-12-09 20:50:12,820 [INFO] MainUpdater:2872 - connection check result : 10
2025-12-09 20:50:12,821 [INFO] MainUpdater:2872 - connection check result : 10
2025-12-09 20:50:12,846 [INFO] MicroXplorer:468 - Change Database Path : 
2025-12-09 20:50:12,847 [INFO] MicroXplorer:498 - Change Database Version : DB.6.0.150
2025-12-09 20:50:12,851 [WARN] ThirdParty:871 - waiting for thirdparty lock release [close project]
2025-12-09 20:50:12,851 [INFO] ThirdParty:873 - entering critical section [close project]
2025-12-09 20:50:12,852 [INFO] ThirdParty:883 - exiting critical section [close project]
2025-12-09 20:50:12,853 [INFO] PinOutPanel:1589 - setPackage(No Configuration,No Configuration)
2025-12-09 20:50:12,855 [INFO] UtilMem:75 - Begin LoadConfig() Used Memory: 515525040 Bytes (799014912)
2025-12-09 20:50:12,856 [INFO] MicroXplorer:468 - Change Database Path : 
2025-12-09 20:50:12,856 [INFO] MicroXplorer:498 - Change Database Version : DB.6.0.150
2025-12-09 20:50:12,856 [INFO] OpenFileManager:355 - Change cursor
2025-12-09 20:50:12,885 [INFO] Mcu:2029 - Initializing MCU STM32G031K(4-6-8)Tx STM32G031K8Tx STM32G031K8T6
2025-12-09 20:50:13,108 [ERROR] LogOutputStream:75 - [STDERR_REDIRECT] [Fatal Error] :1:1: Premature end of file.
2025-12-09 20:50:13,108 [ERROR] LogOutputStream:75 - [STDERR_REDIRECT] 
2025-12-09 20:50:13,747 [INFO] Context:786 - Trying to add GPIOservice into a context  which must be forbidden
2025-12-09 20:50:14,100 [INFO] ImportTextPane:234 - (OptionalMessage_ERROR) Pin11 (VP_RIF_VS_RIF1) cannot be retrieved for this MCU
2025-12-09 20:50:14,109 [ERROR] LogOutputStream:75 - [STDERR_REDIRECT] [Fatal Error] :1:1: Premature end of file.
2025-12-09 20:50:14,109 [ERROR] LogOutputStream:75 - [STDERR_REDIRECT] 
2025-12-09 20:50:14,183 [INFO] RtosManager:558 - Registered RTOS mode: class=CMSIS, group=RTOS, mode=CMSIS_V1, owner=FREERTOS
2025-12-09 20:50:14,183 [INFO] RtosManager:558 - Registered RTOS mode: class=CMSIS, group=RTOS2, mode=CMSIS_V2, owner=FREERTOS
2025-12-09 20:50:14,183 [INFO] RtosManager:558 - Registered RTOS mode: class=RTOS, group=Core, mode=CMSIS_V1, owner=FREERTOS
2025-12-09 20:50:14,183 [INFO] RtosManager:558 - Registered RTOS mode: class=RTOS, group=Core, mode=CMSIS_V2, owner=FREERTOS
2025-12-09 20:50:14,183 [WARN] ModelIntegratedComponent:184 - Missing modes for component STMicroelectronics:FreeRTOS:0.0.1:STMicroelectronics:RTOS:FreeRTOS:Core:::10.2.0:
2025-12-09 20:50:14,187 [WARN] ModelIntegratedComponent:63 - No mode defined for component null
2025-12-09 20:50:14,187 [WARN] ModelIntegratedComponent:63 - No mode defined for component null
2025-12-09 20:50:14,187 [WARN] ModelIntegratedComponent:63 - No mode defined for component null
2025-12-09 20:50:14,187 [WARN] ModelIntegratedComponent:63 - No mode defined for component null
2025-12-09 20:50:14,187 [WARN] ModelIntegratedComponent:63 - No mode defined for component null
2025-12-09 20:50:14,187 [WARN] ModelIntegratedComponent:63 - No mode defined for component null
2025-12-09 20:50:14,187 [WARN] ModelIntegratedComponent:63 - No mode defined for component null
2025-12-09 20:50:14,187 [WARN] ModelIntegratedComponent:63 - No mode defined for component null
2025-12-09 20:50:14,187 [WARN] ModelIntegratedComponent:63 - No mode defined for component null
2025-12-09 20:50:14,187 [WARN] ModelIntegratedComponent:63 - No mode defined for component null
2025-12-09 20:50:14,187 [WARN] ModelIntegratedComponent:63 - No mode defined for component null
2025-12-09 20:50:14,187 [WARN] ModelIntegratedComponent:63 - No mode defined for component null
2025-12-09 20:50:14,187 [WARN] ModelIntegratedComponent:63 - No mode defined for component null
2025-12-09 20:50:14,187 [WARN] ModelIntegratedComponent:63 - No mode defined for component null
2025-12-09 20:50:14,189 [WARN] ModelIntegratedComponent:63 - No mode defined for component null
2025-12-09 20:50:14,189 [WARN] ModelIntegratedComponent:63 - No mode defined for component null
2025-12-09 20:50:14,189 [WARN] ModelIntegratedComponent:63 - No mode defined for component null
2025-12-09 20:50:14,189 [WARN] ModelIntegratedComponent:63 - No mode defined for component null
2025-12-09 20:50:14,189 [WARN] ModelIntegratedComponent:63 - No mode defined for component null
2025-12-09 20:50:14,189 [WARN] ModelIntegratedComponent:63 - No mode defined for component null
2025-12-09 20:50:14,189 [WARN] ModelIntegratedComponent:63 - No mode defined for component null
2025-12-09 20:50:14,189 [WARN] ModelIntegratedComponent:63 - No mode defined for component null
2025-12-09 20:50:14,189 [WARN] ModelIntegratedComponent:63 - No mode defined for component null
2025-12-09 20:50:14,189 [WARN] ModelIntegratedComponent:63 - No mode defined for component null
2025-12-09 20:50:14,189 [WARN] ModelIntegratedComponent:63 - No mode defined for component null
2025-12-09 20:50:14,189 [WARN] ModelIntegratedComponent:63 - No mode defined for component null
2025-12-09 20:50:14,189 [WARN] ModelIntegratedComponent:63 - No mode defined for component null
2025-12-09 20:50:14,189 [WARN] ModelIntegratedComponent:63 - No mode defined for component null
2025-12-09 20:50:14,189 [WARN] ModelIntegratedComponent:63 - No mode defined for component null
2025-12-09 20:50:14,189 [WARN] ModelIntegratedComponent:63 - No mode defined for component null
2025-12-09 20:50:14,189 [WARN] ModelIntegratedComponent:63 - No mode defined for component null
2025-12-09 20:50:14,189 [WARN] ModelIntegratedComponent:63 - No mode defined for component null
2025-12-09 20:50:14,189 [WARN] ModelIntegratedComponent:63 - No mode defined for component null
2025-12-09 20:50:14,189 [WARN] ModelIntegratedComponent:63 - No mode defined for component null
2025-12-09 20:50:14,189 [WARN] ModelIntegratedComponent:63 - No mode defined for component null
2025-12-09 20:50:14,190 [WARN] ModelPack:524 - Component already loaded: STMicroelectronics:HAL Drivers:0.0.0:STMicroelectronics:Device:STMicro_Driver:XSPI:HAL::0.0.1:HAL_XSPI
2025-12-09 20:50:14,340 [INFO] ThirdPartyModel:298 - Start build external matchings
2025-12-09 20:50:14,900 [INFO] ThirdPartyModel:316 - End build external matchings
2025-12-09 20:50:14,919 [INFO] ImportTextPane:234 - (OptionalMessage_ERROR) IP (RCC) : Invalid parameter (FamilyName)
2025-12-09 20:50:14,920 [INFO] ImportTextPane:234 - (OptionalMessage_ERROR) IP (RCC) : Parameter (PLLPoutputFreq_Value) has invalid value (48000000)
2025-12-09 20:50:14,920 [INFO] ImportTextPane:234 - (OptionalMessage_ERROR) IP (RCC) : Parameter (PLLRCLKFreq_Value) has invalid value (48000000)
2025-12-09 20:50:14,921 [INFO] ImportTextPane:234 - (OptionalMessage_ERROR) IP (RCC) : Invalid parameter (TIM15Freq_Value)
2025-12-09 20:50:14,921 [INFO] ImportTextPane:234 - (OptionalMessage_ERROR) IP (RCC) : Invalid parameter (USART2Freq_Value)
2025-12-09 20:50:14,922 [WARN] IP:2250 - FIFOMode not found: check if there is a RefParameter without a condition.
2025-12-09 20:50:14,922 [WARN] IP:2250 - TXFIFOThreshold not found: check if there is a RefParameter without a condition.
2025-12-09 20:50:14,922 [WARN] IP:2250 - RXFIFOThreshold not found: check if there is a RefParameter without a condition.
2025-12-09 20:50:14,922 [WARN] IP:2250 - AutoBaudRateEnableParam not found: check if there is a RefParameter without a condition.
2025-12-09 20:50:15,107 [ERROR] LogOutputStream:75 - [STDERR_REDIRECT] [Fatal Error] :1:1: Premature end of file.
2025-12-09 20:50:15,108 [ERROR] LogOutputStream:75 - [STDERR_REDIRECT] 
2025-12-09 20:50:15,125 [INFO] ApiDb:581 - Connected to CubeFinder SQLite database (C:\Users\akash\.stmcufinder\plugins\mcufinder\mcu\cube-finder-db.db)
2025-12-09 20:50:15,204 [INFO] ApiDb:668 - CubeFinder database Data Model version=2.1
2025-12-09 20:50:15,204 [INFO] ApiDb:669 - CubeFinder database Configuration version=3.0.39
2025-12-09 20:50:15,204 [INFO] ApiDb:670 - CubeFinder database generation date=2025-11-05 (1762334721)
2025-12-09 20:50:15,204 [INFO] ApiDb:671 - CubeFinder database FW Pack versions=[FP-ATR-ASTRA1_V2.0.0, FP-SNS-FLIGHT1_V5.1.0, FP-SNS-MOTENV1_V5.1.0, FP-SNS-MOTENVWB1_V1.4.0, FP-SNS-SMARTAG2_V1.2.0, FP-SNS-STBOX1_V2.1.0, STM32Cube_FW_C0_V1.4.0, STM32Cube_FW_F4_V1.28.3, STM32Cube_FW_F7_V1.17.4, STM32Cube_FW_G0_V1.6.2, STM32Cube_FW_G4_V1.6.1, STM32Cube_FW_H5_V1.5.1, STM32Cube_FW_H7RS_V1.3.0, STM32Cube_FW_H7_V1.12.1, STM32Cube_FW_L0_V1.12.2, STM32Cube_FW_L4_V1.18.1, STM32Cube_FW_L5_V1.6.0, STM32Cube_FW_N6_V1.3.0, STM32Cube_FW_U0_V1.3.0, STM32Cube_FW_U3_V1.2.1, STM32Cube_FW_U5_V1.8.0, STM32Cube_FW_WB0_V1.4.0, STM32Cube_FW_WBA_V1.8.0, STM32Cube_FW_WB_V1.24.0, STM32Cube_FW_WL3_V1.3.0, STM32Cube_FW_WL_V1.4.0, X-CUBE-ALGOBUILD_V1.4.0, X-CUBE-ALS_V1.0.2, X-CUBE-AZRTOS-F4_V1.1.0, X-CUBE-AZRTOS-F7_V1.1.0, X-CUBE-AZRTOS-G0_V1.1.0, X-CUBE-AZRTOS-G4_V2.0.0, X-CUBE-AZRTOS-H7RS_V1.1.0, X-CUBE-AZRTOS-H7_V3.4.0, X-CUBE-AZRTOS-L4_V2.0.0, X-CUBE-AZRTOS-L5_V2.0.0, X-CUBE-AZRTOS-WB_V2.0.0, X-CUBE-AZRTOS-WL_V2.0.0, X-CUBE-BLE1_V7.1.0, X-CUBE-BLE2_V3.3.0, X-CUBE-BLEMGR_V4.1.0, X-CUBE-EEPRMA1_V5.2.0, X-CUBE-FREERTOS_V1.3.1, X-CUBE-GNSS1_V6.0.0, X-CUBE-MEMS1_V11.3.0, X-CUBE-NFC4_V3.0.0, X-CUBE-NFC7_V2.0.0, X-CUBE-SFXS2LP1_V4.0.0, X-CUBE-ST67W61_V1.1.0, X-CUBE-SUBG2_V5.0.0, X-CUBE-TOF1_V3.4.3]
2025-12-09 20:50:15,299 [INFO] DbBoardsSqlite:226 - include board P-NUCLEO-WB55-NUCLEO as a kit item of type 'Nucleo-64'
2025-12-09 20:50:15,299 [INFO] DbBoardsSqlite:226 - include board P-NUCLEO-WB55-USBDONGLE as a kit item of type 'Nucleo USB Dongle'
2025-12-09 20:50:15,300 [INFO] DbBoardsSqlite:226 - include board STEVAL-IDP005V1 as a kit item of type 'Evaluation Board'
2025-12-09 20:50:15,300 [INFO] DbBoardsSqlite:226 - include board STEVAL-IDP005V2 as a kit item of type 'Evaluation Board'
2025-12-09 20:50:15,756 [INFO] ApiDb:240 - Found 880 in-development CPN: [B-G473E-ZEST1S, B-WB1M-WPAN1, B-WBA5M-WPAN, B-WL5M-SUBG1, NUCLEO-C031C6, NUCLEO-C051C8, NUCLEO-C071RB, NUCLEO-C092RC, NUCLEO-H503RB, NUCLEO-H533RE, NUCLEO-H563ZI, NUCLEO-H7S3L8, NUCLEO-N657X0-Q, NUCLEO-U031R8, NUCLEO-U083RC, NUCLEO-U385RG-Q, NUCLEO-U545RE-Q, NUCLEO-U5A5ZJ-Q, NUCLEO-WB05KZ, NUCLEO-WB07CC, NUCLEO-WB09KE, NUCLEO-WBA52CG, NUCLEO-WBA55CG, NUCLEO-WL33CC1, NUCLEO-WL33CC2, STEVAL-PROTEUS1, STEVAL-SMARTAG2, STEVAL-STWINBX1, STM320518-EVAL, STM32C0116-DK, STM32C011D6Y3TR, STM32C011D6Y6TR, STM32C011F4P3, STM32C011F4P6, STM32C011F4U3, STM32C011F4U6TR, STM32C011F6P3, STM32C011F6P6, STM32C011F6U3, STM32C011F6U6TR, STM32C011J4M3, STM32C011J4M6, STM32C011J6M3, STM32C011J6M6, STM32C0316-DK, STM32C031C4T3, STM32C031C4T6, STM32C031C4U3, STM32C031C4U6, STM32C031C6T3, STM32C031C6T6, STM32C031C6U3, STM32C031C6U6, STM32C031F4P3, STM32C031F4P6, STM32C031F6P3, STM32C031F6P6, STM32C031G4U3, STM32C031G4U6, STM32C031G6U3, STM32C031G6U6, STM32C031K4T3, STM32C031K4T6, STM32C031K4U3, STM32C031K4U6, STM32C031K6T3, STM32C031K6T6, STM32C031K6U3, STM32C031K6U6, STM32C051C6T6, STM32C051C6U6, STM32C051C8T6, STM32C051C8U6, STM32C051D8Y6TR, STM32C051F6P6, STM32C051F8P6, STM32C051G6U6, STM32C051G8U6, STM32C051K6T6, STM32C051K6U6, STM32C051K8T6, STM32C071C8T6, STM32C071C8T6N, STM32C071C8U6, STM32C071C8U6N, STM32C071CBT6, STM32C071CBT6N, STM32C071CBU6, STM32C071CBU6N, STM32C071F8P6, STM32C071F8P6N, STM32C071FBP6, STM32C071FBP6N, STM32C071FBY6TR, STM32C071G8U6, STM32C071G8U6N, STM32C071GBU6, STM32C071GBU6N, STM32C071K8T6, STM32C071K8T6N, STM32C071K8U6, STM32C071K8U6N, STM32C071KBT6, STM32C071KBT6N, STM32C071KBU6, STM32C071KBU6N, STM32C071R8T6, STM32C071R8T6N, STM32C071RBI6N, STM32C071RBT6, STM32C071RBT6N, STM32C091CBT6, STM32C091CBU6, STM32C091CCT6, STM32C091CCU6, STM32C091ECY6TR, STM32C091FBP6, STM32C091FCP6, STM32C091GBU6, STM32C091GCU6, STM32C091KBT6, STM32C091KBU6, STM32C091KCT6, STM32C091KCU6, STM32C091RBT6, STM32C091RCI6, STM32C091RCT6, STM32C092CBT6, STM32C092CBU6, STM32C092CCT6, STM32C092CCU6, STM32C092ECY6TR, STM32C092FBP6, STM32C092FCP6, STM32C092GBU6, STM32C092GCU6, STM32C092KBT6, STM32C092KBU6, STM32C092KCT6, STM32C092KCU6, STM32C092RBT6, STM32C092RCI6, STM32C092RCT6, STM32G071K8TXN, STM32G071K8UXN, STM32G081GBU6N, STM32G081KBT6N, STM32G081KBUXN, STM32G0B1CCT6N, STM32G0B1KCT6, STM32G0B1NEY6TR, STM32G0B1RCT6N, STM32G0C1CCT6, STM32G0C1CCT6N, STM32G0C1CCU6N, STM32G0C1CET6N, STM32G0C1CEU6N, STM32G0C1KCT6, STM32G0C1NEY6TR, STM32G0C1RCI6N, STM32G0C1RCT6N, STM32G0C1REI6N, STM32G0C1RET6N, STM32G0C1VCI6, STM32G0C1VEI6, STM32G411C6T3, STM32G411C6T6, STM32G411C6U3, STM32G411C6U6, STM32G411C8T3, STM32G411C8T6, STM32G411C8U3, STM32G411C8U6, STM32G411CBT3, STM32G411CBT6, STM32G411CBU3, STM32G411CBU6, STM32G411K6T3, STM32G411K6T6, STM32G411K6U3, STM32G411K6U6, STM32G411K8T3, STM32G411K8T6, STM32G411K8U3, STM32G411K8U6, STM32G411KBT3, STM32G411KBT6, STM32G411KBU3, STM32G411KBU6, STM32G411M6T3, STM32G411M6T6, STM32G411M8T3, STM32G411M8T6, STM32G411MBT3, STM32G411MBT6, STM32G411R6T3, STM32G411R6T6, STM32G411R8T3, STM32G411R8T6, STM32G411RBT3, STM32G411RBT6, STM32G414CBT3, STM32G414CBT6, STM32G414CBU3, STM32G414CBU6, STM32G414CCT3, STM32G414CCT6, STM32G414CCU3, STM32G414CCU6, STM32G414MBT3, STM32G414MBT6, STM32G414MCT3, STM32G414MCT6, STM32G414RBT3, STM32G414RBT6, STM32G414RCT3, STM32G414RCT6, STM32G414VBT3, STM32G414VBT6, STM32G414VCT3, STM32G414VCT6, STM32G431CBT3Z, STM32G431RBT3Z, STM32G471CCT6, STM32G471CCU6, STM32G471CET3, STM32G471CET6, STM32G471CEU3, STM32G471CEU6, STM32G471MCT6, STM32G471MET3, STM32G471MET6, STM32G471MEY6TR, STM32G471QCT6, STM32G471QET3, STM32G471RCT6, STM32G471RET3, STM32G471RET6, STM32G471VCH6, STM32G471VCI6, STM32G471VCT6, STM32G471VEH3, STM32G471VEH6, STM32G471VEI3, STM32G471VEI6, STM32G471VET3, STM32G471VET6, STM32G473QET3Z, STM32G473RET3Z, STM32G474CCT6, STM32G491RET3Z, STM32H503CBT6, STM32H503CBU6, STM32H503EBY6TR, STM32H503KBU6, STM32H503RBT6, STM32H523CCT6, STM32H523CCU6, STM32H523CET6, STM32H523CEU6, STM32H523HEY6TR, STM32H523RCT6, STM32H523RET6, STM32H523VCI6, STM32H523VCT6, STM32H523VEI6, STM32H523VET6, STM32H523ZCJ6, STM32H523ZCT6, STM32H523ZEJ6, STM32H523ZET6, STM32H533CET6, STM32H533CEU6, STM32H533HEY6TR, STM32H533RET6, STM32H533VEI6, STM32H533VET6, STM32H533ZEJ6, STM32H533ZET6, STM32H562AGI6, STM32H562AII6, STM32H562IGK6, STM32H562IGT6, STM32H562IIK6, STM32H562IIT6, STM32H562RGT6, STM32H562RGV6, STM32H562RIT6, STM32H562RIV6, STM32H562VGT6, STM32H562VIT6, STM32H562ZGT6, STM32H562ZIT6, STM32H563AGI6, STM32H563AII3Q, STM32H563AII6, STM32H563IGK6, STM32H563IGT6, STM32H563IIK3Q, STM32H563IIK6, STM32H563IIT3Q, STM32H563IIT6, STM32H563MIY3QTR, STM32H563RGT6, STM32H563RGV6, STM32H563RIT6, STM32H563RIV6, STM32H563VGT6, STM32H563VIT3Q, STM32H563VIT6, STM32H563ZGT6, STM32H563ZIT3Q, STM32H563ZIT6, STM32H573AII3Q, STM32H573AII6, STM32H573I-DK, STM32H573IIK3Q, STM32H573IIK6, STM32H573IIT3Q, STM32H573IIT6, STM32H573MIY3QTR, STM32H573RIT6, STM32H573RIV6, STM32H573VIT3Q, STM32H573VIT6, STM32H573ZIT3Q, STM32H573ZIT6, STM32H7R3A8I6, STM32H7R3I8K6, STM32H7R3I8T6, STM32H7R3L8H6, STM32H7R3L8H6H, STM32H7R3R8V6, STM32H7R3V8H6, STM32H7R3V8T6, STM32H7R3V8Y6TR, STM32H7R3Z8J6, STM32H7R3Z8T6, STM32H7R7A8I6, STM32H7R7I8K6, STM32H7R7I8T6, STM32H7R7L8H6, STM32H7R7L8H6H, STM32H7R7Z8J6, STM32H7S3A8I6, STM32H7S3I8K6, STM32H7S3I8T6, STM32H7S3L8H6, STM32H7S3L8H6H, STM32H7S3R8V6, STM32H7S3V8H6, STM32H7S3V8T6, STM32H7S3V8Y6TR, STM32H7S3Z8J6, STM32H7S3Z8T6, STM32H7S78-DK, STM32H7S7A8I6, STM32H7S7I8K6, STM32H7S7I8T6, STM32H7S7L8H6, STM32H7S7L8H6H, STM32H7S7Z8J6, STM32L4R5QGI6STR, STM32MP131AAE3, STM32MP131AAF3, STM32MP131AAG3, STM32MP131CAE3, STM32MP131CAF3, STM32MP131CAG3, STM32MP131DAE7, STM32MP131DAF7, STM32MP131DAG7, STM32MP131FAE7, STM32MP131FAF7, STM32MP131FAG7, STM32MP133AAE3, STM32MP133AAF3, STM32MP133AAG3, STM32MP133CAE3, STM32MP133CAF3, STM32MP133CAG3, STM32MP133DAE7, STM32MP133DAF7, STM32MP133DAG7, STM32MP133FAE7, STM32MP133FAF7, STM32MP133FAG7, STM32MP135AAE3, STM32MP135AAF3, STM32MP135AAG3, STM32MP135CAE3, STM32MP135CAF3, STM32MP135CAG3, STM32MP135DAE7, STM32MP135DAF7, STM32MP135DAG7, STM32MP135F-DK, STM32MP135FAE7, STM32MP135FAF7, STM32MP135FAF7T, STM32MP135FAF7U, STM32MP135FAG7, STM32MP211AAL3, STM32MP211AAM3, STM32MP211AAN3, STM32MP211AAO3, STM32MP211CAL3, STM32MP211CAM3, STM32MP211CAN3, STM32MP211CAO3, STM32MP211DAL3, STM32MP211DAM3, STM32MP211DAN3, STM32MP211DAO3, STM32MP211FAL3, STM32MP211FAM3, STM32MP211FAN3, STM32MP211FAO3, STM32MP213AAL3, STM32MP213AAM3, STM32MP213AAN3, STM32MP213AAO3, STM32MP213CAL3, STM32MP213CAM3, STM32MP213CAN3, STM32MP213CAO3, STM32MP213DAL3, STM32MP213DAM3, STM32MP213DAN3, STM32MP213DAO3, STM32MP213FAL3, STM32MP213FAM3, STM32MP213FAN3, STM32MP213FAO3, STM32MP215AAL3, STM32MP215AAM3, STM32MP215AAN3, STM32MP215AAO3, STM32MP215CAL3, STM32MP215CAM3, STM32MP215CAN3, STM32MP215CAO3, STM32MP215DAL3, STM32MP215DAM3, STM32MP215DAN3, STM32MP215DAO3, STM32MP215F-DK, STM32MP215FAL3, STM32MP215FAM3, STM32MP215FAN3, STM32MP215FAO3, STM32MP231AAJ3, STM32MP231AAK3, STM32MP231AAL3, STM32MP231CAJ3, STM32MP231CAK3, STM32MP231CAL3, STM32MP231DAJ3, STM32MP231DAK3, STM32MP231DAL3, STM32MP231FAJ3, STM32MP231FAK3, STM32MP231FAL3, STM32MP233AAJ3, STM32MP233AAK3, STM32MP233AAL3, STM32MP233CAJ3, STM32MP233CAK3, STM32MP233CAL3, STM32MP233DAJ3, STM32MP233DAK3, STM32MP233DAL3, STM32MP233FAJ3, STM32MP233FAK3, STM32MP233FAL3, STM32MP235AAJ3, STM32MP235AAK3, STM32MP235AAL3, STM32MP235CAJ3, STM32MP235CAK3, STM32MP235CAL3, STM32MP235DAJ3, STM32MP235DAK3, STM32MP235DAL3, STM32MP235FAJ3, STM32MP235FAK3, STM32MP235FAL3, STM32MP251AAI3, STM32MP251AAK3, STM32MP251AAL3, STM32MP251CAI3, STM32MP251CAK3, STM32MP251CAL3, STM32MP251DAI3, STM32MP251DAK3, STM32MP251DAL3, STM32MP251FAI3, STM32MP251FAK3, STM32MP251FAL3, STM32MP253AAI3, STM32MP253AAK3, STM32MP253AAL3, STM32MP253CAI3, STM32MP253CAK3, STM32MP253CAL3, STM32MP253DAI3, STM32MP253DAK3, STM32MP253DAL3, STM32MP253FAI3, STM32MP253FAK3, STM32MP253FAL3, STM32MP255AAI3, STM32MP255AAK3, STM32MP255AAL3, STM32MP255CAI3, STM32MP255CAK3, STM32MP255CAL3, STM32MP255DAI3, STM32MP255DAK3, STM32MP255DAL3, STM32MP255FAI3, STM32MP255FAK3, STM32MP255FAL3, STM32MP257AAI3, STM32MP257AAK3, STM32MP257AAL3, STM32MP257CAI3, STM32MP257CAK3, STM32MP257CAL3, STM32MP257DAI3, STM32MP257DAK3, STM32MP257DAL3, STM32MP257F-DK, STM32MP257F-EV1, STM32MP257FAI3, STM32MP257FAK3, STM32MP257FAL3, STM32N645A0H3Q, STM32N645B0H3Q, STM32N645I0H3Q, STM32N645L0H3Q, STM32N645X0H3Q, STM32N645Z0H3Q, STM32N647A0H3Q, STM32N647B0H3Q, STM32N647I0H3Q, STM32N647L0H3Q, STM32N647X0H3Q, STM32N647Z0H3Q, STM32N655A0H3Q, STM32N655B0H3Q, STM32N655I0H3Q, STM32N655L0H3Q, STM32N655X0H3Q, STM32N655Z0H3Q, STM32N6570-DK, STM32N657A0H3Q, STM32N657B0H3Q, STM32N657I0H3Q, STM32N657L0H3Q, STM32N657X0H3Q, STM32N657Z0H3Q, STM32U031C6T6, STM32U031C6U6, STM32U031C8T6, STM32U031C8U6, STM32U031F4P6, STM32U031F6P6, STM32U031F8P6, STM32U031G6Y6TR, STM32U031G8Y6TR, STM32U031K4U6, STM32U031K6U6, STM32U031K8U6, STM32U031R6I6, STM32U031R6T6, STM32U031R8I6, STM32U031R8T6, STM32U073C8T6, STM32U073C8U6, STM32U073CBT6, STM32U073CBU6, STM32U073CCT6, STM32U073CCU6, STM32U073H8Y6TR, STM32U073HBY6TR, STM32U073HCY6TR, STM32U073K8U6, STM32U073KBU6, STM32U073KCU6, STM32U073M8I6, STM32U073M8T6, STM32U073MBI6, STM32U073MBT6, STM32U073MCI6, STM32U073MCT6, STM32U073R8I6, STM32U073R8T6, STM32U073RBI6, STM32U073RBT6, STM32U073RCI6, STM32U073RCT6, STM32U083C-DK, STM32U083CCT6, STM32U083CCU6, STM32U083HCY6TR, STM32U083KCU6, STM32U083MCI6, STM32U083MCT6, STM32U083RCI6, STM32U083RCT6, STM32U375CET6, STM32U375CET6Q, STM32U375CEU6, STM32U375CEU6Q, STM32U375CEY6QTR, STM32U375CGT6, STM32U375CGT6Q, STM32U375CGU6, STM32U375CGU6Q, STM32U375CGY6QTR, STM32U375KEU6, STM32U375KGU6, STM32U375REI6, STM32U375REI6Q, STM32U375RET6, STM32U375RET6Q, STM32U375REY6GTR, STM32U375REY6QTR, STM32U375RGI6, STM32U375RGI6Q, STM32U375RGT6, STM32U375RGT6Q, STM32U375RGY6GTR, STM32U375RGY6QTR, STM32U375VEI6, STM32U375VEI6Q, STM32U375VET6, STM32U375VET6Q, STM32U375VGI6, STM32U375VGI6Q, STM32U375VGT6, STM32U375VGT6Q, STM32U385CGT6, STM32U385CGT6Q, STM32U385CGU6, STM32U385CGU6Q, STM32U385CGY6QTR, STM32U385KGU6, STM32U385RGI6, STM32U385RGI6Q, STM32U385RGT6, STM32U385RGT6Q, STM32U385RGY6GTR, STM32U385RGY6QTR, STM32U385VGI6, STM32U385VGI6Q, STM32U385VGT6, STM32U385VGT6Q, STM32U535CBT6, STM32U535CBT6Q, STM32U535CBU6, STM32U535CBU6Q, STM32U535CCT6, STM32U535CCT6Q, STM32U535CCU6, STM32U535CCU6Q, STM32U535CET6, STM32U535CET6Q, STM32U535CEU6, STM32U535CEU6Q, STM32U535JEY6QTR, STM32U535NCY6QTR, STM32U535NEY6QTR, STM32U535RBI6, STM32U535RBI6Q, STM32U535RBT6, STM32U535RBT6Q, STM32U535RCI6, STM32U535RCI6Q, STM32U535RCT6, STM32U535RCT6Q, STM32U535REI6, STM32U535REI6Q, STM32U535RET6, STM32U535RET6Q, STM32U535VCI6, STM32U535VCI6Q, STM32U535VCT6, STM32U535VCT6Q, STM32U535VEI6, STM32U535VEI6Q, STM32U535VET6, STM32U535VET6Q, STM32U545CET6, STM32U545CET6Q, STM32U545CEU6, STM32U545CEU6Q, STM32U545JEY6QTR, STM32U545NEY6QTR, STM32U545REI6, STM32U545REI6Q, STM32U545RET6, STM32U545RET6Q, STM32U545VEI6, STM32U545VEI6Q, STM32U545VET6, STM32U545VET6Q, STM32U595AIH6, STM32U595AIH6Q, STM32U595AJH6, STM32U595AJH6Q, STM32U595QII6, STM32U595QII6Q, STM32U595QJI6, STM32U595QJI6Q, STM32U595RIT6, STM32U595RIT6Q, STM32U595RJT6, STM32U595RJT6Q, STM32U595VIT6, STM32U595VIT6Q, STM32U595VJT6, STM32U595VJT6Q, STM32U595ZIT6, STM32U595ZIT6Q, STM32U595ZIY6QTR, STM32U595ZJT6, STM32U595ZJT6Q, STM32U595ZJY6QTR, STM32U599BJY6QTR, STM32U599NIH6Q, STM32U599NJH6Q, STM32U599VIT6Q, STM32U599VJT6, STM32U599VJT6Q, STM32U599ZIT6Q, STM32U599ZIY6QTR, STM32U599ZJT6Q, STM32U599ZJY6QTR, STM32U5A5AJH6, STM32U5A5AJH6Q, STM32U5A5QII3Q , STM32U5A5QJI6, STM32U5A5QJI6Q, STM32U5A5RJT6, STM32U5A5RJT6Q, STM32U5A5VJT6, STM32U5A5VJT6Q, STM32U5A5ZJT6, STM32U5A5ZJT6Q, STM32U5A5ZJY6QTR, STM32U5A9BJY6QTR, STM32U5A9J-DK, STM32U5A9NJH6Q, STM32U5A9VJT6Q, STM32U5A9ZJT6Q, STM32U5A9ZJY6QTR, STM32U5F7VIT6, STM32U5F7VIT6Q, STM32U5F7VJT6, STM32U5F7VJT6Q, STM32U5F9BJY6QTR, STM32U5F9NJH6Q, STM32U5F9VIT6Q, STM32U5F9VJT6Q, STM32U5F9ZIJ6QTR, STM32U5F9ZIT6Q, STM32U5F9ZJJ6QTR, STM32U5F9ZJT6Q, STM32U5G7VJT6, STM32U5G7VJT6Q, STM32U5G9BJY6QTR, STM32U5G9J-DK1, STM32U5G9J-DK2, STM32U5G9NJH6Q, STM32U5G9VJT6Q, STM32U5G9ZJJ6QTR, STM32U5G9ZJT6Q, STM32WB05KZV6TR, STM32WB05KZV7TR, STM32WB05TZF6TR, STM32WB05TZF7TR, STM32WB06CCF6TR, STM32WB06CCF7TR, STM32WB06CCV6TR, STM32WB06CCV7TR, STM32WB06KCV6TR, STM32WB06KCV7TR, STM32WB07CCF6TR, STM32WB07CCF7TR, STM32WB07CCV6TR, STM32WB07CCV7TR, STM32WB07KCV6TR, STM32WB07KCV7TR, STM32WB09KEV6TR, STM32WB09KEV7TR, STM32WB09TEF6TR, STM32WB09TEF7TR, STM32WB1MMCH6, STM32WBA50KGU6, STM32WBA50KGU6TR, STM32WBA52CEU6, STM32WBA52CEU6TR, STM32WBA52CEU7, STM32WBA52CEU7TR, STM32WBA52CGU6, STM32WBA52CGU6TR, STM32WBA52CGU6U, STM32WBA52CGU7, STM32WBA52CGU7TR, STM32WBA52KEU6, STM32WBA52KEU6TR, STM32WBA52KGU6, STM32WBA52KGU6TR, STM32WBA54CEU6, STM32WBA54CEU6TR, STM32WBA54CEU7, STM32WBA54CEU7TR, STM32WBA54CGU6, STM32WBA54CGU6TR, STM32WBA54CGU7, STM32WBA54CGU7TR, STM32WBA54KEU6, STM32WBA54KEU6TR, STM32WBA54KEU7, STM32WBA54KEU7TR, STM32WBA54KGU6, STM32WBA54KGU6TR, STM32WBA54KGU7, STM32WBA54KGU7TR, STM32WBA55CEU6, STM32WBA55CEU6TR, STM32WBA55CEU7, STM32WBA55CEU7TR, STM32WBA55CGU6, STM32WBA55CGU6TR, STM32WBA55CGU6U, STM32WBA55CGU7, STM32WBA55CGU7TR, STM32WBA55G-DK1, STM32WBA55HEF6, STM32WBA55HEF7, STM32WBA55HGF6, STM32WBA55HGF7, STM32WBA55UEI6, STM32WBA55UEI6TR, STM32WBA55UEI7, STM32WBA55UEI7TR, STM32WBA55UGI6, STM32WBA55UGI6TR, STM32WBA55UGI7, STM32WBA55UGI7TR, STM32WBA5MMGH6TR, STM32WBA62MGF6, STM32WBA62MIF6, STM32WBA65MGF7, STM32WBA65MIF6, STM32WBA65MIF7, STM32WL30K8V6, STM32WL30KBV6, STM32WL31C8V6, STM32WL31CBV6, STM32WL31K8V6, STM32WL31KBV6, STM32WL33C8V6, STM32WL33C8V6X, STM32WL33CBV6, STM32WL33CBV6X, STM32WL33CCV6, STM32WL33CCV6A, STM32WL33CCV6X, STM32WL33K8V7, STM32WL33K8V7X, STM32WL33KBV7 , STM32WL33KBV7X, STM32WL33KCV7, STM32WL33KCV7X, STM32WL5MOCH6, STM32WL5MOCH6TR]
2025-12-09 20:50:15,758 [INFO] ApiDb:668 - CubeFinder database Data Model version=2.1
2025-12-09 20:50:15,758 [INFO] ApiDb:669 - CubeFinder database Configuration version=3.0.39
2025-12-09 20:50:15,758 [INFO] ApiDb:670 - CubeFinder database generation date=2025-11-05 (1762334721)
2025-12-09 20:50:15,758 [INFO] ApiDb:671 - CubeFinder database FW Pack versions=[FP-ATR-ASTRA1_V2.0.0, FP-SNS-FLIGHT1_V5.1.0, FP-SNS-MOTENV1_V5.1.0, FP-SNS-MOTENVWB1_V1.4.0, FP-SNS-SMARTAG2_V1.2.0, FP-SNS-STBOX1_V2.1.0, STM32Cube_FW_C0_V1.4.0, STM32Cube_FW_F4_V1.28.3, STM32Cube_FW_F7_V1.17.4, STM32Cube_FW_G0_V1.6.2, STM32Cube_FW_G4_V1.6.1, STM32Cube_FW_H5_V1.5.1, STM32Cube_FW_H7RS_V1.3.0, STM32Cube_FW_H7_V1.12.1, STM32Cube_FW_L0_V1.12.2, STM32Cube_FW_L4_V1.18.1, STM32Cube_FW_L5_V1.6.0, STM32Cube_FW_N6_V1.3.0, STM32Cube_FW_U0_V1.3.0, STM32Cube_FW_U3_V1.2.1, STM32Cube_FW_U5_V1.8.0, STM32Cube_FW_WB0_V1.4.0, STM32Cube_FW_WBA_V1.8.0, STM32Cube_FW_WB_V1.24.0, STM32Cube_FW_WL3_V1.3.0, STM32Cube_FW_WL_V1.4.0, X-CUBE-ALGOBUILD_V1.4.0, X-CUBE-ALS_V1.0.2, X-CUBE-AZRTOS-F4_V1.1.0, X-CUBE-AZRTOS-F7_V1.1.0, X-CUBE-AZRTOS-G0_V1.1.0, X-CUBE-AZRTOS-G4_V2.0.0, X-CUBE-AZRTOS-H7RS_V1.1.0, X-CUBE-AZRTOS-H7_V3.4.0, X-CUBE-AZRTOS-L4_V2.0.0, X-CUBE-AZRTOS-L5_V2.0.0, X-CUBE-AZRTOS-WB_V2.0.0, X-CUBE-AZRTOS-WL_V2.0.0, X-CUBE-BLE1_V7.1.0, X-CUBE-BLE2_V3.3.0, X-CUBE-BLEMGR_V4.1.0, X-CUBE-EEPRMA1_V5.2.0, X-CUBE-FREERTOS_V1.3.1, X-CUBE-GNSS1_V6.0.0, X-CUBE-MEMS1_V11.3.0, X-CUBE-NFC4_V3.0.0, X-CUBE-NFC7_V2.0.0, X-CUBE-SFXS2LP1_V4.0.0, X-CUBE-ST67W61_V1.1.0, X-CUBE-SUBG2_V5.0.0, X-CUBE-TOF1_V3.4.3]
2025-12-09 20:50:16,102 [ERROR] LogOutputStream:75 - [STDERR_REDIRECT] [Fatal Error] :1:1: Premature end of file.
2025-12-09 20:50:16,102 [ERROR] LogOutputStream:75 - [STDERR_REDIRECT] 
2025-12-09 20:50:17,102 [ERROR] LogOutputStream:75 - [STDERR_REDIRECT] [Fatal Error] :1:1: Premature end of file.
2025-12-09 20:50:17,102 [ERROR] LogOutputStream:75 - [STDERR_REDIRECT] 
2025-12-09 20:50:17,642 [INFO] ApiDb:240 - Found 880 in-development CPN: [B-G473E-ZEST1S, B-WB1M-WPAN1, B-WBA5M-WPAN, B-WL5M-SUBG1, NUCLEO-C031C6, NUCLEO-C051C8, NUCLEO-C071RB, NUCLEO-C092RC, NUCLEO-H503RB, NUCLEO-H533RE, NUCLEO-H563ZI, NUCLEO-H7S3L8, NUCLEO-N657X0-Q, NUCLEO-U031R8, NUCLEO-U083RC, NUCLEO-U385RG-Q, NUCLEO-U545RE-Q, NUCLEO-U5A5ZJ-Q, NUCLEO-WB05KZ, NUCLEO-WB07CC, NUCLEO-WB09KE, NUCLEO-WBA52CG, NUCLEO-WBA55CG, NUCLEO-WL33CC1, NUCLEO-WL33CC2, STEVAL-PROTEUS1, STEVAL-SMARTAG2, STEVAL-STWINBX1, STM320518-EVAL, STM32C0116-DK, STM32C011D6Y3TR, STM32C011D6Y6TR, STM32C011F4P3, STM32C011F4P6, STM32C011F4U3, STM32C011F4U6TR, STM32C011F6P3, STM32C011F6P6, STM32C011F6U3, STM32C011F6U6TR, STM32C011J4M3, STM32C011J4M6, STM32C011J6M3, STM32C011J6M6, STM32C0316-DK, STM32C031C4T3, STM32C031C4T6, STM32C031C4U3, STM32C031C4U6, STM32C031C6T3, STM32C031C6T6, STM32C031C6U3, STM32C031C6U6, STM32C031F4P3, STM32C031F4P6, STM32C031F6P3, STM32C031F6P6, STM32C031G4U3, STM32C031G4U6, STM32C031G6U3, STM32C031G6U6, STM32C031K4T3, STM32C031K4T6, STM32C031K4U3, STM32C031K4U6, STM32C031K6T3, STM32C031K6T6, STM32C031K6U3, STM32C031K6U6, STM32C051C6T6, STM32C051C6U6, STM32C051C8T6, STM32C051C8U6, STM32C051D8Y6TR, STM32C051F6P6, STM32C051F8P6, STM32C051G6U6, STM32C051G8U6, STM32C051K6T6, STM32C051K6U6, STM32C051K8T6, STM32C071C8T6, STM32C071C8T6N, STM32C071C8U6, STM32C071C8U6N, STM32C071CBT6, STM32C071CBT6N, STM32C071CBU6, STM32C071CBU6N, STM32C071F8P6, STM32C071F8P6N, STM32C071FBP6, STM32C071FBP6N, STM32C071FBY6TR, STM32C071G8U6, STM32C071G8U6N, STM32C071GBU6, STM32C071GBU6N, STM32C071K8T6, STM32C071K8T6N, STM32C071K8U6, STM32C071K8U6N, STM32C071KBT6, STM32C071KBT6N, STM32C071KBU6, STM32C071KBU6N, STM32C071R8T6, STM32C071R8T6N, STM32C071RBI6N, STM32C071RBT6, STM32C071RBT6N, STM32C091CBT6, STM32C091CBU6, STM32C091CCT6, STM32C091CCU6, STM32C091ECY6TR, STM32C091FBP6, STM32C091FCP6, STM32C091GBU6, STM32C091GCU6, STM32C091KBT6, STM32C091KBU6, STM32C091KCT6, STM32C091KCU6, STM32C091RBT6, STM32C091RCI6, STM32C091RCT6, STM32C092CBT6, STM32C092CBU6, STM32C092CCT6, STM32C092CCU6, STM32C092ECY6TR, STM32C092FBP6, STM32C092FCP6, STM32C092GBU6, STM32C092GCU6, STM32C092KBT6, STM32C092KBU6, STM32C092KCT6, STM32C092KCU6, STM32C092RBT6, STM32C092RCI6, STM32C092RCT6, STM32G071K8TXN, STM32G071K8UXN, STM32G081GBU6N, STM32G081KBT6N, STM32G081KBUXN, STM32G0B1CCT6N, STM32G0B1KCT6, STM32G0B1NEY6TR, STM32G0B1RCT6N, STM32G0C1CCT6, STM32G0C1CCT6N, STM32G0C1CCU6N, STM32G0C1CET6N, STM32G0C1CEU6N, STM32G0C1KCT6, STM32G0C1NEY6TR, STM32G0C1RCI6N, STM32G0C1RCT6N, STM32G0C1REI6N, STM32G0C1RET6N, STM32G0C1VCI6, STM32G0C1VEI6, STM32G411C6T3, STM32G411C6T6, STM32G411C6U3, STM32G411C6U6, STM32G411C8T3, STM32G411C8T6, STM32G411C8U3, STM32G411C8U6, STM32G411CBT3, STM32G411CBT6, STM32G411CBU3, STM32G411CBU6, STM32G411K6T3, STM32G411K6T6, STM32G411K6U3, STM32G411K6U6, STM32G411K8T3, STM32G411K8T6, STM32G411K8U3, STM32G411K8U6, STM32G411KBT3, STM32G411KBT6, STM32G411KBU3, STM32G411KBU6, STM32G411M6T3, STM32G411M6T6, STM32G411M8T3, STM32G411M8T6, STM32G411MBT3, STM32G411MBT6, STM32G411R6T3, STM32G411R6T6, STM32G411R8T3, STM32G411R8T6, STM32G411RBT3, STM32G411RBT6, STM32G414CBT3, STM32G414CBT6, STM32G414CBU3, STM32G414CBU6, STM32G414CCT3, STM32G414CCT6, STM32G414CCU3, STM32G414CCU6, STM32G414MBT3, STM32G414MBT6, STM32G414MCT3, STM32G414MCT6, STM32G414RBT3, STM32G414RBT6, STM32G414RCT3, STM32G414RCT6, STM32G414VBT3, STM32G414VBT6, STM32G414VCT3, STM32G414VCT6, STM32G431CBT3Z, STM32G431RBT3Z, STM32G471CCT6, STM32G471CCU6, STM32G471CET3, STM32G471CET6, STM32G471CEU3, STM32G471CEU6, STM32G471MCT6, STM32G471MET3, STM32G471MET6, STM32G471MEY6TR, STM32G471QCT6, STM32G471QET3, STM32G471RCT6, STM32G471RET3, STM32G471RET6, STM32G471VCH6, STM32G471VCI6, STM32G471VCT6, STM32G471VEH3, STM32G471VEH6, STM32G471VEI3, STM32G471VEI6, STM32G471VET3, STM32G471VET6, STM32G473QET3Z, STM32G473RET3Z, STM32G474CCT6, STM32G491RET3Z, STM32H503CBT6, STM32H503CBU6, STM32H503EBY6TR, STM32H503KBU6, STM32H503RBT6, STM32H523CCT6, STM32H523CCU6, STM32H523CET6, STM32H523CEU6, STM32H523HEY6TR, STM32H523RCT6, STM32H523RET6, STM32H523VCI6, STM32H523VCT6, STM32H523VEI6, STM32H523VET6, STM32H523ZCJ6, STM32H523ZCT6, STM32H523ZEJ6, STM32H523ZET6, STM32H533CET6, STM32H533CEU6, STM32H533HEY6TR, STM32H533RET6, STM32H533VEI6, STM32H533VET6, STM32H533ZEJ6, STM32H533ZET6, STM32H562AGI6, STM32H562AII6, STM32H562IGK6, STM32H562IGT6, STM32H562IIK6, STM32H562IIT6, STM32H562RGT6, STM32H562RGV6, STM32H562RIT6, STM32H562RIV6, STM32H562VGT6, STM32H562VIT6, STM32H562ZGT6, STM32H562ZIT6, STM32H563AGI6, STM32H563AII3Q, STM32H563AII6, STM32H563IGK6, STM32H563IGT6, STM32H563IIK3Q, STM32H563IIK6, STM32H563IIT3Q, STM32H563IIT6, STM32H563MIY3QTR, STM32H563RGT6, STM32H563RGV6, STM32H563RIT6, STM32H563RIV6, STM32H563VGT6, STM32H563VIT3Q, STM32H563VIT6, STM32H563ZGT6, STM32H563ZIT3Q, STM32H563ZIT6, STM32H573AII3Q, STM32H573AII6, STM32H573I-DK, STM32H573IIK3Q, STM32H573IIK6, STM32H573IIT3Q, STM32H573IIT6, STM32H573MIY3QTR, STM32H573RIT6, STM32H573RIV6, STM32H573VIT3Q, STM32H573VIT6, STM32H573ZIT3Q, STM32H573ZIT6, STM32H7R3A8I6, STM32H7R3I8K6, STM32H7R3I8T6, STM32H7R3L8H6, STM32H7R3L8H6H, STM32H7R3R8V6, STM32H7R3V8H6, STM32H7R3V8T6, STM32H7R3V8Y6TR, STM32H7R3Z8J6, STM32H7R3Z8T6, STM32H7R7A8I6, STM32H7R7I8K6, STM32H7R7I8T6, STM32H7R7L8H6, STM32H7R7L8H6H, STM32H7R7Z8J6, STM32H7S3A8I6, STM32H7S3I8K6, STM32H7S3I8T6, STM32H7S3L8H6, STM32H7S3L8H6H, STM32H7S3R8V6, STM32H7S3V8H6, STM32H7S3V8T6, STM32H7S3V8Y6TR, STM32H7S3Z8J6, STM32H7S3Z8T6, STM32H7S78-DK, STM32H7S7A8I6, STM32H7S7I8K6, STM32H7S7I8T6, STM32H7S7L8H6, STM32H7S7L8H6H, STM32H7S7Z8J6, STM32L4R5QGI6STR, STM32MP131AAE3, STM32MP131AAF3, STM32MP131AAG3, STM32MP131CAE3, STM32MP131CAF3, STM32MP131CAG3, STM32MP131DAE7, STM32MP131DAF7, STM32MP131DAG7, STM32MP131FAE7, STM32MP131FAF7, STM32MP131FAG7, STM32MP133AAE3, STM32MP133AAF3, STM32MP133AAG3, STM32MP133CAE3, STM32MP133CAF3, STM32MP133CAG3, STM32MP133DAE7, STM32MP133DAF7, STM32MP133DAG7, STM32MP133FAE7, STM32MP133FAF7, STM32MP133FAG7, STM32MP135AAE3, STM32MP135AAF3, STM32MP135AAG3, STM32MP135CAE3, STM32MP135CAF3, STM32MP135CAG3, STM32MP135DAE7, STM32MP135DAF7, STM32MP135DAG7, STM32MP135F-DK, STM32MP135FAE7, STM32MP135FAF7, STM32MP135FAF7T, STM32MP135FAF7U, STM32MP135FAG7, STM32MP211AAL3, STM32MP211AAM3, STM32MP211AAN3, STM32MP211AAO3, STM32MP211CAL3, STM32MP211CAM3, STM32MP211CAN3, STM32MP211CAO3, STM32MP211DAL3, STM32MP211DAM3, STM32MP211DAN3, STM32MP211DAO3, STM32MP211FAL3, STM32MP211FAM3, STM32MP211FAN3, STM32MP211FAO3, STM32MP213AAL3, STM32MP213AAM3, STM32MP213AAN3, STM32MP213AAO3, STM32MP213CAL3, STM32MP213CAM3, STM32MP213CAN3, STM32MP213CAO3, STM32MP213DAL3, STM32MP213DAM3, STM32MP213DAN3, STM32MP213DAO3, STM32MP213FAL3, STM32MP213FAM3, STM32MP213FAN3, STM32MP213FAO3, STM32MP215AAL3, STM32MP215AAM3, STM32MP215AAN3, STM32MP215AAO3, STM32MP215CAL3, STM32MP215CAM3, STM32MP215CAN3, STM32MP215CAO3, STM32MP215DAL3, STM32MP215DAM3, STM32MP215DAN3, STM32MP215DAO3, STM32MP215F-DK, STM32MP215FAL3, STM32MP215FAM3, STM32MP215FAN3, STM32MP215FAO3, STM32MP231AAJ3, STM32MP231AAK3, STM32MP231AAL3, STM32MP231CAJ3, STM32MP231CAK3, STM32MP231CAL3, STM32MP231DAJ3, STM32MP231DAK3, STM32MP231DAL3, STM32MP231FAJ3, STM32MP231FAK3, STM32MP231FAL3, STM32MP233AAJ3, STM32MP233AAK3, STM32MP233AAL3, STM32MP233CAJ3, STM32MP233CAK3, STM32MP233CAL3, STM32MP233DAJ3, STM32MP233DAK3, STM32MP233DAL3, STM32MP233FAJ3, STM32MP233FAK3, STM32MP233FAL3, STM32MP235AAJ3, STM32MP235AAK3, STM32MP235AAL3, STM32MP235CAJ3, STM32MP235CAK3, STM32MP235CAL3, STM32MP235DAJ3, STM32MP235DAK3, STM32MP235DAL3, STM32MP235FAJ3, STM32MP235FAK3, STM32MP235FAL3, STM32MP251AAI3, STM32MP251AAK3, STM32MP251AAL3, STM32MP251CAI3, STM32MP251CAK3, STM32MP251CAL3, STM32MP251DAI3, STM32MP251DAK3, STM32MP251DAL3, STM32MP251FAI3, STM32MP251FAK3, STM32MP251FAL3, STM32MP253AAI3, STM32MP253AAK3, STM32MP253AAL3, STM32MP253CAI3, STM32MP253CAK3, STM32MP253CAL3, STM32MP253DAI3, STM32MP253DAK3, STM32MP253DAL3, STM32MP253FAI3, STM32MP253FAK3, STM32MP253FAL3, STM32MP255AAI3, STM32MP255AAK3, STM32MP255AAL3, STM32MP255CAI3, STM32MP255CAK3, STM32MP255CAL3, STM32MP255DAI3, STM32MP255DAK3, STM32MP255DAL3, STM32MP255FAI3, STM32MP255FAK3, STM32MP255FAL3, STM32MP257AAI3, STM32MP257AAK3, STM32MP257AAL3, STM32MP257CAI3, STM32MP257CAK3, STM32MP257CAL3, STM32MP257DAI3, STM32MP257DAK3, STM32MP257DAL3, STM32MP257F-DK, STM32MP257F-EV1, STM32MP257FAI3, STM32MP257FAK3, STM32MP257FAL3, STM32N645A0H3Q, STM32N645B0H3Q, STM32N645I0H3Q, STM32N645L0H3Q, STM32N645X0H3Q, STM32N645Z0H3Q, STM32N647A0H3Q, STM32N647B0H3Q, STM32N647I0H3Q, STM32N647L0H3Q, STM32N647X0H3Q, STM32N647Z0H3Q, STM32N655A0H3Q, STM32N655B0H3Q, STM32N655I0H3Q, STM32N655L0H3Q, STM32N655X0H3Q, STM32N655Z0H3Q, STM32N6570-DK, STM32N657A0H3Q, STM32N657B0H3Q, STM32N657I0H3Q, STM32N657L0H3Q, STM32N657X0H3Q, STM32N657Z0H3Q, STM32U031C6T6, STM32U031C6U6, STM32U031C8T6, STM32U031C8U6, STM32U031F4P6, STM32U031F6P6, STM32U031F8P6, STM32U031G6Y6TR, STM32U031G8Y6TR, STM32U031K4U6, STM32U031K6U6, STM32U031K8U6, STM32U031R6I6, STM32U031R6T6, STM32U031R8I6, STM32U031R8T6, STM32U073C8T6, STM32U073C8U6, STM32U073CBT6, STM32U073CBU6, STM32U073CCT6, STM32U073CCU6, STM32U073H8Y6TR, STM32U073HBY6TR, STM32U073HCY6TR, STM32U073K8U6, STM32U073KBU6, STM32U073KCU6, STM32U073M8I6, STM32U073M8T6, STM32U073MBI6, STM32U073MBT6, STM32U073MCI6, STM32U073MCT6, STM32U073R8I6, STM32U073R8T6, STM32U073RBI6, STM32U073RBT6, STM32U073RCI6, STM32U073RCT6, STM32U083C-DK, STM32U083CCT6, STM32U083CCU6, STM32U083HCY6TR, STM32U083KCU6, STM32U083MCI6, STM32U083MCT6, STM32U083RCI6, STM32U083RCT6, STM32U375CET6, STM32U375CET6Q, STM32U375CEU6, STM32U375CEU6Q, STM32U375CEY6QTR, STM32U375CGT6, STM32U375CGT6Q, STM32U375CGU6, STM32U375CGU6Q, STM32U375CGY6QTR, STM32U375KEU6, STM32U375KGU6, STM32U375REI6, STM32U375REI6Q, STM32U375RET6, STM32U375RET6Q, STM32U375REY6GTR, STM32U375REY6QTR, STM32U375RGI6, STM32U375RGI6Q, STM32U375RGT6, STM32U375RGT6Q, STM32U375RGY6GTR, STM32U375RGY6QTR, STM32U375VEI6, STM32U375VEI6Q, STM32U375VET6, STM32U375VET6Q, STM32U375VGI6, STM32U375VGI6Q, STM32U375VGT6, STM32U375VGT6Q, STM32U385CGT6, STM32U385CGT6Q, STM32U385CGU6, STM32U385CGU6Q, STM32U385CGY6QTR, STM32U385KGU6, STM32U385RGI6, STM32U385RGI6Q, STM32U385RGT6, STM32U385RGT6Q, STM32U385RGY6GTR, STM32U385RGY6QTR, STM32U385VGI6, STM32U385VGI6Q, STM32U385VGT6, STM32U385VGT6Q, STM32U535CBT6, STM32U535CBT6Q, STM32U535CBU6, STM32U535CBU6Q, STM32U535CCT6, STM32U535CCT6Q, STM32U535CCU6, STM32U535CCU6Q, STM32U535CET6, STM32U535CET6Q, STM32U535CEU6, STM32U535CEU6Q, STM32U535JEY6QTR, STM32U535NCY6QTR, STM32U535NEY6QTR, STM32U535RBI6, STM32U535RBI6Q, STM32U535RBT6, STM32U535RBT6Q, STM32U535RCI6, STM32U535RCI6Q, STM32U535RCT6, STM32U535RCT6Q, STM32U535REI6, STM32U535REI6Q, STM32U535RET6, STM32U535RET6Q, STM32U535VCI6, STM32U535VCI6Q, STM32U535VCT6, STM32U535VCT6Q, STM32U535VEI6, STM32U535VEI6Q, STM32U535VET6, STM32U535VET6Q, STM32U545CET6, STM32U545CET6Q, STM32U545CEU6, STM32U545CEU6Q, STM32U545JEY6QTR, STM32U545NEY6QTR, STM32U545REI6, STM32U545REI6Q, STM32U545RET6, STM32U545RET6Q, STM32U545VEI6, STM32U545VEI6Q, STM32U545VET6, STM32U545VET6Q, STM32U595AIH6, STM32U595AIH6Q, STM32U595AJH6, STM32U595AJH6Q, STM32U595QII6, STM32U595QII6Q, STM32U595QJI6, STM32U595QJI6Q, STM32U595RIT6, STM32U595RIT6Q, STM32U595RJT6, STM32U595RJT6Q, STM32U595VIT6, STM32U595VIT6Q, STM32U595VJT6, STM32U595VJT6Q, STM32U595ZIT6, STM32U595ZIT6Q, STM32U595ZIY6QTR, STM32U595ZJT6, STM32U595ZJT6Q, STM32U595ZJY6QTR, STM32U599BJY6QTR, STM32U599NIH6Q, STM32U599NJH6Q, STM32U599VIT6Q, STM32U599VJT6, STM32U599VJT6Q, STM32U599ZIT6Q, STM32U599ZIY6QTR, STM32U599ZJT6Q, STM32U599ZJY6QTR, STM32U5A5AJH6, STM32U5A5AJH6Q, STM32U5A5QII3Q , STM32U5A5QJI6, STM32U5A5QJI6Q, STM32U5A5RJT6, STM32U5A5RJT6Q, STM32U5A5VJT6, STM32U5A5VJT6Q, STM32U5A5ZJT6, STM32U5A5ZJT6Q, STM32U5A5ZJY6QTR, STM32U5A9BJY6QTR, STM32U5A9J-DK, STM32U5A9NJH6Q, STM32U5A9VJT6Q, STM32U5A9ZJT6Q, STM32U5A9ZJY6QTR, STM32U5F7VIT6, STM32U5F7VIT6Q, STM32U5F7VJT6, STM32U5F7VJT6Q, STM32U5F9BJY6QTR, STM32U5F9NJH6Q, STM32U5F9VIT6Q, STM32U5F9VJT6Q, STM32U5F9ZIJ6QTR, STM32U5F9ZIT6Q, STM32U5F9ZJJ6QTR, STM32U5F9ZJT6Q, STM32U5G7VJT6, STM32U5G7VJT6Q, STM32U5G9BJY6QTR, STM32U5G9J-DK1, STM32U5G9J-DK2, STM32U5G9NJH6Q, STM32U5G9VJT6Q, STM32U5G9ZJJ6QTR, STM32U5G9ZJT6Q, STM32WB05KZV6TR, STM32WB05KZV7TR, STM32WB05TZF6TR, STM32WB05TZF7TR, STM32WB06CCF6TR, STM32WB06CCF7TR, STM32WB06CCV6TR, STM32WB06CCV7TR, STM32WB06KCV6TR, STM32WB06KCV7TR, STM32WB07CCF6TR, STM32WB07CCF7TR, STM32WB07CCV6TR, STM32WB07CCV7TR, STM32WB07KCV6TR, STM32WB07KCV7TR, STM32WB09KEV6TR, STM32WB09KEV7TR, STM32WB09TEF6TR, STM32WB09TEF7TR, STM32WB1MMCH6, STM32WBA50KGU6, STM32WBA50KGU6TR, STM32WBA52CEU6, STM32WBA52CEU6TR, STM32WBA52CEU7, STM32WBA52CEU7TR, STM32WBA52CGU6, STM32WBA52CGU6TR, STM32WBA52CGU6U, STM32WBA52CGU7, STM32WBA52CGU7TR, STM32WBA52KEU6, STM32WBA52KEU6TR, STM32WBA52KGU6, STM32WBA52KGU6TR, STM32WBA54CEU6, STM32WBA54CEU6TR, STM32WBA54CEU7, STM32WBA54CEU7TR, STM32WBA54CGU6, STM32WBA54CGU6TR, STM32WBA54CGU7, STM32WBA54CGU7TR, STM32WBA54KEU6, STM32WBA54KEU6TR, STM32WBA54KEU7, STM32WBA54KEU7TR, STM32WBA54KGU6, STM32WBA54KGU6TR, STM32WBA54KGU7, STM32WBA54KGU7TR, STM32WBA55CEU6, STM32WBA55CEU6TR, STM32WBA55CEU7, STM32WBA55CEU7TR, STM32WBA55CGU6, STM32WBA55CGU6TR, STM32WBA55CGU6U, STM32WBA55CGU7, STM32WBA55CGU7TR, STM32WBA55G-DK1, STM32WBA55HEF6, STM32WBA55HEF7, STM32WBA55HGF6, STM32WBA55HGF7, STM32WBA55UEI6, STM32WBA55UEI6TR, STM32WBA55UEI7, STM32WBA55UEI7TR, STM32WBA55UGI6, STM32WBA55UGI6TR, STM32WBA55UGI7, STM32WBA55UGI7TR, STM32WBA5MMGH6TR, STM32WBA62MGF6, STM32WBA62MIF6, STM32WBA65MGF7, STM32WBA65MIF6, STM32WBA65MIF7, STM32WL30K8V6, STM32WL30KBV6, STM32WL31C8V6, STM32WL31CBV6, STM32WL31K8V6, STM32WL31KBV6, STM32WL33C8V6, STM32WL33C8V6X, STM32WL33CBV6, STM32WL33CBV6X, STM32WL33CCV6, STM32WL33CCV6A, STM32WL33CCV6X, STM32WL33K8V7, STM32WL33K8V7X, STM32WL33KBV7 , STM32WL33KBV7X, STM32WL33KCV7, STM32WL33KCV7X, STM32WL5MOCH6, STM32WL5MOCH6TR]
2025-12-09 20:50:17,647 [INFO] DbMcus:218 - Found 4876 MCUs, 4876 are supported
2025-12-09 20:50:17,647 [INFO] ApiDb:423 - Load user favorites file C:\Users\akash/.stm32cubeide/favorites.mcus.txt: 0 item(s)
2025-12-09 20:50:17,647 [INFO] ApiDb:427 - User favorites MCUs=[]
2025-12-09 20:50:17,647 [INFO] DbMcus:224 - Set 0 / 0 favorites MCUs
2025-12-09 20:50:18,109 [ERROR] LogOutputStream:75 - [STDERR_REDIRECT] [Fatal Error] :1:1: Premature end of file.
2025-12-09 20:50:18,109 [ERROR] LogOutputStream:75 - [STDERR_REDIRECT] 
2025-12-09 20:50:18,300 [INFO] BoardInfo:889 - No configuration file found for board P-NUCLEO-WB55
2025-12-09 20:50:18,301 [INFO] DbBoards:161 - Kit is not supported: P-NUCLEO-WB55
2025-12-09 20:50:18,307 [INFO] BoardInfo:889 - No configuration file found for board STEVAL-BFA001V1B
2025-12-09 20:50:18,308 [INFO] DbBoards:161 - Kit is not supported: STEVAL-BFA001V1B
2025-12-09 20:50:18,309 [INFO] BoardInfo:889 - No configuration file found for board STEVAL-BFA001V2B
2025-12-09 20:50:18,310 [INFO] DbBoards:161 - Kit is not supported: STEVAL-BFA001V2B
2025-12-09 20:50:18,525 [INFO] DbBoards:168 - Found 212 boards, 209 are supported
2025-12-09 20:50:18,525 [INFO] DbBoards:169 - Found 212 boards, 43 of them is supported for  Bsp
2025-12-09 20:50:18,527 [INFO] ApiDb:423 - Load user favorites file C:\Users\akash/.stm32cubeide/favorites.boards.txt: 2 item(s)
2025-12-09 20:50:18,527 [INFO] ApiDb:427 - User favorites Boards=[NUCLEO-H755ZI-Q, STM32H747I-DISCO]
2025-12-09 20:50:18,527 [INFO] DbBoards:198 - Set 2 / 2 favorites Boards
2025-12-09 20:50:18,586 [INFO] UtilMem:75 - End LoadConfig() Used Memory: 892632104 Bytes (1073741824)
2025-12-09 20:50:18,705 [WARN] ThirdParty:833 - waiting for thirdparty lock release [change project]
2025-12-09 20:50:18,705 [INFO] ThirdParty:835 - entering critical section [change project]
2025-12-09 20:50:18,705 [INFO] ThirdParty:1030 - CMSIS Pack Vendor :STMicroelectronics X-CUBE-PM33A1 1.0.0
2025-12-09 20:50:18,705 [INFO] ThirdParty:1030 - CMSIS Pack Vendor :STMicroelectronics USBPD 4.1
2025-12-09 20:50:18,705 [INFO] ThirdParty:1030 - CMSIS Pack Vendor :STMicroelectronics USB_HOST 2.0.0
2025-12-09 20:50:18,705 [INFO] ThirdParty:1030 - CMSIS Pack Vendor :STMicroelectronics FP-SNS-MOTENVWB1 1.4.0
2025-12-09 20:50:18,705 [INFO] ThirdParty:1030 - CMSIS Pack Vendor :STMicroelectronics X-CUBE-AZRTOS-F4 1.1.0
2025-12-09 20:50:18,705 [INFO] ThirdParty:1030 - CMSIS Pack Vendor :STMicroelectronics LIBJPEG 8.0.0
2025-12-09 20:50:18,705 [INFO] ThirdParty:1030 - CMSIS Pack Vendor :STMicroelectronics FP-ATR-ASTRA1 2.0.2
2025-12-09 20:50:18,706 [INFO] ThirdParty:1030 - CMSIS Pack Vendor :Avnet-IotConnect X-CUBE-IoTC-DA16k-PMOD 1.0.0
2025-12-09 20:50:18,706 [INFO] ThirdParty:1030 - CMSIS Pack Vendor :STMicroelectronics X-CUBE-SMBUS 2.1.0
2025-12-09 20:50:18,706 [INFO] ThirdParty:1030 - CMSIS Pack Vendor :STMicroelectronics X-CUBE-ISPU 2.1.0
2025-12-09 20:50:18,706 [INFO] ThirdParty:1030 - CMSIS Pack Vendor :STMicroelectronics X-CUBE-IPS 3.2.0
2025-12-09 20:50:18,706 [INFO] ThirdParty:1030 - CMSIS Pack Vendor :STMicroelectronics X-CUBE-ST60 1.0.0
2025-12-09 20:50:18,706 [INFO] ThirdParty:1030 - CMSIS Pack Vendor :STMicroelectronics X-CUBE-NFC12 1.0.0
2025-12-09 20:50:18,706 [INFO] ThirdParty:1030 - CMSIS Pack Vendor :STMicroelectronics X-CUBE-AZRTOS-F7 1.1.0
2025-12-09 20:50:18,706 [INFO] ThirdParty:1030 - CMSIS Pack Vendor :STMicroelectronics X-CUBE-AZRTOS-L5 2.0.0
2025-12-09 20:50:18,706 [INFO] ThirdParty:1030 - CMSIS Pack Vendor :STMicroelectronics USB_DEVICE 2.0.0
2025-12-09 20:50:18,706 [INFO] ThirdParty:1030 - CMSIS Pack Vendor :STMicroelectronics X-CUBE-NFC6 3.1.0
2025-12-09 20:50:18,706 [INFO] ThirdParty:1030 - CMSIS Pack Vendor :STMicroelectronics FP-SNS-MOTENV1 5.1.0
2025-12-09 20:50:18,706 [INFO] ThirdParty:1030 - CMSIS Pack Vendor :STMicroelectronics FreeRTOS 0.0.1
2025-12-09 20:50:18,706 [INFO] ThirdParty:1030 - CMSIS Pack Vendor :Infineon AIROC-Wi-Fi-Bluetooth-STM32 1.7.1
2025-12-09 20:50:18,706 [INFO] ThirdParty:1030 - CMSIS Pack Vendor :STMicroelectronics PDM2PCM 3.3.0
2025-12-09 20:50:18,706 [INFO] ThirdParty:1030 - CMSIS Pack Vendor :STMicroelectronics X-CUBE-AZRTOS-H7 3.4.0
2025-12-09 20:50:18,706 [INFO] ThirdParty:1030 - CMSIS Pack Vendor :STMicroelectronics X-CUBE-DISPLAY 3.0.0
2025-12-09 20:50:18,706 [INFO] ThirdParty:1030 - CMSIS Pack Vendor :STMicroelectronics X-CUBE-NFC10 1.0.0
2025-12-09 20:50:18,706 [INFO] ThirdParty:1030 - CMSIS Pack Vendor :STMicroelectronics X-CUBE-FREERTOS 1.3.1
2025-12-09 20:50:18,706 [INFO] ThirdParty:1030 - CMSIS Pack Vendor :STMicroelectronics HAL Drivers 0.0.0
2025-12-09 20:50:18,706 [INFO] ThirdParty:1030 - CMSIS Pack Vendor :STMicroelectronics X-CUBE-ST60 1.1.0
2025-12-09 20:50:18,706 [INFO] ThirdParty:1030 - CMSIS Pack Vendor :emotas I-CUBE-CANOPEN 1.3.0
2025-12-09 20:50:18,706 [INFO] ThirdParty:1030 - CMSIS Pack Vendor :STMicroelectronics MBEDTLS 2.14.1
2025-12-09 20:50:18,706 [INFO] ThirdParty:1030 - CMSIS Pack Vendor :STMicroelectronics X-CUBE-GNSS1 7.1.0
2025-12-09 20:50:18,706 [INFO] ThirdParty:1030 - CMSIS Pack Vendor :STMicroelectronics X-CUBE-TOUCHGFX 4.26.0
2025-12-09 20:50:18,706 [INFO] ThirdParty:1030 - CMSIS Pack Vendor :STMicroelectronics FP-SNS-STBOX1 2.1.0
2025-12-09 20:50:18,706 [INFO] ThirdParty:1030 - CMSIS Pack Vendor :STMicroelectronics FP-SNS-STAIOTCFT 1.0.0
2025-12-09 20:50:18,706 [INFO] ThirdParty:1030 - CMSIS Pack Vendor :STMicroelectronics FP-SNS-SMARTAG2 1.2.0
2025-12-09 20:50:18,706 [INFO] ThirdParty:1030 - CMSIS Pack Vendor :STMicroelectronics FP-SNS-FLIGHT1 5.1.0
2025-12-09 20:50:18,708 [INFO] ThirdParty:1030 - CMSIS Pack Vendor :STMicroelectronics X-CUBE-AZRTOS-WL 2.0.0
2025-12-09 20:50:18,708 [INFO] ThirdParty:1030 - CMSIS Pack Vendor :STMicroelectronics X-CUBE-DPower 1.3.0
2025-12-09 20:50:18,708 [INFO] ThirdParty:1030 - CMSIS Pack Vendor :STMicroelectronics FP-SNS-MOTENV1 5.0.0
2025-12-09 20:50:18,708 [INFO] ThirdParty:1030 - CMSIS Pack Vendor :STMicroelectronics USB_DEVICE 1.0.0
2025-12-09 20:50:18,708 [INFO] ThirdParty:1030 - CMSIS Pack Vendor :STMicroelectronics X-CUBE-AZRTOS-H7RS 1.2.0
2025-12-09 20:50:18,708 [INFO] ThirdParty:1030 - CMSIS Pack Vendor :STMicroelectronics X-CUBE-AZRTOS-L4 2.0.0
2025-12-09 20:50:18,708 [INFO] ThirdParty:1030 - CMSIS Pack Vendor :STMicroelectronics ThreadX 0.0.2
2025-12-09 20:50:18,708 [INFO] ThirdParty:1030 - CMSIS Pack Vendor :WES I-CUBE-Cesium 1.3.0
2025-12-09 20:50:18,708 [INFO] ThirdParty:1030 - CMSIS Pack Vendor :STMicroelectronics lwIP 2.1.2
2025-12-09 20:50:18,708 [INFO] ThirdParty:1030 - CMSIS Pack Vendor :STMicroelectronics X-CUBE-SFXS2LP1 4.0.0
2025-12-09 20:50:18,708 [INFO] ThirdParty:1030 - CMSIS Pack Vendor :STMicroelectronics X-CUBE-BLE2 3.3.0
2025-12-09 20:50:18,708 [INFO] ThirdParty:1030 - CMSIS Pack Vendor :Avnet-IOTCONNECT X-CUBE-iotc-st67-sdk 1.0.0
2025-12-09 20:50:18,708 [INFO] ThirdParty:1030 - CMSIS Pack Vendor :STMicroelectronics PDM2PCM 3.2.0
2025-12-09 20:50:18,708 [INFO] ThirdParty:1030 - CMSIS Pack Vendor :STMicroelectronics X-CUBE-AZRTOS-H7 3.3.0
2025-12-09 20:50:18,708 [INFO] ThirdParty:1030 - CMSIS Pack Vendor :STMicroelectronics X-CUBE-NFC9 1.0.0
2025-12-09 20:50:18,708 [INFO] ThirdParty:1030 - CMSIS Pack Vendor :wolfSSL I-CUBE-wolfSSL 5.8.0
2025-12-09 20:50:18,708 [INFO] ThirdParty:1030 - CMSIS Pack Vendor :STMicroelectronics X-CUBE-BLE1 7.1.0
2025-12-09 20:50:18,708 [INFO] ThirdParty:1030 - CMSIS Pack Vendor :wolfSSL I-CUBE-wolfMQTT 1.19.2
2025-12-09 20:50:18,708 [INFO] ThirdParty:1030 - CMSIS Pack Vendor :STMicroelectronics USB_DEVICE 3.0.0
2025-12-09 20:50:18,709 [INFO] ThirdParty:1030 - CMSIS Pack Vendor :STMicroelectronics X-CUBE-FREERTOS 1.4.0
2025-12-09 20:50:18,709 [INFO] ThirdParty:1030 - CMSIS Pack Vendor :STMicroelectronics X-CUBE-EEPRMA1 5.2.0
2025-12-09 20:50:18,709 [INFO] ThirdParty:1030 - CMSIS Pack Vendor :STMicroelectronics X-CUBE-BLEMGR 4.1.0
2025-12-09 20:50:18,709 [INFO] ThirdParty:1030 - CMSIS Pack Vendor :STMicroelectronics X-CUBE-AZRTOS-WB 2.0.0
2025-12-09 20:50:18,709 [INFO] ThirdParty:1030 - CMSIS Pack Vendor :STMicroelectronics X-CUBE-GNSS1 7.0.1
2025-12-09 20:50:18,709 [INFO] ThirdParty:1030 - CMSIS Pack Vendor :STMicroelectronics X-CUBE-TOUCHGFX 4.25.0
2025-12-09 20:50:18,709 [INFO] ThirdParty:1030 - CMSIS Pack Vendor :STMicroelectronics X-CUBE-ST67W61 1.1.0
2025-12-09 20:50:18,709 [INFO] ThirdParty:1030 - CMSIS Pack Vendor :STMicroelectronics X-CUBE-AI 10.1.0
2025-12-09 20:50:18,709 [INFO] ThirdParty:1030 - CMSIS Pack Vendor :STMicroelectronics FP-SNS-STBOX1 2.0.0
2025-12-09 20:50:18,709 [INFO] ThirdParty:1030 - CMSIS Pack Vendor :quantropi X-CUBE-qispace-sdk-base 2.1.0
2025-12-09 20:50:18,709 [INFO] ThirdParty:1030 - CMSIS Pack Vendor :STMicroelectronics X-CUBE-MEMS1 12.0.0
2025-12-09 20:50:18,709 [INFO] ThirdParty:1030 - CMSIS Pack Vendor :STMicroelectronics X-CUBE-AZRTOS-G0 1.1.0
2025-12-09 20:50:18,709 [INFO] ThirdParty:1030 - CMSIS Pack Vendor :STMicroelectronics X-CUBE-SAFEA1 1.2.2
2025-12-09 20:50:18,709 [INFO] ThirdParty:1030 - CMSIS Pack Vendor :STMicroelectronics X-CUBE-NFC4 3.0.0
2025-12-09 20:50:18,709 [INFO] ThirdParty:1030 - CMSIS Pack Vendor :STMicroelectronics X-CUBE-SUBG2 5.0.0
2025-12-09 20:50:18,709 [INFO] ThirdParty:1030 - CMSIS Pack Vendor :STMicroelectronics X-CUBE-AZRTOS-H7RS 1.1.0
2025-12-09 20:50:18,709 [INFO] ThirdParty:1030 - CMSIS Pack Vendor :STMicroelectronics STM32_WPAN 1.0.0
2025-12-09 20:50:18,709 [INFO] ThirdParty:1030 - CMSIS Pack Vendor :EmbeddedOffice I-CUBE-FS-RTOS 1.0.1
2025-12-09 20:50:18,709 [INFO] ThirdParty:1030 - CMSIS Pack Vendor :STMicroelectronics lwIP 2.0.3
2025-12-09 20:50:18,709 [INFO] ThirdParty:1030 - CMSIS Pack Vendor :Cesanta I-CUBE-Mongoose 7.13.0
2025-12-09 20:50:18,709 [INFO] ThirdParty:1030 - CMSIS Pack Vendor :STMicroelectronics USB_HOST 1.0.0
2025-12-09 20:50:18,709 [INFO] ThirdParty:1030 - CMSIS Pack Vendor :STMicroelectronics X-CUBE-AZRTOS-G4 2.0.0
2025-12-09 20:50:18,709 [INFO] ThirdParty:1030 - CMSIS Pack Vendor :STMicroelectronics X-CUBE-WB05N 2.0.0
2025-12-09 20:50:18,709 [INFO] ThirdParty:1030 - CMSIS Pack Vendor :STMicroelectronics PDM2PCM 3.1.0
2025-12-09 20:50:18,709 [INFO] ThirdParty:1030 - CMSIS Pack Vendor :wolfSSL I-CUBE-wolfTPM 3.8.0
2025-12-09 20:50:18,709 [INFO] ThirdParty:1030 - CMSIS Pack Vendor :wolfSSL I-CUBE-wolfSSH 1.4.20
2025-12-09 20:50:18,709 [INFO] ThirdParty:1030 - CMSIS Pack Vendor :STMicroelectronics X-CUBE-NFC7 2.0.0
2025-12-09 20:50:18,709 [INFO] ThirdParty:1030 - CMSIS Pack Vendor :STMicroelectronics X-CUBE-TCPP 4.2.0
2025-12-09 20:50:18,709 [INFO] ThirdParty:1030 - CMSIS Pack Vendor :RealThread X-CUBE-RT-Thread_Nano 4.1.1
2025-12-09 20:50:18,709 [INFO] ThirdParty:1030 - CMSIS Pack Vendor :STMicroelectronics FP-ATR-SIGFOX1 3.2.0
2025-12-09 20:50:18,709 [INFO] ThirdParty:1030 - CMSIS Pack Vendor :STMicroelectronics MBEDTLS 2.16.2
2025-12-09 20:50:18,709 [INFO] ThirdParty:1030 - CMSIS Pack Vendor :STMicroelectronics X-CUBE-IPS 3.1.0
2025-12-09 20:50:18,709 [INFO] ThirdParty:1030 - CMSIS Pack Vendor :STMicroelectronics X-CUBE-ALS 1.0.2
2025-12-09 20:50:18,709 [INFO] ThirdParty:1030 - CMSIS Pack Vendor :ITTIA_DB I-CUBE-ITTIADB 8.9.0
2025-12-09 20:50:18,710 [INFO] ThirdParty:1030 - CMSIS Pack Vendor :STMicroelectronics X-CUBE-STSE01 1.0.0
2025-12-09 20:50:18,710 [INFO] ThirdParty:1030 - CMSIS Pack Vendor :portGmbH I-Cube-SoM-uGOAL 1.1.0
2025-12-09 20:50:18,710 [INFO] ThirdParty:1030 - CMSIS Pack Vendor :STMicroelectronics X-CUBE-ST67W61 1.0.0
2025-12-09 20:50:18,710 [INFO] ThirdParty:1030 - CMSIS Pack Vendor :STMicroelectronics X-CUBE-AI 10.2.0
2025-12-09 20:50:18,710 [INFO] ThirdParty:1030 - CMSIS Pack Vendor :STMicroelectronics ThreadX 1.0.0
2025-12-09 20:50:18,710 [INFO] ThirdParty:1030 - CMSIS Pack Vendor :SEGGER I-CUBE-embOS 1.3.1
2025-12-09 20:50:18,710 [INFO] ThirdParty:1030 - CMSIS Pack Vendor :STMicroelectronics X-CUBE-ALGOBUILD 1.4.0
2025-12-09 20:50:18,710 [INFO] ThirdParty:1030 - CMSIS Pack Vendor :STMicroelectronics X-CUBE-MEMS1 11.3.0
2025-12-09 20:50:18,710 [INFO] ThirdParty:1030 - CMSIS Pack Vendor :STMicroelectronics X-CUBE-TOF1 3.4.3
2025-12-09 20:50:18,710 [INFO] ThirdParty:841 - exiting critical section [change project]
2025-12-09 20:50:18,959 [INFO] PinOutPanel:1589 - setPackage(No Configuration,No Configuration)
2025-12-09 20:50:18,962 [INFO] PinOutPanel:1589 - setPackage(STM32G031K8Tx,LQFP32)
2025-12-09 20:50:19,106 [ERROR] LogOutputStream:75 - [STDERR_REDIRECT] [Fatal Error] :1:1: Premature end of file.
2025-12-09 20:50:19,106 [ERROR] LogOutputStream:75 - [STDERR_REDIRECT] 
2025-12-09 20:50:19,287 [INFO] UtilMem:75 - Before build in PCC Used Memory: 1000361880 Bytes (1073741824)
2025-12-09 20:50:19,972 [INFO] UtilMem:75 - After build in PCC Used Memory: 944053280 Bytes (1073741824)
2025-12-09 20:50:19,995 [INFO] IPUIPlugin:80 - create IPUIPlugin
2025-12-09 20:50:19,995 [INFO] IPUIPlugin:80 - create IPUIPlugin
2025-12-09 20:50:19,995 [INFO] IPUIPlugin:80 - create IPUIPlugin
2025-12-09 20:50:19,995 [INFO] IPUIPlugin:80 - create IPUIPlugin
2025-12-09 20:50:19,995 [INFO] IPUIPlugin:80 - create IPUIPlugin
2025-12-09 20:50:19,995 [INFO] IPUIPlugin:80 - create IPUIPlugin
2025-12-09 20:50:19,995 [INFO] IPUIPlugin:80 - create IPUIPlugin
2025-12-09 20:50:19,995 [INFO] IPUIPlugin:80 - create IPUIPlugin
2025-12-09 20:50:19,995 [INFO] IPUIPlugin:80 - create IPUIPlugin
2025-12-09 20:50:19,996 [INFO] IPUIPlugin:80 - create IPUIPlugin
2025-12-09 20:50:19,996 [INFO] IPUIPlugin:80 - create IPUIPlugin
2025-12-09 20:50:19,996 [INFO] IPUIPlugin:80 - create IPUIPlugin
2025-12-09 20:50:19,996 [INFO] IPUIPlugin:80 - create IPUIPlugin
2025-12-09 20:50:19,996 [INFO] IPUIPlugin:80 - create IPUIPlugin
2025-12-09 20:50:19,996 [INFO] IPUIPlugin:80 - create IPUIPlugin
2025-12-09 20:50:19,996 [INFO] IPUIPlugin:80 - create IPUIPlugin
2025-12-09 20:50:19,996 [INFO] IPUIPlugin:80 - create IPUIPlugin
2025-12-09 20:50:19,998 [INFO] IPUIPlugin:80 - create IPUIPlugin
2025-12-09 20:50:19,998 [INFO] IPUIPlugin:80 - create IPUIPlugin
2025-12-09 20:50:19,998 [INFO] IPUIPlugin:80 - create IPUIPlugin
2025-12-09 20:50:19,998 [INFO] IPUIPlugin:80 - create IPUIPlugin
2025-12-09 20:50:19,998 [INFO] IPUIPlugin:80 - create IPUIPlugin
2025-12-09 20:50:19,998 [INFO] IPUIPlugin:80 - create IPUIPlugin
2025-12-09 20:50:19,999 [INFO] IPUIPlugin:80 - create IPUIPlugin
2025-12-09 20:50:19,999 [INFO] IPUIPlugin:80 - create IPUIPlugin
2025-12-09 20:50:19,999 [INFO] IPUIPlugin:80 - create IPUIPlugin
2025-12-09 20:50:19,999 [INFO] IPUIPlugin:80 - create IPUIPlugin
2025-12-09 20:50:19,999 [INFO] IPUIPlugin:80 - create IPUIPlugin
2025-12-09 20:50:19,999 [INFO] IPUIPlugin:80 - create IPUIPlugin
2025-12-09 20:50:20,006 [WARN] IP:2250 - FIFOMode not found: check if there is a RefParameter without a condition.
2025-12-09 20:50:20,006 [WARN] IP:2250 - TXFIFOThreshold not found: check if there is a RefParameter without a condition.
2025-12-09 20:50:20,008 [WARN] IP:2250 - RXFIFOThreshold not found: check if there is a RefParameter without a condition.
2025-12-09 20:50:20,008 [WARN] IP:2250 - AutoBaudRateEnableParam not found: check if there is a RefParameter without a condition.
2025-12-09 20:50:20,103 [ERROR] LogOutputStream:75 - [STDERR_REDIRECT] [Fatal Error] :1:1: Premature end of file.
2025-12-09 20:50:20,103 [ERROR] LogOutputStream:75 - [STDERR_REDIRECT] 
2025-12-09 20:50:20,150 [INFO] CADModel:165 - CPN selected for project levelSTM32G031K8T6
2025-12-09 20:50:20,150 [INFO] CADModel:114 - Register for checkConnection events
2025-12-09 20:50:20,207 [INFO] OpenFileManager:386 - Restore cursor
2025-12-09 20:50:20,464 [INFO] ProjectChoiceTab:962 - Analytics plugin initialized for: Cortex-M0+NS Enable multi-threaded support
2025-12-09 20:50:20,472 [WARN] IP:2250 - FIFOMode not found: check if there is a RefParameter without a condition.
2025-12-09 20:50:20,472 [WARN] IP:2250 - TXFIFOThreshold not found: check if there is a RefParameter without a condition.
2025-12-09 20:50:20,473 [WARN] IP:2250 - RXFIFOThreshold not found: check if there is a RefParameter without a condition.
2025-12-09 20:50:20,473 [WARN] IP:2250 - AutoBaudRateEnableParam not found: check if there is a RefParameter without a condition.
2025-12-09 20:50:20,474 [WARN] IP:2250 - FIFOMode not found: check if there is a RefParameter without a condition.
2025-12-09 20:50:20,474 [WARN] IP:2250 - TXFIFOThreshold not found: check if there is a RefParameter without a condition.
2025-12-09 20:50:20,474 [WARN] IP:2250 - RXFIFOThreshold not found: check if there is a RefParameter without a condition.
2025-12-09 20:50:20,474 [WARN] IP:2250 - AutoBaudRateEnableParam not found: check if there is a RefParameter without a condition.
2025-12-09 20:50:21,101 [ERROR] LogOutputStream:75 - [STDERR_REDIRECT] [Fatal Error] :1:1: Premature end of file.
2025-12-09 20:50:21,101 [ERROR] LogOutputStream:75 - [STDERR_REDIRECT] 
2025-12-09 20:50:22,100 [ERROR] LogOutputStream:75 - [STDERR_REDIRECT] [Fatal Error] :1:1: Premature end of file.
2025-12-09 20:50:22,102 [ERROR] LogOutputStream:75 - [STDERR_REDIRECT] 
2025-12-09 20:50:23,107 [ERROR] LogOutputStream:75 - [STDERR_REDIRECT] [Fatal Error] :1:1: Premature end of file.
2025-12-09 20:50:23,107 [ERROR] LogOutputStream:75 - [STDERR_REDIRECT] 
2025-12-09 20:50:24,101 [ERROR] LogOutputStream:75 - [STDERR_REDIRECT] [Fatal Error] :1:1: Premature end of file.
2025-12-09 20:50:24,101 [ERROR] LogOutputStream:75 - [STDERR_REDIRECT] 
2025-12-09 20:50:25,103 [ERROR] LogOutputStream:75 - [STDERR_REDIRECT] [Fatal Error] :1:1: Premature end of file.
2025-12-09 20:50:25,103 [ERROR] LogOutputStream:75 - [STDERR_REDIRECT] 
2025-12-09 20:50:26,103 [ERROR] LogOutputStream:75 - [STDERR_REDIRECT] [Fatal Error] :1:1: Premature end of file.
2025-12-09 20:50:26,103 [ERROR] LogOutputStream:75 - [STDERR_REDIRECT] 
2025-12-09 20:50:27,102 [ERROR] LogOutputStream:75 - [STDERR_REDIRECT] [Fatal Error] :1:1: Premature end of file.
2025-12-09 20:50:27,102 [ERROR] LogOutputStream:75 - [STDERR_REDIRECT] 
2025-12-09 20:50:28,103 [ERROR] LogOutputStream:75 - [STDERR_REDIRECT] [Fatal Error] :1:1: Premature end of file.
2025-12-09 20:50:28,103 [ERROR] LogOutputStream:75 - [STDERR_REDIRECT] 
2025-12-09 20:50:29,103 [ERROR] LogOutputStream:75 - [STDERR_REDIRECT] [Fatal Error] :1:1: Premature end of file.
2025-12-09 20:50:29,104 [ERROR] LogOutputStream:75 - [STDERR_REDIRECT] 
2025-12-09 20:50:30,101 [ERROR] LogOutputStream:75 - [STDERR_REDIRECT] [Fatal Error] :1:1: Premature end of file.
2025-12-09 20:50:30,102 [ERROR] LogOutputStream:75 - [STDERR_REDIRECT] 
2025-12-09 20:50:31,104 [ERROR] LogOutputStream:75 - [STDERR_REDIRECT] [Fatal Error] :1:1: Premature end of file.
2025-12-09 20:50:31,104 [ERROR] LogOutputStream:75 - [STDERR_REDIRECT] 
2025-12-09 20:50:32,155 [ERROR] LogOutputStream:75 - [STDERR_REDIRECT] [Fatal Error] :1:1: Premature end of file.
2025-12-09 20:50:32,155 [ERROR] LogOutputStream:75 - [STDERR_REDIRECT] 
2025-12-09 20:50:33,156 [ERROR] LogOutputStream:75 - [STDERR_REDIRECT] [Fatal Error] :1:1: Premature end of file.
2025-12-09 20:50:33,156 [ERROR] LogOutputStream:75 - [STDERR_REDIRECT] 
2025-12-09 20:50:34,149 [ERROR] LogOutputStream:75 - [STDERR_REDIRECT] [Fatal Error] :1:1: Premature end of file.
2025-12-09 20:50:34,149 [ERROR] LogOutputStream:75 - [STDERR_REDIRECT] 
2025-12-09 20:50:35,150 [ERROR] LogOutputStream:75 - [STDERR_REDIRECT] [Fatal Error] :1:1: Premature end of file.
2025-12-09 20:50:35,150 [ERROR] LogOutputStream:75 - [STDERR_REDIRECT] 
2025-12-09 20:50:36,142 [ERROR] LogOutputStream:75 - [STDERR_REDIRECT] [Fatal Error] :1:1: Premature end of file.
2025-12-09 20:50:36,143 [ERROR] LogOutputStream:75 - [STDERR_REDIRECT] 
2025-12-09 20:50:37,147 [ERROR] LogOutputStream:75 - [STDERR_REDIRECT] [Fatal Error] :1:1: Premature end of file.
2025-12-09 20:50:37,147 [ERROR] LogOutputStream:75 - [STDERR_REDIRECT] 
2025-12-09 20:50:38,163 [ERROR] LogOutputStream:75 - [STDERR_REDIRECT] [Fatal Error] :1:1: Premature end of file.
2025-12-09 20:50:38,163 [ERROR] LogOutputStream:75 - [STDERR_REDIRECT] 
2025-12-09 20:50:39,156 [ERROR] LogOutputStream:75 - [STDERR_REDIRECT] [Fatal Error] :1:1: Premature end of file.
2025-12-09 20:50:39,156 [ERROR] LogOutputStream:75 - [STDERR_REDIRECT] 
2025-12-09 20:50:40,153 [ERROR] LogOutputStream:75 - [STDERR_REDIRECT] [Fatal Error] :1:1: Premature end of file.
2025-12-09 20:50:40,153 [ERROR] LogOutputStream:75 - [STDERR_REDIRECT] 
2025-12-09 20:50:41,162 [ERROR] LogOutputStream:75 - [STDERR_REDIRECT] [Fatal Error] :1:1: Premature end of file.
2025-12-09 20:50:41,162 [ERROR] LogOutputStream:75 - [STDERR_REDIRECT] 
2025-12-09 20:50:42,142 [ERROR] LogOutputStream:75 - [STDERR_REDIRECT] [Fatal Error] :1:1: Premature end of file.
2025-12-09 20:50:42,142 [ERROR] LogOutputStream:75 - [STDERR_REDIRECT] 
2025-12-09 20:50:43,141 [ERROR] LogOutputStream:75 - [STDERR_REDIRECT] [Fatal Error] :1:1: Premature end of file.
2025-12-09 20:50:43,142 [ERROR] LogOutputStream:75 - [STDERR_REDIRECT] 
2025-12-09 20:50:44,167 [ERROR] LogOutputStream:75 - [STDERR_REDIRECT] [Fatal Error] :1:1: Premature end of file.
2025-12-09 20:50:44,167 [ERROR] LogOutputStream:75 - [STDERR_REDIRECT] 
2025-12-09 20:50:45,182 [ERROR] LogOutputStream:75 - [STDERR_REDIRECT] [Fatal Error] :1:1: Premature end of file.
2025-12-09 20:50:45,182 [ERROR] LogOutputStream:75 - [STDERR_REDIRECT] 
2025-12-09 20:50:46,145 [ERROR] LogOutputStream:75 - [STDERR_REDIRECT] [Fatal Error] :1:1: Premature end of file.
2025-12-09 20:50:46,145 [ERROR] LogOutputStream:75 - [STDERR_REDIRECT] 
2025-12-09 20:50:47,168 [ERROR] LogOutputStream:75 - [STDERR_REDIRECT] [Fatal Error] :1:1: Premature end of file.
2025-12-09 20:50:47,168 [ERROR] LogOutputStream:75 - [STDERR_REDIRECT] 
2025-12-09 20:50:48,152 [ERROR] LogOutputStream:75 - [STDERR_REDIRECT] [Fatal Error] :1:1: Premature end of file.
2025-12-09 20:50:48,152 [ERROR] LogOutputStream:75 - [STDERR_REDIRECT] 
2025-12-09 20:50:49,133 [ERROR] LogOutputStream:75 - [STDERR_REDIRECT] [Fatal Error] :1:1: Premature end of file.
2025-12-09 20:50:49,134 [ERROR] LogOutputStream:75 - [STDERR_REDIRECT] 
2025-12-09 20:50:50,153 [ERROR] LogOutputStream:75 - [STDERR_REDIRECT] [Fatal Error] :1:1: Premature end of file.
2025-12-09 20:50:50,153 [ERROR] LogOutputStream:75 - [STDERR_REDIRECT] 
2025-12-09 20:50:51,162 [ERROR] LogOutputStream:75 - [STDERR_REDIRECT] [Fatal Error] :1:1: Premature end of file.
2025-12-09 20:50:51,162 [ERROR] LogOutputStream:75 - [STDERR_REDIRECT] 
2025-12-09 20:50:52,149 [ERROR] LogOutputStream:75 - [STDERR_REDIRECT] [Fatal Error] :1:1: Premature end of file.
2025-12-09 20:50:52,150 [ERROR] LogOutputStream:75 - [STDERR_REDIRECT] 
2025-12-09 20:50:53,135 [ERROR] LogOutputStream:75 - [STDERR_REDIRECT] [Fatal Error] :1:1: Premature end of file.
2025-12-09 20:50:53,135 [ERROR] LogOutputStream:75 - [STDERR_REDIRECT] 
2025-12-09 20:50:54,140 [ERROR] LogOutputStream:75 - [STDERR_REDIRECT] [Fatal Error] :1:1: Premature end of file.
2025-12-09 20:50:54,141 [ERROR] LogOutputStream:75 - [STDERR_REDIRECT] 
2025-12-09 20:50:55,146 [ERROR] LogOutputStream:75 - [STDERR_REDIRECT] [Fatal Error] :1:1: Premature end of file.
2025-12-09 20:50:55,146 [ERROR] LogOutputStream:75 - [STDERR_REDIRECT] 
2025-12-09 20:50:56,147 [ERROR] LogOutputStream:75 - [STDERR_REDIRECT] [Fatal Error] :1:1: Premature end of file.
2025-12-09 20:50:56,147 [ERROR] LogOutputStream:75 - [STDERR_REDIRECT] 
2025-12-09 20:50:57,166 [ERROR] LogOutputStream:75 - [STDERR_REDIRECT] [Fatal Error] :1:1: Premature end of file.
2025-12-09 20:50:57,166 [ERROR] LogOutputStream:75 - [STDERR_REDIRECT] 
2025-12-09 20:50:58,145 [ERROR] LogOutputStream:75 - [STDERR_REDIRECT] [Fatal Error] :1:1: Premature end of file.
2025-12-09 20:50:58,147 [ERROR] LogOutputStream:75 - [STDERR_REDIRECT] 
2025-12-09 20:50:59,100 [ERROR] LogOutputStream:75 - [STDERR_REDIRECT] [Fatal Error] :1:1: Premature end of file.
2025-12-09 20:50:59,101 [ERROR] LogOutputStream:75 - [STDERR_REDIRECT] 
2025-12-09 20:51:00,102 [ERROR] LogOutputStream:75 - [STDERR_REDIRECT] [Fatal Error] :1:1: Premature end of file.
2025-12-09 20:51:00,103 [ERROR] LogOutputStream:75 - [STDERR_REDIRECT] 
2025-12-09 20:51:01,165 [ERROR] LogOutputStream:75 - [STDERR_REDIRECT] [Fatal Error] :1:1: Premature end of file.
2025-12-09 20:51:01,166 [ERROR] LogOutputStream:75 - [STDERR_REDIRECT] 
2025-12-09 20:51:02,169 [ERROR] LogOutputStream:75 - [STDERR_REDIRECT] [Fatal Error] :1:1: Premature end of file.
2025-12-09 20:51:02,170 [ERROR] LogOutputStream:75 - [STDERR_REDIRECT] 
2025-12-09 20:51:03,167 [ERROR] LogOutputStream:75 - [STDERR_REDIRECT] [Fatal Error] :1:1: Premature end of file.
2025-12-09 20:51:03,167 [ERROR] LogOutputStream:75 - [STDERR_REDIRECT] 
2025-12-09 20:51:04,163 [ERROR] LogOutputStream:75 - [STDERR_REDIRECT] [Fatal Error] :1:1: Premature end of file.
2025-12-09 20:51:04,164 [ERROR] LogOutputStream:75 - [STDERR_REDIRECT] 
2025-12-09 20:51:05,158 [ERROR] LogOutputStream:75 - [STDERR_REDIRECT] [Fatal Error] :1:1: Premature end of file.
2025-12-09 20:51:05,158 [ERROR] LogOutputStream:75 - [STDERR_REDIRECT] 
2025-12-09 20:51:06,163 [ERROR] LogOutputStream:75 - [STDERR_REDIRECT] [Fatal Error] :1:1: Premature end of file.
2025-12-09 20:51:06,163 [ERROR] LogOutputStream:75 - [STDERR_REDIRECT] 
2025-12-09 20:51:07,161 [ERROR] LogOutputStream:75 - [STDERR_REDIRECT] [Fatal Error] :1:1: Premature end of file.
2025-12-09 20:51:07,161 [ERROR] LogOutputStream:75 - [STDERR_REDIRECT] 
2025-12-09 20:51:08,171 [ERROR] LogOutputStream:75 - [STDERR_REDIRECT] [Fatal Error] :1:1: Premature end of file.
2025-12-09 20:51:08,172 [ERROR] LogOutputStream:75 - [STDERR_REDIRECT] 
2025-12-09 20:51:09,150 [ERROR] LogOutputStream:75 - [STDERR_REDIRECT] [Fatal Error] :1:1: Premature end of file.
2025-12-09 20:51:09,150 [ERROR] LogOutputStream:75 - [STDERR_REDIRECT] 
2025-12-09 20:51:10,163 [ERROR] LogOutputStream:75 - [STDERR_REDIRECT] [Fatal Error] :1:1: Premature end of file.
2025-12-09 20:51:10,165 [ERROR] LogOutputStream:75 - [STDERR_REDIRECT] 
2025-12-09 20:51:11,162 [ERROR] LogOutputStream:75 - [STDERR_REDIRECT] [Fatal Error] :1:1: Premature end of file.
2025-12-09 20:51:11,163 [ERROR] LogOutputStream:75 - [STDERR_REDIRECT] 
2025-12-09 20:51:12,146 [ERROR] LogOutputStream:75 - [STDERR_REDIRECT] [Fatal Error] :1:1: Premature end of file.
2025-12-09 20:51:12,146 [ERROR] LogOutputStream:75 - [STDERR_REDIRECT] 
2025-12-09 20:51:13,160 [ERROR] LogOutputStream:75 - [STDERR_REDIRECT] [Fatal Error] :1:1: Premature end of file.
2025-12-09 20:51:13,160 [ERROR] LogOutputStream:75 - [STDERR_REDIRECT] 
2025-12-09 20:51:14,163 [ERROR] LogOutputStream:75 - [STDERR_REDIRECT] [Fatal Error] :1:1: Premature end of file.
2025-12-09 20:51:14,164 [ERROR] LogOutputStream:75 - [STDERR_REDIRECT] 
2025-12-09 20:51:15,157 [ERROR] LogOutputStream:75 - [STDERR_REDIRECT] [Fatal Error] :1:1: Premature end of file.
2025-12-09 20:51:15,157 [ERROR] LogOutputStream:75 - [STDERR_REDIRECT] 
2025-12-09 20:51:16,164 [ERROR] LogOutputStream:75 - [STDERR_REDIRECT] [Fatal Error] :1:1: Premature end of file.
2025-12-09 20:51:16,165 [ERROR] LogOutputStream:75 - [STDERR_REDIRECT] 
2025-12-09 20:51:17,163 [ERROR] LogOutputStream:75 - [STDERR_REDIRECT] [Fatal Error] :1:1: Premature end of file.
2025-12-09 20:51:17,163 [ERROR] LogOutputStream:75 - [STDERR_REDIRECT] 
2025-12-09 20:51:18,150 [ERROR] LogOutputStream:75 - [STDERR_REDIRECT] [Fatal Error] :1:1: Premature end of file.
2025-12-09 20:51:18,150 [ERROR] LogOutputStream:75 - [STDERR_REDIRECT] 
2025-12-09 20:51:19,165 [ERROR] LogOutputStream:75 - [STDERR_REDIRECT] [Fatal Error] :1:1: Premature end of file.
2025-12-09 20:51:19,165 [ERROR] LogOutputStream:75 - [STDERR_REDIRECT] 
2025-12-09 20:51:20,150 [ERROR] LogOutputStream:75 - [STDERR_REDIRECT] [Fatal Error] :1:1: Premature end of file.
2025-12-09 20:51:20,150 [ERROR] LogOutputStream:75 - [STDERR_REDIRECT] 
2025-12-09 20:51:21,168 [ERROR] LogOutputStream:75 - [STDERR_REDIRECT] [Fatal Error] :1:1: Premature end of file.
2025-12-09 20:51:21,169 [ERROR] LogOutputStream:75 - [STDERR_REDIRECT] 
2025-12-09 20:51:22,165 [ERROR] LogOutputStream:75 - [STDERR_REDIRECT] [Fatal Error] :1:1: Premature end of file.
2025-12-09 20:51:22,165 [ERROR] LogOutputStream:75 - [STDERR_REDIRECT] 
2025-12-09 20:51:23,166 [ERROR] LogOutputStream:75 - [STDERR_REDIRECT] [Fatal Error] :1:1: Premature end of file.
2025-12-09 20:51:23,166 [ERROR] LogOutputStream:75 - [STDERR_REDIRECT] 
2025-12-09 20:51:24,139 [ERROR] LogOutputStream:75 - [STDERR_REDIRECT] [Fatal Error] :1:1: Premature end of file.
2025-12-09 20:51:24,140 [ERROR] LogOutputStream:75 - [STDERR_REDIRECT] 
2025-12-09 20:51:25,149 [ERROR] LogOutputStream:75 - [STDERR_REDIRECT] [Fatal Error] :1:1: Premature end of file.
2025-12-09 20:51:25,149 [ERROR] LogOutputStream:75 - [STDERR_REDIRECT] 
2025-12-09 20:51:26,165 [ERROR] LogOutputStream:75 - [STDERR_REDIRECT] [Fatal Error] :1:1: Premature end of file.
2025-12-09 20:51:26,165 [ERROR] LogOutputStream:75 - [STDERR_REDIRECT] 
2025-12-09 20:51:27,139 [ERROR] LogOutputStream:75 - [STDERR_REDIRECT] [Fatal Error] :1:1: Premature end of file.
2025-12-09 20:51:27,139 [ERROR] LogOutputStream:75 - [STDERR_REDIRECT] 
2025-12-09 20:51:28,137 [ERROR] LogOutputStream:75 - [STDERR_REDIRECT] [Fatal Error] :1:1: Premature end of file.
2025-12-09 20:51:28,137 [ERROR] LogOutputStream:75 - [STDERR_REDIRECT] 
2025-12-09 20:51:29,160 [ERROR] LogOutputStream:75 - [STDERR_REDIRECT] [Fatal Error] :1:1: Premature end of file.
2025-12-09 20:51:29,160 [ERROR] LogOutputStream:75 - [STDERR_REDIRECT] 
2025-12-09 20:51:30,157 [ERROR] LogOutputStream:75 - [STDERR_REDIRECT] [Fatal Error] :1:1: Premature end of file.
2025-12-09 20:51:30,157 [ERROR] LogOutputStream:75 - [STDERR_REDIRECT] 
2025-12-09 20:51:31,149 [ERROR] LogOutputStream:75 - [STDERR_REDIRECT] [Fatal Error] :1:1: Premature end of file.
2025-12-09 20:51:31,150 [ERROR] LogOutputStream:75 - [STDERR_REDIRECT] 
2025-12-09 20:51:32,148 [ERROR] LogOutputStream:75 - [STDERR_REDIRECT] [Fatal Error] :1:1: Premature end of file.
2025-12-09 20:51:32,148 [ERROR] LogOutputStream:75 - [STDERR_REDIRECT] 
2025-12-09 20:51:33,149 [ERROR] LogOutputStream:75 - [STDERR_REDIRECT] [Fatal Error] :1:1: Premature end of file.
2025-12-09 20:51:33,149 [ERROR] LogOutputStream:75 - [STDERR_REDIRECT] 
2025-12-09 20:51:34,149 [ERROR] LogOutputStream:75 - [STDERR_REDIRECT] [Fatal Error] :1:1: Premature end of file.
2025-12-09 20:51:34,149 [ERROR] LogOutputStream:75 - [STDERR_REDIRECT] 
2025-12-09 20:51:35,156 [ERROR] LogOutputStream:75 - [STDERR_REDIRECT] [Fatal Error] :1:1: Premature end of file.
2025-12-09 20:51:35,156 [ERROR] LogOutputStream:75 - [STDERR_REDIRECT] 
2025-12-09 20:51:36,146 [ERROR] LogOutputStream:75 - [STDERR_REDIRECT] [Fatal Error] :1:1: Premature end of file.
2025-12-09 20:51:36,146 [ERROR] LogOutputStream:75 - [STDERR_REDIRECT] 
2025-12-09 20:51:37,160 [ERROR] LogOutputStream:75 - [STDERR_REDIRECT] [Fatal Error] :1:1: Premature end of file.
2025-12-09 20:51:37,160 [ERROR] LogOutputStream:75 - [STDERR_REDIRECT] 
2025-12-09 20:51:38,158 [ERROR] LogOutputStream:75 - [STDERR_REDIRECT] [Fatal Error] :1:1: Premature end of file.
2025-12-09 20:51:38,158 [ERROR] LogOutputStream:75 - [STDERR_REDIRECT] 
2025-12-09 20:51:39,145 [ERROR] LogOutputStream:75 - [STDERR_REDIRECT] [Fatal Error] :1:1: Premature end of file.
2025-12-09 20:51:39,145 [ERROR] LogOutputStream:75 - [STDERR_REDIRECT] 
2025-12-09 20:51:40,158 [ERROR] LogOutputStream:75 - [STDERR_REDIRECT] [Fatal Error] :1:1: Premature end of file.
2025-12-09 20:51:40,159 [ERROR] LogOutputStream:75 - [STDERR_REDIRECT] 
2025-12-09 20:51:41,161 [ERROR] LogOutputStream:75 - [STDERR_REDIRECT] [Fatal Error] :1:1: Premature end of file.
2025-12-09 20:51:41,162 [ERROR] LogOutputStream:75 - [STDERR_REDIRECT] 
2025-12-09 20:51:42,148 [ERROR] LogOutputStream:75 - [STDERR_REDIRECT] [Fatal Error] :1:1: Premature end of file.
2025-12-09 20:51:42,149 [ERROR] LogOutputStream:75 - [STDERR_REDIRECT] 
2025-12-09 20:51:43,161 [ERROR] LogOutputStream:75 - [STDERR_REDIRECT] [Fatal Error] :1:1: Premature end of file.
2025-12-09 20:51:43,161 [ERROR] LogOutputStream:75 - [STDERR_REDIRECT] 
2025-12-09 20:51:44,169 [ERROR] LogOutputStream:75 - [STDERR_REDIRECT] [Fatal Error] :1:1: Premature end of file.
2025-12-09 20:51:44,169 [ERROR] LogOutputStream:75 - [STDERR_REDIRECT] 
2025-12-09 20:51:45,160 [ERROR] LogOutputStream:75 - [STDERR_REDIRECT] [Fatal Error] :1:1: Premature end of file.
2025-12-09 20:51:45,160 [ERROR] LogOutputStream:75 - [STDERR_REDIRECT] 
2025-12-09 20:51:46,171 [ERROR] LogOutputStream:75 - [STDERR_REDIRECT] [Fatal Error] :1:1: Premature end of file.
2025-12-09 20:51:46,171 [ERROR] LogOutputStream:75 - [STDERR_REDIRECT] 
2025-12-09 20:51:47,156 [ERROR] LogOutputStream:75 - [STDERR_REDIRECT] [Fatal Error] :1:1: Premature end of file.
2025-12-09 20:51:47,156 [ERROR] LogOutputStream:75 - [STDERR_REDIRECT] 
2025-12-09 20:51:48,152 [ERROR] LogOutputStream:75 - [STDERR_REDIRECT] [Fatal Error] :1:1: Premature end of file.
2025-12-09 20:51:48,152 [ERROR] LogOutputStream:75 - [STDERR_REDIRECT] 
2025-12-09 20:51:49,142 [ERROR] LogOutputStream:75 - [STDERR_REDIRECT] [Fatal Error] :1:1: Premature end of file.
2025-12-09 20:51:49,142 [ERROR] LogOutputStream:75 - [STDERR_REDIRECT] 
2025-12-09 20:51:50,131 [ERROR] LogOutputStream:75 - [STDERR_REDIRECT] [Fatal Error] :1:1: Premature end of file.
2025-12-09 20:51:50,133 [ERROR] LogOutputStream:75 - [STDERR_REDIRECT] 
2025-12-09 20:51:51,143 [ERROR] LogOutputStream:75 - [STDERR_REDIRECT] [Fatal Error] :1:1: Premature end of file.
2025-12-09 20:51:51,144 [ERROR] LogOutputStream:75 - [STDERR_REDIRECT] 
2025-12-09 20:51:52,165 [ERROR] LogOutputStream:75 - [STDERR_REDIRECT] [Fatal Error] :1:1: Premature end of file.
2025-12-09 20:51:52,165 [ERROR] LogOutputStream:75 - [STDERR_REDIRECT] 
2025-12-09 20:51:53,144 [ERROR] LogOutputStream:75 - [STDERR_REDIRECT] [Fatal Error] :1:1: Premature end of file.
2025-12-09 20:51:53,144 [ERROR] LogOutputStream:75 - [STDERR_REDIRECT] 
2025-12-09 20:51:54,145 [ERROR] LogOutputStream:75 - [STDERR_REDIRECT] [Fatal Error] :1:1: Premature end of file.
2025-12-09 20:51:54,145 [ERROR] LogOutputStream:75 - [STDERR_REDIRECT] 
2025-12-09 20:51:55,170 [ERROR] LogOutputStream:75 - [STDERR_REDIRECT] [Fatal Error] :1:1: Premature end of file.
2025-12-09 20:51:55,170 [ERROR] LogOutputStream:75 - [STDERR_REDIRECT] 
2025-12-09 20:51:56,164 [ERROR] LogOutputStream:75 - [STDERR_REDIRECT] [Fatal Error] :1:1: Premature end of file.
2025-12-09 20:51:56,164 [ERROR] LogOutputStream:75 - [STDERR_REDIRECT] 
2025-12-09 20:51:57,164 [ERROR] LogOutputStream:75 - [STDERR_REDIRECT] [Fatal Error] :1:1: Premature end of file.
2025-12-09 20:51:57,165 [ERROR] LogOutputStream:75 - [STDERR_REDIRECT] 
2025-12-09 20:51:58,166 [ERROR] LogOutputStream:75 - [STDERR_REDIRECT] [Fatal Error] :1:1: Premature end of file.
2025-12-09 20:51:58,167 [ERROR] LogOutputStream:75 - [STDERR_REDIRECT] 
2025-12-09 20:51:59,159 [ERROR] LogOutputStream:75 - [STDERR_REDIRECT] [Fatal Error] :1:1: Premature end of file.
2025-12-09 20:51:59,159 [ERROR] LogOutputStream:75 - [STDERR_REDIRECT] 
2025-12-09 20:52:00,102 [ERROR] LogOutputStream:75 - [STDERR_REDIRECT] [Fatal Error] :1:1: Premature end of file.
2025-12-09 20:52:00,102 [ERROR] LogOutputStream:75 - [STDERR_REDIRECT] 
2025-12-09 20:52:01,145 [ERROR] LogOutputStream:75 - [STDERR_REDIRECT] [Fatal Error] :1:1: Premature end of file.
2025-12-09 20:52:01,145 [ERROR] LogOutputStream:75 - [STDERR_REDIRECT] 
2025-12-09 20:52:02,157 [ERROR] LogOutputStream:75 - [STDERR_REDIRECT] [Fatal Error] :1:1: Premature end of file.
2025-12-09 20:52:02,158 [ERROR] LogOutputStream:75 - [STDERR_REDIRECT] 
2025-12-09 20:52:03,164 [ERROR] LogOutputStream:75 - [STDERR_REDIRECT] [Fatal Error] :1:1: Premature end of file.
2025-12-09 20:52:03,164 [ERROR] LogOutputStream:75 - [STDERR_REDIRECT] 
2025-12-09 20:52:04,168 [ERROR] LogOutputStream:75 - [STDERR_REDIRECT] [Fatal Error] :1:1: Premature end of file.
2025-12-09 20:52:04,168 [ERROR] LogOutputStream:75 - [STDERR_REDIRECT] 
2025-12-09 20:52:05,149 [ERROR] LogOutputStream:75 - [STDERR_REDIRECT] [Fatal Error] :1:1: Premature end of file.
2025-12-09 20:52:05,151 [ERROR] LogOutputStream:75 - [STDERR_REDIRECT] 
2025-12-09 20:52:06,101 [ERROR] LogOutputStream:75 - [STDERR_REDIRECT] [Fatal Error] :1:1: Premature end of file.
2025-12-09 20:52:06,101 [ERROR] LogOutputStream:75 - [STDERR_REDIRECT] 
2025-12-09 20:52:07,106 [ERROR] LogOutputStream:75 - [STDERR_REDIRECT] [Fatal Error] :1:1: Premature end of file.
2025-12-09 20:52:07,106 [ERROR] LogOutputStream:75 - [STDERR_REDIRECT] 
2025-12-09 20:52:08,100 [ERROR] LogOutputStream:75 - [STDERR_REDIRECT] [Fatal Error] :1:1: Premature end of file.
2025-12-09 20:52:08,100 [ERROR] LogOutputStream:75 - [STDERR_REDIRECT] 
2025-12-09 20:52:09,105 [ERROR] LogOutputStream:75 - [STDERR_REDIRECT] [Fatal Error] :1:1: Premature end of file.
2025-12-09 20:52:09,105 [ERROR] LogOutputStream:75 - [STDERR_REDIRECT] 
2025-12-09 20:52:10,101 [ERROR] LogOutputStream:75 - [STDERR_REDIRECT] [Fatal Error] :1:1: Premature end of file.
2025-12-09 20:52:10,101 [ERROR] LogOutputStream:75 - [STDERR_REDIRECT] 
2025-12-09 20:52:11,100 [ERROR] LogOutputStream:75 - [STDERR_REDIRECT] [Fatal Error] :1:1: Premature end of file.
2025-12-09 20:52:11,100 [ERROR] LogOutputStream:75 - [STDERR_REDIRECT] 
2025-12-09 20:52:12,113 [ERROR] LogOutputStream:75 - [STDERR_REDIRECT] [Fatal Error] :1:1: Premature end of file.
2025-12-09 20:52:12,114 [ERROR] LogOutputStream:75 - [STDERR_REDIRECT] 
2025-12-09 20:52:13,100 [ERROR] LogOutputStream:75 - [STDERR_REDIRECT] [Fatal Error] :1:1: Premature end of file.
2025-12-09 20:52:13,100 [ERROR] LogOutputStream:75 - [STDERR_REDIRECT] 
2025-12-09 20:52:14,145 [ERROR] LogOutputStream:75 - [STDERR_REDIRECT] [Fatal Error] :1:1: Premature end of file.
2025-12-09 20:52:14,145 [ERROR] LogOutputStream:75 - [STDERR_REDIRECT] 
2025-12-09 20:52:15,148 [ERROR] LogOutputStream:75 - [STDERR_REDIRECT] [Fatal Error] :1:1: Premature end of file.
2025-12-09 20:52:15,148 [ERROR] LogOutputStream:75 - [STDERR_REDIRECT] 
2025-12-09 20:52:16,144 [ERROR] LogOutputStream:75 - [STDERR_REDIRECT] [Fatal Error] :1:1: Premature end of file.
2025-12-09 20:52:16,145 [ERROR] LogOutputStream:75 - [STDERR_REDIRECT] 
2025-12-09 20:52:17,149 [ERROR] LogOutputStream:75 - [STDERR_REDIRECT] [Fatal Error] :1:1: Premature end of file.
2025-12-09 20:52:17,149 [ERROR] LogOutputStream:75 - [STDERR_REDIRECT] 
2025-12-09 20:52:18,138 [ERROR] LogOutputStream:75 - [STDERR_REDIRECT] [Fatal Error] :1:1: Premature end of file.
2025-12-09 20:52:18,138 [ERROR] LogOutputStream:75 - [STDERR_REDIRECT] 
2025-12-09 20:52:19,162 [ERROR] LogOutputStream:75 - [STDERR_REDIRECT] [Fatal Error] :1:1: Premature end of file.
2025-12-09 20:52:19,163 [ERROR] LogOutputStream:75 - [STDERR_REDIRECT] 
2025-12-09 20:52:20,152 [ERROR] LogOutputStream:75 - [STDERR_REDIRECT] [Fatal Error] :1:1: Premature end of file.
2025-12-09 20:52:20,152 [ERROR] LogOutputStream:75 - [STDERR_REDIRECT] 
2025-12-09 20:52:21,130 [ERROR] LogOutputStream:75 - [STDERR_REDIRECT] [Fatal Error] :1:1: Premature end of file.
2025-12-09 20:52:21,132 [ERROR] LogOutputStream:75 - [STDERR_REDIRECT] 
2025-12-09 20:52:22,127 [ERROR] LogOutputStream:75 - [STDERR_REDIRECT] [Fatal Error] :1:1: Premature end of file.
2025-12-09 20:52:22,127 [ERROR] LogOutputStream:75 - [STDERR_REDIRECT] 
2025-12-09 20:52:23,133 [ERROR] LogOutputStream:75 - [STDERR_REDIRECT] [Fatal Error] :1:1: Premature end of file.
2025-12-09 20:52:23,133 [ERROR] LogOutputStream:75 - [STDERR_REDIRECT] 
2025-12-09 20:52:24,100 [ERROR] LogOutputStream:75 - [STDERR_REDIRECT] [Fatal Error] :1:1: Premature end of file.
2025-12-09 20:52:24,100 [ERROR] LogOutputStream:75 - [STDERR_REDIRECT] 
2025-12-09 20:52:25,129 [ERROR] LogOutputStream:75 - [STDERR_REDIRECT] [Fatal Error] :1:1: Premature end of file.
2025-12-09 20:52:25,130 [ERROR] LogOutputStream:75 - [STDERR_REDIRECT] 
2025-12-09 20:52:26,150 [ERROR] LogOutputStream:75 - [STDERR_REDIRECT] [Fatal Error] :1:1: Premature end of file.
2025-12-09 20:52:26,150 [ERROR] LogOutputStream:75 - [STDERR_REDIRECT] 
2025-12-09 20:52:27,102 [ERROR] LogOutputStream:75 - [STDERR_REDIRECT] [Fatal Error] :1:1: Premature end of file.
2025-12-09 20:52:27,102 [ERROR] LogOutputStream:75 - [STDERR_REDIRECT] 
2025-12-09 20:52:28,135 [ERROR] LogOutputStream:75 - [STDERR_REDIRECT] [Fatal Error] :1:1: Premature end of file.
2025-12-09 20:52:28,135 [ERROR] LogOutputStream:75 - [STDERR_REDIRECT] 
2025-12-09 20:52:29,125 [ERROR] LogOutputStream:75 - [STDERR_REDIRECT] [Fatal Error] :1:1: Premature end of file.
2025-12-09 20:52:29,125 [ERROR] LogOutputStream:75 - [STDERR_REDIRECT] 
2025-12-09 20:52:30,102 [ERROR] LogOutputStream:75 - [STDERR_REDIRECT] [Fatal Error] :1:1: Premature end of file.
2025-12-09 20:52:30,102 [ERROR] LogOutputStream:75 - [STDERR_REDIRECT] 
2025-12-09 20:52:31,101 [ERROR] LogOutputStream:75 - [STDERR_REDIRECT] [Fatal Error] :1:1: Premature end of file.
2025-12-09 20:52:31,101 [ERROR] LogOutputStream:75 - [STDERR_REDIRECT] 
2025-12-09 20:52:32,105 [ERROR] LogOutputStream:75 - [STDERR_REDIRECT] [Fatal Error] :1:1: Premature end of file.
2025-12-09 20:52:32,106 [ERROR] LogOutputStream:75 - [STDERR_REDIRECT] 
2025-12-09 20:52:32,189 [INFO] UtilMem:75 - End SaveConfig() Used Memory: 681770032 Bytes (1073741824)
2025-12-09 20:52:33,105 [ERROR] LogOutputStream:75 - [STDERR_REDIRECT] [Fatal Error] :1:1: Premature end of file.
2025-12-09 20:52:33,105 [ERROR] LogOutputStream:75 - [STDERR_REDIRECT] 
2025-12-09 20:52:33,473 [INFO] UtilMem:75 - End SaveConfig() Used Memory: 703973472 Bytes (1073741824)
2025-12-09 20:52:34,116 [ERROR] LogOutputStream:75 - [STDERR_REDIRECT] [Fatal Error] :1:1: Premature end of file.
2025-12-09 20:52:34,116 [ERROR] LogOutputStream:75 - [STDERR_REDIRECT] 
2025-12-09 20:52:35,100 [ERROR] LogOutputStream:75 - [STDERR_REDIRECT] [Fatal Error] :1:1: Premature end of file.
2025-12-09 20:52:35,100 [ERROR] LogOutputStream:75 - [STDERR_REDIRECT] 
2025-12-09 20:52:36,101 [ERROR] LogOutputStream:75 - [STDERR_REDIRECT] [Fatal Error] :1:1: Premature end of file.
2025-12-09 20:52:36,101 [ERROR] LogOutputStream:75 - [STDERR_REDIRECT] 
2025-12-09 20:52:37,104 [ERROR] LogOutputStream:75 - [STDERR_REDIRECT] [Fatal Error] :1:1: Premature end of file.
2025-12-09 20:52:37,105 [ERROR] LogOutputStream:75 - [STDERR_REDIRECT] 
2025-12-09 20:52:37,800 [INFO] UtilMem:75 - End SaveConfig() Used Memory: 752060848 Bytes (1073741824)
2025-12-09 20:52:38,105 [ERROR] LogOutputStream:75 - [STDERR_REDIRECT] [Fatal Error] :1:1: Premature end of file.
2025-12-09 20:52:38,105 [ERROR] LogOutputStream:75 - [STDERR_REDIRECT] 
2025-12-09 20:52:38,153 [INFO] BlockDiagram:2775 - set Specific Code input for plugin: NVIC
2025-12-09 20:52:38,153 [INFO] BlockDiagram:2775 - set Specific Code input for plugin: USART
2025-12-09 20:52:38,153 [INFO] BlockDiagram:2775 - set Specific Code input for plugin: TIM1_8G0
2025-12-09 20:52:38,153 [INFO] BlockDiagram:2775 - set Specific Code input for plugin: TIM1_8G0
2025-12-09 20:52:38,153 [INFO] BlockDiagram:2775 - set Specific Code input for plugin: SYS
2025-12-09 20:52:38,153 [INFO] BlockDiagram:2775 - set Specific Code input for plugin: GPIO
2025-12-09 20:52:38,153 [INFO] BlockDiagram:2775 - set Specific Code input for plugin: RCC
2025-12-09 20:52:38,155 [INFO] CodeGenerator:892 - code generatio: config db path: C:\ST\STM32CubeIDE_1.19.0\STM32CubeIDE\plugins\com.st.stm32cube.common.mx_6.15.0.202507011659\\db\
2025-12-09 20:52:38,173 [WARN] IP:2250 - FIFOMode not found: check if there is a RefParameter without a condition.
2025-12-09 20:52:38,173 [WARN] IP:2250 - TXFIFOThreshold not found: check if there is a RefParameter without a condition.
2025-12-09 20:52:38,173 [WARN] IP:2250 - RXFIFOThreshold not found: check if there is a RefParameter without a condition.
2025-12-09 20:52:38,173 [WARN] IP:2250 - AutoBaudRateEnableParam not found: check if there is a RefParameter without a condition.
2025-12-09 20:52:38,291 [INFO] CodeEngine:265 - oldGeneratedFile, C:\Users\akash\Documents\git\STMPlayground\NUCLEO_G031K8\semaphore\MXTmpFiles\license.tmp_save
2025-12-09 20:52:38,549 [INFO] CodeEngine:289 - Generated code: C:\Users\akash\Documents\git\STMPlayground\NUCLEO_G031K8\semaphore\MXTmpFiles\license.tmp
2025-12-09 20:52:38,624 [INFO] CodeEngine:265 - oldGeneratedFile, C:\Users\akash\Documents\git\STMPlayground\NUCLEO_G031K8\semaphore\MXTmpFiles\gpio.tmp_save
2025-12-09 20:52:38,729 [INFO] CodeEngine:289 - Generated code: C:\Users\akash\Documents\git\STMPlayground\NUCLEO_G031K8\semaphore\MXTmpFiles\gpio.tmp
2025-12-09 20:52:38,906 [INFO] CodeEngine:265 - oldGeneratedFile, C:\Users\akash\Documents\git\STMPlayground\NUCLEO_G031K8\semaphore\Core\Src\stm32g0xx_it.c_save
2025-12-09 20:52:39,018 [INFO] CodeEngine:289 - Generated code: C:\Users\akash\Documents\git\STMPlayground\NUCLEO_G031K8\semaphore\Core\Src\stm32g0xx_it.c
2025-12-09 20:52:39,024 [INFO] CodeEngine:265 - oldGeneratedFile, C:\Users\akash\Documents\git\STMPlayground\NUCLEO_G031K8\semaphore\Core\Inc\stm32g0xx_it.h_save
2025-12-09 20:52:39,078 [INFO] CodeEngine:289 - Generated code: C:\Users\akash\Documents\git\STMPlayground\NUCLEO_G031K8\semaphore\Core\Inc\stm32g0xx_it.h
2025-12-09 20:52:39,089 [INFO] CodeEngine:265 - oldGeneratedFile, C:\Users\akash\Documents\git\STMPlayground\NUCLEO_G031K8\semaphore\Core\Src\stm32g0xx_hal_msp.c_save
2025-12-09 20:52:39,104 [ERROR] LogOutputStream:75 - [STDERR_REDIRECT] [Fatal Error] :1:1: Premature end of file.
2025-12-09 20:52:39,105 [ERROR] LogOutputStream:75 - [STDERR_REDIRECT] 
2025-12-09 20:52:39,184 [INFO] CodeEngine:289 - Generated code: C:\Users\akash\Documents\git\STMPlayground\NUCLEO_G031K8\semaphore\Core\Src\stm32g0xx_hal_msp.c
2025-12-09 20:52:39,187 [INFO] CodeEngine:265 - oldGeneratedFile, C:\Users\akash\Documents\git\STMPlayground\NUCLEO_G031K8\semaphore\MXTmpFiles\system.tmp_save
2025-12-09 20:52:39,236 [INFO] CodeEngine:289 - Generated code: C:\Users\akash\Documents\git\STMPlayground\NUCLEO_G031K8\semaphore\MXTmpFiles\system.tmp
2025-12-09 20:52:39,245 [INFO] CodeEngine:321 - oldGeneratedFile, C:\Users\akash\Documents\git\STMPlayground\NUCLEO_G031K8\semaphore\Core\Inc\stm32g0xx_hal_conf.h_save
2025-12-09 20:52:39,297 [INFO] CodeEngine:345 - Generated code: C:\Users\akash\Documents\git\STMPlayground\NUCLEO_G031K8\semaphore\Core\Inc\stm32g0xx_hal_conf.h
2025-12-09 20:52:39,330 [INFO] ApiDbMcu:532 - Load IP Config File for TIM1
2025-12-09 20:52:39,341 [INFO] ApiDbMcu:532 - Load IP Config File for TIM2
2025-12-09 20:52:39,352 [INFO] ApiDbMcu:532 - Load IP Config File for USART2
2025-12-09 20:52:39,354 [INFO] ApiDbMcu:532 - Load IP Config File for RCC
2025-12-09 20:52:39,356 [WARN] IPConfigManager:3811 - IP not found : TIM
2025-12-09 20:52:39,357 [WARN] CodeGenerator:4259 - IP not found : null
2025-12-09 20:52:39,363 [INFO] CodeEngine:265 - oldGeneratedFile, C:\Users\akash\Documents\git\STMPlayground\NUCLEO_G031K8\semaphore\Core\Inc\main.h_save
2025-12-09 20:52:39,431 [INFO] CodeEngine:289 - Generated code: C:\Users\akash\Documents\git\STMPlayground\NUCLEO_G031K8\semaphore\Core\Inc\main.h
2025-12-09 20:52:39,436 [INFO] CodeEngine:265 - oldGeneratedFile, C:\Users\akash\Documents\git\STMPlayground\NUCLEO_G031K8\semaphore\Core\Src\main.c_save
2025-12-09 20:52:39,550 [INFO] CodeEngine:289 - Generated code: C:\Users\akash\Documents\git\STMPlayground\NUCLEO_G031K8\semaphore\Core\Src\main.c
2025-12-09 20:52:39,921 [INFO] ProjectBuilder:3606 - Time for Copy HAL[1] : 142mS.
2025-12-09 20:52:39,927 [INFO] ProjectBuilder:5216 - Project Generator version: 4.7.0-B52
2025-12-09 20:52:40,004 [INFO] ConfigFileManager:1595 - The Die is : DIE466
2025-12-09 20:52:40,008 [INFO] ApiDbMcu:532 - Load IP Config File for FATFS
2025-12-09 20:52:40,015 [INFO] ApiDbMcu:532 - Load IP Config File for FREERTOS
2025-12-09 20:52:40,104 [ERROR] LogOutputStream:75 - [STDERR_REDIRECT] [Fatal Error] :1:1: Premature end of file.
2025-12-09 20:52:40,104 [ERROR] LogOutputStream:75 - [STDERR_REDIRECT] 
2025-12-09 20:52:40,311 [INFO] LogOutputStream:77 - [STDOUT_REDIRECT] 
2025-12-09 20:52:41,054 [INFO] ProjectBuilder:5496 - Time for Generating toolchain IDE Files: 1127mS.
2025-12-09 20:52:41,054 [INFO] ProjectBuilder:3463 - Time for Copy CMSIS : 0mS.
2025-12-09 20:52:41,057 [INFO] ProjectBuilder:3463 - Time for Copy CMSIS : 0mS.
2025-12-09 20:52:41,105 [ERROR] LogOutputStream:75 - [STDERR_REDIRECT] [Fatal Error] :1:1: Premature end of file.
2025-12-09 20:52:41,105 [ERROR] LogOutputStream:75 - [STDERR_REDIRECT] 
2025-12-09 20:52:42,103 [ERROR] LogOutputStream:75 - [STDERR_REDIRECT] [Fatal Error] :1:1: Premature end of file.
2025-12-09 20:52:42,103 [ERROR] LogOutputStream:75 - [STDERR_REDIRECT] 
2025-12-09 20:52:43,107 [ERROR] LogOutputStream:75 - [STDERR_REDIRECT] [Fatal Error] :1:1: Premature end of file.
2025-12-09 20:52:43,107 [ERROR] LogOutputStream:75 - [STDERR_REDIRECT] 
2025-12-09 20:52:44,150 [ERROR] LogOutputStream:75 - [STDERR_REDIRECT] [Fatal Error] :1:1: Premature end of file.
2025-12-09 20:52:44,150 [ERROR] LogOutputStream:75 - [STDERR_REDIRECT] 
2025-12-09 20:52:45,156 [ERROR] LogOutputStream:75 - [STDERR_REDIRECT] [Fatal Error] :1:1: Premature end of file.
2025-12-09 20:52:45,156 [ERROR] LogOutputStream:75 - [STDERR_REDIRECT] 
2025-12-09 20:52:46,152 [ERROR] LogOutputStream:75 - [STDERR_REDIRECT] [Fatal Error] :1:1: Premature end of file.
2025-12-09 20:52:46,152 [ERROR] LogOutputStream:75 - [STDERR_REDIRECT] 
2025-12-09 20:52:47,147 [ERROR] LogOutputStream:75 - [STDERR_REDIRECT] [Fatal Error] :1:1: Premature end of file.
2025-12-09 20:52:47,148 [ERROR] LogOutputStream:75 - [STDERR_REDIRECT] 
2025-12-09 20:52:48,140 [ERROR] LogOutputStream:75 - [STDERR_REDIRECT] [Fatal Error] :1:1: Premature end of file.
2025-12-09 20:52:48,141 [ERROR] LogOutputStream:75 - [STDERR_REDIRECT] 
2025-12-09 20:52:49,144 [ERROR] LogOutputStream:75 - [STDERR_REDIRECT] [Fatal Error] :1:1: Premature end of file.
2025-12-09 20:52:49,145 [ERROR] LogOutputStream:75 - [STDERR_REDIRECT] 
2025-12-09 20:52:50,143 [ERROR] LogOutputStream:75 - [STDERR_REDIRECT] [Fatal Error] :1:1: Premature end of file.
2025-12-09 20:52:50,144 [ERROR] LogOutputStream:75 - [STDERR_REDIRECT] 
2025-12-09 20:52:51,149 [ERROR] LogOutputStream:75 - [STDERR_REDIRECT] [Fatal Error] :1:1: Premature end of file.
2025-12-09 20:52:51,149 [ERROR] LogOutputStream:75 - [STDERR_REDIRECT] 
2025-12-09 20:52:52,172 [ERROR] LogOutputStream:75 - [STDERR_REDIRECT] [Fatal Error] :1:1: Premature end of file.
2025-12-09 20:52:52,172 [ERROR] LogOutputStream:75 - [STDERR_REDIRECT] 
2025-12-09 20:52:53,140 [ERROR] LogOutputStream:75 - [STDERR_REDIRECT] [Fatal Error] :1:1: Premature end of file.
2025-12-09 20:52:53,140 [ERROR] LogOutputStream:75 - [STDERR_REDIRECT] 
2025-12-09 20:52:54,143 [ERROR] LogOutputStream:75 - [STDERR_REDIRECT] [Fatal Error] :1:1: Premature end of file.
2025-12-09 20:52:54,144 [ERROR] LogOutputStream:75 - [STDERR_REDIRECT] 
2025-12-09 20:52:55,137 [ERROR] LogOutputStream:75 - [STDERR_REDIRECT] [Fatal Error] :1:1: Premature end of file.
2025-12-09 20:52:55,137 [ERROR] LogOutputStream:75 - [STDERR_REDIRECT] 
2025-12-09 20:52:56,147 [ERROR] LogOutputStream:75 - [STDERR_REDIRECT] [Fatal Error] :1:1: Premature end of file.
2025-12-09 20:52:56,147 [ERROR] LogOutputStream:75 - [STDERR_REDIRECT] 
2025-12-09 20:52:57,154 [ERROR] LogOutputStream:75 - [STDERR_REDIRECT] [Fatal Error] :1:1: Premature end of file.
2025-12-09 20:52:57,154 [ERROR] LogOutputStream:75 - [STDERR_REDIRECT] 
2025-12-09 20:52:58,160 [ERROR] LogOutputStream:75 - [STDERR_REDIRECT] [Fatal Error] :1:1: Premature end of file.
2025-12-09 20:52:58,160 [ERROR] LogOutputStream:75 - [STDERR_REDIRECT] 
2025-12-09 20:52:59,164 [ERROR] LogOutputStream:75 - [STDERR_REDIRECT] [Fatal Error] :1:1: Premature end of file.
2025-12-09 20:52:59,165 [ERROR] LogOutputStream:75 - [STDERR_REDIRECT] 
2025-12-09 20:53:00,102 [ERROR] LogOutputStream:75 - [STDERR_REDIRECT] [Fatal Error] :1:1: Premature end of file.
2025-12-09 20:53:00,102 [ERROR] LogOutputStream:75 - [STDERR_REDIRECT] 
2025-12-09 20:53:01,105 [ERROR] LogOutputStream:75 - [STDERR_REDIRECT] [Fatal Error] :1:1: Premature end of file.
2025-12-09 20:53:01,105 [ERROR] LogOutputStream:75 - [STDERR_REDIRECT] 
2025-12-09 20:53:02,142 [ERROR] LogOutputStream:75 - [STDERR_REDIRECT] [Fatal Error] :1:1: Premature end of file.
2025-12-09 20:53:02,142 [ERROR] LogOutputStream:75 - [STDERR_REDIRECT] 
2025-12-09 20:53:03,155 [ERROR] LogOutputStream:75 - [STDERR_REDIRECT] [Fatal Error] :1:1: Premature end of file.
2025-12-09 20:53:03,156 [ERROR] LogOutputStream:75 - [STDERR_REDIRECT] 
2025-12-09 20:53:04,146 [ERROR] LogOutputStream:75 - [STDERR_REDIRECT] [Fatal Error] :1:1: Premature end of file.
2025-12-09 20:53:04,146 [ERROR] LogOutputStream:75 - [STDERR_REDIRECT] 
2025-12-09 20:53:05,143 [ERROR] LogOutputStream:75 - [STDERR_REDIRECT] [Fatal Error] :1:1: Premature end of file.
2025-12-09 20:53:05,144 [ERROR] LogOutputStream:75 - [STDERR_REDIRECT] 
2025-12-09 20:53:06,148 [ERROR] LogOutputStream:75 - [STDERR_REDIRECT] [Fatal Error] :1:1: Premature end of file.
2025-12-09 20:53:06,148 [ERROR] LogOutputStream:75 - [STDERR_REDIRECT] 
2025-12-09 20:53:07,158 [ERROR] LogOutputStream:75 - [STDERR_REDIRECT] [Fatal Error] :1:1: Premature end of file.
2025-12-09 20:53:07,159 [ERROR] LogOutputStream:75 - [STDERR_REDIRECT] 
2025-12-09 20:53:08,160 [ERROR] LogOutputStream:75 - [STDERR_REDIRECT] [Fatal Error] :1:1: Premature end of file.
2025-12-09 20:53:08,160 [ERROR] LogOutputStream:75 - [STDERR_REDIRECT] 
2025-12-09 20:53:09,139 [ERROR] LogOutputStream:75 - [STDERR_REDIRECT] [Fatal Error] :1:1: Premature end of file.
2025-12-09 20:53:09,140 [ERROR] LogOutputStream:75 - [STDERR_REDIRECT] 
2025-12-09 20:53:10,163 [ERROR] LogOutputStream:75 - [STDERR_REDIRECT] [Fatal Error] :1:1: Premature end of file.
2025-12-09 20:53:10,163 [ERROR] LogOutputStream:75 - [STDERR_REDIRECT] 
2025-12-09 20:53:11,165 [ERROR] LogOutputStream:75 - [STDERR_REDIRECT] [Fatal Error] :1:1: Premature end of file.
2025-12-09 20:53:11,165 [ERROR] LogOutputStream:75 - [STDERR_REDIRECT] 
2025-12-09 20:53:12,138 [ERROR] LogOutputStream:75 - [STDERR_REDIRECT] [Fatal Error] :1:1: Premature end of file.
2025-12-09 20:53:12,138 [ERROR] LogOutputStream:75 - [STDERR_REDIRECT] 
2025-12-09 20:53:13,155 [ERROR] LogOutputStream:75 - [STDERR_REDIRECT] [Fatal Error] :1:1: Premature end of file.
2025-12-09 20:53:13,155 [ERROR] LogOutputStream:75 - [STDERR_REDIRECT] 
2025-12-09 20:53:14,145 [ERROR] LogOutputStream:75 - [STDERR_REDIRECT] [Fatal Error] :1:1: Premature end of file.
2025-12-09 20:53:14,147 [ERROR] LogOutputStream:75 - [STDERR_REDIRECT] 
2025-12-09 20:53:15,140 [ERROR] LogOutputStream:75 - [STDERR_REDIRECT] [Fatal Error] :1:1: Premature end of file.
2025-12-09 20:53:15,140 [ERROR] LogOutputStream:75 - [STDERR_REDIRECT] 
2025-12-09 20:53:16,160 [ERROR] LogOutputStream:75 - [STDERR_REDIRECT] [Fatal Error] :1:1: Premature end of file.
2025-12-09 20:53:16,160 [ERROR] LogOutputStream:75 - [STDERR_REDIRECT] 
2025-12-09 20:53:17,149 [ERROR] LogOutputStream:75 - [STDERR_REDIRECT] [Fatal Error] :1:1: Premature end of file.
2025-12-09 20:53:17,149 [ERROR] LogOutputStream:75 - [STDERR_REDIRECT] 
2025-12-09 20:53:18,146 [ERROR] LogOutputStream:75 - [STDERR_REDIRECT] [Fatal Error] :1:1: Premature end of file.
2025-12-09 20:53:18,146 [ERROR] LogOutputStream:75 - [STDERR_REDIRECT] 
2025-12-09 20:53:19,166 [ERROR] LogOutputStream:75 - [STDERR_REDIRECT] [Fatal Error] :1:1: Premature end of file.
2025-12-09 20:53:19,167 [ERROR] LogOutputStream:75 - [STDERR_REDIRECT] 
2025-12-09 20:53:20,157 [ERROR] LogOutputStream:75 - [STDERR_REDIRECT] [Fatal Error] :1:1: Premature end of file.
2025-12-09 20:53:20,157 [ERROR] LogOutputStream:75 - [STDERR_REDIRECT] 
2025-12-09 20:53:21,153 [ERROR] LogOutputStream:75 - [STDERR_REDIRECT] [Fatal Error] :1:1: Premature end of file.
2025-12-09 20:53:21,153 [ERROR] LogOutputStream:75 - [STDERR_REDIRECT] 
2025-12-09 20:53:22,147 [ERROR] LogOutputStream:75 - [STDERR_REDIRECT] [Fatal Error] :1:1: Premature end of file.
2025-12-09 20:53:22,147 [ERROR] LogOutputStream:75 - [STDERR_REDIRECT] 
2025-12-09 20:53:23,156 [ERROR] LogOutputStream:75 - [STDERR_REDIRECT] [Fatal Error] :1:1: Premature end of file.
2025-12-09 20:53:23,156 [ERROR] LogOutputStream:75 - [STDERR_REDIRECT] 
2025-12-09 20:53:24,140 [ERROR] LogOutputStream:75 - [STDERR_REDIRECT] [Fatal Error] :1:1: Premature end of file.
2025-12-09 20:53:24,140 [ERROR] LogOutputStream:75 - [STDERR_REDIRECT] 
2025-12-09 20:53:25,148 [ERROR] LogOutputStream:75 - [STDERR_REDIRECT] [Fatal Error] :1:1: Premature end of file.
2025-12-09 20:53:25,148 [ERROR] LogOutputStream:75 - [STDERR_REDIRECT] 
2025-12-09 20:53:26,163 [ERROR] LogOutputStream:75 - [STDERR_REDIRECT] [Fatal Error] :1:1: Premature end of file.
2025-12-09 20:53:26,163 [ERROR] LogOutputStream:75 - [STDERR_REDIRECT] 
2025-12-09 20:53:27,164 [ERROR] LogOutputStream:75 - [STDERR_REDIRECT] [Fatal Error] :1:1: Premature end of file.
2025-12-09 20:53:27,164 [ERROR] LogOutputStream:75 - [STDERR_REDIRECT] 
2025-12-09 20:53:28,165 [ERROR] LogOutputStream:75 - [STDERR_REDIRECT] [Fatal Error] :1:1: Premature end of file.
2025-12-09 20:53:28,165 [ERROR] LogOutputStream:75 - [STDERR_REDIRECT] 
2025-12-09 20:53:29,154 [ERROR] LogOutputStream:75 - [STDERR_REDIRECT] [Fatal Error] :1:1: Premature end of file.
2025-12-09 20:53:29,154 [ERROR] LogOutputStream:75 - [STDERR_REDIRECT] 
2025-12-09 20:53:30,132 [ERROR] LogOutputStream:75 - [STDERR_REDIRECT] [Fatal Error] :1:1: Premature end of file.
2025-12-09 20:53:30,132 [ERROR] LogOutputStream:75 - [STDERR_REDIRECT] 
2025-12-09 20:53:31,167 [ERROR] LogOutputStream:75 - [STDERR_REDIRECT] [Fatal Error] :1:1: Premature end of file.
2025-12-09 20:53:31,168 [ERROR] LogOutputStream:75 - [STDERR_REDIRECT] 
2025-12-09 20:53:32,158 [ERROR] LogOutputStream:75 - [STDERR_REDIRECT] [Fatal Error] :1:1: Premature end of file.
2025-12-09 20:53:32,158 [ERROR] LogOutputStream:75 - [STDERR_REDIRECT] 
2025-12-09 20:53:33,158 [ERROR] LogOutputStream:75 - [STDERR_REDIRECT] [Fatal Error] :1:1: Premature end of file.
2025-12-09 20:53:33,158 [ERROR] LogOutputStream:75 - [STDERR_REDIRECT] 
2025-12-09 20:53:34,160 [ERROR] LogOutputStream:75 - [STDERR_REDIRECT] [Fatal Error] :1:1: Premature end of file.
2025-12-09 20:53:34,160 [ERROR] LogOutputStream:75 - [STDERR_REDIRECT] 
2025-12-09 20:53:35,142 [ERROR] LogOutputStream:75 - [STDERR_REDIRECT] [Fatal Error] :1:1: Premature end of file.
2025-12-09 20:53:35,144 [ERROR] LogOutputStream:75 - [STDERR_REDIRECT] 
2025-12-09 20:53:36,134 [ERROR] LogOutputStream:75 - [STDERR_REDIRECT] [Fatal Error] :1:1: Premature end of file.
2025-12-09 20:53:36,134 [ERROR] LogOutputStream:75 - [STDERR_REDIRECT] 
2025-12-09 20:53:37,147 [ERROR] LogOutputStream:75 - [STDERR_REDIRECT] [Fatal Error] :1:1: Premature end of file.
2025-12-09 20:53:37,148 [ERROR] LogOutputStream:75 - [STDERR_REDIRECT] 
2025-12-09 20:53:38,154 [ERROR] LogOutputStream:75 - [STDERR_REDIRECT] [Fatal Error] :1:1: Premature end of file.
2025-12-09 20:53:38,154 [ERROR] LogOutputStream:75 - [STDERR_REDIRECT] 
2025-12-09 20:53:39,144 [ERROR] LogOutputStream:75 - [STDERR_REDIRECT] [Fatal Error] :1:1: Premature end of file.
2025-12-09 20:53:39,144 [ERROR] LogOutputStream:75 - [STDERR_REDIRECT] 
2025-12-09 20:53:40,116 [ERROR] LogOutputStream:75 - [STDERR_REDIRECT] [Fatal Error] :1:1: Premature end of file.
2025-12-09 20:53:40,116 [ERROR] LogOutputStream:75 - [STDERR_REDIRECT] 
2025-12-09 20:53:41,162 [ERROR] LogOutputStream:75 - [STDERR_REDIRECT] [Fatal Error] :1:1: Premature end of file.
2025-12-09 20:53:41,162 [ERROR] LogOutputStream:75 - [STDERR_REDIRECT] 
2025-12-09 20:53:42,125 [ERROR] LogOutputStream:75 - [STDERR_REDIRECT] [Fatal Error] :1:1: Premature end of file.
2025-12-09 20:53:42,125 [ERROR] LogOutputStream:75 - [STDERR_REDIRECT] 
2025-12-09 20:53:43,163 [ERROR] LogOutputStream:75 - [STDERR_REDIRECT] [Fatal Error] :1:1: Premature end of file.
2025-12-09 20:53:43,163 [ERROR] LogOutputStream:75 - [STDERR_REDIRECT] 
2025-12-09 20:53:44,148 [ERROR] LogOutputStream:75 - [STDERR_REDIRECT] [Fatal Error] :1:1: Premature end of file.
2025-12-09 20:53:44,149 [ERROR] LogOutputStream:75 - [STDERR_REDIRECT] 
2025-12-09 20:53:45,156 [ERROR] LogOutputStream:75 - [STDERR_REDIRECT] [Fatal Error] :1:1: Premature end of file.
2025-12-09 20:53:45,156 [ERROR] LogOutputStream:75 - [STDERR_REDIRECT] 
2025-12-09 20:53:46,164 [ERROR] LogOutputStream:75 - [STDERR_REDIRECT] [Fatal Error] :1:1: Premature end of file.
2025-12-09 20:53:46,164 [ERROR] LogOutputStream:75 - [STDERR_REDIRECT] 
2025-12-09 20:53:47,155 [ERROR] LogOutputStream:75 - [STDERR_REDIRECT] [Fatal Error] :1:1: Premature end of file.
2025-12-09 20:53:47,155 [ERROR] LogOutputStream:75 - [STDERR_REDIRECT] 
2025-12-09 20:53:48,135 [ERROR] LogOutputStream:75 - [STDERR_REDIRECT] [Fatal Error] :1:1: Premature end of file.
2025-12-09 20:53:48,135 [ERROR] LogOutputStream:75 - [STDERR_REDIRECT] 
2025-12-09 20:53:49,157 [ERROR] LogOutputStream:75 - [STDERR_REDIRECT] [Fatal Error] :1:1: Premature end of file.
2025-12-09 20:53:49,157 [ERROR] LogOutputStream:75 - [STDERR_REDIRECT] 
2025-12-09 20:53:50,152 [ERROR] LogOutputStream:75 - [STDERR_REDIRECT] [Fatal Error] :1:1: Premature end of file.
2025-12-09 20:53:50,152 [ERROR] LogOutputStream:75 - [STDERR_REDIRECT] 
2025-12-09 20:53:51,145 [ERROR] LogOutputStream:75 - [STDERR_REDIRECT] [Fatal Error] :1:1: Premature end of file.
2025-12-09 20:53:51,145 [ERROR] LogOutputStream:75 - [STDERR_REDIRECT] 
2025-12-09 20:53:52,144 [ERROR] LogOutputStream:75 - [STDERR_REDIRECT] [Fatal Error] :1:1: Premature end of file.
2025-12-09 20:53:52,145 [ERROR] LogOutputStream:75 - [STDERR_REDIRECT] 
2025-12-09 20:53:53,130 [ERROR] LogOutputStream:75 - [STDERR_REDIRECT] [Fatal Error] :1:1: Premature end of file.
2025-12-09 20:53:53,132 [ERROR] LogOutputStream:75 - [STDERR_REDIRECT] 
2025-12-09 20:53:54,128 [ERROR] LogOutputStream:75 - [STDERR_REDIRECT] [Fatal Error] :1:1: Premature end of file.
2025-12-09 20:53:54,128 [ERROR] LogOutputStream:75 - [STDERR_REDIRECT] 
2025-12-09 20:53:55,141 [ERROR] LogOutputStream:75 - [STDERR_REDIRECT] [Fatal Error] :1:1: Premature end of file.
2025-12-09 20:53:55,141 [ERROR] LogOutputStream:75 - [STDERR_REDIRECT] 
2025-12-09 20:53:56,170 [ERROR] LogOutputStream:75 - [STDERR_REDIRECT] [Fatal Error] :1:1: Premature end of file.
2025-12-09 20:53:56,170 [ERROR] LogOutputStream:75 - [STDERR_REDIRECT] 
2025-12-09 20:53:57,159 [ERROR] LogOutputStream:75 - [STDERR_REDIRECT] [Fatal Error] :1:1: Premature end of file.
2025-12-09 20:53:57,159 [ERROR] LogOutputStream:75 - [STDERR_REDIRECT] 
2025-12-09 20:53:58,153 [ERROR] LogOutputStream:75 - [STDERR_REDIRECT] [Fatal Error] :1:1: Premature end of file.
2025-12-09 20:53:58,155 [ERROR] LogOutputStream:75 - [STDERR_REDIRECT] 
2025-12-09 20:53:59,142 [ERROR] LogOutputStream:75 - [STDERR_REDIRECT] [Fatal Error] :1:1: Premature end of file.
2025-12-09 20:53:59,142 [ERROR] LogOutputStream:75 - [STDERR_REDIRECT] 
2025-12-09 20:54:00,101 [ERROR] LogOutputStream:75 - [STDERR_REDIRECT] [Fatal Error] :1:1: Premature end of file.
2025-12-09 20:54:00,101 [ERROR] LogOutputStream:75 - [STDERR_REDIRECT] 
2025-12-09 20:54:01,155 [ERROR] LogOutputStream:75 - [STDERR_REDIRECT] [Fatal Error] :1:1: Premature end of file.
2025-12-09 20:54:01,155 [ERROR] LogOutputStream:75 - [STDERR_REDIRECT] 
2025-12-09 20:54:02,146 [ERROR] LogOutputStream:75 - [STDERR_REDIRECT] [Fatal Error] :1:1: Premature end of file.
2025-12-09 20:54:02,146 [ERROR] LogOutputStream:75 - [STDERR_REDIRECT] 
2025-12-09 20:54:03,148 [ERROR] LogOutputStream:75 - [STDERR_REDIRECT] [Fatal Error] :1:1: Premature end of file.
2025-12-09 20:54:03,148 [ERROR] LogOutputStream:75 - [STDERR_REDIRECT] 
2025-12-09 20:54:04,158 [ERROR] LogOutputStream:75 - [STDERR_REDIRECT] [Fatal Error] :1:1: Premature end of file.
2025-12-09 20:54:04,159 [ERROR] LogOutputStream:75 - [STDERR_REDIRECT] 
2025-12-09 20:54:05,143 [ERROR] LogOutputStream:75 - [STDERR_REDIRECT] [Fatal Error] :1:1: Premature end of file.
2025-12-09 20:54:05,144 [ERROR] LogOutputStream:75 - [STDERR_REDIRECT] 
2025-12-09 20:54:06,119 [ERROR] LogOutputStream:75 - [STDERR_REDIRECT] [Fatal Error] :1:1: Premature end of file.
2025-12-09 20:54:06,120 [ERROR] LogOutputStream:75 - [STDERR_REDIRECT] 
2025-12-09 20:54:07,159 [ERROR] LogOutputStream:75 - [STDERR_REDIRECT] [Fatal Error] :1:1: Premature end of file.
2025-12-09 20:54:07,159 [ERROR] LogOutputStream:75 - [STDERR_REDIRECT] 
2025-12-09 20:54:08,105 [ERROR] LogOutputStream:75 - [STDERR_REDIRECT] [Fatal Error] :1:1: Premature end of file.
2025-12-09 20:54:08,105 [ERROR] LogOutputStream:75 - [STDERR_REDIRECT] 
2025-12-09 20:54:09,165 [ERROR] LogOutputStream:75 - [STDERR_REDIRECT] [Fatal Error] :1:1: Premature end of file.
2025-12-09 20:54:09,165 [ERROR] LogOutputStream:75 - [STDERR_REDIRECT] 
2025-12-09 20:54:10,152 [ERROR] LogOutputStream:75 - [STDERR_REDIRECT] [Fatal Error] :1:1: Premature end of file.
2025-12-09 20:54:10,152 [ERROR] LogOutputStream:75 - [STDERR_REDIRECT] 
2025-12-09 20:54:11,166 [ERROR] LogOutputStream:75 - [STDERR_REDIRECT] [Fatal Error] :1:1: Premature end of file.
2025-12-09 20:54:11,166 [ERROR] LogOutputStream:75 - [STDERR_REDIRECT] 
2025-12-09 20:54:12,146 [ERROR] LogOutputStream:75 - [STDERR_REDIRECT] [Fatal Error] :1:1: Premature end of file.
2025-12-09 20:54:12,147 [ERROR] LogOutputStream:75 - [STDERR_REDIRECT] 
2025-12-09 20:54:13,126 [ERROR] LogOutputStream:75 - [STDERR_REDIRECT] [Fatal Error] :1:1: Premature end of file.
2025-12-09 20:54:13,126 [ERROR] LogOutputStream:75 - [STDERR_REDIRECT] 
2025-12-09 20:54:14,151 [ERROR] LogOutputStream:75 - [STDERR_REDIRECT] [Fatal Error] :1:1: Premature end of file.
2025-12-09 20:54:14,151 [ERROR] LogOutputStream:75 - [STDERR_REDIRECT] 
2025-12-09 20:54:15,150 [ERROR] LogOutputStream:75 - [STDERR_REDIRECT] [Fatal Error] :1:1: Premature end of file.
2025-12-09 20:54:15,150 [ERROR] LogOutputStream:75 - [STDERR_REDIRECT] 
2025-12-09 20:54:16,166 [ERROR] LogOutputStream:75 - [STDERR_REDIRECT] [Fatal Error] :1:1: Premature end of file.
2025-12-09 20:54:16,166 [ERROR] LogOutputStream:75 - [STDERR_REDIRECT] 
2025-12-09 20:54:17,170 [ERROR] LogOutputStream:75 - [STDERR_REDIRECT] [Fatal Error] :1:1: Premature end of file.
2025-12-09 20:54:17,170 [ERROR] LogOutputStream:75 - [STDERR_REDIRECT] 
2025-12-09 20:54:18,142 [ERROR] LogOutputStream:75 - [STDERR_REDIRECT] [Fatal Error] :1:1: Premature end of file.
2025-12-09 20:54:18,142 [ERROR] LogOutputStream:75 - [STDERR_REDIRECT] 
2025-12-09 20:54:19,160 [ERROR] LogOutputStream:75 - [STDERR_REDIRECT] [Fatal Error] :1:1: Premature end of file.
2025-12-09 20:54:19,160 [ERROR] LogOutputStream:75 - [STDERR_REDIRECT] 
2025-12-09 20:54:20,156 [ERROR] LogOutputStream:75 - [STDERR_REDIRECT] [Fatal Error] :1:1: Premature end of file.
2025-12-09 20:54:20,157 [ERROR] LogOutputStream:75 - [STDERR_REDIRECT] 
2025-12-09 20:54:21,160 [ERROR] LogOutputStream:75 - [STDERR_REDIRECT] [Fatal Error] :1:1: Premature end of file.
2025-12-09 20:54:21,160 [ERROR] LogOutputStream:75 - [STDERR_REDIRECT] 
2025-12-09 20:54:22,148 [ERROR] LogOutputStream:75 - [STDERR_REDIRECT] [Fatal Error] :1:1: Premature end of file.
2025-12-09 20:54:22,148 [ERROR] LogOutputStream:75 - [STDERR_REDIRECT] 
2025-12-09 20:54:23,171 [ERROR] LogOutputStream:75 - [STDERR_REDIRECT] [Fatal Error] :1:1: Premature end of file.
2025-12-09 20:54:23,172 [ERROR] LogOutputStream:75 - [STDERR_REDIRECT] 
2025-12-09 20:54:24,141 [ERROR] LogOutputStream:75 - [STDERR_REDIRECT] [Fatal Error] :1:1: Premature end of file.
2025-12-09 20:54:24,141 [ERROR] LogOutputStream:75 - [STDERR_REDIRECT] 
2025-12-09 20:54:25,157 [ERROR] LogOutputStream:75 - [STDERR_REDIRECT] [Fatal Error] :1:1: Premature end of file.
2025-12-09 20:54:25,157 [ERROR] LogOutputStream:75 - [STDERR_REDIRECT] 
2025-12-09 20:54:26,156 [ERROR] LogOutputStream:75 - [STDERR_REDIRECT] [Fatal Error] :1:1: Premature end of file.
2025-12-09 20:54:26,156 [ERROR] LogOutputStream:75 - [STDERR_REDIRECT] 
2025-12-09 20:54:27,162 [ERROR] LogOutputStream:75 - [STDERR_REDIRECT] [Fatal Error] :1:1: Premature end of file.
2025-12-09 20:54:27,162 [ERROR] LogOutputStream:75 - [STDERR_REDIRECT] 
2025-12-09 20:54:28,148 [ERROR] LogOutputStream:75 - [STDERR_REDIRECT] [Fatal Error] :1:1: Premature end of file.
2025-12-09 20:54:28,148 [ERROR] LogOutputStream:75 - [STDERR_REDIRECT] 
2025-12-09 20:54:29,169 [ERROR] LogOutputStream:75 - [STDERR_REDIRECT] [Fatal Error] :1:1: Premature end of file.
2025-12-09 20:54:29,169 [ERROR] LogOutputStream:75 - [STDERR_REDIRECT] 
2025-12-09 20:54:30,130 [ERROR] LogOutputStream:75 - [STDERR_REDIRECT] [Fatal Error] :1:1: Premature end of file.
2025-12-09 20:54:30,130 [ERROR] LogOutputStream:75 - [STDERR_REDIRECT] 
2025-12-09 20:54:31,165 [ERROR] LogOutputStream:75 - [STDERR_REDIRECT] [Fatal Error] :1:1: Premature end of file.
2025-12-09 20:54:31,167 [ERROR] LogOutputStream:75 - [STDERR_REDIRECT] 
2025-12-09 20:54:32,146 [ERROR] LogOutputStream:75 - [STDERR_REDIRECT] [Fatal Error] :1:1: Premature end of file.
2025-12-09 20:54:32,146 [ERROR] LogOutputStream:75 - [STDERR_REDIRECT] 
2025-12-09 20:54:33,145 [ERROR] LogOutputStream:75 - [STDERR_REDIRECT] [Fatal Error] :1:1: Premature end of file.
2025-12-09 20:54:33,145 [ERROR] LogOutputStream:75 - [STDERR_REDIRECT] 
2025-12-09 20:54:34,149 [ERROR] LogOutputStream:75 - [STDERR_REDIRECT] [Fatal Error] :1:1: Premature end of file.
2025-12-09 20:54:34,149 [ERROR] LogOutputStream:75 - [STDERR_REDIRECT] 
2025-12-09 20:54:35,164 [ERROR] LogOutputStream:75 - [STDERR_REDIRECT] [Fatal Error] :1:1: Premature end of file.
2025-12-09 20:54:35,166 [ERROR] LogOutputStream:75 - [STDERR_REDIRECT] 
2025-12-09 20:54:36,127 [ERROR] LogOutputStream:75 - [STDERR_REDIRECT] [Fatal Error] :1:1: Premature end of file.
2025-12-09 20:54:36,127 [ERROR] LogOutputStream:75 - [STDERR_REDIRECT] 
2025-12-09 20:54:37,149 [ERROR] LogOutputStream:75 - [STDERR_REDIRECT] [Fatal Error] :1:1: Premature end of file.
2025-12-09 20:54:37,149 [ERROR] LogOutputStream:75 - [STDERR_REDIRECT] 
2025-12-09 20:54:38,163 [ERROR] LogOutputStream:75 - [STDERR_REDIRECT] [Fatal Error] :1:1: Premature end of file.
2025-12-09 20:54:38,164 [ERROR] LogOutputStream:75 - [STDERR_REDIRECT] 
2025-12-09 20:54:39,163 [ERROR] LogOutputStream:75 - [STDERR_REDIRECT] [Fatal Error] :1:1: Premature end of file.
2025-12-09 20:54:39,163 [ERROR] LogOutputStream:75 - [STDERR_REDIRECT] 
2025-12-09 20:54:40,156 [ERROR] LogOutputStream:75 - [STDERR_REDIRECT] [Fatal Error] :1:1: Premature end of file.
2025-12-09 20:54:40,156 [ERROR] LogOutputStream:75 - [STDERR_REDIRECT] 
2025-12-09 20:54:41,160 [ERROR] LogOutputStream:75 - [STDERR_REDIRECT] [Fatal Error] :1:1: Premature end of file.
2025-12-09 20:54:41,160 [ERROR] LogOutputStream:75 - [STDERR_REDIRECT] 
2025-12-09 20:54:42,130 [ERROR] LogOutputStream:75 - [STDERR_REDIRECT] [Fatal Error] :1:1: Premature end of file.
2025-12-09 20:54:42,130 [ERROR] LogOutputStream:75 - [STDERR_REDIRECT] 
2025-12-09 20:54:43,146 [ERROR] LogOutputStream:75 - [STDERR_REDIRECT] [Fatal Error] :1:1: Premature end of file.
2025-12-09 20:54:43,148 [ERROR] LogOutputStream:75 - [STDERR_REDIRECT] 
2025-12-09 20:54:44,150 [ERROR] LogOutputStream:75 - [STDERR_REDIRECT] [Fatal Error] :1:1: Premature end of file.
2025-12-09 20:54:44,150 [ERROR] LogOutputStream:75 - [STDERR_REDIRECT] 
2025-12-09 20:54:45,151 [ERROR] LogOutputStream:75 - [STDERR_REDIRECT] [Fatal Error] :1:1: Premature end of file.
2025-12-09 20:54:45,152 [ERROR] LogOutputStream:75 - [STDERR_REDIRECT] 
2025-12-09 20:54:46,165 [ERROR] LogOutputStream:75 - [STDERR_REDIRECT] [Fatal Error] :1:1: Premature end of file.
2025-12-09 20:54:46,166 [ERROR] LogOutputStream:75 - [STDERR_REDIRECT] 
2025-12-09 20:54:47,168 [ERROR] LogOutputStream:75 - [STDERR_REDIRECT] [Fatal Error] :1:1: Premature end of file.
2025-12-09 20:54:47,168 [ERROR] LogOutputStream:75 - [STDERR_REDIRECT] 
2025-12-09 20:54:48,143 [ERROR] LogOutputStream:75 - [STDERR_REDIRECT] [Fatal Error] :1:1: Premature end of file.
2025-12-09 20:54:48,143 [ERROR] LogOutputStream:75 - [STDERR_REDIRECT] 
2025-12-09 20:54:49,153 [ERROR] LogOutputStream:75 - [STDERR_REDIRECT] [Fatal Error] :1:1: Premature end of file.
2025-12-09 20:54:49,153 [ERROR] LogOutputStream:75 - [STDERR_REDIRECT] 
2025-12-09 20:54:50,163 [ERROR] LogOutputStream:75 - [STDERR_REDIRECT] [Fatal Error] :1:1: Premature end of file.
2025-12-09 20:54:50,164 [ERROR] LogOutputStream:75 - [STDERR_REDIRECT] 
2025-12-09 20:54:51,165 [ERROR] LogOutputStream:75 - [STDERR_REDIRECT] [Fatal Error] :1:1: Premature end of file.
2025-12-09 20:54:51,165 [ERROR] LogOutputStream:75 - [STDERR_REDIRECT] 
2025-12-09 20:54:52,148 [ERROR] LogOutputStream:75 - [STDERR_REDIRECT] [Fatal Error] :1:1: Premature end of file.
2025-12-09 20:54:52,149 [ERROR] LogOutputStream:75 - [STDERR_REDIRECT] 
2025-12-09 20:54:53,161 [ERROR] LogOutputStream:75 - [STDERR_REDIRECT] [Fatal Error] :1:1: Premature end of file.
2025-12-09 20:54:53,163 [ERROR] LogOutputStream:75 - [STDERR_REDIRECT] 
2025-12-09 20:54:54,142 [ERROR] LogOutputStream:75 - [STDERR_REDIRECT] [Fatal Error] :1:1: Premature end of file.
2025-12-09 20:54:54,142 [ERROR] LogOutputStream:75 - [STDERR_REDIRECT] 
2025-12-09 20:54:55,161 [ERROR] LogOutputStream:75 - [STDERR_REDIRECT] [Fatal Error] :1:1: Premature end of file.
2025-12-09 20:54:55,163 [ERROR] LogOutputStream:75 - [STDERR_REDIRECT] 
2025-12-09 20:54:56,163 [ERROR] LogOutputStream:75 - [STDERR_REDIRECT] [Fatal Error] :1:1: Premature end of file.
2025-12-09 20:54:56,164 [ERROR] LogOutputStream:75 - [STDERR_REDIRECT] 
2025-12-09 20:54:57,160 [ERROR] LogOutputStream:75 - [STDERR_REDIRECT] [Fatal Error] :1:1: Premature end of file.
2025-12-09 20:54:57,160 [ERROR] LogOutputStream:75 - [STDERR_REDIRECT] 
2025-12-09 20:54:58,147 [ERROR] LogOutputStream:75 - [STDERR_REDIRECT] [Fatal Error] :1:1: Premature end of file.
2025-12-09 20:54:58,147 [ERROR] LogOutputStream:75 - [STDERR_REDIRECT] 
2025-12-09 20:54:59,164 [ERROR] LogOutputStream:75 - [STDERR_REDIRECT] [Fatal Error] :1:1: Premature end of file.
2025-12-09 20:54:59,164 [ERROR] LogOutputStream:75 - [STDERR_REDIRECT] 
2025-12-09 20:55:00,100 [ERROR] LogOutputStream:75 - [STDERR_REDIRECT] [Fatal Error] :1:1: Premature end of file.
2025-12-09 20:55:00,100 [ERROR] LogOutputStream:75 - [STDERR_REDIRECT] 
2025-12-09 20:55:01,149 [ERROR] LogOutputStream:75 - [STDERR_REDIRECT] [Fatal Error] :1:1: Premature end of file.
2025-12-09 20:55:01,149 [ERROR] LogOutputStream:75 - [STDERR_REDIRECT] 
2025-12-09 20:55:02,170 [ERROR] LogOutputStream:75 - [STDERR_REDIRECT] [Fatal Error] :1:1: Premature end of file.
2025-12-09 20:55:02,172 [ERROR] LogOutputStream:75 - [STDERR_REDIRECT] 
2025-12-09 20:55:03,147 [ERROR] LogOutputStream:75 - [STDERR_REDIRECT] [Fatal Error] :1:1: Premature end of file.
2025-12-09 20:55:03,147 [ERROR] LogOutputStream:75 - [STDERR_REDIRECT] 
2025-12-09 20:55:04,109 [ERROR] LogOutputStream:75 - [STDERR_REDIRECT] [Fatal Error] :1:1: Premature end of file.
2025-12-09 20:55:04,109 [ERROR] LogOutputStream:75 - [STDERR_REDIRECT] 
2025-12-09 20:55:05,161 [ERROR] LogOutputStream:75 - [STDERR_REDIRECT] [Fatal Error] :1:1: Premature end of file.
2025-12-09 20:55:05,162 [ERROR] LogOutputStream:75 - [STDERR_REDIRECT] 
2025-12-09 20:55:06,130 [ERROR] LogOutputStream:75 - [STDERR_REDIRECT] [Fatal Error] :1:1: Premature end of file.
2025-12-09 20:55:06,130 [ERROR] LogOutputStream:75 - [STDERR_REDIRECT] 
2025-12-09 20:55:07,149 [ERROR] LogOutputStream:75 - [STDERR_REDIRECT] [Fatal Error] :1:1: Premature end of file.
2025-12-09 20:55:07,149 [ERROR] LogOutputStream:75 - [STDERR_REDIRECT] 
2025-12-09 20:55:08,161 [ERROR] LogOutputStream:75 - [STDERR_REDIRECT] [Fatal Error] :1:1: Premature end of file.
2025-12-09 20:55:08,161 [ERROR] LogOutputStream:75 - [STDERR_REDIRECT] 
2025-12-09 20:55:09,161 [ERROR] LogOutputStream:75 - [STDERR_REDIRECT] [Fatal Error] :1:1: Premature end of file.
2025-12-09 20:55:09,162 [ERROR] LogOutputStream:75 - [STDERR_REDIRECT] 
2025-12-09 20:55:10,166 [ERROR] LogOutputStream:75 - [STDERR_REDIRECT] [Fatal Error] :1:1: Premature end of file.
2025-12-09 20:55:10,166 [ERROR] LogOutputStream:75 - [STDERR_REDIRECT] 
2025-12-09 20:55:11,102 [ERROR] LogOutputStream:75 - [STDERR_REDIRECT] [Fatal Error] :1:1: Premature end of file.
2025-12-09 20:55:11,102 [ERROR] LogOutputStream:75 - [STDERR_REDIRECT] 
2025-12-09 20:55:12,134 [ERROR] LogOutputStream:75 - [STDERR_REDIRECT] [Fatal Error] :1:1: Premature end of file.
2025-12-09 20:55:12,134 [ERROR] LogOutputStream:75 - [STDERR_REDIRECT] 
2025-12-09 20:55:13,136 [ERROR] LogOutputStream:75 - [STDERR_REDIRECT] [Fatal Error] :1:1: Premature end of file.
2025-12-09 20:55:13,137 [ERROR] LogOutputStream:75 - [STDERR_REDIRECT] 
2025-12-09 20:55:14,161 [ERROR] LogOutputStream:75 - [STDERR_REDIRECT] [Fatal Error] :1:1: Premature end of file.
2025-12-09 20:55:14,161 [ERROR] LogOutputStream:75 - [STDERR_REDIRECT] 
2025-12-09 20:55:15,142 [ERROR] LogOutputStream:75 - [STDERR_REDIRECT] [Fatal Error] :1:1: Premature end of file.
2025-12-09 20:55:15,144 [ERROR] LogOutputStream:75 - [STDERR_REDIRECT] 
2025-12-09 20:55:16,148 [ERROR] LogOutputStream:75 - [STDERR_REDIRECT] [Fatal Error] :1:1: Premature end of file.
2025-12-09 20:55:16,148 [ERROR] LogOutputStream:75 - [STDERR_REDIRECT] 
2025-12-09 20:55:17,148 [ERROR] LogOutputStream:75 - [STDERR_REDIRECT] [Fatal Error] :1:1: Premature end of file.
2025-12-09 20:55:17,148 [ERROR] LogOutputStream:75 - [STDERR_REDIRECT] 
2025-12-09 20:55:18,127 [ERROR] LogOutputStream:75 - [STDERR_REDIRECT] [Fatal Error] :1:1: Premature end of file.
2025-12-09 20:55:18,127 [ERROR] LogOutputStream:75 - [STDERR_REDIRECT] 
2025-12-09 20:55:19,134 [ERROR] LogOutputStream:75 - [STDERR_REDIRECT] [Fatal Error] :1:1: Premature end of file.
2025-12-09 20:55:19,134 [ERROR] LogOutputStream:75 - [STDERR_REDIRECT] 
2025-12-09 20:55:20,133 [ERROR] LogOutputStream:75 - [STDERR_REDIRECT] [Fatal Error] :1:1: Premature end of file.
2025-12-09 20:55:20,133 [ERROR] LogOutputStream:75 - [STDERR_REDIRECT] 
2025-12-09 20:55:21,167 [ERROR] LogOutputStream:75 - [STDERR_REDIRECT] [Fatal Error] :1:1: Premature end of file.
2025-12-09 20:55:21,168 [ERROR] LogOutputStream:75 - [STDERR_REDIRECT] 
2025-12-09 20:55:22,150 [ERROR] LogOutputStream:75 - [STDERR_REDIRECT] [Fatal Error] :1:1: Premature end of file.
2025-12-09 20:55:22,150 [ERROR] LogOutputStream:75 - [STDERR_REDIRECT] 
2025-12-09 20:55:23,150 [ERROR] LogOutputStream:75 - [STDERR_REDIRECT] [Fatal Error] :1:1: Premature end of file.
2025-12-09 20:55:23,150 [ERROR] LogOutputStream:75 - [STDERR_REDIRECT] 
2025-12-09 20:55:24,128 [ERROR] LogOutputStream:75 - [STDERR_REDIRECT] [Fatal Error] :1:1: Premature end of file.
2025-12-09 20:55:24,128 [ERROR] LogOutputStream:75 - [STDERR_REDIRECT] 
2025-12-09 20:55:25,136 [ERROR] LogOutputStream:75 - [STDERR_REDIRECT] [Fatal Error] :1:1: Premature end of file.
2025-12-09 20:55:25,136 [ERROR] LogOutputStream:75 - [STDERR_REDIRECT] 
2025-12-09 20:55:26,147 [ERROR] LogOutputStream:75 - [STDERR_REDIRECT] [Fatal Error] :1:1: Premature end of file.
2025-12-09 20:55:26,148 [ERROR] LogOutputStream:75 - [STDERR_REDIRECT] 
2025-12-09 20:55:27,149 [ERROR] LogOutputStream:75 - [STDERR_REDIRECT] [Fatal Error] :1:1: Premature end of file.
2025-12-09 20:55:27,150 [ERROR] LogOutputStream:75 - [STDERR_REDIRECT] 
2025-12-09 20:55:28,141 [ERROR] LogOutputStream:75 - [STDERR_REDIRECT] [Fatal Error] :1:1: Premature end of file.
2025-12-09 20:55:28,141 [ERROR] LogOutputStream:75 - [STDERR_REDIRECT] 
2025-12-09 20:55:29,161 [ERROR] LogOutputStream:75 - [STDERR_REDIRECT] [Fatal Error] :1:1: Premature end of file.
2025-12-09 20:55:29,161 [ERROR] LogOutputStream:75 - [STDERR_REDIRECT] 
2025-12-09 20:55:30,140 [ERROR] LogOutputStream:75 - [STDERR_REDIRECT] [Fatal Error] :1:1: Premature end of file.
2025-12-09 20:55:30,140 [ERROR] LogOutputStream:75 - [STDERR_REDIRECT] 
2025-12-09 20:55:31,142 [ERROR] LogOutputStream:75 - [STDERR_REDIRECT] [Fatal Error] :1:1: Premature end of file.
2025-12-09 20:55:31,142 [ERROR] LogOutputStream:75 - [STDERR_REDIRECT] 
2025-12-09 20:55:32,161 [ERROR] LogOutputStream:75 - [STDERR_REDIRECT] [Fatal Error] :1:1: Premature end of file.
2025-12-09 20:55:32,161 [ERROR] LogOutputStream:75 - [STDERR_REDIRECT] 
2025-12-09 20:55:33,149 [ERROR] LogOutputStream:75 - [STDERR_REDIRECT] [Fatal Error] :1:1: Premature end of file.
2025-12-09 20:55:33,149 [ERROR] LogOutputStream:75 - [STDERR_REDIRECT] 
2025-12-09 20:55:34,154 [ERROR] LogOutputStream:75 - [STDERR_REDIRECT] [Fatal Error] :1:1: Premature end of file.
2025-12-09 20:55:34,154 [ERROR] LogOutputStream:75 - [STDERR_REDIRECT] 
2025-12-09 20:55:35,116 [ERROR] LogOutputStream:75 - [STDERR_REDIRECT] [Fatal Error] :1:1: Premature end of file.
2025-12-09 20:55:35,116 [ERROR] LogOutputStream:75 - [STDERR_REDIRECT] 
2025-12-09 20:55:36,128 [ERROR] LogOutputStream:75 - [STDERR_REDIRECT] [Fatal Error] :1:1: Premature end of file.
2025-12-09 20:55:36,128 [ERROR] LogOutputStream:75 - [STDERR_REDIRECT] 
2025-12-09 20:55:37,126 [ERROR] LogOutputStream:75 - [STDERR_REDIRECT] [Fatal Error] :1:1: Premature end of file.
2025-12-09 20:55:37,126 [ERROR] LogOutputStream:75 - [STDERR_REDIRECT] 
2025-12-09 20:55:38,147 [ERROR] LogOutputStream:75 - [STDERR_REDIRECT] [Fatal Error] :1:1: Premature end of file.
2025-12-09 20:55:38,149 [ERROR] LogOutputStream:75 - [STDERR_REDIRECT] 
2025-12-09 20:55:39,132 [ERROR] LogOutputStream:75 - [STDERR_REDIRECT] [Fatal Error] :1:1: Premature end of file.
2025-12-09 20:55:39,132 [ERROR] LogOutputStream:75 - [STDERR_REDIRECT] 
2025-12-09 20:55:40,166 [ERROR] LogOutputStream:75 - [STDERR_REDIRECT] [Fatal Error] :1:1: Premature end of file.
2025-12-09 20:55:40,166 [ERROR] LogOutputStream:75 - [STDERR_REDIRECT] 
2025-12-09 20:55:41,159 [ERROR] LogOutputStream:75 - [STDERR_REDIRECT] [Fatal Error] :1:1: Premature end of file.
2025-12-09 20:55:41,159 [ERROR] LogOutputStream:75 - [STDERR_REDIRECT] 
2025-12-09 20:55:42,132 [ERROR] LogOutputStream:75 - [STDERR_REDIRECT] [Fatal Error] :1:1: Premature end of file.
2025-12-09 20:55:42,132 [ERROR] LogOutputStream:75 - [STDERR_REDIRECT] 
2025-12-09 20:55:43,168 [ERROR] LogOutputStream:75 - [STDERR_REDIRECT] [Fatal Error] :1:1: Premature end of file.
2025-12-09 20:55:43,169 [ERROR] LogOutputStream:75 - [STDERR_REDIRECT] 
2025-12-09 20:55:44,167 [ERROR] LogOutputStream:75 - [STDERR_REDIRECT] [Fatal Error] :1:1: Premature end of file.
2025-12-09 20:55:44,167 [ERROR] LogOutputStream:75 - [STDERR_REDIRECT] 
2025-12-09 20:55:45,163 [ERROR] LogOutputStream:75 - [STDERR_REDIRECT] [Fatal Error] :1:1: Premature end of file.
2025-12-09 20:55:45,164 [ERROR] LogOutputStream:75 - [STDERR_REDIRECT] 
2025-12-09 20:55:46,165 [ERROR] LogOutputStream:75 - [STDERR_REDIRECT] [Fatal Error] :1:1: Premature end of file.
2025-12-09 20:55:46,166 [ERROR] LogOutputStream:75 - [STDERR_REDIRECT] 
2025-12-09 20:55:47,162 [ERROR] LogOutputStream:75 - [STDERR_REDIRECT] [Fatal Error] :1:1: Premature end of file.
2025-12-09 20:55:47,162 [ERROR] LogOutputStream:75 - [STDERR_REDIRECT] 
2025-12-09 20:55:48,127 [ERROR] LogOutputStream:75 - [STDERR_REDIRECT] [Fatal Error] :1:1: Premature end of file.
2025-12-09 20:55:48,127 [ERROR] LogOutputStream:75 - [STDERR_REDIRECT] 
2025-12-09 20:55:49,144 [ERROR] LogOutputStream:75 - [STDERR_REDIRECT] [Fatal Error] :1:1: Premature end of file.
2025-12-09 20:55:49,144 [ERROR] LogOutputStream:75 - [STDERR_REDIRECT] 
2025-12-09 20:55:50,164 [ERROR] LogOutputStream:75 - [STDERR_REDIRECT] [Fatal Error] :1:1: Premature end of file.
2025-12-09 20:55:50,164 [ERROR] LogOutputStream:75 - [STDERR_REDIRECT] 
2025-12-09 20:55:51,166 [ERROR] LogOutputStream:75 - [STDERR_REDIRECT] [Fatal Error] :1:1: Premature end of file.
2025-12-09 20:55:51,166 [ERROR] LogOutputStream:75 - [STDERR_REDIRECT] 
2025-12-09 20:55:52,158 [ERROR] LogOutputStream:75 - [STDERR_REDIRECT] [Fatal Error] :1:1: Premature end of file.
2025-12-09 20:55:52,160 [ERROR] LogOutputStream:75 - [STDERR_REDIRECT] 
2025-12-09 20:55:53,147 [ERROR] LogOutputStream:75 - [STDERR_REDIRECT] [Fatal Error] :1:1: Premature end of file.
2025-12-09 20:55:53,147 [ERROR] LogOutputStream:75 - [STDERR_REDIRECT] 
2025-12-09 20:55:54,123 [ERROR] LogOutputStream:75 - [STDERR_REDIRECT] [Fatal Error] :1:1: Premature end of file.
2025-12-09 20:55:54,123 [ERROR] LogOutputStream:75 - [STDERR_REDIRECT] 
2025-12-09 20:55:55,150 [ERROR] LogOutputStream:75 - [STDERR_REDIRECT] [Fatal Error] :1:1: Premature end of file.
2025-12-09 20:55:55,150 [ERROR] LogOutputStream:75 - [STDERR_REDIRECT] 
2025-12-09 20:55:56,148 [ERROR] LogOutputStream:75 - [STDERR_REDIRECT] [Fatal Error] :1:1: Premature end of file.
2025-12-09 20:55:56,148 [ERROR] LogOutputStream:75 - [STDERR_REDIRECT] 
2025-12-09 20:55:57,126 [ERROR] LogOutputStream:75 - [STDERR_REDIRECT] [Fatal Error] :1:1: Premature end of file.
2025-12-09 20:55:57,126 [ERROR] LogOutputStream:75 - [STDERR_REDIRECT] 
2025-12-09 20:55:58,125 [ERROR] LogOutputStream:75 - [STDERR_REDIRECT] [Fatal Error] :1:1: Premature end of file.
2025-12-09 20:55:58,125 [ERROR] LogOutputStream:75 - [STDERR_REDIRECT] 
2025-12-09 20:55:59,138 [ERROR] LogOutputStream:75 - [STDERR_REDIRECT] [Fatal Error] :1:1: Premature end of file.
2025-12-09 20:55:59,138 [ERROR] LogOutputStream:75 - [STDERR_REDIRECT] 
2025-12-09 20:56:00,100 [ERROR] LogOutputStream:75 - [STDERR_REDIRECT] [Fatal Error] :1:1: Premature end of file.
2025-12-09 20:56:00,100 [ERROR] LogOutputStream:75 - [STDERR_REDIRECT] 
2025-12-09 20:56:01,100 [ERROR] LogOutputStream:75 - [STDERR_REDIRECT] [Fatal Error] :1:1: Premature end of file.
2025-12-09 20:56:01,100 [ERROR] LogOutputStream:75 - [STDERR_REDIRECT] 
2025-12-09 20:56:02,113 [ERROR] LogOutputStream:75 - [STDERR_REDIRECT] [Fatal Error] :1:1: Premature end of file.
2025-12-09 20:56:02,113 [ERROR] LogOutputStream:75 - [STDERR_REDIRECT] 
2025-12-09 20:56:03,101 [ERROR] LogOutputStream:75 - [STDERR_REDIRECT] [Fatal Error] :1:1: Premature end of file.
2025-12-09 20:56:03,101 [ERROR] LogOutputStream:75 - [STDERR_REDIRECT] 
2025-12-09 20:56:04,103 [ERROR] LogOutputStream:75 - [STDERR_REDIRECT] [Fatal Error] :1:1: Premature end of file.
2025-12-09 20:56:04,103 [ERROR] LogOutputStream:75 - [STDERR_REDIRECT] 
2025-12-09 20:56:05,137 [ERROR] LogOutputStream:75 - [STDERR_REDIRECT] [Fatal Error] :1:1: Premature end of file.
2025-12-09 20:56:05,137 [ERROR] LogOutputStream:75 - [STDERR_REDIRECT] 
2025-12-09 20:56:06,118 [ERROR] LogOutputStream:75 - [STDERR_REDIRECT] [Fatal Error] :1:1: Premature end of file.
2025-12-09 20:56:06,118 [ERROR] LogOutputStream:75 - [STDERR_REDIRECT] 
2025-12-09 20:56:07,112 [ERROR] LogOutputStream:75 - [STDERR_REDIRECT] [Fatal Error] :1:1: Premature end of file.
2025-12-09 20:56:07,112 [ERROR] LogOutputStream:75 - [STDERR_REDIRECT] 
2025-12-09 20:56:08,138 [ERROR] LogOutputStream:75 - [STDERR_REDIRECT] [Fatal Error] :1:1: Premature end of file.
2025-12-09 20:56:08,139 [ERROR] LogOutputStream:75 - [STDERR_REDIRECT] 
2025-12-09 20:56:09,102 [ERROR] LogOutputStream:75 - [STDERR_REDIRECT] [Fatal Error] :1:1: Premature end of file.
2025-12-09 20:56:09,102 [ERROR] LogOutputStream:75 - [STDERR_REDIRECT] 
2025-12-09 20:56:10,102 [ERROR] LogOutputStream:75 - [STDERR_REDIRECT] [Fatal Error] :1:1: Premature end of file.
2025-12-09 20:56:10,102 [ERROR] LogOutputStream:75 - [STDERR_REDIRECT] 
2025-12-09 20:56:11,145 [ERROR] LogOutputStream:75 - [STDERR_REDIRECT] [Fatal Error] :1:1: Premature end of file.
2025-12-09 20:56:11,145 [ERROR] LogOutputStream:75 - [STDERR_REDIRECT] 
2025-12-09 20:56:12,105 [ERROR] LogOutputStream:75 - [STDERR_REDIRECT] [Fatal Error] :1:1: Premature end of file.
2025-12-09 20:56:12,105 [ERROR] LogOutputStream:75 - [STDERR_REDIRECT] 
2025-12-09 20:56:13,140 [ERROR] LogOutputStream:75 - [STDERR_REDIRECT] [Fatal Error] :1:1: Premature end of file.
2025-12-09 20:56:13,140 [ERROR] LogOutputStream:75 - [STDERR_REDIRECT] 
2025-12-09 20:56:14,135 [ERROR] LogOutputStream:75 - [STDERR_REDIRECT] [Fatal Error] :1:1: Premature end of file.
2025-12-09 20:56:14,135 [ERROR] LogOutputStream:75 - [STDERR_REDIRECT] 
2025-12-09 20:56:15,100 [ERROR] LogOutputStream:75 - [STDERR_REDIRECT] [Fatal Error] :1:1: Premature end of file.
2025-12-09 20:56:15,100 [ERROR] LogOutputStream:75 - [STDERR_REDIRECT] 
2025-12-09 20:56:16,102 [ERROR] LogOutputStream:75 - [STDERR_REDIRECT] [Fatal Error] :1:1: Premature end of file.
2025-12-09 20:56:16,102 [ERROR] LogOutputStream:75 - [STDERR_REDIRECT] 
2025-12-09 20:56:17,101 [ERROR] LogOutputStream:75 - [STDERR_REDIRECT] [Fatal Error] :1:1: Premature end of file.
2025-12-09 20:56:17,101 [ERROR] LogOutputStream:75 - [STDERR_REDIRECT] 
2025-12-09 20:56:18,124 [ERROR] LogOutputStream:75 - [STDERR_REDIRECT] [Fatal Error] :1:1: Premature end of file.
2025-12-09 20:56:18,124 [ERROR] LogOutputStream:75 - [STDERR_REDIRECT] 
2025-12-09 20:56:19,113 [ERROR] LogOutputStream:75 - [STDERR_REDIRECT] [Fatal Error] :1:1: Premature end of file.
2025-12-09 20:56:19,113 [ERROR] LogOutputStream:75 - [STDERR_REDIRECT] 
2025-12-09 20:56:20,101 [ERROR] LogOutputStream:75 - [STDERR_REDIRECT] [Fatal Error] :1:1: Premature end of file.
2025-12-09 20:56:20,101 [ERROR] LogOutputStream:75 - [STDERR_REDIRECT] 
2025-12-09 20:56:21,122 [ERROR] LogOutputStream:75 - [STDERR_REDIRECT] [Fatal Error] :1:1: Premature end of file.
2025-12-09 20:56:21,122 [ERROR] LogOutputStream:75 - [STDERR_REDIRECT] 
2025-12-09 20:56:22,137 [ERROR] LogOutputStream:75 - [STDERR_REDIRECT] [Fatal Error] :1:1: Premature end of file.
2025-12-09 20:56:22,137 [ERROR] LogOutputStream:75 - [STDERR_REDIRECT] 
2025-12-09 20:56:23,100 [ERROR] LogOutputStream:75 - [STDERR_REDIRECT] [Fatal Error] :1:1: Premature end of file.
2025-12-09 20:56:23,100 [ERROR] LogOutputStream:75 - [STDERR_REDIRECT] 
2025-12-09 20:56:24,115 [ERROR] LogOutputStream:75 - [STDERR_REDIRECT] [Fatal Error] :1:1: Premature end of file.
2025-12-09 20:56:24,116 [ERROR] LogOutputStream:75 - [STDERR_REDIRECT] 
2025-12-09 20:56:25,133 [ERROR] LogOutputStream:75 - [STDERR_REDIRECT] [Fatal Error] :1:1: Premature end of file.
2025-12-09 20:56:25,133 [ERROR] LogOutputStream:75 - [STDERR_REDIRECT] 
2025-12-09 20:56:26,129 [ERROR] LogOutputStream:75 - [STDERR_REDIRECT] [Fatal Error] :1:1: Premature end of file.
2025-12-09 20:56:26,129 [ERROR] LogOutputStream:75 - [STDERR_REDIRECT] 
2025-12-09 20:56:27,102 [ERROR] LogOutputStream:75 - [STDERR_REDIRECT] [Fatal Error] :1:1: Premature end of file.
2025-12-09 20:56:27,102 [ERROR] LogOutputStream:75 - [STDERR_REDIRECT] 
2025-12-09 20:56:28,100 [ERROR] LogOutputStream:75 - [STDERR_REDIRECT] [Fatal Error] :1:1: Premature end of file.
2025-12-09 20:56:28,101 [ERROR] LogOutputStream:75 - [STDERR_REDIRECT] 
2025-12-09 20:56:29,133 [ERROR] LogOutputStream:75 - [STDERR_REDIRECT] [Fatal Error] :1:1: Premature end of file.
2025-12-09 20:56:29,133 [ERROR] LogOutputStream:75 - [STDERR_REDIRECT] 
2025-12-09 20:56:30,139 [ERROR] LogOutputStream:75 - [STDERR_REDIRECT] [Fatal Error] :1:1: Premature end of file.
2025-12-09 20:56:30,139 [ERROR] LogOutputStream:75 - [STDERR_REDIRECT] 
2025-12-09 20:56:31,100 [ERROR] LogOutputStream:75 - [STDERR_REDIRECT] [Fatal Error] :1:1: Premature end of file.
2025-12-09 20:56:31,100 [ERROR] LogOutputStream:75 - [STDERR_REDIRECT] 
2025-12-09 20:56:32,149 [ERROR] LogOutputStream:75 - [STDERR_REDIRECT] [Fatal Error] :1:1: Premature end of file.
2025-12-09 20:56:32,149 [ERROR] LogOutputStream:75 - [STDERR_REDIRECT] 
2025-12-09 20:56:33,154 [ERROR] LogOutputStream:75 - [STDERR_REDIRECT] [Fatal Error] :1:1: Premature end of file.
2025-12-09 20:56:33,154 [ERROR] LogOutputStream:75 - [STDERR_REDIRECT] 
2025-12-09 20:56:34,165 [ERROR] LogOutputStream:75 - [STDERR_REDIRECT] [Fatal Error] :1:1: Premature end of file.
2025-12-09 20:56:34,165 [ERROR] LogOutputStream:75 - [STDERR_REDIRECT] 
2025-12-09 20:56:35,152 [ERROR] LogOutputStream:75 - [STDERR_REDIRECT] [Fatal Error] :1:1: Premature end of file.
2025-12-09 20:56:35,152 [ERROR] LogOutputStream:75 - [STDERR_REDIRECT] 
2025-12-09 20:56:36,128 [ERROR] LogOutputStream:75 - [STDERR_REDIRECT] [Fatal Error] :1:1: Premature end of file.
2025-12-09 20:56:36,128 [ERROR] LogOutputStream:75 - [STDERR_REDIRECT] 
2025-12-09 20:56:37,149 [ERROR] LogOutputStream:75 - [STDERR_REDIRECT] [Fatal Error] :1:1: Premature end of file.
2025-12-09 20:56:37,149 [ERROR] LogOutputStream:75 - [STDERR_REDIRECT] 
2025-12-09 20:56:38,158 [ERROR] LogOutputStream:75 - [STDERR_REDIRECT] [Fatal Error] :1:1: Premature end of file.
2025-12-09 20:56:38,158 [ERROR] LogOutputStream:75 - [STDERR_REDIRECT] 
2025-12-09 20:56:39,149 [ERROR] LogOutputStream:75 - [STDERR_REDIRECT] [Fatal Error] :1:1: Premature end of file.
2025-12-09 20:56:39,149 [ERROR] LogOutputStream:75 - [STDERR_REDIRECT] 
2025-12-09 20:56:40,125 [ERROR] LogOutputStream:75 - [STDERR_REDIRECT] [Fatal Error] :1:1: Premature end of file.
2025-12-09 20:56:40,125 [ERROR] LogOutputStream:75 - [STDERR_REDIRECT] 
2025-12-09 20:56:41,126 [ERROR] LogOutputStream:75 - [STDERR_REDIRECT] [Fatal Error] :1:1: Premature end of file.
2025-12-09 20:56:41,127 [ERROR] LogOutputStream:75 - [STDERR_REDIRECT] 
2025-12-09 20:56:42,130 [ERROR] LogOutputStream:75 - [STDERR_REDIRECT] [Fatal Error] :1:1: Premature end of file.
2025-12-09 20:56:42,130 [ERROR] LogOutputStream:75 - [STDERR_REDIRECT] 
2025-12-09 20:56:43,112 [ERROR] LogOutputStream:75 - [STDERR_REDIRECT] [Fatal Error] :1:1: Premature end of file.
2025-12-09 20:56:43,112 [ERROR] LogOutputStream:75 - [STDERR_REDIRECT] 
2025-12-09 20:56:44,123 [ERROR] LogOutputStream:75 - [STDERR_REDIRECT] [Fatal Error] :1:1: Premature end of file.
2025-12-09 20:56:44,123 [ERROR] LogOutputStream:75 - [STDERR_REDIRECT] 
2025-12-09 20:56:45,111 [ERROR] LogOutputStream:75 - [STDERR_REDIRECT] [Fatal Error] :1:1: Premature end of file.
2025-12-09 20:56:45,111 [ERROR] LogOutputStream:75 - [STDERR_REDIRECT] 
2025-12-09 20:56:46,104 [ERROR] LogOutputStream:75 - [STDERR_REDIRECT] [Fatal Error] :1:1: Premature end of file.
2025-12-09 20:56:46,104 [ERROR] LogOutputStream:75 - [STDERR_REDIRECT] 
2025-12-09 20:56:47,127 [ERROR] LogOutputStream:75 - [STDERR_REDIRECT] [Fatal Error] :1:1: Premature end of file.
2025-12-09 20:56:47,127 [ERROR] LogOutputStream:75 - [STDERR_REDIRECT] 
2025-12-09 20:56:48,105 [ERROR] LogOutputStream:75 - [STDERR_REDIRECT] [Fatal Error] :1:1: Premature end of file.
2025-12-09 20:56:48,105 [ERROR] LogOutputStream:75 - [STDERR_REDIRECT] 
2025-12-09 20:56:49,152 [ERROR] LogOutputStream:75 - [STDERR_REDIRECT] [Fatal Error] :1:1: Premature end of file.
2025-12-09 20:56:49,152 [ERROR] LogOutputStream:75 - [STDERR_REDIRECT] 
2025-12-09 20:56:50,141 [ERROR] LogOutputStream:75 - [STDERR_REDIRECT] [Fatal Error] :1:1: Premature end of file.
2025-12-09 20:56:50,142 [ERROR] LogOutputStream:75 - [STDERR_REDIRECT] 
2025-12-09 20:56:51,132 [ERROR] LogOutputStream:75 - [STDERR_REDIRECT] [Fatal Error] :1:1: Premature end of file.
2025-12-09 20:56:51,132 [ERROR] LogOutputStream:75 - [STDERR_REDIRECT] 
2025-12-09 20:56:52,136 [ERROR] LogOutputStream:75 - [STDERR_REDIRECT] [Fatal Error] :1:1: Premature end of file.
2025-12-09 20:56:52,136 [ERROR] LogOutputStream:75 - [STDERR_REDIRECT] 
2025-12-09 20:56:53,122 [ERROR] LogOutputStream:75 - [STDERR_REDIRECT] [Fatal Error] :1:1: Premature end of file.
2025-12-09 20:56:53,122 [ERROR] LogOutputStream:75 - [STDERR_REDIRECT] 
2025-12-09 20:56:54,114 [ERROR] LogOutputStream:75 - [STDERR_REDIRECT] [Fatal Error] :1:1: Premature end of file.
2025-12-09 20:56:54,114 [ERROR] LogOutputStream:75 - [STDERR_REDIRECT] 
2025-12-09 20:56:55,144 [ERROR] LogOutputStream:75 - [STDERR_REDIRECT] [Fatal Error] :1:1: Premature end of file.
2025-12-09 20:56:55,144 [ERROR] LogOutputStream:75 - [STDERR_REDIRECT] 
2025-12-09 20:56:56,140 [ERROR] LogOutputStream:75 - [STDERR_REDIRECT] [Fatal Error] :1:1: Premature end of file.
2025-12-09 20:56:56,140 [ERROR] LogOutputStream:75 - [STDERR_REDIRECT] 
2025-12-09 20:56:57,102 [ERROR] LogOutputStream:75 - [STDERR_REDIRECT] [Fatal Error] :1:1: Premature end of file.
2025-12-09 20:56:57,102 [ERROR] LogOutputStream:75 - [STDERR_REDIRECT] 
2025-12-09 20:56:58,152 [ERROR] LogOutputStream:75 - [STDERR_REDIRECT] [Fatal Error] :1:1: Premature end of file.
2025-12-09 20:56:58,153 [ERROR] LogOutputStream:75 - [STDERR_REDIRECT] 
2025-12-09 20:56:59,143 [ERROR] LogOutputStream:75 - [STDERR_REDIRECT] [Fatal Error] :1:1: Premature end of file.
2025-12-09 20:56:59,143 [ERROR] LogOutputStream:75 - [STDERR_REDIRECT] 
2025-12-09 20:57:00,103 [ERROR] LogOutputStream:75 - [STDERR_REDIRECT] [Fatal Error] :1:1: Premature end of file.
2025-12-09 20:57:00,103 [ERROR] LogOutputStream:75 - [STDERR_REDIRECT] 
2025-12-09 20:57:01,130 [ERROR] LogOutputStream:75 - [STDERR_REDIRECT] [Fatal Error] :1:1: Premature end of file.
2025-12-09 20:57:01,130 [ERROR] LogOutputStream:75 - [STDERR_REDIRECT] 
2025-12-09 20:57:02,139 [ERROR] LogOutputStream:75 - [STDERR_REDIRECT] [Fatal Error] :1:1: Premature end of file.
2025-12-09 20:57:02,139 [ERROR] LogOutputStream:75 - [STDERR_REDIRECT] 
2025-12-09 20:57:03,143 [ERROR] LogOutputStream:75 - [STDERR_REDIRECT] [Fatal Error] :1:1: Premature end of file.
2025-12-09 20:57:03,143 [ERROR] LogOutputStream:75 - [STDERR_REDIRECT] 
2025-12-09 20:57:04,102 [ERROR] LogOutputStream:75 - [STDERR_REDIRECT] [Fatal Error] :1:1: Premature end of file.
2025-12-09 20:57:04,102 [ERROR] LogOutputStream:75 - [STDERR_REDIRECT] 
2025-12-09 20:57:05,135 [ERROR] LogOutputStream:75 - [STDERR_REDIRECT] [Fatal Error] :1:1: Premature end of file.
2025-12-09 20:57:05,135 [ERROR] LogOutputStream:75 - [STDERR_REDIRECT] 
2025-12-09 20:57:06,108 [ERROR] LogOutputStream:75 - [STDERR_REDIRECT] [Fatal Error] :1:1: Premature end of file.
2025-12-09 20:57:06,108 [ERROR] LogOutputStream:75 - [STDERR_REDIRECT] 
2025-12-09 20:57:07,131 [ERROR] LogOutputStream:75 - [STDERR_REDIRECT] [Fatal Error] :1:1: Premature end of file.
2025-12-09 20:57:07,131 [ERROR] LogOutputStream:75 - [STDERR_REDIRECT] 
2025-12-09 20:57:08,139 [ERROR] LogOutputStream:75 - [STDERR_REDIRECT] [Fatal Error] :1:1: Premature end of file.
2025-12-09 20:57:08,139 [ERROR] LogOutputStream:75 - [STDERR_REDIRECT] 
2025-12-09 20:57:09,146 [ERROR] LogOutputStream:75 - [STDERR_REDIRECT] [Fatal Error] :1:1: Premature end of file.
2025-12-09 20:57:09,146 [ERROR] LogOutputStream:75 - [STDERR_REDIRECT] 
2025-12-09 20:57:10,108 [ERROR] LogOutputStream:75 - [STDERR_REDIRECT] [Fatal Error] :1:1: Premature end of file.
2025-12-09 20:57:10,108 [ERROR] LogOutputStream:75 - [STDERR_REDIRECT] 
2025-12-09 20:57:11,135 [ERROR] LogOutputStream:75 - [STDERR_REDIRECT] [Fatal Error] :1:1: Premature end of file.
2025-12-09 20:57:11,135 [ERROR] LogOutputStream:75 - [STDERR_REDIRECT] 
2025-12-09 20:57:12,101 [ERROR] LogOutputStream:75 - [STDERR_REDIRECT] [Fatal Error] :1:1: Premature end of file.
2025-12-09 20:57:12,101 [ERROR] LogOutputStream:75 - [STDERR_REDIRECT] 
2025-12-09 20:57:13,127 [ERROR] LogOutputStream:75 - [STDERR_REDIRECT] [Fatal Error] :1:1: Premature end of file.
2025-12-09 20:57:13,127 [ERROR] LogOutputStream:75 - [STDERR_REDIRECT] 
2025-12-09 20:57:14,150 [ERROR] LogOutputStream:75 - [STDERR_REDIRECT] [Fatal Error] :1:1: Premature end of file.
2025-12-09 20:57:14,150 [ERROR] LogOutputStream:75 - [STDERR_REDIRECT] 
2025-12-09 20:57:15,140 [ERROR] LogOutputStream:75 - [STDERR_REDIRECT] [Fatal Error] :1:1: Premature end of file.
2025-12-09 20:57:15,140 [ERROR] LogOutputStream:75 - [STDERR_REDIRECT] 
2025-12-09 20:57:16,146 [ERROR] LogOutputStream:75 - [STDERR_REDIRECT] [Fatal Error] :1:1: Premature end of file.
2025-12-09 20:57:16,147 [ERROR] LogOutputStream:75 - [STDERR_REDIRECT] 
2025-12-09 20:57:17,103 [ERROR] LogOutputStream:75 - [STDERR_REDIRECT] [Fatal Error] :1:1: Premature end of file.
2025-12-09 20:57:17,103 [ERROR] LogOutputStream:75 - [STDERR_REDIRECT] 
2025-12-09 20:57:18,105 [ERROR] LogOutputStream:75 - [STDERR_REDIRECT] [Fatal Error] :1:1: Premature end of file.
2025-12-09 20:57:18,105 [ERROR] LogOutputStream:75 - [STDERR_REDIRECT] 
2025-12-09 20:57:19,143 [ERROR] LogOutputStream:75 - [STDERR_REDIRECT] [Fatal Error] :1:1: Premature end of file.
2025-12-09 20:57:19,143 [ERROR] LogOutputStream:75 - [STDERR_REDIRECT] 
2025-12-09 20:57:20,146 [ERROR] LogOutputStream:75 - [STDERR_REDIRECT] [Fatal Error] :1:1: Premature end of file.
2025-12-09 20:57:20,146 [ERROR] LogOutputStream:75 - [STDERR_REDIRECT] 
2025-12-09 20:57:21,142 [ERROR] LogOutputStream:75 - [STDERR_REDIRECT] [Fatal Error] :1:1: Premature end of file.
2025-12-09 20:57:21,142 [ERROR] LogOutputStream:75 - [STDERR_REDIRECT] 
2025-12-09 20:57:22,150 [ERROR] LogOutputStream:75 - [STDERR_REDIRECT] [Fatal Error] :1:1: Premature end of file.
2025-12-09 20:57:22,150 [ERROR] LogOutputStream:75 - [STDERR_REDIRECT] 
2025-12-09 20:57:23,151 [ERROR] LogOutputStream:75 - [STDERR_REDIRECT] [Fatal Error] :1:1: Premature end of file.
2025-12-09 20:57:23,151 [ERROR] LogOutputStream:75 - [STDERR_REDIRECT] 
2025-12-09 20:57:24,105 [ERROR] LogOutputStream:75 - [STDERR_REDIRECT] [Fatal Error] :1:1: Premature end of file.
2025-12-09 20:57:24,105 [ERROR] LogOutputStream:75 - [STDERR_REDIRECT] 
2025-12-09 20:57:25,140 [ERROR] LogOutputStream:75 - [STDERR_REDIRECT] [Fatal Error] :1:1: Premature end of file.
2025-12-09 20:57:25,140 [ERROR] LogOutputStream:75 - [STDERR_REDIRECT] 
2025-12-09 20:57:26,146 [ERROR] LogOutputStream:75 - [STDERR_REDIRECT] [Fatal Error] :1:1: Premature end of file.
2025-12-09 20:57:26,146 [ERROR] LogOutputStream:75 - [STDERR_REDIRECT] 
2025-12-09 20:57:27,144 [ERROR] LogOutputStream:75 - [STDERR_REDIRECT] [Fatal Error] :1:1: Premature end of file.
2025-12-09 20:57:27,145 [ERROR] LogOutputStream:75 - [STDERR_REDIRECT] 
2025-12-09 20:57:28,131 [ERROR] LogOutputStream:75 - [STDERR_REDIRECT] [Fatal Error] :1:1: Premature end of file.
2025-12-09 20:57:28,131 [ERROR] LogOutputStream:75 - [STDERR_REDIRECT] 
2025-12-09 20:57:29,138 [ERROR] LogOutputStream:75 - [STDERR_REDIRECT] [Fatal Error] :1:1: Premature end of file.
2025-12-09 20:57:29,138 [ERROR] LogOutputStream:75 - [STDERR_REDIRECT] 
2025-12-09 20:57:30,111 [ERROR] LogOutputStream:75 - [STDERR_REDIRECT] [Fatal Error] :1:1: Premature end of file.
2025-12-09 20:57:30,111 [ERROR] LogOutputStream:75 - [STDERR_REDIRECT] 
2025-12-09 20:57:31,143 [ERROR] LogOutputStream:75 - [STDERR_REDIRECT] [Fatal Error] :1:1: Premature end of file.
2025-12-09 20:57:31,143 [ERROR] LogOutputStream:75 - [STDERR_REDIRECT] 
2025-12-09 20:57:32,103 [ERROR] LogOutputStream:75 - [STDERR_REDIRECT] [Fatal Error] :1:1: Premature end of file.
2025-12-09 20:57:32,103 [ERROR] LogOutputStream:75 - [STDERR_REDIRECT] 
2025-12-09 20:57:33,144 [ERROR] LogOutputStream:75 - [STDERR_REDIRECT] [Fatal Error] :1:1: Premature end of file.
2025-12-09 20:57:33,144 [ERROR] LogOutputStream:75 - [STDERR_REDIRECT] 
2025-12-09 20:57:34,140 [ERROR] LogOutputStream:75 - [STDERR_REDIRECT] [Fatal Error] :1:1: Premature end of file.
2025-12-09 20:57:34,140 [ERROR] LogOutputStream:75 - [STDERR_REDIRECT] 
2025-12-09 20:57:35,140 [ERROR] LogOutputStream:75 - [STDERR_REDIRECT] [Fatal Error] :1:1: Premature end of file.
2025-12-09 20:57:35,140 [ERROR] LogOutputStream:75 - [STDERR_REDIRECT] 
2025-12-09 20:57:36,102 [ERROR] LogOutputStream:75 - [STDERR_REDIRECT] [Fatal Error] :1:1: Premature end of file.
2025-12-09 20:57:36,102 [ERROR] LogOutputStream:75 - [STDERR_REDIRECT] 
2025-12-09 20:57:37,136 [ERROR] LogOutputStream:75 - [STDERR_REDIRECT] [Fatal Error] :1:1: Premature end of file.
2025-12-09 20:57:37,136 [ERROR] LogOutputStream:75 - [STDERR_REDIRECT] 
2025-12-09 20:57:38,120 [ERROR] LogOutputStream:75 - [STDERR_REDIRECT] [Fatal Error] :1:1: Premature end of file.
2025-12-09 20:57:38,120 [ERROR] LogOutputStream:75 - [STDERR_REDIRECT] 
2025-12-09 20:57:39,136 [ERROR] LogOutputStream:75 - [STDERR_REDIRECT] [Fatal Error] :1:1: Premature end of file.
2025-12-09 20:57:39,136 [ERROR] LogOutputStream:75 - [STDERR_REDIRECT] 
2025-12-09 20:57:40,154 [ERROR] LogOutputStream:75 - [STDERR_REDIRECT] [Fatal Error] :1:1: Premature end of file.
2025-12-09 20:57:40,154 [ERROR] LogOutputStream:75 - [STDERR_REDIRECT] 
2025-12-09 20:57:41,144 [ERROR] LogOutputStream:75 - [STDERR_REDIRECT] [Fatal Error] :1:1: Premature end of file.
2025-12-09 20:57:41,145 [ERROR] LogOutputStream:75 - [STDERR_REDIRECT] 
2025-12-09 20:57:42,102 [ERROR] LogOutputStream:75 - [STDERR_REDIRECT] [Fatal Error] :1:1: Premature end of file.
2025-12-09 20:57:42,103 [ERROR] LogOutputStream:75 - [STDERR_REDIRECT] 
2025-12-09 20:57:43,141 [ERROR] LogOutputStream:75 - [STDERR_REDIRECT] [Fatal Error] :1:1: Premature end of file.
2025-12-09 20:57:43,142 [ERROR] LogOutputStream:75 - [STDERR_REDIRECT] 
2025-12-09 20:57:44,156 [ERROR] LogOutputStream:75 - [STDERR_REDIRECT] [Fatal Error] :1:1: Premature end of file.
2025-12-09 20:57:44,157 [ERROR] LogOutputStream:75 - [STDERR_REDIRECT] 
2025-12-09 20:57:45,140 [ERROR] LogOutputStream:75 - [STDERR_REDIRECT] [Fatal Error] :1:1: Premature end of file.
2025-12-09 20:57:45,140 [ERROR] LogOutputStream:75 - [STDERR_REDIRECT] 
2025-12-09 20:57:46,137 [ERROR] LogOutputStream:75 - [STDERR_REDIRECT] [Fatal Error] :1:1: Premature end of file.
2025-12-09 20:57:46,137 [ERROR] LogOutputStream:75 - [STDERR_REDIRECT] 
2025-12-09 20:57:47,130 [ERROR] LogOutputStream:75 - [STDERR_REDIRECT] [Fatal Error] :1:1: Premature end of file.
2025-12-09 20:57:47,130 [ERROR] LogOutputStream:75 - [STDERR_REDIRECT] 
2025-12-09 20:57:48,105 [ERROR] LogOutputStream:75 - [STDERR_REDIRECT] [Fatal Error] :1:1: Premature end of file.
2025-12-09 20:57:48,105 [ERROR] LogOutputStream:75 - [STDERR_REDIRECT] 
2025-12-09 20:57:49,143 [ERROR] LogOutputStream:75 - [STDERR_REDIRECT] [Fatal Error] :1:1: Premature end of file.
2025-12-09 20:57:49,143 [ERROR] LogOutputStream:75 - [STDERR_REDIRECT] 
2025-12-09 20:57:50,147 [ERROR] LogOutputStream:75 - [STDERR_REDIRECT] [Fatal Error] :1:1: Premature end of file.
2025-12-09 20:57:50,147 [ERROR] LogOutputStream:75 - [STDERR_REDIRECT] 
2025-12-09 20:57:51,147 [ERROR] LogOutputStream:75 - [STDERR_REDIRECT] [Fatal Error] :1:1: Premature end of file.
2025-12-09 20:57:51,149 [ERROR] LogOutputStream:75 - [STDERR_REDIRECT] 
2025-12-09 20:57:52,127 [ERROR] LogOutputStream:75 - [STDERR_REDIRECT] [Fatal Error] :1:1: Premature end of file.
2025-12-09 20:57:52,127 [ERROR] LogOutputStream:75 - [STDERR_REDIRECT] 
2025-12-09 20:57:53,139 [ERROR] LogOutputStream:75 - [STDERR_REDIRECT] [Fatal Error] :1:1: Premature end of file.
2025-12-09 20:57:53,139 [ERROR] LogOutputStream:75 - [STDERR_REDIRECT] 
2025-12-09 20:57:54,102 [ERROR] LogOutputStream:75 - [STDERR_REDIRECT] [Fatal Error] :1:1: Premature end of file.
2025-12-09 20:57:54,102 [ERROR] LogOutputStream:75 - [STDERR_REDIRECT] 
2025-12-09 20:57:55,140 [ERROR] LogOutputStream:75 - [STDERR_REDIRECT] [Fatal Error] :1:1: Premature end of file.
2025-12-09 20:57:55,140 [ERROR] LogOutputStream:75 - [STDERR_REDIRECT] 
2025-12-09 20:57:56,137 [ERROR] LogOutputStream:75 - [STDERR_REDIRECT] [Fatal Error] :1:1: Premature end of file.
2025-12-09 20:57:56,137 [ERROR] LogOutputStream:75 - [STDERR_REDIRECT] 
2025-12-09 20:57:57,122 [ERROR] LogOutputStream:75 - [STDERR_REDIRECT] [Fatal Error] :1:1: Premature end of file.
2025-12-09 20:57:57,122 [ERROR] LogOutputStream:75 - [STDERR_REDIRECT] 
2025-12-09 20:57:58,147 [ERROR] LogOutputStream:75 - [STDERR_REDIRECT] [Fatal Error] :1:1: Premature end of file.
2025-12-09 20:57:58,147 [ERROR] LogOutputStream:75 - [STDERR_REDIRECT] 
2025-12-09 20:57:59,141 [ERROR] LogOutputStream:75 - [STDERR_REDIRECT] [Fatal Error] :1:1: Premature end of file.
2025-12-09 20:57:59,141 [ERROR] LogOutputStream:75 - [STDERR_REDIRECT] 
2025-12-09 20:58:00,101 [ERROR] LogOutputStream:75 - [STDERR_REDIRECT] [Fatal Error] :1:1: Premature end of file.
2025-12-09 20:58:00,101 [ERROR] LogOutputStream:75 - [STDERR_REDIRECT] 
2025-12-09 20:58:01,143 [ERROR] LogOutputStream:75 - [STDERR_REDIRECT] [Fatal Error] :1:1: Premature end of file.
2025-12-09 20:58:01,143 [ERROR] LogOutputStream:75 - [STDERR_REDIRECT] 
2025-12-09 20:58:02,146 [ERROR] LogOutputStream:75 - [STDERR_REDIRECT] [Fatal Error] :1:1: Premature end of file.
2025-12-09 20:58:02,146 [ERROR] LogOutputStream:75 - [STDERR_REDIRECT] 
2025-12-09 20:58:03,104 [ERROR] LogOutputStream:75 - [STDERR_REDIRECT] [Fatal Error] :1:1: Premature end of file.
2025-12-09 20:58:03,104 [ERROR] LogOutputStream:75 - [STDERR_REDIRECT] 
2025-12-09 20:58:04,137 [ERROR] LogOutputStream:75 - [STDERR_REDIRECT] [Fatal Error] :1:1: Premature end of file.
2025-12-09 20:58:04,137 [ERROR] LogOutputStream:75 - [STDERR_REDIRECT] 
2025-12-09 20:58:05,162 [ERROR] LogOutputStream:75 - [STDERR_REDIRECT] [Fatal Error] :1:1: Premature end of file.
2025-12-09 20:58:05,162 [ERROR] LogOutputStream:75 - [STDERR_REDIRECT] 
2025-12-09 20:58:06,104 [ERROR] LogOutputStream:75 - [STDERR_REDIRECT] [Fatal Error] :1:1: Premature end of file.
2025-12-09 20:58:06,104 [ERROR] LogOutputStream:75 - [STDERR_REDIRECT] 
2025-12-09 20:58:07,143 [ERROR] LogOutputStream:75 - [STDERR_REDIRECT] [Fatal Error] :1:1: Premature end of file.
2025-12-09 20:58:07,143 [ERROR] LogOutputStream:75 - [STDERR_REDIRECT] 
2025-12-09 20:58:08,135 [ERROR] LogOutputStream:75 - [STDERR_REDIRECT] [Fatal Error] :1:1: Premature end of file.
2025-12-09 20:58:08,135 [ERROR] LogOutputStream:75 - [STDERR_REDIRECT] 
2025-12-09 20:58:09,142 [ERROR] LogOutputStream:75 - [STDERR_REDIRECT] [Fatal Error] :1:1: Premature end of file.
2025-12-09 20:58:09,143 [ERROR] LogOutputStream:75 - [STDERR_REDIRECT] 
2025-12-09 20:58:10,134 [ERROR] LogOutputStream:75 - [STDERR_REDIRECT] [Fatal Error] :1:1: Premature end of file.
2025-12-09 20:58:10,134 [ERROR] LogOutputStream:75 - [STDERR_REDIRECT] 
2025-12-09 20:58:11,144 [ERROR] LogOutputStream:75 - [STDERR_REDIRECT] [Fatal Error] :1:1: Premature end of file.
2025-12-09 20:58:11,146 [ERROR] LogOutputStream:75 - [STDERR_REDIRECT] 
2025-12-09 20:58:12,101 [ERROR] LogOutputStream:75 - [STDERR_REDIRECT] [Fatal Error] :1:1: Premature end of file.
2025-12-09 20:58:12,101 [ERROR] LogOutputStream:75 - [STDERR_REDIRECT] 
2025-12-09 20:58:13,131 [ERROR] LogOutputStream:75 - [STDERR_REDIRECT] [Fatal Error] :1:1: Premature end of file.
2025-12-09 20:58:13,131 [ERROR] LogOutputStream:75 - [STDERR_REDIRECT] 
2025-12-09 20:58:14,108 [ERROR] LogOutputStream:75 - [STDERR_REDIRECT] [Fatal Error] :1:1: Premature end of file.
2025-12-09 20:58:14,108 [ERROR] LogOutputStream:75 - [STDERR_REDIRECT] 
2025-12-09 20:58:15,134 [ERROR] LogOutputStream:75 - [STDERR_REDIRECT] [Fatal Error] :1:1: Premature end of file.
2025-12-09 20:58:15,134 [ERROR] LogOutputStream:75 - [STDERR_REDIRECT] 
2025-12-09 20:58:16,150 [ERROR] LogOutputStream:75 - [STDERR_REDIRECT] [Fatal Error] :1:1: Premature end of file.
2025-12-09 20:58:16,150 [ERROR] LogOutputStream:75 - [STDERR_REDIRECT] 
2025-12-09 20:58:17,141 [ERROR] LogOutputStream:75 - [STDERR_REDIRECT] [Fatal Error] :1:1: Premature end of file.
2025-12-09 20:58:17,142 [ERROR] LogOutputStream:75 - [STDERR_REDIRECT] 
2025-12-09 20:58:18,104 [ERROR] LogOutputStream:75 - [STDERR_REDIRECT] [Fatal Error] :1:1: Premature end of file.
2025-12-09 20:58:18,104 [ERROR] LogOutputStream:75 - [STDERR_REDIRECT] 
2025-12-09 20:58:19,148 [ERROR] LogOutputStream:75 - [STDERR_REDIRECT] [Fatal Error] :1:1: Premature end of file.
2025-12-09 20:58:19,150 [ERROR] LogOutputStream:75 - [STDERR_REDIRECT] 
2025-12-09 20:58:20,141 [ERROR] LogOutputStream:75 - [STDERR_REDIRECT] [Fatal Error] :1:1: Premature end of file.
2025-12-09 20:58:20,141 [ERROR] LogOutputStream:75 - [STDERR_REDIRECT] 
2025-12-09 20:58:21,140 [ERROR] LogOutputStream:75 - [STDERR_REDIRECT] [Fatal Error] :1:1: Premature end of file.
2025-12-09 20:58:21,140 [ERROR] LogOutputStream:75 - [STDERR_REDIRECT] 
2025-12-09 20:58:22,143 [ERROR] LogOutputStream:75 - [STDERR_REDIRECT] [Fatal Error] :1:1: Premature end of file.
2025-12-09 20:58:22,143 [ERROR] LogOutputStream:75 - [STDERR_REDIRECT] 
2025-12-09 20:58:23,148 [ERROR] LogOutputStream:75 - [STDERR_REDIRECT] [Fatal Error] :1:1: Premature end of file.
2025-12-09 20:58:23,148 [ERROR] LogOutputStream:75 - [STDERR_REDIRECT] 
2025-12-09 20:58:24,111 [ERROR] LogOutputStream:75 - [STDERR_REDIRECT] [Fatal Error] :1:1: Premature end of file.
2025-12-09 20:58:24,111 [ERROR] LogOutputStream:75 - [STDERR_REDIRECT] 
2025-12-09 20:58:25,147 [ERROR] LogOutputStream:75 - [STDERR_REDIRECT] [Fatal Error] :1:1: Premature end of file.
2025-12-09 20:58:25,147 [ERROR] LogOutputStream:75 - [STDERR_REDIRECT] 
2025-12-09 20:58:26,146 [ERROR] LogOutputStream:75 - [STDERR_REDIRECT] [Fatal Error] :1:1: Premature end of file.
2025-12-09 20:58:26,147 [ERROR] LogOutputStream:75 - [STDERR_REDIRECT] 
2025-12-09 20:58:27,134 [ERROR] LogOutputStream:75 - [STDERR_REDIRECT] [Fatal Error] :1:1: Premature end of file.
2025-12-09 20:58:27,134 [ERROR] LogOutputStream:75 - [STDERR_REDIRECT] 
2025-12-09 20:58:28,146 [ERROR] LogOutputStream:75 - [STDERR_REDIRECT] [Fatal Error] :1:1: Premature end of file.
2025-12-09 20:58:28,146 [ERROR] LogOutputStream:75 - [STDERR_REDIRECT] 
2025-12-09 20:58:29,133 [ERROR] LogOutputStream:75 - [STDERR_REDIRECT] [Fatal Error] :1:1: Premature end of file.
2025-12-09 20:58:29,133 [ERROR] LogOutputStream:75 - [STDERR_REDIRECT] 
2025-12-09 20:58:30,112 [ERROR] LogOutputStream:75 - [STDERR_REDIRECT] [Fatal Error] :1:1: Premature end of file.
2025-12-09 20:58:30,112 [ERROR] LogOutputStream:75 - [STDERR_REDIRECT] 
2025-12-09 20:58:31,138 [ERROR] LogOutputStream:75 - [STDERR_REDIRECT] [Fatal Error] :1:1: Premature end of file.
2025-12-09 20:58:31,138 [ERROR] LogOutputStream:75 - [STDERR_REDIRECT] 
2025-12-09 20:58:32,137 [ERROR] LogOutputStream:75 - [STDERR_REDIRECT] [Fatal Error] :1:1: Premature end of file.
2025-12-09 20:58:32,137 [ERROR] LogOutputStream:75 - [STDERR_REDIRECT] 
2025-12-09 20:58:33,147 [ERROR] LogOutputStream:75 - [STDERR_REDIRECT] [Fatal Error] :1:1: Premature end of file.
2025-12-09 20:58:33,147 [ERROR] LogOutputStream:75 - [STDERR_REDIRECT] 
2025-12-09 20:58:34,133 [ERROR] LogOutputStream:75 - [STDERR_REDIRECT] [Fatal Error] :1:1: Premature end of file.
2025-12-09 20:58:34,133 [ERROR] LogOutputStream:75 - [STDERR_REDIRECT] 
2025-12-09 20:58:35,142 [ERROR] LogOutputStream:75 - [STDERR_REDIRECT] [Fatal Error] :1:1: Premature end of file.
2025-12-09 20:58:35,142 [ERROR] LogOutputStream:75 - [STDERR_REDIRECT] 
2025-12-09 20:58:36,127 [ERROR] LogOutputStream:75 - [STDERR_REDIRECT] [Fatal Error] :1:1: Premature end of file.
2025-12-09 20:58:36,127 [ERROR] LogOutputStream:75 - [STDERR_REDIRECT] 
2025-12-09 20:58:37,143 [ERROR] LogOutputStream:75 - [STDERR_REDIRECT] [Fatal Error] :1:1: Premature end of file.
2025-12-09 20:58:37,143 [ERROR] LogOutputStream:75 - [STDERR_REDIRECT] 
2025-12-09 20:58:38,140 [ERROR] LogOutputStream:75 - [STDERR_REDIRECT] [Fatal Error] :1:1: Premature end of file.
2025-12-09 20:58:38,140 [ERROR] LogOutputStream:75 - [STDERR_REDIRECT] 
2025-12-09 20:58:39,130 [ERROR] LogOutputStream:75 - [STDERR_REDIRECT] [Fatal Error] :1:1: Premature end of file.
2025-12-09 20:58:39,130 [ERROR] LogOutputStream:75 - [STDERR_REDIRECT] 
2025-12-09 20:58:40,143 [ERROR] LogOutputStream:75 - [STDERR_REDIRECT] [Fatal Error] :1:1: Premature end of file.
2025-12-09 20:58:40,143 [ERROR] LogOutputStream:75 - [STDERR_REDIRECT] 
2025-12-09 20:58:41,126 [ERROR] LogOutputStream:75 - [STDERR_REDIRECT] [Fatal Error] :1:1: Premature end of file.
2025-12-09 20:58:41,126 [ERROR] LogOutputStream:75 - [STDERR_REDIRECT] 
2025-12-09 20:58:42,133 [ERROR] LogOutputStream:75 - [STDERR_REDIRECT] [Fatal Error] :1:1: Premature end of file.
2025-12-09 20:58:42,133 [ERROR] LogOutputStream:75 - [STDERR_REDIRECT] 
2025-12-09 20:58:43,147 [ERROR] LogOutputStream:75 - [STDERR_REDIRECT] [Fatal Error] :1:1: Premature end of file.
2025-12-09 20:58:43,147 [ERROR] LogOutputStream:75 - [STDERR_REDIRECT] 
2025-12-09 20:58:44,141 [ERROR] LogOutputStream:75 - [STDERR_REDIRECT] [Fatal Error] :1:1: Premature end of file.
2025-12-09 20:58:44,141 [ERROR] LogOutputStream:75 - [STDERR_REDIRECT] 
2025-12-09 20:58:45,142 [ERROR] LogOutputStream:75 - [STDERR_REDIRECT] [Fatal Error] :1:1: Premature end of file.
2025-12-09 20:58:45,142 [ERROR] LogOutputStream:75 - [STDERR_REDIRECT] 
2025-12-09 20:58:46,140 [ERROR] LogOutputStream:75 - [STDERR_REDIRECT] [Fatal Error] :1:1: Premature end of file.
2025-12-09 20:58:46,140 [ERROR] LogOutputStream:75 - [STDERR_REDIRECT] 
2025-12-09 20:58:47,133 [ERROR] LogOutputStream:75 - [STDERR_REDIRECT] [Fatal Error] :1:1: Premature end of file.
2025-12-09 20:58:47,133 [ERROR] LogOutputStream:75 - [STDERR_REDIRECT] 
2025-12-09 20:58:48,139 [ERROR] LogOutputStream:75 - [STDERR_REDIRECT] [Fatal Error] :1:1: Premature end of file.
2025-12-09 20:58:48,140 [ERROR] LogOutputStream:75 - [STDERR_REDIRECT] 
2025-12-09 20:58:49,142 [ERROR] LogOutputStream:75 - [STDERR_REDIRECT] [Fatal Error] :1:1: Premature end of file.
2025-12-09 20:58:49,142 [ERROR] LogOutputStream:75 - [STDERR_REDIRECT] 
2025-12-09 20:58:50,132 [ERROR] LogOutputStream:75 - [STDERR_REDIRECT] [Fatal Error] :1:1: Premature end of file.
2025-12-09 20:58:50,132 [ERROR] LogOutputStream:75 - [STDERR_REDIRECT] 
2025-12-09 20:58:51,143 [ERROR] LogOutputStream:75 - [STDERR_REDIRECT] [Fatal Error] :1:1: Premature end of file.
2025-12-09 20:58:51,143 [ERROR] LogOutputStream:75 - [STDERR_REDIRECT] 
2025-12-09 20:58:52,137 [ERROR] LogOutputStream:75 - [STDERR_REDIRECT] [Fatal Error] :1:1: Premature end of file.
2025-12-09 20:58:52,137 [ERROR] LogOutputStream:75 - [STDERR_REDIRECT] 
2025-12-09 20:58:53,102 [ERROR] LogOutputStream:75 - [STDERR_REDIRECT] [Fatal Error] :1:1: Premature end of file.
2025-12-09 20:58:53,102 [ERROR] LogOutputStream:75 - [STDERR_REDIRECT] 
2025-12-09 20:58:54,136 [ERROR] LogOutputStream:75 - [STDERR_REDIRECT] [Fatal Error] :1:1: Premature end of file.
2025-12-09 20:58:54,136 [ERROR] LogOutputStream:75 - [STDERR_REDIRECT] 
2025-12-09 20:58:55,137 [ERROR] LogOutputStream:75 - [STDERR_REDIRECT] [Fatal Error] :1:1: Premature end of file.
2025-12-09 20:58:55,137 [ERROR] LogOutputStream:75 - [STDERR_REDIRECT] 
2025-12-09 20:58:56,162 [ERROR] LogOutputStream:75 - [STDERR_REDIRECT] [Fatal Error] :1:1: Premature end of file.
2025-12-09 20:58:56,162 [ERROR] LogOutputStream:75 - [STDERR_REDIRECT] 
2025-12-09 20:58:57,167 [ERROR] LogOutputStream:75 - [STDERR_REDIRECT] [Fatal Error] :1:1: Premature end of file.
2025-12-09 20:58:57,167 [ERROR] LogOutputStream:75 - [STDERR_REDIRECT] 
2025-12-09 20:58:58,153 [ERROR] LogOutputStream:75 - [STDERR_REDIRECT] [Fatal Error] :1:1: Premature end of file.
2025-12-09 20:58:58,153 [ERROR] LogOutputStream:75 - [STDERR_REDIRECT] 
2025-12-09 20:58:59,162 [ERROR] LogOutputStream:75 - [STDERR_REDIRECT] [Fatal Error] :1:1: Premature end of file.
2025-12-09 20:58:59,162 [ERROR] LogOutputStream:75 - [STDERR_REDIRECT] 
2025-12-09 20:59:00,102 [ERROR] LogOutputStream:75 - [STDERR_REDIRECT] [Fatal Error] :1:1: Premature end of file.
2025-12-09 20:59:00,102 [ERROR] LogOutputStream:75 - [STDERR_REDIRECT] 
2025-12-09 20:59:01,141 [ERROR] LogOutputStream:75 - [STDERR_REDIRECT] [Fatal Error] :1:1: Premature end of file.
2025-12-09 20:59:01,141 [ERROR] LogOutputStream:75 - [STDERR_REDIRECT] 
2025-12-09 20:59:02,143 [ERROR] LogOutputStream:75 - [STDERR_REDIRECT] [Fatal Error] :1:1: Premature end of file.
2025-12-09 20:59:02,144 [ERROR] LogOutputStream:75 - [STDERR_REDIRECT] 
2025-12-09 20:59:03,158 [ERROR] LogOutputStream:75 - [STDERR_REDIRECT] [Fatal Error] :1:1: Premature end of file.
2025-12-09 20:59:03,158 [ERROR] LogOutputStream:75 - [STDERR_REDIRECT] 
2025-12-09 20:59:04,144 [ERROR] LogOutputStream:75 - [STDERR_REDIRECT] [Fatal Error] :1:1: Premature end of file.
2025-12-09 20:59:04,144 [ERROR] LogOutputStream:75 - [STDERR_REDIRECT] 
2025-12-09 20:59:05,161 [ERROR] LogOutputStream:75 - [STDERR_REDIRECT] [Fatal Error] :1:1: Premature end of file.
2025-12-09 20:59:05,162 [ERROR] LogOutputStream:75 - [STDERR_REDIRECT] 
2025-12-09 20:59:06,148 [ERROR] LogOutputStream:75 - [STDERR_REDIRECT] [Fatal Error] :1:1: Premature end of file.
2025-12-09 20:59:06,148 [ERROR] LogOutputStream:75 - [STDERR_REDIRECT] 
2025-12-09 20:59:07,136 [ERROR] LogOutputStream:75 - [STDERR_REDIRECT] [Fatal Error] :1:1: Premature end of file.
2025-12-09 20:59:07,136 [ERROR] LogOutputStream:75 - [STDERR_REDIRECT] 
2025-12-09 20:59:08,155 [ERROR] LogOutputStream:75 - [STDERR_REDIRECT] [Fatal Error] :1:1: Premature end of file.
2025-12-09 20:59:08,155 [ERROR] LogOutputStream:75 - [STDERR_REDIRECT] 
2025-12-09 20:59:09,166 [ERROR] LogOutputStream:75 - [STDERR_REDIRECT] [Fatal Error] :1:1: Premature end of file.
2025-12-09 20:59:09,166 [ERROR] LogOutputStream:75 - [STDERR_REDIRECT] 
2025-12-09 20:59:10,145 [ERROR] LogOutputStream:75 - [STDERR_REDIRECT] [Fatal Error] :1:1: Premature end of file.
2025-12-09 20:59:10,145 [ERROR] LogOutputStream:75 - [STDERR_REDIRECT] 
2025-12-09 20:59:11,151 [ERROR] LogOutputStream:75 - [STDERR_REDIRECT] [Fatal Error] :1:1: Premature end of file.
2025-12-09 20:59:11,151 [ERROR] LogOutputStream:75 - [STDERR_REDIRECT] 
2025-12-09 20:59:12,154 [ERROR] LogOutputStream:75 - [STDERR_REDIRECT] [Fatal Error] :1:1: Premature end of file.
2025-12-09 20:59:12,154 [ERROR] LogOutputStream:75 - [STDERR_REDIRECT] 
2025-12-09 20:59:13,135 [ERROR] LogOutputStream:75 - [STDERR_REDIRECT] [Fatal Error] :1:1: Premature end of file.
2025-12-09 20:59:13,135 [ERROR] LogOutputStream:75 - [STDERR_REDIRECT] 
2025-12-09 20:59:14,145 [ERROR] LogOutputStream:75 - [STDERR_REDIRECT] [Fatal Error] :1:1: Premature end of file.
2025-12-09 20:59:14,145 [ERROR] LogOutputStream:75 - [STDERR_REDIRECT] 
2025-12-09 20:59:15,161 [ERROR] LogOutputStream:75 - [STDERR_REDIRECT] [Fatal Error] :1:1: Premature end of file.
2025-12-09 20:59:15,162 [ERROR] LogOutputStream:75 - [STDERR_REDIRECT] 
2025-12-09 20:59:16,150 [ERROR] LogOutputStream:75 - [STDERR_REDIRECT] [Fatal Error] :1:1: Premature end of file.
2025-12-09 20:59:16,150 [ERROR] LogOutputStream:75 - [STDERR_REDIRECT] 
2025-12-09 20:59:17,138 [ERROR] LogOutputStream:75 - [STDERR_REDIRECT] [Fatal Error] :1:1: Premature end of file.
2025-12-09 20:59:17,138 [ERROR] LogOutputStream:75 - [STDERR_REDIRECT] 
2025-12-09 20:59:18,163 [ERROR] LogOutputStream:75 - [STDERR_REDIRECT] [Fatal Error] :1:1: Premature end of file.
2025-12-09 20:59:18,163 [ERROR] LogOutputStream:75 - [STDERR_REDIRECT] 
2025-12-09 20:59:19,144 [ERROR] LogOutputStream:75 - [STDERR_REDIRECT] [Fatal Error] :1:1: Premature end of file.
2025-12-09 20:59:19,144 [ERROR] LogOutputStream:75 - [STDERR_REDIRECT] 
2025-12-09 20:59:20,149 [ERROR] LogOutputStream:75 - [STDERR_REDIRECT] [Fatal Error] :1:1: Premature end of file.
2025-12-09 20:59:20,149 [ERROR] LogOutputStream:75 - [STDERR_REDIRECT] 
2025-12-09 20:59:21,167 [ERROR] LogOutputStream:75 - [STDERR_REDIRECT] [Fatal Error] :1:1: Premature end of file.
2025-12-09 20:59:21,167 [ERROR] LogOutputStream:75 - [STDERR_REDIRECT] 
2025-12-09 20:59:22,161 [ERROR] LogOutputStream:75 - [STDERR_REDIRECT] [Fatal Error] :1:1: Premature end of file.
2025-12-09 20:59:22,161 [ERROR] LogOutputStream:75 - [STDERR_REDIRECT] 
2025-12-09 20:59:23,161 [ERROR] LogOutputStream:75 - [STDERR_REDIRECT] [Fatal Error] :1:1: Premature end of file.
2025-12-09 20:59:23,163 [ERROR] LogOutputStream:75 - [STDERR_REDIRECT] 
2025-12-09 20:59:24,162 [ERROR] LogOutputStream:75 - [STDERR_REDIRECT] [Fatal Error] :1:1: Premature end of file.
2025-12-09 20:59:24,162 [ERROR] LogOutputStream:75 - [STDERR_REDIRECT] 
2025-12-09 20:59:25,141 [ERROR] LogOutputStream:75 - [STDERR_REDIRECT] [Fatal Error] :1:1: Premature end of file.
2025-12-09 20:59:25,141 [ERROR] LogOutputStream:75 - [STDERR_REDIRECT] 
2025-12-09 20:59:26,160 [ERROR] LogOutputStream:75 - [STDERR_REDIRECT] [Fatal Error] :1:1: Premature end of file.
2025-12-09 20:59:26,161 [ERROR] LogOutputStream:75 - [STDERR_REDIRECT] 
2025-12-09 20:59:27,165 [ERROR] LogOutputStream:75 - [STDERR_REDIRECT] [Fatal Error] :1:1: Premature end of file.
2025-12-09 20:59:27,165 [ERROR] LogOutputStream:75 - [STDERR_REDIRECT] 
2025-12-09 20:59:28,153 [ERROR] LogOutputStream:75 - [STDERR_REDIRECT] [Fatal Error] :1:1: Premature end of file.
2025-12-09 20:59:28,154 [ERROR] LogOutputStream:75 - [STDERR_REDIRECT] 
2025-12-09 20:59:29,164 [ERROR] LogOutputStream:75 - [STDERR_REDIRECT] [Fatal Error] :1:1: Premature end of file.
2025-12-09 20:59:29,164 [ERROR] LogOutputStream:75 - [STDERR_REDIRECT] 
2025-12-09 20:59:30,164 [ERROR] LogOutputStream:75 - [STDERR_REDIRECT] [Fatal Error] :1:1: Premature end of file.
2025-12-09 20:59:30,164 [ERROR] LogOutputStream:75 - [STDERR_REDIRECT] 
2025-12-09 20:59:31,166 [ERROR] LogOutputStream:75 - [STDERR_REDIRECT] [Fatal Error] :1:1: Premature end of file.
2025-12-09 20:59:31,166 [ERROR] LogOutputStream:75 - [STDERR_REDIRECT] 
2025-12-09 20:59:32,141 [ERROR] LogOutputStream:75 - [STDERR_REDIRECT] [Fatal Error] :1:1: Premature end of file.
2025-12-09 20:59:32,141 [ERROR] LogOutputStream:75 - [STDERR_REDIRECT] 
2025-12-09 20:59:33,137 [ERROR] LogOutputStream:75 - [STDERR_REDIRECT] [Fatal Error] :1:1: Premature end of file.
2025-12-09 20:59:33,137 [ERROR] LogOutputStream:75 - [STDERR_REDIRECT] 
2025-12-09 20:59:34,158 [ERROR] LogOutputStream:75 - [STDERR_REDIRECT] [Fatal Error] :1:1: Premature end of file.
2025-12-09 20:59:34,159 [ERROR] LogOutputStream:75 - [STDERR_REDIRECT] 
2025-12-09 20:59:35,141 [ERROR] LogOutputStream:75 - [STDERR_REDIRECT] [Fatal Error] :1:1: Premature end of file.
2025-12-09 20:59:35,141 [ERROR] LogOutputStream:75 - [STDERR_REDIRECT] 
2025-12-09 20:59:36,165 [ERROR] LogOutputStream:75 - [STDERR_REDIRECT] [Fatal Error] :1:1: Premature end of file.
2025-12-09 20:59:36,165 [ERROR] LogOutputStream:75 - [STDERR_REDIRECT] 
2025-12-09 20:59:37,155 [ERROR] LogOutputStream:75 - [STDERR_REDIRECT] [Fatal Error] :1:1: Premature end of file.
2025-12-09 20:59:37,155 [ERROR] LogOutputStream:75 - [STDERR_REDIRECT] 
2025-12-09 20:59:38,152 [ERROR] LogOutputStream:75 - [STDERR_REDIRECT] [Fatal Error] :1:1: Premature end of file.
2025-12-09 20:59:38,152 [ERROR] LogOutputStream:75 - [STDERR_REDIRECT] 
2025-12-09 20:59:39,145 [ERROR] LogOutputStream:75 - [STDERR_REDIRECT] [Fatal Error] :1:1: Premature end of file.
2025-12-09 20:59:39,145 [ERROR] LogOutputStream:75 - [STDERR_REDIRECT] 
2025-12-09 20:59:40,156 [ERROR] LogOutputStream:75 - [STDERR_REDIRECT] [Fatal Error] :1:1: Premature end of file.
2025-12-09 20:59:40,156 [ERROR] LogOutputStream:75 - [STDERR_REDIRECT] 
2025-12-09 20:59:41,148 [ERROR] LogOutputStream:75 - [STDERR_REDIRECT] [Fatal Error] :1:1: Premature end of file.
2025-12-09 20:59:41,148 [ERROR] LogOutputStream:75 - [STDERR_REDIRECT] 
2025-12-09 20:59:42,152 [ERROR] LogOutputStream:75 - [STDERR_REDIRECT] [Fatal Error] :1:1: Premature end of file.
2025-12-09 20:59:42,154 [ERROR] LogOutputStream:75 - [STDERR_REDIRECT] 
2025-12-09 20:59:43,151 [ERROR] LogOutputStream:75 - [STDERR_REDIRECT] [Fatal Error] :1:1: Premature end of file.
2025-12-09 20:59:43,151 [ERROR] LogOutputStream:75 - [STDERR_REDIRECT] 
2025-12-09 20:59:44,148 [ERROR] LogOutputStream:75 - [STDERR_REDIRECT] [Fatal Error] :1:1: Premature end of file.
2025-12-09 20:59:44,148 [ERROR] LogOutputStream:75 - [STDERR_REDIRECT] 
2025-12-09 20:59:45,151 [ERROR] LogOutputStream:75 - [STDERR_REDIRECT] [Fatal Error] :1:1: Premature end of file.
2025-12-09 20:59:45,151 [ERROR] LogOutputStream:75 - [STDERR_REDIRECT] 
2025-12-09 20:59:46,151 [ERROR] LogOutputStream:75 - [STDERR_REDIRECT] [Fatal Error] :1:1: Premature end of file.
2025-12-09 20:59:46,151 [ERROR] LogOutputStream:75 - [STDERR_REDIRECT] 
2025-12-09 20:59:47,165 [ERROR] LogOutputStream:75 - [STDERR_REDIRECT] [Fatal Error] :1:1: Premature end of file.
2025-12-09 20:59:47,165 [ERROR] LogOutputStream:75 - [STDERR_REDIRECT] 
2025-12-09 20:59:48,163 [ERROR] LogOutputStream:75 - [STDERR_REDIRECT] [Fatal Error] :1:1: Premature end of file.
2025-12-09 20:59:48,163 [ERROR] LogOutputStream:75 - [STDERR_REDIRECT] 
2025-12-09 20:59:49,144 [ERROR] LogOutputStream:75 - [STDERR_REDIRECT] [Fatal Error] :1:1: Premature end of file.
2025-12-09 20:59:49,144 [ERROR] LogOutputStream:75 - [STDERR_REDIRECT] 
2025-12-09 20:59:50,147 [ERROR] LogOutputStream:75 - [STDERR_REDIRECT] [Fatal Error] :1:1: Premature end of file.
2025-12-09 20:59:50,147 [ERROR] LogOutputStream:75 - [STDERR_REDIRECT] 
2025-12-09 20:59:51,153 [ERROR] LogOutputStream:75 - [STDERR_REDIRECT] [Fatal Error] :1:1: Premature end of file.
2025-12-09 20:59:51,154 [ERROR] LogOutputStream:75 - [STDERR_REDIRECT] 
2025-12-09 20:59:52,152 [ERROR] LogOutputStream:75 - [STDERR_REDIRECT] [Fatal Error] :1:1: Premature end of file.
2025-12-09 20:59:52,152 [ERROR] LogOutputStream:75 - [STDERR_REDIRECT] 
2025-12-09 20:59:53,149 [ERROR] LogOutputStream:75 - [STDERR_REDIRECT] [Fatal Error] :1:1: Premature end of file.
2025-12-09 20:59:53,149 [ERROR] LogOutputStream:75 - [STDERR_REDIRECT] 
2025-12-09 20:59:54,163 [ERROR] LogOutputStream:75 - [STDERR_REDIRECT] [Fatal Error] :1:1: Premature end of file.
2025-12-09 20:59:54,163 [ERROR] LogOutputStream:75 - [STDERR_REDIRECT] 
2025-12-09 20:59:55,140 [ERROR] LogOutputStream:75 - [STDERR_REDIRECT] [Fatal Error] :1:1: Premature end of file.
2025-12-09 20:59:55,140 [ERROR] LogOutputStream:75 - [STDERR_REDIRECT] 
2025-12-09 20:59:56,163 [ERROR] LogOutputStream:75 - [STDERR_REDIRECT] [Fatal Error] :1:1: Premature end of file.
2025-12-09 20:59:56,164 [ERROR] LogOutputStream:75 - [STDERR_REDIRECT] 
2025-12-09 20:59:57,155 [ERROR] LogOutputStream:75 - [STDERR_REDIRECT] [Fatal Error] :1:1: Premature end of file.
2025-12-09 20:59:57,155 [ERROR] LogOutputStream:75 - [STDERR_REDIRECT] 
2025-12-09 20:59:58,159 [ERROR] LogOutputStream:75 - [STDERR_REDIRECT] [Fatal Error] :1:1: Premature end of file.
2025-12-09 20:59:58,159 [ERROR] LogOutputStream:75 - [STDERR_REDIRECT] 
2025-12-09 20:59:59,154 [ERROR] LogOutputStream:75 - [STDERR_REDIRECT] [Fatal Error] :1:1: Premature end of file.
2025-12-09 20:59:59,154 [ERROR] LogOutputStream:75 - [STDERR_REDIRECT] 
2025-12-09 21:00:00,101 [ERROR] LogOutputStream:75 - [STDERR_REDIRECT] [Fatal Error] :1:1: Premature end of file.
2025-12-09 21:00:00,101 [ERROR] LogOutputStream:75 - [STDERR_REDIRECT] 
2025-12-09 21:00:01,126 [ERROR] LogOutputStream:75 - [STDERR_REDIRECT] [Fatal Error] :1:1: Premature end of file.
2025-12-09 21:00:01,126 [ERROR] LogOutputStream:75 - [STDERR_REDIRECT] 
2025-12-09 21:00:02,100 [ERROR] LogOutputStream:75 - [STDERR_REDIRECT] [Fatal Error] :1:1: Premature end of file.
2025-12-09 21:00:02,100 [ERROR] LogOutputStream:75 - [STDERR_REDIRECT] 
2025-12-09 21:00:03,147 [ERROR] LogOutputStream:75 - [STDERR_REDIRECT] [Fatal Error] :1:1: Premature end of file.
2025-12-09 21:00:03,147 [ERROR] LogOutputStream:75 - [STDERR_REDIRECT] 
2025-12-09 21:00:04,152 [ERROR] LogOutputStream:75 - [STDERR_REDIRECT] [Fatal Error] :1:1: Premature end of file.
2025-12-09 21:00:04,152 [ERROR] LogOutputStream:75 - [STDERR_REDIRECT] 
2025-12-09 21:00:05,149 [ERROR] LogOutputStream:75 - [STDERR_REDIRECT] [Fatal Error] :1:1: Premature end of file.
2025-12-09 21:00:05,150 [ERROR] LogOutputStream:75 - [STDERR_REDIRECT] 
2025-12-09 21:00:06,164 [ERROR] LogOutputStream:75 - [STDERR_REDIRECT] [Fatal Error] :1:1: Premature end of file.
2025-12-09 21:00:06,164 [ERROR] LogOutputStream:75 - [STDERR_REDIRECT] 
2025-12-09 21:00:07,132 [ERROR] LogOutputStream:75 - [STDERR_REDIRECT] [Fatal Error] :1:1: Premature end of file.
2025-12-09 21:00:07,133 [ERROR] LogOutputStream:75 - [STDERR_REDIRECT] 
2025-12-09 21:00:08,158 [ERROR] LogOutputStream:75 - [STDERR_REDIRECT] [Fatal Error] :1:1: Premature end of file.
2025-12-09 21:00:08,158 [ERROR] LogOutputStream:75 - [STDERR_REDIRECT] 
2025-12-09 21:00:09,154 [ERROR] LogOutputStream:75 - [STDERR_REDIRECT] [Fatal Error] :1:1: Premature end of file.
2025-12-09 21:00:09,155 [ERROR] LogOutputStream:75 - [STDERR_REDIRECT] 
2025-12-09 21:00:10,142 [ERROR] LogOutputStream:75 - [STDERR_REDIRECT] [Fatal Error] :1:1: Premature end of file.
2025-12-09 21:00:10,143 [ERROR] LogOutputStream:75 - [STDERR_REDIRECT] 
2025-12-09 21:00:11,167 [ERROR] LogOutputStream:75 - [STDERR_REDIRECT] [Fatal Error] :1:1: Premature end of file.
2025-12-09 21:00:11,167 [ERROR] LogOutputStream:75 - [STDERR_REDIRECT] 
2025-12-09 21:00:12,162 [ERROR] LogOutputStream:75 - [STDERR_REDIRECT] [Fatal Error] :1:1: Premature end of file.
2025-12-09 21:00:12,162 [ERROR] LogOutputStream:75 - [STDERR_REDIRECT] 
2025-12-09 21:00:13,122 [ERROR] LogOutputStream:75 - [STDERR_REDIRECT] [Fatal Error] :1:1: Premature end of file.
2025-12-09 21:00:13,122 [ERROR] LogOutputStream:75 - [STDERR_REDIRECT] 
2025-12-09 21:00:14,167 [ERROR] LogOutputStream:75 - [STDERR_REDIRECT] [Fatal Error] :1:1: Premature end of file.
2025-12-09 21:00:14,169 [ERROR] LogOutputStream:75 - [STDERR_REDIRECT] 
2025-12-09 21:00:15,140 [ERROR] LogOutputStream:75 - [STDERR_REDIRECT] [Fatal Error] :1:1: Premature end of file.
2025-12-09 21:00:15,140 [ERROR] LogOutputStream:75 - [STDERR_REDIRECT] 
2025-12-09 21:00:16,164 [ERROR] LogOutputStream:75 - [STDERR_REDIRECT] [Fatal Error] :1:1: Premature end of file.
2025-12-09 21:00:16,165 [ERROR] LogOutputStream:75 - [STDERR_REDIRECT] 
2025-12-09 21:00:17,163 [ERROR] LogOutputStream:75 - [STDERR_REDIRECT] [Fatal Error] :1:1: Premature end of file.
2025-12-09 21:00:17,163 [ERROR] LogOutputStream:75 - [STDERR_REDIRECT] 
2025-12-09 21:00:18,162 [ERROR] LogOutputStream:75 - [STDERR_REDIRECT] [Fatal Error] :1:1: Premature end of file.
2025-12-09 21:00:18,162 [ERROR] LogOutputStream:75 - [STDERR_REDIRECT] 
2025-12-09 21:00:19,147 [ERROR] LogOutputStream:75 - [STDERR_REDIRECT] [Fatal Error] :1:1: Premature end of file.
2025-12-09 21:00:19,147 [ERROR] LogOutputStream:75 - [STDERR_REDIRECT] 
2025-12-09 21:00:20,150 [ERROR] LogOutputStream:75 - [STDERR_REDIRECT] [Fatal Error] :1:1: Premature end of file.
2025-12-09 21:00:20,150 [ERROR] LogOutputStream:75 - [STDERR_REDIRECT] 
2025-12-09 21:00:21,150 [ERROR] LogOutputStream:75 - [STDERR_REDIRECT] [Fatal Error] :1:1: Premature end of file.
2025-12-09 21:00:21,150 [ERROR] LogOutputStream:75 - [STDERR_REDIRECT] 
2025-12-09 21:00:22,167 [ERROR] LogOutputStream:75 - [STDERR_REDIRECT] [Fatal Error] :1:1: Premature end of file.
2025-12-09 21:00:22,168 [ERROR] LogOutputStream:75 - [STDERR_REDIRECT] 
2025-12-09 21:00:23,153 [ERROR] LogOutputStream:75 - [STDERR_REDIRECT] [Fatal Error] :1:1: Premature end of file.
2025-12-09 21:00:23,154 [ERROR] LogOutputStream:75 - [STDERR_REDIRECT] 
2025-12-09 21:00:24,117 [ERROR] LogOutputStream:75 - [STDERR_REDIRECT] [Fatal Error] :1:1: Premature end of file.
2025-12-09 21:00:24,117 [ERROR] LogOutputStream:75 - [STDERR_REDIRECT] 
2025-12-09 21:00:25,149 [ERROR] LogOutputStream:75 - [STDERR_REDIRECT] [Fatal Error] :1:1: Premature end of file.
2025-12-09 21:00:25,149 [ERROR] LogOutputStream:75 - [STDERR_REDIRECT] 
2025-12-09 21:00:26,153 [ERROR] LogOutputStream:75 - [STDERR_REDIRECT] [Fatal Error] :1:1: Premature end of file.
2025-12-09 21:00:26,153 [ERROR] LogOutputStream:75 - [STDERR_REDIRECT] 
2025-12-09 21:00:27,148 [ERROR] LogOutputStream:75 - [STDERR_REDIRECT] [Fatal Error] :1:1: Premature end of file.
2025-12-09 21:00:27,150 [ERROR] LogOutputStream:75 - [STDERR_REDIRECT] 
2025-12-09 21:00:28,156 [ERROR] LogOutputStream:75 - [STDERR_REDIRECT] [Fatal Error] :1:1: Premature end of file.
2025-12-09 21:00:28,156 [ERROR] LogOutputStream:75 - [STDERR_REDIRECT] 
2025-12-09 21:00:29,151 [ERROR] LogOutputStream:75 - [STDERR_REDIRECT] [Fatal Error] :1:1: Premature end of file.
2025-12-09 21:00:29,151 [ERROR] LogOutputStream:75 - [STDERR_REDIRECT] 
2025-12-09 21:00:30,165 [ERROR] LogOutputStream:75 - [STDERR_REDIRECT] [Fatal Error] :1:1: Premature end of file.
2025-12-09 21:00:30,165 [ERROR] LogOutputStream:75 - [STDERR_REDIRECT] 
2025-12-09 21:00:31,155 [ERROR] LogOutputStream:75 - [STDERR_REDIRECT] [Fatal Error] :1:1: Premature end of file.
2025-12-09 21:00:31,156 [ERROR] LogOutputStream:75 - [STDERR_REDIRECT] 
2025-12-09 21:00:32,169 [ERROR] LogOutputStream:75 - [STDERR_REDIRECT] [Fatal Error] :1:1: Premature end of file.
2025-12-09 21:00:32,169 [ERROR] LogOutputStream:75 - [STDERR_REDIRECT] 
2025-12-09 21:00:33,158 [ERROR] LogOutputStream:75 - [STDERR_REDIRECT] [Fatal Error] :1:1: Premature end of file.
2025-12-09 21:00:33,158 [ERROR] LogOutputStream:75 - [STDERR_REDIRECT] 
2025-12-09 21:00:34,155 [ERROR] LogOutputStream:75 - [STDERR_REDIRECT] [Fatal Error] :1:1: Premature end of file.
2025-12-09 21:00:34,155 [ERROR] LogOutputStream:75 - [STDERR_REDIRECT] 
2025-12-09 21:00:35,146 [ERROR] LogOutputStream:75 - [STDERR_REDIRECT] [Fatal Error] :1:1: Premature end of file.
2025-12-09 21:00:35,146 [ERROR] LogOutputStream:75 - [STDERR_REDIRECT] 
2025-12-09 21:00:36,149 [ERROR] LogOutputStream:75 - [STDERR_REDIRECT] [Fatal Error] :1:1: Premature end of file.
2025-12-09 21:00:36,149 [ERROR] LogOutputStream:75 - [STDERR_REDIRECT] 
2025-12-09 21:00:37,140 [ERROR] LogOutputStream:75 - [STDERR_REDIRECT] [Fatal Error] :1:1: Premature end of file.
2025-12-09 21:00:37,140 [ERROR] LogOutputStream:75 - [STDERR_REDIRECT] 
2025-12-09 21:00:38,144 [ERROR] LogOutputStream:75 - [STDERR_REDIRECT] [Fatal Error] :1:1: Premature end of file.
2025-12-09 21:00:38,144 [ERROR] LogOutputStream:75 - [STDERR_REDIRECT] 
2025-12-09 21:00:39,142 [ERROR] LogOutputStream:75 - [STDERR_REDIRECT] [Fatal Error] :1:1: Premature end of file.
2025-12-09 21:00:39,142 [ERROR] LogOutputStream:75 - [STDERR_REDIRECT] 
2025-12-09 21:00:40,149 [ERROR] LogOutputStream:75 - [STDERR_REDIRECT] [Fatal Error] :1:1: Premature end of file.
2025-12-09 21:00:40,149 [ERROR] LogOutputStream:75 - [STDERR_REDIRECT] 
2025-12-09 21:00:41,154 [ERROR] LogOutputStream:75 - [STDERR_REDIRECT] [Fatal Error] :1:1: Premature end of file.
2025-12-09 21:00:41,154 [ERROR] LogOutputStream:75 - [STDERR_REDIRECT] 
2025-12-09 21:00:42,153 [ERROR] LogOutputStream:75 - [STDERR_REDIRECT] [Fatal Error] :1:1: Premature end of file.
2025-12-09 21:00:42,153 [ERROR] LogOutputStream:75 - [STDERR_REDIRECT] 
2025-12-09 21:00:43,149 [ERROR] LogOutputStream:75 - [STDERR_REDIRECT] [Fatal Error] :1:1: Premature end of file.
2025-12-09 21:00:43,151 [ERROR] LogOutputStream:75 - [STDERR_REDIRECT] 
2025-12-09 21:00:44,166 [ERROR] LogOutputStream:75 - [STDERR_REDIRECT] [Fatal Error] :1:1: Premature end of file.
2025-12-09 21:00:44,167 [ERROR] LogOutputStream:75 - [STDERR_REDIRECT] 
2025-12-09 21:00:45,155 [ERROR] LogOutputStream:75 - [STDERR_REDIRECT] [Fatal Error] :1:1: Premature end of file.
2025-12-09 21:00:45,155 [ERROR] LogOutputStream:75 - [STDERR_REDIRECT] 
2025-12-09 21:00:46,163 [ERROR] LogOutputStream:75 - [STDERR_REDIRECT] [Fatal Error] :1:1: Premature end of file.
2025-12-09 21:00:46,163 [ERROR] LogOutputStream:75 - [STDERR_REDIRECT] 
2025-12-09 21:00:47,154 [ERROR] LogOutputStream:75 - [STDERR_REDIRECT] [Fatal Error] :1:1: Premature end of file.
2025-12-09 21:00:47,155 [ERROR] LogOutputStream:75 - [STDERR_REDIRECT] 
2025-12-09 21:00:48,166 [ERROR] LogOutputStream:75 - [STDERR_REDIRECT] [Fatal Error] :1:1: Premature end of file.
2025-12-09 21:00:48,166 [ERROR] LogOutputStream:75 - [STDERR_REDIRECT] 
2025-12-09 21:00:49,160 [ERROR] LogOutputStream:75 - [STDERR_REDIRECT] [Fatal Error] :1:1: Premature end of file.
2025-12-09 21:00:49,160 [ERROR] LogOutputStream:75 - [STDERR_REDIRECT] 
2025-12-09 21:00:50,166 [ERROR] LogOutputStream:75 - [STDERR_REDIRECT] [Fatal Error] :1:1: Premature end of file.
2025-12-09 21:00:50,166 [ERROR] LogOutputStream:75 - [STDERR_REDIRECT] 
2025-12-09 21:00:51,145 [ERROR] LogOutputStream:75 - [STDERR_REDIRECT] [Fatal Error] :1:1: Premature end of file.
2025-12-09 21:00:51,145 [ERROR] LogOutputStream:75 - [STDERR_REDIRECT] 
2025-12-09 21:00:52,166 [ERROR] LogOutputStream:75 - [STDERR_REDIRECT] [Fatal Error] :1:1: Premature end of file.
2025-12-09 21:00:52,166 [ERROR] LogOutputStream:75 - [STDERR_REDIRECT] 
2025-12-09 21:00:53,146 [ERROR] LogOutputStream:75 - [STDERR_REDIRECT] [Fatal Error] :1:1: Premature end of file.
2025-12-09 21:00:53,146 [ERROR] LogOutputStream:75 - [STDERR_REDIRECT] 
2025-12-09 21:00:54,154 [ERROR] LogOutputStream:75 - [STDERR_REDIRECT] [Fatal Error] :1:1: Premature end of file.
2025-12-09 21:00:54,154 [ERROR] LogOutputStream:75 - [STDERR_REDIRECT] 
2025-12-09 21:00:55,126 [ERROR] LogOutputStream:75 - [STDERR_REDIRECT] [Fatal Error] :1:1: Premature end of file.
2025-12-09 21:00:55,126 [ERROR] LogOutputStream:75 - [STDERR_REDIRECT] 
2025-12-09 21:00:56,163 [ERROR] LogOutputStream:75 - [STDERR_REDIRECT] [Fatal Error] :1:1: Premature end of file.
2025-12-09 21:00:56,163 [ERROR] LogOutputStream:75 - [STDERR_REDIRECT] 
2025-12-09 21:00:57,145 [ERROR] LogOutputStream:75 - [STDERR_REDIRECT] [Fatal Error] :1:1: Premature end of file.
2025-12-09 21:00:57,145 [ERROR] LogOutputStream:75 - [STDERR_REDIRECT] 
2025-12-09 21:00:58,153 [ERROR] LogOutputStream:75 - [STDERR_REDIRECT] [Fatal Error] :1:1: Premature end of file.
2025-12-09 21:00:58,153 [ERROR] LogOutputStream:75 - [STDERR_REDIRECT] 
2025-12-09 21:00:59,150 [ERROR] LogOutputStream:75 - [STDERR_REDIRECT] [Fatal Error] :1:1: Premature end of file.
2025-12-09 21:00:59,150 [ERROR] LogOutputStream:75 - [STDERR_REDIRECT] 
2025-12-09 21:01:00,103 [ERROR] LogOutputStream:75 - [STDERR_REDIRECT] [Fatal Error] :1:1: Premature end of file.
2025-12-09 21:01:00,103 [ERROR] LogOutputStream:75 - [STDERR_REDIRECT] 
2025-12-09 21:01:01,136 [ERROR] LogOutputStream:75 - [STDERR_REDIRECT] [Fatal Error] :1:1: Premature end of file.
2025-12-09 21:01:01,136 [ERROR] LogOutputStream:75 - [STDERR_REDIRECT] 
2025-12-09 21:01:02,145 [ERROR] LogOutputStream:75 - [STDERR_REDIRECT] [Fatal Error] :1:1: Premature end of file.
2025-12-09 21:01:02,146 [ERROR] LogOutputStream:75 - [STDERR_REDIRECT] 
2025-12-09 21:01:03,149 [ERROR] LogOutputStream:75 - [STDERR_REDIRECT] [Fatal Error] :1:1: Premature end of file.
2025-12-09 21:01:03,149 [ERROR] LogOutputStream:75 - [STDERR_REDIRECT] 
2025-12-09 21:01:04,161 [ERROR] LogOutputStream:75 - [STDERR_REDIRECT] [Fatal Error] :1:1: Premature end of file.
2025-12-09 21:01:04,161 [ERROR] LogOutputStream:75 - [STDERR_REDIRECT] 
2025-12-09 21:01:05,147 [ERROR] LogOutputStream:75 - [STDERR_REDIRECT] [Fatal Error] :1:1: Premature end of file.
2025-12-09 21:01:05,147 [ERROR] LogOutputStream:75 - [STDERR_REDIRECT] 
2025-12-09 21:01:06,156 [ERROR] LogOutputStream:75 - [STDERR_REDIRECT] [Fatal Error] :1:1: Premature end of file.
2025-12-09 21:01:06,156 [ERROR] LogOutputStream:75 - [STDERR_REDIRECT] 
2025-12-09 21:01:07,146 [ERROR] LogOutputStream:75 - [STDERR_REDIRECT] [Fatal Error] :1:1: Premature end of file.
2025-12-09 21:01:07,146 [ERROR] LogOutputStream:75 - [STDERR_REDIRECT] 
2025-12-09 21:01:08,164 [ERROR] LogOutputStream:75 - [STDERR_REDIRECT] [Fatal Error] :1:1: Premature end of file.
2025-12-09 21:01:08,165 [ERROR] LogOutputStream:75 - [STDERR_REDIRECT] 
2025-12-09 21:01:09,165 [ERROR] LogOutputStream:75 - [STDERR_REDIRECT] [Fatal Error] :1:1: Premature end of file.
2025-12-09 21:01:09,165 [ERROR] LogOutputStream:75 - [STDERR_REDIRECT] 
2025-12-09 21:01:10,150 [ERROR] LogOutputStream:75 - [STDERR_REDIRECT] [Fatal Error] :1:1: Premature end of file.
2025-12-09 21:01:10,150 [ERROR] LogOutputStream:75 - [STDERR_REDIRECT] 
2025-12-09 21:01:11,160 [ERROR] LogOutputStream:75 - [STDERR_REDIRECT] [Fatal Error] :1:1: Premature end of file.
2025-12-09 21:01:11,160 [ERROR] LogOutputStream:75 - [STDERR_REDIRECT] 
2025-12-09 21:01:12,147 [ERROR] LogOutputStream:75 - [STDERR_REDIRECT] [Fatal Error] :1:1: Premature end of file.
2025-12-09 21:01:12,148 [ERROR] LogOutputStream:75 - [STDERR_REDIRECT] 
2025-12-09 21:01:13,147 [ERROR] LogOutputStream:75 - [STDERR_REDIRECT] [Fatal Error] :1:1: Premature end of file.
2025-12-09 21:01:13,147 [ERROR] LogOutputStream:75 - [STDERR_REDIRECT] 
2025-12-09 21:01:14,147 [ERROR] LogOutputStream:75 - [STDERR_REDIRECT] [Fatal Error] :1:1: Premature end of file.
2025-12-09 21:01:14,148 [ERROR] LogOutputStream:75 - [STDERR_REDIRECT] 
2025-12-09 21:01:15,165 [ERROR] LogOutputStream:75 - [STDERR_REDIRECT] [Fatal Error] :1:1: Premature end of file.
2025-12-09 21:01:15,165 [ERROR] LogOutputStream:75 - [STDERR_REDIRECT] 
2025-12-09 21:01:16,144 [ERROR] LogOutputStream:75 - [STDERR_REDIRECT] [Fatal Error] :1:1: Premature end of file.
2025-12-09 21:01:16,144 [ERROR] LogOutputStream:75 - [STDERR_REDIRECT] 
2025-12-09 21:01:17,154 [ERROR] LogOutputStream:75 - [STDERR_REDIRECT] [Fatal Error] :1:1: Premature end of file.
2025-12-09 21:01:17,155 [ERROR] LogOutputStream:75 - [STDERR_REDIRECT] 
2025-12-09 21:01:18,142 [ERROR] LogOutputStream:75 - [STDERR_REDIRECT] [Fatal Error] :1:1: Premature end of file.
2025-12-09 21:01:18,142 [ERROR] LogOutputStream:75 - [STDERR_REDIRECT] 
2025-12-09 21:01:19,140 [ERROR] LogOutputStream:75 - [STDERR_REDIRECT] [Fatal Error] :1:1: Premature end of file.
2025-12-09 21:01:19,140 [ERROR] LogOutputStream:75 - [STDERR_REDIRECT] 
2025-12-09 21:01:20,154 [ERROR] LogOutputStream:75 - [STDERR_REDIRECT] [Fatal Error] :1:1: Premature end of file.
2025-12-09 21:01:20,154 [ERROR] LogOutputStream:75 - [STDERR_REDIRECT] 
2025-12-09 21:01:21,156 [ERROR] LogOutputStream:75 - [STDERR_REDIRECT] [Fatal Error] :1:1: Premature end of file.
2025-12-09 21:01:21,156 [ERROR] LogOutputStream:75 - [STDERR_REDIRECT] 
2025-12-09 21:01:22,154 [ERROR] LogOutputStream:75 - [STDERR_REDIRECT] [Fatal Error] :1:1: Premature end of file.
2025-12-09 21:01:22,155 [ERROR] LogOutputStream:75 - [STDERR_REDIRECT] 
2025-12-09 21:01:23,162 [ERROR] LogOutputStream:75 - [STDERR_REDIRECT] [Fatal Error] :1:1: Premature end of file.
2025-12-09 21:01:23,162 [ERROR] LogOutputStream:75 - [STDERR_REDIRECT] 
2025-12-09 21:01:24,167 [ERROR] LogOutputStream:75 - [STDERR_REDIRECT] [Fatal Error] :1:1: Premature end of file.
2025-12-09 21:01:24,168 [ERROR] LogOutputStream:75 - [STDERR_REDIRECT] 
2025-12-09 21:01:25,148 [ERROR] LogOutputStream:75 - [STDERR_REDIRECT] [Fatal Error] :1:1: Premature end of file.
2025-12-09 21:01:25,148 [ERROR] LogOutputStream:75 - [STDERR_REDIRECT] 
2025-12-09 21:01:26,152 [ERROR] LogOutputStream:75 - [STDERR_REDIRECT] [Fatal Error] :1:1: Premature end of file.
2025-12-09 21:01:26,153 [ERROR] LogOutputStream:75 - [STDERR_REDIRECT] 
2025-12-09 21:01:27,164 [ERROR] LogOutputStream:75 - [STDERR_REDIRECT] [Fatal Error] :1:1: Premature end of file.
2025-12-09 21:01:27,164 [ERROR] LogOutputStream:75 - [STDERR_REDIRECT] 
2025-12-09 21:01:28,157 [ERROR] LogOutputStream:75 - [STDERR_REDIRECT] [Fatal Error] :1:1: Premature end of file.
2025-12-09 21:01:28,157 [ERROR] LogOutputStream:75 - [STDERR_REDIRECT] 
2025-12-09 21:01:29,166 [ERROR] LogOutputStream:75 - [STDERR_REDIRECT] [Fatal Error] :1:1: Premature end of file.
2025-12-09 21:01:29,166 [ERROR] LogOutputStream:75 - [STDERR_REDIRECT] 
2025-12-09 21:01:30,166 [ERROR] LogOutputStream:75 - [STDERR_REDIRECT] [Fatal Error] :1:1: Premature end of file.
2025-12-09 21:01:30,167 [ERROR] LogOutputStream:75 - [STDERR_REDIRECT] 
2025-12-09 21:01:31,153 [ERROR] LogOutputStream:75 - [STDERR_REDIRECT] [Fatal Error] :1:1: Premature end of file.
2025-12-09 21:01:31,153 [ERROR] LogOutputStream:75 - [STDERR_REDIRECT] 
2025-12-09 21:01:32,153 [ERROR] LogOutputStream:75 - [STDERR_REDIRECT] [Fatal Error] :1:1: Premature end of file.
2025-12-09 21:01:32,153 [ERROR] LogOutputStream:75 - [STDERR_REDIRECT] 
2025-12-09 21:01:33,168 [ERROR] LogOutputStream:75 - [STDERR_REDIRECT] [Fatal Error] :1:1: Premature end of file.
2025-12-09 21:01:33,168 [ERROR] LogOutputStream:75 - [STDERR_REDIRECT] 
2025-12-09 21:01:34,148 [ERROR] LogOutputStream:75 - [STDERR_REDIRECT] [Fatal Error] :1:1: Premature end of file.
2025-12-09 21:01:34,148 [ERROR] LogOutputStream:75 - [STDERR_REDIRECT] 
2025-12-09 21:01:35,136 [ERROR] LogOutputStream:75 - [STDERR_REDIRECT] [Fatal Error] :1:1: Premature end of file.
2025-12-09 21:01:35,136 [ERROR] LogOutputStream:75 - [STDERR_REDIRECT] 
2025-12-09 21:01:36,147 [ERROR] LogOutputStream:75 - [STDERR_REDIRECT] [Fatal Error] :1:1: Premature end of file.
2025-12-09 21:01:36,147 [ERROR] LogOutputStream:75 - [STDERR_REDIRECT] 
2025-12-09 21:01:37,146 [ERROR] LogOutputStream:75 - [STDERR_REDIRECT] [Fatal Error] :1:1: Premature end of file.
2025-12-09 21:01:37,147 [ERROR] LogOutputStream:75 - [STDERR_REDIRECT] 
2025-12-09 21:01:38,149 [ERROR] LogOutputStream:75 - [STDERR_REDIRECT] [Fatal Error] :1:1: Premature end of file.
2025-12-09 21:01:38,149 [ERROR] LogOutputStream:75 - [STDERR_REDIRECT] 
2025-12-09 21:01:39,175 [ERROR] LogOutputStream:75 - [STDERR_REDIRECT] [Fatal Error] :1:1: Premature end of file.
2025-12-09 21:01:39,176 [ERROR] LogOutputStream:75 - [STDERR_REDIRECT] 
2025-12-09 21:01:40,150 [ERROR] LogOutputStream:75 - [STDERR_REDIRECT] [Fatal Error] :1:1: Premature end of file.
2025-12-09 21:01:40,150 [ERROR] LogOutputStream:75 - [STDERR_REDIRECT] 
2025-12-09 21:01:41,144 [ERROR] LogOutputStream:75 - [STDERR_REDIRECT] [Fatal Error] :1:1: Premature end of file.
2025-12-09 21:01:41,144 [ERROR] LogOutputStream:75 - [STDERR_REDIRECT] 
2025-12-09 21:01:42,151 [ERROR] LogOutputStream:75 - [STDERR_REDIRECT] [Fatal Error] :1:1: Premature end of file.
2025-12-09 21:01:42,151 [ERROR] LogOutputStream:75 - [STDERR_REDIRECT] 
2025-12-09 21:01:43,156 [ERROR] LogOutputStream:75 - [STDERR_REDIRECT] [Fatal Error] :1:1: Premature end of file.
2025-12-09 21:01:43,156 [ERROR] LogOutputStream:75 - [STDERR_REDIRECT] 
2025-12-09 21:01:44,163 [ERROR] LogOutputStream:75 - [STDERR_REDIRECT] [Fatal Error] :1:1: Premature end of file.
2025-12-09 21:01:44,163 [ERROR] LogOutputStream:75 - [STDERR_REDIRECT] 
2025-12-09 21:01:45,141 [ERROR] LogOutputStream:75 - [STDERR_REDIRECT] [Fatal Error] :1:1: Premature end of file.
2025-12-09 21:01:45,141 [ERROR] LogOutputStream:75 - [STDERR_REDIRECT] 
2025-12-09 21:01:46,101 [ERROR] LogOutputStream:75 - [STDERR_REDIRECT] [Fatal Error] :1:1: Premature end of file.
2025-12-09 21:01:46,101 [ERROR] LogOutputStream:75 - [STDERR_REDIRECT] 
2025-12-09 21:01:47,147 [ERROR] LogOutputStream:75 - [STDERR_REDIRECT] [Fatal Error] :1:1: Premature end of file.
2025-12-09 21:01:47,149 [ERROR] LogOutputStream:75 - [STDERR_REDIRECT] 
2025-12-09 21:01:48,160 [ERROR] LogOutputStream:75 - [STDERR_REDIRECT] [Fatal Error] :1:1: Premature end of file.
2025-12-09 21:01:48,161 [ERROR] LogOutputStream:75 - [STDERR_REDIRECT] 
2025-12-09 21:01:49,148 [ERROR] LogOutputStream:75 - [STDERR_REDIRECT] [Fatal Error] :1:1: Premature end of file.
2025-12-09 21:01:49,148 [ERROR] LogOutputStream:75 - [STDERR_REDIRECT] 
2025-12-09 21:01:50,163 [ERROR] LogOutputStream:75 - [STDERR_REDIRECT] [Fatal Error] :1:1: Premature end of file.
2025-12-09 21:01:50,164 [ERROR] LogOutputStream:75 - [STDERR_REDIRECT] 
2025-12-09 21:01:51,156 [ERROR] LogOutputStream:75 - [STDERR_REDIRECT] [Fatal Error] :1:1: Premature end of file.
2025-12-09 21:01:51,157 [ERROR] LogOutputStream:75 - [STDERR_REDIRECT] 
2025-12-09 21:01:52,161 [ERROR] LogOutputStream:75 - [STDERR_REDIRECT] [Fatal Error] :1:1: Premature end of file.
2025-12-09 21:01:52,162 [ERROR] LogOutputStream:75 - [STDERR_REDIRECT] 
2025-12-09 21:01:53,147 [ERROR] LogOutputStream:75 - [STDERR_REDIRECT] [Fatal Error] :1:1: Premature end of file.
2025-12-09 21:01:53,148 [ERROR] LogOutputStream:75 - [STDERR_REDIRECT] 
2025-12-09 21:01:54,162 [ERROR] LogOutputStream:75 - [STDERR_REDIRECT] [Fatal Error] :1:1: Premature end of file.
2025-12-09 21:01:54,162 [ERROR] LogOutputStream:75 - [STDERR_REDIRECT] 
2025-12-09 21:01:55,145 [ERROR] LogOutputStream:75 - [STDERR_REDIRECT] [Fatal Error] :1:1: Premature end of file.
2025-12-09 21:01:55,145 [ERROR] LogOutputStream:75 - [STDERR_REDIRECT] 
2025-12-09 21:01:56,151 [ERROR] LogOutputStream:75 - [STDERR_REDIRECT] [Fatal Error] :1:1: Premature end of file.
2025-12-09 21:01:56,151 [ERROR] LogOutputStream:75 - [STDERR_REDIRECT] 
2025-12-09 21:01:57,158 [ERROR] LogOutputStream:75 - [STDERR_REDIRECT] [Fatal Error] :1:1: Premature end of file.
2025-12-09 21:01:57,158 [ERROR] LogOutputStream:75 - [STDERR_REDIRECT] 
2025-12-09 21:01:58,151 [ERROR] LogOutputStream:75 - [STDERR_REDIRECT] [Fatal Error] :1:1: Premature end of file.
2025-12-09 21:01:58,151 [ERROR] LogOutputStream:75 - [STDERR_REDIRECT] 
2025-12-09 21:01:59,163 [ERROR] LogOutputStream:75 - [STDERR_REDIRECT] [Fatal Error] :1:1: Premature end of file.
2025-12-09 21:01:59,163 [ERROR] LogOutputStream:75 - [STDERR_REDIRECT] 
2025-12-09 21:02:00,101 [ERROR] LogOutputStream:75 - [STDERR_REDIRECT] [Fatal Error] :1:1: Premature end of file.
2025-12-09 21:02:00,101 [ERROR] LogOutputStream:75 - [STDERR_REDIRECT] 
2025-12-09 21:02:01,163 [ERROR] LogOutputStream:75 - [STDERR_REDIRECT] [Fatal Error] :1:1: Premature end of file.
2025-12-09 21:02:01,163 [ERROR] LogOutputStream:75 - [STDERR_REDIRECT] 
2025-12-09 21:02:02,165 [ERROR] LogOutputStream:75 - [STDERR_REDIRECT] [Fatal Error] :1:1: Premature end of file.
2025-12-09 21:02:02,165 [ERROR] LogOutputStream:75 - [STDERR_REDIRECT] 
2025-12-09 21:02:03,143 [ERROR] LogOutputStream:75 - [STDERR_REDIRECT] [Fatal Error] :1:1: Premature end of file.
2025-12-09 21:02:03,143 [ERROR] LogOutputStream:75 - [STDERR_REDIRECT] 
2025-12-09 21:02:04,148 [ERROR] LogOutputStream:75 - [STDERR_REDIRECT] [Fatal Error] :1:1: Premature end of file.
2025-12-09 21:02:04,149 [ERROR] LogOutputStream:75 - [STDERR_REDIRECT] 
2025-12-09 21:02:05,166 [ERROR] LogOutputStream:75 - [STDERR_REDIRECT] [Fatal Error] :1:1: Premature end of file.
2025-12-09 21:02:05,166 [ERROR] LogOutputStream:75 - [STDERR_REDIRECT] 
2025-12-09 21:02:06,154 [ERROR] LogOutputStream:75 - [STDERR_REDIRECT] [Fatal Error] :1:1: Premature end of file.
2025-12-09 21:02:06,154 [ERROR] LogOutputStream:75 - [STDERR_REDIRECT] 
2025-12-09 21:02:07,144 [ERROR] LogOutputStream:75 - [STDERR_REDIRECT] [Fatal Error] :1:1: Premature end of file.
2025-12-09 21:02:07,144 [ERROR] LogOutputStream:75 - [STDERR_REDIRECT] 
2025-12-09 21:02:08,167 [ERROR] LogOutputStream:75 - [STDERR_REDIRECT] [Fatal Error] :1:1: Premature end of file.
2025-12-09 21:02:08,167 [ERROR] LogOutputStream:75 - [STDERR_REDIRECT] 
2025-12-09 21:02:09,165 [ERROR] LogOutputStream:75 - [STDERR_REDIRECT] [Fatal Error] :1:1: Premature end of file.
2025-12-09 21:02:09,165 [ERROR] LogOutputStream:75 - [STDERR_REDIRECT] 
2025-12-09 21:02:10,161 [ERROR] LogOutputStream:75 - [STDERR_REDIRECT] [Fatal Error] :1:1: Premature end of file.
2025-12-09 21:02:10,162 [ERROR] LogOutputStream:75 - [STDERR_REDIRECT] 
2025-12-09 21:02:11,164 [ERROR] LogOutputStream:75 - [STDERR_REDIRECT] [Fatal Error] :1:1: Premature end of file.
2025-12-09 21:02:11,165 [ERROR] LogOutputStream:75 - [STDERR_REDIRECT] 
2025-12-09 21:02:12,146 [ERROR] LogOutputStream:75 - [STDERR_REDIRECT] [Fatal Error] :1:1: Premature end of file.
2025-12-09 21:02:12,146 [ERROR] LogOutputStream:75 - [STDERR_REDIRECT] 
2025-12-09 21:02:13,145 [ERROR] LogOutputStream:75 - [STDERR_REDIRECT] [Fatal Error] :1:1: Premature end of file.
2025-12-09 21:02:13,145 [ERROR] LogOutputStream:75 - [STDERR_REDIRECT] 
2025-12-09 21:02:14,155 [ERROR] LogOutputStream:75 - [STDERR_REDIRECT] [Fatal Error] :1:1: Premature end of file.
2025-12-09 21:02:14,155 [ERROR] LogOutputStream:75 - [STDERR_REDIRECT] 
2025-12-09 21:02:15,159 [ERROR] LogOutputStream:75 - [STDERR_REDIRECT] [Fatal Error] :1:1: Premature end of file.
2025-12-09 21:02:15,159 [ERROR] LogOutputStream:75 - [STDERR_REDIRECT] 
2025-12-09 21:02:16,162 [ERROR] LogOutputStream:75 - [STDERR_REDIRECT] [Fatal Error] :1:1: Premature end of file.
2025-12-09 21:02:16,162 [ERROR] LogOutputStream:75 - [STDERR_REDIRECT] 
2025-12-09 21:02:17,147 [ERROR] LogOutputStream:75 - [STDERR_REDIRECT] [Fatal Error] :1:1: Premature end of file.
2025-12-09 21:02:17,147 [ERROR] LogOutputStream:75 - [STDERR_REDIRECT] 
2025-12-09 21:02:18,144 [ERROR] LogOutputStream:75 - [STDERR_REDIRECT] [Fatal Error] :1:1: Premature end of file.
2025-12-09 21:02:18,144 [ERROR] LogOutputStream:75 - [STDERR_REDIRECT] 
2025-12-09 21:02:19,150 [ERROR] LogOutputStream:75 - [STDERR_REDIRECT] [Fatal Error] :1:1: Premature end of file.
2025-12-09 21:02:19,151 [ERROR] LogOutputStream:75 - [STDERR_REDIRECT] 
2025-12-09 21:02:20,161 [ERROR] LogOutputStream:75 - [STDERR_REDIRECT] [Fatal Error] :1:1: Premature end of file.
2025-12-09 21:02:20,161 [ERROR] LogOutputStream:75 - [STDERR_REDIRECT] 
2025-12-09 21:02:21,161 [ERROR] LogOutputStream:75 - [STDERR_REDIRECT] [Fatal Error] :1:1: Premature end of file.
2025-12-09 21:02:21,161 [ERROR] LogOutputStream:75 - [STDERR_REDIRECT] 
2025-12-09 21:02:22,151 [ERROR] LogOutputStream:75 - [STDERR_REDIRECT] [Fatal Error] :1:1: Premature end of file.
2025-12-09 21:02:22,151 [ERROR] LogOutputStream:75 - [STDERR_REDIRECT] 
2025-12-09 21:02:23,163 [ERROR] LogOutputStream:75 - [STDERR_REDIRECT] [Fatal Error] :1:1: Premature end of file.
2025-12-09 21:02:23,163 [ERROR] LogOutputStream:75 - [STDERR_REDIRECT] 
2025-12-09 21:02:24,164 [ERROR] LogOutputStream:75 - [STDERR_REDIRECT] [Fatal Error] :1:1: Premature end of file.
2025-12-09 21:02:24,164 [ERROR] LogOutputStream:75 - [STDERR_REDIRECT] 
2025-12-09 21:02:25,136 [ERROR] LogOutputStream:75 - [STDERR_REDIRECT] [Fatal Error] :1:1: Premature end of file.
2025-12-09 21:02:25,136 [ERROR] LogOutputStream:75 - [STDERR_REDIRECT] 
2025-12-09 21:02:26,170 [ERROR] LogOutputStream:75 - [STDERR_REDIRECT] [Fatal Error] :1:1: Premature end of file.
2025-12-09 21:02:26,171 [ERROR] LogOutputStream:75 - [STDERR_REDIRECT] 
2025-12-09 21:02:27,161 [ERROR] LogOutputStream:75 - [STDERR_REDIRECT] [Fatal Error] :1:1: Premature end of file.
2025-12-09 21:02:27,161 [ERROR] LogOutputStream:75 - [STDERR_REDIRECT] 
2025-12-09 21:02:28,154 [ERROR] LogOutputStream:75 - [STDERR_REDIRECT] [Fatal Error] :1:1: Premature end of file.
2025-12-09 21:02:28,154 [ERROR] LogOutputStream:75 - [STDERR_REDIRECT] 
2025-12-09 21:02:29,163 [ERROR] LogOutputStream:75 - [STDERR_REDIRECT] [Fatal Error] :1:1: Premature end of file.
2025-12-09 21:02:29,163 [ERROR] LogOutputStream:75 - [STDERR_REDIRECT] 
2025-12-09 21:02:30,161 [ERROR] LogOutputStream:75 - [STDERR_REDIRECT] [Fatal Error] :1:1: Premature end of file.
2025-12-09 21:02:30,161 [ERROR] LogOutputStream:75 - [STDERR_REDIRECT] 
2025-12-09 21:02:31,155 [ERROR] LogOutputStream:75 - [STDERR_REDIRECT] [Fatal Error] :1:1: Premature end of file.
2025-12-09 21:02:31,155 [ERROR] LogOutputStream:75 - [STDERR_REDIRECT] 
2025-12-09 21:02:32,160 [ERROR] LogOutputStream:75 - [STDERR_REDIRECT] [Fatal Error] :1:1: Premature end of file.
2025-12-09 21:02:32,160 [ERROR] LogOutputStream:75 - [STDERR_REDIRECT] 
2025-12-09 21:02:33,159 [ERROR] LogOutputStream:75 - [STDERR_REDIRECT] [Fatal Error] :1:1: Premature end of file.
2025-12-09 21:02:33,161 [ERROR] LogOutputStream:75 - [STDERR_REDIRECT] 
2025-12-09 21:02:34,146 [ERROR] LogOutputStream:75 - [STDERR_REDIRECT] [Fatal Error] :1:1: Premature end of file.
2025-12-09 21:02:34,147 [ERROR] LogOutputStream:75 - [STDERR_REDIRECT] 
2025-12-09 21:02:35,150 [ERROR] LogOutputStream:75 - [STDERR_REDIRECT] [Fatal Error] :1:1: Premature end of file.
2025-12-09 21:02:35,150 [ERROR] LogOutputStream:75 - [STDERR_REDIRECT] 
2025-12-09 21:02:36,161 [ERROR] LogOutputStream:75 - [STDERR_REDIRECT] [Fatal Error] :1:1: Premature end of file.
2025-12-09 21:02:36,161 [ERROR] LogOutputStream:75 - [STDERR_REDIRECT] 
2025-12-09 21:02:37,103 [ERROR] LogOutputStream:75 - [STDERR_REDIRECT] [Fatal Error] :1:1: Premature end of file.
2025-12-09 21:02:37,103 [ERROR] LogOutputStream:75 - [STDERR_REDIRECT] 
2025-12-09 21:02:38,142 [ERROR] LogOutputStream:75 - [STDERR_REDIRECT] [Fatal Error] :1:1: Premature end of file.
2025-12-09 21:02:38,142 [ERROR] LogOutputStream:75 - [STDERR_REDIRECT] 
2025-12-09 21:02:39,100 [ERROR] LogOutputStream:75 - [STDERR_REDIRECT] [Fatal Error] :1:1: Premature end of file.
2025-12-09 21:02:39,100 [ERROR] LogOutputStream:75 - [STDERR_REDIRECT] 
2025-12-09 21:02:40,143 [ERROR] LogOutputStream:75 - [STDERR_REDIRECT] [Fatal Error] :1:1: Premature end of file.
2025-12-09 21:02:40,144 [ERROR] LogOutputStream:75 - [STDERR_REDIRECT] 
2025-12-09 21:02:41,161 [ERROR] LogOutputStream:75 - [STDERR_REDIRECT] [Fatal Error] :1:1: Premature end of file.
2025-12-09 21:02:41,161 [ERROR] LogOutputStream:75 - [STDERR_REDIRECT] 
2025-12-09 21:02:42,167 [ERROR] LogOutputStream:75 - [STDERR_REDIRECT] [Fatal Error] :1:1: Premature end of file.
2025-12-09 21:02:42,167 [ERROR] LogOutputStream:75 - [STDERR_REDIRECT] 
2025-12-09 21:02:43,147 [ERROR] LogOutputStream:75 - [STDERR_REDIRECT] [Fatal Error] :1:1: Premature end of file.
2025-12-09 21:02:43,147 [ERROR] LogOutputStream:75 - [STDERR_REDIRECT] 
2025-12-09 21:02:44,165 [ERROR] LogOutputStream:75 - [STDERR_REDIRECT] [Fatal Error] :1:1: Premature end of file.
2025-12-09 21:02:44,165 [ERROR] LogOutputStream:75 - [STDERR_REDIRECT] 
2025-12-09 21:02:45,147 [ERROR] LogOutputStream:75 - [STDERR_REDIRECT] [Fatal Error] :1:1: Premature end of file.
2025-12-09 21:02:45,147 [ERROR] LogOutputStream:75 - [STDERR_REDIRECT] 
2025-12-09 21:02:46,155 [ERROR] LogOutputStream:75 - [STDERR_REDIRECT] [Fatal Error] :1:1: Premature end of file.
2025-12-09 21:02:46,155 [ERROR] LogOutputStream:75 - [STDERR_REDIRECT] 
2025-12-09 21:02:47,153 [ERROR] LogOutputStream:75 - [STDERR_REDIRECT] [Fatal Error] :1:1: Premature end of file.
2025-12-09 21:02:47,153 [ERROR] LogOutputStream:75 - [STDERR_REDIRECT] 
2025-12-09 21:02:48,149 [ERROR] LogOutputStream:75 - [STDERR_REDIRECT] [Fatal Error] :1:1: Premature end of file.
2025-12-09 21:02:48,149 [ERROR] LogOutputStream:75 - [STDERR_REDIRECT] 
2025-12-09 21:02:49,151 [ERROR] LogOutputStream:75 - [STDERR_REDIRECT] [Fatal Error] :1:1: Premature end of file.
2025-12-09 21:02:49,151 [ERROR] LogOutputStream:75 - [STDERR_REDIRECT] 
2025-12-09 21:02:50,145 [ERROR] LogOutputStream:75 - [STDERR_REDIRECT] [Fatal Error] :1:1: Premature end of file.
2025-12-09 21:02:50,145 [ERROR] LogOutputStream:75 - [STDERR_REDIRECT] 
2025-12-09 21:02:51,165 [ERROR] LogOutputStream:75 - [STDERR_REDIRECT] [Fatal Error] :1:1: Premature end of file.
2025-12-09 21:02:51,165 [ERROR] LogOutputStream:75 - [STDERR_REDIRECT] 
2025-12-09 21:02:52,147 [ERROR] LogOutputStream:75 - [STDERR_REDIRECT] [Fatal Error] :1:1: Premature end of file.
2025-12-09 21:02:52,147 [ERROR] LogOutputStream:75 - [STDERR_REDIRECT] 
2025-12-09 21:02:53,147 [ERROR] LogOutputStream:75 - [STDERR_REDIRECT] [Fatal Error] :1:1: Premature end of file.
2025-12-09 21:02:53,148 [ERROR] LogOutputStream:75 - [STDERR_REDIRECT] 
2025-12-09 21:02:54,101 [ERROR] LogOutputStream:75 - [STDERR_REDIRECT] [Fatal Error] :1:1: Premature end of file.
2025-12-09 21:02:54,101 [ERROR] LogOutputStream:75 - [STDERR_REDIRECT] 
2025-12-09 21:02:55,112 [ERROR] LogOutputStream:75 - [STDERR_REDIRECT] [Fatal Error] :1:1: Premature end of file.
2025-12-09 21:02:55,112 [ERROR] LogOutputStream:75 - [STDERR_REDIRECT] 
2025-12-09 21:02:56,101 [ERROR] LogOutputStream:75 - [STDERR_REDIRECT] [Fatal Error] :1:1: Premature end of file.
2025-12-09 21:02:56,101 [ERROR] LogOutputStream:75 - [STDERR_REDIRECT] 
2025-12-09 21:02:57,101 [ERROR] LogOutputStream:75 - [STDERR_REDIRECT] [Fatal Error] :1:1: Premature end of file.
2025-12-09 21:02:57,101 [ERROR] LogOutputStream:75 - [STDERR_REDIRECT] 
2025-12-09 21:02:58,101 [ERROR] LogOutputStream:75 - [STDERR_REDIRECT] [Fatal Error] :1:1: Premature end of file.
2025-12-09 21:02:58,101 [ERROR] LogOutputStream:75 - [STDERR_REDIRECT] 
2025-12-09 21:02:59,101 [ERROR] LogOutputStream:75 - [STDERR_REDIRECT] [Fatal Error] :1:1: Premature end of file.
2025-12-09 21:02:59,101 [ERROR] LogOutputStream:75 - [STDERR_REDIRECT] 
2025-12-09 21:03:00,103 [ERROR] LogOutputStream:75 - [STDERR_REDIRECT] [Fatal Error] :1:1: Premature end of file.
2025-12-09 21:03:00,103 [ERROR] LogOutputStream:75 - [STDERR_REDIRECT] 
2025-12-09 21:03:01,101 [ERROR] LogOutputStream:75 - [STDERR_REDIRECT] [Fatal Error] :1:1: Premature end of file.
2025-12-09 21:03:01,101 [ERROR] LogOutputStream:75 - [STDERR_REDIRECT] 
2025-12-09 21:03:02,102 [ERROR] LogOutputStream:75 - [STDERR_REDIRECT] [Fatal Error] :1:1: Premature end of file.
2025-12-09 21:03:02,103 [ERROR] LogOutputStream:75 - [STDERR_REDIRECT] 
2025-12-09 21:03:03,102 [ERROR] LogOutputStream:75 - [STDERR_REDIRECT] [Fatal Error] :1:1: Premature end of file.
2025-12-09 21:03:03,102 [ERROR] LogOutputStream:75 - [STDERR_REDIRECT] 
2025-12-09 21:03:04,102 [ERROR] LogOutputStream:75 - [STDERR_REDIRECT] [Fatal Error] :1:1: Premature end of file.
2025-12-09 21:03:04,102 [ERROR] LogOutputStream:75 - [STDERR_REDIRECT] 
2025-12-09 21:03:05,104 [ERROR] LogOutputStream:75 - [STDERR_REDIRECT] [Fatal Error] :1:1: Premature end of file.
2025-12-09 21:03:05,104 [ERROR] LogOutputStream:75 - [STDERR_REDIRECT] 
2025-12-09 21:03:06,105 [ERROR] LogOutputStream:75 - [STDERR_REDIRECT] [Fatal Error] :1:1: Premature end of file.
2025-12-09 21:03:06,105 [ERROR] LogOutputStream:75 - [STDERR_REDIRECT] 
2025-12-09 21:03:07,103 [ERROR] LogOutputStream:75 - [STDERR_REDIRECT] [Fatal Error] :1:1: Premature end of file.
2025-12-09 21:03:07,103 [ERROR] LogOutputStream:75 - [STDERR_REDIRECT] 
2025-12-09 21:03:08,129 [ERROR] LogOutputStream:75 - [STDERR_REDIRECT] [Fatal Error] :1:1: Premature end of file.
2025-12-09 21:03:08,129 [ERROR] LogOutputStream:75 - [STDERR_REDIRECT] 
2025-12-09 21:03:09,101 [ERROR] LogOutputStream:75 - [STDERR_REDIRECT] [Fatal Error] :1:1: Premature end of file.
2025-12-09 21:03:09,101 [ERROR] LogOutputStream:75 - [STDERR_REDIRECT] 
2025-12-09 21:03:10,103 [ERROR] LogOutputStream:75 - [STDERR_REDIRECT] [Fatal Error] :1:1: Premature end of file.
2025-12-09 21:03:10,103 [ERROR] LogOutputStream:75 - [STDERR_REDIRECT] 
2025-12-09 21:03:11,102 [ERROR] LogOutputStream:75 - [STDERR_REDIRECT] [Fatal Error] :1:1: Premature end of file.
2025-12-09 21:03:11,102 [ERROR] LogOutputStream:75 - [STDERR_REDIRECT] 
2025-12-09 21:03:12,102 [ERROR] LogOutputStream:75 - [STDERR_REDIRECT] [Fatal Error] :1:1: Premature end of file.
2025-12-09 21:03:12,102 [ERROR] LogOutputStream:75 - [STDERR_REDIRECT] 
2025-12-09 21:03:13,102 [ERROR] LogOutputStream:75 - [STDERR_REDIRECT] [Fatal Error] :1:1: Premature end of file.
2025-12-09 21:03:13,102 [ERROR] LogOutputStream:75 - [STDERR_REDIRECT] 
2025-12-09 21:03:14,103 [ERROR] LogOutputStream:75 - [STDERR_REDIRECT] [Fatal Error] :1:1: Premature end of file.
2025-12-09 21:03:14,103 [ERROR] LogOutputStream:75 - [STDERR_REDIRECT] 
2025-12-09 21:03:15,101 [ERROR] LogOutputStream:75 - [STDERR_REDIRECT] [Fatal Error] :1:1: Premature end of file.
2025-12-09 21:03:15,101 [ERROR] LogOutputStream:75 - [STDERR_REDIRECT] 
2025-12-09 21:03:16,101 [ERROR] LogOutputStream:75 - [STDERR_REDIRECT] [Fatal Error] :1:1: Premature end of file.
2025-12-09 21:03:16,101 [ERROR] LogOutputStream:75 - [STDERR_REDIRECT] 
2025-12-09 21:03:17,102 [ERROR] LogOutputStream:75 - [STDERR_REDIRECT] [Fatal Error] :1:1: Premature end of file.
2025-12-09 21:03:17,102 [ERROR] LogOutputStream:75 - [STDERR_REDIRECT] 
2025-12-09 21:03:18,100 [ERROR] LogOutputStream:75 - [STDERR_REDIRECT] [Fatal Error] :1:1: Premature end of file.
2025-12-09 21:03:18,100 [ERROR] LogOutputStream:75 - [STDERR_REDIRECT] 
2025-12-09 21:03:19,103 [ERROR] LogOutputStream:75 - [STDERR_REDIRECT] [Fatal Error] :1:1: Premature end of file.
2025-12-09 21:03:19,103 [ERROR] LogOutputStream:75 - [STDERR_REDIRECT] 
2025-12-09 21:03:20,102 [ERROR] LogOutputStream:75 - [STDERR_REDIRECT] [Fatal Error] :1:1: Premature end of file.
2025-12-09 21:03:20,103 [ERROR] LogOutputStream:75 - [STDERR_REDIRECT] 
2025-12-09 21:03:21,101 [ERROR] LogOutputStream:75 - [STDERR_REDIRECT] [Fatal Error] :1:1: Premature end of file.
2025-12-09 21:03:21,101 [ERROR] LogOutputStream:75 - [STDERR_REDIRECT] 
2025-12-09 21:03:22,103 [ERROR] LogOutputStream:75 - [STDERR_REDIRECT] [Fatal Error] :1:1: Premature end of file.
2025-12-09 21:03:22,103 [ERROR] LogOutputStream:75 - [STDERR_REDIRECT] 
2025-12-09 21:03:23,100 [ERROR] LogOutputStream:75 - [STDERR_REDIRECT] [Fatal Error] :1:1: Premature end of file.
2025-12-09 21:03:23,102 [ERROR] LogOutputStream:75 - [STDERR_REDIRECT] 
2025-12-09 21:03:24,100 [ERROR] LogOutputStream:75 - [STDERR_REDIRECT] [Fatal Error] :1:1: Premature end of file.
2025-12-09 21:03:24,100 [ERROR] LogOutputStream:75 - [STDERR_REDIRECT] 
2025-12-09 21:03:25,121 [ERROR] LogOutputStream:75 - [STDERR_REDIRECT] [Fatal Error] :1:1: Premature end of file.
2025-12-09 21:03:25,121 [ERROR] LogOutputStream:75 - [STDERR_REDIRECT] 
2025-12-09 21:03:26,103 [ERROR] LogOutputStream:75 - [STDERR_REDIRECT] [Fatal Error] :1:1: Premature end of file.
2025-12-09 21:03:26,103 [ERROR] LogOutputStream:75 - [STDERR_REDIRECT] 
2025-12-09 21:03:27,106 [ERROR] LogOutputStream:75 - [STDERR_REDIRECT] [Fatal Error] :1:1: Premature end of file.
2025-12-09 21:03:27,106 [ERROR] LogOutputStream:75 - [STDERR_REDIRECT] 
2025-12-09 21:03:28,106 [ERROR] LogOutputStream:75 - [STDERR_REDIRECT] [Fatal Error] :1:1: Premature end of file.
2025-12-09 21:03:28,107 [ERROR] LogOutputStream:75 - [STDERR_REDIRECT] 
2025-12-09 21:03:29,104 [ERROR] LogOutputStream:75 - [STDERR_REDIRECT] [Fatal Error] :1:1: Premature end of file.
2025-12-09 21:03:29,104 [ERROR] LogOutputStream:75 - [STDERR_REDIRECT] 
2025-12-09 21:03:30,137 [ERROR] LogOutputStream:75 - [STDERR_REDIRECT] [Fatal Error] :1:1: Premature end of file.
2025-12-09 21:03:30,138 [ERROR] LogOutputStream:75 - [STDERR_REDIRECT] 
2025-12-09 21:03:31,134 [ERROR] LogOutputStream:75 - [STDERR_REDIRECT] [Fatal Error] :1:1: Premature end of file.
2025-12-09 21:03:31,134 [ERROR] LogOutputStream:75 - [STDERR_REDIRECT] 
2025-12-09 21:03:32,141 [ERROR] LogOutputStream:75 - [STDERR_REDIRECT] [Fatal Error] :1:1: Premature end of file.
2025-12-09 21:03:32,141 [ERROR] LogOutputStream:75 - [STDERR_REDIRECT] 
2025-12-09 21:03:33,137 [ERROR] LogOutputStream:75 - [STDERR_REDIRECT] [Fatal Error] :1:1: Premature end of file.
2025-12-09 21:03:33,137 [ERROR] LogOutputStream:75 - [STDERR_REDIRECT] 
2025-12-09 21:03:34,127 [ERROR] LogOutputStream:75 - [STDERR_REDIRECT] [Fatal Error] :1:1: Premature end of file.
2025-12-09 21:03:34,127 [ERROR] LogOutputStream:75 - [STDERR_REDIRECT] 
2025-12-09 21:03:35,113 [ERROR] LogOutputStream:75 - [STDERR_REDIRECT] [Fatal Error] :1:1: Premature end of file.
2025-12-09 21:03:35,113 [ERROR] LogOutputStream:75 - [STDERR_REDIRECT] 
2025-12-09 21:03:36,107 [ERROR] LogOutputStream:75 - [STDERR_REDIRECT] [Fatal Error] :1:1: Premature end of file.
2025-12-09 21:03:36,107 [ERROR] LogOutputStream:75 - [STDERR_REDIRECT] 
2025-12-09 21:03:37,180 [ERROR] LogOutputStream:75 - [STDERR_REDIRECT] [Fatal Error] :1:1: Premature end of file.
2025-12-09 21:03:37,180 [ERROR] LogOutputStream:75 - [STDERR_REDIRECT] 
2025-12-09 21:03:38,139 [ERROR] LogOutputStream:75 - [STDERR_REDIRECT] [Fatal Error] :1:1: Premature end of file.
2025-12-09 21:03:38,139 [ERROR] LogOutputStream:75 - [STDERR_REDIRECT] 
2025-12-09 21:03:39,249 [ERROR] LogOutputStream:75 - [STDERR_REDIRECT] [Fatal Error] :1:1: Premature end of file.
2025-12-09 21:03:39,250 [ERROR] LogOutputStream:75 - [STDERR_REDIRECT] 
2025-12-09 21:03:40,103 [ERROR] LogOutputStream:75 - [STDERR_REDIRECT] [Fatal Error] :1:1: Premature end of file.
2025-12-09 21:03:40,103 [ERROR] LogOutputStream:75 - [STDERR_REDIRECT] 
2025-12-09 21:03:41,106 [ERROR] LogOutputStream:75 - [STDERR_REDIRECT] [Fatal Error] :1:1: Premature end of file.
2025-12-09 21:03:41,106 [ERROR] LogOutputStream:75 - [STDERR_REDIRECT] 
2025-12-09 21:03:42,105 [ERROR] LogOutputStream:75 - [STDERR_REDIRECT] [Fatal Error] :1:1: Premature end of file.
2025-12-09 21:03:42,105 [ERROR] LogOutputStream:75 - [STDERR_REDIRECT] 
2025-12-09 21:03:43,102 [ERROR] LogOutputStream:75 - [STDERR_REDIRECT] [Fatal Error] :1:1: Premature end of file.
2025-12-09 21:03:43,102 [ERROR] LogOutputStream:75 - [STDERR_REDIRECT] 
2025-12-09 21:03:44,103 [ERROR] LogOutputStream:75 - [STDERR_REDIRECT] [Fatal Error] :1:1: Premature end of file.
2025-12-09 21:03:44,103 [ERROR] LogOutputStream:75 - [STDERR_REDIRECT] 
2025-12-09 21:03:45,104 [ERROR] LogOutputStream:75 - [STDERR_REDIRECT] [Fatal Error] :1:1: Premature end of file.
2025-12-09 21:03:45,104 [ERROR] LogOutputStream:75 - [STDERR_REDIRECT] 
2025-12-09 21:03:46,104 [ERROR] LogOutputStream:75 - [STDERR_REDIRECT] [Fatal Error] :1:1: Premature end of file.
2025-12-09 21:03:46,104 [ERROR] LogOutputStream:75 - [STDERR_REDIRECT] 
2025-12-09 21:03:47,102 [ERROR] LogOutputStream:75 - [STDERR_REDIRECT] [Fatal Error] :1:1: Premature end of file.
2025-12-09 21:03:47,102 [ERROR] LogOutputStream:75 - [STDERR_REDIRECT] 
2025-12-09 21:03:48,103 [ERROR] LogOutputStream:75 - [STDERR_REDIRECT] [Fatal Error] :1:1: Premature end of file.
2025-12-09 21:03:48,103 [ERROR] LogOutputStream:75 - [STDERR_REDIRECT] 
2025-12-09 21:03:49,103 [ERROR] LogOutputStream:75 - [STDERR_REDIRECT] [Fatal Error] :1:1: Premature end of file.
2025-12-09 21:03:49,103 [ERROR] LogOutputStream:75 - [STDERR_REDIRECT] 
2025-12-09 21:03:50,102 [ERROR] LogOutputStream:75 - [STDERR_REDIRECT] [Fatal Error] :1:1: Premature end of file.
2025-12-09 21:03:50,103 [ERROR] LogOutputStream:75 - [STDERR_REDIRECT] 
2025-12-09 21:03:51,103 [ERROR] LogOutputStream:75 - [STDERR_REDIRECT] [Fatal Error] :1:1: Premature end of file.
2025-12-09 21:03:51,103 [ERROR] LogOutputStream:75 - [STDERR_REDIRECT] 
2025-12-09 21:03:52,103 [ERROR] LogOutputStream:75 - [STDERR_REDIRECT] [Fatal Error] :1:1: Premature end of file.
2025-12-09 21:03:52,103 [ERROR] LogOutputStream:75 - [STDERR_REDIRECT] 
2025-12-09 21:03:53,103 [ERROR] LogOutputStream:75 - [STDERR_REDIRECT] [Fatal Error] :1:1: Premature end of file.
2025-12-09 21:03:53,103 [ERROR] LogOutputStream:75 - [STDERR_REDIRECT] 
2025-12-09 21:03:54,103 [ERROR] LogOutputStream:75 - [STDERR_REDIRECT] [Fatal Error] :1:1: Premature end of file.
2025-12-09 21:03:54,103 [ERROR] LogOutputStream:75 - [STDERR_REDIRECT] 
2025-12-09 21:03:55,102 [ERROR] LogOutputStream:75 - [STDERR_REDIRECT] [Fatal Error] :1:1: Premature end of file.
2025-12-09 21:03:55,102 [ERROR] LogOutputStream:75 - [STDERR_REDIRECT] 
2025-12-09 21:03:56,101 [ERROR] LogOutputStream:75 - [STDERR_REDIRECT] [Fatal Error] :1:1: Premature end of file.
2025-12-09 21:03:56,102 [ERROR] LogOutputStream:75 - [STDERR_REDIRECT] 
2025-12-09 21:03:57,104 [ERROR] LogOutputStream:75 - [STDERR_REDIRECT] [Fatal Error] :1:1: Premature end of file.
2025-12-09 21:03:57,104 [ERROR] LogOutputStream:75 - [STDERR_REDIRECT] 
2025-12-09 21:03:58,102 [ERROR] LogOutputStream:75 - [STDERR_REDIRECT] [Fatal Error] :1:1: Premature end of file.
2025-12-09 21:03:58,102 [ERROR] LogOutputStream:75 - [STDERR_REDIRECT] 
2025-12-09 21:03:59,102 [ERROR] LogOutputStream:75 - [STDERR_REDIRECT] [Fatal Error] :1:1: Premature end of file.
2025-12-09 21:03:59,102 [ERROR] LogOutputStream:75 - [STDERR_REDIRECT] 
2025-12-09 21:04:00,104 [ERROR] LogOutputStream:75 - [STDERR_REDIRECT] [Fatal Error] :1:1: Premature end of file.
2025-12-09 21:04:00,104 [ERROR] LogOutputStream:75 - [STDERR_REDIRECT] 
2025-12-09 21:04:01,103 [ERROR] LogOutputStream:75 - [STDERR_REDIRECT] [Fatal Error] :1:1: Premature end of file.
2025-12-09 21:04:01,103 [ERROR] LogOutputStream:75 - [STDERR_REDIRECT] 
2025-12-09 21:04:02,103 [ERROR] LogOutputStream:75 - [STDERR_REDIRECT] [Fatal Error] :1:1: Premature end of file.
2025-12-09 21:04:02,103 [ERROR] LogOutputStream:75 - [STDERR_REDIRECT] 
2025-12-09 21:04:03,103 [ERROR] LogOutputStream:75 - [STDERR_REDIRECT] [Fatal Error] :1:1: Premature end of file.
2025-12-09 21:04:03,103 [ERROR] LogOutputStream:75 - [STDERR_REDIRECT] 
2025-12-09 21:04:04,100 [ERROR] LogOutputStream:75 - [STDERR_REDIRECT] [Fatal Error] :1:1: Premature end of file.
2025-12-09 21:04:04,100 [ERROR] LogOutputStream:75 - [STDERR_REDIRECT] 
2025-12-09 21:04:05,102 [ERROR] LogOutputStream:75 - [STDERR_REDIRECT] [Fatal Error] :1:1: Premature end of file.
2025-12-09 21:04:05,102 [ERROR] LogOutputStream:75 - [STDERR_REDIRECT] 
2025-12-09 21:04:06,101 [ERROR] LogOutputStream:75 - [STDERR_REDIRECT] [Fatal Error] :1:1: Premature end of file.
2025-12-09 21:04:06,101 [ERROR] LogOutputStream:75 - [STDERR_REDIRECT] 
2025-12-09 21:04:07,103 [ERROR] LogOutputStream:75 - [STDERR_REDIRECT] [Fatal Error] :1:1: Premature end of file.
2025-12-09 21:04:07,103 [ERROR] LogOutputStream:75 - [STDERR_REDIRECT] 
2025-12-09 21:04:08,101 [ERROR] LogOutputStream:75 - [STDERR_REDIRECT] [Fatal Error] :1:1: Premature end of file.
2025-12-09 21:04:08,101 [ERROR] LogOutputStream:75 - [STDERR_REDIRECT] 
2025-12-09 21:04:09,104 [ERROR] LogOutputStream:75 - [STDERR_REDIRECT] [Fatal Error] :1:1: Premature end of file.
2025-12-09 21:04:09,105 [ERROR] LogOutputStream:75 - [STDERR_REDIRECT] 
2025-12-09 21:04:10,101 [ERROR] LogOutputStream:75 - [STDERR_REDIRECT] [Fatal Error] :1:1: Premature end of file.
2025-12-09 21:04:10,101 [ERROR] LogOutputStream:75 - [STDERR_REDIRECT] 
2025-12-09 21:04:11,109 [ERROR] LogOutputStream:75 - [STDERR_REDIRECT] [Fatal Error] :1:1: Premature end of file.
2025-12-09 21:04:11,109 [ERROR] LogOutputStream:75 - [STDERR_REDIRECT] 
2025-12-09 21:04:12,102 [ERROR] LogOutputStream:75 - [STDERR_REDIRECT] [Fatal Error] :1:1: Premature end of file.
2025-12-09 21:04:12,102 [ERROR] LogOutputStream:75 - [STDERR_REDIRECT] 
2025-12-09 21:04:13,102 [ERROR] LogOutputStream:75 - [STDERR_REDIRECT] [Fatal Error] :1:1: Premature end of file.
2025-12-09 21:04:13,102 [ERROR] LogOutputStream:75 - [STDERR_REDIRECT] 
2025-12-09 21:04:14,101 [ERROR] LogOutputStream:75 - [STDERR_REDIRECT] [Fatal Error] :1:1: Premature end of file.
2025-12-09 21:04:14,103 [ERROR] LogOutputStream:75 - [STDERR_REDIRECT] 
2025-12-09 21:04:15,103 [ERROR] LogOutputStream:75 - [STDERR_REDIRECT] [Fatal Error] :1:1: Premature end of file.
2025-12-09 21:04:15,103 [ERROR] LogOutputStream:75 - [STDERR_REDIRECT] 
2025-12-09 21:04:16,100 [ERROR] LogOutputStream:75 - [STDERR_REDIRECT] [Fatal Error] :1:1: Premature end of file.
2025-12-09 21:04:16,100 [ERROR] LogOutputStream:75 - [STDERR_REDIRECT] 
2025-12-09 21:04:17,101 [ERROR] LogOutputStream:75 - [STDERR_REDIRECT] [Fatal Error] :1:1: Premature end of file.
2025-12-09 21:04:17,102 [ERROR] LogOutputStream:75 - [STDERR_REDIRECT] 
2025-12-09 21:04:18,104 [ERROR] LogOutputStream:75 - [STDERR_REDIRECT] [Fatal Error] :1:1: Premature end of file.
2025-12-09 21:04:18,104 [ERROR] LogOutputStream:75 - [STDERR_REDIRECT] 
2025-12-09 21:04:19,102 [ERROR] LogOutputStream:75 - [STDERR_REDIRECT] [Fatal Error] :1:1: Premature end of file.
2025-12-09 21:04:19,102 [ERROR] LogOutputStream:75 - [STDERR_REDIRECT] 
2025-12-09 21:04:20,104 [ERROR] LogOutputStream:75 - [STDERR_REDIRECT] [Fatal Error] :1:1: Premature end of file.
2025-12-09 21:04:20,104 [ERROR] LogOutputStream:75 - [STDERR_REDIRECT] 
2025-12-09 21:04:21,129 [ERROR] LogOutputStream:75 - [STDERR_REDIRECT] [Fatal Error] :1:1: Premature end of file.
2025-12-09 21:04:21,129 [ERROR] LogOutputStream:75 - [STDERR_REDIRECT] 
2025-12-09 21:04:22,118 [ERROR] LogOutputStream:75 - [STDERR_REDIRECT] [Fatal Error] :1:1: Premature end of file.
2025-12-09 21:04:22,118 [ERROR] LogOutputStream:75 - [STDERR_REDIRECT] 
2025-12-09 21:04:23,123 [ERROR] LogOutputStream:75 - [STDERR_REDIRECT] [Fatal Error] :1:1: Premature end of file.
2025-12-09 21:04:23,123 [ERROR] LogOutputStream:75 - [STDERR_REDIRECT] 
2025-12-09 21:04:24,121 [ERROR] LogOutputStream:75 - [STDERR_REDIRECT] [Fatal Error] :1:1: Premature end of file.
2025-12-09 21:04:24,122 [ERROR] LogOutputStream:75 - [STDERR_REDIRECT] 
2025-12-09 21:04:25,115 [ERROR] LogOutputStream:75 - [STDERR_REDIRECT] [Fatal Error] :1:1: Premature end of file.
2025-12-09 21:04:25,115 [ERROR] LogOutputStream:75 - [STDERR_REDIRECT] 
2025-12-09 21:04:26,107 [ERROR] LogOutputStream:75 - [STDERR_REDIRECT] [Fatal Error] :1:1: Premature end of file.
2025-12-09 21:04:26,108 [ERROR] LogOutputStream:75 - [STDERR_REDIRECT] 
2025-12-09 21:04:27,113 [ERROR] LogOutputStream:75 - [STDERR_REDIRECT] [Fatal Error] :1:1: Premature end of file.
2025-12-09 21:04:27,113 [ERROR] LogOutputStream:75 - [STDERR_REDIRECT] 
2025-12-09 21:04:28,101 [ERROR] LogOutputStream:75 - [STDERR_REDIRECT] [Fatal Error] :1:1: Premature end of file.
2025-12-09 21:04:28,101 [ERROR] LogOutputStream:75 - [STDERR_REDIRECT] 
2025-12-09 21:04:29,101 [ERROR] LogOutputStream:75 - [STDERR_REDIRECT] [Fatal Error] :1:1: Premature end of file.
2025-12-09 21:04:29,101 [ERROR] LogOutputStream:75 - [STDERR_REDIRECT] 
2025-12-09 21:04:30,112 [ERROR] LogOutputStream:75 - [STDERR_REDIRECT] [Fatal Error] :1:1: Premature end of file.
2025-12-09 21:04:30,112 [ERROR] LogOutputStream:75 - [STDERR_REDIRECT] 
2025-12-09 21:04:31,101 [ERROR] LogOutputStream:75 - [STDERR_REDIRECT] [Fatal Error] :1:1: Premature end of file.
2025-12-09 21:04:31,101 [ERROR] LogOutputStream:75 - [STDERR_REDIRECT] 
2025-12-09 21:04:32,112 [ERROR] LogOutputStream:75 - [STDERR_REDIRECT] [Fatal Error] :1:1: Premature end of file.
2025-12-09 21:04:32,112 [ERROR] LogOutputStream:75 - [STDERR_REDIRECT] 
2025-12-09 21:04:33,105 [ERROR] LogOutputStream:75 - [STDERR_REDIRECT] [Fatal Error] :1:1: Premature end of file.
2025-12-09 21:04:33,106 [ERROR] LogOutputStream:75 - [STDERR_REDIRECT] 
2025-12-09 21:04:34,102 [ERROR] LogOutputStream:75 - [STDERR_REDIRECT] [Fatal Error] :1:1: Premature end of file.
2025-12-09 21:04:34,102 [ERROR] LogOutputStream:75 - [STDERR_REDIRECT] 
2025-12-09 21:04:35,110 [ERROR] LogOutputStream:75 - [STDERR_REDIRECT] [Fatal Error] :1:1: Premature end of file.
2025-12-09 21:04:35,110 [ERROR] LogOutputStream:75 - [STDERR_REDIRECT] 
2025-12-09 21:04:36,102 [ERROR] LogOutputStream:75 - [STDERR_REDIRECT] [Fatal Error] :1:1: Premature end of file.
2025-12-09 21:04:36,102 [ERROR] LogOutputStream:75 - [STDERR_REDIRECT] 
2025-12-09 21:04:37,101 [ERROR] LogOutputStream:75 - [STDERR_REDIRECT] [Fatal Error] :1:1: Premature end of file.
2025-12-09 21:04:37,102 [ERROR] LogOutputStream:75 - [STDERR_REDIRECT] 
2025-12-09 21:04:38,101 [ERROR] LogOutputStream:75 - [STDERR_REDIRECT] [Fatal Error] :1:1: Premature end of file.
2025-12-09 21:04:38,101 [ERROR] LogOutputStream:75 - [STDERR_REDIRECT] 
2025-12-09 21:04:39,102 [ERROR] LogOutputStream:75 - [STDERR_REDIRECT] [Fatal Error] :1:1: Premature end of file.
2025-12-09 21:04:39,102 [ERROR] LogOutputStream:75 - [STDERR_REDIRECT] 
2025-12-09 21:04:40,103 [ERROR] LogOutputStream:75 - [STDERR_REDIRECT] [Fatal Error] :1:1: Premature end of file.
2025-12-09 21:04:40,103 [ERROR] LogOutputStream:75 - [STDERR_REDIRECT] 
2025-12-09 21:04:41,102 [ERROR] LogOutputStream:75 - [STDERR_REDIRECT] [Fatal Error] :1:1: Premature end of file.
2025-12-09 21:04:41,102 [ERROR] LogOutputStream:75 - [STDERR_REDIRECT] 
2025-12-09 21:04:42,102 [ERROR] LogOutputStream:75 - [STDERR_REDIRECT] [Fatal Error] :1:1: Premature end of file.
2025-12-09 21:04:42,102 [ERROR] LogOutputStream:75 - [STDERR_REDIRECT] 
2025-12-09 21:04:43,102 [ERROR] LogOutputStream:75 - [STDERR_REDIRECT] [Fatal Error] :1:1: Premature end of file.
2025-12-09 21:04:43,102 [ERROR] LogOutputStream:75 - [STDERR_REDIRECT] 
2025-12-09 21:04:44,103 [ERROR] LogOutputStream:75 - [STDERR_REDIRECT] [Fatal Error] :1:1: Premature end of file.
2025-12-09 21:04:44,103 [ERROR] LogOutputStream:75 - [STDERR_REDIRECT] 
2025-12-09 21:04:45,101 [ERROR] LogOutputStream:75 - [STDERR_REDIRECT] [Fatal Error] :1:1: Premature end of file.
2025-12-09 21:04:45,101 [ERROR] LogOutputStream:75 - [STDERR_REDIRECT] 
2025-12-09 21:04:46,104 [ERROR] LogOutputStream:75 - [STDERR_REDIRECT] [Fatal Error] :1:1: Premature end of file.
2025-12-09 21:04:46,104 [ERROR] LogOutputStream:75 - [STDERR_REDIRECT] 
2025-12-09 21:04:47,104 [ERROR] LogOutputStream:75 - [STDERR_REDIRECT] [Fatal Error] :1:1: Premature end of file.
2025-12-09 21:04:47,104 [ERROR] LogOutputStream:75 - [STDERR_REDIRECT] 
2025-12-09 21:04:48,105 [ERROR] LogOutputStream:75 - [STDERR_REDIRECT] [Fatal Error] :1:1: Premature end of file.
2025-12-09 21:04:48,105 [ERROR] LogOutputStream:75 - [STDERR_REDIRECT] 
2025-12-09 21:04:49,104 [ERROR] LogOutputStream:75 - [STDERR_REDIRECT] [Fatal Error] :1:1: Premature end of file.
2025-12-09 21:04:49,104 [ERROR] LogOutputStream:75 - [STDERR_REDIRECT] 
2025-12-09 21:04:50,102 [ERROR] LogOutputStream:75 - [STDERR_REDIRECT] [Fatal Error] :1:1: Premature end of file.
2025-12-09 21:04:50,102 [ERROR] LogOutputStream:75 - [STDERR_REDIRECT] 
2025-12-09 21:04:51,102 [ERROR] LogOutputStream:75 - [STDERR_REDIRECT] [Fatal Error] :1:1: Premature end of file.
2025-12-09 21:04:51,103 [ERROR] LogOutputStream:75 - [STDERR_REDIRECT] 
2025-12-09 21:04:52,101 [ERROR] LogOutputStream:75 - [STDERR_REDIRECT] [Fatal Error] :1:1: Premature end of file.
2025-12-09 21:04:52,101 [ERROR] LogOutputStream:75 - [STDERR_REDIRECT] 
2025-12-09 21:04:53,104 [ERROR] LogOutputStream:75 - [STDERR_REDIRECT] [Fatal Error] :1:1: Premature end of file.
2025-12-09 21:04:53,104 [ERROR] LogOutputStream:75 - [STDERR_REDIRECT] 
2025-12-09 21:04:54,105 [ERROR] LogOutputStream:75 - [STDERR_REDIRECT] [Fatal Error] :1:1: Premature end of file.
2025-12-09 21:04:54,105 [ERROR] LogOutputStream:75 - [STDERR_REDIRECT] 
2025-12-09 21:04:55,102 [ERROR] LogOutputStream:75 - [STDERR_REDIRECT] [Fatal Error] :1:1: Premature end of file.
2025-12-09 21:04:55,102 [ERROR] LogOutputStream:75 - [STDERR_REDIRECT] 
2025-12-09 21:04:56,103 [ERROR] LogOutputStream:75 - [STDERR_REDIRECT] [Fatal Error] :1:1: Premature end of file.
2025-12-09 21:04:56,103 [ERROR] LogOutputStream:75 - [STDERR_REDIRECT] 
2025-12-09 21:04:57,102 [ERROR] LogOutputStream:75 - [STDERR_REDIRECT] [Fatal Error] :1:1: Premature end of file.
2025-12-09 21:04:57,102 [ERROR] LogOutputStream:75 - [STDERR_REDIRECT] 
2025-12-09 21:04:58,103 [ERROR] LogOutputStream:75 - [STDERR_REDIRECT] [Fatal Error] :1:1: Premature end of file.
2025-12-09 21:04:58,103 [ERROR] LogOutputStream:75 - [STDERR_REDIRECT] 
2025-12-09 21:04:59,101 [ERROR] LogOutputStream:75 - [STDERR_REDIRECT] [Fatal Error] :1:1: Premature end of file.
2025-12-09 21:04:59,101 [ERROR] LogOutputStream:75 - [STDERR_REDIRECT] 
2025-12-09 21:05:00,103 [ERROR] LogOutputStream:75 - [STDERR_REDIRECT] [Fatal Error] :1:1: Premature end of file.
2025-12-09 21:05:00,103 [ERROR] LogOutputStream:75 - [STDERR_REDIRECT] 
2025-12-09 21:05:01,104 [ERROR] LogOutputStream:75 - [STDERR_REDIRECT] [Fatal Error] :1:1: Premature end of file.
2025-12-09 21:05:01,104 [ERROR] LogOutputStream:75 - [STDERR_REDIRECT] 
2025-12-09 21:05:02,103 [ERROR] LogOutputStream:75 - [STDERR_REDIRECT] [Fatal Error] :1:1: Premature end of file.
2025-12-09 21:05:02,103 [ERROR] LogOutputStream:75 - [STDERR_REDIRECT] 
2025-12-09 21:05:03,103 [ERROR] LogOutputStream:75 - [STDERR_REDIRECT] [Fatal Error] :1:1: Premature end of file.
2025-12-09 21:05:03,103 [ERROR] LogOutputStream:75 - [STDERR_REDIRECT] 
2025-12-09 21:05:04,103 [ERROR] LogOutputStream:75 - [STDERR_REDIRECT] [Fatal Error] :1:1: Premature end of file.
2025-12-09 21:05:04,103 [ERROR] LogOutputStream:75 - [STDERR_REDIRECT] 
2025-12-09 21:05:05,102 [ERROR] LogOutputStream:75 - [STDERR_REDIRECT] [Fatal Error] :1:1: Premature end of file.
2025-12-09 21:05:05,102 [ERROR] LogOutputStream:75 - [STDERR_REDIRECT] 
2025-12-09 21:05:06,101 [ERROR] LogOutputStream:75 - [STDERR_REDIRECT] [Fatal Error] :1:1: Premature end of file.
2025-12-09 21:05:06,101 [ERROR] LogOutputStream:75 - [STDERR_REDIRECT] 
2025-12-09 21:05:07,102 [ERROR] LogOutputStream:75 - [STDERR_REDIRECT] [Fatal Error] :1:1: Premature end of file.
2025-12-09 21:05:07,102 [ERROR] LogOutputStream:75 - [STDERR_REDIRECT] 
2025-12-09 21:05:08,103 [ERROR] LogOutputStream:75 - [STDERR_REDIRECT] [Fatal Error] :1:1: Premature end of file.
2025-12-09 21:05:08,104 [ERROR] LogOutputStream:75 - [STDERR_REDIRECT] 
2025-12-09 21:05:09,101 [ERROR] LogOutputStream:75 - [STDERR_REDIRECT] [Fatal Error] :1:1: Premature end of file.
2025-12-09 21:05:09,101 [ERROR] LogOutputStream:75 - [STDERR_REDIRECT] 
2025-12-09 21:05:10,103 [ERROR] LogOutputStream:75 - [STDERR_REDIRECT] [Fatal Error] :1:1: Premature end of file.
2025-12-09 21:05:10,103 [ERROR] LogOutputStream:75 - [STDERR_REDIRECT] 
2025-12-09 21:05:11,107 [ERROR] LogOutputStream:75 - [STDERR_REDIRECT] [Fatal Error] :1:1: Premature end of file.
2025-12-09 21:05:11,107 [ERROR] LogOutputStream:75 - [STDERR_REDIRECT] 
2025-12-09 21:05:12,108 [ERROR] LogOutputStream:75 - [STDERR_REDIRECT] [Fatal Error] :1:1: Premature end of file.
2025-12-09 21:05:12,108 [ERROR] LogOutputStream:75 - [STDERR_REDIRECT] 
2025-12-09 21:05:13,104 [ERROR] LogOutputStream:75 - [STDERR_REDIRECT] [Fatal Error] :1:1: Premature end of file.
2025-12-09 21:05:13,104 [ERROR] LogOutputStream:75 - [STDERR_REDIRECT] 
2025-12-09 21:05:14,108 [ERROR] LogOutputStream:75 - [STDERR_REDIRECT] [Fatal Error] :1:1: Premature end of file.
2025-12-09 21:05:14,108 [ERROR] LogOutputStream:75 - [STDERR_REDIRECT] 
2025-12-09 21:05:15,103 [ERROR] LogOutputStream:75 - [STDERR_REDIRECT] [Fatal Error] :1:1: Premature end of file.
2025-12-09 21:05:15,103 [ERROR] LogOutputStream:75 - [STDERR_REDIRECT] 
2025-12-09 21:05:16,106 [ERROR] LogOutputStream:75 - [STDERR_REDIRECT] [Fatal Error] :1:1: Premature end of file.
2025-12-09 21:05:16,106 [ERROR] LogOutputStream:75 - [STDERR_REDIRECT] 
2025-12-09 21:05:17,106 [ERROR] LogOutputStream:75 - [STDERR_REDIRECT] [Fatal Error] :1:1: Premature end of file.
2025-12-09 21:05:17,106 [ERROR] LogOutputStream:75 - [STDERR_REDIRECT] 
2025-12-09 21:05:18,104 [ERROR] LogOutputStream:75 - [STDERR_REDIRECT] [Fatal Error] :1:1: Premature end of file.
2025-12-09 21:05:18,104 [ERROR] LogOutputStream:75 - [STDERR_REDIRECT] 
2025-12-09 21:05:19,103 [ERROR] LogOutputStream:75 - [STDERR_REDIRECT] [Fatal Error] :1:1: Premature end of file.
2025-12-09 21:05:19,103 [ERROR] LogOutputStream:75 - [STDERR_REDIRECT] 
2025-12-09 21:05:20,102 [ERROR] LogOutputStream:75 - [STDERR_REDIRECT] [Fatal Error] :1:1: Premature end of file.
2025-12-09 21:05:20,102 [ERROR] LogOutputStream:75 - [STDERR_REDIRECT] 
2025-12-09 21:05:21,103 [ERROR] LogOutputStream:75 - [STDERR_REDIRECT] [Fatal Error] :1:1: Premature end of file.
2025-12-09 21:05:21,103 [ERROR] LogOutputStream:75 - [STDERR_REDIRECT] 
2025-12-09 21:05:22,104 [ERROR] LogOutputStream:75 - [STDERR_REDIRECT] [Fatal Error] :1:1: Premature end of file.
2025-12-09 21:05:22,104 [ERROR] LogOutputStream:75 - [STDERR_REDIRECT] 
2025-12-09 21:05:23,104 [ERROR] LogOutputStream:75 - [STDERR_REDIRECT] [Fatal Error] :1:1: Premature end of file.
2025-12-09 21:05:23,104 [ERROR] LogOutputStream:75 - [STDERR_REDIRECT] 
2025-12-09 21:05:24,102 [ERROR] LogOutputStream:75 - [STDERR_REDIRECT] [Fatal Error] :1:1: Premature end of file.
2025-12-09 21:05:24,102 [ERROR] LogOutputStream:75 - [STDERR_REDIRECT] 
2025-12-09 21:05:25,104 [ERROR] LogOutputStream:75 - [STDERR_REDIRECT] [Fatal Error] :1:1: Premature end of file.
2025-12-09 21:05:25,104 [ERROR] LogOutputStream:75 - [STDERR_REDIRECT] 
2025-12-09 21:05:26,104 [ERROR] LogOutputStream:75 - [STDERR_REDIRECT] [Fatal Error] :1:1: Premature end of file.
2025-12-09 21:05:26,104 [ERROR] LogOutputStream:75 - [STDERR_REDIRECT] 
2025-12-09 21:05:27,103 [ERROR] LogOutputStream:75 - [STDERR_REDIRECT] [Fatal Error] :1:1: Premature end of file.
2025-12-09 21:05:27,103 [ERROR] LogOutputStream:75 - [STDERR_REDIRECT] 
2025-12-09 21:05:28,103 [ERROR] LogOutputStream:75 - [STDERR_REDIRECT] [Fatal Error] :1:1: Premature end of file.
2025-12-09 21:05:28,104 [ERROR] LogOutputStream:75 - [STDERR_REDIRECT] 
2025-12-09 21:05:29,104 [ERROR] LogOutputStream:75 - [STDERR_REDIRECT] [Fatal Error] :1:1: Premature end of file.
2025-12-09 21:05:29,104 [ERROR] LogOutputStream:75 - [STDERR_REDIRECT] 
2025-12-09 21:05:30,104 [ERROR] LogOutputStream:75 - [STDERR_REDIRECT] [Fatal Error] :1:1: Premature end of file.
2025-12-09 21:05:30,104 [ERROR] LogOutputStream:75 - [STDERR_REDIRECT] 
2025-12-09 21:05:31,103 [ERROR] LogOutputStream:75 - [STDERR_REDIRECT] [Fatal Error] :1:1: Premature end of file.
2025-12-09 21:05:31,103 [ERROR] LogOutputStream:75 - [STDERR_REDIRECT] 
2025-12-09 21:05:32,102 [ERROR] LogOutputStream:75 - [STDERR_REDIRECT] [Fatal Error] :1:1: Premature end of file.
2025-12-09 21:05:32,102 [ERROR] LogOutputStream:75 - [STDERR_REDIRECT] 
2025-12-09 21:05:33,106 [ERROR] LogOutputStream:75 - [STDERR_REDIRECT] [Fatal Error] :1:1: Premature end of file.
2025-12-09 21:05:33,106 [ERROR] LogOutputStream:75 - [STDERR_REDIRECT] 
2025-12-09 21:05:34,104 [ERROR] LogOutputStream:75 - [STDERR_REDIRECT] [Fatal Error] :1:1: Premature end of file.
2025-12-09 21:05:34,104 [ERROR] LogOutputStream:75 - [STDERR_REDIRECT] 
2025-12-09 21:05:35,102 [ERROR] LogOutputStream:75 - [STDERR_REDIRECT] [Fatal Error] :1:1: Premature end of file.
2025-12-09 21:05:35,103 [ERROR] LogOutputStream:75 - [STDERR_REDIRECT] 
2025-12-09 21:05:36,104 [ERROR] LogOutputStream:75 - [STDERR_REDIRECT] [Fatal Error] :1:1: Premature end of file.
2025-12-09 21:05:36,104 [ERROR] LogOutputStream:75 - [STDERR_REDIRECT] 
2025-12-09 21:05:37,104 [ERROR] LogOutputStream:75 - [STDERR_REDIRECT] [Fatal Error] :1:1: Premature end of file.
2025-12-09 21:05:37,104 [ERROR] LogOutputStream:75 - [STDERR_REDIRECT] 
2025-12-09 21:05:38,102 [ERROR] LogOutputStream:75 - [STDERR_REDIRECT] [Fatal Error] :1:1: Premature end of file.
2025-12-09 21:05:38,104 [ERROR] LogOutputStream:75 - [STDERR_REDIRECT] 
2025-12-09 21:05:39,102 [ERROR] LogOutputStream:75 - [STDERR_REDIRECT] [Fatal Error] :1:1: Premature end of file.
2025-12-09 21:05:39,102 [ERROR] LogOutputStream:75 - [STDERR_REDIRECT] 
2025-12-09 21:05:40,103 [ERROR] LogOutputStream:75 - [STDERR_REDIRECT] [Fatal Error] :1:1: Premature end of file.
2025-12-09 21:05:40,103 [ERROR] LogOutputStream:75 - [STDERR_REDIRECT] 
2025-12-09 21:05:41,104 [ERROR] LogOutputStream:75 - [STDERR_REDIRECT] [Fatal Error] :1:1: Premature end of file.
2025-12-09 21:05:41,104 [ERROR] LogOutputStream:75 - [STDERR_REDIRECT] 
2025-12-09 21:05:42,102 [ERROR] LogOutputStream:75 - [STDERR_REDIRECT] [Fatal Error] :1:1: Premature end of file.
2025-12-09 21:05:42,102 [ERROR] LogOutputStream:75 - [STDERR_REDIRECT] 
2025-12-09 21:05:43,104 [ERROR] LogOutputStream:75 - [STDERR_REDIRECT] [Fatal Error] :1:1: Premature end of file.
2025-12-09 21:05:43,104 [ERROR] LogOutputStream:75 - [STDERR_REDIRECT] 
2025-12-09 21:05:44,102 [ERROR] LogOutputStream:75 - [STDERR_REDIRECT] [Fatal Error] :1:1: Premature end of file.
2025-12-09 21:05:44,103 [ERROR] LogOutputStream:75 - [STDERR_REDIRECT] 
2025-12-09 21:05:45,103 [ERROR] LogOutputStream:75 - [STDERR_REDIRECT] [Fatal Error] :1:1: Premature end of file.
2025-12-09 21:05:45,103 [ERROR] LogOutputStream:75 - [STDERR_REDIRECT] 
2025-12-09 21:05:46,103 [ERROR] LogOutputStream:75 - [STDERR_REDIRECT] [Fatal Error] :1:1: Premature end of file.
2025-12-09 21:05:46,103 [ERROR] LogOutputStream:75 - [STDERR_REDIRECT] 
2025-12-09 21:05:47,103 [ERROR] LogOutputStream:75 - [STDERR_REDIRECT] [Fatal Error] :1:1: Premature end of file.
2025-12-09 21:05:47,103 [ERROR] LogOutputStream:75 - [STDERR_REDIRECT] 
2025-12-09 21:05:48,104 [ERROR] LogOutputStream:75 - [STDERR_REDIRECT] [Fatal Error] :1:1: Premature end of file.
2025-12-09 21:05:48,104 [ERROR] LogOutputStream:75 - [STDERR_REDIRECT] 
2025-12-09 21:05:49,102 [ERROR] LogOutputStream:75 - [STDERR_REDIRECT] [Fatal Error] :1:1: Premature end of file.
2025-12-09 21:05:49,102 [ERROR] LogOutputStream:75 - [STDERR_REDIRECT] 
2025-12-09 21:05:50,102 [ERROR] LogOutputStream:75 - [STDERR_REDIRECT] [Fatal Error] :1:1: Premature end of file.
2025-12-09 21:05:50,102 [ERROR] LogOutputStream:75 - [STDERR_REDIRECT] 
2025-12-09 21:05:51,105 [ERROR] LogOutputStream:75 - [STDERR_REDIRECT] [Fatal Error] :1:1: Premature end of file.
2025-12-09 21:05:51,105 [ERROR] LogOutputStream:75 - [STDERR_REDIRECT] 
2025-12-09 21:05:52,102 [ERROR] LogOutputStream:75 - [STDERR_REDIRECT] [Fatal Error] :1:1: Premature end of file.
2025-12-09 21:05:52,102 [ERROR] LogOutputStream:75 - [STDERR_REDIRECT] 
2025-12-09 21:05:53,102 [ERROR] LogOutputStream:75 - [STDERR_REDIRECT] [Fatal Error] :1:1: Premature end of file.
2025-12-09 21:05:53,102 [ERROR] LogOutputStream:75 - [STDERR_REDIRECT] 
2025-12-09 21:05:54,101 [ERROR] LogOutputStream:75 - [STDERR_REDIRECT] [Fatal Error] :1:1: Premature end of file.
2025-12-09 21:05:54,101 [ERROR] LogOutputStream:75 - [STDERR_REDIRECT] 
2025-12-09 21:05:55,103 [ERROR] LogOutputStream:75 - [STDERR_REDIRECT] [Fatal Error] :1:1: Premature end of file.
2025-12-09 21:05:55,104 [ERROR] LogOutputStream:75 - [STDERR_REDIRECT] 
2025-12-09 21:05:56,101 [ERROR] LogOutputStream:75 - [STDERR_REDIRECT] [Fatal Error] :1:1: Premature end of file.
2025-12-09 21:05:56,101 [ERROR] LogOutputStream:75 - [STDERR_REDIRECT] 
2025-12-09 21:05:57,104 [ERROR] LogOutputStream:75 - [STDERR_REDIRECT] [Fatal Error] :1:1: Premature end of file.
2025-12-09 21:05:57,104 [ERROR] LogOutputStream:75 - [STDERR_REDIRECT] 
2025-12-09 21:05:58,103 [ERROR] LogOutputStream:75 - [STDERR_REDIRECT] [Fatal Error] :1:1: Premature end of file.
2025-12-09 21:05:58,103 [ERROR] LogOutputStream:75 - [STDERR_REDIRECT] 
2025-12-09 21:05:59,103 [ERROR] LogOutputStream:75 - [STDERR_REDIRECT] [Fatal Error] :1:1: Premature end of file.
2025-12-09 21:05:59,105 [ERROR] LogOutputStream:75 - [STDERR_REDIRECT] 
2025-12-09 21:06:00,101 [ERROR] LogOutputStream:75 - [STDERR_REDIRECT] [Fatal Error] :1:1: Premature end of file.
2025-12-09 21:06:00,101 [ERROR] LogOutputStream:75 - [STDERR_REDIRECT] 
2025-12-09 21:06:01,105 [ERROR] LogOutputStream:75 - [STDERR_REDIRECT] [Fatal Error] :1:1: Premature end of file.
2025-12-09 21:06:01,105 [ERROR] LogOutputStream:75 - [STDERR_REDIRECT] 
2025-12-09 21:06:02,103 [ERROR] LogOutputStream:75 - [STDERR_REDIRECT] [Fatal Error] :1:1: Premature end of file.
2025-12-09 21:06:02,103 [ERROR] LogOutputStream:75 - [STDERR_REDIRECT] 
2025-12-09 21:06:03,110 [ERROR] LogOutputStream:75 - [STDERR_REDIRECT] [Fatal Error] :1:1: Premature end of file.
2025-12-09 21:06:03,110 [ERROR] LogOutputStream:75 - [STDERR_REDIRECT] 
2025-12-09 21:06:04,167 [ERROR] LogOutputStream:75 - [STDERR_REDIRECT] [Fatal Error] :1:1: Premature end of file.
2025-12-09 21:06:04,168 [ERROR] LogOutputStream:75 - [STDERR_REDIRECT] 
2025-12-09 21:06:05,161 [ERROR] LogOutputStream:75 - [STDERR_REDIRECT] [Fatal Error] :1:1: Premature end of file.
2025-12-09 21:06:05,161 [ERROR] LogOutputStream:75 - [STDERR_REDIRECT] 
2025-12-09 21:06:06,181 [ERROR] LogOutputStream:75 - [STDERR_REDIRECT] [Fatal Error] :1:1: Premature end of file.
2025-12-09 21:06:06,181 [ERROR] LogOutputStream:75 - [STDERR_REDIRECT] 
2025-12-09 21:06:07,105 [ERROR] LogOutputStream:75 - [STDERR_REDIRECT] [Fatal Error] :1:1: Premature end of file.
2025-12-09 21:06:07,105 [ERROR] LogOutputStream:75 - [STDERR_REDIRECT] 
2025-12-09 21:06:08,118 [ERROR] LogOutputStream:75 - [STDERR_REDIRECT] [Fatal Error] :1:1: Premature end of file.
2025-12-09 21:06:08,118 [ERROR] LogOutputStream:75 - [STDERR_REDIRECT] 
2025-12-09 21:06:09,120 [ERROR] LogOutputStream:75 - [STDERR_REDIRECT] [Fatal Error] :1:1: Premature end of file.
2025-12-09 21:06:09,120 [ERROR] LogOutputStream:75 - [STDERR_REDIRECT] 
2025-12-09 21:06:10,101 [ERROR] LogOutputStream:75 - [STDERR_REDIRECT] [Fatal Error] :1:1: Premature end of file.
2025-12-09 21:06:10,101 [ERROR] LogOutputStream:75 - [STDERR_REDIRECT] 
2025-12-09 21:06:11,144 [ERROR] LogOutputStream:75 - [STDERR_REDIRECT] [Fatal Error] :1:1: Premature end of file.
2025-12-09 21:06:11,144 [ERROR] LogOutputStream:75 - [STDERR_REDIRECT] 
2025-12-09 21:06:12,105 [ERROR] LogOutputStream:75 - [STDERR_REDIRECT] [Fatal Error] :1:1: Premature end of file.
2025-12-09 21:06:12,105 [ERROR] LogOutputStream:75 - [STDERR_REDIRECT] 
2025-12-09 21:06:13,103 [ERROR] LogOutputStream:75 - [STDERR_REDIRECT] [Fatal Error] :1:1: Premature end of file.
2025-12-09 21:06:13,103 [ERROR] LogOutputStream:75 - [STDERR_REDIRECT] 
2025-12-09 21:06:14,104 [ERROR] LogOutputStream:75 - [STDERR_REDIRECT] [Fatal Error] :1:1: Premature end of file.
2025-12-09 21:06:14,104 [ERROR] LogOutputStream:75 - [STDERR_REDIRECT] 
2025-12-09 21:06:15,116 [ERROR] LogOutputStream:75 - [STDERR_REDIRECT] [Fatal Error] :1:1: Premature end of file.
2025-12-09 21:06:15,116 [ERROR] LogOutputStream:75 - [STDERR_REDIRECT] 
2025-12-09 21:06:16,100 [ERROR] LogOutputStream:75 - [STDERR_REDIRECT] [Fatal Error] :1:1: Premature end of file.
2025-12-09 21:06:16,101 [ERROR] LogOutputStream:75 - [STDERR_REDIRECT] 
2025-12-09 21:06:17,104 [ERROR] LogOutputStream:75 - [STDERR_REDIRECT] [Fatal Error] :1:1: Premature end of file.
2025-12-09 21:06:17,104 [ERROR] LogOutputStream:75 - [STDERR_REDIRECT] 
2025-12-09 21:06:18,101 [ERROR] LogOutputStream:75 - [STDERR_REDIRECT] [Fatal Error] :1:1: Premature end of file.
2025-12-09 21:06:18,101 [ERROR] LogOutputStream:75 - [STDERR_REDIRECT] 
2025-12-09 21:06:19,100 [ERROR] LogOutputStream:75 - [STDERR_REDIRECT] [Fatal Error] :1:1: Premature end of file.
2025-12-09 21:06:19,100 [ERROR] LogOutputStream:75 - [STDERR_REDIRECT] 
2025-12-09 21:06:20,100 [ERROR] LogOutputStream:75 - [STDERR_REDIRECT] [Fatal Error] :1:1: Premature end of file.
2025-12-09 21:06:20,100 [ERROR] LogOutputStream:75 - [STDERR_REDIRECT] 
2025-12-09 21:06:21,101 [ERROR] LogOutputStream:75 - [STDERR_REDIRECT] [Fatal Error] :1:1: Premature end of file.
2025-12-09 21:06:21,101 [ERROR] LogOutputStream:75 - [STDERR_REDIRECT] 
2025-12-09 21:06:22,101 [ERROR] LogOutputStream:75 - [STDERR_REDIRECT] [Fatal Error] :1:1: Premature end of file.
2025-12-09 21:06:22,101 [ERROR] LogOutputStream:75 - [STDERR_REDIRECT] 
2025-12-09 21:06:23,111 [ERROR] LogOutputStream:75 - [STDERR_REDIRECT] [Fatal Error] :1:1: Premature end of file.
2025-12-09 21:06:23,111 [ERROR] LogOutputStream:75 - [STDERR_REDIRECT] 
2025-12-09 21:06:24,110 [ERROR] LogOutputStream:75 - [STDERR_REDIRECT] [Fatal Error] :1:1: Premature end of file.
2025-12-09 21:06:24,110 [ERROR] LogOutputStream:75 - [STDERR_REDIRECT] 
2025-12-09 21:06:25,242 [ERROR] LogOutputStream:75 - [STDERR_REDIRECT] [Fatal Error] :1:1: Premature end of file.
2025-12-09 21:06:25,242 [ERROR] LogOutputStream:75 - [STDERR_REDIRECT] 
2025-12-09 21:06:26,113 [ERROR] LogOutputStream:75 - [STDERR_REDIRECT] [Fatal Error] :1:1: Premature end of file.
2025-12-09 21:06:26,113 [ERROR] LogOutputStream:75 - [STDERR_REDIRECT] 
2025-12-09 21:06:27,103 [ERROR] LogOutputStream:75 - [STDERR_REDIRECT] [Fatal Error] :1:1: Premature end of file.
2025-12-09 21:06:27,103 [ERROR] LogOutputStream:75 - [STDERR_REDIRECT] 
2025-12-09 21:06:28,103 [ERROR] LogOutputStream:75 - [STDERR_REDIRECT] [Fatal Error] :1:1: Premature end of file.
2025-12-09 21:06:28,103 [ERROR] LogOutputStream:75 - [STDERR_REDIRECT] 
2025-12-09 21:06:29,103 [ERROR] LogOutputStream:75 - [STDERR_REDIRECT] [Fatal Error] :1:1: Premature end of file.
2025-12-09 21:06:29,103 [ERROR] LogOutputStream:75 - [STDERR_REDIRECT] 
2025-12-09 21:06:30,102 [ERROR] LogOutputStream:75 - [STDERR_REDIRECT] [Fatal Error] :1:1: Premature end of file.
2025-12-09 21:06:30,102 [ERROR] LogOutputStream:75 - [STDERR_REDIRECT] 
2025-12-09 21:06:31,104 [ERROR] LogOutputStream:75 - [STDERR_REDIRECT] [Fatal Error] :1:1: Premature end of file.
2025-12-09 21:06:31,104 [ERROR] LogOutputStream:75 - [STDERR_REDIRECT] 
2025-12-09 21:06:32,102 [ERROR] LogOutputStream:75 - [STDERR_REDIRECT] [Fatal Error] :1:1: Premature end of file.
2025-12-09 21:06:32,102 [ERROR] LogOutputStream:75 - [STDERR_REDIRECT] 
2025-12-09 21:06:33,102 [ERROR] LogOutputStream:75 - [STDERR_REDIRECT] [Fatal Error] :1:1: Premature end of file.
2025-12-09 21:06:33,102 [ERROR] LogOutputStream:75 - [STDERR_REDIRECT] 
2025-12-09 21:06:34,104 [ERROR] LogOutputStream:75 - [STDERR_REDIRECT] [Fatal Error] :1:1: Premature end of file.
2025-12-09 21:06:34,104 [ERROR] LogOutputStream:75 - [STDERR_REDIRECT] 
2025-12-09 21:06:35,102 [ERROR] LogOutputStream:75 - [STDERR_REDIRECT] [Fatal Error] :1:1: Premature end of file.
2025-12-09 21:06:35,102 [ERROR] LogOutputStream:75 - [STDERR_REDIRECT] 
2025-12-09 21:06:36,102 [ERROR] LogOutputStream:75 - [STDERR_REDIRECT] [Fatal Error] :1:1: Premature end of file.
2025-12-09 21:06:36,102 [ERROR] LogOutputStream:75 - [STDERR_REDIRECT] 
2025-12-09 21:06:37,102 [ERROR] LogOutputStream:75 - [STDERR_REDIRECT] [Fatal Error] :1:1: Premature end of file.
2025-12-09 21:06:37,103 [ERROR] LogOutputStream:75 - [STDERR_REDIRECT] 
2025-12-09 21:06:38,104 [ERROR] LogOutputStream:75 - [STDERR_REDIRECT] [Fatal Error] :1:1: Premature end of file.
2025-12-09 21:06:38,104 [ERROR] LogOutputStream:75 - [STDERR_REDIRECT] 
2025-12-09 21:06:39,210 [ERROR] LogOutputStream:75 - [STDERR_REDIRECT] [Fatal Error] :1:1: Premature end of file.
2025-12-09 21:06:39,210 [ERROR] LogOutputStream:75 - [STDERR_REDIRECT] 
2025-12-09 21:06:40,109 [ERROR] LogOutputStream:75 - [STDERR_REDIRECT] [Fatal Error] :1:1: Premature end of file.
2025-12-09 21:06:40,109 [ERROR] LogOutputStream:75 - [STDERR_REDIRECT] 
2025-12-09 21:06:41,150 [ERROR] LogOutputStream:75 - [STDERR_REDIRECT] [Fatal Error] :1:1: Premature end of file.
2025-12-09 21:06:41,150 [ERROR] LogOutputStream:75 - [STDERR_REDIRECT] 
2025-12-09 21:06:42,100 [ERROR] LogOutputStream:75 - [STDERR_REDIRECT] [Fatal Error] :1:1: Premature end of file.
2025-12-09 21:06:42,101 [ERROR] LogOutputStream:75 - [STDERR_REDIRECT] 
2025-12-09 21:06:43,107 [ERROR] LogOutputStream:75 - [STDERR_REDIRECT] [Fatal Error] :1:1: Premature end of file.
2025-12-09 21:06:43,107 [ERROR] LogOutputStream:75 - [STDERR_REDIRECT] 
2025-12-09 21:06:44,104 [ERROR] LogOutputStream:75 - [STDERR_REDIRECT] [Fatal Error] :1:1: Premature end of file.
2025-12-09 21:06:44,104 [ERROR] LogOutputStream:75 - [STDERR_REDIRECT] 
2025-12-09 21:06:45,107 [ERROR] LogOutputStream:75 - [STDERR_REDIRECT] [Fatal Error] :1:1: Premature end of file.
2025-12-09 21:06:45,107 [ERROR] LogOutputStream:75 - [STDERR_REDIRECT] 
2025-12-09 21:06:46,103 [ERROR] LogOutputStream:75 - [STDERR_REDIRECT] [Fatal Error] :1:1: Premature end of file.
2025-12-09 21:06:46,103 [ERROR] LogOutputStream:75 - [STDERR_REDIRECT] 
2025-12-09 21:06:47,120 [ERROR] LogOutputStream:75 - [STDERR_REDIRECT] [Fatal Error] :1:1: Premature end of file.
2025-12-09 21:06:47,120 [ERROR] LogOutputStream:75 - [STDERR_REDIRECT] 
2025-12-09 21:06:48,102 [ERROR] LogOutputStream:75 - [STDERR_REDIRECT] [Fatal Error] :1:1: Premature end of file.
2025-12-09 21:06:48,102 [ERROR] LogOutputStream:75 - [STDERR_REDIRECT] 
2025-12-09 21:06:49,102 [ERROR] LogOutputStream:75 - [STDERR_REDIRECT] [Fatal Error] :1:1: Premature end of file.
2025-12-09 21:06:49,102 [ERROR] LogOutputStream:75 - [STDERR_REDIRECT] 
2025-12-09 21:06:50,102 [ERROR] LogOutputStream:75 - [STDERR_REDIRECT] [Fatal Error] :1:1: Premature end of file.
2025-12-09 21:06:50,102 [ERROR] LogOutputStream:75 - [STDERR_REDIRECT] 
2025-12-09 21:06:51,100 [ERROR] LogOutputStream:75 - [STDERR_REDIRECT] [Fatal Error] :1:1: Premature end of file.
2025-12-09 21:06:51,100 [ERROR] LogOutputStream:75 - [STDERR_REDIRECT] 
2025-12-09 21:06:52,102 [ERROR] LogOutputStream:75 - [STDERR_REDIRECT] [Fatal Error] :1:1: Premature end of file.
2025-12-09 21:06:52,102 [ERROR] LogOutputStream:75 - [STDERR_REDIRECT] 
2025-12-09 21:06:53,101 [ERROR] LogOutputStream:75 - [STDERR_REDIRECT] [Fatal Error] :1:1: Premature end of file.
2025-12-09 21:06:53,102 [ERROR] LogOutputStream:75 - [STDERR_REDIRECT] 
2025-12-09 21:06:54,101 [ERROR] LogOutputStream:75 - [STDERR_REDIRECT] [Fatal Error] :1:1: Premature end of file.
2025-12-09 21:06:54,101 [ERROR] LogOutputStream:75 - [STDERR_REDIRECT] 
2025-12-09 21:06:55,105 [ERROR] LogOutputStream:75 - [STDERR_REDIRECT] [Fatal Error] :1:1: Premature end of file.
2025-12-09 21:06:55,105 [ERROR] LogOutputStream:75 - [STDERR_REDIRECT] 
2025-12-09 21:06:56,104 [ERROR] LogOutputStream:75 - [STDERR_REDIRECT] [Fatal Error] :1:1: Premature end of file.
2025-12-09 21:06:56,104 [ERROR] LogOutputStream:75 - [STDERR_REDIRECT] 
2025-12-09 21:06:57,104 [ERROR] LogOutputStream:75 - [STDERR_REDIRECT] [Fatal Error] :1:1: Premature end of file.
2025-12-09 21:06:57,104 [ERROR] LogOutputStream:75 - [STDERR_REDIRECT] 
2025-12-09 21:06:58,107 [ERROR] LogOutputStream:75 - [STDERR_REDIRECT] [Fatal Error] :1:1: Premature end of file.
2025-12-09 21:06:58,107 [ERROR] LogOutputStream:75 - [STDERR_REDIRECT] 
2025-12-09 21:06:59,102 [ERROR] LogOutputStream:75 - [STDERR_REDIRECT] [Fatal Error] :1:1: Premature end of file.
2025-12-09 21:06:59,102 [ERROR] LogOutputStream:75 - [STDERR_REDIRECT] 
2025-12-09 21:07:00,104 [ERROR] LogOutputStream:75 - [STDERR_REDIRECT] [Fatal Error] :1:1: Premature end of file.
2025-12-09 21:07:00,104 [ERROR] LogOutputStream:75 - [STDERR_REDIRECT] 
2025-12-09 21:07:01,102 [ERROR] LogOutputStream:75 - [STDERR_REDIRECT] [Fatal Error] :1:1: Premature end of file.
2025-12-09 21:07:01,102 [ERROR] LogOutputStream:75 - [STDERR_REDIRECT] 
2025-12-09 21:07:02,104 [ERROR] LogOutputStream:75 - [STDERR_REDIRECT] [Fatal Error] :1:1: Premature end of file.
2025-12-09 21:07:02,104 [ERROR] LogOutputStream:75 - [STDERR_REDIRECT] 
2025-12-09 21:07:03,105 [ERROR] LogOutputStream:75 - [STDERR_REDIRECT] [Fatal Error] :1:1: Premature end of file.
2025-12-09 21:07:03,105 [ERROR] LogOutputStream:75 - [STDERR_REDIRECT] 
2025-12-09 21:07:04,107 [ERROR] LogOutputStream:75 - [STDERR_REDIRECT] [Fatal Error] :1:1: Premature end of file.
2025-12-09 21:07:04,107 [ERROR] LogOutputStream:75 - [STDERR_REDIRECT] 
2025-12-09 21:07:05,108 [ERROR] LogOutputStream:75 - [STDERR_REDIRECT] [Fatal Error] :1:1: Premature end of file.
2025-12-09 21:07:05,108 [ERROR] LogOutputStream:75 - [STDERR_REDIRECT] 
2025-12-09 21:07:06,107 [ERROR] LogOutputStream:75 - [STDERR_REDIRECT] [Fatal Error] :1:1: Premature end of file.
2025-12-09 21:07:06,107 [ERROR] LogOutputStream:75 - [STDERR_REDIRECT] 
2025-12-09 21:07:07,105 [ERROR] LogOutputStream:75 - [STDERR_REDIRECT] [Fatal Error] :1:1: Premature end of file.
2025-12-09 21:07:07,105 [ERROR] LogOutputStream:75 - [STDERR_REDIRECT] 
2025-12-09 21:07:08,107 [ERROR] LogOutputStream:75 - [STDERR_REDIRECT] [Fatal Error] :1:1: Premature end of file.
2025-12-09 21:07:08,107 [ERROR] LogOutputStream:75 - [STDERR_REDIRECT] 
2025-12-09 21:07:09,103 [ERROR] LogOutputStream:75 - [STDERR_REDIRECT] [Fatal Error] :1:1: Premature end of file.
2025-12-09 21:07:09,104 [ERROR] LogOutputStream:75 - [STDERR_REDIRECT] 
2025-12-09 21:07:10,103 [ERROR] LogOutputStream:75 - [STDERR_REDIRECT] [Fatal Error] :1:1: Premature end of file.
2025-12-09 21:07:10,103 [ERROR] LogOutputStream:75 - [STDERR_REDIRECT] 
2025-12-09 21:07:11,103 [ERROR] LogOutputStream:75 - [STDERR_REDIRECT] [Fatal Error] :1:1: Premature end of file.
2025-12-09 21:07:11,104 [ERROR] LogOutputStream:75 - [STDERR_REDIRECT] 
2025-12-09 21:07:12,103 [ERROR] LogOutputStream:75 - [STDERR_REDIRECT] [Fatal Error] :1:1: Premature end of file.
2025-12-09 21:07:12,103 [ERROR] LogOutputStream:75 - [STDERR_REDIRECT] 
2025-12-09 21:07:13,102 [ERROR] LogOutputStream:75 - [STDERR_REDIRECT] [Fatal Error] :1:1: Premature end of file.
2025-12-09 21:07:13,102 [ERROR] LogOutputStream:75 - [STDERR_REDIRECT] 
2025-12-09 21:07:14,106 [ERROR] LogOutputStream:75 - [STDERR_REDIRECT] [Fatal Error] :1:1: Premature end of file.
2025-12-09 21:07:14,106 [ERROR] LogOutputStream:75 - [STDERR_REDIRECT] 
2025-12-09 21:07:15,103 [ERROR] LogOutputStream:75 - [STDERR_REDIRECT] [Fatal Error] :1:1: Premature end of file.
2025-12-09 21:07:15,103 [ERROR] LogOutputStream:75 - [STDERR_REDIRECT] 
2025-12-09 21:07:16,102 [ERROR] LogOutputStream:75 - [STDERR_REDIRECT] [Fatal Error] :1:1: Premature end of file.
2025-12-09 21:07:16,102 [ERROR] LogOutputStream:75 - [STDERR_REDIRECT] 
2025-12-09 21:07:17,103 [ERROR] LogOutputStream:75 - [STDERR_REDIRECT] [Fatal Error] :1:1: Premature end of file.
2025-12-09 21:07:17,103 [ERROR] LogOutputStream:75 - [STDERR_REDIRECT] 
2025-12-09 21:07:18,102 [ERROR] LogOutputStream:75 - [STDERR_REDIRECT] [Fatal Error] :1:1: Premature end of file.
2025-12-09 21:07:18,103 [ERROR] LogOutputStream:75 - [STDERR_REDIRECT] 
2025-12-09 21:07:19,103 [ERROR] LogOutputStream:75 - [STDERR_REDIRECT] [Fatal Error] :1:1: Premature end of file.
2025-12-09 21:07:19,103 [ERROR] LogOutputStream:75 - [STDERR_REDIRECT] 
2025-12-09 21:07:20,102 [ERROR] LogOutputStream:75 - [STDERR_REDIRECT] [Fatal Error] :1:1: Premature end of file.
2025-12-09 21:07:20,102 [ERROR] LogOutputStream:75 - [STDERR_REDIRECT] 
2025-12-09 21:07:21,103 [ERROR] LogOutputStream:75 - [STDERR_REDIRECT] [Fatal Error] :1:1: Premature end of file.
2025-12-09 21:07:21,103 [ERROR] LogOutputStream:75 - [STDERR_REDIRECT] 
2025-12-09 21:07:22,103 [ERROR] LogOutputStream:75 - [STDERR_REDIRECT] [Fatal Error] :1:1: Premature end of file.
2025-12-09 21:07:22,103 [ERROR] LogOutputStream:75 - [STDERR_REDIRECT] 
2025-12-09 21:07:23,102 [ERROR] LogOutputStream:75 - [STDERR_REDIRECT] [Fatal Error] :1:1: Premature end of file.
2025-12-09 21:07:23,102 [ERROR] LogOutputStream:75 - [STDERR_REDIRECT] 
2025-12-09 21:07:24,101 [ERROR] LogOutputStream:75 - [STDERR_REDIRECT] [Fatal Error] :1:1: Premature end of file.
2025-12-09 21:07:24,101 [ERROR] LogOutputStream:75 - [STDERR_REDIRECT] 
2025-12-09 21:07:25,103 [ERROR] LogOutputStream:75 - [STDERR_REDIRECT] [Fatal Error] :1:1: Premature end of file.
2025-12-09 21:07:25,103 [ERROR] LogOutputStream:75 - [STDERR_REDIRECT] 
2025-12-09 21:07:26,103 [ERROR] LogOutputStream:75 - [STDERR_REDIRECT] [Fatal Error] :1:1: Premature end of file.
2025-12-09 21:07:26,103 [ERROR] LogOutputStream:75 - [STDERR_REDIRECT] 
2025-12-09 21:07:27,102 [ERROR] LogOutputStream:75 - [STDERR_REDIRECT] [Fatal Error] :1:1: Premature end of file.
2025-12-09 21:07:27,102 [ERROR] LogOutputStream:75 - [STDERR_REDIRECT] 
2025-12-09 21:07:28,103 [ERROR] LogOutputStream:75 - [STDERR_REDIRECT] [Fatal Error] :1:1: Premature end of file.
2025-12-09 21:07:28,103 [ERROR] LogOutputStream:75 - [STDERR_REDIRECT] 
2025-12-09 21:07:29,101 [ERROR] LogOutputStream:75 - [STDERR_REDIRECT] [Fatal Error] :1:1: Premature end of file.
2025-12-09 21:07:29,101 [ERROR] LogOutputStream:75 - [STDERR_REDIRECT] 
2025-12-09 21:07:30,107 [ERROR] LogOutputStream:75 - [STDERR_REDIRECT] [Fatal Error] :1:1: Premature end of file.
2025-12-09 21:07:30,107 [ERROR] LogOutputStream:75 - [STDERR_REDIRECT] 
2025-12-09 21:07:31,106 [ERROR] LogOutputStream:75 - [STDERR_REDIRECT] [Fatal Error] :1:1: Premature end of file.
2025-12-09 21:07:31,106 [ERROR] LogOutputStream:75 - [STDERR_REDIRECT] 
2025-12-09 21:07:32,103 [ERROR] LogOutputStream:75 - [STDERR_REDIRECT] [Fatal Error] :1:1: Premature end of file.
2025-12-09 21:07:32,103 [ERROR] LogOutputStream:75 - [STDERR_REDIRECT] 
2025-12-09 21:07:33,103 [ERROR] LogOutputStream:75 - [STDERR_REDIRECT] [Fatal Error] :1:1: Premature end of file.
2025-12-09 21:07:33,104 [ERROR] LogOutputStream:75 - [STDERR_REDIRECT] 
2025-12-09 21:07:34,103 [ERROR] LogOutputStream:75 - [STDERR_REDIRECT] [Fatal Error] :1:1: Premature end of file.
2025-12-09 21:07:34,103 [ERROR] LogOutputStream:75 - [STDERR_REDIRECT] 
2025-12-09 21:07:35,104 [ERROR] LogOutputStream:75 - [STDERR_REDIRECT] [Fatal Error] :1:1: Premature end of file.
2025-12-09 21:07:35,104 [ERROR] LogOutputStream:75 - [STDERR_REDIRECT] 
2025-12-09 21:07:36,103 [ERROR] LogOutputStream:75 - [STDERR_REDIRECT] [Fatal Error] :1:1: Premature end of file.
2025-12-09 21:07:36,103 [ERROR] LogOutputStream:75 - [STDERR_REDIRECT] 
2025-12-09 21:07:37,102 [ERROR] LogOutputStream:75 - [STDERR_REDIRECT] [Fatal Error] :1:1: Premature end of file.
2025-12-09 21:07:37,103 [ERROR] LogOutputStream:75 - [STDERR_REDIRECT] 
2025-12-09 21:07:38,103 [ERROR] LogOutputStream:75 - [STDERR_REDIRECT] [Fatal Error] :1:1: Premature end of file.
2025-12-09 21:07:38,103 [ERROR] LogOutputStream:75 - [STDERR_REDIRECT] 
2025-12-09 21:07:39,102 [ERROR] LogOutputStream:75 - [STDERR_REDIRECT] [Fatal Error] :1:1: Premature end of file.
2025-12-09 21:07:39,102 [ERROR] LogOutputStream:75 - [STDERR_REDIRECT] 
2025-12-09 21:07:40,103 [ERROR] LogOutputStream:75 - [STDERR_REDIRECT] [Fatal Error] :1:1: Premature end of file.
2025-12-09 21:07:40,103 [ERROR] LogOutputStream:75 - [STDERR_REDIRECT] 
2025-12-09 21:07:41,102 [ERROR] LogOutputStream:75 - [STDERR_REDIRECT] [Fatal Error] :1:1: Premature end of file.
2025-12-09 21:07:41,102 [ERROR] LogOutputStream:75 - [STDERR_REDIRECT] 
2025-12-09 21:07:42,103 [ERROR] LogOutputStream:75 - [STDERR_REDIRECT] [Fatal Error] :1:1: Premature end of file.
2025-12-09 21:07:42,103 [ERROR] LogOutputStream:75 - [STDERR_REDIRECT] 
2025-12-09 21:07:43,102 [ERROR] LogOutputStream:75 - [STDERR_REDIRECT] [Fatal Error] :1:1: Premature end of file.
2025-12-09 21:07:43,102 [ERROR] LogOutputStream:75 - [STDERR_REDIRECT] 
2025-12-09 21:07:44,103 [ERROR] LogOutputStream:75 - [STDERR_REDIRECT] [Fatal Error] :1:1: Premature end of file.
2025-12-09 21:07:44,104 [ERROR] LogOutputStream:75 - [STDERR_REDIRECT] 
2025-12-09 21:07:45,102 [ERROR] LogOutputStream:75 - [STDERR_REDIRECT] [Fatal Error] :1:1: Premature end of file.
2025-12-09 21:07:45,102 [ERROR] LogOutputStream:75 - [STDERR_REDIRECT] 
2025-12-09 21:07:46,102 [ERROR] LogOutputStream:75 - [STDERR_REDIRECT] [Fatal Error] :1:1: Premature end of file.
2025-12-09 21:07:46,102 [ERROR] LogOutputStream:75 - [STDERR_REDIRECT] 
2025-12-09 21:07:47,103 [ERROR] LogOutputStream:75 - [STDERR_REDIRECT] [Fatal Error] :1:1: Premature end of file.
2025-12-09 21:07:47,103 [ERROR] LogOutputStream:75 - [STDERR_REDIRECT] 
2025-12-09 21:07:48,101 [ERROR] LogOutputStream:75 - [STDERR_REDIRECT] [Fatal Error] :1:1: Premature end of file.
2025-12-09 21:07:48,101 [ERROR] LogOutputStream:75 - [STDERR_REDIRECT] 
2025-12-09 21:07:49,102 [ERROR] LogOutputStream:75 - [STDERR_REDIRECT] [Fatal Error] :1:1: Premature end of file.
2025-12-09 21:07:49,102 [ERROR] LogOutputStream:75 - [STDERR_REDIRECT] 
2025-12-09 21:07:50,102 [ERROR] LogOutputStream:75 - [STDERR_REDIRECT] [Fatal Error] :1:1: Premature end of file.
2025-12-09 21:07:50,102 [ERROR] LogOutputStream:75 - [STDERR_REDIRECT] 
2025-12-09 21:07:51,102 [ERROR] LogOutputStream:75 - [STDERR_REDIRECT] [Fatal Error] :1:1: Premature end of file.
2025-12-09 21:07:51,102 [ERROR] LogOutputStream:75 - [STDERR_REDIRECT] 
2025-12-09 21:07:52,103 [ERROR] LogOutputStream:75 - [STDERR_REDIRECT] [Fatal Error] :1:1: Premature end of file.
2025-12-09 21:07:52,103 [ERROR] LogOutputStream:75 - [STDERR_REDIRECT] 
2025-12-09 21:07:53,103 [ERROR] LogOutputStream:75 - [STDERR_REDIRECT] [Fatal Error] :1:1: Premature end of file.
2025-12-09 21:07:53,103 [ERROR] LogOutputStream:75 - [STDERR_REDIRECT] 
2025-12-09 21:07:54,101 [ERROR] LogOutputStream:75 - [STDERR_REDIRECT] [Fatal Error] :1:1: Premature end of file.
2025-12-09 21:07:54,101 [ERROR] LogOutputStream:75 - [STDERR_REDIRECT] 
2025-12-09 21:07:55,102 [ERROR] LogOutputStream:75 - [STDERR_REDIRECT] [Fatal Error] :1:1: Premature end of file.
2025-12-09 21:07:55,102 [ERROR] LogOutputStream:75 - [STDERR_REDIRECT] 
2025-12-09 21:07:56,104 [ERROR] LogOutputStream:75 - [STDERR_REDIRECT] [Fatal Error] :1:1: Premature end of file.
2025-12-09 21:07:56,104 [ERROR] LogOutputStream:75 - [STDERR_REDIRECT] 
2025-12-09 21:07:57,104 [ERROR] LogOutputStream:75 - [STDERR_REDIRECT] [Fatal Error] :1:1: Premature end of file.
2025-12-09 21:07:57,104 [ERROR] LogOutputStream:75 - [STDERR_REDIRECT] 
2025-12-09 21:07:58,102 [ERROR] LogOutputStream:75 - [STDERR_REDIRECT] [Fatal Error] :1:1: Premature end of file.
2025-12-09 21:07:58,102 [ERROR] LogOutputStream:75 - [STDERR_REDIRECT] 
2025-12-09 21:07:59,103 [ERROR] LogOutputStream:75 - [STDERR_REDIRECT] [Fatal Error] :1:1: Premature end of file.
2025-12-09 21:07:59,103 [ERROR] LogOutputStream:75 - [STDERR_REDIRECT] 
2025-12-09 21:08:00,102 [ERROR] LogOutputStream:75 - [STDERR_REDIRECT] [Fatal Error] :1:1: Premature end of file.
2025-12-09 21:08:00,102 [ERROR] LogOutputStream:75 - [STDERR_REDIRECT] 
2025-12-09 21:08:01,103 [ERROR] LogOutputStream:75 - [STDERR_REDIRECT] [Fatal Error] :1:1: Premature end of file.
2025-12-09 21:08:01,103 [ERROR] LogOutputStream:75 - [STDERR_REDIRECT] 
2025-12-09 21:08:02,102 [ERROR] LogOutputStream:75 - [STDERR_REDIRECT] [Fatal Error] :1:1: Premature end of file.
2025-12-09 21:08:02,102 [ERROR] LogOutputStream:75 - [STDERR_REDIRECT] 
2025-12-09 21:08:03,103 [ERROR] LogOutputStream:75 - [STDERR_REDIRECT] [Fatal Error] :1:1: Premature end of file.
2025-12-09 21:08:03,103 [ERROR] LogOutputStream:75 - [STDERR_REDIRECT] 
2025-12-09 21:08:04,103 [ERROR] LogOutputStream:75 - [STDERR_REDIRECT] [Fatal Error] :1:1: Premature end of file.
2025-12-09 21:08:04,103 [ERROR] LogOutputStream:75 - [STDERR_REDIRECT] 
2025-12-09 21:08:05,103 [ERROR] LogOutputStream:75 - [STDERR_REDIRECT] [Fatal Error] :1:1: Premature end of file.
2025-12-09 21:08:05,103 [ERROR] LogOutputStream:75 - [STDERR_REDIRECT] 
2025-12-09 21:08:06,103 [ERROR] LogOutputStream:75 - [STDERR_REDIRECT] [Fatal Error] :1:1: Premature end of file.
2025-12-09 21:08:06,103 [ERROR] LogOutputStream:75 - [STDERR_REDIRECT] 
2025-12-09 21:08:07,104 [ERROR] LogOutputStream:75 - [STDERR_REDIRECT] [Fatal Error] :1:1: Premature end of file.
2025-12-09 21:08:07,104 [ERROR] LogOutputStream:75 - [STDERR_REDIRECT] 
2025-12-09 21:08:08,104 [ERROR] LogOutputStream:75 - [STDERR_REDIRECT] [Fatal Error] :1:1: Premature end of file.
2025-12-09 21:08:08,104 [ERROR] LogOutputStream:75 - [STDERR_REDIRECT] 
2025-12-09 21:08:09,103 [ERROR] LogOutputStream:75 - [STDERR_REDIRECT] [Fatal Error] :1:1: Premature end of file.
2025-12-09 21:08:09,103 [ERROR] LogOutputStream:75 - [STDERR_REDIRECT] 
2025-12-09 21:08:10,104 [ERROR] LogOutputStream:75 - [STDERR_REDIRECT] [Fatal Error] :1:1: Premature end of file.
2025-12-09 21:08:10,104 [ERROR] LogOutputStream:75 - [STDERR_REDIRECT] 
2025-12-09 21:08:11,104 [ERROR] LogOutputStream:75 - [STDERR_REDIRECT] [Fatal Error] :1:1: Premature end of file.
2025-12-09 21:08:11,104 [ERROR] LogOutputStream:75 - [STDERR_REDIRECT] 
2025-12-09 21:08:12,102 [ERROR] LogOutputStream:75 - [STDERR_REDIRECT] [Fatal Error] :1:1: Premature end of file.
2025-12-09 21:08:12,102 [ERROR] LogOutputStream:75 - [STDERR_REDIRECT] 
2025-12-09 21:08:13,103 [ERROR] LogOutputStream:75 - [STDERR_REDIRECT] [Fatal Error] :1:1: Premature end of file.
2025-12-09 21:08:13,103 [ERROR] LogOutputStream:75 - [STDERR_REDIRECT] 
2025-12-09 21:08:14,102 [ERROR] LogOutputStream:75 - [STDERR_REDIRECT] [Fatal Error] :1:1: Premature end of file.
2025-12-09 21:08:14,102 [ERROR] LogOutputStream:75 - [STDERR_REDIRECT] 
2025-12-09 21:08:15,103 [ERROR] LogOutputStream:75 - [STDERR_REDIRECT] [Fatal Error] :1:1: Premature end of file.
2025-12-09 21:08:15,104 [ERROR] LogOutputStream:75 - [STDERR_REDIRECT] 
2025-12-09 21:08:16,104 [ERROR] LogOutputStream:75 - [STDERR_REDIRECT] [Fatal Error] :1:1: Premature end of file.
2025-12-09 21:08:16,104 [ERROR] LogOutputStream:75 - [STDERR_REDIRECT] 
2025-12-09 21:08:17,102 [ERROR] LogOutputStream:75 - [STDERR_REDIRECT] [Fatal Error] :1:1: Premature end of file.
2025-12-09 21:08:17,102 [ERROR] LogOutputStream:75 - [STDERR_REDIRECT] 
2025-12-09 21:08:18,103 [ERROR] LogOutputStream:75 - [STDERR_REDIRECT] [Fatal Error] :1:1: Premature end of file.
2025-12-09 21:08:18,103 [ERROR] LogOutputStream:75 - [STDERR_REDIRECT] 
2025-12-09 21:08:19,104 [ERROR] LogOutputStream:75 - [STDERR_REDIRECT] [Fatal Error] :1:1: Premature end of file.
2025-12-09 21:08:19,104 [ERROR] LogOutputStream:75 - [STDERR_REDIRECT] 
2025-12-09 21:08:20,102 [ERROR] LogOutputStream:75 - [STDERR_REDIRECT] [Fatal Error] :1:1: Premature end of file.
2025-12-09 21:08:20,102 [ERROR] LogOutputStream:75 - [STDERR_REDIRECT] 
2025-12-09 21:08:21,104 [ERROR] LogOutputStream:75 - [STDERR_REDIRECT] [Fatal Error] :1:1: Premature end of file.
2025-12-09 21:08:21,104 [ERROR] LogOutputStream:75 - [STDERR_REDIRECT] 
2025-12-09 21:08:22,102 [ERROR] LogOutputStream:75 - [STDERR_REDIRECT] [Fatal Error] :1:1: Premature end of file.
2025-12-09 21:08:22,102 [ERROR] LogOutputStream:75 - [STDERR_REDIRECT] 
2025-12-09 21:08:23,104 [ERROR] LogOutputStream:75 - [STDERR_REDIRECT] [Fatal Error] :1:1: Premature end of file.
2025-12-09 21:08:23,104 [ERROR] LogOutputStream:75 - [STDERR_REDIRECT] 
2025-12-09 21:08:24,102 [ERROR] LogOutputStream:75 - [STDERR_REDIRECT] [Fatal Error] :1:1: Premature end of file.
2025-12-09 21:08:24,102 [ERROR] LogOutputStream:75 - [STDERR_REDIRECT] 
2025-12-09 21:08:25,103 [ERROR] LogOutputStream:75 - [STDERR_REDIRECT] [Fatal Error] :1:1: Premature end of file.
2025-12-09 21:08:25,103 [ERROR] LogOutputStream:75 - [STDERR_REDIRECT] 
2025-12-09 21:08:26,103 [ERROR] LogOutputStream:75 - [STDERR_REDIRECT] [Fatal Error] :1:1: Premature end of file.
2025-12-09 21:08:26,103 [ERROR] LogOutputStream:75 - [STDERR_REDIRECT] 
2025-12-09 21:08:27,102 [ERROR] LogOutputStream:75 - [STDERR_REDIRECT] [Fatal Error] :1:1: Premature end of file.
2025-12-09 21:08:27,102 [ERROR] LogOutputStream:75 - [STDERR_REDIRECT] 
2025-12-09 21:08:28,102 [ERROR] LogOutputStream:75 - [STDERR_REDIRECT] [Fatal Error] :1:1: Premature end of file.
2025-12-09 21:08:28,102 [ERROR] LogOutputStream:75 - [STDERR_REDIRECT] 
2025-12-09 21:08:29,103 [ERROR] LogOutputStream:75 - [STDERR_REDIRECT] [Fatal Error] :1:1: Premature end of file.
2025-12-09 21:08:29,103 [ERROR] LogOutputStream:75 - [STDERR_REDIRECT] 
2025-12-09 21:08:30,104 [ERROR] LogOutputStream:75 - [STDERR_REDIRECT] [Fatal Error] :1:1: Premature end of file.
2025-12-09 21:08:30,104 [ERROR] LogOutputStream:75 - [STDERR_REDIRECT] 
2025-12-09 21:08:31,104 [ERROR] LogOutputStream:75 - [STDERR_REDIRECT] [Fatal Error] :1:1: Premature end of file.
2025-12-09 21:08:31,104 [ERROR] LogOutputStream:75 - [STDERR_REDIRECT] 
2025-12-09 21:08:32,103 [ERROR] LogOutputStream:75 - [STDERR_REDIRECT] [Fatal Error] :1:1: Premature end of file.
2025-12-09 21:08:32,103 [ERROR] LogOutputStream:75 - [STDERR_REDIRECT] 
2025-12-09 21:08:33,102 [ERROR] LogOutputStream:75 - [STDERR_REDIRECT] [Fatal Error] :1:1: Premature end of file.
2025-12-09 21:08:33,102 [ERROR] LogOutputStream:75 - [STDERR_REDIRECT] 
2025-12-09 21:08:34,103 [ERROR] LogOutputStream:75 - [STDERR_REDIRECT] [Fatal Error] :1:1: Premature end of file.
2025-12-09 21:08:34,103 [ERROR] LogOutputStream:75 - [STDERR_REDIRECT] 
2025-12-09 21:08:35,103 [ERROR] LogOutputStream:75 - [STDERR_REDIRECT] [Fatal Error] :1:1: Premature end of file.
2025-12-09 21:08:35,103 [ERROR] LogOutputStream:75 - [STDERR_REDIRECT] 
2025-12-09 21:08:36,103 [ERROR] LogOutputStream:75 - [STDERR_REDIRECT] [Fatal Error] :1:1: Premature end of file.
2025-12-09 21:08:36,103 [ERROR] LogOutputStream:75 - [STDERR_REDIRECT] 
2025-12-09 21:08:37,102 [ERROR] LogOutputStream:75 - [STDERR_REDIRECT] [Fatal Error] :1:1: Premature end of file.
2025-12-09 21:08:37,102 [ERROR] LogOutputStream:75 - [STDERR_REDIRECT] 
2025-12-09 21:08:38,102 [ERROR] LogOutputStream:75 - [STDERR_REDIRECT] [Fatal Error] :1:1: Premature end of file.
2025-12-09 21:08:38,102 [ERROR] LogOutputStream:75 - [STDERR_REDIRECT] 
2025-12-09 21:08:39,102 [ERROR] LogOutputStream:75 - [STDERR_REDIRECT] [Fatal Error] :1:1: Premature end of file.
2025-12-09 21:08:39,102 [ERROR] LogOutputStream:75 - [STDERR_REDIRECT] 
2025-12-09 21:08:40,102 [ERROR] LogOutputStream:75 - [STDERR_REDIRECT] [Fatal Error] :1:1: Premature end of file.
2025-12-09 21:08:40,102 [ERROR] LogOutputStream:75 - [STDERR_REDIRECT] 
2025-12-09 21:08:41,103 [ERROR] LogOutputStream:75 - [STDERR_REDIRECT] [Fatal Error] :1:1: Premature end of file.
2025-12-09 21:08:41,103 [ERROR] LogOutputStream:75 - [STDERR_REDIRECT] 
2025-12-09 21:08:42,104 [ERROR] LogOutputStream:75 - [STDERR_REDIRECT] [Fatal Error] :1:1: Premature end of file.
2025-12-09 21:08:42,104 [ERROR] LogOutputStream:75 - [STDERR_REDIRECT] 
2025-12-09 21:08:43,104 [ERROR] LogOutputStream:75 - [STDERR_REDIRECT] [Fatal Error] :1:1: Premature end of file.
2025-12-09 21:08:43,104 [ERROR] LogOutputStream:75 - [STDERR_REDIRECT] 
2025-12-09 21:08:44,103 [ERROR] LogOutputStream:75 - [STDERR_REDIRECT] [Fatal Error] :1:1: Premature end of file.
2025-12-09 21:08:44,103 [ERROR] LogOutputStream:75 - [STDERR_REDIRECT] 
2025-12-09 21:08:45,102 [ERROR] LogOutputStream:75 - [STDERR_REDIRECT] [Fatal Error] :1:1: Premature end of file.
2025-12-09 21:08:45,102 [ERROR] LogOutputStream:75 - [STDERR_REDIRECT] 
2025-12-09 21:08:46,104 [ERROR] LogOutputStream:75 - [STDERR_REDIRECT] [Fatal Error] :1:1: Premature end of file.
2025-12-09 21:08:46,104 [ERROR] LogOutputStream:75 - [STDERR_REDIRECT] 
2025-12-09 21:08:47,103 [ERROR] LogOutputStream:75 - [STDERR_REDIRECT] [Fatal Error] :1:1: Premature end of file.
2025-12-09 21:08:47,103 [ERROR] LogOutputStream:75 - [STDERR_REDIRECT] 
2025-12-09 21:08:48,105 [ERROR] LogOutputStream:75 - [STDERR_REDIRECT] [Fatal Error] :1:1: Premature end of file.
2025-12-09 21:08:48,105 [ERROR] LogOutputStream:75 - [STDERR_REDIRECT] 
2025-12-09 21:08:49,103 [ERROR] LogOutputStream:75 - [STDERR_REDIRECT] [Fatal Error] :1:1: Premature end of file.
2025-12-09 21:08:49,103 [ERROR] LogOutputStream:75 - [STDERR_REDIRECT] 
2025-12-09 21:08:50,102 [ERROR] LogOutputStream:75 - [STDERR_REDIRECT] [Fatal Error] :1:1: Premature end of file.
2025-12-09 21:08:50,103 [ERROR] LogOutputStream:75 - [STDERR_REDIRECT] 
2025-12-09 21:08:51,101 [ERROR] LogOutputStream:75 - [STDERR_REDIRECT] [Fatal Error] :1:1: Premature end of file.
2025-12-09 21:08:51,101 [ERROR] LogOutputStream:75 - [STDERR_REDIRECT] 
2025-12-09 21:08:52,101 [ERROR] LogOutputStream:75 - [STDERR_REDIRECT] [Fatal Error] :1:1: Premature end of file.
2025-12-09 21:08:52,101 [ERROR] LogOutputStream:75 - [STDERR_REDIRECT] 
2025-12-09 21:08:53,103 [ERROR] LogOutputStream:75 - [STDERR_REDIRECT] [Fatal Error] :1:1: Premature end of file.
2025-12-09 21:08:53,103 [ERROR] LogOutputStream:75 - [STDERR_REDIRECT] 
2025-12-09 21:08:54,103 [ERROR] LogOutputStream:75 - [STDERR_REDIRECT] [Fatal Error] :1:1: Premature end of file.
2025-12-09 21:08:54,103 [ERROR] LogOutputStream:75 - [STDERR_REDIRECT] 
2025-12-09 21:08:55,102 [ERROR] LogOutputStream:75 - [STDERR_REDIRECT] [Fatal Error] :1:1: Premature end of file.
2025-12-09 21:08:55,103 [ERROR] LogOutputStream:75 - [STDERR_REDIRECT] 
2025-12-09 21:08:56,103 [ERROR] LogOutputStream:75 - [STDERR_REDIRECT] [Fatal Error] :1:1: Premature end of file.
2025-12-09 21:08:56,103 [ERROR] LogOutputStream:75 - [STDERR_REDIRECT] 
2025-12-09 21:08:58,143 [ERROR] LogOutputStream:75 - [STDERR_REDIRECT] [Fatal Error] :1:1: Premature end of file.
2025-12-09 21:08:58,143 [ERROR] LogOutputStream:75 - [STDERR_REDIRECT] 
2025-12-09 21:08:58,163 [ERROR] LogOutputStream:75 - [STDERR_REDIRECT] [Fatal Error] :1:1: Premature end of file.
2025-12-09 21:08:58,163 [ERROR] LogOutputStream:75 - [STDERR_REDIRECT] 
2025-12-09 21:08:59,105 [ERROR] LogOutputStream:75 - [STDERR_REDIRECT] [Fatal Error] :1:1: Premature end of file.
2025-12-09 21:08:59,105 [ERROR] LogOutputStream:75 - [STDERR_REDIRECT] 
2025-12-09 21:09:00,103 [ERROR] LogOutputStream:75 - [STDERR_REDIRECT] [Fatal Error] :1:1: Premature end of file.
2025-12-09 21:09:00,103 [ERROR] LogOutputStream:75 - [STDERR_REDIRECT] 
2025-12-09 21:09:01,101 [ERROR] LogOutputStream:75 - [STDERR_REDIRECT] [Fatal Error] :1:1: Premature end of file.
2025-12-09 21:09:01,101 [ERROR] LogOutputStream:75 - [STDERR_REDIRECT] 
2025-12-09 21:09:02,103 [ERROR] LogOutputStream:75 - [STDERR_REDIRECT] [Fatal Error] :1:1: Premature end of file.
2025-12-09 21:09:02,103 [ERROR] LogOutputStream:75 - [STDERR_REDIRECT] 
2025-12-09 21:09:03,105 [ERROR] LogOutputStream:75 - [STDERR_REDIRECT] [Fatal Error] :1:1: Premature end of file.
2025-12-09 21:09:03,105 [ERROR] LogOutputStream:75 - [STDERR_REDIRECT] 
2025-12-09 21:09:04,103 [ERROR] LogOutputStream:75 - [STDERR_REDIRECT] [Fatal Error] :1:1: Premature end of file.
2025-12-09 21:09:04,103 [ERROR] LogOutputStream:75 - [STDERR_REDIRECT] 
2025-12-09 21:09:05,100 [ERROR] LogOutputStream:75 - [STDERR_REDIRECT] [Fatal Error] :1:1: Premature end of file.
2025-12-09 21:09:05,100 [ERROR] LogOutputStream:75 - [STDERR_REDIRECT] 
2025-12-09 21:09:06,120 [ERROR] LogOutputStream:75 - [STDERR_REDIRECT] [Fatal Error] :1:1: Premature end of file.
2025-12-09 21:09:06,120 [ERROR] LogOutputStream:75 - [STDERR_REDIRECT] 
2025-12-09 21:09:07,131 [ERROR] LogOutputStream:75 - [STDERR_REDIRECT] [Fatal Error] :1:1: Premature end of file.
2025-12-09 21:09:07,131 [ERROR] LogOutputStream:75 - [STDERR_REDIRECT] 
2025-12-09 21:09:08,136 [ERROR] LogOutputStream:75 - [STDERR_REDIRECT] [Fatal Error] :1:1: Premature end of file.
2025-12-09 21:09:08,136 [ERROR] LogOutputStream:75 - [STDERR_REDIRECT] 
2025-12-09 21:09:09,152 [ERROR] LogOutputStream:75 - [STDERR_REDIRECT] [Fatal Error] :1:1: Premature end of file.
2025-12-09 21:09:09,152 [ERROR] LogOutputStream:75 - [STDERR_REDIRECT] 
2025-12-09 21:09:10,124 [ERROR] LogOutputStream:75 - [STDERR_REDIRECT] [Fatal Error] :1:1: Premature end of file.
2025-12-09 21:09:10,124 [ERROR] LogOutputStream:75 - [STDERR_REDIRECT] 
2025-12-09 21:09:11,103 [ERROR] LogOutputStream:75 - [STDERR_REDIRECT] [Fatal Error] :1:1: Premature end of file.
2025-12-09 21:09:11,103 [ERROR] LogOutputStream:75 - [STDERR_REDIRECT] 
2025-12-09 21:09:12,141 [ERROR] LogOutputStream:75 - [STDERR_REDIRECT] [Fatal Error] :1:1: Premature end of file.
2025-12-09 21:09:12,141 [ERROR] LogOutputStream:75 - [STDERR_REDIRECT] 
2025-12-09 21:09:13,110 [ERROR] LogOutputStream:75 - [STDERR_REDIRECT] [Fatal Error] :1:1: Premature end of file.
2025-12-09 21:09:13,110 [ERROR] LogOutputStream:75 - [STDERR_REDIRECT] 
2025-12-09 21:09:14,150 [ERROR] LogOutputStream:75 - [STDERR_REDIRECT] [Fatal Error] :1:1: Premature end of file.
2025-12-09 21:09:14,150 [ERROR] LogOutputStream:75 - [STDERR_REDIRECT] 
2025-12-09 21:09:15,123 [ERROR] LogOutputStream:75 - [STDERR_REDIRECT] [Fatal Error] :1:1: Premature end of file.
2025-12-09 21:09:15,123 [ERROR] LogOutputStream:75 - [STDERR_REDIRECT] 
2025-12-09 21:09:16,149 [ERROR] LogOutputStream:75 - [STDERR_REDIRECT] [Fatal Error] :1:1: Premature end of file.
2025-12-09 21:09:16,150 [ERROR] LogOutputStream:75 - [STDERR_REDIRECT] 
2025-12-09 21:09:17,102 [ERROR] LogOutputStream:75 - [STDERR_REDIRECT] [Fatal Error] :1:1: Premature end of file.
2025-12-09 21:09:17,102 [ERROR] LogOutputStream:75 - [STDERR_REDIRECT] 
2025-12-09 21:09:18,134 [ERROR] LogOutputStream:75 - [STDERR_REDIRECT] [Fatal Error] :1:1: Premature end of file.
2025-12-09 21:09:18,134 [ERROR] LogOutputStream:75 - [STDERR_REDIRECT] 
2025-12-09 21:09:19,107 [ERROR] LogOutputStream:75 - [STDERR_REDIRECT] [Fatal Error] :1:1: Premature end of file.
2025-12-09 21:09:19,107 [ERROR] LogOutputStream:75 - [STDERR_REDIRECT] 
2025-12-09 21:09:20,143 [ERROR] LogOutputStream:75 - [STDERR_REDIRECT] [Fatal Error] :1:1: Premature end of file.
2025-12-09 21:09:20,143 [ERROR] LogOutputStream:75 - [STDERR_REDIRECT] 
2025-12-09 21:09:21,132 [ERROR] LogOutputStream:75 - [STDERR_REDIRECT] [Fatal Error] :1:1: Premature end of file.
2025-12-09 21:09:21,132 [ERROR] LogOutputStream:75 - [STDERR_REDIRECT] 
2025-12-09 21:09:22,156 [ERROR] LogOutputStream:75 - [STDERR_REDIRECT] [Fatal Error] :1:1: Premature end of file.
2025-12-09 21:09:22,156 [ERROR] LogOutputStream:75 - [STDERR_REDIRECT] 
2025-12-09 21:09:23,145 [ERROR] LogOutputStream:75 - [STDERR_REDIRECT] [Fatal Error] :1:1: Premature end of file.
2025-12-09 21:09:23,145 [ERROR] LogOutputStream:75 - [STDERR_REDIRECT] 
2025-12-09 21:09:24,149 [ERROR] LogOutputStream:75 - [STDERR_REDIRECT] [Fatal Error] :1:1: Premature end of file.
2025-12-09 21:09:24,150 [ERROR] LogOutputStream:75 - [STDERR_REDIRECT] 
2025-12-09 21:09:25,106 [ERROR] LogOutputStream:75 - [STDERR_REDIRECT] [Fatal Error] :1:1: Premature end of file.
2025-12-09 21:09:25,106 [ERROR] LogOutputStream:75 - [STDERR_REDIRECT] 
2025-12-09 21:09:26,105 [ERROR] LogOutputStream:75 - [STDERR_REDIRECT] [Fatal Error] :1:1: Premature end of file.
2025-12-09 21:09:26,105 [ERROR] LogOutputStream:75 - [STDERR_REDIRECT] 
2025-12-09 21:09:27,105 [ERROR] LogOutputStream:75 - [STDERR_REDIRECT] [Fatal Error] :1:1: Premature end of file.
2025-12-09 21:09:27,105 [ERROR] LogOutputStream:75 - [STDERR_REDIRECT] 
2025-12-09 21:09:28,103 [ERROR] LogOutputStream:75 - [STDERR_REDIRECT] [Fatal Error] :1:1: Premature end of file.
2025-12-09 21:09:28,103 [ERROR] LogOutputStream:75 - [STDERR_REDIRECT] 
2025-12-09 21:09:29,103 [ERROR] LogOutputStream:75 - [STDERR_REDIRECT] [Fatal Error] :1:1: Premature end of file.
2025-12-09 21:09:29,103 [ERROR] LogOutputStream:75 - [STDERR_REDIRECT] 
2025-12-09 21:09:30,104 [ERROR] LogOutputStream:75 - [STDERR_REDIRECT] [Fatal Error] :1:1: Premature end of file.
2025-12-09 21:09:30,104 [ERROR] LogOutputStream:75 - [STDERR_REDIRECT] 
2025-12-09 21:09:31,102 [ERROR] LogOutputStream:75 - [STDERR_REDIRECT] [Fatal Error] :1:1: Premature end of file.
2025-12-09 21:09:31,102 [ERROR] LogOutputStream:75 - [STDERR_REDIRECT] 
2025-12-09 21:09:32,104 [ERROR] LogOutputStream:75 - [STDERR_REDIRECT] [Fatal Error] :1:1: Premature end of file.
2025-12-09 21:09:32,104 [ERROR] LogOutputStream:75 - [STDERR_REDIRECT] 
2025-12-09 21:09:33,104 [ERROR] LogOutputStream:75 - [STDERR_REDIRECT] [Fatal Error] :1:1: Premature end of file.
2025-12-09 21:09:33,104 [ERROR] LogOutputStream:75 - [STDERR_REDIRECT] 
2025-12-09 21:09:34,138 [ERROR] LogOutputStream:75 - [STDERR_REDIRECT] [Fatal Error] :1:1: Premature end of file.
2025-12-09 21:09:34,138 [ERROR] LogOutputStream:75 - [STDERR_REDIRECT] 
2025-12-09 21:09:35,140 [ERROR] LogOutputStream:75 - [STDERR_REDIRECT] [Fatal Error] :1:1: Premature end of file.
2025-12-09 21:09:35,140 [ERROR] LogOutputStream:75 - [STDERR_REDIRECT] 
2025-12-09 21:09:36,135 [ERROR] LogOutputStream:75 - [STDERR_REDIRECT] [Fatal Error] :1:1: Premature end of file.
2025-12-09 21:09:36,135 [ERROR] LogOutputStream:75 - [STDERR_REDIRECT] 
2025-12-09 21:09:37,102 [ERROR] LogOutputStream:75 - [STDERR_REDIRECT] [Fatal Error] :1:1: Premature end of file.
2025-12-09 21:09:37,102 [ERROR] LogOutputStream:75 - [STDERR_REDIRECT] 
2025-12-09 21:09:38,140 [ERROR] LogOutputStream:75 - [STDERR_REDIRECT] [Fatal Error] :1:1: Premature end of file.
2025-12-09 21:09:38,140 [ERROR] LogOutputStream:75 - [STDERR_REDIRECT] 
2025-12-09 21:09:39,148 [ERROR] LogOutputStream:75 - [STDERR_REDIRECT] [Fatal Error] :1:1: Premature end of file.
2025-12-09 21:09:39,148 [ERROR] LogOutputStream:75 - [STDERR_REDIRECT] 
2025-12-09 21:09:40,145 [ERROR] LogOutputStream:75 - [STDERR_REDIRECT] [Fatal Error] :1:1: Premature end of file.
2025-12-09 21:09:40,145 [ERROR] LogOutputStream:75 - [STDERR_REDIRECT] 
2025-12-09 21:09:41,140 [ERROR] LogOutputStream:75 - [STDERR_REDIRECT] [Fatal Error] :1:1: Premature end of file.
2025-12-09 21:09:41,140 [ERROR] LogOutputStream:75 - [STDERR_REDIRECT] 
2025-12-09 21:09:42,144 [ERROR] LogOutputStream:75 - [STDERR_REDIRECT] [Fatal Error] :1:1: Premature end of file.
2025-12-09 21:09:42,144 [ERROR] LogOutputStream:75 - [STDERR_REDIRECT] 
2025-12-09 21:09:43,102 [ERROR] LogOutputStream:75 - [STDERR_REDIRECT] [Fatal Error] :1:1: Premature end of file.
2025-12-09 21:09:43,102 [ERROR] LogOutputStream:75 - [STDERR_REDIRECT] 
2025-12-09 21:09:44,140 [ERROR] LogOutputStream:75 - [STDERR_REDIRECT] [Fatal Error] :1:1: Premature end of file.
2025-12-09 21:09:44,140 [ERROR] LogOutputStream:75 - [STDERR_REDIRECT] 
2025-12-09 21:09:45,148 [ERROR] LogOutputStream:75 - [STDERR_REDIRECT] [Fatal Error] :1:1: Premature end of file.
2025-12-09 21:09:45,148 [ERROR] LogOutputStream:75 - [STDERR_REDIRECT] 
2025-12-09 21:09:46,142 [ERROR] LogOutputStream:75 - [STDERR_REDIRECT] [Fatal Error] :1:1: Premature end of file.
2025-12-09 21:09:46,142 [ERROR] LogOutputStream:75 - [STDERR_REDIRECT] 
2025-12-09 21:09:47,144 [ERROR] LogOutputStream:75 - [STDERR_REDIRECT] [Fatal Error] :1:1: Premature end of file.
2025-12-09 21:09:47,145 [ERROR] LogOutputStream:75 - [STDERR_REDIRECT] 
2025-12-09 21:09:48,144 [ERROR] LogOutputStream:75 - [STDERR_REDIRECT] [Fatal Error] :1:1: Premature end of file.
2025-12-09 21:09:48,144 [ERROR] LogOutputStream:75 - [STDERR_REDIRECT] 
2025-12-09 21:09:49,103 [ERROR] LogOutputStream:75 - [STDERR_REDIRECT] [Fatal Error] :1:1: Premature end of file.
2025-12-09 21:09:49,103 [ERROR] LogOutputStream:75 - [STDERR_REDIRECT] 
2025-12-09 21:09:50,134 [ERROR] LogOutputStream:75 - [STDERR_REDIRECT] [Fatal Error] :1:1: Premature end of file.
2025-12-09 21:09:50,134 [ERROR] LogOutputStream:75 - [STDERR_REDIRECT] 
2025-12-09 21:09:51,103 [ERROR] LogOutputStream:75 - [STDERR_REDIRECT] [Fatal Error] :1:1: Premature end of file.
2025-12-09 21:09:51,103 [ERROR] LogOutputStream:75 - [STDERR_REDIRECT] 
2025-12-09 21:09:52,128 [ERROR] LogOutputStream:75 - [STDERR_REDIRECT] [Fatal Error] :1:1: Premature end of file.
2025-12-09 21:09:52,128 [ERROR] LogOutputStream:75 - [STDERR_REDIRECT] 
2025-12-09 21:09:53,125 [ERROR] LogOutputStream:75 - [STDERR_REDIRECT] [Fatal Error] :1:1: Premature end of file.
2025-12-09 21:09:53,125 [ERROR] LogOutputStream:75 - [STDERR_REDIRECT] 
2025-12-09 21:09:54,147 [ERROR] LogOutputStream:75 - [STDERR_REDIRECT] [Fatal Error] :1:1: Premature end of file.
2025-12-09 21:09:54,149 [ERROR] LogOutputStream:75 - [STDERR_REDIRECT] 
2025-12-09 21:09:55,103 [ERROR] LogOutputStream:75 - [STDERR_REDIRECT] [Fatal Error] :1:1: Premature end of file.
2025-12-09 21:09:55,103 [ERROR] LogOutputStream:75 - [STDERR_REDIRECT] 
2025-12-09 21:09:56,104 [ERROR] LogOutputStream:75 - [STDERR_REDIRECT] [Fatal Error] :1:1: Premature end of file.
2025-12-09 21:09:56,104 [ERROR] LogOutputStream:75 - [STDERR_REDIRECT] 
2025-12-09 21:09:57,103 [ERROR] LogOutputStream:75 - [STDERR_REDIRECT] [Fatal Error] :1:1: Premature end of file.
2025-12-09 21:09:57,103 [ERROR] LogOutputStream:75 - [STDERR_REDIRECT] 
2025-12-09 21:09:58,103 [ERROR] LogOutputStream:75 - [STDERR_REDIRECT] [Fatal Error] :1:1: Premature end of file.
2025-12-09 21:09:58,103 [ERROR] LogOutputStream:75 - [STDERR_REDIRECT] 
2025-12-09 21:09:59,103 [ERROR] LogOutputStream:75 - [STDERR_REDIRECT] [Fatal Error] :1:1: Premature end of file.
2025-12-09 21:09:59,103 [ERROR] LogOutputStream:75 - [STDERR_REDIRECT] 
2025-12-09 21:10:00,101 [ERROR] LogOutputStream:75 - [STDERR_REDIRECT] [Fatal Error] :1:1: Premature end of file.
2025-12-09 21:10:00,101 [ERROR] LogOutputStream:75 - [STDERR_REDIRECT] 
2025-12-09 21:10:01,104 [ERROR] LogOutputStream:75 - [STDERR_REDIRECT] [Fatal Error] :1:1: Premature end of file.
2025-12-09 21:10:01,104 [ERROR] LogOutputStream:75 - [STDERR_REDIRECT] 
2025-12-09 21:10:02,105 [ERROR] LogOutputStream:75 - [STDERR_REDIRECT] [Fatal Error] :1:1: Premature end of file.
2025-12-09 21:10:02,105 [ERROR] LogOutputStream:75 - [STDERR_REDIRECT] 
2025-12-09 21:10:03,103 [ERROR] LogOutputStream:75 - [STDERR_REDIRECT] [Fatal Error] :1:1: Premature end of file.
2025-12-09 21:10:03,103 [ERROR] LogOutputStream:75 - [STDERR_REDIRECT] 
2025-12-09 21:10:04,123 [ERROR] LogOutputStream:75 - [STDERR_REDIRECT] [Fatal Error] :1:1: Premature end of file.
2025-12-09 21:10:04,123 [ERROR] LogOutputStream:75 - [STDERR_REDIRECT] 
2025-12-09 21:10:05,139 [ERROR] LogOutputStream:75 - [STDERR_REDIRECT] [Fatal Error] :1:1: Premature end of file.
2025-12-09 21:10:05,139 [ERROR] LogOutputStream:75 - [STDERR_REDIRECT] 
2025-12-09 21:10:06,137 [ERROR] LogOutputStream:75 - [STDERR_REDIRECT] [Fatal Error] :1:1: Premature end of file.
2025-12-09 21:10:06,137 [ERROR] LogOutputStream:75 - [STDERR_REDIRECT] 
2025-12-09 21:10:07,102 [ERROR] LogOutputStream:75 - [STDERR_REDIRECT] [Fatal Error] :1:1: Premature end of file.
2025-12-09 21:10:07,102 [ERROR] LogOutputStream:75 - [STDERR_REDIRECT] 
2025-12-09 21:10:08,146 [ERROR] LogOutputStream:75 - [STDERR_REDIRECT] [Fatal Error] :1:1: Premature end of file.
2025-12-09 21:10:08,146 [ERROR] LogOutputStream:75 - [STDERR_REDIRECT] 
2025-12-09 21:10:09,137 [ERROR] LogOutputStream:75 - [STDERR_REDIRECT] [Fatal Error] :1:1: Premature end of file.
2025-12-09 21:10:09,138 [ERROR] LogOutputStream:75 - [STDERR_REDIRECT] 
2025-12-09 21:10:10,130 [ERROR] LogOutputStream:75 - [STDERR_REDIRECT] [Fatal Error] :1:1: Premature end of file.
2025-12-09 21:10:10,130 [ERROR] LogOutputStream:75 - [STDERR_REDIRECT] 
2025-12-09 21:10:11,143 [ERROR] LogOutputStream:75 - [STDERR_REDIRECT] [Fatal Error] :1:1: Premature end of file.
2025-12-09 21:10:11,143 [ERROR] LogOutputStream:75 - [STDERR_REDIRECT] 
2025-12-09 21:10:12,144 [ERROR] LogOutputStream:75 - [STDERR_REDIRECT] [Fatal Error] :1:1: Premature end of file.
2025-12-09 21:10:12,144 [ERROR] LogOutputStream:75 - [STDERR_REDIRECT] 
2025-12-09 21:10:13,101 [ERROR] LogOutputStream:75 - [STDERR_REDIRECT] [Fatal Error] :1:1: Premature end of file.
2025-12-09 21:10:13,101 [ERROR] LogOutputStream:75 - [STDERR_REDIRECT] 
2025-12-09 21:10:14,128 [ERROR] LogOutputStream:75 - [STDERR_REDIRECT] [Fatal Error] :1:1: Premature end of file.
2025-12-09 21:10:14,128 [ERROR] LogOutputStream:75 - [STDERR_REDIRECT] 
2025-12-09 21:10:15,136 [ERROR] LogOutputStream:75 - [STDERR_REDIRECT] [Fatal Error] :1:1: Premature end of file.
2025-12-09 21:10:15,136 [ERROR] LogOutputStream:75 - [STDERR_REDIRECT] 
2025-12-09 21:10:16,145 [ERROR] LogOutputStream:75 - [STDERR_REDIRECT] [Fatal Error] :1:1: Premature end of file.
2025-12-09 21:10:16,145 [ERROR] LogOutputStream:75 - [STDERR_REDIRECT] 
2025-12-09 21:10:17,148 [ERROR] LogOutputStream:75 - [STDERR_REDIRECT] [Fatal Error] :1:1: Premature end of file.
2025-12-09 21:10:17,148 [ERROR] LogOutputStream:75 - [STDERR_REDIRECT] 
2025-12-09 21:10:18,157 [ERROR] LogOutputStream:75 - [STDERR_REDIRECT] [Fatal Error] :1:1: Premature end of file.
2025-12-09 21:10:18,157 [ERROR] LogOutputStream:75 - [STDERR_REDIRECT] 
2025-12-09 21:10:19,102 [ERROR] LogOutputStream:75 - [STDERR_REDIRECT] [Fatal Error] :1:1: Premature end of file.
2025-12-09 21:10:19,102 [ERROR] LogOutputStream:75 - [STDERR_REDIRECT] 
2025-12-09 21:10:20,139 [ERROR] LogOutputStream:75 - [STDERR_REDIRECT] [Fatal Error] :1:1: Premature end of file.
2025-12-09 21:10:20,139 [ERROR] LogOutputStream:75 - [STDERR_REDIRECT] 
2025-12-09 21:10:21,138 [ERROR] LogOutputStream:75 - [STDERR_REDIRECT] [Fatal Error] :1:1: Premature end of file.
2025-12-09 21:10:21,138 [ERROR] LogOutputStream:75 - [STDERR_REDIRECT] 
2025-12-09 21:10:22,143 [ERROR] LogOutputStream:75 - [STDERR_REDIRECT] [Fatal Error] :1:1: Premature end of file.
2025-12-09 21:10:22,143 [ERROR] LogOutputStream:75 - [STDERR_REDIRECT] 
2025-12-09 21:10:23,136 [ERROR] LogOutputStream:75 - [STDERR_REDIRECT] [Fatal Error] :1:1: Premature end of file.
2025-12-09 21:10:23,136 [ERROR] LogOutputStream:75 - [STDERR_REDIRECT] 
2025-12-09 21:10:24,126 [ERROR] LogOutputStream:75 - [STDERR_REDIRECT] [Fatal Error] :1:1: Premature end of file.
2025-12-09 21:10:24,126 [ERROR] LogOutputStream:75 - [STDERR_REDIRECT] 
2025-12-09 21:10:25,104 [ERROR] LogOutputStream:75 - [STDERR_REDIRECT] [Fatal Error] :1:1: Premature end of file.
2025-12-09 21:10:25,104 [ERROR] LogOutputStream:75 - [STDERR_REDIRECT] 
2025-12-09 21:10:26,106 [ERROR] LogOutputStream:75 - [STDERR_REDIRECT] [Fatal Error] :1:1: Premature end of file.
2025-12-09 21:10:26,106 [ERROR] LogOutputStream:75 - [STDERR_REDIRECT] 
2025-12-09 21:10:27,103 [ERROR] LogOutputStream:75 - [STDERR_REDIRECT] [Fatal Error] :1:1: Premature end of file.
2025-12-09 21:10:27,103 [ERROR] LogOutputStream:75 - [STDERR_REDIRECT] 
2025-12-09 21:10:28,103 [ERROR] LogOutputStream:75 - [STDERR_REDIRECT] [Fatal Error] :1:1: Premature end of file.
2025-12-09 21:10:28,103 [ERROR] LogOutputStream:75 - [STDERR_REDIRECT] 
2025-12-09 21:10:29,102 [ERROR] LogOutputStream:75 - [STDERR_REDIRECT] [Fatal Error] :1:1: Premature end of file.
2025-12-09 21:10:29,102 [ERROR] LogOutputStream:75 - [STDERR_REDIRECT] 
2025-12-09 21:10:30,103 [ERROR] LogOutputStream:75 - [STDERR_REDIRECT] [Fatal Error] :1:1: Premature end of file.
2025-12-09 21:10:30,103 [ERROR] LogOutputStream:75 - [STDERR_REDIRECT] 
2025-12-09 21:10:31,104 [ERROR] LogOutputStream:75 - [STDERR_REDIRECT] [Fatal Error] :1:1: Premature end of file.
2025-12-09 21:10:31,104 [ERROR] LogOutputStream:75 - [STDERR_REDIRECT] 
2025-12-09 21:10:32,103 [ERROR] LogOutputStream:75 - [STDERR_REDIRECT] [Fatal Error] :1:1: Premature end of file.
2025-12-09 21:10:32,103 [ERROR] LogOutputStream:75 - [STDERR_REDIRECT] 
2025-12-09 21:10:33,104 [ERROR] LogOutputStream:75 - [STDERR_REDIRECT] [Fatal Error] :1:1: Premature end of file.
2025-12-09 21:10:33,104 [ERROR] LogOutputStream:75 - [STDERR_REDIRECT] 
2025-12-09 21:10:34,130 [ERROR] LogOutputStream:75 - [STDERR_REDIRECT] [Fatal Error] :1:1: Premature end of file.
2025-12-09 21:10:34,130 [ERROR] LogOutputStream:75 - [STDERR_REDIRECT] 
2025-12-09 21:10:35,130 [ERROR] LogOutputStream:75 - [STDERR_REDIRECT] [Fatal Error] :1:1: Premature end of file.
2025-12-09 21:10:35,130 [ERROR] LogOutputStream:75 - [STDERR_REDIRECT] 
2025-12-09 21:10:36,149 [ERROR] LogOutputStream:75 - [STDERR_REDIRECT] [Fatal Error] :1:1: Premature end of file.
2025-12-09 21:10:36,149 [ERROR] LogOutputStream:75 - [STDERR_REDIRECT] 
2025-12-09 21:10:37,102 [ERROR] LogOutputStream:75 - [STDERR_REDIRECT] [Fatal Error] :1:1: Premature end of file.
2025-12-09 21:10:37,102 [ERROR] LogOutputStream:75 - [STDERR_REDIRECT] 
2025-12-09 21:10:38,123 [ERROR] LogOutputStream:75 - [STDERR_REDIRECT] [Fatal Error] :1:1: Premature end of file.
2025-12-09 21:10:38,123 [ERROR] LogOutputStream:75 - [STDERR_REDIRECT] 
2025-12-09 21:10:39,136 [ERROR] LogOutputStream:75 - [STDERR_REDIRECT] [Fatal Error] :1:1: Premature end of file.
2025-12-09 21:10:39,136 [ERROR] LogOutputStream:75 - [STDERR_REDIRECT] 
2025-12-09 21:10:40,144 [ERROR] LogOutputStream:75 - [STDERR_REDIRECT] [Fatal Error] :1:1: Premature end of file.
2025-12-09 21:10:40,144 [ERROR] LogOutputStream:75 - [STDERR_REDIRECT] 
2025-12-09 21:10:41,144 [ERROR] LogOutputStream:75 - [STDERR_REDIRECT] [Fatal Error] :1:1: Premature end of file.
2025-12-09 21:10:41,144 [ERROR] LogOutputStream:75 - [STDERR_REDIRECT] 
2025-12-09 21:10:42,152 [ERROR] LogOutputStream:75 - [STDERR_REDIRECT] [Fatal Error] :1:1: Premature end of file.
2025-12-09 21:10:42,152 [ERROR] LogOutputStream:75 - [STDERR_REDIRECT] 
2025-12-09 21:10:43,111 [ERROR] LogOutputStream:75 - [STDERR_REDIRECT] [Fatal Error] :1:1: Premature end of file.
2025-12-09 21:10:43,111 [ERROR] LogOutputStream:75 - [STDERR_REDIRECT] 
2025-12-09 21:10:44,148 [ERROR] LogOutputStream:75 - [STDERR_REDIRECT] [Fatal Error] :1:1: Premature end of file.
2025-12-09 21:10:44,148 [ERROR] LogOutputStream:75 - [STDERR_REDIRECT] 
2025-12-09 21:10:45,104 [ERROR] LogOutputStream:75 - [STDERR_REDIRECT] [Fatal Error] :1:1: Premature end of file.
2025-12-09 21:10:45,104 [ERROR] LogOutputStream:75 - [STDERR_REDIRECT] 
2025-12-09 21:10:46,133 [ERROR] LogOutputStream:75 - [STDERR_REDIRECT] [Fatal Error] :1:1: Premature end of file.
2025-12-09 21:10:46,133 [ERROR] LogOutputStream:75 - [STDERR_REDIRECT] 
2025-12-09 21:10:47,130 [ERROR] LogOutputStream:75 - [STDERR_REDIRECT] [Fatal Error] :1:1: Premature end of file.
2025-12-09 21:10:47,130 [ERROR] LogOutputStream:75 - [STDERR_REDIRECT] 
2025-12-09 21:10:48,141 [ERROR] LogOutputStream:75 - [STDERR_REDIRECT] [Fatal Error] :1:1: Premature end of file.
2025-12-09 21:10:48,141 [ERROR] LogOutputStream:75 - [STDERR_REDIRECT] 
2025-12-09 21:10:49,123 [ERROR] LogOutputStream:75 - [STDERR_REDIRECT] [Fatal Error] :1:1: Premature end of file.
2025-12-09 21:10:49,123 [ERROR] LogOutputStream:75 - [STDERR_REDIRECT] 
2025-12-09 21:10:50,144 [ERROR] LogOutputStream:75 - [STDERR_REDIRECT] [Fatal Error] :1:1: Premature end of file.
2025-12-09 21:10:50,144 [ERROR] LogOutputStream:75 - [STDERR_REDIRECT] 
2025-12-09 21:10:51,138 [ERROR] LogOutputStream:75 - [STDERR_REDIRECT] [Fatal Error] :1:1: Premature end of file.
2025-12-09 21:10:51,138 [ERROR] LogOutputStream:75 - [STDERR_REDIRECT] 
2025-12-09 21:10:52,134 [ERROR] LogOutputStream:75 - [STDERR_REDIRECT] [Fatal Error] :1:1: Premature end of file.
2025-12-09 21:10:52,134 [ERROR] LogOutputStream:75 - [STDERR_REDIRECT] 
2025-12-09 21:10:53,146 [ERROR] LogOutputStream:75 - [STDERR_REDIRECT] [Fatal Error] :1:1: Premature end of file.
2025-12-09 21:10:53,146 [ERROR] LogOutputStream:75 - [STDERR_REDIRECT] 
2025-12-09 21:10:54,102 [ERROR] LogOutputStream:75 - [STDERR_REDIRECT] [Fatal Error] :1:1: Premature end of file.
2025-12-09 21:10:54,102 [ERROR] LogOutputStream:75 - [STDERR_REDIRECT] 
2025-12-09 21:10:55,106 [ERROR] LogOutputStream:75 - [STDERR_REDIRECT] [Fatal Error] :1:1: Premature end of file.
2025-12-09 21:10:55,106 [ERROR] LogOutputStream:75 - [STDERR_REDIRECT] 
2025-12-09 21:10:56,103 [ERROR] LogOutputStream:75 - [STDERR_REDIRECT] [Fatal Error] :1:1: Premature end of file.
2025-12-09 21:10:56,103 [ERROR] LogOutputStream:75 - [STDERR_REDIRECT] 
2025-12-09 21:10:57,104 [ERROR] LogOutputStream:75 - [STDERR_REDIRECT] [Fatal Error] :1:1: Premature end of file.
2025-12-09 21:10:57,104 [ERROR] LogOutputStream:75 - [STDERR_REDIRECT] 
2025-12-09 21:10:58,103 [ERROR] LogOutputStream:75 - [STDERR_REDIRECT] [Fatal Error] :1:1: Premature end of file.
2025-12-09 21:10:58,103 [ERROR] LogOutputStream:75 - [STDERR_REDIRECT] 
2025-12-09 21:10:59,104 [ERROR] LogOutputStream:75 - [STDERR_REDIRECT] [Fatal Error] :1:1: Premature end of file.
2025-12-09 21:10:59,104 [ERROR] LogOutputStream:75 - [STDERR_REDIRECT] 
2025-12-09 21:11:00,104 [ERROR] LogOutputStream:75 - [STDERR_REDIRECT] [Fatal Error] :1:1: Premature end of file.
2025-12-09 21:11:00,104 [ERROR] LogOutputStream:75 - [STDERR_REDIRECT] 
2025-12-09 21:11:01,104 [ERROR] LogOutputStream:75 - [STDERR_REDIRECT] [Fatal Error] :1:1: Premature end of file.
2025-12-09 21:11:01,104 [ERROR] LogOutputStream:75 - [STDERR_REDIRECT] 
2025-12-09 21:11:02,103 [ERROR] LogOutputStream:75 - [STDERR_REDIRECT] [Fatal Error] :1:1: Premature end of file.
2025-12-09 21:11:02,103 [ERROR] LogOutputStream:75 - [STDERR_REDIRECT] 
2025-12-09 21:11:03,103 [ERROR] LogOutputStream:75 - [STDERR_REDIRECT] [Fatal Error] :1:1: Premature end of file.
2025-12-09 21:11:03,103 [ERROR] LogOutputStream:75 - [STDERR_REDIRECT] 
2025-12-09 21:11:04,131 [ERROR] LogOutputStream:75 - [STDERR_REDIRECT] [Fatal Error] :1:1: Premature end of file.
2025-12-09 21:11:04,131 [ERROR] LogOutputStream:75 - [STDERR_REDIRECT] 
2025-12-09 21:11:05,133 [ERROR] LogOutputStream:75 - [STDERR_REDIRECT] [Fatal Error] :1:1: Premature end of file.
2025-12-09 21:11:05,133 [ERROR] LogOutputStream:75 - [STDERR_REDIRECT] 
2025-12-09 21:11:06,144 [ERROR] LogOutputStream:75 - [STDERR_REDIRECT] [Fatal Error] :1:1: Premature end of file.
2025-12-09 21:11:06,144 [ERROR] LogOutputStream:75 - [STDERR_REDIRECT] 
2025-12-09 21:11:07,138 [ERROR] LogOutputStream:75 - [STDERR_REDIRECT] [Fatal Error] :1:1: Premature end of file.
2025-12-09 21:11:07,138 [ERROR] LogOutputStream:75 - [STDERR_REDIRECT] 
2025-12-09 21:11:08,145 [ERROR] LogOutputStream:75 - [STDERR_REDIRECT] [Fatal Error] :1:1: Premature end of file.
2025-12-09 21:11:08,145 [ERROR] LogOutputStream:75 - [STDERR_REDIRECT] 
2025-12-09 21:11:09,155 [ERROR] LogOutputStream:75 - [STDERR_REDIRECT] [Fatal Error] :1:1: Premature end of file.
2025-12-09 21:11:09,155 [ERROR] LogOutputStream:75 - [STDERR_REDIRECT] 
2025-12-09 21:11:10,141 [ERROR] LogOutputStream:75 - [STDERR_REDIRECT] [Fatal Error] :1:1: Premature end of file.
2025-12-09 21:11:10,141 [ERROR] LogOutputStream:75 - [STDERR_REDIRECT] 
2025-12-09 21:11:11,141 [ERROR] LogOutputStream:75 - [STDERR_REDIRECT] [Fatal Error] :1:1: Premature end of file.
2025-12-09 21:11:11,141 [ERROR] LogOutputStream:75 - [STDERR_REDIRECT] 
2025-12-09 21:11:12,163 [ERROR] LogOutputStream:75 - [STDERR_REDIRECT] [Fatal Error] :1:1: Premature end of file.
2025-12-09 21:11:12,163 [ERROR] LogOutputStream:75 - [STDERR_REDIRECT] 
2025-12-09 21:11:13,131 [ERROR] LogOutputStream:75 - [STDERR_REDIRECT] [Fatal Error] :1:1: Premature end of file.
2025-12-09 21:11:13,131 [ERROR] LogOutputStream:75 - [STDERR_REDIRECT] 
2025-12-09 21:11:14,155 [ERROR] LogOutputStream:75 - [STDERR_REDIRECT] [Fatal Error] :1:1: Premature end of file.
2025-12-09 21:11:14,155 [ERROR] LogOutputStream:75 - [STDERR_REDIRECT] 
2025-12-09 21:11:15,153 [ERROR] LogOutputStream:75 - [STDERR_REDIRECT] [Fatal Error] :1:1: Premature end of file.
2025-12-09 21:11:15,153 [ERROR] LogOutputStream:75 - [STDERR_REDIRECT] 
2025-12-09 21:11:16,141 [ERROR] LogOutputStream:75 - [STDERR_REDIRECT] [Fatal Error] :1:1: Premature end of file.
2025-12-09 21:11:16,141 [ERROR] LogOutputStream:75 - [STDERR_REDIRECT] 
2025-12-09 21:11:17,141 [ERROR] LogOutputStream:75 - [STDERR_REDIRECT] [Fatal Error] :1:1: Premature end of file.
2025-12-09 21:11:17,141 [ERROR] LogOutputStream:75 - [STDERR_REDIRECT] 
2025-12-09 21:11:18,148 [ERROR] LogOutputStream:75 - [STDERR_REDIRECT] [Fatal Error] :1:1: Premature end of file.
2025-12-09 21:11:18,148 [ERROR] LogOutputStream:75 - [STDERR_REDIRECT] 
2025-12-09 21:11:19,142 [ERROR] LogOutputStream:75 - [STDERR_REDIRECT] [Fatal Error] :1:1: Premature end of file.
2025-12-09 21:11:19,142 [ERROR] LogOutputStream:75 - [STDERR_REDIRECT] 
2025-12-09 21:11:20,101 [ERROR] LogOutputStream:75 - [STDERR_REDIRECT] [Fatal Error] :1:1: Premature end of file.
2025-12-09 21:11:20,101 [ERROR] LogOutputStream:75 - [STDERR_REDIRECT] 
2025-12-09 21:11:21,103 [ERROR] LogOutputStream:75 - [STDERR_REDIRECT] [Fatal Error] :1:1: Premature end of file.
2025-12-09 21:11:21,104 [ERROR] LogOutputStream:75 - [STDERR_REDIRECT] 
2025-12-09 21:11:22,125 [ERROR] LogOutputStream:75 - [STDERR_REDIRECT] [Fatal Error] :1:1: Premature end of file.
2025-12-09 21:11:22,125 [ERROR] LogOutputStream:75 - [STDERR_REDIRECT] 
2025-12-09 21:11:23,138 [ERROR] LogOutputStream:75 - [STDERR_REDIRECT] [Fatal Error] :1:1: Premature end of file.
2025-12-09 21:11:23,139 [ERROR] LogOutputStream:75 - [STDERR_REDIRECT] 
2025-12-09 21:11:24,116 [ERROR] LogOutputStream:75 - [STDERR_REDIRECT] [Fatal Error] :1:1: Premature end of file.
2025-12-09 21:11:24,116 [ERROR] LogOutputStream:75 - [STDERR_REDIRECT] 
2025-12-09 21:11:25,103 [ERROR] LogOutputStream:75 - [STDERR_REDIRECT] [Fatal Error] :1:1: Premature end of file.
2025-12-09 21:11:25,103 [ERROR] LogOutputStream:75 - [STDERR_REDIRECT] 
2025-12-09 21:11:26,104 [ERROR] LogOutputStream:75 - [STDERR_REDIRECT] [Fatal Error] :1:1: Premature end of file.
2025-12-09 21:11:26,104 [ERROR] LogOutputStream:75 - [STDERR_REDIRECT] 
2025-12-09 21:11:27,105 [ERROR] LogOutputStream:75 - [STDERR_REDIRECT] [Fatal Error] :1:1: Premature end of file.
2025-12-09 21:11:27,105 [ERROR] LogOutputStream:75 - [STDERR_REDIRECT] 
2025-12-09 21:11:28,104 [ERROR] LogOutputStream:75 - [STDERR_REDIRECT] [Fatal Error] :1:1: Premature end of file.
2025-12-09 21:11:28,105 [ERROR] LogOutputStream:75 - [STDERR_REDIRECT] 
2025-12-09 21:11:29,101 [ERROR] LogOutputStream:75 - [STDERR_REDIRECT] [Fatal Error] :1:1: Premature end of file.
2025-12-09 21:11:29,101 [ERROR] LogOutputStream:75 - [STDERR_REDIRECT] 
2025-12-09 21:11:30,105 [ERROR] LogOutputStream:75 - [STDERR_REDIRECT] [Fatal Error] :1:1: Premature end of file.
2025-12-09 21:11:30,105 [ERROR] LogOutputStream:75 - [STDERR_REDIRECT] 
2025-12-09 21:11:31,103 [ERROR] LogOutputStream:75 - [STDERR_REDIRECT] [Fatal Error] :1:1: Premature end of file.
2025-12-09 21:11:31,103 [ERROR] LogOutputStream:75 - [STDERR_REDIRECT] 
2025-12-09 21:11:32,103 [ERROR] LogOutputStream:75 - [STDERR_REDIRECT] [Fatal Error] :1:1: Premature end of file.
2025-12-09 21:11:32,103 [ERROR] LogOutputStream:75 - [STDERR_REDIRECT] 
2025-12-09 21:11:33,104 [ERROR] LogOutputStream:75 - [STDERR_REDIRECT] [Fatal Error] :1:1: Premature end of file.
2025-12-09 21:11:33,106 [ERROR] LogOutputStream:75 - [STDERR_REDIRECT] 
2025-12-09 21:11:34,103 [ERROR] LogOutputStream:75 - [STDERR_REDIRECT] [Fatal Error] :1:1: Premature end of file.
2025-12-09 21:11:34,103 [ERROR] LogOutputStream:75 - [STDERR_REDIRECT] 
2025-12-09 21:11:35,103 [ERROR] LogOutputStream:75 - [STDERR_REDIRECT] [Fatal Error] :1:1: Premature end of file.
2025-12-09 21:11:35,103 [ERROR] LogOutputStream:75 - [STDERR_REDIRECT] 
2025-12-09 21:11:36,103 [ERROR] LogOutputStream:75 - [STDERR_REDIRECT] [Fatal Error] :1:1: Premature end of file.
2025-12-09 21:11:36,103 [ERROR] LogOutputStream:75 - [STDERR_REDIRECT] 
2025-12-09 21:11:37,103 [ERROR] LogOutputStream:75 - [STDERR_REDIRECT] [Fatal Error] :1:1: Premature end of file.
2025-12-09 21:11:37,103 [ERROR] LogOutputStream:75 - [STDERR_REDIRECT] 
2025-12-09 21:11:38,102 [ERROR] LogOutputStream:75 - [STDERR_REDIRECT] [Fatal Error] :1:1: Premature end of file.
2025-12-09 21:11:38,102 [ERROR] LogOutputStream:75 - [STDERR_REDIRECT] 
2025-12-09 21:11:39,104 [ERROR] LogOutputStream:75 - [STDERR_REDIRECT] [Fatal Error] :1:1: Premature end of file.
2025-12-09 21:11:39,104 [ERROR] LogOutputStream:75 - [STDERR_REDIRECT] 
2025-12-09 21:11:40,101 [ERROR] LogOutputStream:75 - [STDERR_REDIRECT] [Fatal Error] :1:1: Premature end of file.
2025-12-09 21:11:40,101 [ERROR] LogOutputStream:75 - [STDERR_REDIRECT] 
2025-12-09 21:11:41,104 [ERROR] LogOutputStream:75 - [STDERR_REDIRECT] [Fatal Error] :1:1: Premature end of file.
2025-12-09 21:11:41,104 [ERROR] LogOutputStream:75 - [STDERR_REDIRECT] 
2025-12-09 21:11:42,105 [ERROR] LogOutputStream:75 - [STDERR_REDIRECT] [Fatal Error] :1:1: Premature end of file.
2025-12-09 21:11:42,105 [ERROR] LogOutputStream:75 - [STDERR_REDIRECT] 
2025-12-09 21:11:43,103 [ERROR] LogOutputStream:75 - [STDERR_REDIRECT] [Fatal Error] :1:1: Premature end of file.
2025-12-09 21:11:43,103 [ERROR] LogOutputStream:75 - [STDERR_REDIRECT] 
2025-12-09 21:11:44,104 [ERROR] LogOutputStream:75 - [STDERR_REDIRECT] [Fatal Error] :1:1: Premature end of file.
2025-12-09 21:11:44,104 [ERROR] LogOutputStream:75 - [STDERR_REDIRECT] 
2025-12-09 21:11:45,103 [ERROR] LogOutputStream:75 - [STDERR_REDIRECT] [Fatal Error] :1:1: Premature end of file.
2025-12-09 21:11:45,103 [ERROR] LogOutputStream:75 - [STDERR_REDIRECT] 
2025-12-09 21:11:46,104 [ERROR] LogOutputStream:75 - [STDERR_REDIRECT] [Fatal Error] :1:1: Premature end of file.
2025-12-09 21:11:46,104 [ERROR] LogOutputStream:75 - [STDERR_REDIRECT] 
2025-12-09 21:11:47,102 [ERROR] LogOutputStream:75 - [STDERR_REDIRECT] [Fatal Error] :1:1: Premature end of file.
2025-12-09 21:11:47,102 [ERROR] LogOutputStream:75 - [STDERR_REDIRECT] 
2025-12-09 21:11:48,105 [ERROR] LogOutputStream:75 - [STDERR_REDIRECT] [Fatal Error] :1:1: Premature end of file.
2025-12-09 21:11:48,105 [ERROR] LogOutputStream:75 - [STDERR_REDIRECT] 
2025-12-09 21:11:49,104 [ERROR] LogOutputStream:75 - [STDERR_REDIRECT] [Fatal Error] :1:1: Premature end of file.
2025-12-09 21:11:49,104 [ERROR] LogOutputStream:75 - [STDERR_REDIRECT] 
2025-12-09 21:11:50,104 [ERROR] LogOutputStream:75 - [STDERR_REDIRECT] [Fatal Error] :1:1: Premature end of file.
2025-12-09 21:11:50,104 [ERROR] LogOutputStream:75 - [STDERR_REDIRECT] 
2025-12-09 21:11:51,102 [ERROR] LogOutputStream:75 - [STDERR_REDIRECT] [Fatal Error] :1:1: Premature end of file.
2025-12-09 21:11:51,102 [ERROR] LogOutputStream:75 - [STDERR_REDIRECT] 
2025-12-09 21:11:52,104 [ERROR] LogOutputStream:75 - [STDERR_REDIRECT] [Fatal Error] :1:1: Premature end of file.
2025-12-09 21:11:52,104 [ERROR] LogOutputStream:75 - [STDERR_REDIRECT] 
2025-12-09 21:11:53,103 [ERROR] LogOutputStream:75 - [STDERR_REDIRECT] [Fatal Error] :1:1: Premature end of file.
2025-12-09 21:11:53,103 [ERROR] LogOutputStream:75 - [STDERR_REDIRECT] 
2025-12-09 21:11:54,105 [ERROR] LogOutputStream:75 - [STDERR_REDIRECT] [Fatal Error] :1:1: Premature end of file.
2025-12-09 21:11:54,105 [ERROR] LogOutputStream:75 - [STDERR_REDIRECT] 
2025-12-09 21:11:55,103 [ERROR] LogOutputStream:75 - [STDERR_REDIRECT] [Fatal Error] :1:1: Premature end of file.
2025-12-09 21:11:55,103 [ERROR] LogOutputStream:75 - [STDERR_REDIRECT] 
2025-12-09 21:11:56,103 [ERROR] LogOutputStream:75 - [STDERR_REDIRECT] [Fatal Error] :1:1: Premature end of file.
2025-12-09 21:11:56,103 [ERROR] LogOutputStream:75 - [STDERR_REDIRECT] 
2025-12-09 21:11:57,105 [ERROR] LogOutputStream:75 - [STDERR_REDIRECT] [Fatal Error] :1:1: Premature end of file.
2025-12-09 21:11:57,105 [ERROR] LogOutputStream:75 - [STDERR_REDIRECT] 
2025-12-09 21:11:58,105 [ERROR] LogOutputStream:75 - [STDERR_REDIRECT] [Fatal Error] :1:1: Premature end of file.
2025-12-09 21:11:58,105 [ERROR] LogOutputStream:75 - [STDERR_REDIRECT] 
2025-12-09 21:11:59,102 [ERROR] LogOutputStream:75 - [STDERR_REDIRECT] [Fatal Error] :1:1: Premature end of file.
2025-12-09 21:11:59,102 [ERROR] LogOutputStream:75 - [STDERR_REDIRECT] 
2025-12-09 21:12:00,102 [ERROR] LogOutputStream:75 - [STDERR_REDIRECT] [Fatal Error] :1:1: Premature end of file.
2025-12-09 21:12:00,102 [ERROR] LogOutputStream:75 - [STDERR_REDIRECT] 
2025-12-09 21:12:01,105 [ERROR] LogOutputStream:75 - [STDERR_REDIRECT] [Fatal Error] :1:1: Premature end of file.
2025-12-09 21:12:01,105 [ERROR] LogOutputStream:75 - [STDERR_REDIRECT] 
2025-12-09 21:12:02,102 [ERROR] LogOutputStream:75 - [STDERR_REDIRECT] [Fatal Error] :1:1: Premature end of file.
2025-12-09 21:12:02,102 [ERROR] LogOutputStream:75 - [STDERR_REDIRECT] 
2025-12-09 21:12:03,105 [ERROR] LogOutputStream:75 - [STDERR_REDIRECT] [Fatal Error] :1:1: Premature end of file.
2025-12-09 21:12:03,105 [ERROR] LogOutputStream:75 - [STDERR_REDIRECT] 
2025-12-09 21:12:04,102 [ERROR] LogOutputStream:75 - [STDERR_REDIRECT] [Fatal Error] :1:1: Premature end of file.
2025-12-09 21:12:04,102 [ERROR] LogOutputStream:75 - [STDERR_REDIRECT] 
2025-12-09 21:12:05,102 [ERROR] LogOutputStream:75 - [STDERR_REDIRECT] [Fatal Error] :1:1: Premature end of file.
2025-12-09 21:12:05,102 [ERROR] LogOutputStream:75 - [STDERR_REDIRECT] 
2025-12-09 21:12:06,103 [ERROR] LogOutputStream:75 - [STDERR_REDIRECT] [Fatal Error] :1:1: Premature end of file.
2025-12-09 21:12:06,103 [ERROR] LogOutputStream:75 - [STDERR_REDIRECT] 
2025-12-09 21:12:07,102 [ERROR] LogOutputStream:75 - [STDERR_REDIRECT] [Fatal Error] :1:1: Premature end of file.
2025-12-09 21:12:07,102 [ERROR] LogOutputStream:75 - [STDERR_REDIRECT] 
2025-12-09 21:12:08,103 [ERROR] LogOutputStream:75 - [STDERR_REDIRECT] [Fatal Error] :1:1: Premature end of file.
2025-12-09 21:12:08,103 [ERROR] LogOutputStream:75 - [STDERR_REDIRECT] 
2025-12-09 21:12:09,102 [ERROR] LogOutputStream:75 - [STDERR_REDIRECT] [Fatal Error] :1:1: Premature end of file.
2025-12-09 21:12:09,102 [ERROR] LogOutputStream:75 - [STDERR_REDIRECT] 
2025-12-09 21:12:10,104 [ERROR] LogOutputStream:75 - [STDERR_REDIRECT] [Fatal Error] :1:1: Premature end of file.
2025-12-09 21:12:10,104 [ERROR] LogOutputStream:75 - [STDERR_REDIRECT] 
2025-12-09 21:12:11,104 [ERROR] LogOutputStream:75 - [STDERR_REDIRECT] [Fatal Error] :1:1: Premature end of file.
2025-12-09 21:12:11,104 [ERROR] LogOutputStream:75 - [STDERR_REDIRECT] 
2025-12-09 21:12:12,103 [ERROR] LogOutputStream:75 - [STDERR_REDIRECT] [Fatal Error] :1:1: Premature end of file.
2025-12-09 21:12:12,103 [ERROR] LogOutputStream:75 - [STDERR_REDIRECT] 
2025-12-09 21:12:13,103 [ERROR] LogOutputStream:75 - [STDERR_REDIRECT] [Fatal Error] :1:1: Premature end of file.
2025-12-09 21:12:13,103 [ERROR] LogOutputStream:75 - [STDERR_REDIRECT] 
2025-12-09 21:12:14,102 [ERROR] LogOutputStream:75 - [STDERR_REDIRECT] [Fatal Error] :1:1: Premature end of file.
2025-12-09 21:12:14,102 [ERROR] LogOutputStream:75 - [STDERR_REDIRECT] 
2025-12-09 21:12:15,103 [ERROR] LogOutputStream:75 - [STDERR_REDIRECT] [Fatal Error] :1:1: Premature end of file.
2025-12-09 21:12:15,103 [ERROR] LogOutputStream:75 - [STDERR_REDIRECT] 
2025-12-09 21:12:16,103 [ERROR] LogOutputStream:75 - [STDERR_REDIRECT] [Fatal Error] :1:1: Premature end of file.
2025-12-09 21:12:16,103 [ERROR] LogOutputStream:75 - [STDERR_REDIRECT] 
2025-12-09 21:12:17,104 [ERROR] LogOutputStream:75 - [STDERR_REDIRECT] [Fatal Error] :1:1: Premature end of file.
2025-12-09 21:12:17,104 [ERROR] LogOutputStream:75 - [STDERR_REDIRECT] 
2025-12-09 21:12:18,103 [ERROR] LogOutputStream:75 - [STDERR_REDIRECT] [Fatal Error] :1:1: Premature end of file.
2025-12-09 21:12:18,103 [ERROR] LogOutputStream:75 - [STDERR_REDIRECT] 
2025-12-09 21:12:19,103 [ERROR] LogOutputStream:75 - [STDERR_REDIRECT] [Fatal Error] :1:1: Premature end of file.
2025-12-09 21:12:19,103 [ERROR] LogOutputStream:75 - [STDERR_REDIRECT] 
2025-12-09 21:12:20,103 [ERROR] LogOutputStream:75 - [STDERR_REDIRECT] [Fatal Error] :1:1: Premature end of file.
2025-12-09 21:12:20,103 [ERROR] LogOutputStream:75 - [STDERR_REDIRECT] 
2025-12-09 21:12:21,103 [ERROR] LogOutputStream:75 - [STDERR_REDIRECT] [Fatal Error] :1:1: Premature end of file.
2025-12-09 21:12:21,103 [ERROR] LogOutputStream:75 - [STDERR_REDIRECT] 
2025-12-09 21:12:22,103 [ERROR] LogOutputStream:75 - [STDERR_REDIRECT] [Fatal Error] :1:1: Premature end of file.
2025-12-09 21:12:22,103 [ERROR] LogOutputStream:75 - [STDERR_REDIRECT] 
2025-12-09 21:12:23,101 [ERROR] LogOutputStream:75 - [STDERR_REDIRECT] [Fatal Error] :1:1: Premature end of file.
2025-12-09 21:12:23,101 [ERROR] LogOutputStream:75 - [STDERR_REDIRECT] 
2025-12-09 21:12:24,103 [ERROR] LogOutputStream:75 - [STDERR_REDIRECT] [Fatal Error] :1:1: Premature end of file.
2025-12-09 21:12:24,103 [ERROR] LogOutputStream:75 - [STDERR_REDIRECT] 
2025-12-09 21:12:25,102 [ERROR] LogOutputStream:75 - [STDERR_REDIRECT] [Fatal Error] :1:1: Premature end of file.
2025-12-09 21:12:25,102 [ERROR] LogOutputStream:75 - [STDERR_REDIRECT] 
2025-12-09 21:12:26,102 [ERROR] LogOutputStream:75 - [STDERR_REDIRECT] [Fatal Error] :1:1: Premature end of file.
2025-12-09 21:12:26,102 [ERROR] LogOutputStream:75 - [STDERR_REDIRECT] 
2025-12-09 21:12:27,102 [ERROR] LogOutputStream:75 - [STDERR_REDIRECT] [Fatal Error] :1:1: Premature end of file.
2025-12-09 21:12:27,102 [ERROR] LogOutputStream:75 - [STDERR_REDIRECT] 
2025-12-09 21:12:28,105 [ERROR] LogOutputStream:75 - [STDERR_REDIRECT] [Fatal Error] :1:1: Premature end of file.
2025-12-09 21:12:28,105 [ERROR] LogOutputStream:75 - [STDERR_REDIRECT] 
2025-12-09 21:12:29,101 [ERROR] LogOutputStream:75 - [STDERR_REDIRECT] [Fatal Error] :1:1: Premature end of file.
2025-12-09 21:12:29,101 [ERROR] LogOutputStream:75 - [STDERR_REDIRECT] 
2025-12-09 21:12:30,101 [ERROR] LogOutputStream:75 - [STDERR_REDIRECT] [Fatal Error] :1:1: Premature end of file.
2025-12-09 21:12:30,101 [ERROR] LogOutputStream:75 - [STDERR_REDIRECT] 
2025-12-09 21:12:31,102 [ERROR] LogOutputStream:75 - [STDERR_REDIRECT] [Fatal Error] :1:1: Premature end of file.
2025-12-09 21:12:31,102 [ERROR] LogOutputStream:75 - [STDERR_REDIRECT] 
2025-12-09 21:12:32,102 [ERROR] LogOutputStream:75 - [STDERR_REDIRECT] [Fatal Error] :1:1: Premature end of file.
2025-12-09 21:12:32,102 [ERROR] LogOutputStream:75 - [STDERR_REDIRECT] 
2025-12-09 21:12:33,104 [ERROR] LogOutputStream:75 - [STDERR_REDIRECT] [Fatal Error] :1:1: Premature end of file.
2025-12-09 21:12:33,104 [ERROR] LogOutputStream:75 - [STDERR_REDIRECT] 
2025-12-09 21:12:34,103 [ERROR] LogOutputStream:75 - [STDERR_REDIRECT] [Fatal Error] :1:1: Premature end of file.
2025-12-09 21:12:34,103 [ERROR] LogOutputStream:75 - [STDERR_REDIRECT] 
2025-12-09 21:12:35,104 [ERROR] LogOutputStream:75 - [STDERR_REDIRECT] [Fatal Error] :1:1: Premature end of file.
2025-12-09 21:12:35,104 [ERROR] LogOutputStream:75 - [STDERR_REDIRECT] 
2025-12-09 21:12:36,103 [ERROR] LogOutputStream:75 - [STDERR_REDIRECT] [Fatal Error] :1:1: Premature end of file.
2025-12-09 21:12:36,105 [ERROR] LogOutputStream:75 - [STDERR_REDIRECT] 
2025-12-09 21:12:37,102 [ERROR] LogOutputStream:75 - [STDERR_REDIRECT] [Fatal Error] :1:1: Premature end of file.
2025-12-09 21:12:37,102 [ERROR] LogOutputStream:75 - [STDERR_REDIRECT] 
2025-12-09 21:12:38,104 [ERROR] LogOutputStream:75 - [STDERR_REDIRECT] [Fatal Error] :1:1: Premature end of file.
2025-12-09 21:12:38,104 [ERROR] LogOutputStream:75 - [STDERR_REDIRECT] 
2025-12-09 21:12:39,102 [ERROR] LogOutputStream:75 - [STDERR_REDIRECT] [Fatal Error] :1:1: Premature end of file.
2025-12-09 21:12:39,102 [ERROR] LogOutputStream:75 - [STDERR_REDIRECT] 
2025-12-09 21:12:40,103 [ERROR] LogOutputStream:75 - [STDERR_REDIRECT] [Fatal Error] :1:1: Premature end of file.
2025-12-09 21:12:40,103 [ERROR] LogOutputStream:75 - [STDERR_REDIRECT] 
2025-12-09 21:12:41,103 [ERROR] LogOutputStream:75 - [STDERR_REDIRECT] [Fatal Error] :1:1: Premature end of file.
2025-12-09 21:12:41,103 [ERROR] LogOutputStream:75 - [STDERR_REDIRECT] 
2025-12-09 21:12:42,103 [ERROR] LogOutputStream:75 - [STDERR_REDIRECT] [Fatal Error] :1:1: Premature end of file.
2025-12-09 21:12:42,103 [ERROR] LogOutputStream:75 - [STDERR_REDIRECT] 
2025-12-09 21:12:43,102 [ERROR] LogOutputStream:75 - [STDERR_REDIRECT] [Fatal Error] :1:1: Premature end of file.
2025-12-09 21:12:43,102 [ERROR] LogOutputStream:75 - [STDERR_REDIRECT] 
2025-12-09 21:12:44,103 [ERROR] LogOutputStream:75 - [STDERR_REDIRECT] [Fatal Error] :1:1: Premature end of file.
2025-12-09 21:12:44,103 [ERROR] LogOutputStream:75 - [STDERR_REDIRECT] 
2025-12-09 21:12:45,104 [ERROR] LogOutputStream:75 - [STDERR_REDIRECT] [Fatal Error] :1:1: Premature end of file.
2025-12-09 21:12:45,104 [ERROR] LogOutputStream:75 - [STDERR_REDIRECT] 
2025-12-09 21:12:46,103 [ERROR] LogOutputStream:75 - [STDERR_REDIRECT] [Fatal Error] :1:1: Premature end of file.
2025-12-09 21:12:46,103 [ERROR] LogOutputStream:75 - [STDERR_REDIRECT] 
2025-12-09 21:12:47,104 [ERROR] LogOutputStream:75 - [STDERR_REDIRECT] [Fatal Error] :1:1: Premature end of file.
2025-12-09 21:12:47,104 [ERROR] LogOutputStream:75 - [STDERR_REDIRECT] 
2025-12-09 21:12:48,102 [ERROR] LogOutputStream:75 - [STDERR_REDIRECT] [Fatal Error] :1:1: Premature end of file.
2025-12-09 21:12:48,102 [ERROR] LogOutputStream:75 - [STDERR_REDIRECT] 
2025-12-09 21:12:49,103 [ERROR] LogOutputStream:75 - [STDERR_REDIRECT] [Fatal Error] :1:1: Premature end of file.
2025-12-09 21:12:49,103 [ERROR] LogOutputStream:75 - [STDERR_REDIRECT] 
2025-12-09 21:12:50,103 [ERROR] LogOutputStream:75 - [STDERR_REDIRECT] [Fatal Error] :1:1: Premature end of file.
2025-12-09 21:12:50,103 [ERROR] LogOutputStream:75 - [STDERR_REDIRECT] 
2025-12-09 21:12:51,103 [ERROR] LogOutputStream:75 - [STDERR_REDIRECT] [Fatal Error] :1:1: Premature end of file.
2025-12-09 21:12:51,103 [ERROR] LogOutputStream:75 - [STDERR_REDIRECT] 
2025-12-09 21:12:52,102 [ERROR] LogOutputStream:75 - [STDERR_REDIRECT] [Fatal Error] :1:1: Premature end of file.
2025-12-09 21:12:52,103 [ERROR] LogOutputStream:75 - [STDERR_REDIRECT] 
2025-12-09 21:12:53,103 [ERROR] LogOutputStream:75 - [STDERR_REDIRECT] [Fatal Error] :1:1: Premature end of file.
2025-12-09 21:12:53,103 [ERROR] LogOutputStream:75 - [STDERR_REDIRECT] 
2025-12-09 21:12:54,103 [ERROR] LogOutputStream:75 - [STDERR_REDIRECT] [Fatal Error] :1:1: Premature end of file.
2025-12-09 21:12:54,103 [ERROR] LogOutputStream:75 - [STDERR_REDIRECT] 
2025-12-09 21:12:55,105 [ERROR] LogOutputStream:75 - [STDERR_REDIRECT] [Fatal Error] :1:1: Premature end of file.
2025-12-09 21:12:55,105 [ERROR] LogOutputStream:75 - [STDERR_REDIRECT] 
2025-12-09 21:12:56,103 [ERROR] LogOutputStream:75 - [STDERR_REDIRECT] [Fatal Error] :1:1: Premature end of file.
2025-12-09 21:12:56,103 [ERROR] LogOutputStream:75 - [STDERR_REDIRECT] 
2025-12-09 21:12:57,105 [ERROR] LogOutputStream:75 - [STDERR_REDIRECT] [Fatal Error] :1:1: Premature end of file.
2025-12-09 21:12:57,105 [ERROR] LogOutputStream:75 - [STDERR_REDIRECT] 
2025-12-09 21:12:58,106 [ERROR] LogOutputStream:75 - [STDERR_REDIRECT] [Fatal Error] :1:1: Premature end of file.
2025-12-09 21:12:58,106 [ERROR] LogOutputStream:75 - [STDERR_REDIRECT] 
2025-12-09 21:12:59,102 [ERROR] LogOutputStream:75 - [STDERR_REDIRECT] [Fatal Error] :1:1: Premature end of file.
2025-12-09 21:12:59,102 [ERROR] LogOutputStream:75 - [STDERR_REDIRECT] 
2025-12-09 21:13:00,103 [ERROR] LogOutputStream:75 - [STDERR_REDIRECT] [Fatal Error] :1:1: Premature end of file.
2025-12-09 21:13:00,104 [ERROR] LogOutputStream:75 - [STDERR_REDIRECT] 
2025-12-09 21:13:01,104 [ERROR] LogOutputStream:75 - [STDERR_REDIRECT] [Fatal Error] :1:1: Premature end of file.
2025-12-09 21:13:01,105 [ERROR] LogOutputStream:75 - [STDERR_REDIRECT] 
2025-12-09 21:13:02,102 [ERROR] LogOutputStream:75 - [STDERR_REDIRECT] [Fatal Error] :1:1: Premature end of file.
2025-12-09 21:13:02,102 [ERROR] LogOutputStream:75 - [STDERR_REDIRECT] 
2025-12-09 21:13:03,103 [ERROR] LogOutputStream:75 - [STDERR_REDIRECT] [Fatal Error] :1:1: Premature end of file.
2025-12-09 21:13:03,103 [ERROR] LogOutputStream:75 - [STDERR_REDIRECT] 
2025-12-09 21:13:04,102 [ERROR] LogOutputStream:75 - [STDERR_REDIRECT] [Fatal Error] :1:1: Premature end of file.
2025-12-09 21:13:04,103 [ERROR] LogOutputStream:75 - [STDERR_REDIRECT] 
2025-12-09 21:13:05,104 [ERROR] LogOutputStream:75 - [STDERR_REDIRECT] [Fatal Error] :1:1: Premature end of file.
2025-12-09 21:13:05,104 [ERROR] LogOutputStream:75 - [STDERR_REDIRECT] 
2025-12-09 21:13:06,102 [ERROR] LogOutputStream:75 - [STDERR_REDIRECT] [Fatal Error] :1:1: Premature end of file.
2025-12-09 21:13:06,102 [ERROR] LogOutputStream:75 - [STDERR_REDIRECT] 
2025-12-09 21:13:07,103 [ERROR] LogOutputStream:75 - [STDERR_REDIRECT] [Fatal Error] :1:1: Premature end of file.
2025-12-09 21:13:07,103 [ERROR] LogOutputStream:75 - [STDERR_REDIRECT] 
2025-12-09 21:13:08,104 [ERROR] LogOutputStream:75 - [STDERR_REDIRECT] [Fatal Error] :1:1: Premature end of file.
2025-12-09 21:13:08,104 [ERROR] LogOutputStream:75 - [STDERR_REDIRECT] 
2025-12-09 21:13:09,102 [ERROR] LogOutputStream:75 - [STDERR_REDIRECT] [Fatal Error] :1:1: Premature end of file.
2025-12-09 21:13:09,102 [ERROR] LogOutputStream:75 - [STDERR_REDIRECT] 
2025-12-09 21:13:10,104 [ERROR] LogOutputStream:75 - [STDERR_REDIRECT] [Fatal Error] :1:1: Premature end of file.
2025-12-09 21:13:10,104 [ERROR] LogOutputStream:75 - [STDERR_REDIRECT] 
2025-12-09 21:13:11,103 [ERROR] LogOutputStream:75 - [STDERR_REDIRECT] [Fatal Error] :1:1: Premature end of file.
2025-12-09 21:13:11,103 [ERROR] LogOutputStream:75 - [STDERR_REDIRECT] 
2025-12-09 21:13:12,103 [ERROR] LogOutputStream:75 - [STDERR_REDIRECT] [Fatal Error] :1:1: Premature end of file.
2025-12-09 21:13:12,104 [ERROR] LogOutputStream:75 - [STDERR_REDIRECT] 
2025-12-09 21:13:13,104 [ERROR] LogOutputStream:75 - [STDERR_REDIRECT] [Fatal Error] :1:1: Premature end of file.
2025-12-09 21:13:13,104 [ERROR] LogOutputStream:75 - [STDERR_REDIRECT] 
2025-12-09 21:13:14,103 [ERROR] LogOutputStream:75 - [STDERR_REDIRECT] [Fatal Error] :1:1: Premature end of file.
2025-12-09 21:13:14,103 [ERROR] LogOutputStream:75 - [STDERR_REDIRECT] 
2025-12-09 21:13:15,103 [ERROR] LogOutputStream:75 - [STDERR_REDIRECT] [Fatal Error] :1:1: Premature end of file.
2025-12-09 21:13:15,103 [ERROR] LogOutputStream:75 - [STDERR_REDIRECT] 
2025-12-09 21:13:16,104 [ERROR] LogOutputStream:75 - [STDERR_REDIRECT] [Fatal Error] :1:1: Premature end of file.
2025-12-09 21:13:16,104 [ERROR] LogOutputStream:75 - [STDERR_REDIRECT] 
2025-12-09 21:13:17,104 [ERROR] LogOutputStream:75 - [STDERR_REDIRECT] [Fatal Error] :1:1: Premature end of file.
2025-12-09 21:13:17,104 [ERROR] LogOutputStream:75 - [STDERR_REDIRECT] 
2025-12-09 21:13:18,102 [ERROR] LogOutputStream:75 - [STDERR_REDIRECT] [Fatal Error] :1:1: Premature end of file.
2025-12-09 21:13:18,102 [ERROR] LogOutputStream:75 - [STDERR_REDIRECT] 
2025-12-09 21:13:19,103 [ERROR] LogOutputStream:75 - [STDERR_REDIRECT] [Fatal Error] :1:1: Premature end of file.
2025-12-09 21:13:19,103 [ERROR] LogOutputStream:75 - [STDERR_REDIRECT] 
2025-12-09 21:13:20,103 [ERROR] LogOutputStream:75 - [STDERR_REDIRECT] [Fatal Error] :1:1: Premature end of file.
2025-12-09 21:13:20,104 [ERROR] LogOutputStream:75 - [STDERR_REDIRECT] 
2025-12-09 21:13:21,103 [ERROR] LogOutputStream:75 - [STDERR_REDIRECT] [Fatal Error] :1:1: Premature end of file.
2025-12-09 21:13:21,103 [ERROR] LogOutputStream:75 - [STDERR_REDIRECT] 
2025-12-09 21:13:22,103 [ERROR] LogOutputStream:75 - [STDERR_REDIRECT] [Fatal Error] :1:1: Premature end of file.
2025-12-09 21:13:22,103 [ERROR] LogOutputStream:75 - [STDERR_REDIRECT] 
2025-12-09 21:13:23,102 [ERROR] LogOutputStream:75 - [STDERR_REDIRECT] [Fatal Error] :1:1: Premature end of file.
2025-12-09 21:13:23,102 [ERROR] LogOutputStream:75 - [STDERR_REDIRECT] 
2025-12-09 21:13:24,103 [ERROR] LogOutputStream:75 - [STDERR_REDIRECT] [Fatal Error] :1:1: Premature end of file.
2025-12-09 21:13:24,103 [ERROR] LogOutputStream:75 - [STDERR_REDIRECT] 
2025-12-09 21:13:25,102 [ERROR] LogOutputStream:75 - [STDERR_REDIRECT] [Fatal Error] :1:1: Premature end of file.
2025-12-09 21:13:25,102 [ERROR] LogOutputStream:75 - [STDERR_REDIRECT] 
2025-12-09 21:13:26,102 [ERROR] LogOutputStream:75 - [STDERR_REDIRECT] [Fatal Error] :1:1: Premature end of file.
2025-12-09 21:13:26,102 [ERROR] LogOutputStream:75 - [STDERR_REDIRECT] 
2025-12-09 21:13:27,105 [ERROR] LogOutputStream:75 - [STDERR_REDIRECT] [Fatal Error] :1:1: Premature end of file.
2025-12-09 21:13:27,105 [ERROR] LogOutputStream:75 - [STDERR_REDIRECT] 
2025-12-09 21:13:28,104 [ERROR] LogOutputStream:75 - [STDERR_REDIRECT] [Fatal Error] :1:1: Premature end of file.
2025-12-09 21:13:28,104 [ERROR] LogOutputStream:75 - [STDERR_REDIRECT] 
2025-12-09 21:13:29,103 [ERROR] LogOutputStream:75 - [STDERR_REDIRECT] [Fatal Error] :1:1: Premature end of file.
2025-12-09 21:13:29,103 [ERROR] LogOutputStream:75 - [STDERR_REDIRECT] 
2025-12-09 21:13:30,102 [ERROR] LogOutputStream:75 - [STDERR_REDIRECT] [Fatal Error] :1:1: Premature end of file.
2025-12-09 21:13:30,102 [ERROR] LogOutputStream:75 - [STDERR_REDIRECT] 
2025-12-09 21:13:31,105 [ERROR] LogOutputStream:75 - [STDERR_REDIRECT] [Fatal Error] :1:1: Premature end of file.
2025-12-09 21:13:31,105 [ERROR] LogOutputStream:75 - [STDERR_REDIRECT] 
2025-12-09 21:13:32,102 [ERROR] LogOutputStream:75 - [STDERR_REDIRECT] [Fatal Error] :1:1: Premature end of file.
2025-12-09 21:13:32,102 [ERROR] LogOutputStream:75 - [STDERR_REDIRECT] 
2025-12-09 21:13:33,104 [ERROR] LogOutputStream:75 - [STDERR_REDIRECT] [Fatal Error] :1:1: Premature end of file.
2025-12-09 21:13:33,104 [ERROR] LogOutputStream:75 - [STDERR_REDIRECT] 
2025-12-09 21:13:34,102 [ERROR] LogOutputStream:75 - [STDERR_REDIRECT] [Fatal Error] :1:1: Premature end of file.
2025-12-09 21:13:34,102 [ERROR] LogOutputStream:75 - [STDERR_REDIRECT] 
2025-12-09 21:13:35,103 [ERROR] LogOutputStream:75 - [STDERR_REDIRECT] [Fatal Error] :1:1: Premature end of file.
2025-12-09 21:13:35,103 [ERROR] LogOutputStream:75 - [STDERR_REDIRECT] 
2025-12-09 21:13:36,111 [ERROR] LogOutputStream:75 - [STDERR_REDIRECT] [Fatal Error] :1:1: Premature end of file.
2025-12-09 21:13:36,111 [ERROR] LogOutputStream:75 - [STDERR_REDIRECT] 
2025-12-09 21:13:37,105 [ERROR] LogOutputStream:75 - [STDERR_REDIRECT] [Fatal Error] :1:1: Premature end of file.
2025-12-09 21:13:37,106 [ERROR] LogOutputStream:75 - [STDERR_REDIRECT] 
2025-12-09 21:13:38,106 [ERROR] LogOutputStream:75 - [STDERR_REDIRECT] [Fatal Error] :1:1: Premature end of file.
2025-12-09 21:13:38,106 [ERROR] LogOutputStream:75 - [STDERR_REDIRECT] 
2025-12-09 21:13:39,103 [ERROR] LogOutputStream:75 - [STDERR_REDIRECT] [Fatal Error] :1:1: Premature end of file.
2025-12-09 21:13:39,103 [ERROR] LogOutputStream:75 - [STDERR_REDIRECT] 
2025-12-09 21:13:40,105 [ERROR] LogOutputStream:75 - [STDERR_REDIRECT] [Fatal Error] :1:1: Premature end of file.
2025-12-09 21:13:40,105 [ERROR] LogOutputStream:75 - [STDERR_REDIRECT] 
2025-12-09 21:13:41,107 [ERROR] LogOutputStream:75 - [STDERR_REDIRECT] [Fatal Error] :1:1: Premature end of file.
2025-12-09 21:13:41,107 [ERROR] LogOutputStream:75 - [STDERR_REDIRECT] 
2025-12-09 21:13:42,105 [ERROR] LogOutputStream:75 - [STDERR_REDIRECT] [Fatal Error] :1:1: Premature end of file.
2025-12-09 21:13:42,105 [ERROR] LogOutputStream:75 - [STDERR_REDIRECT] 
2025-12-09 21:13:43,106 [ERROR] LogOutputStream:75 - [STDERR_REDIRECT] [Fatal Error] :1:1: Premature end of file.
2025-12-09 21:13:43,106 [ERROR] LogOutputStream:75 - [STDERR_REDIRECT] 
2025-12-09 21:13:44,104 [ERROR] LogOutputStream:75 - [STDERR_REDIRECT] [Fatal Error] :1:1: Premature end of file.
2025-12-09 21:13:44,104 [ERROR] LogOutputStream:75 - [STDERR_REDIRECT] 
2025-12-09 21:13:45,105 [ERROR] LogOutputStream:75 - [STDERR_REDIRECT] [Fatal Error] :1:1: Premature end of file.
2025-12-09 21:13:45,105 [ERROR] LogOutputStream:75 - [STDERR_REDIRECT] 
2025-12-09 21:13:46,106 [ERROR] LogOutputStream:75 - [STDERR_REDIRECT] [Fatal Error] :1:1: Premature end of file.
2025-12-09 21:13:46,106 [ERROR] LogOutputStream:75 - [STDERR_REDIRECT] 
2025-12-09 21:13:47,106 [ERROR] LogOutputStream:75 - [STDERR_REDIRECT] [Fatal Error] :1:1: Premature end of file.
2025-12-09 21:13:47,106 [ERROR] LogOutputStream:75 - [STDERR_REDIRECT] 
2025-12-09 21:13:48,104 [ERROR] LogOutputStream:75 - [STDERR_REDIRECT] [Fatal Error] :1:1: Premature end of file.
2025-12-09 21:13:48,104 [ERROR] LogOutputStream:75 - [STDERR_REDIRECT] 
2025-12-09 21:13:49,104 [ERROR] LogOutputStream:75 - [STDERR_REDIRECT] [Fatal Error] :1:1: Premature end of file.
2025-12-09 21:13:49,104 [ERROR] LogOutputStream:75 - [STDERR_REDIRECT] 
2025-12-09 21:13:50,105 [ERROR] LogOutputStream:75 - [STDERR_REDIRECT] [Fatal Error] :1:1: Premature end of file.
2025-12-09 21:13:50,105 [ERROR] LogOutputStream:75 - [STDERR_REDIRECT] 
2025-12-09 21:13:51,106 [ERROR] LogOutputStream:75 - [STDERR_REDIRECT] [Fatal Error] :1:1: Premature end of file.
2025-12-09 21:13:51,106 [ERROR] LogOutputStream:75 - [STDERR_REDIRECT] 
2025-12-09 21:13:52,104 [ERROR] LogOutputStream:75 - [STDERR_REDIRECT] [Fatal Error] :1:1: Premature end of file.
2025-12-09 21:13:52,104 [ERROR] LogOutputStream:75 - [STDERR_REDIRECT] 
2025-12-09 21:13:53,106 [ERROR] LogOutputStream:75 - [STDERR_REDIRECT] [Fatal Error] :1:1: Premature end of file.
2025-12-09 21:13:53,106 [ERROR] LogOutputStream:75 - [STDERR_REDIRECT] 
2025-12-09 21:13:54,106 [ERROR] LogOutputStream:75 - [STDERR_REDIRECT] [Fatal Error] :1:1: Premature end of file.
2025-12-09 21:13:54,106 [ERROR] LogOutputStream:75 - [STDERR_REDIRECT] 
2025-12-09 21:13:55,108 [ERROR] LogOutputStream:75 - [STDERR_REDIRECT] [Fatal Error] :1:1: Premature end of file.
2025-12-09 21:13:55,108 [ERROR] LogOutputStream:75 - [STDERR_REDIRECT] 
2025-12-09 21:13:56,107 [ERROR] LogOutputStream:75 - [STDERR_REDIRECT] [Fatal Error] :1:1: Premature end of file.
2025-12-09 21:13:56,107 [ERROR] LogOutputStream:75 - [STDERR_REDIRECT] 
2025-12-09 21:13:57,109 [ERROR] LogOutputStream:75 - [STDERR_REDIRECT] [Fatal Error] :1:1: Premature end of file.
2025-12-09 21:13:57,110 [ERROR] LogOutputStream:75 - [STDERR_REDIRECT] 
2025-12-09 21:13:58,106 [ERROR] LogOutputStream:75 - [STDERR_REDIRECT] [Fatal Error] :1:1: Premature end of file.
2025-12-09 21:13:58,106 [ERROR] LogOutputStream:75 - [STDERR_REDIRECT] 
2025-12-09 21:13:59,106 [ERROR] LogOutputStream:75 - [STDERR_REDIRECT] [Fatal Error] :1:1: Premature end of file.
2025-12-09 21:13:59,107 [ERROR] LogOutputStream:75 - [STDERR_REDIRECT] 
2025-12-09 21:14:00,105 [ERROR] LogOutputStream:75 - [STDERR_REDIRECT] [Fatal Error] :1:1: Premature end of file.
2025-12-09 21:14:00,105 [ERROR] LogOutputStream:75 - [STDERR_REDIRECT] 
2025-12-09 21:14:01,106 [ERROR] LogOutputStream:75 - [STDERR_REDIRECT] [Fatal Error] :1:1: Premature end of file.
2025-12-09 21:14:01,106 [ERROR] LogOutputStream:75 - [STDERR_REDIRECT] 
2025-12-09 21:14:02,105 [ERROR] LogOutputStream:75 - [STDERR_REDIRECT] [Fatal Error] :1:1: Premature end of file.
2025-12-09 21:14:02,105 [ERROR] LogOutputStream:75 - [STDERR_REDIRECT] 
2025-12-09 21:14:03,108 [ERROR] LogOutputStream:75 - [STDERR_REDIRECT] [Fatal Error] :1:1: Premature end of file.
2025-12-09 21:14:03,108 [ERROR] LogOutputStream:75 - [STDERR_REDIRECT] 
2025-12-09 21:14:04,106 [ERROR] LogOutputStream:75 - [STDERR_REDIRECT] [Fatal Error] :1:1: Premature end of file.
2025-12-09 21:14:04,106 [ERROR] LogOutputStream:75 - [STDERR_REDIRECT] 
2025-12-09 21:14:05,104 [ERROR] LogOutputStream:75 - [STDERR_REDIRECT] [Fatal Error] :1:1: Premature end of file.
2025-12-09 21:14:05,104 [ERROR] LogOutputStream:75 - [STDERR_REDIRECT] 
2025-12-09 21:14:06,104 [ERROR] LogOutputStream:75 - [STDERR_REDIRECT] [Fatal Error] :1:1: Premature end of file.
2025-12-09 21:14:06,104 [ERROR] LogOutputStream:75 - [STDERR_REDIRECT] 
2025-12-09 21:14:07,104 [ERROR] LogOutputStream:75 - [STDERR_REDIRECT] [Fatal Error] :1:1: Premature end of file.
2025-12-09 21:14:07,104 [ERROR] LogOutputStream:75 - [STDERR_REDIRECT] 
2025-12-09 21:14:08,103 [ERROR] LogOutputStream:75 - [STDERR_REDIRECT] [Fatal Error] :1:1: Premature end of file.
2025-12-09 21:14:08,103 [ERROR] LogOutputStream:75 - [STDERR_REDIRECT] 
2025-12-09 21:14:09,103 [ERROR] LogOutputStream:75 - [STDERR_REDIRECT] [Fatal Error] :1:1: Premature end of file.
2025-12-09 21:14:09,103 [ERROR] LogOutputStream:75 - [STDERR_REDIRECT] 
2025-12-09 21:14:10,104 [ERROR] LogOutputStream:75 - [STDERR_REDIRECT] [Fatal Error] :1:1: Premature end of file.
2025-12-09 21:14:10,104 [ERROR] LogOutputStream:75 - [STDERR_REDIRECT] 
2025-12-09 21:14:11,102 [ERROR] LogOutputStream:75 - [STDERR_REDIRECT] [Fatal Error] :1:1: Premature end of file.
2025-12-09 21:14:11,102 [ERROR] LogOutputStream:75 - [STDERR_REDIRECT] 
2025-12-09 21:14:12,103 [ERROR] LogOutputStream:75 - [STDERR_REDIRECT] [Fatal Error] :1:1: Premature end of file.
2025-12-09 21:14:12,103 [ERROR] LogOutputStream:75 - [STDERR_REDIRECT] 
2025-12-09 21:14:13,104 [ERROR] LogOutputStream:75 - [STDERR_REDIRECT] [Fatal Error] :1:1: Premature end of file.
2025-12-09 21:14:13,104 [ERROR] LogOutputStream:75 - [STDERR_REDIRECT] 
2025-12-09 21:14:14,103 [ERROR] LogOutputStream:75 - [STDERR_REDIRECT] [Fatal Error] :1:1: Premature end of file.
2025-12-09 21:14:14,104 [ERROR] LogOutputStream:75 - [STDERR_REDIRECT] 
2025-12-09 21:14:15,104 [ERROR] LogOutputStream:75 - [STDERR_REDIRECT] [Fatal Error] :1:1: Premature end of file.
2025-12-09 21:14:15,104 [ERROR] LogOutputStream:75 - [STDERR_REDIRECT] 
2025-12-09 21:14:16,103 [ERROR] LogOutputStream:75 - [STDERR_REDIRECT] [Fatal Error] :1:1: Premature end of file.
2025-12-09 21:14:16,104 [ERROR] LogOutputStream:75 - [STDERR_REDIRECT] 
2025-12-09 21:14:17,103 [ERROR] LogOutputStream:75 - [STDERR_REDIRECT] [Fatal Error] :1:1: Premature end of file.
2025-12-09 21:14:17,103 [ERROR] LogOutputStream:75 - [STDERR_REDIRECT] 
2025-12-09 21:14:18,103 [ERROR] LogOutputStream:75 - [STDERR_REDIRECT] [Fatal Error] :1:1: Premature end of file.
2025-12-09 21:14:18,103 [ERROR] LogOutputStream:75 - [STDERR_REDIRECT] 
2025-12-09 21:14:19,103 [ERROR] LogOutputStream:75 - [STDERR_REDIRECT] [Fatal Error] :1:1: Premature end of file.
2025-12-09 21:14:19,104 [ERROR] LogOutputStream:75 - [STDERR_REDIRECT] 
2025-12-09 21:14:20,103 [ERROR] LogOutputStream:75 - [STDERR_REDIRECT] [Fatal Error] :1:1: Premature end of file.
2025-12-09 21:14:20,103 [ERROR] LogOutputStream:75 - [STDERR_REDIRECT] 
2025-12-09 21:14:21,103 [ERROR] LogOutputStream:75 - [STDERR_REDIRECT] [Fatal Error] :1:1: Premature end of file.
2025-12-09 21:14:21,103 [ERROR] LogOutputStream:75 - [STDERR_REDIRECT] 
2025-12-09 21:14:22,103 [ERROR] LogOutputStream:75 - [STDERR_REDIRECT] [Fatal Error] :1:1: Premature end of file.
2025-12-09 21:14:22,103 [ERROR] LogOutputStream:75 - [STDERR_REDIRECT] 
2025-12-09 21:14:23,103 [ERROR] LogOutputStream:75 - [STDERR_REDIRECT] [Fatal Error] :1:1: Premature end of file.
2025-12-09 21:14:23,103 [ERROR] LogOutputStream:75 - [STDERR_REDIRECT] 
2025-12-09 21:14:24,104 [ERROR] LogOutputStream:75 - [STDERR_REDIRECT] [Fatal Error] :1:1: Premature end of file.
2025-12-09 21:14:24,104 [ERROR] LogOutputStream:75 - [STDERR_REDIRECT] 
2025-12-09 21:14:25,104 [ERROR] LogOutputStream:75 - [STDERR_REDIRECT] [Fatal Error] :1:1: Premature end of file.
2025-12-09 21:14:25,104 [ERROR] LogOutputStream:75 - [STDERR_REDIRECT] 
2025-12-09 21:14:26,105 [ERROR] LogOutputStream:75 - [STDERR_REDIRECT] [Fatal Error] :1:1: Premature end of file.
2025-12-09 21:14:26,105 [ERROR] LogOutputStream:75 - [STDERR_REDIRECT] 
2025-12-09 21:14:27,102 [ERROR] LogOutputStream:75 - [STDERR_REDIRECT] [Fatal Error] :1:1: Premature end of file.
2025-12-09 21:14:27,102 [ERROR] LogOutputStream:75 - [STDERR_REDIRECT] 
2025-12-09 21:14:28,103 [ERROR] LogOutputStream:75 - [STDERR_REDIRECT] [Fatal Error] :1:1: Premature end of file.
2025-12-09 21:14:28,103 [ERROR] LogOutputStream:75 - [STDERR_REDIRECT] 
2025-12-09 21:14:29,104 [ERROR] LogOutputStream:75 - [STDERR_REDIRECT] [Fatal Error] :1:1: Premature end of file.
2025-12-09 21:14:29,104 [ERROR] LogOutputStream:75 - [STDERR_REDIRECT] 
2025-12-09 21:14:30,102 [ERROR] LogOutputStream:75 - [STDERR_REDIRECT] [Fatal Error] :1:1: Premature end of file.
2025-12-09 21:14:30,103 [ERROR] LogOutputStream:75 - [STDERR_REDIRECT] 
2025-12-09 21:14:31,105 [ERROR] LogOutputStream:75 - [STDERR_REDIRECT] [Fatal Error] :1:1: Premature end of file.
2025-12-09 21:14:31,105 [ERROR] LogOutputStream:75 - [STDERR_REDIRECT] 
2025-12-09 21:14:32,102 [ERROR] LogOutputStream:75 - [STDERR_REDIRECT] [Fatal Error] :1:1: Premature end of file.
2025-12-09 21:14:32,102 [ERROR] LogOutputStream:75 - [STDERR_REDIRECT] 
2025-12-09 21:14:33,105 [ERROR] LogOutputStream:75 - [STDERR_REDIRECT] [Fatal Error] :1:1: Premature end of file.
2025-12-09 21:14:33,105 [ERROR] LogOutputStream:75 - [STDERR_REDIRECT] 
2025-12-09 21:14:34,102 [ERROR] LogOutputStream:75 - [STDERR_REDIRECT] [Fatal Error] :1:1: Premature end of file.
2025-12-09 21:14:34,102 [ERROR] LogOutputStream:75 - [STDERR_REDIRECT] 
2025-12-09 21:14:35,103 [ERROR] LogOutputStream:75 - [STDERR_REDIRECT] [Fatal Error] :1:1: Premature end of file.
2025-12-09 21:14:35,103 [ERROR] LogOutputStream:75 - [STDERR_REDIRECT] 
2025-12-09 21:14:36,104 [ERROR] LogOutputStream:75 - [STDERR_REDIRECT] [Fatal Error] :1:1: Premature end of file.
2025-12-09 21:14:36,104 [ERROR] LogOutputStream:75 - [STDERR_REDIRECT] 
2025-12-09 21:14:37,103 [ERROR] LogOutputStream:75 - [STDERR_REDIRECT] [Fatal Error] :1:1: Premature end of file.
2025-12-09 21:14:37,103 [ERROR] LogOutputStream:75 - [STDERR_REDIRECT] 
2025-12-09 21:14:38,103 [ERROR] LogOutputStream:75 - [STDERR_REDIRECT] [Fatal Error] :1:1: Premature end of file.
2025-12-09 21:14:38,103 [ERROR] LogOutputStream:75 - [STDERR_REDIRECT] 
2025-12-09 21:14:39,103 [ERROR] LogOutputStream:75 - [STDERR_REDIRECT] [Fatal Error] :1:1: Premature end of file.
2025-12-09 21:14:39,103 [ERROR] LogOutputStream:75 - [STDERR_REDIRECT] 
2025-12-09 21:14:40,103 [ERROR] LogOutputStream:75 - [STDERR_REDIRECT] [Fatal Error] :1:1: Premature end of file.
2025-12-09 21:14:40,103 [ERROR] LogOutputStream:75 - [STDERR_REDIRECT] 
2025-12-09 21:14:41,103 [ERROR] LogOutputStream:75 - [STDERR_REDIRECT] [Fatal Error] :1:1: Premature end of file.
2025-12-09 21:14:41,103 [ERROR] LogOutputStream:75 - [STDERR_REDIRECT] 
2025-12-09 21:14:42,102 [ERROR] LogOutputStream:75 - [STDERR_REDIRECT] [Fatal Error] :1:1: Premature end of file.
2025-12-09 21:14:42,102 [ERROR] LogOutputStream:75 - [STDERR_REDIRECT] 
2025-12-09 21:14:43,104 [ERROR] LogOutputStream:75 - [STDERR_REDIRECT] [Fatal Error] :1:1: Premature end of file.
2025-12-09 21:14:43,104 [ERROR] LogOutputStream:75 - [STDERR_REDIRECT] 
2025-12-09 21:14:44,103 [ERROR] LogOutputStream:75 - [STDERR_REDIRECT] [Fatal Error] :1:1: Premature end of file.
2025-12-09 21:14:44,103 [ERROR] LogOutputStream:75 - [STDERR_REDIRECT] 
2025-12-09 21:14:45,103 [ERROR] LogOutputStream:75 - [STDERR_REDIRECT] [Fatal Error] :1:1: Premature end of file.
2025-12-09 21:14:45,103 [ERROR] LogOutputStream:75 - [STDERR_REDIRECT] 
2025-12-09 21:14:46,102 [ERROR] LogOutputStream:75 - [STDERR_REDIRECT] [Fatal Error] :1:1: Premature end of file.
2025-12-09 21:14:46,102 [ERROR] LogOutputStream:75 - [STDERR_REDIRECT] 
2025-12-09 21:14:47,103 [ERROR] LogOutputStream:75 - [STDERR_REDIRECT] [Fatal Error] :1:1: Premature end of file.
2025-12-09 21:14:47,103 [ERROR] LogOutputStream:75 - [STDERR_REDIRECT] 
2025-12-09 21:14:48,102 [ERROR] LogOutputStream:75 - [STDERR_REDIRECT] [Fatal Error] :1:1: Premature end of file.
2025-12-09 21:14:48,102 [ERROR] LogOutputStream:75 - [STDERR_REDIRECT] 
2025-12-09 21:14:49,105 [ERROR] LogOutputStream:75 - [STDERR_REDIRECT] [Fatal Error] :1:1: Premature end of file.
2025-12-09 21:14:49,106 [ERROR] LogOutputStream:75 - [STDERR_REDIRECT] 
2025-12-09 21:14:50,104 [ERROR] LogOutputStream:75 - [STDERR_REDIRECT] [Fatal Error] :1:1: Premature end of file.
2025-12-09 21:14:50,104 [ERROR] LogOutputStream:75 - [STDERR_REDIRECT] 
2025-12-09 21:14:51,103 [ERROR] LogOutputStream:75 - [STDERR_REDIRECT] [Fatal Error] :1:1: Premature end of file.
2025-12-09 21:14:51,103 [ERROR] LogOutputStream:75 - [STDERR_REDIRECT] 
2025-12-09 21:14:52,102 [ERROR] LogOutputStream:75 - [STDERR_REDIRECT] [Fatal Error] :1:1: Premature end of file.
2025-12-09 21:14:52,102 [ERROR] LogOutputStream:75 - [STDERR_REDIRECT] 
2025-12-09 21:14:53,102 [ERROR] LogOutputStream:75 - [STDERR_REDIRECT] [Fatal Error] :1:1: Premature end of file.
2025-12-09 21:14:53,102 [ERROR] LogOutputStream:75 - [STDERR_REDIRECT] 
2025-12-09 21:14:54,103 [ERROR] LogOutputStream:75 - [STDERR_REDIRECT] [Fatal Error] :1:1: Premature end of file.
2025-12-09 21:14:54,103 [ERROR] LogOutputStream:75 - [STDERR_REDIRECT] 
2025-12-09 21:14:55,104 [ERROR] LogOutputStream:75 - [STDERR_REDIRECT] [Fatal Error] :1:1: Premature end of file.
2025-12-09 21:14:55,104 [ERROR] LogOutputStream:75 - [STDERR_REDIRECT] 
2025-12-09 21:14:56,103 [ERROR] LogOutputStream:75 - [STDERR_REDIRECT] [Fatal Error] :1:1: Premature end of file.
2025-12-09 21:14:56,103 [ERROR] LogOutputStream:75 - [STDERR_REDIRECT] 
2025-12-09 21:14:57,102 [ERROR] LogOutputStream:75 - [STDERR_REDIRECT] [Fatal Error] :1:1: Premature end of file.
2025-12-09 21:14:57,102 [ERROR] LogOutputStream:75 - [STDERR_REDIRECT] 
2025-12-09 21:14:58,103 [ERROR] LogOutputStream:75 - [STDERR_REDIRECT] [Fatal Error] :1:1: Premature end of file.
2025-12-09 21:14:58,103 [ERROR] LogOutputStream:75 - [STDERR_REDIRECT] 
2025-12-09 21:14:59,103 [ERROR] LogOutputStream:75 - [STDERR_REDIRECT] [Fatal Error] :1:1: Premature end of file.
2025-12-09 21:14:59,103 [ERROR] LogOutputStream:75 - [STDERR_REDIRECT] 
2025-12-09 21:15:00,101 [ERROR] LogOutputStream:75 - [STDERR_REDIRECT] [Fatal Error] :1:1: Premature end of file.
2025-12-09 21:15:00,101 [ERROR] LogOutputStream:75 - [STDERR_REDIRECT] 
2025-12-09 21:15:01,105 [ERROR] LogOutputStream:75 - [STDERR_REDIRECT] [Fatal Error] :1:1: Premature end of file.
2025-12-09 21:15:01,105 [ERROR] LogOutputStream:75 - [STDERR_REDIRECT] 
2025-12-09 21:15:02,103 [ERROR] LogOutputStream:75 - [STDERR_REDIRECT] [Fatal Error] :1:1: Premature end of file.
2025-12-09 21:15:02,103 [ERROR] LogOutputStream:75 - [STDERR_REDIRECT] 
2025-12-09 21:15:03,104 [ERROR] LogOutputStream:75 - [STDERR_REDIRECT] [Fatal Error] :1:1: Premature end of file.
2025-12-09 21:15:03,104 [ERROR] LogOutputStream:75 - [STDERR_REDIRECT] 
2025-12-09 21:15:04,103 [ERROR] LogOutputStream:75 - [STDERR_REDIRECT] [Fatal Error] :1:1: Premature end of file.
2025-12-09 21:15:04,103 [ERROR] LogOutputStream:75 - [STDERR_REDIRECT] 
2025-12-09 21:15:05,105 [ERROR] LogOutputStream:75 - [STDERR_REDIRECT] [Fatal Error] :1:1: Premature end of file.
2025-12-09 21:15:05,106 [ERROR] LogOutputStream:75 - [STDERR_REDIRECT] 
2025-12-09 21:15:06,102 [ERROR] LogOutputStream:75 - [STDERR_REDIRECT] [Fatal Error] :1:1: Premature end of file.
2025-12-09 21:15:06,102 [ERROR] LogOutputStream:75 - [STDERR_REDIRECT] 
2025-12-09 21:15:07,104 [ERROR] LogOutputStream:75 - [STDERR_REDIRECT] [Fatal Error] :1:1: Premature end of file.
2025-12-09 21:15:07,104 [ERROR] LogOutputStream:75 - [STDERR_REDIRECT] 
2025-12-09 21:15:08,104 [ERROR] LogOutputStream:75 - [STDERR_REDIRECT] [Fatal Error] :1:1: Premature end of file.
2025-12-09 21:15:08,104 [ERROR] LogOutputStream:75 - [STDERR_REDIRECT] 
2025-12-09 21:15:09,105 [ERROR] LogOutputStream:75 - [STDERR_REDIRECT] [Fatal Error] :1:1: Premature end of file.
2025-12-09 21:15:09,106 [ERROR] LogOutputStream:75 - [STDERR_REDIRECT] 
2025-12-09 21:15:10,103 [ERROR] LogOutputStream:75 - [STDERR_REDIRECT] [Fatal Error] :1:1: Premature end of file.
2025-12-09 21:15:10,104 [ERROR] LogOutputStream:75 - [STDERR_REDIRECT] 
2025-12-09 21:15:11,102 [ERROR] LogOutputStream:75 - [STDERR_REDIRECT] [Fatal Error] :1:1: Premature end of file.
2025-12-09 21:15:11,102 [ERROR] LogOutputStream:75 - [STDERR_REDIRECT] 
2025-12-09 21:15:12,102 [ERROR] LogOutputStream:75 - [STDERR_REDIRECT] [Fatal Error] :1:1: Premature end of file.
2025-12-09 21:15:12,102 [ERROR] LogOutputStream:75 - [STDERR_REDIRECT] 
2025-12-09 21:15:13,103 [ERROR] LogOutputStream:75 - [STDERR_REDIRECT] [Fatal Error] :1:1: Premature end of file.
2025-12-09 21:15:13,103 [ERROR] LogOutputStream:75 - [STDERR_REDIRECT] 
2025-12-09 21:15:14,101 [ERROR] LogOutputStream:75 - [STDERR_REDIRECT] [Fatal Error] :1:1: Premature end of file.
2025-12-09 21:15:14,101 [ERROR] LogOutputStream:75 - [STDERR_REDIRECT] 
2025-12-09 21:15:15,103 [ERROR] LogOutputStream:75 - [STDERR_REDIRECT] [Fatal Error] :1:1: Premature end of file.
2025-12-09 21:15:15,103 [ERROR] LogOutputStream:75 - [STDERR_REDIRECT] 
2025-12-09 21:15:16,103 [ERROR] LogOutputStream:75 - [STDERR_REDIRECT] [Fatal Error] :1:1: Premature end of file.
2025-12-09 21:15:16,103 [ERROR] LogOutputStream:75 - [STDERR_REDIRECT] 
2025-12-09 21:15:17,103 [ERROR] LogOutputStream:75 - [STDERR_REDIRECT] [Fatal Error] :1:1: Premature end of file.
2025-12-09 21:15:17,103 [ERROR] LogOutputStream:75 - [STDERR_REDIRECT] 
2025-12-09 21:15:18,103 [ERROR] LogOutputStream:75 - [STDERR_REDIRECT] [Fatal Error] :1:1: Premature end of file.
2025-12-09 21:15:18,142 [ERROR] LogOutputStream:75 - [STDERR_REDIRECT] 
2025-12-09 21:15:19,103 [ERROR] LogOutputStream:75 - [STDERR_REDIRECT] [Fatal Error] :1:1: Premature end of file.
2025-12-09 21:15:19,103 [ERROR] LogOutputStream:75 - [STDERR_REDIRECT] 
2025-12-09 21:15:20,104 [ERROR] LogOutputStream:75 - [STDERR_REDIRECT] [Fatal Error] :1:1: Premature end of file.
2025-12-09 21:15:20,104 [ERROR] LogOutputStream:75 - [STDERR_REDIRECT] 
2025-12-09 21:15:21,103 [ERROR] LogOutputStream:75 - [STDERR_REDIRECT] [Fatal Error] :1:1: Premature end of file.
2025-12-09 21:15:21,103 [ERROR] LogOutputStream:75 - [STDERR_REDIRECT] 
2025-12-09 21:15:22,103 [ERROR] LogOutputStream:75 - [STDERR_REDIRECT] [Fatal Error] :1:1: Premature end of file.
2025-12-09 21:15:22,103 [ERROR] LogOutputStream:75 - [STDERR_REDIRECT] 
2025-12-09 21:15:23,103 [ERROR] LogOutputStream:75 - [STDERR_REDIRECT] [Fatal Error] :1:1: Premature end of file.
2025-12-09 21:15:23,103 [ERROR] LogOutputStream:75 - [STDERR_REDIRECT] 
2025-12-09 21:15:24,103 [ERROR] LogOutputStream:75 - [STDERR_REDIRECT] [Fatal Error] :1:1: Premature end of file.
2025-12-09 21:15:24,103 [ERROR] LogOutputStream:75 - [STDERR_REDIRECT] 
2025-12-09 21:15:25,102 [ERROR] LogOutputStream:75 - [STDERR_REDIRECT] [Fatal Error] :1:1: Premature end of file.
2025-12-09 21:15:25,102 [ERROR] LogOutputStream:75 - [STDERR_REDIRECT] 
2025-12-09 21:15:26,103 [ERROR] LogOutputStream:75 - [STDERR_REDIRECT] [Fatal Error] :1:1: Premature end of file.
2025-12-09 21:15:26,103 [ERROR] LogOutputStream:75 - [STDERR_REDIRECT] 
2025-12-09 21:15:27,103 [ERROR] LogOutputStream:75 - [STDERR_REDIRECT] [Fatal Error] :1:1: Premature end of file.
2025-12-09 21:15:27,103 [ERROR] LogOutputStream:75 - [STDERR_REDIRECT] 
2025-12-09 21:15:28,103 [ERROR] LogOutputStream:75 - [STDERR_REDIRECT] [Fatal Error] :1:1: Premature end of file.
2025-12-09 21:15:28,103 [ERROR] LogOutputStream:75 - [STDERR_REDIRECT] 
2025-12-09 21:15:29,103 [ERROR] LogOutputStream:75 - [STDERR_REDIRECT] [Fatal Error] :1:1: Premature end of file.
2025-12-09 21:15:29,103 [ERROR] LogOutputStream:75 - [STDERR_REDIRECT] 
2025-12-09 21:15:30,109 [ERROR] LogOutputStream:75 - [STDERR_REDIRECT] [Fatal Error] :1:1: Premature end of file.
2025-12-09 21:15:30,109 [ERROR] LogOutputStream:75 - [STDERR_REDIRECT] 
2025-12-09 21:15:31,102 [ERROR] LogOutputStream:75 - [STDERR_REDIRECT] [Fatal Error] :1:1: Premature end of file.
2025-12-09 21:15:31,102 [ERROR] LogOutputStream:75 - [STDERR_REDIRECT] 
2025-12-09 21:15:32,102 [ERROR] LogOutputStream:75 - [STDERR_REDIRECT] [Fatal Error] :1:1: Premature end of file.
2025-12-09 21:15:32,102 [ERROR] LogOutputStream:75 - [STDERR_REDIRECT] 
2025-12-09 21:15:33,103 [ERROR] LogOutputStream:75 - [STDERR_REDIRECT] [Fatal Error] :1:1: Premature end of file.
2025-12-09 21:15:33,103 [ERROR] LogOutputStream:75 - [STDERR_REDIRECT] 
2025-12-09 21:15:34,102 [ERROR] LogOutputStream:75 - [STDERR_REDIRECT] [Fatal Error] :1:1: Premature end of file.
2025-12-09 21:15:34,102 [ERROR] LogOutputStream:75 - [STDERR_REDIRECT] 
2025-12-09 21:15:35,102 [ERROR] LogOutputStream:75 - [STDERR_REDIRECT] [Fatal Error] :1:1: Premature end of file.
2025-12-09 21:15:35,102 [ERROR] LogOutputStream:75 - [STDERR_REDIRECT] 
2025-12-09 21:15:36,105 [ERROR] LogOutputStream:75 - [STDERR_REDIRECT] [Fatal Error] :1:1: Premature end of file.
2025-12-09 21:15:36,105 [ERROR] LogOutputStream:75 - [STDERR_REDIRECT] 
2025-12-09 21:15:37,104 [ERROR] LogOutputStream:75 - [STDERR_REDIRECT] [Fatal Error] :1:1: Premature end of file.
2025-12-09 21:15:37,104 [ERROR] LogOutputStream:75 - [STDERR_REDIRECT] 
2025-12-09 21:15:38,103 [ERROR] LogOutputStream:75 - [STDERR_REDIRECT] [Fatal Error] :1:1: Premature end of file.
2025-12-09 21:15:38,103 [ERROR] LogOutputStream:75 - [STDERR_REDIRECT] 
2025-12-09 21:15:39,104 [ERROR] LogOutputStream:75 - [STDERR_REDIRECT] [Fatal Error] :1:1: Premature end of file.
2025-12-09 21:15:39,104 [ERROR] LogOutputStream:75 - [STDERR_REDIRECT] 
2025-12-09 21:15:40,104 [ERROR] LogOutputStream:75 - [STDERR_REDIRECT] [Fatal Error] :1:1: Premature end of file.
2025-12-09 21:15:40,104 [ERROR] LogOutputStream:75 - [STDERR_REDIRECT] 
2025-12-09 21:15:41,104 [ERROR] LogOutputStream:75 - [STDERR_REDIRECT] [Fatal Error] :1:1: Premature end of file.
2025-12-09 21:15:41,104 [ERROR] LogOutputStream:75 - [STDERR_REDIRECT] 
2025-12-09 21:15:42,103 [ERROR] LogOutputStream:75 - [STDERR_REDIRECT] [Fatal Error] :1:1: Premature end of file.
2025-12-09 21:15:42,103 [ERROR] LogOutputStream:75 - [STDERR_REDIRECT] 
2025-12-09 21:15:43,103 [ERROR] LogOutputStream:75 - [STDERR_REDIRECT] [Fatal Error] :1:1: Premature end of file.
2025-12-09 21:15:43,103 [ERROR] LogOutputStream:75 - [STDERR_REDIRECT] 
2025-12-09 21:15:44,104 [ERROR] LogOutputStream:75 - [STDERR_REDIRECT] [Fatal Error] :1:1: Premature end of file.
2025-12-09 21:15:44,104 [ERROR] LogOutputStream:75 - [STDERR_REDIRECT] 
2025-12-09 21:15:45,101 [ERROR] LogOutputStream:75 - [STDERR_REDIRECT] [Fatal Error] :1:1: Premature end of file.
2025-12-09 21:15:45,101 [ERROR] LogOutputStream:75 - [STDERR_REDIRECT] 
2025-12-09 21:15:46,103 [ERROR] LogOutputStream:75 - [STDERR_REDIRECT] [Fatal Error] :1:1: Premature end of file.
2025-12-09 21:15:46,103 [ERROR] LogOutputStream:75 - [STDERR_REDIRECT] 
2025-12-09 21:15:47,102 [ERROR] LogOutputStream:75 - [STDERR_REDIRECT] [Fatal Error] :1:1: Premature end of file.
2025-12-09 21:15:47,102 [ERROR] LogOutputStream:75 - [STDERR_REDIRECT] 
2025-12-09 21:15:48,103 [ERROR] LogOutputStream:75 - [STDERR_REDIRECT] [Fatal Error] :1:1: Premature end of file.
2025-12-09 21:15:48,103 [ERROR] LogOutputStream:75 - [STDERR_REDIRECT] 
2025-12-09 21:15:49,103 [ERROR] LogOutputStream:75 - [STDERR_REDIRECT] [Fatal Error] :1:1: Premature end of file.
2025-12-09 21:15:49,104 [ERROR] LogOutputStream:75 - [STDERR_REDIRECT] 
2025-12-09 21:15:50,105 [ERROR] LogOutputStream:75 - [STDERR_REDIRECT] [Fatal Error] :1:1: Premature end of file.
2025-12-09 21:15:50,105 [ERROR] LogOutputStream:75 - [STDERR_REDIRECT] 
2025-12-09 21:15:51,103 [ERROR] LogOutputStream:75 - [STDERR_REDIRECT] [Fatal Error] :1:1: Premature end of file.
2025-12-09 21:15:51,103 [ERROR] LogOutputStream:75 - [STDERR_REDIRECT] 
2025-12-09 21:15:52,102 [ERROR] LogOutputStream:75 - [STDERR_REDIRECT] [Fatal Error] :1:1: Premature end of file.
2025-12-09 21:15:52,102 [ERROR] LogOutputStream:75 - [STDERR_REDIRECT] 
2025-12-09 21:15:53,104 [ERROR] LogOutputStream:75 - [STDERR_REDIRECT] [Fatal Error] :1:1: Premature end of file.
2025-12-09 21:15:53,104 [ERROR] LogOutputStream:75 - [STDERR_REDIRECT] 
2025-12-09 21:15:54,101 [ERROR] LogOutputStream:75 - [STDERR_REDIRECT] [Fatal Error] :1:1: Premature end of file.
2025-12-09 21:15:54,101 [ERROR] LogOutputStream:75 - [STDERR_REDIRECT] 
2025-12-09 21:15:55,103 [ERROR] LogOutputStream:75 - [STDERR_REDIRECT] [Fatal Error] :1:1: Premature end of file.
2025-12-09 21:15:55,103 [ERROR] LogOutputStream:75 - [STDERR_REDIRECT] 
2025-12-09 21:15:56,103 [ERROR] LogOutputStream:75 - [STDERR_REDIRECT] [Fatal Error] :1:1: Premature end of file.
2025-12-09 21:15:56,103 [ERROR] LogOutputStream:75 - [STDERR_REDIRECT] 
2025-12-09 21:15:57,102 [ERROR] LogOutputStream:75 - [STDERR_REDIRECT] [Fatal Error] :1:1: Premature end of file.
2025-12-09 21:15:57,102 [ERROR] LogOutputStream:75 - [STDERR_REDIRECT] 
2025-12-09 21:15:58,102 [ERROR] LogOutputStream:75 - [STDERR_REDIRECT] [Fatal Error] :1:1: Premature end of file.
2025-12-09 21:15:58,102 [ERROR] LogOutputStream:75 - [STDERR_REDIRECT] 
2025-12-09 21:15:59,104 [ERROR] LogOutputStream:75 - [STDERR_REDIRECT] [Fatal Error] :1:1: Premature end of file.
2025-12-09 21:15:59,104 [ERROR] LogOutputStream:75 - [STDERR_REDIRECT] 
2025-12-09 21:16:00,104 [ERROR] LogOutputStream:75 - [STDERR_REDIRECT] [Fatal Error] :1:1: Premature end of file.
2025-12-09 21:16:00,105 [ERROR] LogOutputStream:75 - [STDERR_REDIRECT] 
2025-12-09 21:16:01,102 [ERROR] LogOutputStream:75 - [STDERR_REDIRECT] [Fatal Error] :1:1: Premature end of file.
2025-12-09 21:16:01,102 [ERROR] LogOutputStream:75 - [STDERR_REDIRECT] 
2025-12-09 21:16:02,102 [ERROR] LogOutputStream:75 - [STDERR_REDIRECT] [Fatal Error] :1:1: Premature end of file.
2025-12-09 21:16:02,102 [ERROR] LogOutputStream:75 - [STDERR_REDIRECT] 
2025-12-09 21:16:03,103 [ERROR] LogOutputStream:75 - [STDERR_REDIRECT] [Fatal Error] :1:1: Premature end of file.
2025-12-09 21:16:03,103 [ERROR] LogOutputStream:75 - [STDERR_REDIRECT] 
2025-12-09 21:16:04,104 [ERROR] LogOutputStream:75 - [STDERR_REDIRECT] [Fatal Error] :1:1: Premature end of file.
2025-12-09 21:16:04,104 [ERROR] LogOutputStream:75 - [STDERR_REDIRECT] 
2025-12-09 21:16:05,102 [ERROR] LogOutputStream:75 - [STDERR_REDIRECT] [Fatal Error] :1:1: Premature end of file.
2025-12-09 21:16:05,102 [ERROR] LogOutputStream:75 - [STDERR_REDIRECT] 
2025-12-09 21:16:06,105 [ERROR] LogOutputStream:75 - [STDERR_REDIRECT] [Fatal Error] :1:1: Premature end of file.
2025-12-09 21:16:06,105 [ERROR] LogOutputStream:75 - [STDERR_REDIRECT] 
2025-12-09 21:16:07,102 [ERROR] LogOutputStream:75 - [STDERR_REDIRECT] [Fatal Error] :1:1: Premature end of file.
2025-12-09 21:16:07,102 [ERROR] LogOutputStream:75 - [STDERR_REDIRECT] 
2025-12-09 21:16:08,102 [ERROR] LogOutputStream:75 - [STDERR_REDIRECT] [Fatal Error] :1:1: Premature end of file.
2025-12-09 21:16:08,102 [ERROR] LogOutputStream:75 - [STDERR_REDIRECT] 
2025-12-09 21:16:09,105 [ERROR] LogOutputStream:75 - [STDERR_REDIRECT] [Fatal Error] :1:1: Premature end of file.
2025-12-09 21:16:09,105 [ERROR] LogOutputStream:75 - [STDERR_REDIRECT] 
2025-12-09 21:16:10,103 [ERROR] LogOutputStream:75 - [STDERR_REDIRECT] [Fatal Error] :1:1: Premature end of file.
2025-12-09 21:16:10,103 [ERROR] LogOutputStream:75 - [STDERR_REDIRECT] 
2025-12-09 21:16:11,103 [ERROR] LogOutputStream:75 - [STDERR_REDIRECT] [Fatal Error] :1:1: Premature end of file.
2025-12-09 21:16:11,103 [ERROR] LogOutputStream:75 - [STDERR_REDIRECT] 
2025-12-09 21:16:12,105 [ERROR] LogOutputStream:75 - [STDERR_REDIRECT] [Fatal Error] :1:1: Premature end of file.
2025-12-09 21:16:12,105 [ERROR] LogOutputStream:75 - [STDERR_REDIRECT] 
2025-12-09 21:16:13,102 [ERROR] LogOutputStream:75 - [STDERR_REDIRECT] [Fatal Error] :1:1: Premature end of file.
2025-12-09 21:16:13,103 [ERROR] LogOutputStream:75 - [STDERR_REDIRECT] 
2025-12-09 21:16:14,102 [ERROR] LogOutputStream:75 - [STDERR_REDIRECT] [Fatal Error] :1:1: Premature end of file.
2025-12-09 21:16:14,102 [ERROR] LogOutputStream:75 - [STDERR_REDIRECT] 
2025-12-09 21:16:15,103 [ERROR] LogOutputStream:75 - [STDERR_REDIRECT] [Fatal Error] :1:1: Premature end of file.
2025-12-09 21:16:15,103 [ERROR] LogOutputStream:75 - [STDERR_REDIRECT] 
2025-12-09 21:16:16,102 [ERROR] LogOutputStream:75 - [STDERR_REDIRECT] [Fatal Error] :1:1: Premature end of file.
2025-12-09 21:16:16,102 [ERROR] LogOutputStream:75 - [STDERR_REDIRECT] 
2025-12-09 21:16:17,104 [ERROR] LogOutputStream:75 - [STDERR_REDIRECT] [Fatal Error] :1:1: Premature end of file.
2025-12-09 21:16:17,104 [ERROR] LogOutputStream:75 - [STDERR_REDIRECT] 
2025-12-09 21:16:18,103 [ERROR] LogOutputStream:75 - [STDERR_REDIRECT] [Fatal Error] :1:1: Premature end of file.
2025-12-09 21:16:18,103 [ERROR] LogOutputStream:75 - [STDERR_REDIRECT] 
2025-12-09 21:16:19,105 [ERROR] LogOutputStream:75 - [STDERR_REDIRECT] [Fatal Error] :1:1: Premature end of file.
2025-12-09 21:16:19,105 [ERROR] LogOutputStream:75 - [STDERR_REDIRECT] 
2025-12-09 21:16:20,104 [ERROR] LogOutputStream:75 - [STDERR_REDIRECT] [Fatal Error] :1:1: Premature end of file.
2025-12-09 21:16:20,104 [ERROR] LogOutputStream:75 - [STDERR_REDIRECT] 
2025-12-09 21:16:21,103 [ERROR] LogOutputStream:75 - [STDERR_REDIRECT] [Fatal Error] :1:1: Premature end of file.
2025-12-09 21:16:21,103 [ERROR] LogOutputStream:75 - [STDERR_REDIRECT] 
2025-12-09 21:16:22,105 [ERROR] LogOutputStream:75 - [STDERR_REDIRECT] [Fatal Error] :1:1: Premature end of file.
2025-12-09 21:16:22,105 [ERROR] LogOutputStream:75 - [STDERR_REDIRECT] 
2025-12-09 21:16:23,103 [ERROR] LogOutputStream:75 - [STDERR_REDIRECT] [Fatal Error] :1:1: Premature end of file.
2025-12-09 21:16:23,103 [ERROR] LogOutputStream:75 - [STDERR_REDIRECT] 
2025-12-09 21:16:24,104 [ERROR] LogOutputStream:75 - [STDERR_REDIRECT] [Fatal Error] :1:1: Premature end of file.
2025-12-09 21:16:24,104 [ERROR] LogOutputStream:75 - [STDERR_REDIRECT] 
2025-12-09 21:16:25,104 [ERROR] LogOutputStream:75 - [STDERR_REDIRECT] [Fatal Error] :1:1: Premature end of file.
2025-12-09 21:16:25,104 [ERROR] LogOutputStream:75 - [STDERR_REDIRECT] 
2025-12-09 21:16:26,103 [ERROR] LogOutputStream:75 - [STDERR_REDIRECT] [Fatal Error] :1:1: Premature end of file.
2025-12-09 21:16:26,105 [ERROR] LogOutputStream:75 - [STDERR_REDIRECT] 
2025-12-09 21:16:27,102 [ERROR] LogOutputStream:75 - [STDERR_REDIRECT] [Fatal Error] :1:1: Premature end of file.
2025-12-09 21:16:27,102 [ERROR] LogOutputStream:75 - [STDERR_REDIRECT] 
2025-12-09 21:16:28,103 [ERROR] LogOutputStream:75 - [STDERR_REDIRECT] [Fatal Error] :1:1: Premature end of file.
2025-12-09 21:16:28,103 [ERROR] LogOutputStream:75 - [STDERR_REDIRECT] 
2025-12-09 21:16:29,104 [ERROR] LogOutputStream:75 - [STDERR_REDIRECT] [Fatal Error] :1:1: Premature end of file.
2025-12-09 21:16:29,104 [ERROR] LogOutputStream:75 - [STDERR_REDIRECT] 
2025-12-09 21:16:30,102 [ERROR] LogOutputStream:75 - [STDERR_REDIRECT] [Fatal Error] :1:1: Premature end of file.
2025-12-09 21:16:30,102 [ERROR] LogOutputStream:75 - [STDERR_REDIRECT] 
2025-12-09 21:16:31,103 [ERROR] LogOutputStream:75 - [STDERR_REDIRECT] [Fatal Error] :1:1: Premature end of file.
2025-12-09 21:16:31,103 [ERROR] LogOutputStream:75 - [STDERR_REDIRECT] 
2025-12-09 21:16:32,103 [ERROR] LogOutputStream:75 - [STDERR_REDIRECT] [Fatal Error] :1:1: Premature end of file.
2025-12-09 21:16:32,103 [ERROR] LogOutputStream:75 - [STDERR_REDIRECT] 
2025-12-09 21:16:33,102 [ERROR] LogOutputStream:75 - [STDERR_REDIRECT] [Fatal Error] :1:1: Premature end of file.
2025-12-09 21:16:33,102 [ERROR] LogOutputStream:75 - [STDERR_REDIRECT] 
2025-12-09 21:16:34,105 [ERROR] LogOutputStream:75 - [STDERR_REDIRECT] [Fatal Error] :1:1: Premature end of file.
2025-12-09 21:16:34,105 [ERROR] LogOutputStream:75 - [STDERR_REDIRECT] 
2025-12-09 21:16:35,102 [ERROR] LogOutputStream:75 - [STDERR_REDIRECT] [Fatal Error] :1:1: Premature end of file.
2025-12-09 21:16:35,102 [ERROR] LogOutputStream:75 - [STDERR_REDIRECT] 
2025-12-09 21:16:36,102 [ERROR] LogOutputStream:75 - [STDERR_REDIRECT] [Fatal Error] :1:1: Premature end of file.
2025-12-09 21:16:36,102 [ERROR] LogOutputStream:75 - [STDERR_REDIRECT] 
2025-12-09 21:16:37,102 [ERROR] LogOutputStream:75 - [STDERR_REDIRECT] [Fatal Error] :1:1: Premature end of file.
2025-12-09 21:16:37,102 [ERROR] LogOutputStream:75 - [STDERR_REDIRECT] 
2025-12-09 21:16:38,102 [ERROR] LogOutputStream:75 - [STDERR_REDIRECT] [Fatal Error] :1:1: Premature end of file.
2025-12-09 21:16:38,102 [ERROR] LogOutputStream:75 - [STDERR_REDIRECT] 
2025-12-09 21:16:39,105 [ERROR] LogOutputStream:75 - [STDERR_REDIRECT] [Fatal Error] :1:1: Premature end of file.
2025-12-09 21:16:39,105 [ERROR] LogOutputStream:75 - [STDERR_REDIRECT] 
2025-12-09 21:16:40,103 [ERROR] LogOutputStream:75 - [STDERR_REDIRECT] [Fatal Error] :1:1: Premature end of file.
2025-12-09 21:16:40,103 [ERROR] LogOutputStream:75 - [STDERR_REDIRECT] 
2025-12-09 21:16:41,103 [ERROR] LogOutputStream:75 - [STDERR_REDIRECT] [Fatal Error] :1:1: Premature end of file.
2025-12-09 21:16:41,103 [ERROR] LogOutputStream:75 - [STDERR_REDIRECT] 
2025-12-09 21:16:42,103 [ERROR] LogOutputStream:75 - [STDERR_REDIRECT] [Fatal Error] :1:1: Premature end of file.
2025-12-09 21:16:42,103 [ERROR] LogOutputStream:75 - [STDERR_REDIRECT] 
2025-12-09 21:16:43,105 [ERROR] LogOutputStream:75 - [STDERR_REDIRECT] [Fatal Error] :1:1: Premature end of file.
2025-12-09 21:16:43,105 [ERROR] LogOutputStream:75 - [STDERR_REDIRECT] 
2025-12-09 21:16:44,102 [ERROR] LogOutputStream:75 - [STDERR_REDIRECT] [Fatal Error] :1:1: Premature end of file.
2025-12-09 21:16:44,102 [ERROR] LogOutputStream:75 - [STDERR_REDIRECT] 
2025-12-09 21:16:45,103 [ERROR] LogOutputStream:75 - [STDERR_REDIRECT] [Fatal Error] :1:1: Premature end of file.
2025-12-09 21:16:45,103 [ERROR] LogOutputStream:75 - [STDERR_REDIRECT] 
2025-12-09 21:16:46,103 [ERROR] LogOutputStream:75 - [STDERR_REDIRECT] [Fatal Error] :1:1: Premature end of file.
2025-12-09 21:16:46,103 [ERROR] LogOutputStream:75 - [STDERR_REDIRECT] 
2025-12-09 21:16:47,102 [ERROR] LogOutputStream:75 - [STDERR_REDIRECT] [Fatal Error] :1:1: Premature end of file.
2025-12-09 21:16:47,103 [ERROR] LogOutputStream:75 - [STDERR_REDIRECT] 
2025-12-09 21:16:48,103 [ERROR] LogOutputStream:75 - [STDERR_REDIRECT] [Fatal Error] :1:1: Premature end of file.
2025-12-09 21:16:48,103 [ERROR] LogOutputStream:75 - [STDERR_REDIRECT] 
2025-12-09 21:16:49,102 [ERROR] LogOutputStream:75 - [STDERR_REDIRECT] [Fatal Error] :1:1: Premature end of file.
2025-12-09 21:16:49,102 [ERROR] LogOutputStream:75 - [STDERR_REDIRECT] 
2025-12-09 21:16:50,104 [ERROR] LogOutputStream:75 - [STDERR_REDIRECT] [Fatal Error] :1:1: Premature end of file.
2025-12-09 21:16:50,104 [ERROR] LogOutputStream:75 - [STDERR_REDIRECT] 
2025-12-09 21:16:51,103 [ERROR] LogOutputStream:75 - [STDERR_REDIRECT] [Fatal Error] :1:1: Premature end of file.
2025-12-09 21:16:51,103 [ERROR] LogOutputStream:75 - [STDERR_REDIRECT] 
2025-12-09 21:16:52,103 [ERROR] LogOutputStream:75 - [STDERR_REDIRECT] [Fatal Error] :1:1: Premature end of file.
2025-12-09 21:16:52,103 [ERROR] LogOutputStream:75 - [STDERR_REDIRECT] 
2025-12-09 21:16:53,102 [ERROR] LogOutputStream:75 - [STDERR_REDIRECT] [Fatal Error] :1:1: Premature end of file.
2025-12-09 21:16:53,102 [ERROR] LogOutputStream:75 - [STDERR_REDIRECT] 
2025-12-09 21:16:54,105 [ERROR] LogOutputStream:75 - [STDERR_REDIRECT] [Fatal Error] :1:1: Premature end of file.
2025-12-09 21:16:54,105 [ERROR] LogOutputStream:75 - [STDERR_REDIRECT] 
2025-12-09 21:16:55,104 [ERROR] LogOutputStream:75 - [STDERR_REDIRECT] [Fatal Error] :1:1: Premature end of file.
2025-12-09 21:16:55,104 [ERROR] LogOutputStream:75 - [STDERR_REDIRECT] 
2025-12-09 21:16:56,103 [ERROR] LogOutputStream:75 - [STDERR_REDIRECT] [Fatal Error] :1:1: Premature end of file.
2025-12-09 21:16:56,103 [ERROR] LogOutputStream:75 - [STDERR_REDIRECT] 
2025-12-09 21:16:57,104 [ERROR] LogOutputStream:75 - [STDERR_REDIRECT] [Fatal Error] :1:1: Premature end of file.
2025-12-09 21:16:57,104 [ERROR] LogOutputStream:75 - [STDERR_REDIRECT] 
2025-12-09 21:16:58,104 [ERROR] LogOutputStream:75 - [STDERR_REDIRECT] [Fatal Error] :1:1: Premature end of file.
2025-12-09 21:16:58,104 [ERROR] LogOutputStream:75 - [STDERR_REDIRECT] 
2025-12-09 21:16:59,103 [ERROR] LogOutputStream:75 - [STDERR_REDIRECT] [Fatal Error] :1:1: Premature end of file.
2025-12-09 21:16:59,103 [ERROR] LogOutputStream:75 - [STDERR_REDIRECT] 
2025-12-09 21:17:00,103 [ERROR] LogOutputStream:75 - [STDERR_REDIRECT] [Fatal Error] :1:1: Premature end of file.
2025-12-09 21:17:00,103 [ERROR] LogOutputStream:75 - [STDERR_REDIRECT] 
2025-12-09 21:17:01,104 [ERROR] LogOutputStream:75 - [STDERR_REDIRECT] [Fatal Error] :1:1: Premature end of file.
2025-12-09 21:17:01,105 [ERROR] LogOutputStream:75 - [STDERR_REDIRECT] 
2025-12-09 21:17:02,103 [ERROR] LogOutputStream:75 - [STDERR_REDIRECT] [Fatal Error] :1:1: Premature end of file.
2025-12-09 21:17:02,103 [ERROR] LogOutputStream:75 - [STDERR_REDIRECT] 
2025-12-09 21:17:03,103 [ERROR] LogOutputStream:75 - [STDERR_REDIRECT] [Fatal Error] :1:1: Premature end of file.
2025-12-09 21:17:03,104 [ERROR] LogOutputStream:75 - [STDERR_REDIRECT] 
2025-12-09 21:17:04,107 [ERROR] LogOutputStream:75 - [STDERR_REDIRECT] [Fatal Error] :1:1: Premature end of file.
2025-12-09 21:17:04,107 [ERROR] LogOutputStream:75 - [STDERR_REDIRECT] 
2025-12-09 21:17:05,104 [ERROR] LogOutputStream:75 - [STDERR_REDIRECT] [Fatal Error] :1:1: Premature end of file.
2025-12-09 21:17:05,104 [ERROR] LogOutputStream:75 - [STDERR_REDIRECT] 
2025-12-09 21:17:06,105 [ERROR] LogOutputStream:75 - [STDERR_REDIRECT] [Fatal Error] :1:1: Premature end of file.
2025-12-09 21:17:06,105 [ERROR] LogOutputStream:75 - [STDERR_REDIRECT] 
2025-12-09 21:17:07,103 [ERROR] LogOutputStream:75 - [STDERR_REDIRECT] [Fatal Error] :1:1: Premature end of file.
2025-12-09 21:17:07,103 [ERROR] LogOutputStream:75 - [STDERR_REDIRECT] 
2025-12-09 21:17:08,101 [ERROR] LogOutputStream:75 - [STDERR_REDIRECT] [Fatal Error] :1:1: Premature end of file.
2025-12-09 21:17:08,101 [ERROR] LogOutputStream:75 - [STDERR_REDIRECT] 
2025-12-09 21:17:09,102 [ERROR] LogOutputStream:75 - [STDERR_REDIRECT] [Fatal Error] :1:1: Premature end of file.
2025-12-09 21:17:09,102 [ERROR] LogOutputStream:75 - [STDERR_REDIRECT] 
2025-12-09 21:17:10,104 [ERROR] LogOutputStream:75 - [STDERR_REDIRECT] [Fatal Error] :1:1: Premature end of file.
2025-12-09 21:17:10,104 [ERROR] LogOutputStream:75 - [STDERR_REDIRECT] 
2025-12-09 21:17:11,103 [ERROR] LogOutputStream:75 - [STDERR_REDIRECT] [Fatal Error] :1:1: Premature end of file.
2025-12-09 21:17:11,103 [ERROR] LogOutputStream:75 - [STDERR_REDIRECT] 
2025-12-09 21:17:12,104 [ERROR] LogOutputStream:75 - [STDERR_REDIRECT] [Fatal Error] :1:1: Premature end of file.
2025-12-09 21:17:12,104 [ERROR] LogOutputStream:75 - [STDERR_REDIRECT] 
2025-12-09 21:17:13,103 [ERROR] LogOutputStream:75 - [STDERR_REDIRECT] [Fatal Error] :1:1: Premature end of file.
2025-12-09 21:17:13,103 [ERROR] LogOutputStream:75 - [STDERR_REDIRECT] 
2025-12-09 21:17:14,103 [ERROR] LogOutputStream:75 - [STDERR_REDIRECT] [Fatal Error] :1:1: Premature end of file.
2025-12-09 21:17:14,103 [ERROR] LogOutputStream:75 - [STDERR_REDIRECT] 
2025-12-09 21:17:15,103 [ERROR] LogOutputStream:75 - [STDERR_REDIRECT] [Fatal Error] :1:1: Premature end of file.
2025-12-09 21:17:15,103 [ERROR] LogOutputStream:75 - [STDERR_REDIRECT] 
2025-12-09 21:17:16,104 [ERROR] LogOutputStream:75 - [STDERR_REDIRECT] [Fatal Error] :1:1: Premature end of file.
2025-12-09 21:17:16,105 [ERROR] LogOutputStream:75 - [STDERR_REDIRECT] 
2025-12-09 21:17:17,103 [ERROR] LogOutputStream:75 - [STDERR_REDIRECT] [Fatal Error] :1:1: Premature end of file.
2025-12-09 21:17:17,103 [ERROR] LogOutputStream:75 - [STDERR_REDIRECT] 
2025-12-09 21:17:18,103 [ERROR] LogOutputStream:75 - [STDERR_REDIRECT] [Fatal Error] :1:1: Premature end of file.
2025-12-09 21:17:18,103 [ERROR] LogOutputStream:75 - [STDERR_REDIRECT] 
2025-12-09 21:17:19,103 [ERROR] LogOutputStream:75 - [STDERR_REDIRECT] [Fatal Error] :1:1: Premature end of file.
2025-12-09 21:17:19,103 [ERROR] LogOutputStream:75 - [STDERR_REDIRECT] 
2025-12-09 21:17:20,102 [ERROR] LogOutputStream:75 - [STDERR_REDIRECT] [Fatal Error] :1:1: Premature end of file.
2025-12-09 21:17:20,102 [ERROR] LogOutputStream:75 - [STDERR_REDIRECT] 
2025-12-09 21:17:21,103 [ERROR] LogOutputStream:75 - [STDERR_REDIRECT] [Fatal Error] :1:1: Premature end of file.
2025-12-09 21:17:21,103 [ERROR] LogOutputStream:75 - [STDERR_REDIRECT] 
2025-12-09 21:17:22,103 [ERROR] LogOutputStream:75 - [STDERR_REDIRECT] [Fatal Error] :1:1: Premature end of file.
2025-12-09 21:17:22,103 [ERROR] LogOutputStream:75 - [STDERR_REDIRECT] 
2025-12-09 21:17:23,104 [ERROR] LogOutputStream:75 - [STDERR_REDIRECT] [Fatal Error] :1:1: Premature end of file.
2025-12-09 21:17:23,104 [ERROR] LogOutputStream:75 - [STDERR_REDIRECT] 
2025-12-09 21:17:24,101 [ERROR] LogOutputStream:75 - [STDERR_REDIRECT] [Fatal Error] :1:1: Premature end of file.
2025-12-09 21:17:24,101 [ERROR] LogOutputStream:75 - [STDERR_REDIRECT] 
2025-12-09 21:17:25,103 [ERROR] LogOutputStream:75 - [STDERR_REDIRECT] [Fatal Error] :1:1: Premature end of file.
2025-12-09 21:17:25,103 [ERROR] LogOutputStream:75 - [STDERR_REDIRECT] 
2025-12-09 21:17:26,103 [ERROR] LogOutputStream:75 - [STDERR_REDIRECT] [Fatal Error] :1:1: Premature end of file.
2025-12-09 21:17:26,103 [ERROR] LogOutputStream:75 - [STDERR_REDIRECT] 
2025-12-09 21:17:27,104 [ERROR] LogOutputStream:75 - [STDERR_REDIRECT] [Fatal Error] :1:1: Premature end of file.
2025-12-09 21:17:27,104 [ERROR] LogOutputStream:75 - [STDERR_REDIRECT] 
2025-12-09 21:17:28,103 [ERROR] LogOutputStream:75 - [STDERR_REDIRECT] [Fatal Error] :1:1: Premature end of file.
2025-12-09 21:17:28,103 [ERROR] LogOutputStream:75 - [STDERR_REDIRECT] 
2025-12-09 21:17:29,103 [ERROR] LogOutputStream:75 - [STDERR_REDIRECT] [Fatal Error] :1:1: Premature end of file.
2025-12-09 21:17:29,103 [ERROR] LogOutputStream:75 - [STDERR_REDIRECT] 
2025-12-09 21:17:30,102 [ERROR] LogOutputStream:75 - [STDERR_REDIRECT] [Fatal Error] :1:1: Premature end of file.
2025-12-09 21:17:30,102 [ERROR] LogOutputStream:75 - [STDERR_REDIRECT] 
2025-12-09 21:17:31,103 [ERROR] LogOutputStream:75 - [STDERR_REDIRECT] [Fatal Error] :1:1: Premature end of file.
2025-12-09 21:17:31,103 [ERROR] LogOutputStream:75 - [STDERR_REDIRECT] 
2025-12-09 21:17:32,103 [ERROR] LogOutputStream:75 - [STDERR_REDIRECT] [Fatal Error] :1:1: Premature end of file.
2025-12-09 21:17:32,103 [ERROR] LogOutputStream:75 - [STDERR_REDIRECT] 
2025-12-09 21:17:33,103 [ERROR] LogOutputStream:75 - [STDERR_REDIRECT] [Fatal Error] :1:1: Premature end of file.
2025-12-09 21:17:33,103 [ERROR] LogOutputStream:75 - [STDERR_REDIRECT] 
2025-12-09 21:17:34,106 [ERROR] LogOutputStream:75 - [STDERR_REDIRECT] [Fatal Error] :1:1: Premature end of file.
2025-12-09 21:17:34,106 [ERROR] LogOutputStream:75 - [STDERR_REDIRECT] 
2025-12-09 21:17:35,102 [ERROR] LogOutputStream:75 - [STDERR_REDIRECT] [Fatal Error] :1:1: Premature end of file.
2025-12-09 21:17:35,102 [ERROR] LogOutputStream:75 - [STDERR_REDIRECT] 
2025-12-09 21:17:36,103 [ERROR] LogOutputStream:75 - [STDERR_REDIRECT] [Fatal Error] :1:1: Premature end of file.
2025-12-09 21:17:36,103 [ERROR] LogOutputStream:75 - [STDERR_REDIRECT] 
2025-12-09 21:17:37,102 [ERROR] LogOutputStream:75 - [STDERR_REDIRECT] [Fatal Error] :1:1: Premature end of file.
2025-12-09 21:17:37,102 [ERROR] LogOutputStream:75 - [STDERR_REDIRECT] 
2025-12-09 21:17:38,108 [ERROR] LogOutputStream:75 - [STDERR_REDIRECT] [Fatal Error] :1:1: Premature end of file.
2025-12-09 21:17:38,108 [ERROR] LogOutputStream:75 - [STDERR_REDIRECT] 
2025-12-09 21:17:39,104 [ERROR] LogOutputStream:75 - [STDERR_REDIRECT] [Fatal Error] :1:1: Premature end of file.
2025-12-09 21:17:39,104 [ERROR] LogOutputStream:75 - [STDERR_REDIRECT] 
2025-12-09 21:17:40,103 [ERROR] LogOutputStream:75 - [STDERR_REDIRECT] [Fatal Error] :1:1: Premature end of file.
2025-12-09 21:17:40,103 [ERROR] LogOutputStream:75 - [STDERR_REDIRECT] 
2025-12-09 21:17:41,104 [ERROR] LogOutputStream:75 - [STDERR_REDIRECT] [Fatal Error] :1:1: Premature end of file.
2025-12-09 21:17:41,104 [ERROR] LogOutputStream:75 - [STDERR_REDIRECT] 
2025-12-09 21:17:42,104 [ERROR] LogOutputStream:75 - [STDERR_REDIRECT] [Fatal Error] :1:1: Premature end of file.
2025-12-09 21:17:42,104 [ERROR] LogOutputStream:75 - [STDERR_REDIRECT] 
2025-12-09 21:17:43,103 [ERROR] LogOutputStream:75 - [STDERR_REDIRECT] [Fatal Error] :1:1: Premature end of file.
2025-12-09 21:17:43,103 [ERROR] LogOutputStream:75 - [STDERR_REDIRECT] 
2025-12-09 21:17:44,103 [ERROR] LogOutputStream:75 - [STDERR_REDIRECT] [Fatal Error] :1:1: Premature end of file.
2025-12-09 21:17:44,103 [ERROR] LogOutputStream:75 - [STDERR_REDIRECT] 
2025-12-09 21:17:45,103 [ERROR] LogOutputStream:75 - [STDERR_REDIRECT] [Fatal Error] :1:1: Premature end of file.
2025-12-09 21:17:45,103 [ERROR] LogOutputStream:75 - [STDERR_REDIRECT] 
2025-12-09 21:17:46,104 [ERROR] LogOutputStream:75 - [STDERR_REDIRECT] [Fatal Error] :1:1: Premature end of file.
2025-12-09 21:17:46,104 [ERROR] LogOutputStream:75 - [STDERR_REDIRECT] 
2025-12-09 21:17:47,103 [ERROR] LogOutputStream:75 - [STDERR_REDIRECT] [Fatal Error] :1:1: Premature end of file.
2025-12-09 21:17:47,103 [ERROR] LogOutputStream:75 - [STDERR_REDIRECT] 
2025-12-09 21:17:48,102 [ERROR] LogOutputStream:75 - [STDERR_REDIRECT] [Fatal Error] :1:1: Premature end of file.
2025-12-09 21:17:48,102 [ERROR] LogOutputStream:75 - [STDERR_REDIRECT] 
2025-12-09 21:17:49,103 [ERROR] LogOutputStream:75 - [STDERR_REDIRECT] [Fatal Error] :1:1: Premature end of file.
2025-12-09 21:17:49,103 [ERROR] LogOutputStream:75 - [STDERR_REDIRECT] 
2025-12-09 21:17:50,102 [ERROR] LogOutputStream:75 - [STDERR_REDIRECT] [Fatal Error] :1:1: Premature end of file.
2025-12-09 21:17:50,103 [ERROR] LogOutputStream:75 - [STDERR_REDIRECT] 
2025-12-09 21:17:51,103 [ERROR] LogOutputStream:75 - [STDERR_REDIRECT] [Fatal Error] :1:1: Premature end of file.
2025-12-09 21:17:51,103 [ERROR] LogOutputStream:75 - [STDERR_REDIRECT] 
2025-12-09 21:17:52,103 [ERROR] LogOutputStream:75 - [STDERR_REDIRECT] [Fatal Error] :1:1: Premature end of file.
2025-12-09 21:17:52,103 [ERROR] LogOutputStream:75 - [STDERR_REDIRECT] 
2025-12-09 21:17:53,103 [ERROR] LogOutputStream:75 - [STDERR_REDIRECT] [Fatal Error] :1:1: Premature end of file.
2025-12-09 21:17:53,103 [ERROR] LogOutputStream:75 - [STDERR_REDIRECT] 
2025-12-09 21:17:54,102 [ERROR] LogOutputStream:75 - [STDERR_REDIRECT] [Fatal Error] :1:1: Premature end of file.
2025-12-09 21:17:54,102 [ERROR] LogOutputStream:75 - [STDERR_REDIRECT] 
2025-12-09 21:17:55,104 [ERROR] LogOutputStream:75 - [STDERR_REDIRECT] [Fatal Error] :1:1: Premature end of file.
2025-12-09 21:17:55,104 [ERROR] LogOutputStream:75 - [STDERR_REDIRECT] 
2025-12-09 21:17:56,103 [ERROR] LogOutputStream:75 - [STDERR_REDIRECT] [Fatal Error] :1:1: Premature end of file.
2025-12-09 21:17:56,103 [ERROR] LogOutputStream:75 - [STDERR_REDIRECT] 
2025-12-09 21:17:57,103 [ERROR] LogOutputStream:75 - [STDERR_REDIRECT] [Fatal Error] :1:1: Premature end of file.
2025-12-09 21:17:57,103 [ERROR] LogOutputStream:75 - [STDERR_REDIRECT] 
2025-12-09 21:17:58,103 [ERROR] LogOutputStream:75 - [STDERR_REDIRECT] [Fatal Error] :1:1: Premature end of file.
2025-12-09 21:17:58,103 [ERROR] LogOutputStream:75 - [STDERR_REDIRECT] 
2025-12-09 21:17:59,104 [ERROR] LogOutputStream:75 - [STDERR_REDIRECT] [Fatal Error] :1:1: Premature end of file.
2025-12-09 21:17:59,104 [ERROR] LogOutputStream:75 - [STDERR_REDIRECT] 
2025-12-09 21:18:00,102 [ERROR] LogOutputStream:75 - [STDERR_REDIRECT] [Fatal Error] :1:1: Premature end of file.
2025-12-09 21:18:00,102 [ERROR] LogOutputStream:75 - [STDERR_REDIRECT] 
2025-12-09 21:18:01,103 [ERROR] LogOutputStream:75 - [STDERR_REDIRECT] [Fatal Error] :1:1: Premature end of file.
2025-12-09 21:18:01,103 [ERROR] LogOutputStream:75 - [STDERR_REDIRECT] 
2025-12-09 21:18:02,102 [ERROR] LogOutputStream:75 - [STDERR_REDIRECT] [Fatal Error] :1:1: Premature end of file.
2025-12-09 21:18:02,102 [ERROR] LogOutputStream:75 - [STDERR_REDIRECT] 
2025-12-09 21:18:03,104 [ERROR] LogOutputStream:75 - [STDERR_REDIRECT] [Fatal Error] :1:1: Premature end of file.
2025-12-09 21:18:03,104 [ERROR] LogOutputStream:75 - [STDERR_REDIRECT] 
2025-12-09 21:18:04,101 [ERROR] LogOutputStream:75 - [STDERR_REDIRECT] [Fatal Error] :1:1: Premature end of file.
2025-12-09 21:18:04,101 [ERROR] LogOutputStream:75 - [STDERR_REDIRECT] 
2025-12-09 21:18:05,103 [ERROR] LogOutputStream:75 - [STDERR_REDIRECT] [Fatal Error] :1:1: Premature end of file.
2025-12-09 21:18:05,103 [ERROR] LogOutputStream:75 - [STDERR_REDIRECT] 
2025-12-09 21:18:06,104 [ERROR] LogOutputStream:75 - [STDERR_REDIRECT] [Fatal Error] :1:1: Premature end of file.
2025-12-09 21:18:06,104 [ERROR] LogOutputStream:75 - [STDERR_REDIRECT] 
2025-12-09 21:18:07,105 [ERROR] LogOutputStream:75 - [STDERR_REDIRECT] [Fatal Error] :1:1: Premature end of file.
2025-12-09 21:18:07,105 [ERROR] LogOutputStream:75 - [STDERR_REDIRECT] 
2025-12-09 21:18:08,103 [ERROR] LogOutputStream:75 - [STDERR_REDIRECT] [Fatal Error] :1:1: Premature end of file.
2025-12-09 21:18:08,103 [ERROR] LogOutputStream:75 - [STDERR_REDIRECT] 
2025-12-09 21:18:09,103 [ERROR] LogOutputStream:75 - [STDERR_REDIRECT] [Fatal Error] :1:1: Premature end of file.
2025-12-09 21:18:09,103 [ERROR] LogOutputStream:75 - [STDERR_REDIRECT] 
2025-12-09 21:18:10,102 [ERROR] LogOutputStream:75 - [STDERR_REDIRECT] [Fatal Error] :1:1: Premature end of file.
2025-12-09 21:18:10,103 [ERROR] LogOutputStream:75 - [STDERR_REDIRECT] 
2025-12-09 21:18:11,104 [ERROR] LogOutputStream:75 - [STDERR_REDIRECT] [Fatal Error] :1:1: Premature end of file.
2025-12-09 21:18:11,104 [ERROR] LogOutputStream:75 - [STDERR_REDIRECT] 
2025-12-09 21:18:12,103 [ERROR] LogOutputStream:75 - [STDERR_REDIRECT] [Fatal Error] :1:1: Premature end of file.
2025-12-09 21:18:12,103 [ERROR] LogOutputStream:75 - [STDERR_REDIRECT] 
2025-12-09 21:18:13,103 [ERROR] LogOutputStream:75 - [STDERR_REDIRECT] [Fatal Error] :1:1: Premature end of file.
2025-12-09 21:18:13,103 [ERROR] LogOutputStream:75 - [STDERR_REDIRECT] 
2025-12-09 21:18:14,105 [ERROR] LogOutputStream:75 - [STDERR_REDIRECT] [Fatal Error] :1:1: Premature end of file.
2025-12-09 21:18:14,105 [ERROR] LogOutputStream:75 - [STDERR_REDIRECT] 
2025-12-09 21:18:15,104 [ERROR] LogOutputStream:75 - [STDERR_REDIRECT] [Fatal Error] :1:1: Premature end of file.
2025-12-09 21:18:15,104 [ERROR] LogOutputStream:75 - [STDERR_REDIRECT] 
2025-12-09 21:18:16,103 [ERROR] LogOutputStream:75 - [STDERR_REDIRECT] [Fatal Error] :1:1: Premature end of file.
2025-12-09 21:18:16,103 [ERROR] LogOutputStream:75 - [STDERR_REDIRECT] 
2025-12-09 21:18:17,104 [ERROR] LogOutputStream:75 - [STDERR_REDIRECT] [Fatal Error] :1:1: Premature end of file.
2025-12-09 21:18:17,104 [ERROR] LogOutputStream:75 - [STDERR_REDIRECT] 
2025-12-09 21:18:18,103 [ERROR] LogOutputStream:75 - [STDERR_REDIRECT] [Fatal Error] :1:1: Premature end of file.
2025-12-09 21:18:18,103 [ERROR] LogOutputStream:75 - [STDERR_REDIRECT] 
2025-12-09 21:18:19,104 [ERROR] LogOutputStream:75 - [STDERR_REDIRECT] [Fatal Error] :1:1: Premature end of file.
2025-12-09 21:18:19,104 [ERROR] LogOutputStream:75 - [STDERR_REDIRECT] 
2025-12-09 21:18:20,103 [ERROR] LogOutputStream:75 - [STDERR_REDIRECT] [Fatal Error] :1:1: Premature end of file.
2025-12-09 21:18:20,103 [ERROR] LogOutputStream:75 - [STDERR_REDIRECT] 
2025-12-09 21:18:21,103 [ERROR] LogOutputStream:75 - [STDERR_REDIRECT] [Fatal Error] :1:1: Premature end of file.
2025-12-09 21:18:21,103 [ERROR] LogOutputStream:75 - [STDERR_REDIRECT] 
2025-12-09 21:18:22,103 [ERROR] LogOutputStream:75 - [STDERR_REDIRECT] [Fatal Error] :1:1: Premature end of file.
2025-12-09 21:18:22,103 [ERROR] LogOutputStream:75 - [STDERR_REDIRECT] 
2025-12-09 21:18:23,103 [ERROR] LogOutputStream:75 - [STDERR_REDIRECT] [Fatal Error] :1:1: Premature end of file.
2025-12-09 21:18:23,103 [ERROR] LogOutputStream:75 - [STDERR_REDIRECT] 
2025-12-09 21:18:24,103 [ERROR] LogOutputStream:75 - [STDERR_REDIRECT] [Fatal Error] :1:1: Premature end of file.
2025-12-09 21:18:24,103 [ERROR] LogOutputStream:75 - [STDERR_REDIRECT] 
2025-12-09 21:18:25,102 [ERROR] LogOutputStream:75 - [STDERR_REDIRECT] [Fatal Error] :1:1: Premature end of file.
2025-12-09 21:18:25,102 [ERROR] LogOutputStream:75 - [STDERR_REDIRECT] 
2025-12-09 21:18:26,103 [ERROR] LogOutputStream:75 - [STDERR_REDIRECT] [Fatal Error] :1:1: Premature end of file.
2025-12-09 21:18:26,103 [ERROR] LogOutputStream:75 - [STDERR_REDIRECT] 
2025-12-09 21:18:27,103 [ERROR] LogOutputStream:75 - [STDERR_REDIRECT] [Fatal Error] :1:1: Premature end of file.
2025-12-09 21:18:27,104 [ERROR] LogOutputStream:75 - [STDERR_REDIRECT] 
2025-12-09 21:18:28,103 [ERROR] LogOutputStream:75 - [STDERR_REDIRECT] [Fatal Error] :1:1: Premature end of file.
2025-12-09 21:18:28,103 [ERROR] LogOutputStream:75 - [STDERR_REDIRECT] 
2025-12-09 21:18:29,103 [ERROR] LogOutputStream:75 - [STDERR_REDIRECT] [Fatal Error] :1:1: Premature end of file.
2025-12-09 21:18:29,103 [ERROR] LogOutputStream:75 - [STDERR_REDIRECT] 
2025-12-09 21:18:30,102 [ERROR] LogOutputStream:75 - [STDERR_REDIRECT] [Fatal Error] :1:1: Premature end of file.
2025-12-09 21:18:30,102 [ERROR] LogOutputStream:75 - [STDERR_REDIRECT] 
2025-12-09 21:18:31,102 [ERROR] LogOutputStream:75 - [STDERR_REDIRECT] [Fatal Error] :1:1: Premature end of file.
2025-12-09 21:18:31,102 [ERROR] LogOutputStream:75 - [STDERR_REDIRECT] 
2025-12-09 21:18:32,104 [ERROR] LogOutputStream:75 - [STDERR_REDIRECT] [Fatal Error] :1:1: Premature end of file.
2025-12-09 21:18:32,104 [ERROR] LogOutputStream:75 - [STDERR_REDIRECT] 
2025-12-09 21:18:33,103 [ERROR] LogOutputStream:75 - [STDERR_REDIRECT] [Fatal Error] :1:1: Premature end of file.
2025-12-09 21:18:33,103 [ERROR] LogOutputStream:75 - [STDERR_REDIRECT] 
2025-12-09 21:18:34,105 [ERROR] LogOutputStream:75 - [STDERR_REDIRECT] [Fatal Error] :1:1: Premature end of file.
2025-12-09 21:18:34,105 [ERROR] LogOutputStream:75 - [STDERR_REDIRECT] 
2025-12-09 21:18:35,102 [ERROR] LogOutputStream:75 - [STDERR_REDIRECT] [Fatal Error] :1:1: Premature end of file.
2025-12-09 21:18:35,102 [ERROR] LogOutputStream:75 - [STDERR_REDIRECT] 
2025-12-09 21:18:36,104 [ERROR] LogOutputStream:75 - [STDERR_REDIRECT] [Fatal Error] :1:1: Premature end of file.
2025-12-09 21:18:36,104 [ERROR] LogOutputStream:75 - [STDERR_REDIRECT] 
2025-12-09 21:18:37,106 [ERROR] LogOutputStream:75 - [STDERR_REDIRECT] [Fatal Error] :1:1: Premature end of file.
2025-12-09 21:18:37,106 [ERROR] LogOutputStream:75 - [STDERR_REDIRECT] 
2025-12-09 21:18:38,103 [ERROR] LogOutputStream:75 - [STDERR_REDIRECT] [Fatal Error] :1:1: Premature end of file.
2025-12-09 21:18:38,103 [ERROR] LogOutputStream:75 - [STDERR_REDIRECT] 
2025-12-09 21:18:39,104 [ERROR] LogOutputStream:75 - [STDERR_REDIRECT] [Fatal Error] :1:1: Premature end of file.
2025-12-09 21:18:39,104 [ERROR] LogOutputStream:75 - [STDERR_REDIRECT] 
2025-12-09 21:18:40,101 [ERROR] LogOutputStream:75 - [STDERR_REDIRECT] [Fatal Error] :1:1: Premature end of file.
2025-12-09 21:18:40,101 [ERROR] LogOutputStream:75 - [STDERR_REDIRECT] 
2025-12-09 21:18:41,103 [ERROR] LogOutputStream:75 - [STDERR_REDIRECT] [Fatal Error] :1:1: Premature end of file.
2025-12-09 21:18:41,103 [ERROR] LogOutputStream:75 - [STDERR_REDIRECT] 
2025-12-09 21:18:42,102 [ERROR] LogOutputStream:75 - [STDERR_REDIRECT] [Fatal Error] :1:1: Premature end of file.
2025-12-09 21:18:42,103 [ERROR] LogOutputStream:75 - [STDERR_REDIRECT] 
2025-12-09 21:18:43,103 [ERROR] LogOutputStream:75 - [STDERR_REDIRECT] [Fatal Error] :1:1: Premature end of file.
2025-12-09 21:18:43,103 [ERROR] LogOutputStream:75 - [STDERR_REDIRECT] 
2025-12-09 21:18:44,104 [ERROR] LogOutputStream:75 - [STDERR_REDIRECT] [Fatal Error] :1:1: Premature end of file.
2025-12-09 21:18:44,104 [ERROR] LogOutputStream:75 - [STDERR_REDIRECT] 
2025-12-09 21:18:45,103 [ERROR] LogOutputStream:75 - [STDERR_REDIRECT] [Fatal Error] :1:1: Premature end of file.
2025-12-09 21:18:45,103 [ERROR] LogOutputStream:75 - [STDERR_REDIRECT] 
2025-12-09 21:18:46,103 [ERROR] LogOutputStream:75 - [STDERR_REDIRECT] [Fatal Error] :1:1: Premature end of file.
2025-12-09 21:18:46,103 [ERROR] LogOutputStream:75 - [STDERR_REDIRECT] 
2025-12-09 21:18:47,103 [ERROR] LogOutputStream:75 - [STDERR_REDIRECT] [Fatal Error] :1:1: Premature end of file.
2025-12-09 21:18:47,103 [ERROR] LogOutputStream:75 - [STDERR_REDIRECT] 
2025-12-09 21:18:48,104 [ERROR] LogOutputStream:75 - [STDERR_REDIRECT] [Fatal Error] :1:1: Premature end of file.
2025-12-09 21:18:48,104 [ERROR] LogOutputStream:75 - [STDERR_REDIRECT] 
2025-12-09 21:18:49,103 [ERROR] LogOutputStream:75 - [STDERR_REDIRECT] [Fatal Error] :1:1: Premature end of file.
2025-12-09 21:18:49,103 [ERROR] LogOutputStream:75 - [STDERR_REDIRECT] 
2025-12-09 21:18:50,103 [ERROR] LogOutputStream:75 - [STDERR_REDIRECT] [Fatal Error] :1:1: Premature end of file.
2025-12-09 21:18:50,103 [ERROR] LogOutputStream:75 - [STDERR_REDIRECT] 
2025-12-09 21:18:51,103 [ERROR] LogOutputStream:75 - [STDERR_REDIRECT] [Fatal Error] :1:1: Premature end of file.
2025-12-09 21:18:51,103 [ERROR] LogOutputStream:75 - [STDERR_REDIRECT] 
2025-12-09 21:18:52,103 [ERROR] LogOutputStream:75 - [STDERR_REDIRECT] [Fatal Error] :1:1: Premature end of file.
2025-12-09 21:18:52,103 [ERROR] LogOutputStream:75 - [STDERR_REDIRECT] 
2025-12-09 21:18:53,104 [ERROR] LogOutputStream:75 - [STDERR_REDIRECT] [Fatal Error] :1:1: Premature end of file.
2025-12-09 21:18:53,104 [ERROR] LogOutputStream:75 - [STDERR_REDIRECT] 
2025-12-09 21:18:54,105 [ERROR] LogOutputStream:75 - [STDERR_REDIRECT] [Fatal Error] :1:1: Premature end of file.
2025-12-09 21:18:54,105 [ERROR] LogOutputStream:75 - [STDERR_REDIRECT] 
2025-12-09 21:18:55,102 [ERROR] LogOutputStream:75 - [STDERR_REDIRECT] [Fatal Error] :1:1: Premature end of file.
2025-12-09 21:18:55,103 [ERROR] LogOutputStream:75 - [STDERR_REDIRECT] 
2025-12-09 21:18:56,103 [ERROR] LogOutputStream:75 - [STDERR_REDIRECT] [Fatal Error] :1:1: Premature end of file.
2025-12-09 21:18:56,103 [ERROR] LogOutputStream:75 - [STDERR_REDIRECT] 
2025-12-09 21:18:57,103 [ERROR] LogOutputStream:75 - [STDERR_REDIRECT] [Fatal Error] :1:1: Premature end of file.
2025-12-09 21:18:57,103 [ERROR] LogOutputStream:75 - [STDERR_REDIRECT] 
2025-12-09 21:18:58,103 [ERROR] LogOutputStream:75 - [STDERR_REDIRECT] [Fatal Error] :1:1: Premature end of file.
2025-12-09 21:18:58,103 [ERROR] LogOutputStream:75 - [STDERR_REDIRECT] 
2025-12-09 21:18:59,103 [ERROR] LogOutputStream:75 - [STDERR_REDIRECT] [Fatal Error] :1:1: Premature end of file.
2025-12-09 21:18:59,103 [ERROR] LogOutputStream:75 - [STDERR_REDIRECT] 
2025-12-09 21:19:00,103 [ERROR] LogOutputStream:75 - [STDERR_REDIRECT] [Fatal Error] :1:1: Premature end of file.
2025-12-09 21:19:00,104 [ERROR] LogOutputStream:75 - [STDERR_REDIRECT] 
2025-12-09 21:19:01,104 [ERROR] LogOutputStream:75 - [STDERR_REDIRECT] [Fatal Error] :1:1: Premature end of file.
2025-12-09 21:19:01,104 [ERROR] LogOutputStream:75 - [STDERR_REDIRECT] 
2025-12-09 21:19:02,103 [ERROR] LogOutputStream:75 - [STDERR_REDIRECT] [Fatal Error] :1:1: Premature end of file.
2025-12-09 21:19:02,103 [ERROR] LogOutputStream:75 - [STDERR_REDIRECT] 
2025-12-09 21:19:03,102 [ERROR] LogOutputStream:75 - [STDERR_REDIRECT] [Fatal Error] :1:1: Premature end of file.
2025-12-09 21:19:03,102 [ERROR] LogOutputStream:75 - [STDERR_REDIRECT] 
2025-12-09 21:19:04,104 [ERROR] LogOutputStream:75 - [STDERR_REDIRECT] [Fatal Error] :1:1: Premature end of file.
2025-12-09 21:19:04,104 [ERROR] LogOutputStream:75 - [STDERR_REDIRECT] 
2025-12-09 21:19:05,105 [ERROR] LogOutputStream:75 - [STDERR_REDIRECT] [Fatal Error] :1:1: Premature end of file.
2025-12-09 21:19:05,105 [ERROR] LogOutputStream:75 - [STDERR_REDIRECT] 
2025-12-09 21:19:06,104 [ERROR] LogOutputStream:75 - [STDERR_REDIRECT] [Fatal Error] :1:1: Premature end of file.
2025-12-09 21:19:06,104 [ERROR] LogOutputStream:75 - [STDERR_REDIRECT] 
2025-12-09 21:19:07,102 [ERROR] LogOutputStream:75 - [STDERR_REDIRECT] [Fatal Error] :1:1: Premature end of file.
2025-12-09 21:19:07,102 [ERROR] LogOutputStream:75 - [STDERR_REDIRECT] 
2025-12-09 21:19:08,105 [ERROR] LogOutputStream:75 - [STDERR_REDIRECT] [Fatal Error] :1:1: Premature end of file.
2025-12-09 21:19:08,105 [ERROR] LogOutputStream:75 - [STDERR_REDIRECT] 
2025-12-09 21:19:09,104 [ERROR] LogOutputStream:75 - [STDERR_REDIRECT] [Fatal Error] :1:1: Premature end of file.
2025-12-09 21:19:09,104 [ERROR] LogOutputStream:75 - [STDERR_REDIRECT] 
2025-12-09 21:19:10,103 [ERROR] LogOutputStream:75 - [STDERR_REDIRECT] [Fatal Error] :1:1: Premature end of file.
2025-12-09 21:19:10,103 [ERROR] LogOutputStream:75 - [STDERR_REDIRECT] 
2025-12-09 21:19:11,103 [ERROR] LogOutputStream:75 - [STDERR_REDIRECT] [Fatal Error] :1:1: Premature end of file.
2025-12-09 21:19:11,103 [ERROR] LogOutputStream:75 - [STDERR_REDIRECT] 
2025-12-09 21:19:12,104 [ERROR] LogOutputStream:75 - [STDERR_REDIRECT] [Fatal Error] :1:1: Premature end of file.
2025-12-09 21:19:12,104 [ERROR] LogOutputStream:75 - [STDERR_REDIRECT] 
2025-12-09 21:19:13,103 [ERROR] LogOutputStream:75 - [STDERR_REDIRECT] [Fatal Error] :1:1: Premature end of file.
2025-12-09 21:19:13,103 [ERROR] LogOutputStream:75 - [STDERR_REDIRECT] 
2025-12-09 21:19:14,103 [ERROR] LogOutputStream:75 - [STDERR_REDIRECT] [Fatal Error] :1:1: Premature end of file.
2025-12-09 21:19:14,103 [ERROR] LogOutputStream:75 - [STDERR_REDIRECT] 
2025-12-09 21:19:15,103 [ERROR] LogOutputStream:75 - [STDERR_REDIRECT] [Fatal Error] :1:1: Premature end of file.
2025-12-09 21:19:15,103 [ERROR] LogOutputStream:75 - [STDERR_REDIRECT] 
2025-12-09 21:19:16,103 [ERROR] LogOutputStream:75 - [STDERR_REDIRECT] [Fatal Error] :1:1: Premature end of file.
2025-12-09 21:19:16,103 [ERROR] LogOutputStream:75 - [STDERR_REDIRECT] 
2025-12-09 21:19:17,102 [ERROR] LogOutputStream:75 - [STDERR_REDIRECT] [Fatal Error] :1:1: Premature end of file.
2025-12-09 21:19:17,102 [ERROR] LogOutputStream:75 - [STDERR_REDIRECT] 
2025-12-09 21:19:18,103 [ERROR] LogOutputStream:75 - [STDERR_REDIRECT] [Fatal Error] :1:1: Premature end of file.
2025-12-09 21:19:18,103 [ERROR] LogOutputStream:75 - [STDERR_REDIRECT] 
2025-12-09 21:19:19,103 [ERROR] LogOutputStream:75 - [STDERR_REDIRECT] [Fatal Error] :1:1: Premature end of file.
2025-12-09 21:19:19,103 [ERROR] LogOutputStream:75 - [STDERR_REDIRECT] 
2025-12-09 21:19:20,103 [ERROR] LogOutputStream:75 - [STDERR_REDIRECT] [Fatal Error] :1:1: Premature end of file.
2025-12-09 21:19:20,103 [ERROR] LogOutputStream:75 - [STDERR_REDIRECT] 
2025-12-09 21:19:21,104 [ERROR] LogOutputStream:75 - [STDERR_REDIRECT] [Fatal Error] :1:1: Premature end of file.
2025-12-09 21:19:21,104 [ERROR] LogOutputStream:75 - [STDERR_REDIRECT] 
2025-12-09 21:19:22,103 [ERROR] LogOutputStream:75 - [STDERR_REDIRECT] [Fatal Error] :1:1: Premature end of file.
2025-12-09 21:19:22,104 [ERROR] LogOutputStream:75 - [STDERR_REDIRECT] 
2025-12-09 21:19:23,103 [ERROR] LogOutputStream:75 - [STDERR_REDIRECT] [Fatal Error] :1:1: Premature end of file.
2025-12-09 21:19:23,103 [ERROR] LogOutputStream:75 - [STDERR_REDIRECT] 
2025-12-09 21:19:24,104 [ERROR] LogOutputStream:75 - [STDERR_REDIRECT] [Fatal Error] :1:1: Premature end of file.
2025-12-09 21:19:24,104 [ERROR] LogOutputStream:75 - [STDERR_REDIRECT] 
2025-12-09 21:19:25,103 [ERROR] LogOutputStream:75 - [STDERR_REDIRECT] [Fatal Error] :1:1: Premature end of file.
2025-12-09 21:19:25,103 [ERROR] LogOutputStream:75 - [STDERR_REDIRECT] 
2025-12-09 21:19:26,103 [ERROR] LogOutputStream:75 - [STDERR_REDIRECT] [Fatal Error] :1:1: Premature end of file.
2025-12-09 21:19:26,103 [ERROR] LogOutputStream:75 - [STDERR_REDIRECT] 
2025-12-09 21:19:27,104 [ERROR] LogOutputStream:75 - [STDERR_REDIRECT] [Fatal Error] :1:1: Premature end of file.
2025-12-09 21:19:27,104 [ERROR] LogOutputStream:75 - [STDERR_REDIRECT] 
2025-12-09 21:19:28,103 [ERROR] LogOutputStream:75 - [STDERR_REDIRECT] [Fatal Error] :1:1: Premature end of file.
2025-12-09 21:19:28,103 [ERROR] LogOutputStream:75 - [STDERR_REDIRECT] 
2025-12-09 21:19:29,103 [ERROR] LogOutputStream:75 - [STDERR_REDIRECT] [Fatal Error] :1:1: Premature end of file.
2025-12-09 21:19:29,103 [ERROR] LogOutputStream:75 - [STDERR_REDIRECT] 
2025-12-09 21:19:30,103 [ERROR] LogOutputStream:75 - [STDERR_REDIRECT] [Fatal Error] :1:1: Premature end of file.
2025-12-09 21:19:30,103 [ERROR] LogOutputStream:75 - [STDERR_REDIRECT] 
2025-12-09 21:19:31,104 [ERROR] LogOutputStream:75 - [STDERR_REDIRECT] [Fatal Error] :1:1: Premature end of file.
2025-12-09 21:19:31,104 [ERROR] LogOutputStream:75 - [STDERR_REDIRECT] 
2025-12-09 21:19:32,104 [ERROR] LogOutputStream:75 - [STDERR_REDIRECT] [Fatal Error] :1:1: Premature end of file.
2025-12-09 21:19:32,104 [ERROR] LogOutputStream:75 - [STDERR_REDIRECT] 
2025-12-09 21:19:33,103 [ERROR] LogOutputStream:75 - [STDERR_REDIRECT] [Fatal Error] :1:1: Premature end of file.
2025-12-09 21:19:33,103 [ERROR] LogOutputStream:75 - [STDERR_REDIRECT] 
2025-12-09 21:19:34,107 [ERROR] LogOutputStream:75 - [STDERR_REDIRECT] [Fatal Error] :1:1: Premature end of file.
2025-12-09 21:19:34,107 [ERROR] LogOutputStream:75 - [STDERR_REDIRECT] 
2025-12-09 21:19:35,105 [ERROR] LogOutputStream:75 - [STDERR_REDIRECT] [Fatal Error] :1:1: Premature end of file.
2025-12-09 21:19:35,105 [ERROR] LogOutputStream:75 - [STDERR_REDIRECT] 
2025-12-09 21:19:36,105 [ERROR] LogOutputStream:75 - [STDERR_REDIRECT] [Fatal Error] :1:1: Premature end of file.
2025-12-09 21:19:36,105 [ERROR] LogOutputStream:75 - [STDERR_REDIRECT] 
2025-12-09 21:19:37,105 [ERROR] LogOutputStream:75 - [STDERR_REDIRECT] [Fatal Error] :1:1: Premature end of file.
2025-12-09 21:19:37,105 [ERROR] LogOutputStream:75 - [STDERR_REDIRECT] 
2025-12-09 21:19:38,103 [ERROR] LogOutputStream:75 - [STDERR_REDIRECT] [Fatal Error] :1:1: Premature end of file.
2025-12-09 21:19:38,103 [ERROR] LogOutputStream:75 - [STDERR_REDIRECT] 
2025-12-09 21:19:39,105 [ERROR] LogOutputStream:75 - [STDERR_REDIRECT] [Fatal Error] :1:1: Premature end of file.
2025-12-09 21:19:39,105 [ERROR] LogOutputStream:75 - [STDERR_REDIRECT] 
2025-12-09 21:19:40,103 [ERROR] LogOutputStream:75 - [STDERR_REDIRECT] [Fatal Error] :1:1: Premature end of file.
2025-12-09 21:19:40,103 [ERROR] LogOutputStream:75 - [STDERR_REDIRECT] 
2025-12-09 21:19:41,103 [ERROR] LogOutputStream:75 - [STDERR_REDIRECT] [Fatal Error] :1:1: Premature end of file.
2025-12-09 21:19:41,103 [ERROR] LogOutputStream:75 - [STDERR_REDIRECT] 
2025-12-09 21:19:42,104 [ERROR] LogOutputStream:75 - [STDERR_REDIRECT] [Fatal Error] :1:1: Premature end of file.
2025-12-09 21:19:42,104 [ERROR] LogOutputStream:75 - [STDERR_REDIRECT] 
2025-12-09 21:19:43,102 [ERROR] LogOutputStream:75 - [STDERR_REDIRECT] [Fatal Error] :1:1: Premature end of file.
2025-12-09 21:19:43,102 [ERROR] LogOutputStream:75 - [STDERR_REDIRECT] 
2025-12-09 21:19:44,102 [ERROR] LogOutputStream:75 - [STDERR_REDIRECT] [Fatal Error] :1:1: Premature end of file.
2025-12-09 21:19:44,103 [ERROR] LogOutputStream:75 - [STDERR_REDIRECT] 
2025-12-09 21:19:45,103 [ERROR] LogOutputStream:75 - [STDERR_REDIRECT] [Fatal Error] :1:1: Premature end of file.
2025-12-09 21:19:45,103 [ERROR] LogOutputStream:75 - [STDERR_REDIRECT] 
2025-12-09 21:19:46,103 [ERROR] LogOutputStream:75 - [STDERR_REDIRECT] [Fatal Error] :1:1: Premature end of file.
2025-12-09 21:19:46,103 [ERROR] LogOutputStream:75 - [STDERR_REDIRECT] 
2025-12-09 21:19:47,104 [ERROR] LogOutputStream:75 - [STDERR_REDIRECT] [Fatal Error] :1:1: Premature end of file.
2025-12-09 21:19:47,104 [ERROR] LogOutputStream:75 - [STDERR_REDIRECT] 
2025-12-09 21:19:48,102 [ERROR] LogOutputStream:75 - [STDERR_REDIRECT] [Fatal Error] :1:1: Premature end of file.
2025-12-09 21:19:48,102 [ERROR] LogOutputStream:75 - [STDERR_REDIRECT] 
2025-12-09 21:19:49,103 [ERROR] LogOutputStream:75 - [STDERR_REDIRECT] [Fatal Error] :1:1: Premature end of file.
2025-12-09 21:19:49,103 [ERROR] LogOutputStream:75 - [STDERR_REDIRECT] 
2025-12-09 21:19:50,104 [ERROR] LogOutputStream:75 - [STDERR_REDIRECT] [Fatal Error] :1:1: Premature end of file.
2025-12-09 21:19:50,104 [ERROR] LogOutputStream:75 - [STDERR_REDIRECT] 
2025-12-09 21:19:51,103 [ERROR] LogOutputStream:75 - [STDERR_REDIRECT] [Fatal Error] :1:1: Premature end of file.
2025-12-09 21:19:51,103 [ERROR] LogOutputStream:75 - [STDERR_REDIRECT] 
2025-12-09 21:19:52,103 [ERROR] LogOutputStream:75 - [STDERR_REDIRECT] [Fatal Error] :1:1: Premature end of file.
2025-12-09 21:19:52,103 [ERROR] LogOutputStream:75 - [STDERR_REDIRECT] 
2025-12-09 21:19:53,103 [ERROR] LogOutputStream:75 - [STDERR_REDIRECT] [Fatal Error] :1:1: Premature end of file.
2025-12-09 21:19:53,103 [ERROR] LogOutputStream:75 - [STDERR_REDIRECT] 
2025-12-09 21:19:54,103 [ERROR] LogOutputStream:75 - [STDERR_REDIRECT] [Fatal Error] :1:1: Premature end of file.
2025-12-09 21:19:54,104 [ERROR] LogOutputStream:75 - [STDERR_REDIRECT] 
2025-12-09 21:19:55,102 [ERROR] LogOutputStream:75 - [STDERR_REDIRECT] [Fatal Error] :1:1: Premature end of file.
2025-12-09 21:19:55,102 [ERROR] LogOutputStream:75 - [STDERR_REDIRECT] 
2025-12-09 21:19:56,103 [ERROR] LogOutputStream:75 - [STDERR_REDIRECT] [Fatal Error] :1:1: Premature end of file.
2025-12-09 21:19:56,103 [ERROR] LogOutputStream:75 - [STDERR_REDIRECT] 
2025-12-09 21:19:57,103 [ERROR] LogOutputStream:75 - [STDERR_REDIRECT] [Fatal Error] :1:1: Premature end of file.
2025-12-09 21:19:57,103 [ERROR] LogOutputStream:75 - [STDERR_REDIRECT] 
2025-12-09 21:19:58,102 [ERROR] LogOutputStream:75 - [STDERR_REDIRECT] [Fatal Error] :1:1: Premature end of file.
2025-12-09 21:19:58,102 [ERROR] LogOutputStream:75 - [STDERR_REDIRECT] 
2025-12-09 21:19:59,103 [ERROR] LogOutputStream:75 - [STDERR_REDIRECT] [Fatal Error] :1:1: Premature end of file.
2025-12-09 21:19:59,103 [ERROR] LogOutputStream:75 - [STDERR_REDIRECT] 
2025-12-09 21:20:00,104 [ERROR] LogOutputStream:75 - [STDERR_REDIRECT] [Fatal Error] :1:1: Premature end of file.
2025-12-09 21:20:00,104 [ERROR] LogOutputStream:75 - [STDERR_REDIRECT] 
2025-12-09 21:20:01,103 [ERROR] LogOutputStream:75 - [STDERR_REDIRECT] [Fatal Error] :1:1: Premature end of file.
2025-12-09 21:20:01,103 [ERROR] LogOutputStream:75 - [STDERR_REDIRECT] 
2025-12-09 21:20:02,104 [ERROR] LogOutputStream:75 - [STDERR_REDIRECT] [Fatal Error] :1:1: Premature end of file.
2025-12-09 21:20:02,104 [ERROR] LogOutputStream:75 - [STDERR_REDIRECT] 
2025-12-09 21:20:03,103 [ERROR] LogOutputStream:75 - [STDERR_REDIRECT] [Fatal Error] :1:1: Premature end of file.
2025-12-09 21:20:03,103 [ERROR] LogOutputStream:75 - [STDERR_REDIRECT] 
2025-12-09 21:20:04,102 [ERROR] LogOutputStream:75 - [STDERR_REDIRECT] [Fatal Error] :1:1: Premature end of file.
2025-12-09 21:20:04,102 [ERROR] LogOutputStream:75 - [STDERR_REDIRECT] 
2025-12-09 21:20:05,104 [ERROR] LogOutputStream:75 - [STDERR_REDIRECT] [Fatal Error] :1:1: Premature end of file.
2025-12-09 21:20:05,104 [ERROR] LogOutputStream:75 - [STDERR_REDIRECT] 
2025-12-09 21:20:06,104 [ERROR] LogOutputStream:75 - [STDERR_REDIRECT] [Fatal Error] :1:1: Premature end of file.
2025-12-09 21:20:06,105 [ERROR] LogOutputStream:75 - [STDERR_REDIRECT] 
2025-12-09 21:20:07,103 [ERROR] LogOutputStream:75 - [STDERR_REDIRECT] [Fatal Error] :1:1: Premature end of file.
2025-12-09 21:20:07,105 [ERROR] LogOutputStream:75 - [STDERR_REDIRECT] 
2025-12-09 21:20:08,101 [ERROR] LogOutputStream:75 - [STDERR_REDIRECT] [Fatal Error] :1:1: Premature end of file.
2025-12-09 21:20:08,102 [ERROR] LogOutputStream:75 - [STDERR_REDIRECT] 
2025-12-09 21:20:09,106 [ERROR] LogOutputStream:75 - [STDERR_REDIRECT] [Fatal Error] :1:1: Premature end of file.
2025-12-09 21:20:09,107 [ERROR] LogOutputStream:75 - [STDERR_REDIRECT] 
2025-12-09 21:20:10,102 [ERROR] LogOutputStream:75 - [STDERR_REDIRECT] [Fatal Error] :1:1: Premature end of file.
2025-12-09 21:20:10,103 [ERROR] LogOutputStream:75 - [STDERR_REDIRECT] 
2025-12-09 21:20:11,105 [ERROR] LogOutputStream:75 - [STDERR_REDIRECT] [Fatal Error] :1:1: Premature end of file.
2025-12-09 21:20:11,105 [ERROR] LogOutputStream:75 - [STDERR_REDIRECT] 
2025-12-09 21:20:12,104 [ERROR] LogOutputStream:75 - [STDERR_REDIRECT] [Fatal Error] :1:1: Premature end of file.
2025-12-09 21:20:12,104 [ERROR] LogOutputStream:75 - [STDERR_REDIRECT] 
2025-12-09 21:20:13,102 [ERROR] LogOutputStream:75 - [STDERR_REDIRECT] [Fatal Error] :1:1: Premature end of file.
2025-12-09 21:20:13,102 [ERROR] LogOutputStream:75 - [STDERR_REDIRECT] 
2025-12-09 21:20:14,103 [ERROR] LogOutputStream:75 - [STDERR_REDIRECT] [Fatal Error] :1:1: Premature end of file.
2025-12-09 21:20:14,103 [ERROR] LogOutputStream:75 - [STDERR_REDIRECT] 
2025-12-09 21:20:15,102 [ERROR] LogOutputStream:75 - [STDERR_REDIRECT] [Fatal Error] :1:1: Premature end of file.
2025-12-09 21:20:15,102 [ERROR] LogOutputStream:75 - [STDERR_REDIRECT] 
2025-12-09 21:20:16,102 [ERROR] LogOutputStream:75 - [STDERR_REDIRECT] [Fatal Error] :1:1: Premature end of file.
2025-12-09 21:20:16,102 [ERROR] LogOutputStream:75 - [STDERR_REDIRECT] 
2025-12-09 21:20:17,104 [ERROR] LogOutputStream:75 - [STDERR_REDIRECT] [Fatal Error] :1:1: Premature end of file.
2025-12-09 21:20:17,104 [ERROR] LogOutputStream:75 - [STDERR_REDIRECT] 
2025-12-09 21:20:18,102 [ERROR] LogOutputStream:75 - [STDERR_REDIRECT] [Fatal Error] :1:1: Premature end of file.
2025-12-09 21:20:18,103 [ERROR] LogOutputStream:75 - [STDERR_REDIRECT] 
2025-12-09 21:20:19,102 [ERROR] LogOutputStream:75 - [STDERR_REDIRECT] [Fatal Error] :1:1: Premature end of file.
2025-12-09 21:20:19,102 [ERROR] LogOutputStream:75 - [STDERR_REDIRECT] 
2025-12-09 21:20:20,105 [ERROR] LogOutputStream:75 - [STDERR_REDIRECT] [Fatal Error] :1:1: Premature end of file.
2025-12-09 21:20:20,105 [ERROR] LogOutputStream:75 - [STDERR_REDIRECT] 
2025-12-09 21:20:21,103 [ERROR] LogOutputStream:75 - [STDERR_REDIRECT] [Fatal Error] :1:1: Premature end of file.
2025-12-09 21:20:21,103 [ERROR] LogOutputStream:75 - [STDERR_REDIRECT] 
2025-12-09 21:20:22,106 [ERROR] LogOutputStream:75 - [STDERR_REDIRECT] [Fatal Error] :1:1: Premature end of file.
2025-12-09 21:20:22,106 [ERROR] LogOutputStream:75 - [STDERR_REDIRECT] 
2025-12-09 21:20:23,102 [ERROR] LogOutputStream:75 - [STDERR_REDIRECT] [Fatal Error] :1:1: Premature end of file.
2025-12-09 21:20:23,102 [ERROR] LogOutputStream:75 - [STDERR_REDIRECT] 
2025-12-09 21:20:24,102 [ERROR] LogOutputStream:75 - [STDERR_REDIRECT] [Fatal Error] :1:1: Premature end of file.
2025-12-09 21:20:24,102 [ERROR] LogOutputStream:75 - [STDERR_REDIRECT] 
2025-12-09 21:20:25,103 [ERROR] LogOutputStream:75 - [STDERR_REDIRECT] [Fatal Error] :1:1: Premature end of file.
2025-12-09 21:20:25,103 [ERROR] LogOutputStream:75 - [STDERR_REDIRECT] 
2025-12-09 21:20:26,102 [ERROR] LogOutputStream:75 - [STDERR_REDIRECT] [Fatal Error] :1:1: Premature end of file.
2025-12-09 21:20:26,102 [ERROR] LogOutputStream:75 - [STDERR_REDIRECT] 
2025-12-09 21:20:27,102 [ERROR] LogOutputStream:75 - [STDERR_REDIRECT] [Fatal Error] :1:1: Premature end of file.
2025-12-09 21:20:27,102 [ERROR] LogOutputStream:75 - [STDERR_REDIRECT] 
2025-12-09 21:20:28,104 [ERROR] LogOutputStream:75 - [STDERR_REDIRECT] [Fatal Error] :1:1: Premature end of file.
2025-12-09 21:20:28,104 [ERROR] LogOutputStream:75 - [STDERR_REDIRECT] 
2025-12-09 21:20:29,103 [ERROR] LogOutputStream:75 - [STDERR_REDIRECT] [Fatal Error] :1:1: Premature end of file.
2025-12-09 21:20:29,103 [ERROR] LogOutputStream:75 - [STDERR_REDIRECT] 
2025-12-09 21:20:30,103 [ERROR] LogOutputStream:75 - [STDERR_REDIRECT] [Fatal Error] :1:1: Premature end of file.
2025-12-09 21:20:30,103 [ERROR] LogOutputStream:75 - [STDERR_REDIRECT] 
2025-12-09 21:20:31,103 [ERROR] LogOutputStream:75 - [STDERR_REDIRECT] [Fatal Error] :1:1: Premature end of file.
2025-12-09 21:20:31,103 [ERROR] LogOutputStream:75 - [STDERR_REDIRECT] 
2025-12-09 21:20:32,104 [ERROR] LogOutputStream:75 - [STDERR_REDIRECT] [Fatal Error] :1:1: Premature end of file.
2025-12-09 21:20:32,104 [ERROR] LogOutputStream:75 - [STDERR_REDIRECT] 
2025-12-09 21:20:33,103 [ERROR] LogOutputStream:75 - [STDERR_REDIRECT] [Fatal Error] :1:1: Premature end of file.
2025-12-09 21:20:33,103 [ERROR] LogOutputStream:75 - [STDERR_REDIRECT] 
2025-12-09 21:20:34,104 [ERROR] LogOutputStream:75 - [STDERR_REDIRECT] [Fatal Error] :1:1: Premature end of file.
2025-12-09 21:20:34,104 [ERROR] LogOutputStream:75 - [STDERR_REDIRECT] 
2025-12-09 21:20:35,104 [ERROR] LogOutputStream:75 - [STDERR_REDIRECT] [Fatal Error] :1:1: Premature end of file.
2025-12-09 21:20:35,104 [ERROR] LogOutputStream:75 - [STDERR_REDIRECT] 
2025-12-09 21:20:36,104 [ERROR] LogOutputStream:75 - [STDERR_REDIRECT] [Fatal Error] :1:1: Premature end of file.
2025-12-09 21:20:36,104 [ERROR] LogOutputStream:75 - [STDERR_REDIRECT] 
2025-12-09 21:20:37,104 [ERROR] LogOutputStream:75 - [STDERR_REDIRECT] [Fatal Error] :1:1: Premature end of file.
2025-12-09 21:20:37,104 [ERROR] LogOutputStream:75 - [STDERR_REDIRECT] 
2025-12-09 21:20:38,105 [ERROR] LogOutputStream:75 - [STDERR_REDIRECT] [Fatal Error] :1:1: Premature end of file.
2025-12-09 21:20:38,105 [ERROR] LogOutputStream:75 - [STDERR_REDIRECT] 
2025-12-09 21:20:39,105 [ERROR] LogOutputStream:75 - [STDERR_REDIRECT] [Fatal Error] :1:1: Premature end of file.
2025-12-09 21:20:39,105 [ERROR] LogOutputStream:75 - [STDERR_REDIRECT] 
2025-12-09 21:20:40,104 [ERROR] LogOutputStream:75 - [STDERR_REDIRECT] [Fatal Error] :1:1: Premature end of file.
2025-12-09 21:20:40,104 [ERROR] LogOutputStream:75 - [STDERR_REDIRECT] 
2025-12-09 21:20:41,103 [ERROR] LogOutputStream:75 - [STDERR_REDIRECT] [Fatal Error] :1:1: Premature end of file.
2025-12-09 21:20:41,103 [ERROR] LogOutputStream:75 - [STDERR_REDIRECT] 
2025-12-09 21:20:42,104 [ERROR] LogOutputStream:75 - [STDERR_REDIRECT] [Fatal Error] :1:1: Premature end of file.
2025-12-09 21:20:42,104 [ERROR] LogOutputStream:75 - [STDERR_REDIRECT] 
2025-12-09 21:20:43,103 [ERROR] LogOutputStream:75 - [STDERR_REDIRECT] [Fatal Error] :1:1: Premature end of file.
2025-12-09 21:20:43,103 [ERROR] LogOutputStream:75 - [STDERR_REDIRECT] 
2025-12-09 21:20:44,103 [ERROR] LogOutputStream:75 - [STDERR_REDIRECT] [Fatal Error] :1:1: Premature end of file.
2025-12-09 21:20:44,103 [ERROR] LogOutputStream:75 - [STDERR_REDIRECT] 
2025-12-09 21:20:45,103 [ERROR] LogOutputStream:75 - [STDERR_REDIRECT] [Fatal Error] :1:1: Premature end of file.
2025-12-09 21:20:45,103 [ERROR] LogOutputStream:75 - [STDERR_REDIRECT] 
2025-12-09 21:20:46,103 [ERROR] LogOutputStream:75 - [STDERR_REDIRECT] [Fatal Error] :1:1: Premature end of file.
2025-12-09 21:20:46,103 [ERROR] LogOutputStream:75 - [STDERR_REDIRECT] 
2025-12-09 21:20:47,104 [ERROR] LogOutputStream:75 - [STDERR_REDIRECT] [Fatal Error] :1:1: Premature end of file.
2025-12-09 21:20:47,105 [ERROR] LogOutputStream:75 - [STDERR_REDIRECT] 
2025-12-09 21:20:48,102 [ERROR] LogOutputStream:75 - [STDERR_REDIRECT] [Fatal Error] :1:1: Premature end of file.
2025-12-09 21:20:48,102 [ERROR] LogOutputStream:75 - [STDERR_REDIRECT] 
2025-12-09 21:20:49,103 [ERROR] LogOutputStream:75 - [STDERR_REDIRECT] [Fatal Error] :1:1: Premature end of file.
2025-12-09 21:20:49,103 [ERROR] LogOutputStream:75 - [STDERR_REDIRECT] 
2025-12-09 21:20:50,104 [ERROR] LogOutputStream:75 - [STDERR_REDIRECT] [Fatal Error] :1:1: Premature end of file.
2025-12-09 21:20:50,104 [ERROR] LogOutputStream:75 - [STDERR_REDIRECT] 
2025-12-09 21:20:51,103 [ERROR] LogOutputStream:75 - [STDERR_REDIRECT] [Fatal Error] :1:1: Premature end of file.
2025-12-09 21:20:51,103 [ERROR] LogOutputStream:75 - [STDERR_REDIRECT] 
2025-12-09 21:20:52,102 [ERROR] LogOutputStream:75 - [STDERR_REDIRECT] [Fatal Error] :1:1: Premature end of file.
2025-12-09 21:20:52,102 [ERROR] LogOutputStream:75 - [STDERR_REDIRECT] 
2025-12-09 21:20:53,102 [ERROR] LogOutputStream:75 - [STDERR_REDIRECT] [Fatal Error] :1:1: Premature end of file.
2025-12-09 21:20:53,102 [ERROR] LogOutputStream:75 - [STDERR_REDIRECT] 
2025-12-09 21:20:54,103 [ERROR] LogOutputStream:75 - [STDERR_REDIRECT] [Fatal Error] :1:1: Premature end of file.
2025-12-09 21:20:54,103 [ERROR] LogOutputStream:75 - [STDERR_REDIRECT] 
2025-12-09 21:20:55,103 [ERROR] LogOutputStream:75 - [STDERR_REDIRECT] [Fatal Error] :1:1: Premature end of file.
2025-12-09 21:20:55,103 [ERROR] LogOutputStream:75 - [STDERR_REDIRECT] 
2025-12-09 21:20:56,103 [ERROR] LogOutputStream:75 - [STDERR_REDIRECT] [Fatal Error] :1:1: Premature end of file.
2025-12-09 21:20:56,103 [ERROR] LogOutputStream:75 - [STDERR_REDIRECT] 
2025-12-09 21:20:57,103 [ERROR] LogOutputStream:75 - [STDERR_REDIRECT] [Fatal Error] :1:1: Premature end of file.
2025-12-09 21:20:57,103 [ERROR] LogOutputStream:75 - [STDERR_REDIRECT] 
2025-12-09 21:20:58,102 [ERROR] LogOutputStream:75 - [STDERR_REDIRECT] [Fatal Error] :1:1: Premature end of file.
2025-12-09 21:20:58,102 [ERROR] LogOutputStream:75 - [STDERR_REDIRECT] 
2025-12-09 21:20:59,101 [ERROR] LogOutputStream:75 - [STDERR_REDIRECT] [Fatal Error] :1:1: Premature end of file.
2025-12-09 21:20:59,101 [ERROR] LogOutputStream:75 - [STDERR_REDIRECT] 
2025-12-09 21:21:00,103 [ERROR] LogOutputStream:75 - [STDERR_REDIRECT] [Fatal Error] :1:1: Premature end of file.
2025-12-09 21:21:00,103 [ERROR] LogOutputStream:75 - [STDERR_REDIRECT] 
2025-12-09 21:21:01,102 [ERROR] LogOutputStream:75 - [STDERR_REDIRECT] [Fatal Error] :1:1: Premature end of file.
2025-12-09 21:21:01,102 [ERROR] LogOutputStream:75 - [STDERR_REDIRECT] 
2025-12-09 21:21:02,103 [ERROR] LogOutputStream:75 - [STDERR_REDIRECT] [Fatal Error] :1:1: Premature end of file.
2025-12-09 21:21:02,103 [ERROR] LogOutputStream:75 - [STDERR_REDIRECT] 
2025-12-09 21:21:03,103 [ERROR] LogOutputStream:75 - [STDERR_REDIRECT] [Fatal Error] :1:1: Premature end of file.
2025-12-09 21:21:03,103 [ERROR] LogOutputStream:75 - [STDERR_REDIRECT] 
2025-12-09 21:21:04,103 [ERROR] LogOutputStream:75 - [STDERR_REDIRECT] [Fatal Error] :1:1: Premature end of file.
2025-12-09 21:21:04,103 [ERROR] LogOutputStream:75 - [STDERR_REDIRECT] 
2025-12-09 21:21:05,105 [ERROR] LogOutputStream:75 - [STDERR_REDIRECT] [Fatal Error] :1:1: Premature end of file.
2025-12-09 21:21:05,105 [ERROR] LogOutputStream:75 - [STDERR_REDIRECT] 
2025-12-09 21:21:06,104 [ERROR] LogOutputStream:75 - [STDERR_REDIRECT] [Fatal Error] :1:1: Premature end of file.
2025-12-09 21:21:06,104 [ERROR] LogOutputStream:75 - [STDERR_REDIRECT] 
2025-12-09 21:21:07,104 [ERROR] LogOutputStream:75 - [STDERR_REDIRECT] [Fatal Error] :1:1: Premature end of file.
2025-12-09 21:21:07,104 [ERROR] LogOutputStream:75 - [STDERR_REDIRECT] 
2025-12-09 21:21:08,104 [ERROR] LogOutputStream:75 - [STDERR_REDIRECT] [Fatal Error] :1:1: Premature end of file.
2025-12-09 21:21:08,104 [ERROR] LogOutputStream:75 - [STDERR_REDIRECT] 
2025-12-09 21:21:09,102 [ERROR] LogOutputStream:75 - [STDERR_REDIRECT] [Fatal Error] :1:1: Premature end of file.
2025-12-09 21:21:09,103 [ERROR] LogOutputStream:75 - [STDERR_REDIRECT] 
2025-12-09 21:21:10,104 [ERROR] LogOutputStream:75 - [STDERR_REDIRECT] [Fatal Error] :1:1: Premature end of file.
2025-12-09 21:21:10,104 [ERROR] LogOutputStream:75 - [STDERR_REDIRECT] 
2025-12-09 21:21:11,102 [ERROR] LogOutputStream:75 - [STDERR_REDIRECT] [Fatal Error] :1:1: Premature end of file.
2025-12-09 21:21:11,102 [ERROR] LogOutputStream:75 - [STDERR_REDIRECT] 
2025-12-09 21:21:12,101 [ERROR] LogOutputStream:75 - [STDERR_REDIRECT] [Fatal Error] :1:1: Premature end of file.
2025-12-09 21:21:12,101 [ERROR] LogOutputStream:75 - [STDERR_REDIRECT] 
2025-12-09 21:21:13,103 [ERROR] LogOutputStream:75 - [STDERR_REDIRECT] [Fatal Error] :1:1: Premature end of file.
2025-12-09 21:21:13,103 [ERROR] LogOutputStream:75 - [STDERR_REDIRECT] 
2025-12-09 21:21:14,103 [ERROR] LogOutputStream:75 - [STDERR_REDIRECT] [Fatal Error] :1:1: Premature end of file.
2025-12-09 21:21:14,103 [ERROR] LogOutputStream:75 - [STDERR_REDIRECT] 
2025-12-09 21:21:15,103 [ERROR] LogOutputStream:75 - [STDERR_REDIRECT] [Fatal Error] :1:1: Premature end of file.
2025-12-09 21:21:15,104 [ERROR] LogOutputStream:75 - [STDERR_REDIRECT] 
2025-12-09 21:21:16,103 [ERROR] LogOutputStream:75 - [STDERR_REDIRECT] [Fatal Error] :1:1: Premature end of file.
2025-12-09 21:21:16,103 [ERROR] LogOutputStream:75 - [STDERR_REDIRECT] 
2025-12-09 21:21:17,102 [ERROR] LogOutputStream:75 - [STDERR_REDIRECT] [Fatal Error] :1:1: Premature end of file.
2025-12-09 21:21:17,102 [ERROR] LogOutputStream:75 - [STDERR_REDIRECT] 
2025-12-09 21:21:18,103 [ERROR] LogOutputStream:75 - [STDERR_REDIRECT] [Fatal Error] :1:1: Premature end of file.
2025-12-09 21:21:18,103 [ERROR] LogOutputStream:75 - [STDERR_REDIRECT] 
2025-12-09 21:21:19,103 [ERROR] LogOutputStream:75 - [STDERR_REDIRECT] [Fatal Error] :1:1: Premature end of file.
2025-12-09 21:21:19,103 [ERROR] LogOutputStream:75 - [STDERR_REDIRECT] 
2025-12-09 21:21:20,103 [ERROR] LogOutputStream:75 - [STDERR_REDIRECT] [Fatal Error] :1:1: Premature end of file.
2025-12-09 21:21:20,103 [ERROR] LogOutputStream:75 - [STDERR_REDIRECT] 
2025-12-09 21:21:21,103 [ERROR] LogOutputStream:75 - [STDERR_REDIRECT] [Fatal Error] :1:1: Premature end of file.
2025-12-09 21:21:21,103 [ERROR] LogOutputStream:75 - [STDERR_REDIRECT] 
2025-12-09 21:21:22,103 [ERROR] LogOutputStream:75 - [STDERR_REDIRECT] [Fatal Error] :1:1: Premature end of file.
2025-12-09 21:21:22,104 [ERROR] LogOutputStream:75 - [STDERR_REDIRECT] 
2025-12-09 21:21:23,104 [ERROR] LogOutputStream:75 - [STDERR_REDIRECT] [Fatal Error] :1:1: Premature end of file.
2025-12-09 21:21:23,104 [ERROR] LogOutputStream:75 - [STDERR_REDIRECT] 
2025-12-09 21:21:24,102 [ERROR] LogOutputStream:75 - [STDERR_REDIRECT] [Fatal Error] :1:1: Premature end of file.
2025-12-09 21:21:24,102 [ERROR] LogOutputStream:75 - [STDERR_REDIRECT] 
2025-12-09 21:21:25,102 [ERROR] LogOutputStream:75 - [STDERR_REDIRECT] [Fatal Error] :1:1: Premature end of file.
2025-12-09 21:21:25,102 [ERROR] LogOutputStream:75 - [STDERR_REDIRECT] 
2025-12-09 21:21:26,104 [ERROR] LogOutputStream:75 - [STDERR_REDIRECT] [Fatal Error] :1:1: Premature end of file.
2025-12-09 21:21:26,104 [ERROR] LogOutputStream:75 - [STDERR_REDIRECT] 
2025-12-09 21:21:27,103 [ERROR] LogOutputStream:75 - [STDERR_REDIRECT] [Fatal Error] :1:1: Premature end of file.
2025-12-09 21:21:27,103 [ERROR] LogOutputStream:75 - [STDERR_REDIRECT] 
2025-12-09 21:21:28,103 [ERROR] LogOutputStream:75 - [STDERR_REDIRECT] [Fatal Error] :1:1: Premature end of file.
2025-12-09 21:21:28,103 [ERROR] LogOutputStream:75 - [STDERR_REDIRECT] 
2025-12-09 21:21:29,103 [ERROR] LogOutputStream:75 - [STDERR_REDIRECT] [Fatal Error] :1:1: Premature end of file.
2025-12-09 21:21:29,103 [ERROR] LogOutputStream:75 - [STDERR_REDIRECT] 
2025-12-09 21:21:30,102 [ERROR] LogOutputStream:75 - [STDERR_REDIRECT] [Fatal Error] :1:1: Premature end of file.
2025-12-09 21:21:30,102 [ERROR] LogOutputStream:75 - [STDERR_REDIRECT] 
2025-12-09 21:21:31,103 [ERROR] LogOutputStream:75 - [STDERR_REDIRECT] [Fatal Error] :1:1: Premature end of file.
2025-12-09 21:21:31,103 [ERROR] LogOutputStream:75 - [STDERR_REDIRECT] 
2025-12-09 21:21:32,103 [ERROR] LogOutputStream:75 - [STDERR_REDIRECT] [Fatal Error] :1:1: Premature end of file.
2025-12-09 21:21:32,103 [ERROR] LogOutputStream:75 - [STDERR_REDIRECT] 
2025-12-09 21:21:33,103 [ERROR] LogOutputStream:75 - [STDERR_REDIRECT] [Fatal Error] :1:1: Premature end of file.
2025-12-09 21:21:33,103 [ERROR] LogOutputStream:75 - [STDERR_REDIRECT] 
2025-12-09 21:21:34,101 [ERROR] LogOutputStream:75 - [STDERR_REDIRECT] [Fatal Error] :1:1: Premature end of file.
2025-12-09 21:21:34,101 [ERROR] LogOutputStream:75 - [STDERR_REDIRECT] 
2025-12-09 21:21:35,103 [ERROR] LogOutputStream:75 - [STDERR_REDIRECT] [Fatal Error] :1:1: Premature end of file.
2025-12-09 21:21:35,103 [ERROR] LogOutputStream:75 - [STDERR_REDIRECT] 
2025-12-09 21:21:36,103 [ERROR] LogOutputStream:75 - [STDERR_REDIRECT] [Fatal Error] :1:1: Premature end of file.
2025-12-09 21:21:36,103 [ERROR] LogOutputStream:75 - [STDERR_REDIRECT] 
2025-12-09 21:21:37,103 [ERROR] LogOutputStream:75 - [STDERR_REDIRECT] [Fatal Error] :1:1: Premature end of file.
2025-12-09 21:21:37,103 [ERROR] LogOutputStream:75 - [STDERR_REDIRECT] 
2025-12-09 21:21:38,104 [ERROR] LogOutputStream:75 - [STDERR_REDIRECT] [Fatal Error] :1:1: Premature end of file.
2025-12-09 21:21:38,104 [ERROR] LogOutputStream:75 - [STDERR_REDIRECT] 
2025-12-09 21:21:39,103 [ERROR] LogOutputStream:75 - [STDERR_REDIRECT] [Fatal Error] :1:1: Premature end of file.
2025-12-09 21:21:39,103 [ERROR] LogOutputStream:75 - [STDERR_REDIRECT] 
2025-12-09 21:21:40,102 [ERROR] LogOutputStream:75 - [STDERR_REDIRECT] [Fatal Error] :1:1: Premature end of file.
2025-12-09 21:21:40,102 [ERROR] LogOutputStream:75 - [STDERR_REDIRECT] 
2025-12-09 21:21:41,104 [ERROR] LogOutputStream:75 - [STDERR_REDIRECT] [Fatal Error] :1:1: Premature end of file.
2025-12-09 21:21:41,104 [ERROR] LogOutputStream:75 - [STDERR_REDIRECT] 
2025-12-09 21:21:42,101 [ERROR] LogOutputStream:75 - [STDERR_REDIRECT] [Fatal Error] :1:1: Premature end of file.
2025-12-09 21:21:42,101 [ERROR] LogOutputStream:75 - [STDERR_REDIRECT] 
2025-12-09 21:21:43,102 [ERROR] LogOutputStream:75 - [STDERR_REDIRECT] [Fatal Error] :1:1: Premature end of file.
2025-12-09 21:21:43,102 [ERROR] LogOutputStream:75 - [STDERR_REDIRECT] 
2025-12-09 21:21:44,104 [ERROR] LogOutputStream:75 - [STDERR_REDIRECT] [Fatal Error] :1:1: Premature end of file.
2025-12-09 21:21:44,104 [ERROR] LogOutputStream:75 - [STDERR_REDIRECT] 
2025-12-09 21:21:45,102 [ERROR] LogOutputStream:75 - [STDERR_REDIRECT] [Fatal Error] :1:1: Premature end of file.
2025-12-09 21:21:45,102 [ERROR] LogOutputStream:75 - [STDERR_REDIRECT] 
2025-12-09 21:21:46,103 [ERROR] LogOutputStream:75 - [STDERR_REDIRECT] [Fatal Error] :1:1: Premature end of file.
2025-12-09 21:21:46,103 [ERROR] LogOutputStream:75 - [STDERR_REDIRECT] 
2025-12-09 21:21:47,103 [ERROR] LogOutputStream:75 - [STDERR_REDIRECT] [Fatal Error] :1:1: Premature end of file.
2025-12-09 21:21:47,103 [ERROR] LogOutputStream:75 - [STDERR_REDIRECT] 
2025-12-09 21:21:48,103 [ERROR] LogOutputStream:75 - [STDERR_REDIRECT] [Fatal Error] :1:1: Premature end of file.
2025-12-09 21:21:48,103 [ERROR] LogOutputStream:75 - [STDERR_REDIRECT] 
2025-12-09 21:21:49,103 [ERROR] LogOutputStream:75 - [STDERR_REDIRECT] [Fatal Error] :1:1: Premature end of file.
2025-12-09 21:21:49,103 [ERROR] LogOutputStream:75 - [STDERR_REDIRECT] 
2025-12-09 21:21:50,104 [ERROR] LogOutputStream:75 - [STDERR_REDIRECT] [Fatal Error] :1:1: Premature end of file.
2025-12-09 21:21:50,104 [ERROR] LogOutputStream:75 - [STDERR_REDIRECT] 
2025-12-09 21:21:51,102 [ERROR] LogOutputStream:75 - [STDERR_REDIRECT] [Fatal Error] :1:1: Premature end of file.
2025-12-09 21:21:51,102 [ERROR] LogOutputStream:75 - [STDERR_REDIRECT] 
2025-12-09 21:21:52,103 [ERROR] LogOutputStream:75 - [STDERR_REDIRECT] [Fatal Error] :1:1: Premature end of file.
2025-12-09 21:21:52,103 [ERROR] LogOutputStream:75 - [STDERR_REDIRECT] 
2025-12-09 21:21:53,104 [ERROR] LogOutputStream:75 - [STDERR_REDIRECT] [Fatal Error] :1:1: Premature end of file.
2025-12-09 21:21:53,104 [ERROR] LogOutputStream:75 - [STDERR_REDIRECT] 
2025-12-09 21:21:54,102 [ERROR] LogOutputStream:75 - [STDERR_REDIRECT] [Fatal Error] :1:1: Premature end of file.
2025-12-09 21:21:54,102 [ERROR] LogOutputStream:75 - [STDERR_REDIRECT] 
2025-12-09 21:21:55,103 [ERROR] LogOutputStream:75 - [STDERR_REDIRECT] [Fatal Error] :1:1: Premature end of file.
2025-12-09 21:21:55,103 [ERROR] LogOutputStream:75 - [STDERR_REDIRECT] 
2025-12-09 21:21:56,102 [ERROR] LogOutputStream:75 - [STDERR_REDIRECT] [Fatal Error] :1:1: Premature end of file.
2025-12-09 21:21:56,102 [ERROR] LogOutputStream:75 - [STDERR_REDIRECT] 
2025-12-09 21:21:57,103 [ERROR] LogOutputStream:75 - [STDERR_REDIRECT] [Fatal Error] :1:1: Premature end of file.
2025-12-09 21:21:57,103 [ERROR] LogOutputStream:75 - [STDERR_REDIRECT] 
2025-12-09 21:21:58,103 [ERROR] LogOutputStream:75 - [STDERR_REDIRECT] [Fatal Error] :1:1: Premature end of file.
2025-12-09 21:21:58,103 [ERROR] LogOutputStream:75 - [STDERR_REDIRECT] 
2025-12-09 21:21:59,104 [ERROR] LogOutputStream:75 - [STDERR_REDIRECT] [Fatal Error] :1:1: Premature end of file.
2025-12-09 21:21:59,104 [ERROR] LogOutputStream:75 - [STDERR_REDIRECT] 
2025-12-09 21:22:00,101 [ERROR] LogOutputStream:75 - [STDERR_REDIRECT] [Fatal Error] :1:1: Premature end of file.
2025-12-09 21:22:00,101 [ERROR] LogOutputStream:75 - [STDERR_REDIRECT] 
2025-12-09 21:22:01,104 [ERROR] LogOutputStream:75 - [STDERR_REDIRECT] [Fatal Error] :1:1: Premature end of file.
2025-12-09 21:22:01,104 [ERROR] LogOutputStream:75 - [STDERR_REDIRECT] 
2025-12-09 21:22:02,104 [ERROR] LogOutputStream:75 - [STDERR_REDIRECT] [Fatal Error] :1:1: Premature end of file.
2025-12-09 21:22:02,104 [ERROR] LogOutputStream:75 - [STDERR_REDIRECT] 
2025-12-09 21:22:03,105 [ERROR] LogOutputStream:75 - [STDERR_REDIRECT] [Fatal Error] :1:1: Premature end of file.
2025-12-09 21:22:03,105 [ERROR] LogOutputStream:75 - [STDERR_REDIRECT] 
2025-12-09 21:22:04,103 [ERROR] LogOutputStream:75 - [STDERR_REDIRECT] [Fatal Error] :1:1: Premature end of file.
2025-12-09 21:22:04,103 [ERROR] LogOutputStream:75 - [STDERR_REDIRECT] 
2025-12-09 21:22:05,104 [ERROR] LogOutputStream:75 - [STDERR_REDIRECT] [Fatal Error] :1:1: Premature end of file.
2025-12-09 21:22:05,104 [ERROR] LogOutputStream:75 - [STDERR_REDIRECT] 
2025-12-09 21:22:06,103 [ERROR] LogOutputStream:75 - [STDERR_REDIRECT] [Fatal Error] :1:1: Premature end of file.
2025-12-09 21:22:06,103 [ERROR] LogOutputStream:75 - [STDERR_REDIRECT] 
2025-12-09 21:22:07,105 [ERROR] LogOutputStream:75 - [STDERR_REDIRECT] [Fatal Error] :1:1: Premature end of file.
2025-12-09 21:22:07,105 [ERROR] LogOutputStream:75 - [STDERR_REDIRECT] 
2025-12-09 21:22:08,105 [ERROR] LogOutputStream:75 - [STDERR_REDIRECT] [Fatal Error] :1:1: Premature end of file.
2025-12-09 21:22:08,105 [ERROR] LogOutputStream:75 - [STDERR_REDIRECT] 
2025-12-09 21:22:09,104 [ERROR] LogOutputStream:75 - [STDERR_REDIRECT] [Fatal Error] :1:1: Premature end of file.
2025-12-09 21:22:09,105 [ERROR] LogOutputStream:75 - [STDERR_REDIRECT] 
2025-12-09 21:22:10,104 [ERROR] LogOutputStream:75 - [STDERR_REDIRECT] [Fatal Error] :1:1: Premature end of file.
2025-12-09 21:22:10,104 [ERROR] LogOutputStream:75 - [STDERR_REDIRECT] 
2025-12-09 21:22:11,104 [ERROR] LogOutputStream:75 - [STDERR_REDIRECT] [Fatal Error] :1:1: Premature end of file.
2025-12-09 21:22:11,104 [ERROR] LogOutputStream:75 - [STDERR_REDIRECT] 
2025-12-09 21:22:12,103 [ERROR] LogOutputStream:75 - [STDERR_REDIRECT] [Fatal Error] :1:1: Premature end of file.
2025-12-09 21:22:12,103 [ERROR] LogOutputStream:75 - [STDERR_REDIRECT] 
2025-12-09 21:22:13,102 [ERROR] LogOutputStream:75 - [STDERR_REDIRECT] [Fatal Error] :1:1: Premature end of file.
2025-12-09 21:22:13,102 [ERROR] LogOutputStream:75 - [STDERR_REDIRECT] 
2025-12-09 21:22:14,103 [ERROR] LogOutputStream:75 - [STDERR_REDIRECT] [Fatal Error] :1:1: Premature end of file.
2025-12-09 21:22:14,103 [ERROR] LogOutputStream:75 - [STDERR_REDIRECT] 
2025-12-09 21:22:15,102 [ERROR] LogOutputStream:75 - [STDERR_REDIRECT] [Fatal Error] :1:1: Premature end of file.
2025-12-09 21:22:15,102 [ERROR] LogOutputStream:75 - [STDERR_REDIRECT] 
2025-12-09 21:22:16,104 [ERROR] LogOutputStream:75 - [STDERR_REDIRECT] [Fatal Error] :1:1: Premature end of file.
2025-12-09 21:22:16,104 [ERROR] LogOutputStream:75 - [STDERR_REDIRECT] 
2025-12-09 21:22:17,104 [ERROR] LogOutputStream:75 - [STDERR_REDIRECT] [Fatal Error] :1:1: Premature end of file.
2025-12-09 21:22:17,104 [ERROR] LogOutputStream:75 - [STDERR_REDIRECT] 
2025-12-09 21:22:18,102 [ERROR] LogOutputStream:75 - [STDERR_REDIRECT] [Fatal Error] :1:1: Premature end of file.
2025-12-09 21:22:18,102 [ERROR] LogOutputStream:75 - [STDERR_REDIRECT] 
2025-12-09 21:22:19,103 [ERROR] LogOutputStream:75 - [STDERR_REDIRECT] [Fatal Error] :1:1: Premature end of file.
2025-12-09 21:22:19,104 [ERROR] LogOutputStream:75 - [STDERR_REDIRECT] 
2025-12-09 21:22:20,103 [ERROR] LogOutputStream:75 - [STDERR_REDIRECT] [Fatal Error] :1:1: Premature end of file.
2025-12-09 21:22:20,103 [ERROR] LogOutputStream:75 - [STDERR_REDIRECT] 
2025-12-09 21:22:21,103 [ERROR] LogOutputStream:75 - [STDERR_REDIRECT] [Fatal Error] :1:1: Premature end of file.
2025-12-09 21:22:21,103 [ERROR] LogOutputStream:75 - [STDERR_REDIRECT] 
2025-12-09 21:22:22,103 [ERROR] LogOutputStream:75 - [STDERR_REDIRECT] [Fatal Error] :1:1: Premature end of file.
2025-12-09 21:22:22,103 [ERROR] LogOutputStream:75 - [STDERR_REDIRECT] 
2025-12-09 21:22:23,102 [ERROR] LogOutputStream:75 - [STDERR_REDIRECT] [Fatal Error] :1:1: Premature end of file.
2025-12-09 21:22:23,102 [ERROR] LogOutputStream:75 - [STDERR_REDIRECT] 
2025-12-09 21:22:24,103 [ERROR] LogOutputStream:75 - [STDERR_REDIRECT] [Fatal Error] :1:1: Premature end of file.
2025-12-09 21:22:24,103 [ERROR] LogOutputStream:75 - [STDERR_REDIRECT] 
2025-12-09 21:22:25,102 [ERROR] LogOutputStream:75 - [STDERR_REDIRECT] [Fatal Error] :1:1: Premature end of file.
2025-12-09 21:22:25,102 [ERROR] LogOutputStream:75 - [STDERR_REDIRECT] 
2025-12-09 21:22:26,103 [ERROR] LogOutputStream:75 - [STDERR_REDIRECT] [Fatal Error] :1:1: Premature end of file.
2025-12-09 21:22:26,103 [ERROR] LogOutputStream:75 - [STDERR_REDIRECT] 
2025-12-09 21:22:27,102 [ERROR] LogOutputStream:75 - [STDERR_REDIRECT] [Fatal Error] :1:1: Premature end of file.
2025-12-09 21:22:27,102 [ERROR] LogOutputStream:75 - [STDERR_REDIRECT] 
2025-12-09 21:22:28,102 [ERROR] LogOutputStream:75 - [STDERR_REDIRECT] [Fatal Error] :1:1: Premature end of file.
2025-12-09 21:22:28,102 [ERROR] LogOutputStream:75 - [STDERR_REDIRECT] 
2025-12-09 21:22:29,102 [ERROR] LogOutputStream:75 - [STDERR_REDIRECT] [Fatal Error] :1:1: Premature end of file.
2025-12-09 21:22:29,102 [ERROR] LogOutputStream:75 - [STDERR_REDIRECT] 
2025-12-09 21:22:30,102 [ERROR] LogOutputStream:75 - [STDERR_REDIRECT] [Fatal Error] :1:1: Premature end of file.
2025-12-09 21:22:30,102 [ERROR] LogOutputStream:75 - [STDERR_REDIRECT] 
2025-12-09 21:22:31,103 [ERROR] LogOutputStream:75 - [STDERR_REDIRECT] [Fatal Error] :1:1: Premature end of file.
2025-12-09 21:22:31,103 [ERROR] LogOutputStream:75 - [STDERR_REDIRECT] 
2025-12-09 21:22:32,103 [ERROR] LogOutputStream:75 - [STDERR_REDIRECT] [Fatal Error] :1:1: Premature end of file.
2025-12-09 21:22:32,103 [ERROR] LogOutputStream:75 - [STDERR_REDIRECT] 
2025-12-09 21:22:33,103 [ERROR] LogOutputStream:75 - [STDERR_REDIRECT] [Fatal Error] :1:1: Premature end of file.
2025-12-09 21:22:33,104 [ERROR] LogOutputStream:75 - [STDERR_REDIRECT] 
2025-12-09 21:22:34,103 [ERROR] LogOutputStream:75 - [STDERR_REDIRECT] [Fatal Error] :1:1: Premature end of file.
2025-12-09 21:22:34,103 [ERROR] LogOutputStream:75 - [STDERR_REDIRECT] 
2025-12-09 21:22:35,104 [ERROR] LogOutputStream:75 - [STDERR_REDIRECT] [Fatal Error] :1:1: Premature end of file.
2025-12-09 21:22:35,104 [ERROR] LogOutputStream:75 - [STDERR_REDIRECT] 
2025-12-09 21:22:36,104 [ERROR] LogOutputStream:75 - [STDERR_REDIRECT] [Fatal Error] :1:1: Premature end of file.
2025-12-09 21:22:36,104 [ERROR] LogOutputStream:75 - [STDERR_REDIRECT] 
2025-12-09 21:22:37,103 [ERROR] LogOutputStream:75 - [STDERR_REDIRECT] [Fatal Error] :1:1: Premature end of file.
2025-12-09 21:22:37,103 [ERROR] LogOutputStream:75 - [STDERR_REDIRECT] 
2025-12-09 21:22:38,105 [ERROR] LogOutputStream:75 - [STDERR_REDIRECT] [Fatal Error] :1:1: Premature end of file.
2025-12-09 21:22:38,106 [ERROR] LogOutputStream:75 - [STDERR_REDIRECT] 
2025-12-09 21:22:39,103 [ERROR] LogOutputStream:75 - [STDERR_REDIRECT] [Fatal Error] :1:1: Premature end of file.
2025-12-09 21:22:39,104 [ERROR] LogOutputStream:75 - [STDERR_REDIRECT] 
2025-12-09 21:22:40,105 [ERROR] LogOutputStream:75 - [STDERR_REDIRECT] [Fatal Error] :1:1: Premature end of file.
2025-12-09 21:22:40,105 [ERROR] LogOutputStream:75 - [STDERR_REDIRECT] 
2025-12-09 21:22:41,104 [ERROR] LogOutputStream:75 - [STDERR_REDIRECT] [Fatal Error] :1:1: Premature end of file.
2025-12-09 21:22:41,104 [ERROR] LogOutputStream:75 - [STDERR_REDIRECT] 
2025-12-09 21:22:42,104 [ERROR] LogOutputStream:75 - [STDERR_REDIRECT] [Fatal Error] :1:1: Premature end of file.
2025-12-09 21:22:42,104 [ERROR] LogOutputStream:75 - [STDERR_REDIRECT] 
2025-12-09 21:22:43,103 [ERROR] LogOutputStream:75 - [STDERR_REDIRECT] [Fatal Error] :1:1: Premature end of file.
2025-12-09 21:22:43,103 [ERROR] LogOutputStream:75 - [STDERR_REDIRECT] 
2025-12-09 21:22:44,103 [ERROR] LogOutputStream:75 - [STDERR_REDIRECT] [Fatal Error] :1:1: Premature end of file.
2025-12-09 21:22:44,103 [ERROR] LogOutputStream:75 - [STDERR_REDIRECT] 
2025-12-09 21:22:45,105 [ERROR] LogOutputStream:75 - [STDERR_REDIRECT] [Fatal Error] :1:1: Premature end of file.
2025-12-09 21:22:45,105 [ERROR] LogOutputStream:75 - [STDERR_REDIRECT] 
2025-12-09 21:22:46,104 [ERROR] LogOutputStream:75 - [STDERR_REDIRECT] [Fatal Error] :1:1: Premature end of file.
2025-12-09 21:22:46,104 [ERROR] LogOutputStream:75 - [STDERR_REDIRECT] 
2025-12-09 21:22:47,102 [ERROR] LogOutputStream:75 - [STDERR_REDIRECT] [Fatal Error] :1:1: Premature end of file.
2025-12-09 21:22:47,102 [ERROR] LogOutputStream:75 - [STDERR_REDIRECT] 
2025-12-09 21:22:48,103 [ERROR] LogOutputStream:75 - [STDERR_REDIRECT] [Fatal Error] :1:1: Premature end of file.
2025-12-09 21:22:48,103 [ERROR] LogOutputStream:75 - [STDERR_REDIRECT] 
2025-12-09 21:22:49,104 [ERROR] LogOutputStream:75 - [STDERR_REDIRECT] [Fatal Error] :1:1: Premature end of file.
2025-12-09 21:22:49,104 [ERROR] LogOutputStream:75 - [STDERR_REDIRECT] 
2025-12-09 21:22:50,103 [ERROR] LogOutputStream:75 - [STDERR_REDIRECT] [Fatal Error] :1:1: Premature end of file.
2025-12-09 21:22:50,103 [ERROR] LogOutputStream:75 - [STDERR_REDIRECT] 
2025-12-09 21:22:51,103 [ERROR] LogOutputStream:75 - [STDERR_REDIRECT] [Fatal Error] :1:1: Premature end of file.
2025-12-09 21:22:51,103 [ERROR] LogOutputStream:75 - [STDERR_REDIRECT] 
2025-12-09 21:22:52,102 [ERROR] LogOutputStream:75 - [STDERR_REDIRECT] [Fatal Error] :1:1: Premature end of file.
2025-12-09 21:22:52,102 [ERROR] LogOutputStream:75 - [STDERR_REDIRECT] 
2025-12-09 21:22:53,102 [ERROR] LogOutputStream:75 - [STDERR_REDIRECT] [Fatal Error] :1:1: Premature end of file.
2025-12-09 21:22:53,102 [ERROR] LogOutputStream:75 - [STDERR_REDIRECT] 
2025-12-09 21:22:54,103 [ERROR] LogOutputStream:75 - [STDERR_REDIRECT] [Fatal Error] :1:1: Premature end of file.
2025-12-09 21:22:54,103 [ERROR] LogOutputStream:75 - [STDERR_REDIRECT] 
2025-12-09 21:22:55,102 [ERROR] LogOutputStream:75 - [STDERR_REDIRECT] [Fatal Error] :1:1: Premature end of file.
2025-12-09 21:22:55,102 [ERROR] LogOutputStream:75 - [STDERR_REDIRECT] 
2025-12-09 21:22:56,103 [ERROR] LogOutputStream:75 - [STDERR_REDIRECT] [Fatal Error] :1:1: Premature end of file.
2025-12-09 21:22:56,103 [ERROR] LogOutputStream:75 - [STDERR_REDIRECT] 
2025-12-09 21:22:57,102 [ERROR] LogOutputStream:75 - [STDERR_REDIRECT] [Fatal Error] :1:1: Premature end of file.
2025-12-09 21:22:57,102 [ERROR] LogOutputStream:75 - [STDERR_REDIRECT] 
2025-12-09 21:22:58,103 [ERROR] LogOutputStream:75 - [STDERR_REDIRECT] [Fatal Error] :1:1: Premature end of file.
2025-12-09 21:22:58,103 [ERROR] LogOutputStream:75 - [STDERR_REDIRECT] 
2025-12-09 21:22:59,103 [ERROR] LogOutputStream:75 - [STDERR_REDIRECT] [Fatal Error] :1:1: Premature end of file.
2025-12-09 21:22:59,103 [ERROR] LogOutputStream:75 - [STDERR_REDIRECT] 
2025-12-09 21:23:00,104 [ERROR] LogOutputStream:75 - [STDERR_REDIRECT] [Fatal Error] :1:1: Premature end of file.
2025-12-09 21:23:00,104 [ERROR] LogOutputStream:75 - [STDERR_REDIRECT] 
2025-12-09 21:23:01,102 [ERROR] LogOutputStream:75 - [STDERR_REDIRECT] [Fatal Error] :1:1: Premature end of file.
2025-12-09 21:23:01,102 [ERROR] LogOutputStream:75 - [STDERR_REDIRECT] 
2025-12-09 21:23:02,104 [ERROR] LogOutputStream:75 - [STDERR_REDIRECT] [Fatal Error] :1:1: Premature end of file.
2025-12-09 21:23:02,104 [ERROR] LogOutputStream:75 - [STDERR_REDIRECT] 
2025-12-09 21:23:03,103 [ERROR] LogOutputStream:75 - [STDERR_REDIRECT] [Fatal Error] :1:1: Premature end of file.
2025-12-09 21:23:03,103 [ERROR] LogOutputStream:75 - [STDERR_REDIRECT] 
2025-12-09 21:23:04,102 [ERROR] LogOutputStream:75 - [STDERR_REDIRECT] [Fatal Error] :1:1: Premature end of file.
2025-12-09 21:23:04,102 [ERROR] LogOutputStream:75 - [STDERR_REDIRECT] 
2025-12-09 21:23:05,103 [ERROR] LogOutputStream:75 - [STDERR_REDIRECT] [Fatal Error] :1:1: Premature end of file.
2025-12-09 21:23:05,103 [ERROR] LogOutputStream:75 - [STDERR_REDIRECT] 
2025-12-09 21:23:06,102 [ERROR] LogOutputStream:75 - [STDERR_REDIRECT] [Fatal Error] :1:1: Premature end of file.
2025-12-09 21:23:06,103 [ERROR] LogOutputStream:75 - [STDERR_REDIRECT] 
2025-12-09 21:23:07,105 [ERROR] LogOutputStream:75 - [STDERR_REDIRECT] [Fatal Error] :1:1: Premature end of file.
2025-12-09 21:23:07,105 [ERROR] LogOutputStream:75 - [STDERR_REDIRECT] 
2025-12-09 21:23:08,103 [ERROR] LogOutputStream:75 - [STDERR_REDIRECT] [Fatal Error] :1:1: Premature end of file.
2025-12-09 21:23:08,103 [ERROR] LogOutputStream:75 - [STDERR_REDIRECT] 
2025-12-09 21:23:09,105 [ERROR] LogOutputStream:75 - [STDERR_REDIRECT] [Fatal Error] :1:1: Premature end of file.
2025-12-09 21:23:09,105 [ERROR] LogOutputStream:75 - [STDERR_REDIRECT] 
2025-12-09 21:23:10,105 [ERROR] LogOutputStream:75 - [STDERR_REDIRECT] [Fatal Error] :1:1: Premature end of file.
2025-12-09 21:23:10,105 [ERROR] LogOutputStream:75 - [STDERR_REDIRECT] 
2025-12-09 21:23:11,105 [ERROR] LogOutputStream:75 - [STDERR_REDIRECT] [Fatal Error] :1:1: Premature end of file.
2025-12-09 21:23:11,105 [ERROR] LogOutputStream:75 - [STDERR_REDIRECT] 
2025-12-09 21:23:12,103 [ERROR] LogOutputStream:75 - [STDERR_REDIRECT] [Fatal Error] :1:1: Premature end of file.
2025-12-09 21:23:12,103 [ERROR] LogOutputStream:75 - [STDERR_REDIRECT] 
2025-12-09 21:23:13,103 [ERROR] LogOutputStream:75 - [STDERR_REDIRECT] [Fatal Error] :1:1: Premature end of file.
2025-12-09 21:23:13,103 [ERROR] LogOutputStream:75 - [STDERR_REDIRECT] 
2025-12-09 21:23:14,103 [ERROR] LogOutputStream:75 - [STDERR_REDIRECT] [Fatal Error] :1:1: Premature end of file.
2025-12-09 21:23:14,103 [ERROR] LogOutputStream:75 - [STDERR_REDIRECT] 
2025-12-09 21:23:15,103 [ERROR] LogOutputStream:75 - [STDERR_REDIRECT] [Fatal Error] :1:1: Premature end of file.
2025-12-09 21:23:15,103 [ERROR] LogOutputStream:75 - [STDERR_REDIRECT] 
2025-12-09 21:23:16,103 [ERROR] LogOutputStream:75 - [STDERR_REDIRECT] [Fatal Error] :1:1: Premature end of file.
2025-12-09 21:23:16,103 [ERROR] LogOutputStream:75 - [STDERR_REDIRECT] 
2025-12-09 21:23:17,103 [ERROR] LogOutputStream:75 - [STDERR_REDIRECT] [Fatal Error] :1:1: Premature end of file.
2025-12-09 21:23:17,103 [ERROR] LogOutputStream:75 - [STDERR_REDIRECT] 
2025-12-09 21:23:18,109 [ERROR] LogOutputStream:75 - [STDERR_REDIRECT] [Fatal Error] :1:1: Premature end of file.
2025-12-09 21:23:18,110 [ERROR] LogOutputStream:75 - [STDERR_REDIRECT] 
2025-12-09 21:23:19,104 [ERROR] LogOutputStream:75 - [STDERR_REDIRECT] [Fatal Error] :1:1: Premature end of file.
2025-12-09 21:23:19,104 [ERROR] LogOutputStream:75 - [STDERR_REDIRECT] 
2025-12-09 21:23:20,103 [ERROR] LogOutputStream:75 - [STDERR_REDIRECT] [Fatal Error] :1:1: Premature end of file.
2025-12-09 21:23:20,103 [ERROR] LogOutputStream:75 - [STDERR_REDIRECT] 
2025-12-09 21:23:21,104 [ERROR] LogOutputStream:75 - [STDERR_REDIRECT] [Fatal Error] :1:1: Premature end of file.
2025-12-09 21:23:21,104 [ERROR] LogOutputStream:75 - [STDERR_REDIRECT] 
2025-12-09 21:23:22,102 [ERROR] LogOutputStream:75 - [STDERR_REDIRECT] [Fatal Error] :1:1: Premature end of file.
2025-12-09 21:23:22,102 [ERROR] LogOutputStream:75 - [STDERR_REDIRECT] 
2025-12-09 21:23:23,103 [ERROR] LogOutputStream:75 - [STDERR_REDIRECT] [Fatal Error] :1:1: Premature end of file.
2025-12-09 21:23:23,103 [ERROR] LogOutputStream:75 - [STDERR_REDIRECT] 
2025-12-09 21:23:24,103 [ERROR] LogOutputStream:75 - [STDERR_REDIRECT] [Fatal Error] :1:1: Premature end of file.
2025-12-09 21:23:24,103 [ERROR] LogOutputStream:75 - [STDERR_REDIRECT] 
2025-12-09 21:23:25,103 [ERROR] LogOutputStream:75 - [STDERR_REDIRECT] [Fatal Error] :1:1: Premature end of file.
2025-12-09 21:23:25,103 [ERROR] LogOutputStream:75 - [STDERR_REDIRECT] 
2025-12-09 21:23:26,118 [ERROR] LogOutputStream:75 - [STDERR_REDIRECT] [Fatal Error] :1:1: Premature end of file.
2025-12-09 21:23:26,118 [ERROR] LogOutputStream:75 - [STDERR_REDIRECT] 
2025-12-09 21:23:27,143 [ERROR] LogOutputStream:75 - [STDERR_REDIRECT] [Fatal Error] :1:1: Premature end of file.
2025-12-09 21:23:27,143 [ERROR] LogOutputStream:75 - [STDERR_REDIRECT] 
2025-12-09 21:23:28,137 [ERROR] LogOutputStream:75 - [STDERR_REDIRECT] [Fatal Error] :1:1: Premature end of file.
2025-12-09 21:23:28,138 [ERROR] LogOutputStream:75 - [STDERR_REDIRECT] 
2025-12-09 21:23:29,137 [ERROR] LogOutputStream:75 - [STDERR_REDIRECT] [Fatal Error] :1:1: Premature end of file.
2025-12-09 21:23:29,137 [ERROR] LogOutputStream:75 - [STDERR_REDIRECT] 
2025-12-09 21:23:30,103 [ERROR] LogOutputStream:75 - [STDERR_REDIRECT] [Fatal Error] :1:1: Premature end of file.
2025-12-09 21:23:30,103 [ERROR] LogOutputStream:75 - [STDERR_REDIRECT] 
2025-12-09 21:23:31,103 [ERROR] LogOutputStream:75 - [STDERR_REDIRECT] [Fatal Error] :1:1: Premature end of file.
2025-12-09 21:23:31,103 [ERROR] LogOutputStream:75 - [STDERR_REDIRECT] 
2025-12-09 21:23:32,102 [ERROR] LogOutputStream:75 - [STDERR_REDIRECT] [Fatal Error] :1:1: Premature end of file.
2025-12-09 21:23:32,102 [ERROR] LogOutputStream:75 - [STDERR_REDIRECT] 
2025-12-09 21:23:33,104 [ERROR] LogOutputStream:75 - [STDERR_REDIRECT] [Fatal Error] :1:1: Premature end of file.
2025-12-09 21:23:33,104 [ERROR] LogOutputStream:75 - [STDERR_REDIRECT] 
2025-12-09 21:23:34,101 [ERROR] LogOutputStream:75 - [STDERR_REDIRECT] [Fatal Error] :1:1: Premature end of file.
2025-12-09 21:23:34,101 [ERROR] LogOutputStream:75 - [STDERR_REDIRECT] 
2025-12-09 21:23:35,103 [ERROR] LogOutputStream:75 - [STDERR_REDIRECT] [Fatal Error] :1:1: Premature end of file.
2025-12-09 21:23:35,103 [ERROR] LogOutputStream:75 - [STDERR_REDIRECT] 
2025-12-09 21:23:36,136 [ERROR] LogOutputStream:75 - [STDERR_REDIRECT] [Fatal Error] :1:1: Premature end of file.
2025-12-09 21:23:36,136 [ERROR] LogOutputStream:75 - [STDERR_REDIRECT] 
2025-12-09 21:23:37,104 [ERROR] LogOutputStream:75 - [STDERR_REDIRECT] [Fatal Error] :1:1: Premature end of file.
2025-12-09 21:23:37,104 [ERROR] LogOutputStream:75 - [STDERR_REDIRECT] 
2025-12-09 21:23:38,102 [ERROR] LogOutputStream:75 - [STDERR_REDIRECT] [Fatal Error] :1:1: Premature end of file.
2025-12-09 21:23:38,103 [ERROR] LogOutputStream:75 - [STDERR_REDIRECT] 
2025-12-09 21:23:39,105 [ERROR] LogOutputStream:75 - [STDERR_REDIRECT] [Fatal Error] :1:1: Premature end of file.
2025-12-09 21:23:39,105 [ERROR] LogOutputStream:75 - [STDERR_REDIRECT] 
2025-12-09 21:23:40,104 [ERROR] LogOutputStream:75 - [STDERR_REDIRECT] [Fatal Error] :1:1: Premature end of file.
2025-12-09 21:23:40,104 [ERROR] LogOutputStream:75 - [STDERR_REDIRECT] 
2025-12-09 21:23:41,105 [ERROR] LogOutputStream:75 - [STDERR_REDIRECT] [Fatal Error] :1:1: Premature end of file.
2025-12-09 21:23:41,105 [ERROR] LogOutputStream:75 - [STDERR_REDIRECT] 
2025-12-09 21:23:42,103 [ERROR] LogOutputStream:75 - [STDERR_REDIRECT] [Fatal Error] :1:1: Premature end of file.
2025-12-09 21:23:42,103 [ERROR] LogOutputStream:75 - [STDERR_REDIRECT] 
2025-12-09 21:23:43,104 [ERROR] LogOutputStream:75 - [STDERR_REDIRECT] [Fatal Error] :1:1: Premature end of file.
2025-12-09 21:23:43,104 [ERROR] LogOutputStream:75 - [STDERR_REDIRECT] 
2025-12-09 21:23:44,103 [ERROR] LogOutputStream:75 - [STDERR_REDIRECT] [Fatal Error] :1:1: Premature end of file.
2025-12-09 21:23:44,103 [ERROR] LogOutputStream:75 - [STDERR_REDIRECT] 
2025-12-09 21:23:45,102 [ERROR] LogOutputStream:75 - [STDERR_REDIRECT] [Fatal Error] :1:1: Premature end of file.
2025-12-09 21:23:45,102 [ERROR] LogOutputStream:75 - [STDERR_REDIRECT] 
2025-12-09 21:23:46,102 [ERROR] LogOutputStream:75 - [STDERR_REDIRECT] [Fatal Error] :1:1: Premature end of file.
2025-12-09 21:23:46,102 [ERROR] LogOutputStream:75 - [STDERR_REDIRECT] 
2025-12-09 21:23:47,103 [ERROR] LogOutputStream:75 - [STDERR_REDIRECT] [Fatal Error] :1:1: Premature end of file.
2025-12-09 21:23:47,103 [ERROR] LogOutputStream:75 - [STDERR_REDIRECT] 
2025-12-09 21:23:48,104 [ERROR] LogOutputStream:75 - [STDERR_REDIRECT] [Fatal Error] :1:1: Premature end of file.
2025-12-09 21:23:48,104 [ERROR] LogOutputStream:75 - [STDERR_REDIRECT] 
2025-12-09 21:23:49,102 [ERROR] LogOutputStream:75 - [STDERR_REDIRECT] [Fatal Error] :1:1: Premature end of file.
2025-12-09 21:23:49,103 [ERROR] LogOutputStream:75 - [STDERR_REDIRECT] 
2025-12-09 21:23:50,104 [ERROR] LogOutputStream:75 - [STDERR_REDIRECT] [Fatal Error] :1:1: Premature end of file.
2025-12-09 21:23:50,104 [ERROR] LogOutputStream:75 - [STDERR_REDIRECT] 
2025-12-09 21:23:51,102 [ERROR] LogOutputStream:75 - [STDERR_REDIRECT] [Fatal Error] :1:1: Premature end of file.
2025-12-09 21:23:51,104 [ERROR] LogOutputStream:75 - [STDERR_REDIRECT] 
2025-12-09 21:23:52,103 [ERROR] LogOutputStream:75 - [STDERR_REDIRECT] [Fatal Error] :1:1: Premature end of file.
2025-12-09 21:23:52,103 [ERROR] LogOutputStream:75 - [STDERR_REDIRECT] 
2025-12-09 21:23:53,103 [ERROR] LogOutputStream:75 - [STDERR_REDIRECT] [Fatal Error] :1:1: Premature end of file.
2025-12-09 21:23:53,103 [ERROR] LogOutputStream:75 - [STDERR_REDIRECT] 
2025-12-09 21:23:54,104 [ERROR] LogOutputStream:75 - [STDERR_REDIRECT] [Fatal Error] :1:1: Premature end of file.
2025-12-09 21:23:54,104 [ERROR] LogOutputStream:75 - [STDERR_REDIRECT] 
2025-12-09 21:23:55,105 [ERROR] LogOutputStream:75 - [STDERR_REDIRECT] [Fatal Error] :1:1: Premature end of file.
2025-12-09 21:23:55,105 [ERROR] LogOutputStream:75 - [STDERR_REDIRECT] 
2025-12-09 21:23:56,129 [ERROR] LogOutputStream:75 - [STDERR_REDIRECT] [Fatal Error] :1:1: Premature end of file.
2025-12-09 21:23:56,129 [ERROR] LogOutputStream:75 - [STDERR_REDIRECT] 
2025-12-09 21:23:57,132 [ERROR] LogOutputStream:75 - [STDERR_REDIRECT] [Fatal Error] :1:1: Premature end of file.
2025-12-09 21:23:57,132 [ERROR] LogOutputStream:75 - [STDERR_REDIRECT] 
2025-12-09 21:23:58,105 [ERROR] LogOutputStream:75 - [STDERR_REDIRECT] [Fatal Error] :1:1: Premature end of file.
2025-12-09 21:23:58,105 [ERROR] LogOutputStream:75 - [STDERR_REDIRECT] 
2025-12-09 21:23:59,103 [ERROR] LogOutputStream:75 - [STDERR_REDIRECT] [Fatal Error] :1:1: Premature end of file.
2025-12-09 21:23:59,103 [ERROR] LogOutputStream:75 - [STDERR_REDIRECT] 
2025-12-09 21:24:00,104 [ERROR] LogOutputStream:75 - [STDERR_REDIRECT] [Fatal Error] :1:1: Premature end of file.
2025-12-09 21:24:00,104 [ERROR] LogOutputStream:75 - [STDERR_REDIRECT] 
2025-12-09 21:24:01,103 [ERROR] LogOutputStream:75 - [STDERR_REDIRECT] [Fatal Error] :1:1: Premature end of file.
2025-12-09 21:24:01,103 [ERROR] LogOutputStream:75 - [STDERR_REDIRECT] 
2025-12-09 21:24:02,103 [ERROR] LogOutputStream:75 - [STDERR_REDIRECT] [Fatal Error] :1:1: Premature end of file.
2025-12-09 21:24:02,103 [ERROR] LogOutputStream:75 - [STDERR_REDIRECT] 
2025-12-09 21:24:03,102 [ERROR] LogOutputStream:75 - [STDERR_REDIRECT] [Fatal Error] :1:1: Premature end of file.
2025-12-09 21:24:03,102 [ERROR] LogOutputStream:75 - [STDERR_REDIRECT] 
2025-12-09 21:24:04,102 [ERROR] LogOutputStream:75 - [STDERR_REDIRECT] [Fatal Error] :1:1: Premature end of file.
2025-12-09 21:24:04,102 [ERROR] LogOutputStream:75 - [STDERR_REDIRECT] 
2025-12-09 21:24:05,102 [ERROR] LogOutputStream:75 - [STDERR_REDIRECT] [Fatal Error] :1:1: Premature end of file.
2025-12-09 21:24:05,102 [ERROR] LogOutputStream:75 - [STDERR_REDIRECT] 
2025-12-09 21:24:06,104 [ERROR] LogOutputStream:75 - [STDERR_REDIRECT] [Fatal Error] :1:1: Premature end of file.
2025-12-09 21:24:06,104 [ERROR] LogOutputStream:75 - [STDERR_REDIRECT] 
2025-12-09 21:24:07,108 [ERROR] LogOutputStream:75 - [STDERR_REDIRECT] [Fatal Error] :1:1: Premature end of file.
2025-12-09 21:24:07,108 [ERROR] LogOutputStream:75 - [STDERR_REDIRECT] 
2025-12-09 21:24:08,157 [ERROR] LogOutputStream:75 - [STDERR_REDIRECT] [Fatal Error] :1:1: Premature end of file.
2025-12-09 21:24:08,157 [ERROR] LogOutputStream:75 - [STDERR_REDIRECT] 
2025-12-09 21:24:09,139 [ERROR] LogOutputStream:75 - [STDERR_REDIRECT] [Fatal Error] :1:1: Premature end of file.
2025-12-09 21:24:09,139 [ERROR] LogOutputStream:75 - [STDERR_REDIRECT] 
2025-12-09 21:24:10,102 [ERROR] LogOutputStream:75 - [STDERR_REDIRECT] [Fatal Error] :1:1: Premature end of file.
2025-12-09 21:24:10,102 [ERROR] LogOutputStream:75 - [STDERR_REDIRECT] 
2025-12-09 21:24:11,103 [ERROR] LogOutputStream:75 - [STDERR_REDIRECT] [Fatal Error] :1:1: Premature end of file.
2025-12-09 21:24:11,103 [ERROR] LogOutputStream:75 - [STDERR_REDIRECT] 
2025-12-09 21:24:12,102 [ERROR] LogOutputStream:75 - [STDERR_REDIRECT] [Fatal Error] :1:1: Premature end of file.
2025-12-09 21:24:12,102 [ERROR] LogOutputStream:75 - [STDERR_REDIRECT] 
2025-12-09 21:24:13,103 [ERROR] LogOutputStream:75 - [STDERR_REDIRECT] [Fatal Error] :1:1: Premature end of file.
2025-12-09 21:24:13,103 [ERROR] LogOutputStream:75 - [STDERR_REDIRECT] 
2025-12-09 21:24:14,103 [ERROR] LogOutputStream:75 - [STDERR_REDIRECT] [Fatal Error] :1:1: Premature end of file.
2025-12-09 21:24:14,103 [ERROR] LogOutputStream:75 - [STDERR_REDIRECT] 
2025-12-09 21:24:15,135 [ERROR] LogOutputStream:75 - [STDERR_REDIRECT] [Fatal Error] :1:1: Premature end of file.
2025-12-09 21:24:15,135 [ERROR] LogOutputStream:75 - [STDERR_REDIRECT] 
2025-12-09 21:24:16,139 [ERROR] LogOutputStream:75 - [STDERR_REDIRECT] [Fatal Error] :1:1: Premature end of file.
2025-12-09 21:24:16,139 [ERROR] LogOutputStream:75 - [STDERR_REDIRECT] 
2025-12-09 21:24:17,146 [ERROR] LogOutputStream:75 - [STDERR_REDIRECT] [Fatal Error] :1:1: Premature end of file.
2025-12-09 21:24:17,146 [ERROR] LogOutputStream:75 - [STDERR_REDIRECT] 
2025-12-09 21:24:18,146 [ERROR] LogOutputStream:75 - [STDERR_REDIRECT] [Fatal Error] :1:1: Premature end of file.
2025-12-09 21:24:18,146 [ERROR] LogOutputStream:75 - [STDERR_REDIRECT] 
2025-12-09 21:24:19,142 [ERROR] LogOutputStream:75 - [STDERR_REDIRECT] [Fatal Error] :1:1: Premature end of file.
2025-12-09 21:24:19,142 [ERROR] LogOutputStream:75 - [STDERR_REDIRECT] 
2025-12-09 21:24:20,139 [ERROR] LogOutputStream:75 - [STDERR_REDIRECT] [Fatal Error] :1:1: Premature end of file.
2025-12-09 21:24:20,139 [ERROR] LogOutputStream:75 - [STDERR_REDIRECT] 
2025-12-09 21:24:21,139 [ERROR] LogOutputStream:75 - [STDERR_REDIRECT] [Fatal Error] :1:1: Premature end of file.
2025-12-09 21:24:21,139 [ERROR] LogOutputStream:75 - [STDERR_REDIRECT] 
2025-12-09 21:24:22,166 [ERROR] LogOutputStream:75 - [STDERR_REDIRECT] [Fatal Error] :1:1: Premature end of file.
2025-12-09 21:24:22,166 [ERROR] LogOutputStream:75 - [STDERR_REDIRECT] 
2025-12-09 21:24:23,135 [ERROR] LogOutputStream:75 - [STDERR_REDIRECT] [Fatal Error] :1:1: Premature end of file.
2025-12-09 21:24:23,135 [ERROR] LogOutputStream:75 - [STDERR_REDIRECT] 
2025-12-09 21:24:24,135 [ERROR] LogOutputStream:75 - [STDERR_REDIRECT] [Fatal Error] :1:1: Premature end of file.
2025-12-09 21:24:24,135 [ERROR] LogOutputStream:75 - [STDERR_REDIRECT] 
2025-12-09 21:24:25,138 [ERROR] LogOutputStream:75 - [STDERR_REDIRECT] [Fatal Error] :1:1: Premature end of file.
2025-12-09 21:24:25,138 [ERROR] LogOutputStream:75 - [STDERR_REDIRECT] 
2025-12-09 21:24:26,104 [ERROR] LogOutputStream:75 - [STDERR_REDIRECT] [Fatal Error] :1:1: Premature end of file.
2025-12-09 21:24:26,104 [ERROR] LogOutputStream:75 - [STDERR_REDIRECT] 
2025-12-09 21:24:27,132 [ERROR] LogOutputStream:75 - [STDERR_REDIRECT] [Fatal Error] :1:1: Premature end of file.
2025-12-09 21:24:27,132 [ERROR] LogOutputStream:75 - [STDERR_REDIRECT] 
2025-12-09 21:24:28,139 [ERROR] LogOutputStream:75 - [STDERR_REDIRECT] [Fatal Error] :1:1: Premature end of file.
2025-12-09 21:24:28,139 [ERROR] LogOutputStream:75 - [STDERR_REDIRECT] 
2025-12-09 21:24:29,139 [ERROR] LogOutputStream:75 - [STDERR_REDIRECT] [Fatal Error] :1:1: Premature end of file.
2025-12-09 21:24:29,139 [ERROR] LogOutputStream:75 - [STDERR_REDIRECT] 
2025-12-09 21:24:30,152 [ERROR] LogOutputStream:75 - [STDERR_REDIRECT] [Fatal Error] :1:1: Premature end of file.
2025-12-09 21:24:30,154 [ERROR] LogOutputStream:75 - [STDERR_REDIRECT] 
2025-12-09 21:24:31,145 [ERROR] LogOutputStream:75 - [STDERR_REDIRECT] [Fatal Error] :1:1: Premature end of file.
2025-12-09 21:24:31,145 [ERROR] LogOutputStream:75 - [STDERR_REDIRECT] 
2025-12-09 21:24:32,154 [ERROR] LogOutputStream:75 - [STDERR_REDIRECT] [Fatal Error] :1:1: Premature end of file.
2025-12-09 21:24:32,154 [ERROR] LogOutputStream:75 - [STDERR_REDIRECT] 
2025-12-09 21:24:33,129 [ERROR] LogOutputStream:75 - [STDERR_REDIRECT] [Fatal Error] :1:1: Premature end of file.
2025-12-09 21:24:33,129 [ERROR] LogOutputStream:75 - [STDERR_REDIRECT] 
2025-12-09 21:24:34,139 [ERROR] LogOutputStream:75 - [STDERR_REDIRECT] [Fatal Error] :1:1: Premature end of file.
2025-12-09 21:24:34,139 [ERROR] LogOutputStream:75 - [STDERR_REDIRECT] 
2025-12-09 21:24:35,142 [ERROR] LogOutputStream:75 - [STDERR_REDIRECT] [Fatal Error] :1:1: Premature end of file.
2025-12-09 21:24:35,142 [ERROR] LogOutputStream:75 - [STDERR_REDIRECT] 
2025-12-09 21:24:36,159 [ERROR] LogOutputStream:75 - [STDERR_REDIRECT] [Fatal Error] :1:1: Premature end of file.
2025-12-09 21:24:36,159 [ERROR] LogOutputStream:75 - [STDERR_REDIRECT] 
2025-12-09 21:24:37,143 [ERROR] LogOutputStream:75 - [STDERR_REDIRECT] [Fatal Error] :1:1: Premature end of file.
2025-12-09 21:24:37,143 [ERROR] LogOutputStream:75 - [STDERR_REDIRECT] 
2025-12-09 21:24:38,139 [ERROR] LogOutputStream:75 - [STDERR_REDIRECT] [Fatal Error] :1:1: Premature end of file.
2025-12-09 21:24:38,139 [ERROR] LogOutputStream:75 - [STDERR_REDIRECT] 
2025-12-09 21:24:39,129 [ERROR] LogOutputStream:75 - [STDERR_REDIRECT] [Fatal Error] :1:1: Premature end of file.
2025-12-09 21:24:39,129 [ERROR] LogOutputStream:75 - [STDERR_REDIRECT] 
2025-12-09 21:24:40,102 [ERROR] LogOutputStream:75 - [STDERR_REDIRECT] [Fatal Error] :1:1: Premature end of file.
2025-12-09 21:24:40,102 [ERROR] LogOutputStream:75 - [STDERR_REDIRECT] 
2025-12-09 21:24:41,105 [ERROR] LogOutputStream:75 - [STDERR_REDIRECT] [Fatal Error] :1:1: Premature end of file.
2025-12-09 21:24:41,105 [ERROR] LogOutputStream:75 - [STDERR_REDIRECT] 
2025-12-09 21:24:42,102 [ERROR] LogOutputStream:75 - [STDERR_REDIRECT] [Fatal Error] :1:1: Premature end of file.
2025-12-09 21:24:42,102 [ERROR] LogOutputStream:75 - [STDERR_REDIRECT] 
2025-12-09 21:24:43,102 [ERROR] LogOutputStream:75 - [STDERR_REDIRECT] [Fatal Error] :1:1: Premature end of file.
2025-12-09 21:24:43,102 [ERROR] LogOutputStream:75 - [STDERR_REDIRECT] 
2025-12-09 21:24:44,103 [ERROR] LogOutputStream:75 - [STDERR_REDIRECT] [Fatal Error] :1:1: Premature end of file.
2025-12-09 21:24:44,103 [ERROR] LogOutputStream:75 - [STDERR_REDIRECT] 
2025-12-09 21:24:45,131 [ERROR] LogOutputStream:75 - [STDERR_REDIRECT] [Fatal Error] :1:1: Premature end of file.
2025-12-09 21:24:45,133 [ERROR] LogOutputStream:75 - [STDERR_REDIRECT] 
2025-12-09 21:24:46,127 [ERROR] LogOutputStream:75 - [STDERR_REDIRECT] [Fatal Error] :1:1: Premature end of file.
2025-12-09 21:24:46,127 [ERROR] LogOutputStream:75 - [STDERR_REDIRECT] 
2025-12-09 21:24:47,139 [ERROR] LogOutputStream:75 - [STDERR_REDIRECT] [Fatal Error] :1:1: Premature end of file.
2025-12-09 21:24:47,139 [ERROR] LogOutputStream:75 - [STDERR_REDIRECT] 
2025-12-09 21:24:48,131 [ERROR] LogOutputStream:75 - [STDERR_REDIRECT] [Fatal Error] :1:1: Premature end of file.
2025-12-09 21:24:48,131 [ERROR] LogOutputStream:75 - [STDERR_REDIRECT] 
2025-12-09 21:24:49,152 [ERROR] LogOutputStream:75 - [STDERR_REDIRECT] [Fatal Error] :1:1: Premature end of file.
2025-12-09 21:24:49,152 [ERROR] LogOutputStream:75 - [STDERR_REDIRECT] 
2025-12-09 21:24:50,139 [ERROR] LogOutputStream:75 - [STDERR_REDIRECT] [Fatal Error] :1:1: Premature end of file.
2025-12-09 21:24:50,139 [ERROR] LogOutputStream:75 - [STDERR_REDIRECT] 
2025-12-09 21:24:51,140 [ERROR] LogOutputStream:75 - [STDERR_REDIRECT] [Fatal Error] :1:1: Premature end of file.
2025-12-09 21:24:51,140 [ERROR] LogOutputStream:75 - [STDERR_REDIRECT] 
2025-12-09 21:24:52,147 [ERROR] LogOutputStream:75 - [STDERR_REDIRECT] [Fatal Error] :1:1: Premature end of file.
2025-12-09 21:24:52,147 [ERROR] LogOutputStream:75 - [STDERR_REDIRECT] 
2025-12-09 21:24:53,148 [ERROR] LogOutputStream:75 - [STDERR_REDIRECT] [Fatal Error] :1:1: Premature end of file.
2025-12-09 21:24:53,148 [ERROR] LogOutputStream:75 - [STDERR_REDIRECT] 
2025-12-09 21:24:54,144 [ERROR] LogOutputStream:75 - [STDERR_REDIRECT] [Fatal Error] :1:1: Premature end of file.
2025-12-09 21:24:54,144 [ERROR] LogOutputStream:75 - [STDERR_REDIRECT] 
2025-12-09 21:24:55,129 [ERROR] LogOutputStream:75 - [STDERR_REDIRECT] [Fatal Error] :1:1: Premature end of file.
2025-12-09 21:24:55,129 [ERROR] LogOutputStream:75 - [STDERR_REDIRECT] 
2025-12-09 21:24:56,138 [ERROR] LogOutputStream:75 - [STDERR_REDIRECT] [Fatal Error] :1:1: Premature end of file.
2025-12-09 21:24:56,138 [ERROR] LogOutputStream:75 - [STDERR_REDIRECT] 
2025-12-09 21:24:57,114 [ERROR] LogOutputStream:75 - [STDERR_REDIRECT] [Fatal Error] :1:1: Premature end of file.
2025-12-09 21:24:57,114 [ERROR] LogOutputStream:75 - [STDERR_REDIRECT] 
2025-12-09 21:24:58,131 [ERROR] LogOutputStream:75 - [STDERR_REDIRECT] [Fatal Error] :1:1: Premature end of file.
2025-12-09 21:24:58,131 [ERROR] LogOutputStream:75 - [STDERR_REDIRECT] 
2025-12-09 21:24:59,148 [ERROR] LogOutputStream:75 - [STDERR_REDIRECT] [Fatal Error] :1:1: Premature end of file.
2025-12-09 21:24:59,149 [ERROR] LogOutputStream:75 - [STDERR_REDIRECT] 
2025-12-09 21:25:00,102 [ERROR] LogOutputStream:75 - [STDERR_REDIRECT] [Fatal Error] :1:1: Premature end of file.
2025-12-09 21:25:00,102 [ERROR] LogOutputStream:75 - [STDERR_REDIRECT] 
2025-12-09 21:25:01,149 [ERROR] LogOutputStream:75 - [STDERR_REDIRECT] [Fatal Error] :1:1: Premature end of file.
2025-12-09 21:25:01,149 [ERROR] LogOutputStream:75 - [STDERR_REDIRECT] 
2025-12-09 21:25:02,144 [ERROR] LogOutputStream:75 - [STDERR_REDIRECT] [Fatal Error] :1:1: Premature end of file.
2025-12-09 21:25:02,144 [ERROR] LogOutputStream:75 - [STDERR_REDIRECT] 
2025-12-09 21:25:03,137 [ERROR] LogOutputStream:75 - [STDERR_REDIRECT] [Fatal Error] :1:1: Premature end of file.
2025-12-09 21:25:03,137 [ERROR] LogOutputStream:75 - [STDERR_REDIRECT] 
2025-12-09 21:25:04,135 [ERROR] LogOutputStream:75 - [STDERR_REDIRECT] [Fatal Error] :1:1: Premature end of file.
2025-12-09 21:25:04,135 [ERROR] LogOutputStream:75 - [STDERR_REDIRECT] 
2025-12-09 21:25:05,126 [ERROR] LogOutputStream:75 - [STDERR_REDIRECT] [Fatal Error] :1:1: Premature end of file.
2025-12-09 21:25:05,126 [ERROR] LogOutputStream:75 - [STDERR_REDIRECT] 
2025-12-09 21:25:06,147 [ERROR] LogOutputStream:75 - [STDERR_REDIRECT] [Fatal Error] :1:1: Premature end of file.
2025-12-09 21:25:06,147 [ERROR] LogOutputStream:75 - [STDERR_REDIRECT] 
2025-12-09 21:25:07,140 [ERROR] LogOutputStream:75 - [STDERR_REDIRECT] [Fatal Error] :1:1: Premature end of file.
2025-12-09 21:25:07,140 [ERROR] LogOutputStream:75 - [STDERR_REDIRECT] 
2025-12-09 21:25:08,142 [ERROR] LogOutputStream:75 - [STDERR_REDIRECT] [Fatal Error] :1:1: Premature end of file.
2025-12-09 21:25:08,142 [ERROR] LogOutputStream:75 - [STDERR_REDIRECT] 
2025-12-09 21:25:09,129 [ERROR] LogOutputStream:75 - [STDERR_REDIRECT] [Fatal Error] :1:1: Premature end of file.
2025-12-09 21:25:09,129 [ERROR] LogOutputStream:75 - [STDERR_REDIRECT] 
2025-12-09 21:25:10,104 [ERROR] LogOutputStream:75 - [STDERR_REDIRECT] [Fatal Error] :1:1: Premature end of file.
2025-12-09 21:25:10,104 [ERROR] LogOutputStream:75 - [STDERR_REDIRECT] 
2025-12-09 21:25:11,104 [ERROR] LogOutputStream:75 - [STDERR_REDIRECT] [Fatal Error] :1:1: Premature end of file.
2025-12-09 21:25:11,104 [ERROR] LogOutputStream:75 - [STDERR_REDIRECT] 
2025-12-09 21:25:12,104 [ERROR] LogOutputStream:75 - [STDERR_REDIRECT] [Fatal Error] :1:1: Premature end of file.
2025-12-09 21:25:12,104 [ERROR] LogOutputStream:75 - [STDERR_REDIRECT] 
2025-12-09 21:25:13,104 [ERROR] LogOutputStream:75 - [STDERR_REDIRECT] [Fatal Error] :1:1: Premature end of file.
2025-12-09 21:25:13,104 [ERROR] LogOutputStream:75 - [STDERR_REDIRECT] 
2025-12-09 21:25:14,103 [ERROR] LogOutputStream:75 - [STDERR_REDIRECT] [Fatal Error] :1:1: Premature end of file.
2025-12-09 21:25:14,103 [ERROR] LogOutputStream:75 - [STDERR_REDIRECT] 
2025-12-09 21:25:15,134 [ERROR] LogOutputStream:75 - [STDERR_REDIRECT] [Fatal Error] :1:1: Premature end of file.
2025-12-09 21:25:15,134 [ERROR] LogOutputStream:75 - [STDERR_REDIRECT] 
2025-12-09 21:25:16,127 [ERROR] LogOutputStream:75 - [STDERR_REDIRECT] [Fatal Error] :1:1: Premature end of file.
2025-12-09 21:25:16,127 [ERROR] LogOutputStream:75 - [STDERR_REDIRECT] 
2025-12-09 21:25:17,136 [ERROR] LogOutputStream:75 - [STDERR_REDIRECT] [Fatal Error] :1:1: Premature end of file.
2025-12-09 21:25:17,136 [ERROR] LogOutputStream:75 - [STDERR_REDIRECT] 
2025-12-09 21:25:18,128 [ERROR] LogOutputStream:75 - [STDERR_REDIRECT] [Fatal Error] :1:1: Premature end of file.
2025-12-09 21:25:18,128 [ERROR] LogOutputStream:75 - [STDERR_REDIRECT] 
2025-12-09 21:25:19,143 [ERROR] LogOutputStream:75 - [STDERR_REDIRECT] [Fatal Error] :1:1: Premature end of file.
2025-12-09 21:25:19,143 [ERROR] LogOutputStream:75 - [STDERR_REDIRECT] 
2025-12-09 21:25:20,154 [ERROR] LogOutputStream:75 - [STDERR_REDIRECT] [Fatal Error] :1:1: Premature end of file.
2025-12-09 21:25:20,154 [ERROR] LogOutputStream:75 - [STDERR_REDIRECT] 
2025-12-09 21:25:21,127 [ERROR] LogOutputStream:75 - [STDERR_REDIRECT] [Fatal Error] :1:1: Premature end of file.
2025-12-09 21:25:21,127 [ERROR] LogOutputStream:75 - [STDERR_REDIRECT] 
2025-12-09 21:25:22,133 [ERROR] LogOutputStream:75 - [STDERR_REDIRECT] [Fatal Error] :1:1: Premature end of file.
2025-12-09 21:25:22,133 [ERROR] LogOutputStream:75 - [STDERR_REDIRECT] 
2025-12-09 21:25:23,145 [ERROR] LogOutputStream:75 - [STDERR_REDIRECT] [Fatal Error] :1:1: Premature end of file.
2025-12-09 21:25:23,145 [ERROR] LogOutputStream:75 - [STDERR_REDIRECT] 
2025-12-09 21:25:24,153 [ERROR] LogOutputStream:75 - [STDERR_REDIRECT] [Fatal Error] :1:1: Premature end of file.
2025-12-09 21:25:24,153 [ERROR] LogOutputStream:75 - [STDERR_REDIRECT] 
2025-12-09 21:25:25,145 [ERROR] LogOutputStream:75 - [STDERR_REDIRECT] [Fatal Error] :1:1: Premature end of file.
2025-12-09 21:25:25,145 [ERROR] LogOutputStream:75 - [STDERR_REDIRECT] 
2025-12-09 21:25:26,141 [ERROR] LogOutputStream:75 - [STDERR_REDIRECT] [Fatal Error] :1:1: Premature end of file.
2025-12-09 21:25:26,141 [ERROR] LogOutputStream:75 - [STDERR_REDIRECT] 
2025-12-09 21:25:27,141 [ERROR] LogOutputStream:75 - [STDERR_REDIRECT] [Fatal Error] :1:1: Premature end of file.
2025-12-09 21:25:27,141 [ERROR] LogOutputStream:75 - [STDERR_REDIRECT] 
2025-12-09 21:25:28,115 [ERROR] LogOutputStream:75 - [STDERR_REDIRECT] [Fatal Error] :1:1: Premature end of file.
2025-12-09 21:25:28,115 [ERROR] LogOutputStream:75 - [STDERR_REDIRECT] 
2025-12-09 21:25:29,137 [ERROR] LogOutputStream:75 - [STDERR_REDIRECT] [Fatal Error] :1:1: Premature end of file.
2025-12-09 21:25:29,137 [ERROR] LogOutputStream:75 - [STDERR_REDIRECT] 
2025-12-09 21:25:30,162 [ERROR] LogOutputStream:75 - [STDERR_REDIRECT] [Fatal Error] :1:1: Premature end of file.
2025-12-09 21:25:30,162 [ERROR] LogOutputStream:75 - [STDERR_REDIRECT] 
2025-12-09 21:25:31,135 [ERROR] LogOutputStream:75 - [STDERR_REDIRECT] [Fatal Error] :1:1: Premature end of file.
2025-12-09 21:25:31,135 [ERROR] LogOutputStream:75 - [STDERR_REDIRECT] 
2025-12-09 21:25:32,136 [ERROR] LogOutputStream:75 - [STDERR_REDIRECT] [Fatal Error] :1:1: Premature end of file.
2025-12-09 21:25:32,136 [ERROR] LogOutputStream:75 - [STDERR_REDIRECT] 
2025-12-09 21:25:33,135 [ERROR] LogOutputStream:75 - [STDERR_REDIRECT] [Fatal Error] :1:1: Premature end of file.
2025-12-09 21:25:33,135 [ERROR] LogOutputStream:75 - [STDERR_REDIRECT] 
2025-12-09 21:25:34,137 [ERROR] LogOutputStream:75 - [STDERR_REDIRECT] [Fatal Error] :1:1: Premature end of file.
2025-12-09 21:25:34,137 [ERROR] LogOutputStream:75 - [STDERR_REDIRECT] 
2025-12-09 21:25:35,137 [ERROR] LogOutputStream:75 - [STDERR_REDIRECT] [Fatal Error] :1:1: Premature end of file.
2025-12-09 21:25:35,137 [ERROR] LogOutputStream:75 - [STDERR_REDIRECT] 
2025-12-09 21:25:36,131 [ERROR] LogOutputStream:75 - [STDERR_REDIRECT] [Fatal Error] :1:1: Premature end of file.
2025-12-09 21:25:36,132 [ERROR] LogOutputStream:75 - [STDERR_REDIRECT] 
2025-12-09 21:25:37,130 [ERROR] LogOutputStream:75 - [STDERR_REDIRECT] [Fatal Error] :1:1: Premature end of file.
2025-12-09 21:25:37,130 [ERROR] LogOutputStream:75 - [STDERR_REDIRECT] 
2025-12-09 21:25:38,139 [ERROR] LogOutputStream:75 - [STDERR_REDIRECT] [Fatal Error] :1:1: Premature end of file.
2025-12-09 21:25:38,139 [ERROR] LogOutputStream:75 - [STDERR_REDIRECT] 
2025-12-09 21:25:39,140 [ERROR] LogOutputStream:75 - [STDERR_REDIRECT] [Fatal Error] :1:1: Premature end of file.
2025-12-09 21:25:39,140 [ERROR] LogOutputStream:75 - [STDERR_REDIRECT] 
2025-12-09 21:25:40,103 [ERROR] LogOutputStream:75 - [STDERR_REDIRECT] [Fatal Error] :1:1: Premature end of file.
2025-12-09 21:25:40,103 [ERROR] LogOutputStream:75 - [STDERR_REDIRECT] 
2025-12-09 21:25:41,101 [ERROR] LogOutputStream:75 - [STDERR_REDIRECT] [Fatal Error] :1:1: Premature end of file.
2025-12-09 21:25:41,101 [ERROR] LogOutputStream:75 - [STDERR_REDIRECT] 
2025-12-09 21:25:42,102 [ERROR] LogOutputStream:75 - [STDERR_REDIRECT] [Fatal Error] :1:1: Premature end of file.
2025-12-09 21:25:42,102 [ERROR] LogOutputStream:75 - [STDERR_REDIRECT] 
2025-12-09 21:25:43,103 [ERROR] LogOutputStream:75 - [STDERR_REDIRECT] [Fatal Error] :1:1: Premature end of file.
2025-12-09 21:25:43,103 [ERROR] LogOutputStream:75 - [STDERR_REDIRECT] 
2025-12-09 21:25:44,104 [ERROR] LogOutputStream:75 - [STDERR_REDIRECT] [Fatal Error] :1:1: Premature end of file.
2025-12-09 21:25:44,104 [ERROR] LogOutputStream:75 - [STDERR_REDIRECT] 
2025-12-09 21:25:45,130 [ERROR] LogOutputStream:75 - [STDERR_REDIRECT] [Fatal Error] :1:1: Premature end of file.
2025-12-09 21:25:45,130 [ERROR] LogOutputStream:75 - [STDERR_REDIRECT] 
2025-12-09 21:25:46,134 [ERROR] LogOutputStream:75 - [STDERR_REDIRECT] [Fatal Error] :1:1: Premature end of file.
2025-12-09 21:25:46,134 [ERROR] LogOutputStream:75 - [STDERR_REDIRECT] 
2025-12-09 21:25:47,142 [ERROR] LogOutputStream:75 - [STDERR_REDIRECT] [Fatal Error] :1:1: Premature end of file.
2025-12-09 21:25:47,142 [ERROR] LogOutputStream:75 - [STDERR_REDIRECT] 
2025-12-09 21:25:48,157 [ERROR] LogOutputStream:75 - [STDERR_REDIRECT] [Fatal Error] :1:1: Premature end of file.
2025-12-09 21:25:48,158 [ERROR] LogOutputStream:75 - [STDERR_REDIRECT] 
2025-12-09 21:25:49,139 [ERROR] LogOutputStream:75 - [STDERR_REDIRECT] [Fatal Error] :1:1: Premature end of file.
2025-12-09 21:25:49,139 [ERROR] LogOutputStream:75 - [STDERR_REDIRECT] 
2025-12-09 21:25:50,142 [ERROR] LogOutputStream:75 - [STDERR_REDIRECT] [Fatal Error] :1:1: Premature end of file.
2025-12-09 21:25:50,142 [ERROR] LogOutputStream:75 - [STDERR_REDIRECT] 
2025-12-09 21:25:51,143 [ERROR] LogOutputStream:75 - [STDERR_REDIRECT] [Fatal Error] :1:1: Premature end of file.
2025-12-09 21:25:51,143 [ERROR] LogOutputStream:75 - [STDERR_REDIRECT] 
2025-12-09 21:25:52,146 [ERROR] LogOutputStream:75 - [STDERR_REDIRECT] [Fatal Error] :1:1: Premature end of file.
2025-12-09 21:25:52,146 [ERROR] LogOutputStream:75 - [STDERR_REDIRECT] 
2025-12-09 21:25:53,138 [ERROR] LogOutputStream:75 - [STDERR_REDIRECT] [Fatal Error] :1:1: Premature end of file.
2025-12-09 21:25:53,138 [ERROR] LogOutputStream:75 - [STDERR_REDIRECT] 
2025-12-09 21:25:54,134 [ERROR] LogOutputStream:75 - [STDERR_REDIRECT] [Fatal Error] :1:1: Premature end of file.
2025-12-09 21:25:54,134 [ERROR] LogOutputStream:75 - [STDERR_REDIRECT] 
2025-12-09 21:25:55,136 [ERROR] LogOutputStream:75 - [STDERR_REDIRECT] [Fatal Error] :1:1: Premature end of file.
2025-12-09 21:25:55,136 [ERROR] LogOutputStream:75 - [STDERR_REDIRECT] 
2025-12-09 21:25:56,103 [ERROR] LogOutputStream:75 - [STDERR_REDIRECT] [Fatal Error] :1:1: Premature end of file.
2025-12-09 21:25:56,103 [ERROR] LogOutputStream:75 - [STDERR_REDIRECT] 
2025-12-09 21:25:57,101 [ERROR] LogOutputStream:75 - [STDERR_REDIRECT] [Fatal Error] :1:1: Premature end of file.
2025-12-09 21:25:57,101 [ERROR] LogOutputStream:75 - [STDERR_REDIRECT] 
2025-12-09 21:25:58,104 [ERROR] LogOutputStream:75 - [STDERR_REDIRECT] [Fatal Error] :1:1: Premature end of file.
2025-12-09 21:25:58,104 [ERROR] LogOutputStream:75 - [STDERR_REDIRECT] 
2025-12-09 21:25:59,134 [ERROR] LogOutputStream:75 - [STDERR_REDIRECT] [Fatal Error] :1:1: Premature end of file.
2025-12-09 21:25:59,134 [ERROR] LogOutputStream:75 - [STDERR_REDIRECT] 
2025-12-09 21:26:00,097 [ERROR] LogOutputStream:75 - [STDERR_REDIRECT] [Fatal Error] :1:1: Premature end of file.
2025-12-09 21:26:00,098 [ERROR] LogOutputStream:75 - [STDERR_REDIRECT] 
2025-12-09 21:26:00,252 [INFO] WebApp:403 - JxBrowser engine has been closed 
2025-12-09 21:26:01,097 [ERROR] LogOutputStream:75 - [STDERR_REDIRECT] [Fatal Error] :1:1: Premature end of file.
2025-12-09 21:26:01,097 [ERROR] LogOutputStream:75 - [STDERR_REDIRECT] 
2025-12-09 21:26:02,097 [ERROR] LogOutputStream:75 - [STDERR_REDIRECT] [Fatal Error] :1:1: Premature end of file.
2025-12-09 21:26:02,097 [ERROR] LogOutputStream:75 - [STDERR_REDIRECT] 
2025-12-09 21:26:03,095 [ERROR] LogOutputStream:75 - [STDERR_REDIRECT] [Fatal Error] :1:1: Premature end of file.
2025-12-09 21:26:03,095 [ERROR] LogOutputStream:75 - [STDERR_REDIRECT] 
2025-12-09 21:26:04,095 [ERROR] LogOutputStream:75 - [STDERR_REDIRECT] [Fatal Error] :1:1: Premature end of file.
2025-12-09 21:26:04,095 [ERROR] LogOutputStream:75 - [STDERR_REDIRECT] 
2025-12-09 21:26:05,097 [ERROR] LogOutputStream:75 - [STDERR_REDIRECT] [Fatal Error] :1:1: Premature end of file.
2025-12-09 21:26:05,097 [ERROR] LogOutputStream:75 - [STDERR_REDIRECT] 
2025-12-09 21:26:06,096 [ERROR] LogOutputStream:75 - [STDERR_REDIRECT] [Fatal Error] :1:1: Premature end of file.
2025-12-09 21:26:06,096 [ERROR] LogOutputStream:75 - [STDERR_REDIRECT] 
2025-12-09 21:26:07,094 [ERROR] LogOutputStream:75 - [STDERR_REDIRECT] [Fatal Error] :1:1: Premature end of file.
2025-12-09 21:26:07,094 [ERROR] LogOutputStream:75 - [STDERR_REDIRECT] 
2025-12-09 21:26:08,096 [ERROR] LogOutputStream:75 - [STDERR_REDIRECT] [Fatal Error] :1:1: Premature end of file.
2025-12-09 21:26:08,096 [ERROR] LogOutputStream:75 - [STDERR_REDIRECT] 
2025-12-09 21:26:09,096 [ERROR] LogOutputStream:75 - [STDERR_REDIRECT] [Fatal Error] :1:1: Premature end of file.
2025-12-09 21:26:09,096 [ERROR] LogOutputStream:75 - [STDERR_REDIRECT] 
2025-12-09 21:26:10,096 [ERROR] LogOutputStream:75 - [STDERR_REDIRECT] [Fatal Error] :1:1: Premature end of file.
2025-12-09 21:26:10,096 [ERROR] LogOutputStream:75 - [STDERR_REDIRECT] 
2025-12-09 21:26:11,096 [ERROR] LogOutputStream:75 - [STDERR_REDIRECT] [Fatal Error] :1:1: Premature end of file.
2025-12-09 21:26:11,096 [ERROR] LogOutputStream:75 - [STDERR_REDIRECT] 
2025-12-09 21:26:12,096 [ERROR] LogOutputStream:75 - [STDERR_REDIRECT] [Fatal Error] :1:1: Premature end of file.
2025-12-09 21:26:12,097 [ERROR] LogOutputStream:75 - [STDERR_REDIRECT] 
2025-12-09 21:26:13,097 [ERROR] LogOutputStream:75 - [STDERR_REDIRECT] [Fatal Error] :1:1: Premature end of file.
2025-12-09 21:26:13,097 [ERROR] LogOutputStream:75 - [STDERR_REDIRECT] 
2025-12-09 21:26:14,097 [ERROR] LogOutputStream:75 - [STDERR_REDIRECT] [Fatal Error] :1:1: Premature end of file.
2025-12-09 21:26:14,097 [ERROR] LogOutputStream:75 - [STDERR_REDIRECT] 
2025-12-09 21:26:15,096 [ERROR] LogOutputStream:75 - [STDERR_REDIRECT] [Fatal Error] :1:1: Premature end of file.
2025-12-09 21:26:15,096 [ERROR] LogOutputStream:75 - [STDERR_REDIRECT] 
2025-12-09 21:26:16,095 [ERROR] LogOutputStream:75 - [STDERR_REDIRECT] [Fatal Error] :1:1: Premature end of file.
2025-12-09 21:26:16,095 [ERROR] LogOutputStream:75 - [STDERR_REDIRECT] 
2025-12-09 21:26:17,096 [ERROR] LogOutputStream:75 - [STDERR_REDIRECT] [Fatal Error] :1:1: Premature end of file.
2025-12-09 21:26:17,096 [ERROR] LogOutputStream:75 - [STDERR_REDIRECT] 
2025-12-09 21:26:18,096 [ERROR] LogOutputStream:75 - [STDERR_REDIRECT] [Fatal Error] :1:1: Premature end of file.
2025-12-09 21:26:18,096 [ERROR] LogOutputStream:75 - [STDERR_REDIRECT] 
2025-12-09 21:26:19,095 [ERROR] LogOutputStream:75 - [STDERR_REDIRECT] [Fatal Error] :1:1: Premature end of file.
2025-12-09 21:26:19,095 [ERROR] LogOutputStream:75 - [STDERR_REDIRECT] 
2025-12-09 21:26:20,095 [ERROR] LogOutputStream:75 - [STDERR_REDIRECT] [Fatal Error] :1:1: Premature end of file.
2025-12-09 21:26:20,095 [ERROR] LogOutputStream:75 - [STDERR_REDIRECT] 
2025-12-09 21:26:21,096 [ERROR] LogOutputStream:75 - [STDERR_REDIRECT] [Fatal Error] :1:1: Premature end of file.
2025-12-09 21:26:21,096 [ERROR] LogOutputStream:75 - [STDERR_REDIRECT] 
2025-12-09 21:26:22,096 [ERROR] LogOutputStream:75 - [STDERR_REDIRECT] [Fatal Error] :1:1: Premature end of file.
2025-12-09 21:26:22,096 [ERROR] LogOutputStream:75 - [STDERR_REDIRECT] 
2025-12-09 21:26:23,095 [ERROR] LogOutputStream:75 - [STDERR_REDIRECT] [Fatal Error] :1:1: Premature end of file.
2025-12-09 21:26:23,095 [ERROR] LogOutputStream:75 - [STDERR_REDIRECT] 
2025-12-09 21:26:24,096 [ERROR] LogOutputStream:75 - [STDERR_REDIRECT] [Fatal Error] :1:1: Premature end of file.
2025-12-09 21:26:24,096 [ERROR] LogOutputStream:75 - [STDERR_REDIRECT] 
2025-12-09 21:26:25,096 [ERROR] LogOutputStream:75 - [STDERR_REDIRECT] [Fatal Error] :1:1: Premature end of file.
2025-12-09 21:26:25,096 [ERROR] LogOutputStream:75 - [STDERR_REDIRECT] 
2025-12-09 21:26:26,095 [ERROR] LogOutputStream:75 - [STDERR_REDIRECT] [Fatal Error] :1:1: Premature end of file.
2025-12-09 21:26:26,095 [ERROR] LogOutputStream:75 - [STDERR_REDIRECT] 
2025-12-09 21:26:27,096 [ERROR] LogOutputStream:75 - [STDERR_REDIRECT] [Fatal Error] :1:1: Premature end of file.
2025-12-09 21:26:27,096 [ERROR] LogOutputStream:75 - [STDERR_REDIRECT] 
2025-12-09 21:26:28,096 [ERROR] LogOutputStream:75 - [STDERR_REDIRECT] [Fatal Error] :1:1: Premature end of file.
2025-12-09 21:26:28,096 [ERROR] LogOutputStream:75 - [STDERR_REDIRECT] 
2025-12-09 21:26:29,097 [ERROR] LogOutputStream:75 - [STDERR_REDIRECT] [Fatal Error] :1:1: Premature end of file.
2025-12-09 21:26:29,097 [ERROR] LogOutputStream:75 - [STDERR_REDIRECT] 
2025-12-09 21:26:30,097 [ERROR] LogOutputStream:75 - [STDERR_REDIRECT] [Fatal Error] :1:1: Premature end of file.
2025-12-09 21:26:30,097 [ERROR] LogOutputStream:75 - [STDERR_REDIRECT] 
2025-12-09 21:26:31,098 [ERROR] LogOutputStream:75 - [STDERR_REDIRECT] [Fatal Error] :1:1: Premature end of file.
2025-12-09 21:26:31,098 [ERROR] LogOutputStream:75 - [STDERR_REDIRECT] 
2025-12-09 21:26:32,096 [ERROR] LogOutputStream:75 - [STDERR_REDIRECT] [Fatal Error] :1:1: Premature end of file.
2025-12-09 21:26:32,096 [ERROR] LogOutputStream:75 - [STDERR_REDIRECT] 
2025-12-09 21:26:33,097 [ERROR] LogOutputStream:75 - [STDERR_REDIRECT] [Fatal Error] :1:1: Premature end of file.
2025-12-09 21:26:33,097 [ERROR] LogOutputStream:75 - [STDERR_REDIRECT] 
2025-12-09 21:26:34,097 [ERROR] LogOutputStream:75 - [STDERR_REDIRECT] [Fatal Error] :1:1: Premature end of file.
2025-12-09 21:26:34,098 [ERROR] LogOutputStream:75 - [STDERR_REDIRECT] 
2025-12-09 21:26:35,096 [ERROR] LogOutputStream:75 - [STDERR_REDIRECT] [Fatal Error] :1:1: Premature end of file.
2025-12-09 21:26:35,096 [ERROR] LogOutputStream:75 - [STDERR_REDIRECT] 
2025-12-09 21:26:36,096 [ERROR] LogOutputStream:75 - [STDERR_REDIRECT] [Fatal Error] :1:1: Premature end of file.
2025-12-09 21:26:36,096 [ERROR] LogOutputStream:75 - [STDERR_REDIRECT] 
2025-12-09 21:26:37,095 [ERROR] LogOutputStream:75 - [STDERR_REDIRECT] [Fatal Error] :1:1: Premature end of file.
2025-12-09 21:26:37,095 [ERROR] LogOutputStream:75 - [STDERR_REDIRECT] 
2025-12-09 21:26:38,095 [ERROR] LogOutputStream:75 - [STDERR_REDIRECT] [Fatal Error] :1:1: Premature end of file.
2025-12-09 21:26:38,095 [ERROR] LogOutputStream:75 - [STDERR_REDIRECT] 
2025-12-09 21:26:39,096 [ERROR] LogOutputStream:75 - [STDERR_REDIRECT] [Fatal Error] :1:1: Premature end of file.
2025-12-09 21:26:39,096 [ERROR] LogOutputStream:75 - [STDERR_REDIRECT] 
2025-12-09 21:26:40,096 [ERROR] LogOutputStream:75 - [STDERR_REDIRECT] [Fatal Error] :1:1: Premature end of file.
2025-12-09 21:26:40,096 [ERROR] LogOutputStream:75 - [STDERR_REDIRECT] 
2025-12-09 21:26:41,096 [ERROR] LogOutputStream:75 - [STDERR_REDIRECT] [Fatal Error] :1:1: Premature end of file.
2025-12-09 21:26:41,096 [ERROR] LogOutputStream:75 - [STDERR_REDIRECT] 
2025-12-09 21:26:42,097 [ERROR] LogOutputStream:75 - [STDERR_REDIRECT] [Fatal Error] :1:1: Premature end of file.
2025-12-09 21:26:42,097 [ERROR] LogOutputStream:75 - [STDERR_REDIRECT] 
2025-12-09 21:26:43,097 [ERROR] LogOutputStream:75 - [STDERR_REDIRECT] [Fatal Error] :1:1: Premature end of file.
2025-12-09 21:26:43,097 [ERROR] LogOutputStream:75 - [STDERR_REDIRECT] 
2025-12-09 21:26:44,096 [ERROR] LogOutputStream:75 - [STDERR_REDIRECT] [Fatal Error] :1:1: Premature end of file.
2025-12-09 21:26:44,096 [ERROR] LogOutputStream:75 - [STDERR_REDIRECT] 
2025-12-09 21:26:45,096 [ERROR] LogOutputStream:75 - [STDERR_REDIRECT] [Fatal Error] :1:1: Premature end of file.
2025-12-09 21:26:45,096 [ERROR] LogOutputStream:75 - [STDERR_REDIRECT] 
2025-12-09 21:26:46,097 [ERROR] LogOutputStream:75 - [STDERR_REDIRECT] [Fatal Error] :1:1: Premature end of file.
2025-12-09 21:26:46,097 [ERROR] LogOutputStream:75 - [STDERR_REDIRECT] 
2025-12-09 21:26:47,095 [ERROR] LogOutputStream:75 - [STDERR_REDIRECT] [Fatal Error] :1:1: Premature end of file.
2025-12-09 21:26:47,095 [ERROR] LogOutputStream:75 - [STDERR_REDIRECT] 
2025-12-09 21:26:48,095 [ERROR] LogOutputStream:75 - [STDERR_REDIRECT] [Fatal Error] :1:1: Premature end of file.
2025-12-09 21:26:48,095 [ERROR] LogOutputStream:75 - [STDERR_REDIRECT] 
2025-12-09 21:26:49,103 [ERROR] LogOutputStream:75 - [STDERR_REDIRECT] [Fatal Error] :1:1: Premature end of file.
2025-12-09 21:26:49,103 [ERROR] LogOutputStream:75 - [STDERR_REDIRECT] 
2025-12-09 21:26:50,095 [ERROR] LogOutputStream:75 - [STDERR_REDIRECT] [Fatal Error] :1:1: Premature end of file.
2025-12-09 21:26:50,095 [ERROR] LogOutputStream:75 - [STDERR_REDIRECT] 
2025-12-09 21:26:51,095 [ERROR] LogOutputStream:75 - [STDERR_REDIRECT] [Fatal Error] :1:1: Premature end of file.
2025-12-09 21:26:51,095 [ERROR] LogOutputStream:75 - [STDERR_REDIRECT] 
2025-12-09 21:26:52,095 [ERROR] LogOutputStream:75 - [STDERR_REDIRECT] [Fatal Error] :1:1: Premature end of file.
2025-12-09 21:26:52,095 [ERROR] LogOutputStream:75 - [STDERR_REDIRECT] 
2025-12-09 21:26:53,095 [ERROR] LogOutputStream:75 - [STDERR_REDIRECT] [Fatal Error] :1:1: Premature end of file.
2025-12-09 21:26:53,095 [ERROR] LogOutputStream:75 - [STDERR_REDIRECT] 
2025-12-09 21:26:54,094 [ERROR] LogOutputStream:75 - [STDERR_REDIRECT] [Fatal Error] :1:1: Premature end of file.
2025-12-09 21:26:54,094 [ERROR] LogOutputStream:75 - [STDERR_REDIRECT] 
2025-12-09 21:26:55,097 [ERROR] LogOutputStream:75 - [STDERR_REDIRECT] [Fatal Error] :1:1: Premature end of file.
2025-12-09 21:26:55,097 [ERROR] LogOutputStream:75 - [STDERR_REDIRECT] 
2025-12-09 21:26:56,095 [ERROR] LogOutputStream:75 - [STDERR_REDIRECT] [Fatal Error] :1:1: Premature end of file.
2025-12-09 21:26:56,095 [ERROR] LogOutputStream:75 - [STDERR_REDIRECT] 
2025-12-09 21:26:57,095 [ERROR] LogOutputStream:75 - [STDERR_REDIRECT] [Fatal Error] :1:1: Premature end of file.
2025-12-09 21:26:57,095 [ERROR] LogOutputStream:75 - [STDERR_REDIRECT] 
2025-12-09 21:26:58,095 [ERROR] LogOutputStream:75 - [STDERR_REDIRECT] [Fatal Error] :1:1: Premature end of file.
2025-12-09 21:26:58,096 [ERROR] LogOutputStream:75 - [STDERR_REDIRECT] 
2025-12-09 21:26:59,095 [ERROR] LogOutputStream:75 - [STDERR_REDIRECT] [Fatal Error] :1:1: Premature end of file.
2025-12-09 21:26:59,095 [ERROR] LogOutputStream:75 - [STDERR_REDIRECT] 
2025-12-09 21:27:00,095 [ERROR] LogOutputStream:75 - [STDERR_REDIRECT] [Fatal Error] :1:1: Premature end of file.
2025-12-09 21:27:00,095 [ERROR] LogOutputStream:75 - [STDERR_REDIRECT] 
2025-12-09 21:27:01,095 [ERROR] LogOutputStream:75 - [STDERR_REDIRECT] [Fatal Error] :1:1: Premature end of file.
2025-12-09 21:27:01,095 [ERROR] LogOutputStream:75 - [STDERR_REDIRECT] 
2025-12-09 21:27:02,095 [ERROR] LogOutputStream:75 - [STDERR_REDIRECT] [Fatal Error] :1:1: Premature end of file.
2025-12-09 21:27:02,096 [ERROR] LogOutputStream:75 - [STDERR_REDIRECT] 
2025-12-09 21:27:03,096 [ERROR] LogOutputStream:75 - [STDERR_REDIRECT] [Fatal Error] :1:1: Premature end of file.
2025-12-09 21:27:03,096 [ERROR] LogOutputStream:75 - [STDERR_REDIRECT] 
2025-12-09 21:27:04,094 [ERROR] LogOutputStream:75 - [STDERR_REDIRECT] [Fatal Error] :1:1: Premature end of file.
2025-12-09 21:27:04,094 [ERROR] LogOutputStream:75 - [STDERR_REDIRECT] 
2025-12-09 21:27:05,103 [ERROR] LogOutputStream:75 - [STDERR_REDIRECT] [Fatal Error] :1:1: Premature end of file.
2025-12-09 21:27:05,103 [ERROR] LogOutputStream:75 - [STDERR_REDIRECT] 
2025-12-09 21:27:06,112 [ERROR] LogOutputStream:75 - [STDERR_REDIRECT] [Fatal Error] :1:1: Premature end of file.
2025-12-09 21:27:06,112 [ERROR] LogOutputStream:75 - [STDERR_REDIRECT] 
2025-12-09 21:27:07,113 [ERROR] LogOutputStream:75 - [STDERR_REDIRECT] [Fatal Error] :1:1: Premature end of file.
2025-12-09 21:27:07,113 [ERROR] LogOutputStream:75 - [STDERR_REDIRECT] 
2025-12-09 21:27:08,114 [ERROR] LogOutputStream:75 - [STDERR_REDIRECT] [Fatal Error] :1:1: Premature end of file.
2025-12-09 21:27:08,114 [ERROR] LogOutputStream:75 - [STDERR_REDIRECT] 
2025-12-09 21:27:09,114 [ERROR] LogOutputStream:75 - [STDERR_REDIRECT] [Fatal Error] :1:1: Premature end of file.
2025-12-09 21:27:09,114 [ERROR] LogOutputStream:75 - [STDERR_REDIRECT] 
2025-12-09 21:27:10,106 [ERROR] LogOutputStream:75 - [STDERR_REDIRECT] [Fatal Error] :1:1: Premature end of file.
2025-12-09 21:27:10,106 [ERROR] LogOutputStream:75 - [STDERR_REDIRECT] 
2025-12-09 21:27:11,104 [ERROR] LogOutputStream:75 - [STDERR_REDIRECT] [Fatal Error] :1:1: Premature end of file.
2025-12-09 21:27:11,104 [ERROR] LogOutputStream:75 - [STDERR_REDIRECT] 
2025-12-09 21:27:12,104 [ERROR] LogOutputStream:75 - [STDERR_REDIRECT] [Fatal Error] :1:1: Premature end of file.
2025-12-09 21:27:12,104 [ERROR] LogOutputStream:75 - [STDERR_REDIRECT] 
2025-12-09 21:27:13,104 [ERROR] LogOutputStream:75 - [STDERR_REDIRECT] [Fatal Error] :1:1: Premature end of file.
2025-12-09 21:27:13,104 [ERROR] LogOutputStream:75 - [STDERR_REDIRECT] 
2025-12-09 21:27:14,105 [ERROR] LogOutputStream:75 - [STDERR_REDIRECT] [Fatal Error] :1:1: Premature end of file.
2025-12-09 21:27:14,105 [ERROR] LogOutputStream:75 - [STDERR_REDIRECT] 
2025-12-09 21:27:15,108 [ERROR] LogOutputStream:75 - [STDERR_REDIRECT] [Fatal Error] :1:1: Premature end of file.
2025-12-09 21:27:15,108 [ERROR] LogOutputStream:75 - [STDERR_REDIRECT] 
2025-12-09 21:27:16,114 [ERROR] LogOutputStream:75 - [STDERR_REDIRECT] [Fatal Error] :1:1: Premature end of file.
2025-12-09 21:27:16,114 [ERROR] LogOutputStream:75 - [STDERR_REDIRECT] 
2025-12-09 21:27:17,114 [ERROR] LogOutputStream:75 - [STDERR_REDIRECT] [Fatal Error] :1:1: Premature end of file.
2025-12-09 21:27:17,114 [ERROR] LogOutputStream:75 - [STDERR_REDIRECT] 
2025-12-09 21:27:18,113 [ERROR] LogOutputStream:75 - [STDERR_REDIRECT] [Fatal Error] :1:1: Premature end of file.
2025-12-09 21:27:18,113 [ERROR] LogOutputStream:75 - [STDERR_REDIRECT] 
2025-12-09 21:27:19,114 [ERROR] LogOutputStream:75 - [STDERR_REDIRECT] [Fatal Error] :1:1: Premature end of file.
2025-12-09 21:27:19,114 [ERROR] LogOutputStream:75 - [STDERR_REDIRECT] 
2025-12-09 21:27:20,114 [ERROR] LogOutputStream:75 - [STDERR_REDIRECT] [Fatal Error] :1:1: Premature end of file.
2025-12-09 21:27:20,114 [ERROR] LogOutputStream:75 - [STDERR_REDIRECT] 
2025-12-09 21:27:21,112 [ERROR] LogOutputStream:75 - [STDERR_REDIRECT] [Fatal Error] :1:1: Premature end of file.
2025-12-09 21:27:21,112 [ERROR] LogOutputStream:75 - [STDERR_REDIRECT] 
2025-12-09 21:27:22,113 [ERROR] LogOutputStream:75 - [STDERR_REDIRECT] [Fatal Error] :1:1: Premature end of file.
2025-12-09 21:27:22,113 [ERROR] LogOutputStream:75 - [STDERR_REDIRECT] 
2025-12-09 21:27:23,114 [ERROR] LogOutputStream:75 - [STDERR_REDIRECT] [Fatal Error] :1:1: Premature end of file.
2025-12-09 21:27:23,114 [ERROR] LogOutputStream:75 - [STDERR_REDIRECT] 
2025-12-09 21:27:24,109 [ERROR] LogOutputStream:75 - [STDERR_REDIRECT] [Fatal Error] :1:1: Premature end of file.
2025-12-09 21:27:24,109 [ERROR] LogOutputStream:75 - [STDERR_REDIRECT] 
2025-12-09 21:27:25,114 [ERROR] LogOutputStream:75 - [STDERR_REDIRECT] [Fatal Error] :1:1: Premature end of file.
2025-12-09 21:27:25,114 [ERROR] LogOutputStream:75 - [STDERR_REDIRECT] 
2025-12-09 21:27:26,121 [ERROR] LogOutputStream:75 - [STDERR_REDIRECT] [Fatal Error] :1:1: Premature end of file.
2025-12-09 21:27:26,121 [ERROR] LogOutputStream:75 - [STDERR_REDIRECT] 
2025-12-09 21:27:27,113 [ERROR] LogOutputStream:75 - [STDERR_REDIRECT] [Fatal Error] :1:1: Premature end of file.
2025-12-09 21:27:27,113 [ERROR] LogOutputStream:75 - [STDERR_REDIRECT] 
2025-12-09 21:27:28,113 [ERROR] LogOutputStream:75 - [STDERR_REDIRECT] [Fatal Error] :1:1: Premature end of file.
2025-12-09 21:27:28,113 [ERROR] LogOutputStream:75 - [STDERR_REDIRECT] 
2025-12-09 21:27:29,114 [ERROR] LogOutputStream:75 - [STDERR_REDIRECT] [Fatal Error] :1:1: Premature end of file.
2025-12-09 21:27:29,114 [ERROR] LogOutputStream:75 - [STDERR_REDIRECT] 
2025-12-09 21:27:30,116 [ERROR] LogOutputStream:75 - [STDERR_REDIRECT] [Fatal Error] :1:1: Premature end of file.
2025-12-09 21:27:30,116 [ERROR] LogOutputStream:75 - [STDERR_REDIRECT] 
2025-12-09 21:27:31,114 [ERROR] LogOutputStream:75 - [STDERR_REDIRECT] [Fatal Error] :1:1: Premature end of file.
2025-12-09 21:27:31,114 [ERROR] LogOutputStream:75 - [STDERR_REDIRECT] 
2025-12-09 21:27:32,113 [ERROR] LogOutputStream:75 - [STDERR_REDIRECT] [Fatal Error] :1:1: Premature end of file.
2025-12-09 21:27:32,113 [ERROR] LogOutputStream:75 - [STDERR_REDIRECT] 
2025-12-09 21:27:33,103 [ERROR] LogOutputStream:75 - [STDERR_REDIRECT] [Fatal Error] :1:1: Premature end of file.
2025-12-09 21:27:33,103 [ERROR] LogOutputStream:75 - [STDERR_REDIRECT] 
2025-12-09 21:27:34,102 [ERROR] LogOutputStream:75 - [STDERR_REDIRECT] [Fatal Error] :1:1: Premature end of file.
2025-12-09 21:27:34,102 [ERROR] LogOutputStream:75 - [STDERR_REDIRECT] 
2025-12-09 21:27:35,105 [ERROR] LogOutputStream:75 - [STDERR_REDIRECT] [Fatal Error] :1:1: Premature end of file.
2025-12-09 21:27:35,105 [ERROR] LogOutputStream:75 - [STDERR_REDIRECT] 
2025-12-09 21:27:36,112 [ERROR] LogOutputStream:75 - [STDERR_REDIRECT] [Fatal Error] :1:1: Premature end of file.
2025-12-09 21:27:36,112 [ERROR] LogOutputStream:75 - [STDERR_REDIRECT] 
2025-12-09 21:27:37,114 [ERROR] LogOutputStream:75 - [STDERR_REDIRECT] [Fatal Error] :1:1: Premature end of file.
2025-12-09 21:27:37,114 [ERROR] LogOutputStream:75 - [STDERR_REDIRECT] 
2025-12-09 21:27:38,113 [ERROR] LogOutputStream:75 - [STDERR_REDIRECT] [Fatal Error] :1:1: Premature end of file.
2025-12-09 21:27:38,113 [ERROR] LogOutputStream:75 - [STDERR_REDIRECT] 
2025-12-09 21:27:39,114 [ERROR] LogOutputStream:75 - [STDERR_REDIRECT] [Fatal Error] :1:1: Premature end of file.
2025-12-09 21:27:39,114 [ERROR] LogOutputStream:75 - [STDERR_REDIRECT] 
2025-12-09 21:27:40,105 [ERROR] LogOutputStream:75 - [STDERR_REDIRECT] [Fatal Error] :1:1: Premature end of file.
2025-12-09 21:27:40,105 [ERROR] LogOutputStream:75 - [STDERR_REDIRECT] 
2025-12-09 21:27:41,105 [ERROR] LogOutputStream:75 - [STDERR_REDIRECT] [Fatal Error] :1:1: Premature end of file.
2025-12-09 21:27:41,106 [ERROR] LogOutputStream:75 - [STDERR_REDIRECT] 
2025-12-09 21:27:42,104 [ERROR] LogOutputStream:75 - [STDERR_REDIRECT] [Fatal Error] :1:1: Premature end of file.
2025-12-09 21:27:42,104 [ERROR] LogOutputStream:75 - [STDERR_REDIRECT] 
2025-12-09 21:27:43,105 [ERROR] LogOutputStream:75 - [STDERR_REDIRECT] [Fatal Error] :1:1: Premature end of file.
2025-12-09 21:27:43,105 [ERROR] LogOutputStream:75 - [STDERR_REDIRECT] 
2025-12-09 21:27:44,106 [ERROR] LogOutputStream:75 - [STDERR_REDIRECT] [Fatal Error] :1:1: Premature end of file.
2025-12-09 21:27:44,106 [ERROR] LogOutputStream:75 - [STDERR_REDIRECT] 
2025-12-09 21:27:45,114 [ERROR] LogOutputStream:75 - [STDERR_REDIRECT] [Fatal Error] :1:1: Premature end of file.
2025-12-09 21:27:45,114 [ERROR] LogOutputStream:75 - [STDERR_REDIRECT] 
2025-12-09 21:27:46,109 [ERROR] LogOutputStream:75 - [STDERR_REDIRECT] [Fatal Error] :1:1: Premature end of file.
2025-12-09 21:27:46,109 [ERROR] LogOutputStream:75 - [STDERR_REDIRECT] 
2025-12-09 21:27:47,114 [ERROR] LogOutputStream:75 - [STDERR_REDIRECT] [Fatal Error] :1:1: Premature end of file.
2025-12-09 21:27:47,114 [ERROR] LogOutputStream:75 - [STDERR_REDIRECT] 
2025-12-09 21:27:48,112 [ERROR] LogOutputStream:75 - [STDERR_REDIRECT] [Fatal Error] :1:1: Premature end of file.
2025-12-09 21:27:48,112 [ERROR] LogOutputStream:75 - [STDERR_REDIRECT] 
2025-12-09 21:27:49,113 [ERROR] LogOutputStream:75 - [STDERR_REDIRECT] [Fatal Error] :1:1: Premature end of file.
2025-12-09 21:27:49,113 [ERROR] LogOutputStream:75 - [STDERR_REDIRECT] 
2025-12-09 21:27:50,113 [ERROR] LogOutputStream:75 - [STDERR_REDIRECT] [Fatal Error] :1:1: Premature end of file.
2025-12-09 21:27:50,113 [ERROR] LogOutputStream:75 - [STDERR_REDIRECT] 
2025-12-09 21:27:51,113 [ERROR] LogOutputStream:75 - [STDERR_REDIRECT] [Fatal Error] :1:1: Premature end of file.
2025-12-09 21:27:51,113 [ERROR] LogOutputStream:75 - [STDERR_REDIRECT] 
2025-12-09 21:27:52,114 [ERROR] LogOutputStream:75 - [STDERR_REDIRECT] [Fatal Error] :1:1: Premature end of file.
2025-12-09 21:27:52,114 [ERROR] LogOutputStream:75 - [STDERR_REDIRECT] 
2025-12-09 21:27:53,112 [ERROR] LogOutputStream:75 - [STDERR_REDIRECT] [Fatal Error] :1:1: Premature end of file.
2025-12-09 21:27:53,112 [ERROR] LogOutputStream:75 - [STDERR_REDIRECT] 
2025-12-09 21:27:54,114 [ERROR] LogOutputStream:75 - [STDERR_REDIRECT] [Fatal Error] :1:1: Premature end of file.
2025-12-09 21:27:54,114 [ERROR] LogOutputStream:75 - [STDERR_REDIRECT] 
2025-12-09 21:27:55,112 [ERROR] LogOutputStream:75 - [STDERR_REDIRECT] [Fatal Error] :1:1: Premature end of file.
2025-12-09 21:27:55,112 [ERROR] LogOutputStream:75 - [STDERR_REDIRECT] 
2025-12-09 21:27:56,103 [ERROR] LogOutputStream:75 - [STDERR_REDIRECT] [Fatal Error] :1:1: Premature end of file.
2025-12-09 21:27:56,103 [ERROR] LogOutputStream:75 - [STDERR_REDIRECT] 
2025-12-09 21:27:57,103 [ERROR] LogOutputStream:75 - [STDERR_REDIRECT] [Fatal Error] :1:1: Premature end of file.
2025-12-09 21:27:57,103 [ERROR] LogOutputStream:75 - [STDERR_REDIRECT] 
2025-12-09 21:27:58,109 [ERROR] LogOutputStream:75 - [STDERR_REDIRECT] [Fatal Error] :1:1: Premature end of file.
2025-12-09 21:27:58,109 [ERROR] LogOutputStream:75 - [STDERR_REDIRECT] 
2025-12-09 21:27:59,113 [ERROR] LogOutputStream:75 - [STDERR_REDIRECT] [Fatal Error] :1:1: Premature end of file.
2025-12-09 21:27:59,113 [ERROR] LogOutputStream:75 - [STDERR_REDIRECT] 
2025-12-09 21:28:00,105 [ERROR] LogOutputStream:75 - [STDERR_REDIRECT] [Fatal Error] :1:1: Premature end of file.
2025-12-09 21:28:00,105 [ERROR] LogOutputStream:75 - [STDERR_REDIRECT] 
2025-12-09 21:28:01,111 [ERROR] LogOutputStream:75 - [STDERR_REDIRECT] [Fatal Error] :1:1: Premature end of file.
2025-12-09 21:28:01,111 [ERROR] LogOutputStream:75 - [STDERR_REDIRECT] 
2025-12-09 21:28:02,114 [ERROR] LogOutputStream:75 - [STDERR_REDIRECT] [Fatal Error] :1:1: Premature end of file.
2025-12-09 21:28:02,114 [ERROR] LogOutputStream:75 - [STDERR_REDIRECT] 
2025-12-09 21:28:03,113 [ERROR] LogOutputStream:75 - [STDERR_REDIRECT] [Fatal Error] :1:1: Premature end of file.
2025-12-09 21:28:03,113 [ERROR] LogOutputStream:75 - [STDERR_REDIRECT] 
2025-12-09 21:28:04,114 [ERROR] LogOutputStream:75 - [STDERR_REDIRECT] [Fatal Error] :1:1: Premature end of file.
2025-12-09 21:28:04,114 [ERROR] LogOutputStream:75 - [STDERR_REDIRECT] 
2025-12-09 21:28:05,114 [ERROR] LogOutputStream:75 - [STDERR_REDIRECT] [Fatal Error] :1:1: Premature end of file.
2025-12-09 21:28:05,114 [ERROR] LogOutputStream:75 - [STDERR_REDIRECT] 
2025-12-09 21:28:06,109 [ERROR] LogOutputStream:75 - [STDERR_REDIRECT] [Fatal Error] :1:1: Premature end of file.
2025-12-09 21:28:06,109 [ERROR] LogOutputStream:75 - [STDERR_REDIRECT] 
2025-12-09 21:28:07,112 [ERROR] LogOutputStream:75 - [STDERR_REDIRECT] [Fatal Error] :1:1: Premature end of file.
2025-12-09 21:28:07,112 [ERROR] LogOutputStream:75 - [STDERR_REDIRECT] 
2025-12-09 21:28:08,113 [ERROR] LogOutputStream:75 - [STDERR_REDIRECT] [Fatal Error] :1:1: Premature end of file.
2025-12-09 21:28:08,113 [ERROR] LogOutputStream:75 - [STDERR_REDIRECT] 
2025-12-09 21:28:09,113 [ERROR] LogOutputStream:75 - [STDERR_REDIRECT] [Fatal Error] :1:1: Premature end of file.
2025-12-09 21:28:09,113 [ERROR] LogOutputStream:75 - [STDERR_REDIRECT] 
2025-12-09 21:28:10,103 [ERROR] LogOutputStream:75 - [STDERR_REDIRECT] [Fatal Error] :1:1: Premature end of file.
2025-12-09 21:28:10,104 [ERROR] LogOutputStream:75 - [STDERR_REDIRECT] 
2025-12-09 21:28:11,105 [ERROR] LogOutputStream:75 - [STDERR_REDIRECT] [Fatal Error] :1:1: Premature end of file.
2025-12-09 21:28:11,105 [ERROR] LogOutputStream:75 - [STDERR_REDIRECT] 
2025-12-09 21:28:12,105 [ERROR] LogOutputStream:75 - [STDERR_REDIRECT] [Fatal Error] :1:1: Premature end of file.
2025-12-09 21:28:12,105 [ERROR] LogOutputStream:75 - [STDERR_REDIRECT] 
2025-12-09 21:28:13,104 [ERROR] LogOutputStream:75 - [STDERR_REDIRECT] [Fatal Error] :1:1: Premature end of file.
2025-12-09 21:28:13,104 [ERROR] LogOutputStream:75 - [STDERR_REDIRECT] 
2025-12-09 21:28:14,105 [ERROR] LogOutputStream:75 - [STDERR_REDIRECT] [Fatal Error] :1:1: Premature end of file.
2025-12-09 21:28:14,105 [ERROR] LogOutputStream:75 - [STDERR_REDIRECT] 
2025-12-09 21:28:15,103 [ERROR] LogOutputStream:75 - [STDERR_REDIRECT] [Fatal Error] :1:1: Premature end of file.
2025-12-09 21:28:15,104 [ERROR] LogOutputStream:75 - [STDERR_REDIRECT] 
2025-12-09 21:28:16,114 [ERROR] LogOutputStream:75 - [STDERR_REDIRECT] [Fatal Error] :1:1: Premature end of file.
2025-12-09 21:28:16,114 [ERROR] LogOutputStream:75 - [STDERR_REDIRECT] 
2025-12-09 21:28:17,115 [ERROR] LogOutputStream:75 - [STDERR_REDIRECT] [Fatal Error] :1:1: Premature end of file.
2025-12-09 21:28:17,115 [ERROR] LogOutputStream:75 - [STDERR_REDIRECT] 
2025-12-09 21:28:18,111 [ERROR] LogOutputStream:75 - [STDERR_REDIRECT] [Fatal Error] :1:1: Premature end of file.
2025-12-09 21:28:18,111 [ERROR] LogOutputStream:75 - [STDERR_REDIRECT] 
2025-12-09 21:28:19,108 [ERROR] LogOutputStream:75 - [STDERR_REDIRECT] [Fatal Error] :1:1: Premature end of file.
2025-12-09 21:28:19,108 [ERROR] LogOutputStream:75 - [STDERR_REDIRECT] 
2025-12-09 21:28:20,112 [ERROR] LogOutputStream:75 - [STDERR_REDIRECT] [Fatal Error] :1:1: Premature end of file.
2025-12-09 21:28:20,112 [ERROR] LogOutputStream:75 - [STDERR_REDIRECT] 
2025-12-09 21:28:21,113 [ERROR] LogOutputStream:75 - [STDERR_REDIRECT] [Fatal Error] :1:1: Premature end of file.
2025-12-09 21:28:21,113 [ERROR] LogOutputStream:75 - [STDERR_REDIRECT] 
2025-12-09 21:28:22,115 [ERROR] LogOutputStream:75 - [STDERR_REDIRECT] [Fatal Error] :1:1: Premature end of file.
2025-12-09 21:28:22,115 [ERROR] LogOutputStream:75 - [STDERR_REDIRECT] 
2025-12-09 21:28:23,113 [ERROR] LogOutputStream:75 - [STDERR_REDIRECT] [Fatal Error] :1:1: Premature end of file.
2025-12-09 21:28:23,113 [ERROR] LogOutputStream:75 - [STDERR_REDIRECT] 
2025-12-09 21:28:24,112 [ERROR] LogOutputStream:75 - [STDERR_REDIRECT] [Fatal Error] :1:1: Premature end of file.
2025-12-09 21:28:24,112 [ERROR] LogOutputStream:75 - [STDERR_REDIRECT] 
2025-12-09 21:28:25,114 [ERROR] LogOutputStream:75 - [STDERR_REDIRECT] [Fatal Error] :1:1: Premature end of file.
2025-12-09 21:28:25,114 [ERROR] LogOutputStream:75 - [STDERR_REDIRECT] 
2025-12-09 21:28:26,113 [ERROR] LogOutputStream:75 - [STDERR_REDIRECT] [Fatal Error] :1:1: Premature end of file.
2025-12-09 21:28:26,113 [ERROR] LogOutputStream:75 - [STDERR_REDIRECT] 
2025-12-09 21:28:27,114 [ERROR] LogOutputStream:75 - [STDERR_REDIRECT] [Fatal Error] :1:1: Premature end of file.
2025-12-09 21:28:27,114 [ERROR] LogOutputStream:75 - [STDERR_REDIRECT] 
2025-12-09 21:28:28,119 [ERROR] LogOutputStream:75 - [STDERR_REDIRECT] [Fatal Error] :1:1: Premature end of file.
2025-12-09 21:28:28,119 [ERROR] LogOutputStream:75 - [STDERR_REDIRECT] 
2025-12-09 21:28:29,113 [ERROR] LogOutputStream:75 - [STDERR_REDIRECT] [Fatal Error] :1:1: Premature end of file.
2025-12-09 21:28:29,113 [ERROR] LogOutputStream:75 - [STDERR_REDIRECT] 
2025-12-09 21:28:30,114 [ERROR] LogOutputStream:75 - [STDERR_REDIRECT] [Fatal Error] :1:1: Premature end of file.
2025-12-09 21:28:30,114 [ERROR] LogOutputStream:75 - [STDERR_REDIRECT] 
2025-12-09 21:28:31,114 [ERROR] LogOutputStream:75 - [STDERR_REDIRECT] [Fatal Error] :1:1: Premature end of file.
2025-12-09 21:28:31,114 [ERROR] LogOutputStream:75 - [STDERR_REDIRECT] 
2025-12-09 21:28:32,114 [ERROR] LogOutputStream:75 - [STDERR_REDIRECT] [Fatal Error] :1:1: Premature end of file.
2025-12-09 21:28:32,114 [ERROR] LogOutputStream:75 - [STDERR_REDIRECT] 
2025-12-09 21:28:33,113 [ERROR] LogOutputStream:75 - [STDERR_REDIRECT] [Fatal Error] :1:1: Premature end of file.
2025-12-09 21:28:33,113 [ERROR] LogOutputStream:75 - [STDERR_REDIRECT] 
2025-12-09 21:28:34,112 [ERROR] LogOutputStream:75 - [STDERR_REDIRECT] [Fatal Error] :1:1: Premature end of file.
2025-12-09 21:28:34,112 [ERROR] LogOutputStream:75 - [STDERR_REDIRECT] 
2025-12-09 21:28:35,114 [ERROR] LogOutputStream:75 - [STDERR_REDIRECT] [Fatal Error] :1:1: Premature end of file.
2025-12-09 21:28:35,114 [ERROR] LogOutputStream:75 - [STDERR_REDIRECT] 
2025-12-09 21:28:36,114 [ERROR] LogOutputStream:75 - [STDERR_REDIRECT] [Fatal Error] :1:1: Premature end of file.
2025-12-09 21:28:36,114 [ERROR] LogOutputStream:75 - [STDERR_REDIRECT] 
2025-12-09 21:28:37,110 [ERROR] LogOutputStream:75 - [STDERR_REDIRECT] [Fatal Error] :1:1: Premature end of file.
2025-12-09 21:28:37,110 [ERROR] LogOutputStream:75 - [STDERR_REDIRECT] 
2025-12-09 21:28:38,117 [ERROR] LogOutputStream:75 - [STDERR_REDIRECT] [Fatal Error] :1:1: Premature end of file.
2025-12-09 21:28:38,117 [ERROR] LogOutputStream:75 - [STDERR_REDIRECT] 
2025-12-09 21:28:39,113 [ERROR] LogOutputStream:75 - [STDERR_REDIRECT] [Fatal Error] :1:1: Premature end of file.
2025-12-09 21:28:39,113 [ERROR] LogOutputStream:75 - [STDERR_REDIRECT] 
2025-12-09 21:28:40,104 [ERROR] LogOutputStream:75 - [STDERR_REDIRECT] [Fatal Error] :1:1: Premature end of file.
2025-12-09 21:28:40,104 [ERROR] LogOutputStream:75 - [STDERR_REDIRECT] 
2025-12-09 21:28:41,105 [ERROR] LogOutputStream:75 - [STDERR_REDIRECT] [Fatal Error] :1:1: Premature end of file.
2025-12-09 21:28:41,105 [ERROR] LogOutputStream:75 - [STDERR_REDIRECT] 
2025-12-09 21:28:42,103 [ERROR] LogOutputStream:75 - [STDERR_REDIRECT] [Fatal Error] :1:1: Premature end of file.
2025-12-09 21:28:42,103 [ERROR] LogOutputStream:75 - [STDERR_REDIRECT] 
2025-12-09 21:28:43,103 [ERROR] LogOutputStream:75 - [STDERR_REDIRECT] [Fatal Error] :1:1: Premature end of file.
2025-12-09 21:28:43,103 [ERROR] LogOutputStream:75 - [STDERR_REDIRECT] 
2025-12-09 21:28:44,104 [ERROR] LogOutputStream:75 - [STDERR_REDIRECT] [Fatal Error] :1:1: Premature end of file.
2025-12-09 21:28:44,104 [ERROR] LogOutputStream:75 - [STDERR_REDIRECT] 
2025-12-09 21:28:45,113 [ERROR] LogOutputStream:75 - [STDERR_REDIRECT] [Fatal Error] :1:1: Premature end of file.
2025-12-09 21:28:45,113 [ERROR] LogOutputStream:75 - [STDERR_REDIRECT] 
2025-12-09 21:28:46,112 [ERROR] LogOutputStream:75 - [STDERR_REDIRECT] [Fatal Error] :1:1: Premature end of file.
2025-12-09 21:28:46,112 [ERROR] LogOutputStream:75 - [STDERR_REDIRECT] 
2025-12-09 21:28:47,107 [ERROR] LogOutputStream:75 - [STDERR_REDIRECT] [Fatal Error] :1:1: Premature end of file.
2025-12-09 21:28:47,107 [ERROR] LogOutputStream:75 - [STDERR_REDIRECT] 
2025-12-09 21:28:48,104 [ERROR] LogOutputStream:75 - [STDERR_REDIRECT] [Fatal Error] :1:1: Premature end of file.
2025-12-09 21:28:48,104 [ERROR] LogOutputStream:75 - [STDERR_REDIRECT] 
2025-12-09 21:28:49,104 [ERROR] LogOutputStream:75 - [STDERR_REDIRECT] [Fatal Error] :1:1: Premature end of file.
2025-12-09 21:28:49,104 [ERROR] LogOutputStream:75 - [STDERR_REDIRECT] 
2025-12-09 21:28:50,103 [ERROR] LogOutputStream:75 - [STDERR_REDIRECT] [Fatal Error] :1:1: Premature end of file.
2025-12-09 21:28:50,103 [ERROR] LogOutputStream:75 - [STDERR_REDIRECT] 
2025-12-09 21:28:51,102 [ERROR] LogOutputStream:75 - [STDERR_REDIRECT] [Fatal Error] :1:1: Premature end of file.
2025-12-09 21:28:51,102 [ERROR] LogOutputStream:75 - [STDERR_REDIRECT] 
2025-12-09 21:28:52,102 [ERROR] LogOutputStream:75 - [STDERR_REDIRECT] [Fatal Error] :1:1: Premature end of file.
2025-12-09 21:28:52,102 [ERROR] LogOutputStream:75 - [STDERR_REDIRECT] 
2025-12-09 21:28:53,106 [ERROR] LogOutputStream:75 - [STDERR_REDIRECT] [Fatal Error] :1:1: Premature end of file.
2025-12-09 21:28:53,106 [ERROR] LogOutputStream:75 - [STDERR_REDIRECT] 
2025-12-09 21:28:54,111 [ERROR] LogOutputStream:75 - [STDERR_REDIRECT] [Fatal Error] :1:1: Premature end of file.
2025-12-09 21:28:54,111 [ERROR] LogOutputStream:75 - [STDERR_REDIRECT] 
2025-12-09 21:28:55,111 [ERROR] LogOutputStream:75 - [STDERR_REDIRECT] [Fatal Error] :1:1: Premature end of file.
2025-12-09 21:28:55,111 [ERROR] LogOutputStream:75 - [STDERR_REDIRECT] 
2025-12-09 21:28:56,102 [ERROR] LogOutputStream:75 - [STDERR_REDIRECT] [Fatal Error] :1:1: Premature end of file.
2025-12-09 21:28:56,102 [ERROR] LogOutputStream:75 - [STDERR_REDIRECT] 
2025-12-09 21:28:57,109 [ERROR] LogOutputStream:75 - [STDERR_REDIRECT] [Fatal Error] :1:1: Premature end of file.
2025-12-09 21:28:57,109 [ERROR] LogOutputStream:75 - [STDERR_REDIRECT] 
2025-12-09 21:28:58,102 [ERROR] LogOutputStream:75 - [STDERR_REDIRECT] [Fatal Error] :1:1: Premature end of file.
2025-12-09 21:28:58,102 [ERROR] LogOutputStream:75 - [STDERR_REDIRECT] 
2025-12-09 21:28:59,113 [ERROR] LogOutputStream:75 - [STDERR_REDIRECT] [Fatal Error] :1:1: Premature end of file.
2025-12-09 21:28:59,113 [ERROR] LogOutputStream:75 - [STDERR_REDIRECT] 
2025-12-09 21:29:00,105 [ERROR] LogOutputStream:75 - [STDERR_REDIRECT] [Fatal Error] :1:1: Premature end of file.
2025-12-09 21:29:00,105 [ERROR] LogOutputStream:75 - [STDERR_REDIRECT] 
2025-12-09 21:29:01,113 [ERROR] LogOutputStream:75 - [STDERR_REDIRECT] [Fatal Error] :1:1: Premature end of file.
2025-12-09 21:29:01,113 [ERROR] LogOutputStream:75 - [STDERR_REDIRECT] 
2025-12-09 21:29:02,113 [ERROR] LogOutputStream:75 - [STDERR_REDIRECT] [Fatal Error] :1:1: Premature end of file.
2025-12-09 21:29:02,113 [ERROR] LogOutputStream:75 - [STDERR_REDIRECT] 
2025-12-09 21:29:03,113 [ERROR] LogOutputStream:75 - [STDERR_REDIRECT] [Fatal Error] :1:1: Premature end of file.
2025-12-09 21:29:03,113 [ERROR] LogOutputStream:75 - [STDERR_REDIRECT] 
2025-12-09 21:29:04,112 [ERROR] LogOutputStream:75 - [STDERR_REDIRECT] [Fatal Error] :1:1: Premature end of file.
2025-12-09 21:29:04,112 [ERROR] LogOutputStream:75 - [STDERR_REDIRECT] 
2025-12-09 21:29:05,113 [ERROR] LogOutputStream:75 - [STDERR_REDIRECT] [Fatal Error] :1:1: Premature end of file.
2025-12-09 21:29:05,113 [ERROR] LogOutputStream:75 - [STDERR_REDIRECT] 
2025-12-09 21:29:06,113 [ERROR] LogOutputStream:75 - [STDERR_REDIRECT] [Fatal Error] :1:1: Premature end of file.
2025-12-09 21:29:06,113 [ERROR] LogOutputStream:75 - [STDERR_REDIRECT] 
2025-12-09 21:29:07,111 [ERROR] LogOutputStream:75 - [STDERR_REDIRECT] [Fatal Error] :1:1: Premature end of file.
2025-12-09 21:29:07,111 [ERROR] LogOutputStream:75 - [STDERR_REDIRECT] 
2025-12-09 21:29:08,111 [ERROR] LogOutputStream:75 - [STDERR_REDIRECT] [Fatal Error] :1:1: Premature end of file.
2025-12-09 21:29:08,111 [ERROR] LogOutputStream:75 - [STDERR_REDIRECT] 
2025-12-09 21:29:09,112 [ERROR] LogOutputStream:75 - [STDERR_REDIRECT] [Fatal Error] :1:1: Premature end of file.
2025-12-09 21:29:09,113 [ERROR] LogOutputStream:75 - [STDERR_REDIRECT] 
2025-12-09 21:29:10,104 [ERROR] LogOutputStream:75 - [STDERR_REDIRECT] [Fatal Error] :1:1: Premature end of file.
2025-12-09 21:29:10,104 [ERROR] LogOutputStream:75 - [STDERR_REDIRECT] 
2025-12-09 21:29:11,105 [ERROR] LogOutputStream:75 - [STDERR_REDIRECT] [Fatal Error] :1:1: Premature end of file.
2025-12-09 21:29:11,105 [ERROR] LogOutputStream:75 - [STDERR_REDIRECT] 
2025-12-09 21:29:12,103 [ERROR] LogOutputStream:75 - [STDERR_REDIRECT] [Fatal Error] :1:1: Premature end of file.
2025-12-09 21:29:12,105 [ERROR] LogOutputStream:75 - [STDERR_REDIRECT] 
2025-12-09 21:29:13,104 [ERROR] LogOutputStream:75 - [STDERR_REDIRECT] [Fatal Error] :1:1: Premature end of file.
2025-12-09 21:29:13,104 [ERROR] LogOutputStream:75 - [STDERR_REDIRECT] 
2025-12-09 21:29:14,105 [ERROR] LogOutputStream:75 - [STDERR_REDIRECT] [Fatal Error] :1:1: Premature end of file.
2025-12-09 21:29:14,105 [ERROR] LogOutputStream:75 - [STDERR_REDIRECT] 
2025-12-09 21:29:15,113 [ERROR] LogOutputStream:75 - [STDERR_REDIRECT] [Fatal Error] :1:1: Premature end of file.
2025-12-09 21:29:15,113 [ERROR] LogOutputStream:75 - [STDERR_REDIRECT] 
2025-12-09 21:29:16,112 [ERROR] LogOutputStream:75 - [STDERR_REDIRECT] [Fatal Error] :1:1: Premature end of file.
2025-12-09 21:29:16,112 [ERROR] LogOutputStream:75 - [STDERR_REDIRECT] 
2025-12-09 21:29:17,114 [ERROR] LogOutputStream:75 - [STDERR_REDIRECT] [Fatal Error] :1:1: Premature end of file.
2025-12-09 21:29:17,114 [ERROR] LogOutputStream:75 - [STDERR_REDIRECT] 
2025-12-09 21:29:18,104 [ERROR] LogOutputStream:75 - [STDERR_REDIRECT] [Fatal Error] :1:1: Premature end of file.
2025-12-09 21:29:18,104 [ERROR] LogOutputStream:75 - [STDERR_REDIRECT] 
2025-12-09 21:29:19,113 [ERROR] LogOutputStream:75 - [STDERR_REDIRECT] [Fatal Error] :1:1: Premature end of file.
2025-12-09 21:29:19,113 [ERROR] LogOutputStream:75 - [STDERR_REDIRECT] 
2025-12-09 21:29:20,111 [ERROR] LogOutputStream:75 - [STDERR_REDIRECT] [Fatal Error] :1:1: Premature end of file.
2025-12-09 21:29:20,111 [ERROR] LogOutputStream:75 - [STDERR_REDIRECT] 
2025-12-09 21:29:21,113 [ERROR] LogOutputStream:75 - [STDERR_REDIRECT] [Fatal Error] :1:1: Premature end of file.
2025-12-09 21:29:21,113 [ERROR] LogOutputStream:75 - [STDERR_REDIRECT] 
2025-12-09 21:29:22,113 [ERROR] LogOutputStream:75 - [STDERR_REDIRECT] [Fatal Error] :1:1: Premature end of file.
2025-12-09 21:29:22,113 [ERROR] LogOutputStream:75 - [STDERR_REDIRECT] 
2025-12-09 21:29:23,110 [ERROR] LogOutputStream:75 - [STDERR_REDIRECT] [Fatal Error] :1:1: Premature end of file.
2025-12-09 21:29:23,110 [ERROR] LogOutputStream:75 - [STDERR_REDIRECT] 
2025-12-09 21:29:24,112 [ERROR] LogOutputStream:75 - [STDERR_REDIRECT] [Fatal Error] :1:1: Premature end of file.
2025-12-09 21:29:24,112 [ERROR] LogOutputStream:75 - [STDERR_REDIRECT] 
2025-12-09 21:29:25,114 [ERROR] LogOutputStream:75 - [STDERR_REDIRECT] [Fatal Error] :1:1: Premature end of file.
2025-12-09 21:29:25,114 [ERROR] LogOutputStream:75 - [STDERR_REDIRECT] 
2025-12-09 21:29:26,112 [ERROR] LogOutputStream:75 - [STDERR_REDIRECT] [Fatal Error] :1:1: Premature end of file.
2025-12-09 21:29:26,112 [ERROR] LogOutputStream:75 - [STDERR_REDIRECT] 
2025-12-09 21:29:27,111 [ERROR] LogOutputStream:75 - [STDERR_REDIRECT] [Fatal Error] :1:1: Premature end of file.
2025-12-09 21:29:27,111 [ERROR] LogOutputStream:75 - [STDERR_REDIRECT] 
2025-12-09 21:29:28,112 [ERROR] LogOutputStream:75 - [STDERR_REDIRECT] [Fatal Error] :1:1: Premature end of file.
2025-12-09 21:29:28,112 [ERROR] LogOutputStream:75 - [STDERR_REDIRECT] 
2025-12-09 21:29:29,103 [ERROR] LogOutputStream:75 - [STDERR_REDIRECT] [Fatal Error] :1:1: Premature end of file.
2025-12-09 21:29:29,103 [ERROR] LogOutputStream:75 - [STDERR_REDIRECT] 
2025-12-09 21:29:30,112 [ERROR] LogOutputStream:75 - [STDERR_REDIRECT] [Fatal Error] :1:1: Premature end of file.
2025-12-09 21:29:30,112 [ERROR] LogOutputStream:75 - [STDERR_REDIRECT] 
2025-12-09 21:29:31,113 [ERROR] LogOutputStream:75 - [STDERR_REDIRECT] [Fatal Error] :1:1: Premature end of file.
2025-12-09 21:29:31,113 [ERROR] LogOutputStream:75 - [STDERR_REDIRECT] 
2025-12-09 21:29:32,113 [ERROR] LogOutputStream:75 - [STDERR_REDIRECT] [Fatal Error] :1:1: Premature end of file.
2025-12-09 21:29:32,113 [ERROR] LogOutputStream:75 - [STDERR_REDIRECT] 
2025-12-09 21:29:33,114 [ERROR] LogOutputStream:75 - [STDERR_REDIRECT] [Fatal Error] :1:1: Premature end of file.
2025-12-09 21:29:33,114 [ERROR] LogOutputStream:75 - [STDERR_REDIRECT] 
2025-12-09 21:29:34,113 [ERROR] LogOutputStream:75 - [STDERR_REDIRECT] [Fatal Error] :1:1: Premature end of file.
2025-12-09 21:29:34,113 [ERROR] LogOutputStream:75 - [STDERR_REDIRECT] 
2025-12-09 21:29:35,113 [ERROR] LogOutputStream:75 - [STDERR_REDIRECT] [Fatal Error] :1:1: Premature end of file.
2025-12-09 21:29:35,113 [ERROR] LogOutputStream:75 - [STDERR_REDIRECT] 
2025-12-09 21:29:36,113 [ERROR] LogOutputStream:75 - [STDERR_REDIRECT] [Fatal Error] :1:1: Premature end of file.
2025-12-09 21:29:36,113 [ERROR] LogOutputStream:75 - [STDERR_REDIRECT] 
2025-12-09 21:29:37,113 [ERROR] LogOutputStream:75 - [STDERR_REDIRECT] [Fatal Error] :1:1: Premature end of file.
2025-12-09 21:29:37,113 [ERROR] LogOutputStream:75 - [STDERR_REDIRECT] 
2025-12-09 21:29:38,105 [ERROR] LogOutputStream:75 - [STDERR_REDIRECT] [Fatal Error] :1:1: Premature end of file.
2025-12-09 21:29:38,105 [ERROR] LogOutputStream:75 - [STDERR_REDIRECT] 
2025-12-09 21:29:39,112 [ERROR] LogOutputStream:75 - [STDERR_REDIRECT] [Fatal Error] :1:1: Premature end of file.
2025-12-09 21:29:39,112 [ERROR] LogOutputStream:75 - [STDERR_REDIRECT] 
2025-12-09 21:29:40,105 [ERROR] LogOutputStream:75 - [STDERR_REDIRECT] [Fatal Error] :1:1: Premature end of file.
2025-12-09 21:29:40,105 [ERROR] LogOutputStream:75 - [STDERR_REDIRECT] 
2025-12-09 21:29:41,104 [ERROR] LogOutputStream:75 - [STDERR_REDIRECT] [Fatal Error] :1:1: Premature end of file.
2025-12-09 21:29:41,105 [ERROR] LogOutputStream:75 - [STDERR_REDIRECT] 
2025-12-09 21:29:42,104 [ERROR] LogOutputStream:75 - [STDERR_REDIRECT] [Fatal Error] :1:1: Premature end of file.
2025-12-09 21:29:42,104 [ERROR] LogOutputStream:75 - [STDERR_REDIRECT] 
2025-12-09 21:29:43,105 [ERROR] LogOutputStream:75 - [STDERR_REDIRECT] [Fatal Error] :1:1: Premature end of file.
2025-12-09 21:29:43,105 [ERROR] LogOutputStream:75 - [STDERR_REDIRECT] 
2025-12-09 21:29:44,105 [ERROR] LogOutputStream:75 - [STDERR_REDIRECT] [Fatal Error] :1:1: Premature end of file.
2025-12-09 21:29:44,105 [ERROR] LogOutputStream:75 - [STDERR_REDIRECT] 
2025-12-09 21:29:45,105 [ERROR] LogOutputStream:75 - [STDERR_REDIRECT] [Fatal Error] :1:1: Premature end of file.
2025-12-09 21:29:45,105 [ERROR] LogOutputStream:75 - [STDERR_REDIRECT] 
2025-12-09 21:29:46,112 [ERROR] LogOutputStream:75 - [STDERR_REDIRECT] [Fatal Error] :1:1: Premature end of file.
2025-12-09 21:29:46,112 [ERROR] LogOutputStream:75 - [STDERR_REDIRECT] 
2025-12-09 21:29:47,113 [ERROR] LogOutputStream:75 - [STDERR_REDIRECT] [Fatal Error] :1:1: Premature end of file.
2025-12-09 21:29:47,113 [ERROR] LogOutputStream:75 - [STDERR_REDIRECT] 
2025-12-09 21:29:48,113 [ERROR] LogOutputStream:75 - [STDERR_REDIRECT] [Fatal Error] :1:1: Premature end of file.
2025-12-09 21:29:48,113 [ERROR] LogOutputStream:75 - [STDERR_REDIRECT] 
2025-12-09 21:29:49,111 [ERROR] LogOutputStream:75 - [STDERR_REDIRECT] [Fatal Error] :1:1: Premature end of file.
2025-12-09 21:29:49,111 [ERROR] LogOutputStream:75 - [STDERR_REDIRECT] 
2025-12-09 21:29:50,112 [ERROR] LogOutputStream:75 - [STDERR_REDIRECT] [Fatal Error] :1:1: Premature end of file.
2025-12-09 21:29:50,113 [ERROR] LogOutputStream:75 - [STDERR_REDIRECT] 
2025-12-09 21:29:51,111 [ERROR] LogOutputStream:75 - [STDERR_REDIRECT] [Fatal Error] :1:1: Premature end of file.
2025-12-09 21:29:51,112 [ERROR] LogOutputStream:75 - [STDERR_REDIRECT] 
2025-12-09 21:29:52,111 [ERROR] LogOutputStream:75 - [STDERR_REDIRECT] [Fatal Error] :1:1: Premature end of file.
2025-12-09 21:29:52,111 [ERROR] LogOutputStream:75 - [STDERR_REDIRECT] 
2025-12-09 21:29:53,109 [ERROR] LogOutputStream:75 - [STDERR_REDIRECT] [Fatal Error] :1:1: Premature end of file.
2025-12-09 21:29:53,111 [ERROR] LogOutputStream:75 - [STDERR_REDIRECT] 
2025-12-09 21:29:54,112 [ERROR] LogOutputStream:75 - [STDERR_REDIRECT] [Fatal Error] :1:1: Premature end of file.
2025-12-09 21:29:54,112 [ERROR] LogOutputStream:75 - [STDERR_REDIRECT] 
2025-12-09 21:29:55,112 [ERROR] LogOutputStream:75 - [STDERR_REDIRECT] [Fatal Error] :1:1: Premature end of file.
2025-12-09 21:29:55,112 [ERROR] LogOutputStream:75 - [STDERR_REDIRECT] 
2025-12-09 21:29:56,112 [ERROR] LogOutputStream:75 - [STDERR_REDIRECT] [Fatal Error] :1:1: Premature end of file.
2025-12-09 21:29:56,112 [ERROR] LogOutputStream:75 - [STDERR_REDIRECT] 
2025-12-09 21:29:57,111 [ERROR] LogOutputStream:75 - [STDERR_REDIRECT] [Fatal Error] :1:1: Premature end of file.
2025-12-09 21:29:57,111 [ERROR] LogOutputStream:75 - [STDERR_REDIRECT] 
2025-12-09 21:29:58,107 [ERROR] LogOutputStream:75 - [STDERR_REDIRECT] [Fatal Error] :1:1: Premature end of file.
2025-12-09 21:29:58,107 [ERROR] LogOutputStream:75 - [STDERR_REDIRECT] 
2025-12-09 21:29:59,108 [ERROR] LogOutputStream:75 - [STDERR_REDIRECT] [Fatal Error] :1:1: Premature end of file.
2025-12-09 21:29:59,108 [ERROR] LogOutputStream:75 - [STDERR_REDIRECT] 
2025-12-09 21:30:00,102 [ERROR] LogOutputStream:75 - [STDERR_REDIRECT] [Fatal Error] :1:1: Premature end of file.
2025-12-09 21:30:00,102 [ERROR] LogOutputStream:75 - [STDERR_REDIRECT] 
2025-12-09 21:30:01,118 [ERROR] LogOutputStream:75 - [STDERR_REDIRECT] [Fatal Error] :1:1: Premature end of file.
2025-12-09 21:30:01,118 [ERROR] LogOutputStream:75 - [STDERR_REDIRECT] 
2025-12-09 21:30:02,114 [ERROR] LogOutputStream:75 - [STDERR_REDIRECT] [Fatal Error] :1:1: Premature end of file.
2025-12-09 21:30:02,114 [ERROR] LogOutputStream:75 - [STDERR_REDIRECT] 
2025-12-09 21:30:03,106 [ERROR] LogOutputStream:75 - [STDERR_REDIRECT] [Fatal Error] :1:1: Premature end of file.
2025-12-09 21:30:03,106 [ERROR] LogOutputStream:75 - [STDERR_REDIRECT] 
2025-12-09 21:30:04,112 [ERROR] LogOutputStream:75 - [STDERR_REDIRECT] [Fatal Error] :1:1: Premature end of file.
2025-12-09 21:30:04,112 [ERROR] LogOutputStream:75 - [STDERR_REDIRECT] 
2025-12-09 21:30:05,104 [ERROR] LogOutputStream:75 - [STDERR_REDIRECT] [Fatal Error] :1:1: Premature end of file.
2025-12-09 21:30:05,104 [ERROR] LogOutputStream:75 - [STDERR_REDIRECT] 
2025-12-09 21:30:06,115 [ERROR] LogOutputStream:75 - [STDERR_REDIRECT] [Fatal Error] :1:1: Premature end of file.
2025-12-09 21:30:06,115 [ERROR] LogOutputStream:75 - [STDERR_REDIRECT] 
2025-12-09 21:30:07,113 [ERROR] LogOutputStream:75 - [STDERR_REDIRECT] [Fatal Error] :1:1: Premature end of file.
2025-12-09 21:30:07,113 [ERROR] LogOutputStream:75 - [STDERR_REDIRECT] 
2025-12-09 21:30:08,113 [ERROR] LogOutputStream:75 - [STDERR_REDIRECT] [Fatal Error] :1:1: Premature end of file.
2025-12-09 21:30:08,113 [ERROR] LogOutputStream:75 - [STDERR_REDIRECT] 
2025-12-09 21:30:09,113 [ERROR] LogOutputStream:75 - [STDERR_REDIRECT] [Fatal Error] :1:1: Premature end of file.
2025-12-09 21:30:09,113 [ERROR] LogOutputStream:75 - [STDERR_REDIRECT] 
2025-12-09 21:30:10,113 [ERROR] LogOutputStream:75 - [STDERR_REDIRECT] [Fatal Error] :1:1: Premature end of file.
2025-12-09 21:30:10,113 [ERROR] LogOutputStream:75 - [STDERR_REDIRECT] 
2025-12-09 21:30:11,104 [ERROR] LogOutputStream:75 - [STDERR_REDIRECT] [Fatal Error] :1:1: Premature end of file.
2025-12-09 21:30:11,104 [ERROR] LogOutputStream:75 - [STDERR_REDIRECT] 
2025-12-09 21:30:12,103 [ERROR] LogOutputStream:75 - [STDERR_REDIRECT] [Fatal Error] :1:1: Premature end of file.
2025-12-09 21:30:12,103 [ERROR] LogOutputStream:75 - [STDERR_REDIRECT] 
2025-12-09 21:30:13,105 [ERROR] LogOutputStream:75 - [STDERR_REDIRECT] [Fatal Error] :1:1: Premature end of file.
2025-12-09 21:30:13,105 [ERROR] LogOutputStream:75 - [STDERR_REDIRECT] 
2025-12-09 21:30:14,104 [ERROR] LogOutputStream:75 - [STDERR_REDIRECT] [Fatal Error] :1:1: Premature end of file.
2025-12-09 21:30:14,104 [ERROR] LogOutputStream:75 - [STDERR_REDIRECT] 
2025-12-09 21:30:15,114 [ERROR] LogOutputStream:75 - [STDERR_REDIRECT] [Fatal Error] :1:1: Premature end of file.
2025-12-09 21:30:15,114 [ERROR] LogOutputStream:75 - [STDERR_REDIRECT] 
2025-12-09 21:30:16,110 [ERROR] LogOutputStream:75 - [STDERR_REDIRECT] [Fatal Error] :1:1: Premature end of file.
2025-12-09 21:30:16,110 [ERROR] LogOutputStream:75 - [STDERR_REDIRECT] 
2025-12-09 21:30:17,114 [ERROR] LogOutputStream:75 - [STDERR_REDIRECT] [Fatal Error] :1:1: Premature end of file.
2025-12-09 21:30:17,114 [ERROR] LogOutputStream:75 - [STDERR_REDIRECT] 
2025-12-09 21:30:18,103 [ERROR] LogOutputStream:75 - [STDERR_REDIRECT] [Fatal Error] :1:1: Premature end of file.
2025-12-09 21:30:18,103 [ERROR] LogOutputStream:75 - [STDERR_REDIRECT] 
2025-12-09 21:30:19,109 [ERROR] LogOutputStream:75 - [STDERR_REDIRECT] [Fatal Error] :1:1: Premature end of file.
2025-12-09 21:30:19,109 [ERROR] LogOutputStream:75 - [STDERR_REDIRECT] 
2025-12-09 21:30:20,113 [ERROR] LogOutputStream:75 - [STDERR_REDIRECT] [Fatal Error] :1:1: Premature end of file.
2025-12-09 21:30:20,113 [ERROR] LogOutputStream:75 - [STDERR_REDIRECT] 
2025-12-09 21:30:21,113 [ERROR] LogOutputStream:75 - [STDERR_REDIRECT] [Fatal Error] :1:1: Premature end of file.
2025-12-09 21:30:21,113 [ERROR] LogOutputStream:75 - [STDERR_REDIRECT] 
2025-12-09 21:30:22,112 [ERROR] LogOutputStream:75 - [STDERR_REDIRECT] [Fatal Error] :1:1: Premature end of file.
2025-12-09 21:30:22,112 [ERROR] LogOutputStream:75 - [STDERR_REDIRECT] 
2025-12-09 21:30:23,112 [ERROR] LogOutputStream:75 - [STDERR_REDIRECT] [Fatal Error] :1:1: Premature end of file.
2025-12-09 21:30:23,112 [ERROR] LogOutputStream:75 - [STDERR_REDIRECT] 
2025-12-09 21:30:24,112 [ERROR] LogOutputStream:75 - [STDERR_REDIRECT] [Fatal Error] :1:1: Premature end of file.
2025-12-09 21:30:24,112 [ERROR] LogOutputStream:75 - [STDERR_REDIRECT] 
2025-12-09 21:30:25,111 [ERROR] LogOutputStream:75 - [STDERR_REDIRECT] [Fatal Error] :1:1: Premature end of file.
2025-12-09 21:30:25,111 [ERROR] LogOutputStream:75 - [STDERR_REDIRECT] 
2025-12-09 21:30:26,104 [ERROR] LogOutputStream:75 - [STDERR_REDIRECT] [Fatal Error] :1:1: Premature end of file.
2025-12-09 21:30:26,104 [ERROR] LogOutputStream:75 - [STDERR_REDIRECT] 
2025-12-09 21:30:27,103 [ERROR] LogOutputStream:75 - [STDERR_REDIRECT] [Fatal Error] :1:1: Premature end of file.
2025-12-09 21:30:27,103 [ERROR] LogOutputStream:75 - [STDERR_REDIRECT] 
2025-12-09 21:30:28,113 [ERROR] LogOutputStream:75 - [STDERR_REDIRECT] [Fatal Error] :1:1: Premature end of file.
2025-12-09 21:30:28,113 [ERROR] LogOutputStream:75 - [STDERR_REDIRECT] 
2025-12-09 21:30:29,112 [ERROR] LogOutputStream:75 - [STDERR_REDIRECT] [Fatal Error] :1:1: Premature end of file.
2025-12-09 21:30:29,112 [ERROR] LogOutputStream:75 - [STDERR_REDIRECT] 
2025-12-09 21:30:30,112 [ERROR] LogOutputStream:75 - [STDERR_REDIRECT] [Fatal Error] :1:1: Premature end of file.
2025-12-09 21:30:30,112 [ERROR] LogOutputStream:75 - [STDERR_REDIRECT] 
2025-12-09 21:30:31,113 [ERROR] LogOutputStream:75 - [STDERR_REDIRECT] [Fatal Error] :1:1: Premature end of file.
2025-12-09 21:30:31,113 [ERROR] LogOutputStream:75 - [STDERR_REDIRECT] 
2025-12-09 21:30:32,112 [ERROR] LogOutputStream:75 - [STDERR_REDIRECT] [Fatal Error] :1:1: Premature end of file.
2025-12-09 21:30:32,112 [ERROR] LogOutputStream:75 - [STDERR_REDIRECT] 
2025-12-09 21:30:33,113 [ERROR] LogOutputStream:75 - [STDERR_REDIRECT] [Fatal Error] :1:1: Premature end of file.
2025-12-09 21:30:33,113 [ERROR] LogOutputStream:75 - [STDERR_REDIRECT] 
2025-12-09 21:30:34,112 [ERROR] LogOutputStream:75 - [STDERR_REDIRECT] [Fatal Error] :1:1: Premature end of file.
2025-12-09 21:30:34,112 [ERROR] LogOutputStream:75 - [STDERR_REDIRECT] 
2025-12-09 21:30:35,112 [ERROR] LogOutputStream:75 - [STDERR_REDIRECT] [Fatal Error] :1:1: Premature end of file.
2025-12-09 21:30:35,112 [ERROR] LogOutputStream:75 - [STDERR_REDIRECT] 
2025-12-09 21:30:36,113 [ERROR] LogOutputStream:75 - [STDERR_REDIRECT] [Fatal Error] :1:1: Premature end of file.
2025-12-09 21:30:36,113 [ERROR] LogOutputStream:75 - [STDERR_REDIRECT] 
2025-12-09 21:30:37,112 [ERROR] LogOutputStream:75 - [STDERR_REDIRECT] [Fatal Error] :1:1: Premature end of file.
2025-12-09 21:30:37,112 [ERROR] LogOutputStream:75 - [STDERR_REDIRECT] 
2025-12-09 21:30:38,103 [ERROR] LogOutputStream:75 - [STDERR_REDIRECT] [Fatal Error] :1:1: Premature end of file.
2025-12-09 21:30:38,103 [ERROR] LogOutputStream:75 - [STDERR_REDIRECT] 
2025-12-09 21:30:39,106 [ERROR] LogOutputStream:75 - [STDERR_REDIRECT] [Fatal Error] :1:1: Premature end of file.
2025-12-09 21:30:39,106 [ERROR] LogOutputStream:75 - [STDERR_REDIRECT] 
2025-12-09 21:30:40,102 [ERROR] LogOutputStream:75 - [STDERR_REDIRECT] [Fatal Error] :1:1: Premature end of file.
2025-12-09 21:30:40,102 [ERROR] LogOutputStream:75 - [STDERR_REDIRECT] 
2025-12-09 21:30:41,103 [ERROR] LogOutputStream:75 - [STDERR_REDIRECT] [Fatal Error] :1:1: Premature end of file.
2025-12-09 21:30:41,103 [ERROR] LogOutputStream:75 - [STDERR_REDIRECT] 
2025-12-09 21:30:42,103 [ERROR] LogOutputStream:75 - [STDERR_REDIRECT] [Fatal Error] :1:1: Premature end of file.
2025-12-09 21:30:42,103 [ERROR] LogOutputStream:75 - [STDERR_REDIRECT] 
2025-12-09 21:30:43,103 [ERROR] LogOutputStream:75 - [STDERR_REDIRECT] [Fatal Error] :1:1: Premature end of file.
2025-12-09 21:30:43,103 [ERROR] LogOutputStream:75 - [STDERR_REDIRECT] 
2025-12-09 21:30:44,105 [ERROR] LogOutputStream:75 - [STDERR_REDIRECT] [Fatal Error] :1:1: Premature end of file.
2025-12-09 21:30:44,105 [ERROR] LogOutputStream:75 - [STDERR_REDIRECT] 
2025-12-09 21:30:45,113 [ERROR] LogOutputStream:75 - [STDERR_REDIRECT] [Fatal Error] :1:1: Premature end of file.
2025-12-09 21:30:45,113 [ERROR] LogOutputStream:75 - [STDERR_REDIRECT] 
2025-12-09 21:30:46,109 [ERROR] LogOutputStream:75 - [STDERR_REDIRECT] [Fatal Error] :1:1: Premature end of file.
2025-12-09 21:30:46,109 [ERROR] LogOutputStream:75 - [STDERR_REDIRECT] 
2025-12-09 21:30:47,096 [ERROR] LogOutputStream:75 - [STDERR_REDIRECT] [Fatal Error] :1:1: Premature end of file.
2025-12-09 21:30:47,097 [ERROR] LogOutputStream:75 - [STDERR_REDIRECT] 
2025-12-09 21:30:48,096 [ERROR] LogOutputStream:75 - [STDERR_REDIRECT] [Fatal Error] :1:1: Premature end of file.
2025-12-09 21:30:48,096 [ERROR] LogOutputStream:75 - [STDERR_REDIRECT] 
2025-12-09 21:30:49,095 [ERROR] LogOutputStream:75 - [STDERR_REDIRECT] [Fatal Error] :1:1: Premature end of file.
2025-12-09 21:30:49,095 [ERROR] LogOutputStream:75 - [STDERR_REDIRECT] 
2025-12-09 21:30:50,096 [ERROR] LogOutputStream:75 - [STDERR_REDIRECT] [Fatal Error] :1:1: Premature end of file.
2025-12-09 21:30:50,096 [ERROR] LogOutputStream:75 - [STDERR_REDIRECT] 
2025-12-09 21:30:51,096 [ERROR] LogOutputStream:75 - [STDERR_REDIRECT] [Fatal Error] :1:1: Premature end of file.
2025-12-09 21:30:51,096 [ERROR] LogOutputStream:75 - [STDERR_REDIRECT] 
2025-12-09 21:30:51,656 [ERROR] LogOutputStream:75 - [STDERR_REDIRECT] 
2025-12-09 21:30:51,656 [ERROR] LogOutputStream:75 - [STDERR_REDIRECT] 
